from_stop,to_stop,trip_frequency
13358,12910,1224
29483,48363,1057
51284,13103,1010
8756,8757,974
13103,13206,949
14077,14347,921
13227,13032,903
13181,13067,902
22099,16212,880
8757,49466,878
3521,3367,864
9959,8793,861
8793,8794,860
45039,13679,851
14347,13227,834
16212,16195,798
13243,13244,791
13322,29483,783
44465,44466,780
12910,13136,779
8703,8706,778
9524,10659,777
49236,49226,776
3367,3522,772
10659,11446,771
9433,10237,735
49737,8636,731
50385,51284,722
13481,13089,720
8706,8708,716
13032,13120,715
8708,8710,715
8961,8962,713
47982,37251,711
2090,2092,708
13178,13601,703
13575,13572,700
50332,50385,692
24017,24020,690
16195,16196,690
3939,2091,689
13154,13181,672
8707,8705,670
9352,8707,670
13101,38940,670
8705,8704,670
29479,29480,663
1169,17271,660
13204,38947,649
8794,9352,648
24779,14077,648
44590,10514,646
13985,13036,644
359,332,642
13375,13382,639
29336,13358,637
16196,24779,637
16206,16203,634
9644,9645,632
48363,13320,631
47423,47398,631
45038,45041,628
333,358,628
16207,22099,627
13136,29479,627
13632,13322,614
3368,2803,612
12932,13204,610
261,265,608
13582,13575,608
13029,13028,605
9645,9487,604
264,257,603
43288,43285,602
37528,13198,602
3731,17319,600
16203,15639,599
3977,17318,598
17306,35821,598
17319,17306,598
35822,35823,598
13290,13985,597
13565,13664,595
24020,13371,595
8710,8756,591
49372,14206,591
8671,8672,589
10109,8671,589
25135,25132,588
13207,13290,585
1144,1170,581
43285,43275,575
17318,35822,573
36097,2409,572
3812,3894,572
41237,12900,567
9884,10136,564
16205,16202,564
13174,13043,563
17271,1124,559
12952,39962,557
15564,21475,557
10716,47982,556
15563,15564,555
10628,10492,552
25405,15816,551
36098,37207,550
9485,9623,549
45040,45039,549
10237,10628,548
43271,13496,548
37207,3815,548
10733,9434,546
13341,13037,543
13694,45040,540
37785,49737,540
29623,24021,540
37251,10644,538
29432,13174,537
11574,10789,535
9652,9644,532
9699,9659,527
9659,11899,527
10004,9699,527
21475,24738,526
10222,10313,526
10221,10222,526
10220,10221,526
44444,10220,526
13111,13228,525
48640,49236,525
13030,13241,525
13067,13179,524
13332,50332,523
13679,13129,523
13652,13033,519
29322,12932,519
7353,7354,517
17277,35825,509
12969,13082,508
13240,13247,508
50501,50498,508
15639,16205,506
3611,17277,505
12890,37528,504
44307,13088,503
13206,48640,503
10757,8617,503
10514,10775,502
10313,10653,501
10653,11450,501
35821,17317,500
8697,8801,500
7378,7379,499
7377,7378,499
8699,8700,499
3894,36097,498
8696,8697,498
13371,13375,498
13354,13154,496
8681,8679,496
8679,8677,496
13404,43288,494
8801,8699,494
11785,10716,494
13382,13404,493
14349,13145,492
8693,8694,492
2500,3899,492
8694,8695,492
43294,48644,491
10165,10263,491
8674,8675,490
8688,8689,487
8806,8687,487
43792,8806,487
8689,8690,487
8687,8688,487
44699,44431,487
1188,1169,487
42863,13523,486
8673,8674,486
13554,47438,485
13838,13835,484
8718,8719,484
8719,8720,484
8720,8721,484
23908,23923,484
47438,44465,482
8690,8691,482
16199,16207,482
8721,8722,482
2092,3108,480
16062,16063,480
3234,3953,479
8695,8696,479
50503,13055,479
49938,13582,478
8676,8678,477
8678,8680,477
50498,50503,476
8722,8723,476
8723,8724,476
8724,8725,475
262,261,474
24734,24850,473
43853,43849,472
8691,8800,472
8800,8693,472
43852,43853,472
29477,14045,470
8936,10464,468
11585,11573,468
3732,3733,467
24660,13419,467
9501,9502,466
13607,13603,465
9724,37256,465
8682,8683,465
37256,9725,465
9725,9524,465
48438,49210,464
10263,9884,464
8725,40027,464
16209,16206,463
13322,29322,463
1283,3935,462
13081,13162,462
8405,9529,462
9529,11585,462
14054,12898,461
7379,7380,461
3953,2655,461
43849,9501,461
10111,10113,461
12959,13178,460
24217,16209,460
8683,8684,460
13206,48438,460
10715,11785,459
7373,7374,458
7372,7373,458
7374,7375,458
274,35290,458
13979,13285,457
2402,3870,457
3938,3884,456
9623,9700,456
13494,14342,455
13112,12981,455
257,44699,455
8614,10715,455
2443,2047,454
2655,1914,454
9504,9505,454
9503,9504,454
44963,44960,453
14043,14356,452
9435,9054,452
13345,14043,450
48644,13372,450
8662,8836,449
8835,8662,449
8664,8835,449
9527,9661,449
13199,13332,449
8836,8658,449
16202,16198,448
3733,2443,448
8658,8656,448
8656,8654,448
12999,13095,448
1191,1184,447
11446,9526,447
7354,7355,447
12900,44307,447
13285,13249,445
44466,14319,445
10323,9621,445
7320,8404,445
9621,9695,445
13161,13081,445
13241,13243,445
13082,13161,445
18066,18041,444
13583,13565,444
49997,7320,442
9661,49997,442
25091,12884,442
8648,8646,441
10784,10785,441
13321,13632,441
43847,43850,440
8652,9450,439
9450,8648,439
3935,1285,439
8654,8652,439
23998,23994,439
8977,8730,439
25544,25545,439
8730,10394,439
1285,3938,438
47119,10226,438
13204,13354,438
16419,16417,438
43850,43851,438
10458,37732,437
25133,25134,437
8653,8655,437
8655,8657,437
8657,8659,437
8659,8661,437
43851,43848,436
13484,13481,436
2179,1469,436
13075,13512,436
11833,9954,436
8758,11833,436
2083,3940,435
13103,48415,435
13946,13220,435
25132,25133,434
2127,2128,434
13442,43283,433
1187,1188,432
21595,21474,432
8651,8653,431
10712,8647,431
49226,51270,431
8649,8651,431
10029,8762,430
3108,2127,430
2115,2140,430
14081,14008,430
8760,10029,430
8762,8763,430
3940,2088,429
2129,2130,429
2128,2129,429
2130,2124,429
2140,2141,428
2476,2500,427
3852,3181,427
8764,8765,426
11792,34269,426
1141,1144,426
13089,50499,426
2025,2027,426
34269,9574,425
3512,3858,425
3626,2142,424
8661,11864,424
2141,3626,424
13052,14104,424
2437,2025,424
14339,37528,424
24155,24660,424
9505,43847,423
43593,40885,423
10644,8960,423
8647,8649,422
13429,13178,421
41234,10848,420
47411,10742,420
10452,8936,420
43275,43271,419
12973,13053,419
43486,24006,419
10149,10239,418
12945,48403,418
10238,10149,418
1170,1191,417
48363,13204,415
8702,8815,415
7375,7376,415
13615,13617,414
13617,13610,414
25593,25594,414
13178,14595,414
14021,14040,414
23913,23937,413
8701,8702,413
7376,7377,413
8700,8701,413
10150,10241,413
12898,24217,413
13733,13067,412
10239,10150,412
12878,45038,412
13274,12963,412
4860,18229,412
356,354,411
1267,3860,411
10710,10626,411
8962,10720,411
45041,44589,411
1249,3854,410
18229,4861,409
2072,3512,409
4861,4858,409
13773,13785,409
2175,3852,408
38940,13199,408
22259,22260,408
25274,25273,407
3962,1863,407
12885,12828,406
13120,13101,405
47442,47423,405
3858,3975,405
9445,44963,405
10720,10721,405
14477,13101,405
3854,2175,404
13033,13561,404
13053,13090,404
12981,12969,403
35823,3732,403
10700,10243,403
29310,13322,403
13368,13370,403
13370,13388,402
29401,14325,401
291,290,401
1893,1869,400
24404,24401,400
1892,1893,400
24401,24400,400
13055,13111,399
13036,14054,399
9546,48664,398
13602,13606,398
13606,13609,397
1914,1892,396
13228,13574,396
1461,2359,396
13244,49372,396
21186,21184,395
26684,26669,394
8811,8812,393
25922,25923,393
13372,29623,393
10402,10168,392
10317,10655,392
10315,10654,392
10654,10316,392
10316,10317,392
16373,16376,392
13512,50497,392
38947,13730,392
9027,9028,391
9026,9027,391
10226,10716,391
12815,13263,391
23937,21940,391
24151,24149,391
29339,29340,391
9024,10947,390
16371,16375,390
10790,10791,390
10947,9025,390
2117,2151,390
2088,1283,390
2116,2117,389
10372,8807,389
2071,2072,389
10456,10457,389
16376,16371,389
8799,10372,389
2144,2116,389
9025,9026,388
9484,8961,388
21184,5085,388
13179,13208,388
24053,24055,387
13249,13250,387
8819,8820,387
23968,23970,387
8814,8802,387
8802,8803,387
13143,12893,387
8812,8813,387
10228,8811,387
8813,8814,387
8820,8821,386
23970,23974,386
9487,9484,386
10655,10318,385
18085,18066,385
13028,13245,384
8804,10229,384
302,291,384
8803,8804,384
13245,14081,384
8805,43794,384
10229,8805,384
3974,2381,383
2428,2429,383
8808,8809,383
8807,8808,383
8809,10228,383
9658,9749,382
1848,1842,381
15817,25405,381
9381,9382,380
13954,13201,380
277,274,380
1435,1436,380
2124,2118,379
13043,13120,379
43274,43284,379
25923,25924,379
621,591,379
7382,7383,379
2429,3090,379
3920,1435,379
13330,13140,379
29480,13103,378
13220,13153,378
10775,10757,378
10789,9553,377
13348,13221,377
23270,24296,377
9181,10515,376
16063,22259,376
1436,1437,376
10683,11610,376
17506,35849,375
14104,14101,375
309,307,374
9481,9433,374
22804,16034,374
24767,21507,374
9533,11266,373
49354,10786,373
43283,43281,373
10264,10225,373
8939,8940,373
8940,8941,373
29450,29401,372
2626,1982,372
35849,2627,372
9384,9385,372
13572,13570,372
43281,43280,371
13130,12987,371
1437,3910,371
3910,3908,371
13095,13130,371
3916,3931,371
1948,1949,371
1949,1950,371
2583,2363,371
13237,14339,369
13092,13000,369
7364,7365,369
7365,7366,369
10786,9589,369
18195,21062,368
21062,4806,368
48415,48640,368
4806,4203,368
13419,13421,368
2360,3422,368
7367,7368,367
7366,7367,367
7368,7369,367
14031,14021,367
3815,3611,367
2142,2144,367
50497,13540,367
38940,13026,367
13063,13627,367
13202,29399,366
15908,15878,366
9589,9485,365
24756,24765,365
14344,14027,365
43282,13440,365
10791,10792,364
18117,18110,364
26689,40150,364
2364,2360,364
13636,13143,364
12816,12837,364
6611,18158,363
20265,6611,363
18116,18117,363
9023,9024,363
8938,8939,363
2859,2145,363
2145,2146,363
13560,13565,363
44961,44962,362
1900,1915,362
1899,1900,362
265,269,362
29490,13670,362
13427,49697,362
4598,4566,362
15557,15558,362
307,302,362
2146,2147,361
8074,8614,361
9564,9546,361
2147,2139,361
24014,24030,361
13670,13683,361
38947,13354,361
1872,1873,360
1873,1899,360
8726,11832,360
35049,35591,360
11832,9959,360
7370,7371,360
2558,1872,360
324,320,360
24036,24038,360
1860,1861,360
13603,42863,360
13241,13242,360
40638,40637,359
15235,292,359
29383,29378,358
24003,24013,358
24033,24003,358
21940,43486,358
35591,35435,358
13242,13243,358
18428,18429,357
269,270,357
29399,29588,357
35825,3812,357
8672,8673,357
44470,51963,356
50639,13494,356
1097,1077,356
283,15235,356
1863,2558,356
29506,13119,356
9712,9429,356
51368,9399,356
1784,1849,356
29355,40638,356
22260,22261,355
12910,13734,355
51963,44471,355
8863,9022,355
41132,11234,354
13523,13501,354
3952,2167,354
2381,1267,353
13108,50639,353
1448,3909,353
20642,18085,353
16375,16374,353
9022,9023,353
24722,15696,353
29474,29477,352
7349,7530,352
13267,12978,352
2114,2119,352
44412,44408,352
2167,2170,352
13719,44687,351
17505,2143,351
7396,7397,351
25107,22309,351
90,15817,351
13724,13719,350
8645,10712,350
28637,26131,350
51641,13237,349
7397,7398,349
13122,12952,349
2567,3563,349
23974,24053,349
16006,21317,349
9434,9435,348
13718,13723,348
10032,8764,348
8763,10032,348
8713,10031,347
8712,8713,347
8711,8712,347
13129,13588,347
8715,8717,347
48080,13595,347
13247,13207,347
10031,8715,347
3228,1848,347
15431,15432,347
13640,13643,346
2434,2499,346
292,303,346
44408,44406,346
23883,23884,346
8824,8825,345
13658,13652,345
3909,3913,345
3913,3912,345
3912,3914,345
282,277,345
15433,15434,345
15816,23415,344
15432,15433,344
15434,15435,344
8827,10069,344
3914,3921,343
9684,9457,343
13588,49938,343
45042,10784,342
44406,44403,342
9814,8827,342
38939,14346,342
9523,9425,342
8064,43882,342
49210,13362,341
2238,2236,341
24131,24177,341
13198,13926,341
13226,48438,341
2240,2238,341
13723,13733,341
14346,29370,341
15593,22825,341
24237,42514,340
25938,25939,340
24134,24136,340
47398,13075,340
8636,10790,340
35834,3977,340
14205,13029,340
35837,35501,340
13431,13433,339
43882,39522,339
35053,8470,339
9749,10004,339
35790,35834,339
10449,8975,339
13926,13330,339
9954,8760,338
13140,13207,338
9423,9636,338
11026,11031,338
13088,13087,338
13433,13435,338
10241,10700,338
23923,23917,337
13435,12812,337
35170,275,337
46240,23110,337
4671,4596,337
14104,13205,336
3158,35623,336
24660,24157,336
3016,3158,336
8646,8644,336
13362,14370,335
9810,11877,335
2118,2115,335
21368,46923,335
11877,9811,335
43284,14535,335
15715,23297,335
13067,29339,335
2158,2159,335
23297,15863,334
14032,14029,334
16324,16331,334
13320,51641,334
11805,40024,334
7381,7382,334
3970,3612,333
2021,2022,333
46254,10357,333
43291,43294,332
14535,43291,332
15594,24279,332
1644,1645,332
16281,25267,332
3372,3521,331
13509,13164,331
15696,23964,331
13212,13358,331
13138,12984,330
47406,12878,330
1869,1862,330
46923,22085,330
9054,37785,330
8663,9443,329
9443,8851,329
12984,12985,329
50937,51564,329
8949,8950,329
26872,40151,329
10514,40026,329
29342,13341,329
8732,11738,328
3033,2008,328
2564,2007,328
2007,3033,328
18040,18058,328
2008,1959,328
40151,26684,328
13572,13567,328
1246,1247,328
2499,2564,328
21369,46240,328
12858,13635,328
3612,2171,328
13683,13688,328
2080,2755,328
24030,24036,328
11511,10733,327
25273,22099,327
13688,14472,327
23316,23257,327
18058,18078,327
8642,8645,327
10119,8642,327
9973,9456,327
8619,9697,326
8941,11561,326
25134,15872,326
13033,13562,326
8668,8824,326
366,356,326
13474,13469,326
10644,8961,326
13596,13675,326
745,24402,325
15863,15865,325
8636,50399,325
12978,13773,325
11446,10238,325
13389,13369,325
24402,24403,325
39962,29483,324
11292,47411,324
13145,14126,324
2657,1187,324
8765,9959,324
11724,11497,324
23298,23299,324
11497,10101,324
7350,7351,324
7351,7352,324
16894,23116,323
23115,16894,323
42654,40899,323
358,599,323
11864,8663,323
4162,4860,323
25596,25597,322
10746,9469,322
9469,11637,322
41240,41241,322
15355,15413,322
26328,25596,322
7345,7346,322
23116,23117,322
10446,11724,322
16278,16181,322
41244,41240,322
7491,7345,322
13113,13128,321
368,366,321
371,368,321
2091,2084,321
13562,13554,321
372,371,321
13359,49981,320
506,333,320
15611,15612,320
41163,41171,320
29398,13359,320
4566,4854,320
1469,3915,320
3370,2863,319
8755,8756,319
2803,3370,319
4854,47851,319
13445,43282,319
10681,10711,319
10477,10465,318
9414,10335,318
8644,8643,318
9697,10642,318
10465,11715,318
8643,8641,318
8815,47119,318
22076,22078,318
7608,7609,318
8667,8664,318
10642,10643,317
44471,12862,317
13422,13420,317
40026,9181,317
25078,48870,317
23872,25135,317
13421,13256,316
10371,8799,316
21872,13429,316
13170,13163,316
9694,10325,316
29343,29344,316
44464,44470,316
10444,10445,316
10742,10748,316
8797,10370,316
21474,15563,316
43698,36980,316
10370,10371,316
7609,7610,316
13488,47424,315
35435,35047,315
10464,8938,315
13664,29490,315
47424,44468,315
24157,22817,315
10990,10996,315
13448,13445,315
2159,3487,315
3487,2149,315
2709,2731,315
40027,8726,315
24279,16199,315
2863,2709,315
9584,9375,315
1184,1168,315
35060,8486,315
7566,36929,315
48932,11448,315
11551,34166,314
25549,25550,314
13246,24763,314
12829,12886,314
11880,11551,314
17444,2719,313
9660,9723,313
2719,3020,313
3020,2732,313
2731,17444,313
44468,44464,313
23925,23935,313
10326,10324,313
34166,34168,313
3532,3229,313
10325,10326,313
24136,15700,312
11738,8733,312
11480,9524,312
15700,24143,312
13388,13391,311
4590,4500,311
2149,2859,311
13794,13800,311
11715,11562,311
7371,7372,310
13488,44467,310
13897,13889,310
12988,13083,310
4150,4506,310
15612,15613,310
10588,9560,309
10661,9660,309
1247,2402,309
13473,13476,309
4166,4164,309
42777,264,309
13391,13442,309
7369,7370,309
44467,44468,308
44468,13556,308
11742,10123,308
24763,24167,308
24055,24037,308
13595,13597,308
24086,24158,308
43280,13449,308
8404,11480,308
13627,12999,307
13786,13774,307
44469,44465,307
374,372,307
50499,13509,307
25978,25979,307
16824,25107,307
21037,4857,306
320,309,306
13487,13488,306
7380,7381,306
1109,1097,306
9700,10647,306
11450,9527,306
13126,13118,306
29349,29336,306
10123,10124,306
3335,1784,305
13618,13615,305
48403,48080,305
1780,3335,305
3526,3254,305
41239,41243,305
9539,9552,305
41242,41239,305
24083,24158,305
11899,10661,305
13679,13127,305
7360,7361,304
13058,13059,304
51615,18141,304
17557,18428,304
7362,7363,304
7361,7362,304
11799,11510,304
24156,24154,304
13496,47442,304
13931,13929,304
14047,13152,304
13203,13240,304
13320,12890,303
13263,12830,303
36929,42126,303
29568,13229,303
13366,13368,303
49226,13277,302
16363,16281,302
13229,29398,302
15697,16419,302
12925,13629,302
9586,11799,302
14549,42859,302
10460,10458,302
7477,7478,302
13581,13589,302
7478,7349,302
41022,262,301
9988,9891,301
29352,14056,301
43372,28671,301
25352,15694,301
13198,12916,301
13800,13112,301
14342,43274,301
43743,41022,301
23972,25352,300
25543,25544,300
7561,23075,300
10353,11496,299
23991,23914,299
12997,13580,299
9695,9342,299
13590,13596,299
4164,4162,298
8487,7516,298
13206,12951,298
38642,22966,298
21472,24787,298
13164,29514,298
2233,2239,298
1397,1365,297
1906,1851,297
18082,20843,297
9812,11622,297
3588,2172,297
24071,21528,297
10742,9445,297
10492,11511,297
1851,35853,297
10739,9395,296
22078,15255,296
13003,12950,296
42546,324,296
12830,12885,296
13039,13040,296
13207,13979,296
3884,3877,296
12962,12979,296
16181,16279,296
2172,3970,295
9429,10710,295
12951,12997,295
42024,41955,295
18110,19471,295
23975,23971,295
2627,2654,295
40636,40639,294
14370,13019,294
10012,10739,294
5712,5713,294
1859,3233,294
49946,13091,294
25550,25551,294
4596,17557,294
14207,14202,293
13158,13156,293
10765,8828,293
23971,23969,293
51281,23104,293
15645,15844,293
21588,21589,293
25083,15464,293
47398,13122,293
11793,10588,293
15464,48701,293
48701,15405,293
12946,13239,293
5313,5314,293
48719,14094,292
25551,15355,292
10114,10112,292
14092,48719,292
23931,23908,292
290,282,291
13067,13751,291
18141,18155,291
43393,9812,291
13701,13703,291
9432,11574,291
13703,13739,291
10972,10979,291
23969,23967,290
9574,10519,290
33862,29432,290
24400,24398,290
13785,13787,290
7557,7546,290
825,23357,290
13585,13583,290
2504,16988,290
8991,8992,290
13743,13744,290
3918,3916,290
2329,2504,290
2328,2329,290
2331,2328,290
23299,48703,289
13675,45038,289
303,308,289
17317,35835,289
18078,18082,289
21470,21471,289
15558,23307,289
8950,10735,289
23257,25091,289
4509,4511,289
3336,1783,289
1782,3336,289
1842,1782,289
44263,43698,288
10658,10036,288
11632,10587,288
15429,15430,288
10780,9893,288
23376,15594,288
25548,25549,288
13496,50501,288
10053,10658,288
7575,7576,288
13744,13747,288
9029,9030,288
13643,13645,287
47451,11880,287
11850,9973,287
10714,10724,287
29370,13287,287
3877,3878,287
10588,50937,287
4963,4964,287
25545,25546,287
42558,10972,287
8131,8132,287
2139,2114,286
9824,9825,286
1849,3521,286
9825,9408,286
12920,14349,286
35623,2331,286
50485,14607,286
2079,2620,286
48297,1228,286
7576,7577,286
1645,1656,286
22964,16824,286
13601,29310,286
13843,13953,286
8993,8994,285
25277,25275,285
42830,2083,285
8994,8995,285
8992,8993,285
12900,14316,285
29482,13246,285
14052,14044,285
15869,23869,285
10168,11576,285
13361,13215,285
2052,3588,285
12834,45039,284
35773,35802,284
50932,11742,284
35772,35773,284
13850,13851,284
24427,24425,284
13567,38952,284
4964,4671,284
8114,8410,284
15625,22964,284
15866,15869,283
10735,8952,283
15868,15855,283
4674,19615,283
5316,5317,283
42785,359,283
7343,7344,283
23869,23885,283
48906,48894,282
11454,10692,282
13846,13850,282
7577,7578,282
2920,1858,282
2256,2253,282
48898,48906,282
3290,2920,282
3233,3526,282
10351,10352,282
10692,10353,282
2253,2254,282
10724,10351,282
10352,11454,282
3090,2427,282
2356,3869,282
8684,8832,281
11744,11884,281
51270,37040,281
35852,16978,281
13793,13794,281
16978,35851,281
15855,15845,281
21476,21880,280
14025,14030,280
13215,13274,280
13921,13936,280
27624,43750,280
10116,11479,280
10335,8949,280
14564,13717,280
13639,13133,280
43750,27646,280
13801,13846,280
24738,21476,280
12930,29424,279
15413,15414,279
18155,19379,279
13936,13938,279
13128,13062,279
22079,16892,279
48900,48917,278
1959,2428,278
3821,2804,278
5165,4509,278
28915,27624,278
13938,13959,278
7352,7353,278
48915,48903,278
8680,8614,278
8677,10109,278
48917,48915,278
2040,2042,278
2091,2085,277
35850,2626,277
13049,13100,277
25840,25838,277
7548,7657,277
2043,2438,277
7657,7547,277
2042,2043,277
18146,19361,277
13214,13103,277
23954,23952,277
14030,14031,277
34452,34450,277
1228,1222,277
19471,20642,277
13218,13907,277
11616,10035,276
13329,12990,276
12884,12838,276
19379,18193,276
12824,12827,276
9727,9590,276
11496,11477,276
12998,13226,276
7398,7418,276
15529,15619,276
2438,2439,276
7405,7429,276
8457,7910,276
7550,7548,276
7418,7404,276
7404,7405,276
5713,5714,276
14026,14343,275
23075,23076,275
10785,49354,275
7347,7608,275
2439,2882,275
7344,7491,275
13714,13712,275
14018,14017,275
7346,7347,275
18199,21080,275
14022,14018,275
25594,26328,275
13720,13714,275
858,24404,274
21880,12959,274
10035,10002,274
23112,21393,274
2427,3234,274
3917,1446,274
10702,10151,274
10151,10152,274
13439,13604,274
10152,36798,274
3915,2583,273
7429,7430,273
5711,5712,273
25267,15803,273
50385,13636,273
12985,13770,273
3815,2040,273
3437,3735,273
275,280,273
18158,18146,273
25926,25927,273
9562,9523,273
9409,9562,273
13087,13030,273
34169,11873,273
11576,10121,273
3869,2357,273
8641,8639,272
9954,8718,272
332,506,272
2357,3803,272
23964,23968,272
10002,10700,271
13628,13272,271
2738,2733,271
15844,90,271
2244,2255,271
2243,2244,271
10519,9820,271
18121,51615,271
10243,10117,271
10117,10111,271
23953,25353,271
5710,5711,271
24059,24071,271
13770,13793,271
8491,8490,271
280,283,271
15428,15429,271
10192,9428,270
8490,8489,270
48512,50356,270
12823,14549,270
9456,9388,270
13419,33841,270
13717,13694,270
24783,24059,269
21471,21472,269
35456,35829,269
25134,50260,269
13642,13641,269
9388,9683,269
24088,24091,269
1960,3163,269
3077,1877,269
10318,11449,269
13272,13225,269
1961,1962,269
1962,1963,269
3163,1961,269
48933,10532,268
3690,3372,268
21097,18199,268
25657,25712,268
355,48478,268
13354,13181,268
2395,2402,267
4635,4565,267
14613,23925,267
24167,16006,267
3254,3690,267
9914,8870,267
14100,14349,267
24114,24116,267
8830,8831,267
35829,35460,267
9028,10990,267
9636,10165,267
13096,13232,267
24054,23975,267
10685,10452,266
12855,12852,266
13669,13658,266
8831,9994,266
2755,2090,266
13591,13581,266
47934,48515,266
367,369,266
48478,367,266
33841,13413,266
23861,23865,266
4200,18235,266
8960,9433,266
13597,47406,266
10591,11070,265
1963,2560,265
23193,15557,265
23940,23942,265
51387,48513,265
11266,11270,265
25275,25274,265
48664,9547,265
9483,9481,265
13226,48363,265
44589,13718,264
3932,3917,264
35459,35458,264
2143,35790,264
24038,24054,264
12838,12815,264
14046,29353,264
9848,9844,264
1365,1256,264
24021,772,264
11448,11475,264
11475,11519,264
3181,3870,264
13684,13669,264
9385,9584,264
7357,7358,264
7356,7357,264
11519,10621,264
16217,16218,263
42514,14297,263
2472,2240,263
24425,24423,263
13608,13616,263
48438,49236,263
10953,10956,263
9730,11792,262
15796,15867,262
50502,50500,262
8493,8491,262
15435,16062,262
16220,16217,262
13616,13614,262
41050,41049,262
13561,13582,262
14029,13339,262
24160,24151,262
3911,1448,262
1271,42830,262
24423,24422,262
24861,24767,261
369,370,261
9849,9850,261
1931,1932,261
24072,24061,261
7359,7360,261
9843,9849,261
9487,9483,261
35460,47854,261
41545,42125,261
42125,35592,261
13916,13921,261
18041,17995,261
13449,13473,261
7358,7359,261
9836,9843,261
13644,13642,261
35458,35457,261
18912,4173,260
10136,9586,260
8744,8745,260
44472,13649,260
44473,44472,260
13580,13591,260
42807,42811,260
24061,24058,260
2786,2316,260
40026,40778,259
11032,11027,259
23999,43486,259
4655,4971,259
3908,1440,259
13540,13483,259
15255,16891,259
13438,13436,259
16891,22079,259
9457,9633,259
21145,4963,259
10792,10356,259
1256,48297,258
601,333,258
24150,24159,258
9424,9421,258
11928,9503,258
13182,12898,258
8733,9564,258
3368,3228,258
5085,18370,258
47855,35459,258
21507,15616,258
27646,25833,258
9445,44960,258
15430,15431,258
24177,21821,258
13062,13092,257
9851,9848,257
321,323,257
319,321,257
13260,13834,257
9276,9284,257
5266,5268,257
13649,44469,257
11904,10058,257
10058,9285,257
9850,9851,257
24666,15625,257
2560,2561,257
9285,41396,257
41396,9276,257
12831,12818,257
13635,13329,257
16214,16220,257
47016,46976,257
44265,44263,256
9892,9986,256
10775,40026,256
9382,9684,256
2022,2437,256
10792,8681,256
13939,13140,256
13277,29482,256
13574,13581,256
43698,36985,256
267,203,255
19396,19616,255
8995,8996,255
2047,2028,255
14079,14078,255
2409,3971,255
13432,13430,255
24006,24012,255
13436,13432,255
13085,14472,254
13307,13085,254
13308,13307,254
7386,7387,254
370,373,254
23122,23123,254
8728,8969,254
9492,10703,254
48360,9492,254
1991,17301,254
24755,24666,254
12844,12843,254
381,385,254
9796,9803,254
9871,9873,254
9603,9402,254
13734,13724,254
36985,38872,254
9963,9871,254
9441,10366,254
9284,9441,254
10068,9963,254
13129,13587,254
38868,36984,254
1446,3911,254
51863,25087,253
12987,13056,253
41132,11734,253
21375,21607,253
15678,50466,253
13960,13958,253
13958,13937,253
2084,2079,253
23965,23954,253
12862,13308,253
23864,23860,252
7530,7350,252
10722,11574,252
15867,15531,252
34707,8126,252
3308,3032,252
44248,44252,252
50468,25083,252
34966,7477,252
35290,249,252
8704,44961,251
10225,8797,251
9990,9892,251
11573,9724,251
49989,49988,251
24251,24240,251
24284,23322,251
323,353,251
13390,13389,251
51271,13029,251
9342,34238,251
1424,1449,251
385,724,251
9372,10779,251
1417,1424,251
16329,23376,251
13306,13689,251
13849,13845,250
49210,49212,250
10747,10639,250
13937,13935,250
49212,13042,250
9502,8857,250
14295,14293,250
10457,11612,250
15531,15722,250
13885,13838,250
13845,13802,250
2027,3731,250
44687,13694,250
16277,16182,250
40643,22099,249
13524,42862,249
13440,13390,249
5242,5243,249
14807,14765,249
9547,9312,249
46717,47094,249
250,35170,249
13059,50385,249
13250,13286,248
2855,3308,248
2054,2055,248
3032,2054,248
1456,1447,248
8743,8744,248
25588,25589,248
29514,13499,248
16478,16480,248
16180,16277,248
51965,10456,248
11770,11771,248
43957,49397,248
7588,8495,248
10334,9412,248
13918,50332,248
2916,1324,248
39523,43880,248
22477,22478,248
3075,1996,247
5241,5242,247
13038,29352,247
42762,1780,247
29365,29366,247
270,621,247
2540,2883,247
3371,43460,247
1946,2540,247
15616,24768,247
11931,25881,246
49901,49877,246
34631,34336,246
14507,13474,246
27622,28915,246
24784,33941,246
24113,24119,246
8828,9810,246
14508,14507,246
13842,13927,246
13239,13713,246
13843,13954,245
7487,7486,245
23994,23991,245
25080,15460,245
11234,11734,245
3074,2057,245
1124,1109,245
13610,13607,245
8495,38908,245
25883,26308,245
11610,8639,245
8639,37785,245
25288,16686,245
47843,23363,245
13090,13203,245
2056,3074,245
9339,9539,245
24135,24717,245
7559,7561,245
12828,12982,245
3353,2531,245
49397,44531,245
15723,15794,245
44531,41215,245
9412,9712,245
5240,5241,245
25279,25276,244
13923,13918,244
24239,24250,244
2816,3557,244
541,537,244
25881,25882,244
16036,15683,244
13569,13228,244
622,48959,244
13250,13345,244
13927,13923,244
13256,13257,244
24424,24426,244
3557,3354,244
3354,2415,243
50374,50377,243
25839,25840,243
23357,44249,243
3860,2855,243
50377,50376,243
24143,21872,243
12915,13132,243
9430,9431,243
3971,2052,243
2085,1271,243
34632,34630,243
8818,8819,242
9030,9031,242
8975,8976,242
3019,2623,242
2706,3019,242
33943,90,242
13037,13038,242
11479,10702,242
9816,9817,242
15405,25078,242
5617,5618,242
9815,9816,242
10037,10054,242
10776,9181,242
24421,24424,242
2803,3486,242
10054,10055,242
9891,9815,242
4565,4668,242
3719,2470,241
3422,3532,241
2415,2837,241
21552,24155,241
1855,1853,241
1853,2056,241
26215,25543,241
1440,3918,241
13840,13843,241
24398,24395,241
24743,24178,241
13722,13733,241
25576,25577,241
25574,25576,241
26018,25574,241
25573,26018,241
9893,9564,241
16517,16518,241
13713,43652,241
16516,16517,241
13685,13692,241
43652,13722,241
15606,25136,241
48959,541,241
354,42546,241
5618,5619,241
3828,2604,241
1858,1854,240
10847,43801,240
24092,24089,240
9046,44961,240
13120,12900,240
3816,36098,240
14094,13183,240
13835,12855,240
12818,12816,240
1854,1855,240
42811,1294,240
13836,13840,240
9373,9377,240
2232,2230,240
9377,9381,240
10775,44961,239
44413,23115,239
14364,29416,239
42786,355,239
13813,12829,239
23952,24450,239
24253,24251,239
2202,2203,239
14836,14807,239
2050,2572,239
43751,25878,239
16518,16520,239
24011,24023,239
27647,43751,239
27814,27815,239
13193,12930,239
43460,50436,239
2203,2211,239
2624,17440,239
2864,2865,239
8976,8977,239
2865,3369,239
28231,26883,239
9817,9995,239
2623,17443,239
17440,2864,239
24396,24397,239
2188,2209,239
2211,2188,239
17443,2624,239
25585,25586,238
40899,42777,238
16850,23193,238
1773,1772,238
10237,10746,238
16403,16282,238
50398,47982,238
44960,8703,238
21317,24734,238
4859,21009,238
48515,48512,238
26846,27647,238
2578,3955,237
10049,9837,237
9840,10049,237
18452,21186,237
8410,8115,237
5708,5709,237
19086,18004,237
9837,10045,237
10048,9840,237
2230,3719,237
10996,10591,237
13219,13258,237
41216,41214,237
13244,48911,237
16386,25215,237
13205,13766,237
2057,2071,237
13238,12903,237
41214,44530,237
44530,49401,237
2267,2582,236
10956,42558,236
26335,25975,236
12889,13725,236
13162,13267,236
20843,18099,236
13256,13431,236
1856,1857,236
1852,1856,236
2055,1852,236
2582,35625,236
26469,25986,236
15292,15297,236
22478,22756,236
2266,2267,236
11455,10678,236
24037,24033,236
21818,24743,236
39522,36930,236
13942,13946,236
15297,15300,236
22756,24766,236
25264,23380,235
23380,16324,235
1222,1197,235
7602,7603,235
13919,50332,235
9841,9845,235
13367,13365,235
8388,7602,235
2837,1773,235
29368,14052,235
25656,26138,235
13835,12826,235
26138,25657,235
3931,1249,235
49933,49946,235
11910,9593,234
36930,7313,234
7313,35436,234
7395,7353,234
11622,9814,234
11726,11744,234
9995,9826,234
2092,2093,234
14080,14090,234
9845,9846,234
12841,12834,234
24178,24129,234
24005,23998,234
13117,13360,234
9006,9007,234
18099,18108,234
24850,21318,234
24397,745,233
1057,1052,233
7499,7500,233
7653,7499,233
13741,13738,233
25073,23256,233
2170,2053,233
13476,13479,233
29360,14075,233
8614,8682,233
15406,25086,233
7500,7502,233
25086,15473,233
10643,10733,233
10678,9727,233
49559,4598,233
9007,9008,233
37466,2756,233
7502,7503,233
8862,10844,233
9633,10460,233
12826,13829,233
15460,51863,233
9515,9520,232
10051,9847,232
9019,9020,232
9846,10050,232
35436,7535,232
11478,8733,232
7391,7490,232
4133,1495,232
51360,9411,232
7390,7391,232
14356,14026,232
7389,7390,232
51635,13636,232
13201,13934,232
9520,9521,232
10050,10051,232
19295,18815,232
22825,23596,232
26883,26872,232
9020,10851,232
48082,13226,232
10851,9021,232
51553,35302,232
44302,23998,232
25921,25922,232
9847,9842,232
13120,41237,232
14143,14140,232
11851,51360,232
13258,13348,232
3804,2665,232
44402,44405,231
10721,9445,231
16189,16190,231
16190,23217,231
9564,11910,231
1495,1480,231
20484,3193,231
3373,17200,231
13589,13590,231
40637,13088,231
34630,34452,231
29358,14080,231
13179,13096,231
2695,3804,231
4855,21145,231
1047,1043,230
18387,18386,230
15717,15533,230
2017,2018,230
29346,29474,230
1930,1934,230
4857,4674,230
24345,601,230
7355,7396,230
1432,1422,230
1447,1432,230
43744,14667,229
13199,13123,229
9834,10044,229
13710,12833,229
1982,3075,229
9835,9834,229
51564,10192,229
37608,37607,229
9866,10224,229
11771,10237,229
25354,21807,229
24149,21868,229
13000,13628,229
14125,13052,228
13134,29371,228
9826,10614,228
12851,13742,228
554,550,228
24109,21820,228
24111,24109,228
12865,12851,228
27819,28512,228
12843,13836,228
13067,24659,228
27831,11969,228
1052,1047,228
28512,27831,228
308,319,227
13026,13199,227
13739,13743,227
253,258,227
16282,16283,227
35404,25573,227
14090,29360,227
12887,12814,227
44403,10960,227
9683,9384,227
12854,13260,227
1861,1868,227
14008,12973,227
2654,3038,227
2358,1461,227
35046,35048,227
10952,10953,227
13636,12946,227
4173,3886,227
13901,13903,227
23110,21367,227
23967,23965,227
5709,5710,227
3038,1906,227
16293,23295,227
9312,9409,227
13002,12906,227
12906,13180,227
8870,11928,226
47116,8681,226
2665,3828,226
10044,9838,226
7363,7364,226
25886,25887,226
25885,25886,226
13839,13886,226
11966,27819,226
10716,37729,226
8733,10775,226
34490,34633,226
4659,5165,226
550,549,226
34633,34648,226
13120,14477,226
9838,10047,226
44405,44407,226
14765,24345,226
9544,9339,226
10047,9839,226
19769,19457,225
8672,8668,225
21820,24160,225
4729,4915,225
20621,20265,225
7555,7571,225
9903,9694,225
13028,14081,225
14325,29383,225
13203,13960,225
13413,13424,225
17301,1989,225
1989,3353,225
13501,47423,224
9560,11849,224
29362,29363,224
24419,24253,224
29353,29354,224
29361,29362,224
13162,13618,224
16179,25277,224
4510,6254,224
28884,47884,224
44961,48510,224
28638,43374,224
24101,24104,224
7633,7549,223
48564,14091,223
7549,7579,223
49094,49101,223
8972,8973,223
14378,29415,223
49101,49110,223
13844,13772,223
16686,16293,223
3891,3885,223
11031,49251,223
16374,16363,223
10647,10114,223
8768,8972,223
812,23702,223
13153,13951,223
13635,12946,223
18429,21195,223
7632,7633,223
25975,26330,223
9674,11507,223
593,253,222
16089,16090,222
29340,13134,222
14356,13338,222
41171,41234,222
14338,12824,222
7623,7555,222
8132,34707,222
11899,40021,222
16091,16092,222
7647,7648,222
48640,49329,222
2303,2477,222
2302,2303,222
2305,2302,222
10657,10289,222
37263,10657,222
10288,37263,222
3959,3731,222
2477,2586,222
10531,10427,222
49095,49151,222
13570,49933,221
9294,9563,221
10515,10323,221
591,636,221
11476,11517,221
3369,3521,221
48862,858,221
35048,41545,221
26673,25739,221
4858,4208,221
14076,29361,221
21389,23977,221
24390,24429,221
11517,10714,221
38867,40793,221
18910,18911,221
16205,25278,221
12990,12890,221
14093,48564,221
21083,4676,221
13042,13108,221
4971,4206,221
26848,25810,221
23979,22103,220
22082,21368,220
3381,3382,220
11282,44412,220
23977,23979,220
50356,48511,220
8996,8997,220
3382,3895,220
19468,4706,220
11450,9724,220
3895,2044,220
2468,2469,220
7610,34966,220
24768,24755,220
44962,45042,220
2469,2231,220
1398,1391,220
13774,12915,220
2044,2868,220
16090,16091,220
24200,25080,219
2970,2816,219
13747,14092,219
13906,13016,219
24024,23999,219
24422,24419,219
41751,39170,219
49123,49092,219
7625,7623,219
49466,10576,219
13318,13701,219
1288,1304,219
3862,1948,219
27815,11966,219
1915,3862,219
39170,41809,219
10445,11824,218
13540,14319,218
4532,4507,218
13895,13897,218
49697,43205,218
42126,7550,218
3931,2179,218
9301,10079,218
3839,36098,218
7384,7385,218
49136,49124,218
15803,15522,218
15522,16405,218
14015,14019,218
24678,23273,218
40637,40775,218
49110,49137,218
23272,24678,218
37729,9046,218
24429,24427,218
14019,14020,218
13287,14332,218
25093,15351,218
23911,23913,218
10626,11792,218
2747,2344,218
49151,49094,218
9434,9281,218
48511,44265,218
22103,24783,218
2968,2747,218
3881,3939,217
14297,14295,217
16489,15910,217
48543,51471,217
10675,9485,217
25940,25941,217
9281,10675,217
536,540,217
44262,44264,217
13208,13209,217
13935,13919,217
10700,10287,217
15910,48543,217
25084,15406,217
10173,46254,217
29357,14059,217
2093,3507,217
49124,49123,217
2436,3105,217
13209,12928,217
12928,13211,217
40021,10286,217
13450,43276,217
2868,3611,217
1590,2678,217
13469,43278,217
3105,2012,217
2435,2436,217
13140,13333,217
9048,41133,217
10286,8405,217
10161,10162,216
15294,15290,216
25137,15679,216
49137,49136,216
23104,15305,216
17060,17061,216
15290,15289,216
12881,13318,216
2549,17225,216
15873,49776,216
13180,13159,216
13211,12920,216
2344,17060,216
3955,2567,216
14472,13700,216
15613,21506,216
13417,13410,216
18238,18239,216
11573,10315,216
13016,13157,216
9502,43242,216
7571,34677,216
3807,3348,215
3437,17488,215
13338,14497,215
7580,34699,215
14020,14022,215
3599,3068,215
3348,3352,215
29378,29336,215
3611,3812,215
13334,29347,215
3352,2970,215
2678,2679,215
43278,13448,215
35802,3016,214
25353,23973,214
1950,1960,214
24721,431,214
11752,10527,214
43242,48360,214
23871,23864,214
35072,11284,214
24039,24015,214
14109,48341,214
12944,13202,214
21506,24861,214
21308,19006,214
9412,9423,214
3009,2305,214
540,542,214
11477,10685,214
23294,16207,214
29521,14350,213
25996,26185,213
42860,14338,213
13407,13405,213
13614,13619,213
13410,13407,213
13862,13880,213
23322,25351,213
13405,13409,213
7537,7498,213
40437,24713,213
25553,25554,213
8963,11822,213
9864,11227,213
25916,26184,213
11999,27507,213
14056,14057,213
50332,12889,213
9863,9864,213
13956,13364,213
16175,16178,213
41603,27361,213
10614,10716,213
13197,13098,213
25119,24851,212
1223,1231,212
17487,16975,212
13333,13207,212
10704,11228,212
35649,2262,212
8952,10477,212
14349,13054,212
24403,24405,212
13787,13640,212
15631,15858,212
21394,21395,212
13766,13213,212
22805,21678,212
48514,47935,212
13163,13422,212
16174,16175,212
22339,22805,212
11579,10529,212
13053,13203,212
12916,13939,212
13752,12910,212
7581,35049,212
34699,7581,212
1460,2549,212
9609,9494,212
11448,11839,211
16215,16214,211
13026,13925,211
13925,12917,211
12917,13920,211
15305,23122,211
7387,7480,211
10529,10723,211
24141,24135,211
10723,10528,211
21520,24141,211
13357,13602,211
10528,10691,211
34168,34169,211
13177,13173,211
1231,48296,211
194,192,211
8965,8728,211
23363,25350,211
21363,21364,211
13246,13428,211
13360,13072,211
12927,13210,211
9421,9544,211
23702,24115,211
24420,24421,211
24117,24112,211
13093,12899,211
18413,21083,211
13213,12927,211
15425,15426,211
12827,12876,210
41462,25266,210
48889,48909,210
25700,25839,210
22261,21675,210
11822,10449,210
10045,11805,210
2501,3423,210
10733,10674,210
10674,9475,210
25278,25279,210
13210,13212,210
9844,10048,210
9552,9894,210
7648,7537,210
22817,43294,210
3507,17488,210
36929,35588,209
10789,8703,209
13421,13427,209
24161,24108,209
24108,24110,209
11839,37261,209
25582,25583,209
13592,42860,209
29415,14363,209
47982,11880,209
35588,35587,209
8841,8842,209
15887,15861,209
17583,18910,209
8842,8843,209
24159,24161,209
11265,11264,209
11229,11265,209
2151,3977,209
8839,8841,209
37261,11908,209
8997,8998,209
11755,9983,208
13072,13358,208
10167,8917,208
15473,15678,208
13169,13078,208
24000,24025,208
14653,381,208
29363,14079,208
15679,21798,208
13123,13332,208
18235,21289,208
4827,4634,208
7552,7553,208
13078,13177,208
16790,16791,208
19006,17583,208
21367,23112,208
35500,22430,208
11637,49784,208
2742,2315,208
25350,40528,208
21607,21363,208
29480,51284,208
20954,21288,208
21289,20954,208
211,238,207
10356,7771,207
10036,11616,207
14347,29355,207
7541,35053,207
34491,34631,207
2572,2021,207
238,236,207
42438,2435,207
10124,10166,207
2409,2050,207
12899,13997,207
17106,2933,207
13601,13321,207
36984,38867,207
9375,9372,207
25206,41463,207
15804,24190,207
25581,25582,207
38872,38868,207
2239,2471,207
17101,2349,207
41809,39174,207
13166,13071,207
37273,11288,207
10166,10167,207
1928,1929,207
10224,9867,207
17186,17101,207
13997,13030,207
12898,13361,207
11909,11681,206
21288,19371,206
1364,1704,206
3899,36102,206
26705,26871,206
7551,7552,206
10722,8619,206
12979,13191,206
11479,10000,206
38684,11911,206
9526,9652,206
35586,36928,206
10003,10034,206
11681,11752,206
11911,11909,206
29378,29373,206
16417,16315,206
42300,9181,206
45041,12881,206
35945,3115,206
43277,43279,206
10000,10003,206
21290,18563,206
13894,13896,206
8717,8718,206
22065,22066,206
7383,7416,206
1197,1169,206
12886,12831,206
24467,24393,205
11878,47451,205
11459,11826,205
25280,16689,205
16377,16373,205
1269,2066,205
16326,16328,205
25597,26390,205
2189,2212,205
3731,2578,205
2191,2208,205
8998,8999,205
5696,5697,205
14139,14142,205
2208,2189,205
9008,10864,205
2045,3817,205
16988,2908,205
18370,21165,205
29588,14126,205
21165,4590,205
13772,13801,205
10206,10207,204
9811,43395,204
9627,8755,204
25583,25584,204
3735,3939,204
1986,1987,204
2263,2264,204
18780,34161,204
37528,13917,204
10790,10613,204
10205,10206,204
2473,2474,204
21274,19369,204
1985,1986,204
50353,14095,204
10207,10208,204
10979,11026,204
9046,10776,204
25584,25585,204
2264,35655,204
15802,16403,204
35787,35454,204
11270,9618,204
10208,10209,204
1987,1988,204
29465,13193,204
35655,2256,204
16418,16183,203
25987,36807,203
2212,2213,203
3368,3096,203
34495,51617,203
2571,42438,203
49387,13206,203
21365,21366,203
35784,35787,203
15591,15795,203
1284,43471,203
12847,49387,203
9009,9019,203
3878,3201,203
2166,3731,203
4706,5097,203
10562,9827,203
7553,7554,203
9818,9819,203
10613,10562,203
9827,9818,203
13817,12829,203
14091,12865,203
2171,2166,203
27509,28071,203
2910,36108,203
24250,24252,203
37607,20621,202
4665,4815,202
49776,15847,202
36102,3932,202
35454,35456,202
8969,8768,202
11750,8935,202
7392,47952,202
41241,8682,202
47952,7393,202
49074,9364,202
35839,17226,202
25260,16266,202
236,243,202
34157,34158,202
13573,13581,202
10759,46254,202
36807,26181,202
2620,3077,202
13553,50637,201
13549,13553,201
14017,14016,201
21507,23883,201
2236,2232,201
5706,5707,201
14040,14032,201
7913,7899,201
16480,15812,201
43436,10840,201
44370,24295,201
42722,9451,201
11702,10629,201
6718,20534,201
15858,24757,201
50372,9430,201
22474,22475,201
7899,7912,201
48903,2395,201
15794,15591,201
12898,14348,201
243,245,201
245,246,201
13056,13058,201
15407,25076,201
246,251,201
2094,2617,201
8126,7913,201
24012,24017,201
15427,15428,201
50373,50372,201
251,250,201
13834,13836,201
10519,50373,200
16650,24538,200
2481,2483,200
11226,9866,200
5707,5708,200
2501,2358,200
13928,13843,200
13917,13922,200
3703,17055,200
14014,13873,200
13420,43756,200
13228,13573,200
43471,44669,200
13487,13549,200
47854,35790,200
3263,3264,200
3262,3263,200
17056,3260,200
12950,13158,200
13156,13218,200
24119,24111,200
41955,43372,200
12890,38945,200
19371,21274,200
13922,13928,200
2279,2274,200
49466,8711,200
17055,17056,200
10194,10056,199
35457,35455,199
41639,18121,199
35791,47855,199
35627,2202,199
18822,6713,199
10101,9738,199
4500,4150,199
49134,49135,199
16331,16329,199
24765,16186,199
19321,18806,199
48870,15407,199
13163,44003,199
10043,10194,199
1053,3785,199
17208,1053,199
1042,17208,199
48441,16789,199
49135,49100,199
2269,2266,198
1947,1953,198
2581,2269,198
9364,9577,198
24240,24237,198
49100,49109,198
26669,28915,198
9819,10616,198
18911,18912,198
2883,1947,198
19361,41675,198
12833,12890,198
22096,24103,198
13337,29346,198
22061,22096,198
13889,13885,198
9365,10134,198
10532,9835,198
9577,9365,198
10846,10236,198
10616,9990,198
48341,14108,198
3039,35850,198
13412,13418,198
35851,3039,198
44083,44400,198
10274,9295,198
44086,44083,198
44088,44086,198
13418,13420,198
9295,9592,198
9580,10704,198
10193,10226,198
43220,44088,198
9579,9580,198
44081,44079,198
16594,16592,198
7516,8493,198
4122,4123,198
9979,9980,198
9882,9788,198
9798,9979,198
3972,35852,198
9788,9789,198
9789,9798,198
3096,3972,198
21330,21331,197
1636,14707,197
361,360,197
1482,4122,197
22430,23972,197
37716,50468,197
51471,15908,197
14707,14692,197
7543,7558,197
24013,24017,197
51811,43748,197
15872,15687,197
36925,36929,197
10711,10733,197
27822,27823,197
13689,13684,197
25941,25942,197
7558,7545,197
8821,10792,197
1296,3999,197
2125,2120,197
2119,2125,197
24006,24011,196
24023,13366,196
8415,8183,196
37624,37623,196
25833,44001,196
35455,35786,196
41049,8905,196
13133,13786,196
26151,37420,196
2299,2300,196
3899,1249,196
24254,24420,196
7355,7444,196
2705,17438,196
10134,49466,196
1077,1057,196
3486,3821,196
15865,23596,196
11288,49251,196
13704,13676,196
13587,13033,196
5268,5673,196
50637,13560,196
14325,29378,195
13762,13764,195
9820,10402,195
10664,11452,195
13725,12841,195
17488,2836,195
22075,22076,195
15847,15856,195
29366,29367,195
13208,13762,195
13089,13055,195
14193,51271,195
391,392,195
2120,2121,195
10481,10482,195
9001,9002,195
9839,9841,195
9565,10705,195
18793,17888,195
9592,9331,195
9331,9332,195
25712,50730,195
9002,9003,195
9000,9001,195
11070,11286,194
10226,10790,194
49149,49093,194
24426,24428,194
2300,2301,194
49109,49149,194
8669,10109,194
17226,17227,194
247,242,194
40150,26873,194
49093,49150,194
22081,22082,194
8854,8855,194
21880,13170,194
10639,11878,194
2824,2728,194
1915,1946,194
4791,4729,194
16237,43596,194
29371,29385,194
2728,1879,194
35823,3952,194
35786,35785,194
10626,9560,194
9740,10780,194
21605,21375,194
13104,12941,193
1207,1223,193
27820,27822,193
25349,37245,193
25351,25349,193
11884,11455,193
9272,11495,193
10482,9549,193
9549,9272,193
11495,9550,193
14038,14037,193
37528,13916,193
13173,12988,193
13841,13838,193
11612,11613,193
2966,2080,193
13236,14352,193
40898,42654,193
22072,22073,193
8962,11770,193
42100,26207,193
11613,11850,193
13097,13099,193
22803,15866,193
13836,13839,193
3886,3887,193
13989,13219,193
3954,2164,193
14352,29521,192
392,386,192
10275,9437,192
47884,27550,192
16514,16515,192
9399,10275,192
49322,33943,192
10705,9739,192
4668,49545,192
43801,41050,192
13764,12920,192
12000,27505,192
386,384,192
13173,13787,192
13071,12945,192
241,661,192
49150,49145,192
4530,4512,192
10630,48638,192
9324,9373,192
2121,2122,192
50260,33942,192
44050,44033,192
25138,15711,192
44033,44065,192
9593,9324,192
8855,9503,192
50480,13103,192
14667,14659,192
10769,10630,192
23994,24000,192
51418,13422,192
44065,44035,192
2122,2123,192
10748,10722,191
27833,27830,191
9803,8751,191
8486,36924,191
4479,18488,191
14027,29474,191
867,869,191
24145,24150,191
27830,27820,191
2257,2737,191
12405,12406,191
22073,22074,191
3229,2478,191
14037,14034,191
36924,35057,191
13259,12849,191
13099,13219,191
48296,1257,191
1257,1372,191
23876,23877,191
12910,29480,191
23877,23879,191
42708,42714,191
2255,2257,191
8489,7504,191
50500,50501,191
242,240,191
2737,2258,191
13664,13659,191
13119,50502,191
15881,16352,191
3600,35632,191
2721,1904,191
430,617,191
13424,29506,191
1880,1881,191
240,211,191
28881,12405,191
4203,4161,190
4780,4827,190
15886,15709,190
2359,2306,190
15706,15718,190
44035,44068,190
18004,4214,190
332,522,190
11534,9922,190
22340,15887,190
8636,10264,190
5315,5316,190
11581,9464,190
9820,11581,190
4161,21097,190
49715,13647,190
34090,22291,190
2674,2360,190
203,198,190
21683,22338,190
2301,2674,190
11530,11616,190
13148,13149,190
22338,21685,190
17422,17421,190
3068,3069,190
4507,4924,190
43374,42024,190
21364,21365,189
14294,14296,189
42720,42721,189
26968,39249,189
21477,22405,189
49146,49117,189
23119,23121,189
24851,15706,189
48513,48514,189
26108,26205,189
4087,4088,189
2213,2944,189
40793,40794,189
9464,8877,189
15694,44692,189
24040,24045,189
4634,19086,189
29373,29349,189
1783,3329,189
44692,23924,189
8821,41242,189
23936,23913,189
10629,9674,189
26659,26438,189
772,21865,189
24093,23972,189
22755,22474,189
773,22755,189
49145,49146,189
24158,24156,188
3431,3402,188
27215,25755,188
2285,2286,188
12849,13660,188
24115,24113,188
25256,16320,188
25254,16687,188
3342,3343,188
3341,3342,188
13091,14319,188
28209,28292,188
2286,2287,188
3340,3341,188
2287,2288,188
18366,5168,188
15372,38393,188
22102,23978,188
2306,2476,188
25540,27415,188
13145,29568,188
36798,10004,188
49303,24083,188
7519,7518,188
48909,48902,188
13251,13287,188
44759,25712,188
44261,47934,188
23980,22102,188
21685,21686,188
13561,13592,188
24058,23980,188
10155,10111,188
34161,34156,188
10247,8668,188
10162,10155,188
7518,7639,188
24099,24101,188
8458,8074,188
4088,4132,187
25739,26655,187
8877,11755,187
22966,24115,187
1864,1865,187
21865,24040,187
1865,1880,187
48703,40536,187
8942,10334,187
23884,25113,187
25113,23876,187
1488,1496,187
1496,3071,187
3071,3072,187
3072,3073,187
7504,7566,187
39052,5313,187
5048,4635,187
16687,16688,187
2807,2720,187
5168,4968,187
1938,2431,187
13288,13274,187
643,644,187
1937,1938,187
15687,24088,187
13880,13882,187
2650,2651,187
2720,2721,187
15683,25135,187
17438,2706,187
37245,40643,187
1939,1937,187
14004,29457,187
14613,25354,186
3402,2786,186
16593,16595,186
15909,48656,186
48656,15907,186
13100,14104,186
5314,5315,186
21807,23911,186
23978,23976,186
8680,51267,186
13660,12846,186
12828,13816,186
17148,1478,186
7639,7640,186
1478,42807,186
36980,43436,186
13629,29476,186
431,430,186
13420,24156,186
13369,29384,186
20739,4656,186
8851,10776,186
9710,11702,186
51714,34465,186
9709,9710,186
16061,16062,186
9550,10483,186
7380,7444,186
13934,13026,185
43749,26121,185
15795,15631,185
14363,49473,185
16338,25126,185
724,374,185
13575,12998,185
12968,13328,185
21868,21477,185
15617,25130,185
11507,9903,185
48638,43607,185
13328,12975,185
21594,21473,185
741,25205,185
9292,9291,185
13959,13963,185
7523,35056,185
3885,18793,185
25838,28614,185
25205,41462,185
18815,19321,185
13191,14077,185
23973,23747,185
7484,7487,185
13088,13135,185
7603,7389,185
43373,28637,185
16766,16767,184
16767,16775,184
2535,2297,184
25982,25983,184
48024,3368,184
35624,35622,184
8905,44888,184
2503,36130,184
36130,2326,184
2330,35624,184
44250,825,184
2482,2503,184
9687,9690,184
9983,9687,184
2123,3939,184
23935,23936,184
13870,14013,184
2326,2488,184
16536,16539,184
50491,15224,184
13692,13708,184
2488,2327,184
24252,24254,184
3159,3160,184
1194,1198,184
10394,9442,184
10777,10845,184
10515,8749,184
1586,17471,184
17063,17092,184
29377,14109,184
4158,4532,184
1179,1194,184
2666,3497,184
2327,2330,184
13816,13818,184
9428,9414,184
2297,2299,184
2363,2535,184
16595,16525,184
25362,24086,183
7640,7523,183
2363,2364,183
2932,17186,183
2880,2472,183
14062,14065,183
14065,13038,183
24154,24153,183
1168,1669,183
24291,16388,183
2478,2502,183
2350,2750,183
14095,14093,183
11510,42300,183
10033,11467,183
17102,2350,183
2349,17102,183
29499,14167,183
24067,24074,183
21553,24067,183
13129,13667,183
2750,17106,183
24153,21553,183
10627,11479,183
24076,21552,183
19831,6719,183
13963,44307,183
7294,35613,183
15228,380,183
13127,13598,183
13598,29488,183
29488,48082,183
4915,4510,183
6719,34159,183
604,14731,183
19392,4166,183
2748,2932,183
14121,14365,183
13853,13864,183
2931,2748,183
2289,2268,182
1107,3491,182
35801,35774,182
2288,2289,182
5326,5327,182
3264,2968,182
24022,24008,182
13365,24022,182
15898,15354,182
43595,24291,182
2711,3373,182
8704,10757,182
16233,16380,182
3547,1774,182
2586,2298,182
25276,16177,182
39564,27579,182
47959,3368,182
13052,13051,182
14165,29402,182
24074,24075,182
11649,11741,182
605,604,182
50332,29325,182
3887,17148,181
16524,16594,181
2589,2176,181
9353,9575,181
9575,11567,181
10136,10681,181
2190,2589,181
11567,9355,181
24157,759,181
14202,14198,181
21009,19396,181
26179,11931,181
22085,16909,181
21528,24076,181
14350,13052,181
23117,23119,181
42859,13585,181
7641,7526,181
8675,8676,181
16996,43461,181
43461,1284,181
8796,11459,181
10848,8863,181
9674,10773,181
249,247,181
34159,18780,181
13183,50345,181
2523,2501,181
12982,12847,181
44264,44266,181
33819,14115,181
50345,33819,181
14115,14116,181
29345,13337,181
24738,12959,180
16565,16533,180
44793,44795,180
16264,16261,180
8916,11394,180
5621,5622,180
17061,17063,180
11467,9533,180
9738,10444,180
7512,7651,180
16968,16976,180
1953,1955,180
14659,14653,180
3999,2394,180
33938,24201,180
9980,9796,180
9873,9882,180
16093,16094,180
13953,13270,180
1710,4004,180
11161,41132,180
11269,11268,180
38858,43857,180
12846,44473,180
34969,7472,180
24008,44304,180
1973,1974,180
13286,13251,180
1163,1155,180
44798,44795,180
43607,9709,180
16262,25260,180
42806,1479,180
10747,11878,180
35774,35771,180
2909,3723,180
10716,10264,180
9664,9744,180
2394,42806,180
16261,16262,180
717,24704,180
9618,9910,180
7636,7514,180
16533,717,180
17053,3703,180
16513,23291,180
10069,10716,180
2298,2296,180
7572,35061,180
8115,8125,180
42300,48481,179
16279,15697,179
10973,10936,179
3926,3904,179
24207,15907,179
49323,2657,179
42664,43770,179
49887,36925,179
24158,43756,179
43771,42664,179
9434,9478,179
16892,22080,179
10976,10973,179
22405,49989,179
13040,29432,179
13879,13863,179
48911,14207,179
28671,43373,179
13036,13182,178
14613,23927,178
7526,7527,178
16537,16593,178
8684,9988,178
47429,48437,178
35056,7641,178
41133,11160,178
9468,9586,178
15860,972,178
7515,7638,178
23927,23940,178
12812,13520,178
10237,9468,178
2135,2162,178
26665,26689,178
1976,1991,178
48437,13357,178
7585,37712,178
24021,24016,178
10936,42559,178
10160,10116,178
21092,4665,178
7490,7392,178
2933,2751,178
17471,2220,178
8638,10119,178
41750,44499,178
9959,9353,177
9494,8854,177
38784,2931,177
35632,3601,177
16183,15841,177
16176,16173,177
29352,14556,177
7771,48708,177
16570,16571,177
42707,13730,177
9743,10015,177
24190,15717,177
7579,35586,177
23941,23928,177
7910,8458,177
35286,24767,177
29345,14025,177
2028,2045,177
1772,3547,177
1479,3891,177
21395,21396,177
10844,41234,177
25833,26849,177
11270,11807,177
26330,25978,177
34678,7572,177
3190,3191,177
10443,10101,177
5697,5698,177
26849,27918,177
2229,2235,177
260,262,177
12924,12990,176
12847,12823,176
2027,41948,176
16592,16540,176
13287,14064,176
14394,38955,176
23756,22661,176
14198,14193,176
13612,13079,176
9011,9012,176
26181,26178,176
35290,40898,176
23982,23986,176
23910,23982,176
41948,41947,176
1974,1975,176
1975,1936,176
21604,21605,176
35592,7587,176
29480,50480,176
11268,11267,176
9012,9013,176
9723,10315,176
3922,1433,175
2617,3782,175
1433,3920,175
15233,50485,175
17419,17420,175
7574,7556,175
3803,2179,175
3012,3145,175
7573,7574,175
35061,7573,175
24105,22476,175
3725,3726,175
10179,10173,175
15354,24207,175
16325,16272,175
25929,25930,175
10524,10526,175
15883,15807,175
26711,26705,175
644,16386,175
11807,10732,175
2570,3437,175
14773,14819,175
10526,11614,175
23928,23917,175
25150,25151,175
24468,29342,175
13423,13412,175
10101,9566,175
25127,25095,174
8832,10247,174
2628,2030,174
15860,15859,174
34267,9609,174
28605,28607,174
14269,29435,174
26696,28578,174
36091,28605,174
25546,25547,174
26370,36091,174
2035,2628,174
9600,10320,174
26371,26370,174
41664,41662,174
25514,25530,174
12941,41237,174
44669,51813,174
17092,38784,174
23884,15715,174
2751,1747,174
21473,21595,174
27823,27813,174
7578,7557,174
7511,7512,174
9561,9558,174
9560,9561,174
7538,7511,174
661,714,174
2676,1786,174
28607,26342,174
48249,23941,174
9405,9396,174
9402,9405,174
8862,9006,174
34646,34335,174
11293,11294,173
48510,47449,173
11590,9658,173
13116,13256,173
13802,13844,173
16314,23346,173
9574,11511,173
26538,11978,173
26103,26104,173
23675,23676,173
35695,3011,173
25270,25272,173
2892,2893,173
16313,16314,173
25272,16313,173
3882,3881,173
29340,29371,173
13268,13612,173
15493,15684,173
1669,17477,173
29466,51459,172
12946,13704,172
47432,13295,172
2580,1099,172
23287,23711,172
13609,13608,172
4151,18376,172
24296,44370,172
14599,15723,172
12975,12952,172
38692,15593,172
4157,4151,172
7514,7515,172
3423,3009,172
26846,28968,172
10587,9574,172
9046,10754,172
9334,9301,172
41662,11081,172
39177,39179,172
49843,15273,172
13157,13002,172
16614,16615,172
15877,15898,172
24757,24640,172
4223,4242,172
2157,2711,172
13734,13720,172
23256,25084,172
24640,24756,172
21151,4157,172
11826,9738,172
14549,12825,171
48363,14549,171
26308,25885,171
26118,26123,171
13638,13166,171
1661,3296,171
25580,25581,171
25887,25888,171
25325,41599,171
3296,17449,171
48886,48912,171
17449,3424,171
9558,9556,171
15392,15620,171
10426,10530,171
3424,1305,171
10530,10524,171
21404,22081,171
14316,13240,171
1422,1398,171
4847,4849,171
3563,2133,171
3817,36098,171
51459,29439,171
4108,4109,171
21399,21400,171
2604,2955,171
21396,21397,171
4849,5160,171
13637,13070,171
10210,10211,171
10211,10212,171
10212,10214,171
10214,37786,171
9551,10584,171
8502,7586,171
7587,8502,171
9510,9511,171
5160,4846,171
25104,40643,170
13083,12968,170
15639,47843,170
18193,6063,170
25927,25928,170
1984,1954,170
16615,16522,170
7383,7384,170
13037,13040,170
25928,26162,170
16300,16302,170
26162,25929,170
19749,19750,170
40776,13203,170
2231,2233,170
15816,25120,170
25586,12597,170
17225,1364,170
21322,21323,170
16522,16523,170
13216,13234,170
13038,13039,170
9566,11605,170
13712,13238,170
7476,7493,170
7475,7476,170
21358,21604,170
15684,25073,170
9681,11726,170
7444,10775,170
7645,7509,170
7644,7645,170
7501,7644,170
7643,7501,170
24130,24131,170
11562,10497,170
3181,51258,170
13581,13557,170
47935,44260,170
16286,16280,170
9553,11630,169
10532,10043,169
2761,2762,169
26170,26117,169
2762,3882,169
3073,2976,169
3921,2229,169
2119,2761,169
532,534,169
14296,42515,169
14064,14060,169
12912,12980,169
13619,13267,169
10324,8749,169
3194,17051,169
22070,22071,169
12852,12879,169
13619,13138,169
13019,29482,169
16204,23270,169
16797,16798,169
13852,13861,169
26255,26279,169
26279,41961,169
13610,13063,169
25100,37415,169
11001,11014,169
26122,43749,169
34649,34457,169
10056,9836,169
13048,12931,168
3007,3070,168
3070,3600,168
16368,25256,168
22668,24046,168
15643,25119,168
16116,44329,168
16067,16068,168
16320,16174,168
9511,9522,168
2963,3922,168
13228,44421,168
13523,33861,168
18971,21308,168
1934,1931,168
40426,44758,168
24738,21880,168
13089,49925,168
43519,25405,168
25136,16036,168
26052,26022,167
23734,35286,167
7910,8074,167
17317,2158,167
772,24014,167
22182,22205,167
23947,24001,167
36928,7531,167
25828,25669,167
44068,44051,167
10864,9011,167
17402,1948,167
44051,44053,167
23363,43260,167
364,361,167
3949,3544,167
16299,16300,167
3811,3881,167
2101,3793,167
6063,7062,167
13430,13163,167
10721,10722,167
49956,364,167
376,49956,167
13322,12932,167
33861,13255,167
1954,1951,167
35694,23316,167
3423,1461,167
4815,4163,167
13604,13619,167
9829,43393,167
38723,24005,167
13933,13931,167
3975,3974,167
1877,3962,167
13118,13117,167
13556,13560,167
24115,22477,167
29356,29357,166
868,866,166
44307,40775,166
44795,44793,166
10492,11793,166
3490,2158,166
28588,28589,166
9356,8755,166
1449,17229,166
8845,8846,166
15594,25125,166
21362,21374,166
9363,9356,166
8844,8845,166
11630,9363,166
25125,15818,166
16369,16368,166
17421,43656,166
18824,18822,166
2069,2067,166
8935,10452,166
48902,48900,166
25215,25288,166
11738,10061,166
13891,13893,166
29476,12912,166
27553,25467,166
26472,44759,166
16417,16299,166
15358,15439,166
248,241,166
41161,41162,166
15604,15906,166
3322,3981,166
3981,2157,166
9458,51368,166
3186,2841,166
353,355,166
8677,41244,166
43486,44305,166
3497,3920,166
24119,22061,166
13907,13048,166
15711,13197,166
44003,29506,165
3792,2107,165
16092,16093,165
21469,21470,165
44305,24017,165
24038,21316,165
9512,9513,165
37040,13319,165
49848,49887,165
21393,21591,165
13320,13354,165
13339,14344,165
14751,14773,165
24296,16326,165
11600,8964,165
25830,25832,165
43656,1042,165
21808,23908,165
26022,28677,165
25541,26206,165
23944,23947,165
13140,41237,165
373,391,165
13057,13113,165
12866,12888,165
9566,10432,165
50385,51635,165
25889,25593,165
17321,3361,165
3883,17321,165
2107,3883,165
9894,9741,164
10785,10683,164
3785,1644,164
11014,11016,164
2733,1939,164
8781,8783,164
16319,25255,164
18913,18914,164
7315,36931,164
36931,7314,164
38945,12880,164
25672,25650,164
8470,7543,164
49633,49614,164
25709,25672,164
7062,37624,164
13557,13554,164
26121,26665,164
4214,49633,164
24659,13743,164
23711,16534,164
1956,2496,164
16970,17048,164
10773,10322,164
2764,3966,164
10400,8991,164
16798,23892,164
44418,9432,163
16770,16761,163
27623,27649,163
7546,35020,163
8496,7315,163
9399,9603,163
16761,16760,163
3793,2102,163
8847,8848,163
24163,24180,163
8783,8787,163
21591,21469,163
327,330,163
16178,16179,163
35835,1246,163
10158,10159,163
10159,10161,163
11880,10790,163
25669,26101,163
34277,13849,163
19616,18195,163
8846,8847,163
24057,33940,163
17777,4226,163
43857,37273,163
42559,8981,163
2061,2966,163
35844,1246,163
13079,12925,163
2235,2964,163
701,23294,163
21323,21324,163
2102,3811,163
3222,2616,163
11284,11071,163
13609,13063,163
28677,28663,163
8832,11785,163
27567,27232,163
1904,1908,162
23779,25134,162
775,24145,162
10954,10951,162
15622,15621,162
44458,13439,162
12952,12945,162
22046,7294,162
10754,11632,162
15530,15645,162
21397,21623,162
4957,4659,162
21623,21399,162
4678,18845,162
10121,10707,162
13768,13781,162
13082,13768,162
23658,23779,162
14661,43745,162
9296,11226,162
23865,23872,162
4239,19083,162
14200,14197,162
11228,9296,162
14202,14200,162
18451,18452,162
25949,25950,162
13483,13488,161
10432,10433,161
7385,7386,161
13975,29428,161
7480,34971,161
1786,3346,161
3347,3806,161
1043,3591,161
27590,26968,161
42865,29323,161
26331,25922,161
26333,26331,161
13132,13138,161
3806,3807,161
311,327,161
1868,2061,161
1951,1952,161
16781,16782,161
23114,44413,161
3346,3347,161
13751,13942,161
25589,25590,161
1952,3234,161
13118,12944,161
3361,2513,161
36979,43697,161
29371,14165,160
43708,43700,160
10256,10233,160
38589,38590,160
89,15611,160
26871,28231,160
18901,18902,160
39224,10995,160
11924,34213,160
10262,9959,160
10190,10262,160
10261,10190,160
34942,41218,160
51826,10261,160
10083,51826,160
25852,35404,160
10096,10083,160
33942,49283,160
28663,25852,160
34213,10256,160
445,740,160
11706,11924,160
21675,15611,160
11227,9334,160
13707,13710,160
90,34110,160
3201,2090,160
24103,24102,160
9831,10716,160
24085,24152,160
27520,27481,160
24084,24085,160
24068,24084,160
11629,11706,160
21871,24073,160
25888,25889,160
2274,2272,160
24073,24068,160
44135,24208,160
25266,16336,160
1323,2916,160
16336,701,160
24104,22059,160
11286,8558,159
8960,8740,159
11035,37274,159
3983,3061,159
2099,2101,159
25120,23762,159
10425,11738,159
11835,10425,159
10200,11835,159
10424,10200,159
8740,8741,159
22059,22060,159
16219,16372,159
2616,2468,159
27079,27987,159
3223,2666,159
21390,21391,159
44795,44798,159
25699,25700,159
9896,11604,159
27987,27128,159
24208,25081,159
13225,13607,159
16328,16330,159
27296,27292,159
2732,38136,159
15830,22095,159
17275,34218,159
3845,17275,159
11878,11293,159
5714,5717,159
21195,4155,159
2160,3322,159
42193,6718,159
1910,2738,159
22095,15788,159
11612,51942,159
10791,8818,159
11873,8636,159
7532,49901,159
617,621,159
13509,13357,159
22071,38143,159
48709,12858,159
24174,24130,158
5088,21092,158
21589,24468,158
16800,24736,158
2086,2087,158
40794,41165,158
16398,16402,158
14218,14213,158
16280,25293,158
25295,16399,158
2272,2581,158
823,23697,158
14960,14836,158
25293,25295,158
16399,16398,158
2089,2086,158
1155,1152,158
257,254,158
37040,29482,158
16315,16199,158
9302,9512,158
7314,39523,158
11727,9914,158
21192,21186,158
17272,1163,158
8414,8106,158
16186,16188,158
10619,11752,158
13103,48438,158
35020,35060,158
34110,24638,158
10322,10514,158
254,267,158
10618,10619,158
9411,9423,158
2360,3532,157
2028,3327,157
636,35170,157
18716,19808,157
19808,6850,157
43652,13721,157
8749,10514,157
21080,4160,157
51942,10467,157
24129,811,157
11691,9497,157
8669,8676,157
9432,10789,157
15619,49741,157
15859,15686,157
23762,15592,157
35625,2476,157
9301,11229,157
3921,2650,157
25297,25104,157
14008,13097,157
42024,41954,157
10502,10503,157
11264,9533,157
48078,23675,157
19486,18716,157
22822,49322,157
15426,15427,157
2038,17506,157
249,248,157
47449,47451,157
384,49939,157
26206,26209,157
10291,10296,157
50250,43519,157
10296,11676,157
7444,8731,157
49934,13540,156
24281,43593,156
13418,13421,156
5336,5337,156
18914,18915,156
38913,34943,156
24736,22339,156
44900,24142,156
13409,13418,156
10689,10531,156
40776,40636,156
9500,9488,156
9498,9500,156
1866,1867,156
15686,15799,156
16510,23293,156
15746,15747,156
7535,7588,156
16481,16479,156
25152,25150,156
41218,38913,156
10427,10345,156
34943,34944,156
20508,20509,156
537,379,156
40535,43593,156
46257,48463,156
25930,37420,155
24766,24105,155
24154,24077,155
271,273,155
14492,14489,155
24077,24072,155
22074,22089,155
27583,27575,155
207,194,155
27575,27572,155
22476,24119,155
23731,24174,155
50436,1323,155
15688,15527,155
44534,43958,155
23158,40437,155
44960,9553,155
13004,14475,155
2470,2615,155
37484,43697,155
2615,3223,155
13991,14135,155
36983,38869,155
49473,14166,155
20981,18238,155
34944,44534,155
27507,27509,155
29463,14005,155
725,311,155
9960,10485,155
9741,9297,155
3996,3870,155
24029,24031,155
25467,49279,155
25332,50894,155
1636,15233,155
303,725,155
10113,50932,155
7440,7441,155
7439,7440,155
15552,15553,155
10236,10790,155
26496,26689,155
9700,9658,155
9320,9321,155
14291,14492,155
49939,14661,155
29588,13052,154
50627,50633,154
16004,50681,154
2133,2434,154
2067,2068,154
25153,25152,154
14035,14036,154
51759,50627,154
14033,14035,154
40423,39363,154
12432,29047,154
9877,9964,154
13682,13685,154
379,374,154
2908,2907,154
4805,4678,154
9876,9877,154
21298,19488,154
9875,9876,154
24395,24394,154
2907,2906,154
14101,12865,154
8391,7597,154
49877,8496,154
14140,13236,154
8390,8391,154
7914,7803,154
7901,7914,154
18833,18824,154
42694,39482,154
14135,14137,153
4759,4677,153
9297,9298,153
27103,25587,153
26111,27103,153
18915,21298,153
5238,18382,153
3491,1092,153
16404,16406,153
15391,15617,153
33941,24783,153
9298,10704,153
10112,10160,153
2882,17506,153
25151,25264,153
14607,15219,153
26970,26969,153
10999,8990,153
8731,8732,153
48363,12824,153
44266,51387,153
10464,10468,153
39962,29322,153
15275,15360,153
25132,15860,153
35057,7653,153
21324,21325,153
13581,13583,153
18456,21167,153
1704,1711,153
4111,1757,153
15271,15275,153
26849,25656,153
39363,27590,153
7454,7455,153
40528,25280,153
15905,15856,153
10345,10346,153
29335,42864,153
28680,25902,153
25369,25368,153
25878,27623,152
19456,4870,152
11028,11032,152
50788,21594,152
25130,15830,152
7441,7442,152
24787,50788,152
13055,13569,152
21150,18901,152
2220,1488,152
18902,18903,152
18903,18904,152
14355,14077,152
29504,14176,152
8782,8780,152
44400,44081,152
10931,10954,152
4858,21037,152
34111,15645,152
13153,13093,152
2474,17468,152
41811,44227,152
9003,10866,152
8675,10018,152
7442,7443,152
27232,27228,152
27228,26433,152
21357,21358,152
10621,11476,152
11294,11880,152
23914,23931,152
34493,34491,152
3395,1326,152
17994,18040,152
34677,7575,152
44249,25369,152
11610,10119,152
20509,20484,152
2732,2807,152
1936,2769,152
219,271,152
273,274,152
41463,24497,152
16542,16544,152
8981,10931,152
12975,13632,151
13279,13184,151
43313,43273,151
13032,13979,151
23259,44370,151
10079,9538,151
23747,24096,151
13184,33818,151
16598,16596,151
16283,16215,151
49421,25949,151
24096,21389,151
590,235,151
9738,8965,151
43697,44262,151
235,601,151
38908,35049,151
10615,10765,151
10691,11477,151
37274,43856,151
591,264,151
1480,1397,151
1997,1998,151
1998,1999,151
1999,2000,151
12932,13320,151
2651,3222,151
15833,15787,151
13738,13700,151
2000,2001,151
51617,34493,151
10071,11756,151
21800,7619,151
16198,16204,151
9032,10987,151
28915,43750,151
42012,42015,151
19615,4200,150
7569,7570,150
5917,5066,150
42015,11879,150
24126,23660,150
11614,11448,150
11616,10287,150
48353,44402,150
24062,22667,150
7457,7458,150
16506,16505,150
4506,4529,150
4124,4125,150
10759,10176,150
34336,34632,150
9620,10012,150
46925,50930,150
50930,46288,150
10349,11728,150
11689,10349,150
23121,51281,150
46288,46661,150
10346,11689,150
7456,7457,150
42515,24239,150
11502,11897,150
24855,24155,150
25807,25548,150
8780,8772,150
7455,7456,150
18845,4744,150
4744,4725,150
5761,5762,150
2068,2071,150
9374,10011,150
34696,8423,150
10011,9599,150
9321,9902,150
13570,13567,150
11478,10759,150
16405,16278,150
14149,49698,150
49698,14186,150
3193,16970,150
44446,41929,149
28838,28839,149
14045,29432,149
8425,8426,149
18435,21190,149
29591,13246,149
8424,8425,149
9305,9740,149
9538,9305,149
41929,41931,149
14497,13151,149
13151,13339,149
27240,28838,149
10926,10920,149
9964,9969,149
10923,10925,149
21419,22097,149
24393,24396,149
22667,23619,149
18414,19392,149
10775,10754,149
2410,2384,149
21073,18583,149
6850,18727,149
14127,14131,149
14113,14127,149
18583,6151,149
35853,3522,149
4225,21269,149
14057,14347,149
26205,26091,149
26091,26000,149
26000,26001,149
15787,15851,149
26503,28231,149
4131,4086,149
22372,22373,149
2663,17282,149
13070,13639,149
13742,13741,149
24685,16267,149
22097,21412,149
10987,9033,149
10920,10923,149
13787,13638,149
10865,10777,149
29385,14165,149
3904,3867,149
29435,29465,149
11849,50150,149
17314,17312,149
17316,17314,149
11561,10334,149
14293,14291,149
16545,23287,148
20091,18833,148
9680,10135,148
33818,50353,148
9676,9680,148
38914,38911,148
26502,26503,148
41100,41099,148
9747,9676,148
17888,18913,148
8751,9747,148
23856,38692,148
48887,48886,148
22357,22444,148
34945,34946,148
75,22361,148
38955,14364,148
14023,14589,148
34118,75,148
10025,11757,148
21887,34118,148
29348,13956,148
26236,26332,148
41099,22820,148
25545,26236,148
11605,11628,148
34946,38914,148
15301,15296,148
44532,34945,148
16811,16813,148
3559,3596,148
2209,3559,148
2186,35627,148
2185,2186,148
2183,2185,148
2182,2183,148
17312,17310,148
3782,2090,148
10843,10838,148
13318,13740,148
16814,16754,148
23003,16814,148
44533,44532,148
13519,13438,148
11752,11579,148
28578,26673,148
10995,10400,148
50869,21211,148
21414,21415,148
21398,21414,148
3998,3958,148
3403,2523,148
35028,8228,148
2906,2323,148
2323,2910,148
11426,10071,148
26001,26098,148
26117,43372,148
3632,2206,148
16813,23003,148
15296,15363,148
28839,28840,148
13886,13894,148
43959,44533,148
35047,8487,148
5314,5316,147
14131,14128,147
15851,15618,147
23885,23882,147
19428,21150,147
18904,18414,147
1982,3470,147
14472,44660,147
35170,272,147
7803,34696,147
7482,7483,147
24089,15530,147
24158,13419,147
887,23142,147
3470,1997,147
23898,22709,147
23923,23953,147
21085,18542,147
18542,19413,147
35276,12757,147
18821,18823,147
42301,729,147
1391,1355,147
12837,48266,147
9395,9822,147
9986,8819,147
15800,15798,147
16566,24133,147
2066,3986,147
13247,12940,147
7458,7459,147
3591,17419,147
15273,15274,147
13957,29413,147
13221,13752,147
9451,42718,147
44589,13318,147
2164,3952,147
8439,41132,147
10287,9652,147
17580,17777,147
12940,13957,147
2046,2434,146
25591,25592,146
37114,22267,146
38123,9693,146
8190,8172,146
41947,2046,146
20696,5627,146
13829,13819,146
9693,9376,146
24713,41599,146
1082,2580,146
8174,8190,146
8228,34948,146
23103,16900,146
16539,16537,146
24791,22092,146
25663,26846,146
13483,29634,146
23905,23898,146
48438,13186,146
14036,14039,146
811,812,146
18814,19295,146
3979,35793,146
35476,3979,146
28840,28146,146
2136,2137,146
21302,4724,146
15670,25098,146
9614,9506,146
25983,25984,146
35756,3431,146
2133,2134,146
35770,35768,146
3431,35770,146
26320,25982,146
11728,11729,146
50466,37715,146
21374,21606,146
17310,17309,146
17309,35831,146
9508,9509,146
9507,9508,146
9506,9507,146
25647,25653,146
25367,23316,145
24500,24499,145
9583,9624,145
751,728,145
9624,9514,145
9582,9583,145
9514,9579,145
35793,35820,145
5025,4848,145
12757,51375,145
23902,24995,145
13763,13761,145
13761,13212,145
4570,4572,145
4846,5025,145
23882,24756,145
5518,42193,145
44197,27814,145
3798,1636,145
35833,35476,145
4572,4847,145
9437,9384,145
515,517,145
18844,4759,145
3061,1269,145
13806,13808,145
10283,9446,145
44407,44410,145
1170,1207,145
23843,23841,145
43689,643,145
2771,2701,145
2384,3970,145
34450,34490,145
365,532,145
14040,14033,145
15313,15366,145
23854,23843,145
42718,42715,145
13219,13348,145
4724,18844,145
4538,4615,145
2053,2566,145
2566,2051,145
3329,1785,145
40899,618,145
37570,3599,145
13919,13198,145
12975,47432,145
3327,1995,145
10960,9029,145
19369,4780,145
21190,18437,145
35766,35765,144
3577,3578,144
15623,16801,144
4219,4225,144
1030,16675,144
40778,9730,144
3576,3577,144
43768,43773,144
18450,18451,144
16115,16116,144
3596,3627,144
27361,25971,144
16218,16219,144
35831,35833,144
9437,9684,144
9521,9301,144
35768,35758,144
35758,35766,144
13586,13575,144
286,288,144
9742,11625,144
14024,13911,144
22356,22357,144
284,283,144
48757,13408,144
9310,9311,144
49329,13319,144
35820,35819,144
14166,29504,144
49697,13148,144
13411,13416,144
34463,34468,144
8063,35046,144
709,376,144
13406,48757,144
3860,3983,144
8617,10414,144
35795,35797,144
13408,13411,144
13257,24763,144
4196,4241,144
10689,10426,144
14472,13740,144
13382,25362,143
9407,51368,143
27986,27079,143
14607,29450,143
28310,44092,143
25930,43370,143
20957,20981,143
22359,21887,143
362,365,143
1785,2676,143
17420,1590,143
49466,8758,143
10435,10436,143
10434,10435,143
16900,51281,143
10480,10434,143
11267,11228,143
44328,24228,143
7652,7621,143
10790,10765,143
5762,5696,143
24094,24093,143
12812,44458,143
43814,43811,143
9053,49737,143
2273,2275,143
14545,13902,143
34968,7364,143
35819,35791,143
7486,34968,143
11511,9434,143
43260,24281,143
9369,9728,143
9368,9369,143
15907,25091,143
22092,22094,143
8172,8413,143
34027,22359,143
39484,27587,143
1376,35839,143
16198,23270,143
29354,29355,143
518,515,143
10703,34266,143
41753,41754,143
38952,13509,143
39249,39484,143
15621,15529,143
22966,23731,142
25913,25914,142
13150,13357,142
8751,11750,142
15592,34134,142
15315,15313,142
544,545,142
29482,29591,142
41843,26511,142
35765,35763,142
13971,13913,142
20190,19840,142
35792,35854,142
13357,13109,142
44252,25367,142
22074,22075,142
8426,8114,142
25554,25807,142
13152,14062,142
8125,9681,142
16540,16535,142
16607,16600,142
1862,1860,142
7902,7834,142
7835,8424,142
27547,27553,142
11604,9824,142
43750,26849,142
10848,11282,142
16786,16787,142
14027,29477,142
13750,14100,142
9315,9316,142
22064,22065,142
10236,10264,142
9311,9315,142
13149,13524,142
43422,26150,142
8734,34273,142
2444,2136,142
8750,10759,142
3818,2410,142
28246,26691,142
29460,29425,142
9681,50932,142
2409,3818,142
25980,26322,142
27550,28891,142
13091,13483,141
16287,50554,141
13083,12999,141
9728,9381,141
24075,24072,141
9316,9317,141
25268,25269,141
35763,35760,141
50554,43689,141
8745,9435,141
35760,35783,141
35790,35818,141
7900,36860,141
36860,7901,141
26230,25544,141
4924,4666,141
29424,13155,141
28603,28604,141
25543,26230,141
16202,24336,141
35798,35796,141
10108,51553,141
13601,13322,141
23337,1030,141
24532,25376,141
13247,14477,141
14839,14822,141
23734,22934,141
28837,28153,141
18376,21145,141
7505,7507,141
8857,9909,141
42300,10846,141
8617,8619,141
19372,20945,141
35027,35028,141
7621,7505,141
35025,35027,141
35024,35025,141
18458,18442,141
42727,28835,141
3593,3558,141
28835,28836,141
22760,16089,141
35794,2038,141
21393,23113,141
11291,11292,141
16677,16680,141
28836,28837,141
23117,49843,141
3594,3593,141
34266,11691,141
2108,2109,141
27340,27355,141
41754,39169,141
10754,44419,141
8786,8782,141
18397,18409,141
24412,24408,141
23259,15594,141
2769,1928,141
26345,28603,141
8225,35029,141
13865,13852,141
35029,35024,141
7483,7484,141
1877,1859,141
13428,21520,141
21191,4152,141
18893,17675,140
48894,48907,140
15694,24722,140
9972,10775,140
3575,3576,140
15559,15560,140
25087,12884,140
13913,13977,140
14982,14969,140
2132,2445,140
21306,4998,140
2047,2571,140
16266,23272,140
13133,29476,140
48913,48887,140
24995,39638,140
39311,13188,140
13556,13561,140
9513,9614,140
1412,1404,140
1420,1412,140
2782,2783,140
11070,38858,140
516,544,140
50625,50631,140
9394,9401,140
16787,16788,140
6895,19769,140
23494,23490,140
22309,21595,140
8829,8830,140
8073,11530,140
8717,11737,140
1996,3897,140
13109,13167,140
23113,23114,140
44054,17234,140
18429,18521,140
51800,51802,140
35818,3698,140
3698,35792,140
2976,17422,140
16259,43195,140
16817,16818,140
48907,48913,140
25434,603,140
35854,17299,140
7599,8389,140
8392,7599,140
8704,8667,140
14167,51436,140
6139,43655,140
1152,4028,140
10436,10437,140
10437,11554,140
10438,10439,140
26133,25913,140
12879,50385,140
13856,13857,140
9413,9407,140
34881,7772,140
2638,1187,140
21608,21371,140
11554,10438,140
22895,23859,140
41290,17506,140
3628,3629,140
3629,3630,140
3630,3631,140
23698,43521,139
35281,35280,139
19386,19393,139
29425,14354,139
21697,21345,139
38912,34969,139
4202,18971,139
5599,20618,139
13159,13865,139
13499,13165,139
13165,13423,139
2002,2003,139
13634,14338,139
12903,12924,139
18395,18394,139
4160,21085,139
44409,44412,139
13851,13853,139
19413,21118,139
21331,23885,139
10112,11714,139
11714,10156,139
27140,27463,139
26519,25494,139
25494,42100,139
24001,23999,139
25269,25270,139
40639,14054,139
28604,12029,139
8312,8407,139
25925,25926,139
13188,12962,139
13107,13500,139
10254,10255,139
10255,10364,139
10364,10253,139
25924,25925,139
16535,16545,139
13565,12914,139
35840,3075,139
1979,35840,139
1978,1979,139
3496,1978,139
46987,2069,139
26403,25880,139
49988,21872,139
11580,10254,139
10252,11580,139
11809,10252,139
27594,12731,139
23153,23154,139
23083,23153,139
8183,8104,139
8104,8189,139
8189,34795,139
4634,37410,139
34795,8312,139
8407,8225,139
23076,22046,139
7460,7461,139
7461,7446,139
7446,7419,139
15435,15436,139
10253,10234,139
12914,13596,139
21276,19372,139
51621,51622,139
11010,11017,139
11007,11010,139
1857,1860,139
10964,10958,139
39821,4015,139
41243,8676,139
13036,29355,139
9401,9665,139
13186,13004,139
7951,7974,138
7776,7950,138
13500,47442,138
3631,3632,138
7394,7395,138
15989,15990,138
4649,4673,138
10500,10501,138
10499,10500,138
2835,2444,138
7472,7475,138
25547,25548,138
24418,24415,138
13101,13199,138
7950,7951,138
49466,10259,138
2270,2271,138
10259,10189,138
10439,10440,138
7775,7776,138
14129,14130,138
16680,16679,138
2445,2573,138
3627,3288,138
1776,2832,138
44681,44695,138
1404,1397,138
22062,22063,138
21178,18435,138
2268,2270,138
2271,2273,138
16525,16526,138
17299,35832,138
23415,23871,138
23878,21330,138
38952,13108,138
14130,14114,138
8399,8073,138
1774,1776,138
5317,5319,138
17313,17315,138
17311,17313,138
35824,17311,138
13788,13173,138
13270,13231,138
3813,35824,138
35832,3813,138
10440,10441,138
21686,15623,138
14045,33862,138
21198,21188,138
42002,43959,138
9994,8673,138
35783,35784,138
27129,28035,138
49401,42002,138
28035,41603,138
2315,2660,138
15856,15603,138
23962,23647,138
27097,27092,137
7430,7452,137
2070,2078,137
42862,13602,137
7452,7453,137
18386,5621,137
3149,3120,137
2078,2080,137
3986,2070,137
9428,9413,137
48328,34646,137
22063,22064,137
11756,11563,137
13369,13367,137
7420,41220,137
8404,34835,137
20946,20957,137
9723,9527,137
23307,22760,137
42929,39819,137
4015,42929,137
43856,38857,137
1109,1107,137
34226,34881,137
7419,7420,137
49981,48366,137
10226,8703,137
4242,21301,137
18823,19581,137
24116,23660,137
19393,19264,137
43931,9424,137
7425,7426,137
17338,3173,137
48040,3368,137
14002,13996,137
13155,13131,137
10745,10740,137
9408,9394,137
1403,1482,137
977,50250,137
43783,44251,137
13920,13731,137
14112,29377,137
14114,14112,137
4677,4804,137
10740,10283,137
17468,35649,137
41672,18116,137
21294,21291,137
10483,11809,137
8731,10617,137
2587,2309,136
16302,25274,136
13339,14047,136
13996,13988,136
13893,13954,136
16818,16819,136
10713,11471,136
25247,25254,136
16819,16820,136
21029,18570,136
2471,2879,136
10113,9652,136
3229,2307,136
36922,1976,136
7583,7525,136
7529,7583,136
11471,9387,136
9387,11851,136
34462,51714,136
23914,23912,136
3958,3839,136
13952,13931,136
13929,13842,136
13160,14294,136
29370,13039,136
3803,3932,136
20795,7194,136
7416,7417,136
25250,25247,136
43655,21029,136
21118,4196,136
2313,2742,136
2312,2313,136
3288,3628,136
26873,26848,136
13231,13046,136
354,42785,136
18425,4517,136
16034,23861,136
13046,13906,136
16988,2481,136
2003,2004,136
2004,2005,136
2005,3471,136
3471,41290,136
9574,10681,136
27660,11933,136
6167,5076,136
33910,25250,136
21671,21347,136
24415,24412,136
2236,2963,136
11563,8942,136
17318,2567,136
21627,21628,136
2483,2323,136
543,518,136
10191,9972,135
25106,16169,135
19332,21290,135
20945,20946,135
2832,42762,135
9971,10191,135
23565,34112,135
9446,8664,135
24228,25106,135
27415,25541,135
23945,23938,135
27135,27137,135
24468,12962,135
27109,26215,135
13951,13991,135
1940,3496,135
34868,7775,135
7423,7424,135
7422,7423,135
18446,21191,135
23952,23953,135
21391,21392,135
48270,24722,135
14603,24410,135
24410,24413,135
24413,24416,135
3011,2278,135
19454,4198,135
10281,10323,135
12918,13919,135
24127,24131,135
3191,16974,135
15671,15873,135
9488,11649,135
37529,13524,135
12884,12815,135
9526,11502,135
647,24721,135
13001,13003,135
5700,5701,135
5616,5617,135
24060,15699,135
4725,5020,135
28531,26847,135
10085,10086,135
11731,10085,135
7772,34868,135
7424,7425,135
9509,9615,135
13232,13049,135
4704,4649,135
16675,16671,135
16671,16677,135
10959,40742,135
12893,48601,135
16332,16325,135
48601,49938,135
16496,16516,135
244,250,135
49936,13122,135
16799,24639,135
237,244,135
18727,18730,135
10203,10204,135
42528,42529,135
13479,29634,135
18730,18739,135
15491,15499,134
1980,1981,134
10925,10952,134
25255,16370,134
1158,39221,134
39221,1176,134
9908,8786,134
15861,15715,134
23912,21808,134
27355,27353,134
1324,1336,134
1388,17228,134
1363,1388,134
1336,1363,134
35846,8467,134
9552,8750,134
24704,16536,134
16173,16319,134
12029,36090,134
1981,3796,134
15349,15350,134
18357,18355,134
9615,9915,134
21343,21697,134
2262,17476,134
7194,18703,134
27356,27351,134
4086,4087,134
4132,4133,134
24035,24784,134
20534,4168,134
38909,7582,134
13364,13104,134
2137,2133,134
26369,26372,134
36090,26369,134
38866,36983,134
48502,26133,134
13988,13993,134
16521,16614,134
12243,28310,134
28181,12243,134
2603,1945,134
3495,2603,134
3796,3495,134
2600,2936,134
2936,17059,134
15876,15391,133
23893,16799,133
11289,10664,133
46526,50803,133
29461,29436,133
47341,46526,133
9031,9032,133
39638,22822,133
47173,46901,133
25538,26488,133
42452,42576,133
26488,42099,133
38869,37484,133
5702,5703,133
2196,3595,133
3595,3594,133
3558,2191,133
5770,5702,133
5701,5770,133
24032,21314,133
46901,47341,133
13814,13820,133
13820,12844,133
2176,3599,133
24295,15697,133
34948,8174,133
22,48078,133
4529,4704,133
1176,1178,133
3119,17337,133
603,445,133
16688,16478,133
3173,3174,133
24110,24122,133
17337,3170,133
24122,24118,133
21341,21342,133
11636,8818,133
14075,29365,133
10084,10095,133
10260,10084,133
10189,10260,133
4517,4855,133
25338,15493,133
9994,11636,133
740,647,133
39169,39168,133
51776,47843,133
14136,13992,133
9442,9566,133
6151,18573,133
8794,9971,133
14125,29568,133
29428,13250,133
14189,14152,133
21591,21470,133
16504,16508,133
27451,27339,133
2311,2318,132
18355,18362,132
2318,2312,132
1410,1417,132
37713,35053,132
8935,10689,132
2308,2311,132
21318,14599,132
2307,2308,132
5763,5266,132
2431,36922,132
13864,13001,132
44421,48080,132
830,828,132
23983,24455,132
10027,10028,132
44777,27447,132
24455,23981,132
449,447,132
38118,362,132
22345,16805,132
48083,13575,132
726,329,132
329,51257,132
21798,12975,132
51257,310,132
310,305,132
3602,3603,132
3603,2177,132
1294,3996,132
213,206,132
16372,16377,132
1879,1877,132
255,261,132
16805,23891,132
1111,1081,132
13157,13901,132
15841,16180,132
21598,21356,132
16297,25240,132
3718,3234,132
35762,35764,132
13582,51074,132
13251,29352,132
10225,47016,132
15419,15420,132
10647,10627,132
48396,28750,132
49634,4239,132
2309,2310,132
2873,3445,132
3445,2625,132
14343,14047,132
2625,1924,132
1924,2530,132
2320,35674,132
50973,3431,132
13659,13682,132
2316,2314,132
2314,2479,132
2479,2317,132
2143,3490,132
2317,2587,132
15560,15561,132
2323,2320,132
25698,25699,132
13255,51418,132
9553,10321,131
3142,1360,131
34968,7445,131
1350,3142,131
47094,47119,131
1372,1403,131
23316,23320,131
27339,27456,131
49950,13559,131
49927,49950,131
5722,5721,131
10472,10473,131
27523,27528,131
18470,35332,131
12880,12854,131
16267,16263,131
14606,24456,131
26104,25694,131
29432,13334,131
29472,29473,131
34546,34489,131
1304,1320,131
5319,5320,131
1320,1350,131
42862,13601,131
22080,21404,131
24118,24106,131
43190,44369,131
42581,4026,131
13473,13477,131
9586,10588,131
23110,21608,131
12815,13856,131
3791,3892,131
1861,1864,131
26349,25522,131
3708,3303,131
3303,3304,131
11561,9412,131
26301,26103,131
13559,13141,131
2197,2196,131
27854,27873,131
27456,27474,131
27474,27469,131
3726,3786,131
606,639,131
3786,2466,131
2466,2218,131
44471,50609,131
2218,2181,131
2181,2193,131
2193,2197,131
13641,13639,131
13420,24157,131
36928,7532,131
24763,16006,131
2051,3816,131
38136,37775,130
35761,35762,130
24178,801,130
24179,24164,130
51170,38866,130
18748,18735,130
3706,2250,130
18739,18748,130
14108,14111,130
4044,1307,130
18362,18371,130
35785,35782,130
16679,21537,130
25126,16481,130
23443,23448,130
456,457,130
50821,42452,130
24112,24114,130
1467,1438,130
43443,43441,130
19581,18834,130
10290,11894,130
34265,20703,130
44697,15866,130
9822,37730,130
1862,3694,130
10846,37260,130
16177,16176,130
16505,16608,130
2561,2011,130
10463,10460,130
1326,4044,130
2012,2695,130
21342,21343,130
38692,23861,130
37730,38682,130
2393,2396,130
10468,10463,130
1124,48340,130
21120,21115,130
48481,9048,130
13270,13892,130
2956,3328,130
11030,41664,130
16230,23362,130
23859,44697,130
13135,29419,130
524,525,130
10455,10456,130
23493,23492,130
14343,29345,130
44200,27605,130
17229,1467,130
7469,7607,130
11015,11013,130
48664,9310,130
7535,49848,130
50007,21368,130
7546,7559,130
24638,23565,130
23031,23032,130
11969,44200,130
24509,24510,130
12771,28241,130
457,458,130
29344,29345,130
11013,11000,130
24201,13341,130
4243,19877,130
16387,16168,130
23461,23446,130
2530,2529,130
21366,50007,130
2502,3402,130
42736,50869,130
27585,48396,130
16388,16387,130
10289,10290,130
3513,3302,129
15818,15796,129
21211,21198,129
18382,18387,129
3306,17468,129
22983,24774,129
17104,2746,129
35658,3518,129
9910,8977,129
25694,41246,129
16789,33938,129
3518,3499,129
16263,50380,129
13521,13523,129
21319,21320,129
13517,13521,129
3305,3306,129
3915,2285,129
3709,35658,129
3304,3305,129
35038,7835,129
3499,3513,129
1909,1907,129
639,396,129
7834,35038,129
13227,13120,129
21815,21867,129
35782,35761,129
10366,9289,129
14602,14603,129
24405,14602,129
9289,10491,129
24505,24507,129
21867,24151,129
10204,10652,129
22291,24134,129
10652,10205,129
50648,44444,129
35764,35755,129
8795,8796,129
41931,50648,129
34971,35055,129
2804,1860,129
9811,43394,129
43394,10009,129
38927,554,129
47841,48898,129
13378,13373,129
23860,15593,129
25924,11940,129
2894,3182,129
16508,16507,129
27280,27279,129
8825,10027,129
2745,17104,129
1380,2730,128
10535,10536,128
15618,15392,128
28117,26471,128
16400,25294,128
16401,16400,128
1292,2928,128
10845,41049,128
48039,17505,128
48397,26353,128
10536,10537,128
208,214,128
14152,29464,128
9595,10484,128
7607,7343,128
15526,25129,128
12025,48397,128
37470,1910,128
47051,43442,128
395,606,128
7525,7524,128
13911,13904,128
49234,89,128
2310,2501,128
25612,25611,128
24870,15000,128
37775,37470,128
25635,25647,128
28230,51430,128
26251,12025,128
2928,1298,128
43276,43271,128
7527,7642,128
2531,1985,128
10537,10672,128
25294,25296,128
25296,16285,128
35757,35767,128
10538,10539,128
51491,26538,128
27579,51491,128
27510,12000,128
35755,35757,128
4220,21270,128
8851,8703,128
10671,10541,128
42714,42717,128
10672,10538,128
10062,9809,128
8990,10985,128
2964,2233,128
44873,44880,128
15554,15555,128
42717,42720,128
10539,10540,128
10540,10671,128
1307,1292,128
2200,2201,127
2018,3732,127
16406,16407,127
2199,2200,127
2944,2199,127
2561,2017,127
265,42654,127
8966,9733,127
23490,23489,127
20473,20474,127
28968,26058,127
40791,51170,127
77,22345,127
41599,23036,127
3892,3792,127
23115,46520,127
16407,15802,127
35848,9552,127
10779,35848,127
26654,27622,127
13520,13517,127
22110,22111,127
22111,21800,127
5715,5716,127
5716,5266,127
28241,26799,127
26799,28242,127
43205,13493,127
20475,20587,127
29462,12973,127
35769,35837,127
20850,41639,127
19750,20850,127
18108,20435,127
40792,40791,127
20474,20475,127
44887,8862,127
19429,19428,127
21951,24532,127
21400,21401,127
380,536,127
13929,13841,127
14285,14284,127
1926,1921,127
2359,2476,127
2529,1926,127
35055,8388,127
18834,20090,127
23032,22192,127
7568,35046,127
24180,24178,127
14060,29343,127
10009,38124,127
38124,8830,127
2717,2718,127
1907,2717,127
21188,21189,127
9842,9960,127
21189,21172,127
1988,2437,127
1934,1933,127
34218,3977,127
21172,19429,127
13998,13999,126
13990,13994,126
13994,13998,126
7520,7517,126
13252,13274,126
2730,1409,126
10584,10481,126
4043,1380,126
7521,7520,126
7522,7521,126
7524,7522,126
871,872,126
26390,26333,126
12893,48083,126
9616,9617,126
38682,50150,126
14283,14286,126
14286,14289,126
24722,23950,126
1857,3962,126
25939,25940,126
51528,13306,126
26471,26472,126
3328,2021,126
46976,46717,126
7912,8415,126
13223,13111,126
18479,21107,126
17233,1354,126
18480,4650,126
9878,9581,126
9618,9616,126
1354,4043,126
2480,2484,126
12865,13748,126
14175,14174,126
9425,10710,126
6254,4530,126
23840,23842,126
33940,24053,126
16491,16004,126
2277,3012,126
13040,33862,126
41171,41050,126
4729,4510,126
21799,21319,126
27301,27274,126
11339,9908,126
5498,18687,126
44063,44061,126
22470,21681,126
20584,20473,126
43435,44409,126
9425,9426,126
9426,9555,126
9555,9557,126
23842,23858,126
27274,27291,126
35767,35769,126
23938,23931,126
35837,50942,126
3694,3290,126
49545,21302,126
25590,25591,126
29464,14143,126
14290,14285,126
1345,17233,126
1298,1345,126
26161,25493,126
44758,28466,126
26518,26161,126
49784,11574,126
27291,27296,126
618,605,126
50150,10846,126
4763,4875,125
14287,14290,125
11897,10193,125
23223,38111,125
15486,23223,125
23359,40538,125
20587,20586,125
592,237,125
46490,50560,125
27098,27100,125
27091,27098,125
27089,27091,125
26655,27918,125
9922,11237,125
26213,25543,125
4542,4775,125
16573,16574,125
3966,1866,125
35835,35791,125
13290,13036,125
49723,27140,125
50560,50559,125
25810,28246,125
14368,14283,125
8456,8457,125
13232,12944,125
46976,46490,125
15699,24134,125
24783,24060,125
2955,36871,125
873,870,125
16330,16332,125
27276,27277,125
24015,24017,125
24044,24039,125
24031,24044,125
27277,27278,125
18953,20696,125
18443,18444,125
16182,25207,125
15814,15503,125
8422,8124,125
8124,34693,125
34693,8421,125
25207,16297,125
12088,12299,125
42605,42598,125
16182,16404,125
22544,22545,125
44251,25366,125
3115,2739,125
10840,10847,125
21345,21671,125
15360,22076,125
3331,1090,125
13357,42863,125
11737,8792,125
15350,15292,125
15289,15349,125
2739,2364,125
15295,15294,125
42004,41994,125
19264,5088,125
25515,38112,125
20586,6895,125
9557,9559,125
29323,29337,124
10136,11793,124
10485,11805,124
17468,2263,124
2254,2880,124
29337,13442,124
11009,11008,124
294,286,124
9997,10251,124
36107,3722,124
6889,20571,124
21680,16807,124
21316,24784,124
15718,25127,124
25081,15908,124
10595,11811,124
801,24120,124
10087,9686,124
16509,16511,124
13363,29418,124
15322,15323,124
4647,4648,124
23106,15327,124
18389,18407,124
18407,20722,124
4648,18425,124
20722,20308,124
5337,5307,124
15503,50229,124
10028,43393,124
13748,13745,124
1943,1944,124
1360,17212,124
38112,42161,124
42161,26266,124
11008,10984,124
23858,23857,124
11031,11030,124
1933,2425,124
50929,49455,124
2425,1943,124
49455,43814,124
14822,454,124
23857,23856,124
24408,48862,124
11018,11009,124
1944,1931,124
21318,21799,124
9390,10087,124
29305,44001,124
15178,15425,124
7344,7394,124
13354,29339,124
14234,14231,124
8772,11424,124
2296,2585,124
2585,2294,124
2171,3959,124
9382,9458,124
2971,3529,124
15859,977,124
44370,16305,124
29416,13189,124
10089,9389,124
16330,16325,124
9389,9390,124
18579,21306,124
15365,15381,124
21056,18579,124
18563,21056,124
5324,5325,124
15366,15365,124
549,543,124
8486,7568,124
11537,10686,124
44419,42300,124
36095,36096,124
29355,29356,123
24535,24536,123
1918,1919,123
14045,13251,123
1921,1918,123
46555,46717,123
9794,9795,123
2853,2809,123
1919,3307,123
4203,21086,123
25556,25557,123
7534,7533,123
2091,2089,123
21287,21294,123
9802,9794,123
10929,10926,123
18807,19323,123
51116,10062,123
2809,3693,123
29018,29019,123
3693,17402,123
4775,4562,123
9013,9014,123
3307,2853,123
35302,8733,123
20435,19749,123
2502,35837,123
21868,49552,123
14612,50485,123
8818,9988,123
9014,9015,123
15288,15291,123
772,44302,123
9015,9009,123
10366,9565,123
11068,11259,123
50559,46555,123
17737,17734,123
16084,15586,123
4152,18448,123
40790,35973,123
23885,23756,123
15436,47876,123
13787,13630,123
28207,28208,123
13055,13223,123
24986,49996,123
21629,15326,123
41513,41989,123
29019,12432,123
24116,23731,123
1184,1195,123
24848,50259,123
25611,26473,123
4198,19774,123
8917,10165,123
34158,5518,123
25366,44248,123
18687,18953,122
21869,24150,122
27873,27835,122
11969,27605,122
34082,34083,122
9686,9370,122
38652,38655,122
48031,3368,122
41961,29303,122
28292,28307,122
25092,44250,122
14351,14132,122
17499,2094,122
35622,2333,122
13745,13742,122
50971,3159,122
21317,21818,122
9352,10084,122
8617,45042,122
10686,10089,122
21678,21679,122
29378,29349,122
24140,24135,122
24012,772,122
24137,24140,122
23431,23443,122
49385,6377,122
2396,2713,122
29344,14344,122
25640,28906,122
15351,24199,122
49977,4791,122
29339,14100,122
7489,41217,122
11844,10769,122
43878,27510,122
13478,13474,122
7488,7489,122
2740,37466,122
49689,26696,122
16394,16392,122
35771,35501,122
11729,10610,122
26669,27622,122
13060,13057,122
7434,7435,122
7435,7436,122
22928,971,122
16396,16394,122
13828,12845,122
3324,35801,122
8123,8422,122
10497,10689,122
2359,2740,122
25650,25640,122
25984,26469,122
28208,49689,122
29053,29298,122
25565,25566,121
25557,25558,121
1154,1111,121
16574,16563,121
11510,9432,121
5693,5694,121
5429,5430,121
5694,5695,121
5695,5696,121
43770,43769,121
5428,5429,121
15807,15835,121
15834,15881,121
24416,24417,121
24133,16570,121
22688,830,121
24147,24146,121
49996,24147,121
23924,23920,121
24095,24094,121
24173,23577,121
23976,24095,121
10394,11266,121
18551,18549,121
11512,34267,121
23438,25424,121
24016,25358,121
9490,11512,121
25995,25996,121
23841,23552,121
9489,9490,121
41954,26111,121
25587,26108,121
8710,8795,121
8675,41244,121
10084,10236,121
12893,13129,121
2679,1586,121
9556,9427,121
18410,4195,121
13206,48415,121
13878,13879,121
26293,25626,121
517,449,121
25882,25556,121
12757,29016,121
5020,49559,121
51058,12757,121
29325,42707,121
9739,9289,121
7586,7585,121
14174,14394,121
9427,9424,121
2539,2414,121
8750,10472,121
2612,2613,121
12007,27522,121
44961,10747,121
2613,2539,121
9977,9978,120
28913,26454,120
9978,9797,120
49614,4202,120
39560,44625,120
16541,16553,120
9797,11798,120
44625,44627,120
21821,24734,120
29634,13488,120
16613,16506,120
11798,9875,120
14193,49372,120
27236,28591,120
10433,10480,120
28591,28693,120
22088,21833,120
23447,23460,120
43958,42003,120
42003,43957,120
49176,48928,120
21061,4655,120
43275,43313,120
12888,12844,120
4936,4664,120
16901,22088,120
26295,25980,120
2294,2295,120
3075,41290,120
41290,3381,120
15799,15797,120
43319,13368,120
16554,16556,120
2879,2243,120
11027,10981,120
16553,16554,120
9976,9977,120
9795,9976,120
21870,21869,120
26332,26335,120
27354,28656,120
27352,27354,120
51000,23259,120
25566,25567,120
25567,25568,120
25568,25569,120
25569,25570,120
48060,1141,120
15327,23002,120
11978,39561,120
2333,2489,120
26304,25934,120
44258,10328,120
18409,18420,120
43486,24014,120
14280,29466,120
42721,41163,120
12876,13644,120
9264,9075,120
10563,10042,120
19693,5094,120
44375,40637,120
18385,21111,120
5325,6373,120
15634,15628,120
12963,16489,120
40024,10563,120
10042,10071,120
15628,24210,120
448,516,119
14710,2563,119
8973,11600,119
50229,43328,119
5435,5436,119
446,448,119
13618,13605,119
16681,16030,119
18442,18431,119
14059,14076,119
25810,46257,119
18418,19424,119
13785,12988,119
16354,16008,119
10320,10108,119
25973,50238,119
5913,17853,119
5329,5330,119
9262,9265,119
5673,5312,119
25594,25891,119
40543,43346,119
51803,51801,119
6021,20091,119
50631,51803,119
29482,42863,119
5243,7222,119
43520,812,119
4511,5026,119
25860,29050,119
12837,48265,119
21373,21362,119
16362,24296,119
4130,4131,119
21371,21372,119
21372,21373,119
42923,39810,119
9064,8731,119
15619,15670,119
16759,16816,119
6004,37203,119
22179,23158,119
23071,22179,119
8617,10747,119
27852,27854,119
19455,4888,119
39830,40543,119
15644,16362,119
8447,9264,119
13374,13379,119
970,24034,119
358,42786,119
24136,24139,119
50499,49936,119
3722,2322,118
27295,40423,118
2258,2473,118
21269,4224,118
23875,23872,118
24296,25100,118
38143,22072,118
23217,16850,118
9265,44736,118
4129,1752,118
16279,15806,118
4666,35291,118
2170,3839,118
15806,15594,118
27835,27817,118
9056,27833,118
20580,20581,118
20581,20582,118
10034,10037,118
43316,44006,118
2513,2114,118
4026,1144,118
29438,14269,118
9553,10281,118
13676,13129,118
35587,7559,118
23891,22347,118
11811,10593,118
258,255,118
44536,44535,118
44535,43316,118
9559,9730,118
12987,12823,118
23446,23438,118
23081,24098,118
16008,16007,118
1624,36079,118
13054,14129,118
17282,1456,118
17048,17487,118
9054,8638,118
28310,28209,118
33940,970,118
7412,7413,118
4205,18972,118
1752,1753,118
25558,11934,118
24246,24243,118
3529,17279,118
21600,21390,118
14081,13053,118
18735,20795,118
20582,20583,118
16785,16817,118
16188,16189,118
23217,34140,118
23707,23708,118
26261,26262,118
17279,17192,118
5319,21271,118
24091,23747,118
21271,4216,118
17734,17721,118
49283,22356,118
20578,20579,118
4216,4219,118
43521,43520,118
48928,48924,118
20579,20580,118
44439,44700,117
9261,9262,117
4998,19072,117
35047,7541,117
15569,15781,117
1071,1051,117
25972,25973,117
25697,25698,117
15831,15871,117
14837,16694,117
14693,14710,117
10264,44258,117
13807,13805,117
29482,13356,117
24007,24005,117
507,590,117
21603,21377,117
15990,25917,117
35626,35837,117
3162,35626,117
3161,3162,117
9563,9515,117
17991,17993,117
9291,9294,117
25358,24007,117
29440,29441,117
23099,23101,117
624,738,117
9289,9292,117
14205,14207,117
10309,10025,117
44372,44371,117
24739,22835,117
50150,44418,117
21376,21603,117
10452,10455,117
23874,23878,117
16792,16793,117
26165,25830,117
22934,16770,117
35613,8457,117
39638,22372,117
49132,49143,117
16791,16792,117
22188,22220,117
21388,21600,117
13051,14104,117
34335,34495,117
10668,10542,117
51596,15604,117
16610,16504,117
16168,43978,117
27286,27287,117
27287,26967,117
49466,9959,117
14475,13637,117
15845,15862,117
10157,11617,117
49130,49107,117
10848,10843,117
23415,23873,117
21872,13170,117
23873,23874,117
38857,11071,117
26808,26784,117
5328,5329,117
25990,25930,117
9552,10179,117
10156,10157,117
15878,15877,117
2515,2516,117
1090,1125,117
10542,10543,117
26131,48914,116
16975,16968,116
42796,42799,116
34238,9674,116
10587,10588,116
20776,18389,116
14078,44375,116
15865,15886,116
17194,2971,116
19253,18679,116
17344,17194,116
34221,17344,116
545,546,116
25995,25987,116
42798,42796,116
972,34111,116
3258,3259,116
3724,3324,116
35622,3724,116
3259,17057,116
3723,2905,116
2322,2909,116
17057,17054,116
25087,48268,116
13263,13804,116
42801,42798,116
9564,10274,116
19322,18807,116
13088,13241,116
29298,35276,116
3319,3320,116
3318,3319,116
3317,3318,116
2113,2514,116
10176,9564,116
3257,3258,116
40885,48645,116
17183,3257,116
19314,6004,116
16212,16259,116
24094,24092,116
27281,27283,116
9677,9678,116
27283,27298,116
23134,23136,116
25097,23134,116
50250,15860,116
18008,18713,116
15274,15270,116
444,602,116
1932,2738,116
26969,27589,116
44499,41756,116
17062,2600,116
3256,17183,116
25252,25251,116
2905,2482,116
26477,25513,116
11814,10170,116
5425,5426,116
26700,26874,116
1098,38659,116
14256,14245,116
9605,9604,116
5426,5428,116
11625,8963,116
25507,25514,116
40091,25507,116
5705,5706,116
26098,27390,116
15224,22235,116
27390,26087,116
40778,38681,115
21321,21322,115
38681,9896,115
13851,13852,115
9678,9679,115
24139,24138,115
14588,14024,115
27595,28881,115
24138,21519,115
21152,6197,115
7533,7580,115
13181,29455,115
25540,25541,115
28612,26009,115
13026,13933,115
34647,34654,115
24098,24099,115
18570,18571,115
24156,44900,115
14342,13465,115
9679,9319,115
13465,43277,115
25832,25833,115
2106,3790,115
50610,43506,115
1881,2824,115
27589,27598,115
1471,1456,115
42446,50610,115
43506,44867,115
23955,23959,115
48815,24509,115
16775,24685,115
1305,42613,115
7417,7392,115
6373,5326,115
42613,3425,115
23959,23968,115
39628,26218,115
13966,13956,115
8755,9352,115
9909,10186,115
43297,8468,115
13522,13518,115
13518,13519,115
23942,23955,115
9332,9564,115
23906,14613,115
49143,49098,115
13892,13894,115
4736,49977,115
27825,44199,115
23027,23028,115
41977,42013,115
11844,9674,115
42013,42012,115
5266,6059,115
41976,41977,115
49107,49129,115
9733,49074,115
24273,16478,115
42863,13522,115
49098,49130,115
22117,22236,115
14210,14214,114
750,22742,114
3387,3388,114
26113,26112,114
10838,36979,114
2769,1930,114
26112,42024,114
16097,16098,114
12597,26113,114
1747,3975,114
21633,21369,114
14214,14217,114
26448,25977,114
13915,13214,114
24278,16418,114
12931,13955,114
44290,44289,114
39179,41749,114
40538,14576,114
23273,825,114
48645,23359,114
27297,27284,114
27478,51569,114
27284,27280,114
5063,4736,114
1324,3395,114
5327,5336,114
18020,18015,114
5714,5715,114
5671,5672,114
42484,42486,114
23136,24856,114
12026,42024,114
9828,9829,114
940,943,114
12823,13204,114
10106,9688,114
5091,5092,114
25882,25590,114
220,582,114
5285,5671,114
581,220,114
276,581,114
272,276,114
21174,18659,114
34716,8414,114
27498,27478,114
46319,42484,114
46725,10595,114
26063,28612,114
22162,22163,114
26062,26063,114
26067,26041,114
2883,3718,114
43978,16137,114
3493,3857,114
27298,27299,114
27849,27846,114
27846,27852,114
13440,13392,114
13392,29335,114
29434,14377,114
25368,51776,114
39180,39178,114
3857,2618,114
40531,643,114
14074,14072,114
13629,13786,114
318,300,114
14072,14058,114
11970,44197,114
15367,15368,114
22205,22062,114
14377,14378,114
26041,26062,114
17317,2160,113
19290,5999,113
13054,14351,113
12838,13862,113
37257,10106,113
15492,25414,113
3106,3107,113
51569,12007,113
9690,10097,113
23445,23447,113
18421,7216,113
49994,24986,113
42035,35741,113
35741,35742,113
35742,34142,113
16783,16784,113
34142,38710,113
38973,25058,113
5999,40418,113
44329,44372,113
13189,14367,113
13955,13842,113
41130,23309,113
3931,3007,113
17983,44440,113
10981,10976,113
29516,12925,113
13993,13989,113
24443,24441,113
18041,20748,113
40150,26531,113
13000,29516,113
13907,13966,113
49129,49097,113
14132,14133,113
3699,3998,113
27300,27297,113
14013,14545,113
2151,3699,113
15841,15806,113
22236,22118,113
14603,24409,113
24409,827,113
25809,26848,113
13204,42877,113
27081,27099,113
3167,34296,113
3166,3167,113
21528,21871,113
12120,12121,113
25734,28471,113
18371,49903,113
37065,9690,113
23309,15905,113
1917,1920,113
19391,19388,113
16489,44135,113
20618,18040,113
43791,10647,113
2516,3765,113
287,281,113
11003,10999,113
1920,1922,113
16034,23854,113
290,285,113
8135,8136,113
21048,19359,113
27813,27825,113
4676,21061,113
3202,3203,113
8324,8133,113
50550,24126,113
3204,1917,113
3203,3204,113
8133,8134,113
19359,18195,113
49903,18395,113
4666,19391,113
10984,10980,113
8134,8135,113
1757,4130,113
25917,25918,113
18390,18397,113
48267,12838,113
38710,34147,113
3107,1927,113
1922,3106,113
4004,1376,113
18394,18390,113
1927,1923,113
14133,14353,112
5323,5324,112
13796,13797,112
26246,26244,112
26114,26171,112
27399,26114,112
3050,3868,112
13797,12929,112
11020,11012,112
8843,10132,112
2570,2835,112
18108,19374,112
13453,29647,112
38111,15418,112
18707,18712,112
9590,8839,112
42099,26292,112
34465,43381,112
10132,10644,112
1905,2705,112
16168,50551,112
49988,24855,112
9314,9539,112
5317,5318,112
9313,9314,112
8121,8122,112
11719,9313,112
5743,5744,112
4127,4128,112
23956,48249,112
48438,48640,112
9336,11719,112
10233,11904,112
9335,9336,112
8120,8121,112
15812,15868,112
8420,8120,112
9966,9335,112
5744,5705,112
41962,29213,112
25592,25593,112
4722,4969,112
22266,21859,112
21270,17748,112
17200,34221,112
3789,2515,112
16030,21715,112
28889,42886,112
10318,41932,112
29213,29302,112
25423,23491,112
10491,9515,112
9688,9689,112
3989,2390,112
13103,14549,112
41932,50649,112
2390,2391,112
39765,39785,112
50649,41930,112
10621,50484,112
21681,22340,112
43346,1569,112
42886,28888,112
4969,19467,112
22347,22470,112
26530,41962,112
41243,10109,112
10097,10165,112
39477,39478,112
39766,39477,112
45016,26528,112
44288,39766,112
35632,3602,112
7597,7439,112
2514,3789,112
12886,13788,112
14548,13817,112
41928,44446,112
25977,25978,112
2391,2633,112
41930,41928,112
22267,22266,112
4928,19694,111
9663,9635,111
9635,9481,111
7554,34678,111
49359,9663,111
44079,41751,111
27099,27097,111
1923,1925,111
17335,17474,111
27092,27374,111
19775,20471,111
3544,3202,111
48403,13580,111
26438,28186,111
25123,15909,111
195,593,111
50260,35283,111
24309,23880,111
49097,49095,111
23098,23099,111
14078,29365,111
15907,25092,111
6716,6717,111
25210,16298,111
19458,19775,111
10209,10158,111
4518,4928,111
26526,26255,111
27459,27450,111
4208,18363,111
5318,5319,111
22167,22168,111
5322,5323,111
12845,12840,111
2402,51258,111
42750,10490,111
15790,25138,111
10069,10791,111
12891,12845,111
6197,19431,111
16007,16009,111
13127,12858,111
19431,21173,111
601,506,111
15988,15989,111
13983,13984,111
14073,14074,111
50851,16491,111
14144,29460,111
399,24927,111
37117,399,111
41565,41567,111
36079,36031,111
13263,13810,111
17051,3190,111
12207,12208,111
16789,16790,111
5026,4790,111
742,751,111
738,456,111
15370,15292,111
13136,13730,110
51528,13259,110
14832,14837,110
10716,11292,110
4511,41743,110
14731,624,110
26322,26320,110
25530,25598,110
25598,25606,110
13742,13358,110
5760,18691,110
15810,49366,110
3563,2132,110
23553,23840,110
18434,18423,110
25606,26306,110
44466,13483,110
15872,22928,110
40530,40531,110
16788,48441,110
43811,41163,110
13667,13652,110
3311,2099,110
43699,43709,110
10442,10443,110
13873,13003,110
39478,39476,110
1950,1956,110
14016,14014,110
49171,21629,110
8136,8420,110
41756,39177,110
10501,10458,110
5243,18458,110
10186,11726,110
16603,16604,110
26278,25883,110
2095,2096,110
14332,13252,110
23653,23559,110
2096,3311,110
27136,27134,110
23049,23050,110
10335,10564,110
10441,10442,110
44871,42446,110
11033,11026,110
43290,42865,110
44252,16766,110
50830,13895,110
3291,2892,110
4261,19380,110
548,551,110
10564,10025,110
4134,39090,110
949,946,110
24121,24127,110
546,548,110
11012,11033,110
15812,16264,110
4224,4223,110
51804,23115,110
26075,25670,110
26268,26278,110
43700,8862,110
28153,27220,110
13882,50830,110
9431,9413,110
5627,20171,110
39090,3589,110
38801,3916,110
46254,11814,110
946,950,110
13889,13891,110
19457,43403,110
525,38927,110
44061,44017,110
27605,27918,110
50126,21652,110
15907,39311,109
11073,36771,109
12121,25864,109
26302,26135,109
23430,33897,109
24152,21552,109
13604,13615,109
33897,663,109
8393,38910,109
8857,9681,109
51654,48452,109
18386,18399,109
47119,44258,109
10121,9914,109
39785,39784,109
7393,8393,109
27278,27281,109
14050,14052,109
26874,26706,109
17853,21213,109
19621,40330,109
49096,49126,109
49092,49099,109
943,35943,109
14197,14188,109
40338,19621,109
29384,43555,109
15409,15411,109
23986,23993,109
40330,19622,109
10404,10127,109
19622,19623,109
34458,34650,109
21859,22265,109
19623,19624,109
39296,8916,109
9474,9711,109
13098,12905,109
22475,24114,109
27464,27462,109
49099,49091,109
9986,8832,109
9711,9465,109
21187,5913,109
12905,13216,109
22309,22116,109
5912,21187,109
23441,23430,109
9465,9820,109
13987,14050,109
8741,9474,109
10127,10410,109
26134,48503,109
21401,21402,109
49154,49113,109
49152,49095,109
20471,19776,109
22689,22044,109
25068,25067,109
14396,14175,109
1355,1318,109
16691,14854,109
1318,17232,109
17232,1328,109
16572,16509,109
4565,4573,109
7473,7474,109
4875,19821,109
49106,49152,109
7474,7470,109
4573,4959,109
10107,10472,109
4959,4957,109
2893,2700,109
26135,26134,109
5479,5478,109
2373,2660,109
7427,7428,109
22044,22310,109
13103,13319,109
8192,51717,109
49957,37415,109
947,948,109
50551,49957,109
11174,11176,108
18860,18862,108
14138,14136,108
11175,11287,108
9375,9374,108
2126,3761,108
2584,2583,108
10789,8667,108
24456,24418,108
11287,11174,108
42529,14198,108
1569,4133,108
13877,13887,108
49741,25122,108
15798,977,108
24166,24163,108
8825,9814,108
9617,9318,108
15420,15421,108
21092,4675,108
2660,3403,108
35646,38801,108
26265,25496,108
25122,25101,108
14419,14481,108
10515,9432,108
10707,10647,108
41017,16785,108
39476,39765,108
24536,24537,108
48061,44243,108
35381,42435,108
25424,25419,108
29350,24181,108
26266,26265,108
35335,35381,108
43748,13877,108
25709,25667,108
9303,9878,108
4505,4970,108
8962,10683,108
49252,11028,108
19488,4205,108
11177,11175,108
10704,9303,108
35402,26052,108
1115,1132,108
14044,13251,108
27598,27294,108
4576,5037,108
49112,49154,108
49253,11035,108
9475,10683,108
41165,41163,108
10474,37731,108
22178,24500,108
17158,35646,108
38796,51506,108
34156,20194,108
21821,15564,108
5622,18357,108
21675,49234,108
43381,34649,108
748,741,108
16431,16432,108
18788,19799,108
14611,14632,107
8639,10644,107
29455,29339,107
51802,51759,107
13234,13169,107
8825,8826,107
10775,10236,107
21851,22319,107
15411,25090,107
44476,40421,107
44888,35683,107
12118,26588,107
25090,15479,107
9318,9302,107
25692,26106,107
15234,14611,107
13924,13933,107
18423,5617,107
36871,1973,107
44422,45016,107
48027,27301,107
10168,8743,107
49113,49103,107
2033,2034,107
47442,37529,107
24026,23958,107
2032,2033,107
16694,14875,107
34489,34662,107
2031,2032,107
25924,26222,107
4163,18401,107
2908,42485,107
42485,42483,107
22956,15808,107
34465,41801,107
971,15859,107
24708,16572,107
13201,13932,107
3169,3112,107
1996,2039,107
43210,3169,107
21292,18662,107
27288,27285,107
11623,10402,107
34648,34647,107
2661,2373,107
12990,38947,107
16520,16495,107
24537,16650,107
192,15234,107
12918,49203,107
3970,3979,107
22034,23310,107
26089,26094,107
25899,26089,107
9690,11623,107
26966,27288,107
13040,14046,107
33871,25416,107
49091,49148,107
43387,7535,106
41542,26970,106
24491,37102,106
48894,3926,106
16283,16286,106
11237,10163,106
43279,13473,106
4968,4479,106
16917,23106,106
33941,24056,106
25986,12020,106
24056,23081,106
49306,15790,106
4862,4654,106
19776,19777,106
40742,10952,106
19777,19778,106
23280,24273,106
19778,20470,106
20470,19771,106
48607,26963,106
10321,11844,106
49144,49090,106
11933,27663,106
20157,19772,106
19772,6908,106
49114,49144,106
360,359,106
10236,44258,106
10472,10198,106
26963,39361,106
5698,5700,106
10409,43209,106
50608,44473,106
13781,13779,106
29457,14143,106
3069,3932,106
8467,43297,106
13732,12918,106
16544,16541,106
1929,37471,106
44685,44686,106
23147,23071,106
4222,18008,106
37471,1905,106
11477,9064,106
43209,10210,106
26531,25809,106
10243,10409,106
19771,20157,106
22099,48646,106
48996,13202,106
11699,10016,106
44227,41751,106
41049,43699,106
25993,25994,106
15835,16349,106
10199,11699,106
7516,7519,106
25794,25792,106
12110,26554,106
49126,49138,106
188,190,106
49138,49112,106
10198,10199,106
48646,43783,106
4093,4094,106
13726,43652,106
39491,39492,105
29301,42096,105
3956,48889,105
9379,9630,105
2109,2428,105
15345,15348,105
13779,13783,105
28943,41836,105
42096,28943,105
49754,49757,105
3732,3734,105
7547,7625,105
39495,39496,105
42062,39155,105
39492,39495,105
3734,3731,105
7401,7402,105
15344,15345,105
13040,13345,105
10617,8732,105
13822,13648,105
43775,43768,105
13815,13822,105
13819,13815,105
14176,29505,105
2039,2035,105
29505,14171,105
2030,2031,105
10467,10477,105
9378,9380,105
41164,40792,105
13951,13990,105
9385,9378,105
15343,15344,105
9380,9379,105
40044,23441,105
26577,12117,105
9915,9582,105
4156,21178,105
11060,11055,105
15000,14982,105
2836,2058,105
13783,13775,105
9842,11426,105
49119,49114,105
27350,27357,105
42530,42532,105
27293,39718,105
42533,42551,105
11055,10400,105
1688,1373,105
16794,24213,105
13044,15831,105
21356,21355,105
19911,5231,105
49649,49634,105
40739,40741,105
49326,1141,105
13667,50608,105
16624,16623,105
16619,16624,105
25129,15804,105
25685,28927,105
26106,25685,105
10844,51255,105
16461,16462,105
51255,41161,105
11445,10193,105
18972,4213,105
7453,7454,105
4213,49649,105
40162,41956,105
1328,16996,105
19427,18443,105
10486,10487,105
41568,41569,105
4155,4154,105
41567,41568,105
11923,10416,105
10489,11923,105
10488,10489,105
4154,4156,105
10487,10488,105
4206,4859,105
21320,21321,105
35683,40739,105
41569,6280,105
10415,10486,105
8881,8877,105
26093,26080,104
44466,13481,104
13808,12866,104
9667,9668,104
11457,9667,104
41675,18116,104
26817,26826,104
23273,25367,104
5717,6059,104
23848,23847,104
23847,23850,104
13469,13450,104
11995,27162,104
10663,11457,104
26826,26829,104
9668,11472,104
15478,25089,104
11535,10663,104
16305,16180,104
11227,42014,104
42014,9294,104
10662,11535,104
24091,24093,104
25101,15532,104
3908,17158,104
41607,48346,104
9395,9544,104
14054,13182,104
27249,27583,104
9670,9671,104
13434,13426,104
9671,9672,104
21126,4158,104
16148,16020,104
11637,9445,104
8745,9433,104
41045,41048,104
49148,49133,104
49133,49115,104
44962,9619,104
25076,23316,104
38764,38765,104
8749,8750,104
25110,15842,104
51253,34495,104
9669,9670,104
41595,3262,104
5689,5761,104
15528,25110,104
11472,9669,104
3260,41595,104
25240,25246,104
23973,24092,104
25089,25068,104
37420,26160,104
23850,23862,104
1276,42985,104
10071,10272,104
40780,40781,104
40779,40780,104
11644,9919,104
9919,9752,104
9752,9920,104
42689,505,104
16917,15343,104
9920,9916,104
13198,13924,104
419,14788,104
454,419,104
4676,4655,104
9612,8603,104
17107,2745,104
17118,17107,104
13681,13658,104
22825,22803,104
16661,15804,104
551,554,104
15279,15280,104
15280,15322,104
50867,16661,104
15532,15528,104
17115,17118,104
13098,12969,104
15880,15879,104
44016,15880,104
29424,29447,104
25246,40529,104
28307,28294,104
50358,10847,104
13100,14349,104
22434,22544,104
11903,11856,104
1178,1179,104
50238,43584,104
49103,49104,104
14058,14346,104
44079,41750,104
49104,49119,104
2882,3381,104
14077,38939,104
44410,50358,104
23708,22543,104
3277,35815,104
26588,12327,104
27530,12498,103
19457,19455,103
49088,40064,103
15709,15606,103
10840,47400,103
13151,14025,103
1099,3000,103
44053,44054,103
26561,26564,103
39522,43387,103
37251,10131,103
3000,1656,103
7638,7569,103
2018,3952,103
42985,1288,103
4950,4953,103
26554,26561,103
4567,4950,103
26564,26574,103
4790,49976,103
4654,4567,103
21497,21498,103
1707,1705,103
42604,42605,103
23142,867,103
2134,2017,103
1128,1115,103
9021,11282,103
2060,1882,103
41321,41340,103
15422,15423,103
15423,15424,103
13053,40636,103
23777,24775,103
5619,5620,103
28843,28844,103
3428,17445,103
3427,3428,103
25864,26638,103
4880,5063,103
25918,25919,103
50633,43314,103
18835,18858,103
9560,50150,103
8792,9954,103
18547,18551,103
27656,27661,103
1882,1889,103
2059,2060,103
2058,2059,103
37100,24493,103
38389,34226,103
16094,16097,103
9916,10667,103
16112,16110,103
25209,16112,103
13648,13058,103
24493,24494,103
37102,37100,103
10457,10502,103
14955,14960,103
4943,4826,103
6377,5693,103
1955,2695,103
17550,17542,103
29439,14273,103
24508,48815,103
49730,41321,103
11847,11844,103
9456,46430,103
43956,14532,103
288,284,103
21173,5912,103
13731,13720,103
13712,12841,103
23747,22519,103
9695,11847,103
14188,50440,103
50440,43956,103
51430,26711,103
13295,12952,103
2930,2598,102
8413,34716,102
24510,24511,102
2660,35837,102
20639,20640,102
47762,21507,102
13035,38940,102
13120,13035,102
5312,5313,102
2598,17100,102
17100,2934,102
22989,22990,102
22261,34082,102
34083,49176,102
15856,15810,102
2292,2584,102
41223,11303,102
14875,16691,102
22519,21549,102
8877,41223,102
21549,21361,102
549,547,102
27469,49723,102
18662,18681,102
22974,22975,102
2291,2292,102
7375,7378,102
7372,7375,102
10792,51267,102
2746,2930,102
9830,9831,102
15722,16369,102
9599,51003,102
37260,10775,102
14596,34277,102
51003,10012,102
26177,25990,102
41946,3194,102
49108,49105,102
49115,49108,102
15372,23125,102
39535,39534,102
50378,16287,102
46704,37039,102
19615,18366,102
16391,25224,102
12992,12993,102
23125,15315,102
40536,23319,102
16600,16599,102
9478,8743,102
2573,2836,102
9046,9553,102
15533,16657,102
28891,25502,102
19555,19556,102
49090,49121,102
26160,25540,102
18399,5240,102
41518,1158,102
27338,27453,102
9393,10688,102
9366,9393,102
10135,9366,102
2100,3312,102
43279,13448,102
49121,49116,102
3867,17329,102
49116,49122,102
49122,49134,102
23299,25297,102
3312,2097,102
2097,2098,102
10503,9600,102
17748,4221,102
8141,8142,102
8394,8138,102
25524,25600,102
8142,34691,102
15842,15848,102
24069,24064,102
11648,10082,102
40781,8394,102
8147,8141,102
10082,10096,102
25600,26204,102
1449,1460,102
8140,8147,102
175,174,102
26207,25524,102
1051,4134,102
25510,26519,102
25766,29305,102
15848,25138,102
25493,25510,102
49756,49773,102
18239,4859,101
13205,13765,101
23050,23051,101
24765,35287,101
5620,18387,101
13857,51811,101
22060,24117,101
11516,10665,101
40697,45014,101
15061,15060,101
50382,188,101
18420,5240,101
16352,35694,101
10417,11516,101
13953,12937,101
1041,1046,101
24497,742,101
5330,5335,101
7619,7562,101
20438,19703,101
18426,18477,101
20458,20437,101
29473,14274,101
23048,23049,101
24258,24257,101
16186,16189,101
24257,24255,101
24248,24256,101
8750,10319,101
18416,20776,101
24255,24245,101
38685,38683,101
20848,20438,101
44687,13693,101
17227,1456,101
15351,15877,101
24318,25282,101
15056,15061,101
14186,14190,101
20576,6887,101
15046,15056,101
7447,38912,101
6887,20639,101
15248,15046,101
17610,5575,101
50379,23259,101
21415,21944,101
19389,21142,101
24132,21419,101
9497,9644,101
22742,50853,101
23123,6,101
35314,18957,101
5266,5372,101
22235,2563,101
11094,11120,101
786,24057,101
41048,4659,101
23436,23445,101
12117,12118,101
2851,1969,101
28243,28244,101
13804,13169,101
869,24394,101
14332,29343,101
24119,24121,101
4980,4598,101
29474,14358,101
14111,14113,101
26829,26830,101
43395,43932,101
14128,13052,101
22356,38973,101
26574,26577,101
36997,36998,101
36998,15034,101
5085,4590,101
12929,13801,101
13955,13841,100
26190,27118,100
16559,16555,100
16558,16559,100
22174,22130,100
16676,23355,100
23892,16800,100
22130,25325,100
24717,24132,100
4656,4515,100
2960,3815,100
41193,41195,100
39086,41193,100
44686,22316,100
14059,29358,100
16103,43053,100
43388,43390,100
28347,28349,100
5821,17991,100
14101,29336,100
16555,16538,100
12889,13726,100
15424,15425,100
18449,18450,100
9711,9884,100
4008,43345,100
43390,7580,100
3761,2100,100
16892,21394,100
20234,7285,100
24199,15878,100
25502,25514,100
24534,24535,100
25891,25892,100
21682,21683,100
14075,38939,100
18858,18859,100
16380,24229,100
49653,24390,100
42460,44887,100
589,507,100
41888,42515,100
42532,48962,100
48962,42533,100
2011,2135,100
35589,36928,100
7530,7482,100
34492,51621,100
7567,35589,100
16246,16247,100
14220,14222,100
21498,21499,100
42183,23337,100
14213,14220,100
21971,15562,100
15553,21971,100
43932,43397,100
42840,17004,100
34970,7486,100
7486,7372,100
43397,43399,100
43314,13053,100
40639,29368,100
34273,10846,100
22819,21817,100
14273,29438,100
12780,12781,100
6713,19702,100
16272,16354,100
24177,24179,100
3170,3220,100
25667,25663,100
38162,22252,100
3220,3221,100
3221,3541,100
51462,14121,100
16077,16078,100
26204,25620,100
44374,44376,100
44371,24779,100
35973,22144,100
27115,27423,100
43773,43772,100
3541,3542,100
24063,24070,100
49976,4735,100
44304,38723,99
3343,3547,99
9448,9449,99
11864,9448,99
9449,11731,99
51619,34635,99
16916,43775,99
22975,24641,99
9405,11624,99
25971,25972,99
7378,7444,99
29047,25822,99
18015,18002,99
22089,15271,99
16462,16159,99
9619,10722,99
13371,43319,99
49675,8862,99
18448,18449,99
23459,15491,99
42257,42461,99
42461,35338,99
3765,2106,99
24641,22374,99
48461,48462,99
37732,10727,99
47006,47213,99
15300,15380,99
13693,13686,99
7582,8496,99
49105,49156,99
27528,27529,99
3332,3333,99
51183,9526,99
14099,14100,99
18497,19385,99
49443,12768,99
4242,42736,99
40336,40338,99
9759,9760,99
9760,11708,99
9408,51002,99
16557,16598,99
10990,10949,99
11708,11540,99
51002,38123,99
4198,6973,99
42313,24513,99
9376,9373,99
11540,11470,99
44038,44060,99
22839,22614,99
24759,22356,99
22374,24759,99
358,38118,99
13765,13763,99
9308,9309,99
51270,13319,99
40331,40334,99
25947,25948,99
22116,21595,99
9757,9758,99
16622,16625,99
29384,13367,99
9300,9307,99
9758,9759,99
44680,34217,99
40329,40331,99
16776,16797,99
2858,1958,99
13163,13427,99
27447,27451,99
40334,40336,99
16760,16759,99
9307,9308,99
27834,26557,99
38116,1883,99
13740,13179,99
1878,38116,99
9329,10033,99
9970,10063,99
353,42785,99
6722,18821,99
29016,49443,99
9656,11227,99
37203,18814,99
14039,29345,99
13595,47406,99
1883,1884,99
1884,1885,99
25971,27135,99
14692,14720,99
34240,9757,99
1294,3956,99
10124,9711,99
4675,4838,99
17724,17735,99
14298,14299,99
24106,773,99
27444,27443,99
14575,40450,99
547,526,99
526,37538,99
27400,27444,99
5269,5270,99
38617,16932,99
9309,9329,99
16349,24318,99
13861,13862,98
2752,17093,98
10418,10419,98
13743,13746,98
17093,17091,98
11548,10418,98
10665,11548,98
17091,17062,98
24511,24848,98
40898,264,98
48269,24722,98
10419,10420,98
21599,21388,98
25227,25225,98
25620,25635,98
4735,4741,98
27100,27077,98
25336,25337,98
9031,11001,98
24235,14298,98
14302,24235,98
14301,14302,98
21157,21160,98
10866,9010,98
13520,44457,98
9021,8863,98
34217,44681,98
34964,7606,98
27531,27532,98
11785,10615,98
21366,23112,98
2753,3256,98
22423,22424,98
18401,4855,98
1438,1420,98
7445,7372,98
7606,7469,98
2934,2752,98
26342,46803,98
29416,43952,98
47937,47940,98
17054,3702,98
27203,27501,98
15845,16419,98
21673,22901,98
13090,40636,98
41812,41811,98
39532,39567,98
574,571,98
12938,13955,98
29347,29348,98
24787,21594,98
13364,13952,98
21402,22080,98
24440,24437,98
25261,16393,98
14353,14139,98
13152,13038,98
13042,13075,98
50817,2393,98
15060,15053,98
15053,15043,98
15043,15250,98
18806,19322,98
9475,49354,98
51564,43931,98
598,572,98
16395,16397,98
14039,14344,98
27200,27203,98
48708,35846,98
6717,34157,98
1885,1886,98
13746,13749,98
16538,16543,98
20426,20427,98
44134,15688,98
10960,10990,98
22319,9612,98
12824,13113,98
29353,29369,98
6715,6716,98
571,570,98
16393,16395,98
24256,24259,98
24434,47203,98
13721,13724,98
3702,3705,98
24259,24258,98
13479,13487,98
27192,27190,98
5271,5272,97
17425,35629,97
34461,34464,97
1886,2570,97
25353,24389,97
8603,8439,97
18363,21049,97
25333,25335,97
35630,35631,97
35629,35630,97
15542,15543,97
5270,5271,97
23920,23909,97
7001,7000,97
18502,21157,97
9531,9532,97
8975,9531,97
9744,8963,97
11235,41133,97
25226,16390,97
23942,23962,97
43782,23558,97
11071,10572,97
25223,25226,97
25229,25223,97
12990,13730,97
11292,10742,97
7394,7384,97
36980,43435,97
16105,23222,97
23781,43782,97
29436,29472,97
24920,14693,97
20617,7002,97
7384,7387,97
50894,25333,97
7387,34970,97
18681,51405,97
34460,34461,97
21142,18502,97
7000,20617,97
48266,16489,97
9793,48362,97
7426,8392,97
38910,7605,97
36771,11081,97
24045,24032,97
7605,34965,97
24016,772,97
787,14355,97
10951,11279,97
5071,5072,97
24698,16917,97
24991,24698,97
12082,28211,97
15607,15708,97
48870,15358,97
15439,15870,97
24697,24991,97
17710,17724,97
49117,49102,97
19702,20701,97
17485,3539,97
25058,39638,97
22806,16768,97
7285,7286,97
17488,3870,97
13708,13707,97
27343,25938,97
22614,22806,97
2426,3681,97
3090,2426,97
34146,35743,97
12920,13126,97
14354,29461,97
26848,26700,97
34147,34146,97
16768,16776,97
1936,1940,97
49156,49155,97
49155,49118,97
49102,49127,97
25948,16087,97
198,592,97
23554,23781,97
13686,13684,97
39155,39154,97
13645,13813,97
10102,9542,97
10013,10102,97
21348,21349,97
40889,1471,97
47859,39052,97
14141,14144,97
8843,9498,97
39482,27589,97
23552,23554,97
7547,7557,97
10063,11700,97
15368,16916,97
19774,20570,97
16689,40533,97
18712,18717,97
43939,43940,97
43351,4576,97
36099,36100,96
21715,16676,96
16345,25209,96
13523,13150,96
17735,17738,96
20308,18345,96
18345,18365,96
17999,21276,96
50375,12975,96
9748,9808,96
18484,18454,96
16975,44673,96
16110,16278,96
44665,13206,96
50968,3431,96
46635,9664,96
17192,3845,96
25102,15630,96
596,597,96
21153,18497,96
10324,8734,96
25092,25102,96
48361,8751,96
48362,48361,96
44664,50332,96
11016,11066,96
21158,21153,96
576,574,96
39791,47256,96
24757,24756,96
13501,13494,96
18563,21073,96
577,576,96
24439,24442,96
575,577,96
597,575,96
41552,6285,96
23717,21810,96
28592,28588,96
47116,8614,96
41995,42005,96
25934,25935,96
11624,9646,96
24210,23257,96
1970,2850,96
34112,23848,96
25654,25646,96
6009,19310,96
27533,27482,96
37786,11584,96
14489,14287,96
11584,10215,96
10215,10216,96
34336,34477,96
25076,44250,96
43395,9830,96
13320,49715,96
13056,49715,96
24102,24100,96
24100,24097,96
24097,786,96
48415,49210,96
2602,17115,96
10492,10519,96
38725,15746,96
3260,3262,96
28845,26012,96
4633,18481,96
8757,8758,96
15870,15634,96
18477,18484,96
13596,12887,96
12814,12924,96
17538,17551,96
16402,16373,96
21304,4243,96
50556,39830,96
44673,44670,96
44670,44675,96
10445,48500,96
20748,7001,96
25755,25704,96
1641,1154,96
49329,14595,96
44675,49879,96
4585,4584,96
7509,37713,96
2531,1984,95
22820,23906,95
27394,43774,95
1077,44101,95
5619,18416,95
35743,35745,95
41495,11094,95
35745,887,95
13203,13247,95
2563,3797,95
2513,2115,95
10407,10408,95
44060,44062,95
42551,42781,95
19291,6003,95
35287,23880,95
2336,3399,95
2335,2336,95
5097,4780,95
7493,7386,95
1911,1912,95
1912,3648,95
26557,27850,95
6002,19291,95
9330,9326,95
10408,10116,95
10999,8989,95
10986,8982,95
10962,10986,95
8989,10964,95
9734,9330,95
14231,14215,95
10732,9734,95
13143,13634,95
12852,13648,95
10062,9595,95
20427,20377,95
49366,50468,95
23448,15487,95
9046,40026,95
47203,46420,95
1711,1275,95
14142,29463,95
21722,22640,95
892,22468,95
22468,893,95
24394,24458,95
15487,23459,95
22640,23704,95
8947,8948,95
15363,15370,95
22618,22619,95
22619,23628,95
16782,41017,95
23492,33905,95
23628,49497,95
49497,23705,95
23705,23645,95
23645,23696,95
23951,23952,95
23929,23951,95
4930,4927,95
14332,13288,95
808,892,95
20268,6895,95
7806,8112,95
5726,5725,95
9355,8796,95
5048,4505,95
24711,41599,95
8113,8114,95
2084,3332,95
12411,29018,95
4541,4722,95
8112,8113,95
5097,4862,95
16801,23893,95
2700,17352,95
20377,20588,95
4571,4817,95
20588,20268,95
24431,24438,95
304,326,95
4476,4469,95
2733,2626,95
29402,50491,94
10924,10921,94
14182,14185,94
6721,6722,94
5073,5074,94
4620,5034,94
23366,25254,94
22299,22765,94
5072,5073,94
5074,5075,94
10950,10924,94
12413,12414,94
4123,4008,94
10320,9809,94
34238,10768,94
37785,9053,94
13647,13821,94
14289,13160,94
25522,28898,94
13647,13822,94
28898,25609,94
49925,13547,94
10716,9046,94
38659,14832,94
13547,13571,94
21589,25093,94
9028,9029,94
27191,39558,94
26272,26275,94
13641,12828,94
13822,12854,94
16303,21668,94
5810,4586,94
33899,23461,94
43603,43605,94
28929,25748,94
27578,39563,94
5673,39052,94
27247,27246,94
27252,27247,94
42969,39533,94
39534,42969,94
25892,25893,94
24417,24431,94
28047,28022,94
28045,28047,94
14057,14076,94
27439,28045,94
6976,20585,94
37110,14800,94
20591,6974,94
6973,20591,94
49226,39962,94
5704,5705,94
14289,41892,94
27351,27345,94
21668,16418,94
51672,38861,94
23465,33899,94
38683,10618,94
15418,15419,94
3962,2764,94
6742,19831,94
4712,40818,94
14034,14031,94
39496,27295,94
29476,12885,94
3601,43873,94
12950,13901,94
5809,5810,94
29051,12543,94
4574,18413,94
4935,5809,94
5078,4935,94
49611,3437,94
29050,29051,94
5077,5078,94
5076,5077,94
33905,23465,94
13740,13942,94
34650,43382,94
13986,13983,94
10468,11850,94
12836,13263,94
2465,2214,94
1275,1274,94
3547,3350,94
39154,42177,94
48703,25297,94
7498,8487,94
27871,28598,94
27850,27848,94
22426,22423,94
22036,14923,94
13429,13439,94
50187,29350,94
27403,27417,94
50974,35772,94
3350,3351,94
15034,24870,94
27417,27385,94
21392,21357,94
27622,27918,94
48897,13569,94
8966,9627,94
13567,13534,93
27345,27343,93
51918,3371,93
27623,26496,93
4876,6864,93
23666,51389,93
4613,4614,93
29347,13971,93
26536,27237,93
14533,14009,93
27238,26536,93
12208,28181,93
14281,29496,93
14497,14023,93
14348,16233,93
51919,3371,93
24696,25206,93
13561,13586,93
5721,5720,93
27225,27238,93
14009,14083,93
22192,23033,93
49118,49139,93
7444,10886,93
14083,14085,93
14066,14069,93
10025,10534,93
25822,12207,93
24648,25135,93
44425,4514,93
25939,27129,93
13784,13780,93
13777,13784,93
34468,46616,93
20232,6082,93
7545,7632,93
9056,44201,93
14556,14073,93
26847,26502,93
1877,3290,93
14056,14556,93
13119,44459,93
44459,13178,93
14069,29352,93
4838,4860,93
21356,21838,93
13780,44255,93
21938,24058,93
10534,9958,93
4514,4613,93
9958,10532,93
5720,5719,93
5719,5718,93
14086,14184,93
14000,13960,93
40646,16557,93
42158,27547,93
13961,14000,93
23912,23910,93
16623,16621,93
16621,16620,93
23936,23912,93
49731,11292,93
16620,16617,93
24058,24057,93
48921,22,93
14085,14086,93
24717,775,93
22027,22689,93
17234,40547,93
6485,6486,93
44260,51674,93
39818,39821,93
8787,9907,93
6484,6485,93
18051,6484,93
506,14751,93
16285,16363,93
14185,14183,93
27482,39348,93
2036,2037,93
13959,13961,93
14010,14532,93
14084,14010,93
13195,14084,93
14183,13195,93
23308,41125,93
24089,15800,93
48500,8750,93
41125,41124,93
22143,36095,93
13632,12945,93
5723,5722,93
24158,13417,93
13818,36828,93
21161,21158,93
38664,21161,93
17212,1661,93
19374,41639,93
4562,39225,93
29017,12084,93
28211,29017,93
21006,19414,93
22145,22146,93
41124,41131,93
3820,2036,93
23450,40044,93
13648,13057,93
13821,13814,93
13896,13883,93
13883,13878,93
2701,2894,93
10163,41137,93
14184,14181,93
4547,4546,93
5058,4547,93
17142,50056,93
24046,24083,93
4614,5058,93
13225,13608,93
1821,44242,93
44242,1824,93
22045,22425,93
22310,22045,93
1823,1821,93
51983,14066,93
18659,21164,93
1125,1165,93
4546,4538,93
1816,1822,93
6254,41045,93
1822,1823,93
12063,25926,92
42674,42670,92
39827,39825,92
7343,7394,92
1842,1781,92
3977,3957,92
49324,1141,92
17452,3186,92
42670,42676,92
3900,48900,92
13167,48897,92
10319,51116,92
27572,27578,92
25513,25503,92
26718,28207,92
4221,4217,92
10921,10927,92
23739,785,92
42671,42674,92
7570,8063,92
25246,701,92
17747,17737,92
42668,42671,92
42676,51956,92
9326,9327,92
39829,39827,92
35291,4574,92
47967,47968,92
23997,23983,92
9327,10405,92
41222,4541,92
10414,10784,92
13904,13897,92
29464,29463,92
19545,19546,92
24538,24583,92
10298,10741,92
10289,10298,92
22033,23000,92
27220,28592,92
16307,15806,92
11228,9510,92
1081,1071,92
49139,49147,92
25033,23653,92
27458,41907,92
41907,41909,92
41909,41911,92
41911,44476,92
4894,4876,92
23676,69,92
10741,10299,92
46548,9973,92
1817,1818,92
40532,24284,92
28946,25638,92
18857,18234,92
23000,34015,92
34015,16836,92
28902,28946,92
5703,5704,92
35633,35634,92
46743,46548,92
25597,25549,92
16689,40534,92
25609,28117,92
40534,40535,92
9808,10108,92
21325,21857,92
299,301,92
15862,15644,92
13977,14361,92
24175,823,92
46373,46838,92
46838,46206,92
10405,9328,92
49877,7588,92
11757,9836,92
15747,15771,92
13228,12998,92
24736,24739,92
28952,28929,92
13571,13228,92
40027,8760,92
42126,7575,92
23346,16373,92
2512,1734,92
44440,17989,92
9328,9306,92
2490,2512,92
23986,43148,91
49552,24136,91
13833,13828,91
83,23654,91
12983,12818,91
43748,13833,91
8412,35035,91
22373,83,91
24064,24062,91
7879,8412,91
13831,13874,91
3333,46987,91
49981,13049,91
4945,4944,91
21314,24028,91
23551,16815,91
10209,10407,91
23039,23040,91
13874,43231,91
20589,20590,91
15828,15843,91
8964,10569,91
12845,13817,91
12829,13640,91
43148,43486,91
22545,23698,91
23654,23655,91
13156,13895,91
14813,14825,91
13902,13158,91
14800,14813,91
13574,42146,91
13645,12847,91
20590,6976,91
42146,13585,91
12862,12839,91
22239,22284,91
13332,13916,91
20641,20578,91
24482,24584,91
16413,22239,91
21513,16678,91
447,610,91
24480,24481,91
13818,12888,91
6974,20589,91
43231,12815,91
14556,14057,91
21540,21353,91
16837,22036,91
13534,47429,91
51389,21540,91
21353,24094,91
27372,27394,91
27375,27372,91
43345,50557,91
13019,13268,91
7466,7406,91
18959,18960,91
15289,15380,91
12884,13001,91
21338,21339,91
14016,14588,91
39174,40809,91
22576,15029,91
13742,39046,91
7459,38912,91
5771,5673,91
17629,17610,91
1359,1340,91
14346,14055,91
35634,17425,91
7448,7449,91
13929,13843,91
13930,13929,91
13933,13930,91
24189,15643,91
1375,1384,91
14051,13986,91
14053,14051,91
1456,1449,91
18015,17990,91
7449,7466,91
7406,7407,91
49050,50824,91
4134,3589,91
5672,5771,91
7450,7412,91
22425,22426,91
4944,4585,91
25942,12110,91
15300,15294,91
21339,21340,91
27376,27370,91
2209,2190,91
9809,11910,91
7446,7450,91
16426,16427,91
24741,22462,91
13088,43314,91
7407,7446,91
1867,1859,91
9438,9603,91
16836,16837,91
14055,14053,91
10061,51553,91
14343,14038,90
4852,4853,90
8848,9498,90
42002,42004,90
22475,24113,90
41992,42002,90
41217,41992,90
18812,19312,90
27974,27368,90
15527,25083,90
35105,51618,90
6385,49385,90
44960,9048,90
4929,4926,90
15380,15364,90
353,42786,90
13580,14338,90
13580,13065,90
13903,14014,90
22063,22065,90
24444,773,90
9914,11339,90
25367,25338,90
43314,50625,90
47960,47961,90
16976,3950,90
23686,50851,90
16526,23686,90
49153,49125,90
49111,49153,90
2414,17487,90
49147,49111,90
10490,46387,90
2214,2190,90
16230,33910,90
3363,3208,90
12975,13322,90
9396,9620,90
11081,41495,90
3165,3111,90
25398,23151,90
5097,17999,90
48904,48889,90
16159,38725,90
37619,5520,90
13249,13334,90
11998,27163,90
9929,9941,90
869,24396,90
3121,3363,90
6720,6721,90
13065,12935,90
24070,24137,90
13803,12983,90
21355,21352,90
1908,2873,90
43370,43422,90
24046,24063,90
7876,7877,90
25934,25987,90
10627,9997,90
174,35321,90
12839,12848,90
38393,24791,90
22147,22148,90
24045,22668,90
18715,35314,90
7531,7529,90
14197,14189,90
39044,22575,90
22146,22147,90
38952,47429,90
76,22943,90
7498,8063,90
22144,22145,90
9772,9773,90
34969,7488,90
48415,12951,90
48708,8466,90
25638,25828,90
49212,38952,90
12945,49212,90
18957,18958,90
12951,13580,90
16352,15884,90
43743,260,90
3899,3007,90
27385,42169,90
25095,25123,90
534,536,90
27446,27442,90
7481,8390,90
15808,16206,90
16515,16610,90
20409,5750,90
21301,18893,90
27442,27445,90
27445,27401,90
41652,27403,90
49164,38796,90
5705,5727,90
4848,42434,90
24120,24117,90
25855,11981,90
21286,18236,90
12935,13568,90
35321,35322,90
41610,28952,90
1705,1710,90
16099,16100,90
198,207,90
13999,14003,89
21519,24069,89
23619,24039,89
13601,47432,89
4512,4980,89
18571,21073,89
26347,26349,89
43488,26347,89
26207,43488,89
47432,12952,89
16563,24708,89
23421,25421,89
24021,25358,89
15558,15559,89
14338,13206,89
23040,23041,89
23041,23042,89
29486,29335,89
373,15228,89
29485,29486,89
358,42546,89
3224,3294,89
13568,49934,89
4593,4544,89
11961,11962,89
11962,27653,89
12943,29377,89
8733,9894,89
22252,23027,89
14045,14046,89
23803,441,89
40799,14364,89
23810,23803,89
8964,9743,89
265,636,89
13388,29485,89
23731,24173,89
9010,10865,89
24149,34090,89
22080,21591,89
48919,50385,89
43879,49901,89
48020,17505,89
1205,1202,89
13664,13671,89
13671,13685,89
13657,29635,89
11066,11070,89
40421,40068,89
40068,41922,89
41922,41921,89
47935,50929,89
22284,37110,89
29367,13227,89
13900,13879,89
4504,41876,89
16914,24033,89
48278,16168,89
26167,26197,89
27229,27236,89
7415,7377,89
12888,13831,89
7414,7415,89
7413,7414,89
40741,11065,89
2037,2619,89
23042,23043,89
40810,41753,89
1311,1313,89
1313,1334,89
23320,48441,89
10218,11549,89
13876,13875,89
21213,17580,89
39824,39826,89
2759,2340,89
10514,10776,89
26209,26213,89
14510,14068,89
15877,44134,89
1656,49324,89
11739,9639,89
12848,13700,89
16945,16946,89
4125,4126,89
9478,11739,89
35116,48499,89
4089,4090,89
17200,17499,89
20744,4165,89
43276,44460,89
7283,20744,89
1051,1048,89
16599,40810,89
22424,22033,89
42318,51116,89
39278,22305,89
39822,39824,89
39826,39828,89
1735,2759,89
13875,43231,89
4217,5706,89
23647,24029,89
44960,9181,89
23889,23890,89
1781,1736,89
1736,3152,89
10216,10218,89
29428,13174,89
14044,14046,89
22094,15828,89
16507,23289,89
27401,12004,89
23051,22143,89
8973,10449,89
15713,15677,89
16686,16870,89
18717,18723,88
39825,39823,88
24135,21870,88
1268,3140,88
1945,1939,88
14536,14539,88
16382,23277,88
23559,23557,88
23555,23553,88
4195,21120,88
42858,14536,88
13984,13982,88
3140,1277,88
26706,26715,88
23557,23555,88
3868,3900,88
36039,36040,88
49128,49140,88
13873,13180,88
13896,13157,88
27467,27472,88
15627,15714,88
26206,26211,88
44876,44270,88
27339,27467,88
44270,44268,88
44268,44263,88
39819,39820,88
22149,22150,88
537,709,88
22148,22149,88
15714,15478,88
27358,11980,88
50398,41976,88
4857,21013,88
4840,4574,88
40636,29358,88
642,16811,88
49117,49128,88
27371,27376,88
10639,10745,88
21596,50898,88
41764,41807,88
26454,25656,88
24000,24002,88
24002,23945,88
25935,25936,88
13863,12816,88
43656,1041,88
5717,5763,88
21606,21376,88
27661,27871,88
14788,37114,88
49357,8977,88
17684,17629,88
50332,42877,88
24028,24024,88
29447,29464,88
9420,9416,88
23084,23055,88
41162,42722,88
16643,16640,88
44260,43698,88
28918,40122,88
25712,50733,88
11017,11020,88
13683,13687,88
13868,13867,88
94,95,88
602,43758,88
14539,12918,88
3957,3954,88
9545,11847,88
50379,16287,88
44199,27827,88
22305,21690,88
4500,21151,88
39567,44315,88
4544,4974,88
38911,7347,88
3952,3959,88
7495,7494,88
42858,14537,88
636,249,88
5638,5716,88
13043,13985,88
13903,14015,88
41807,39180,88
18193,19381,88
714,593,88
8492,7495,88
7430,7447,88
16092,16097,88
13751,48366,87
24238,24244,87
28231,41843,87
15394,25069,87
22674,23234,87
38806,26872,87
26511,38806,87
22316,22317,87
25069,25074,87
23890,22674,87
4926,4518,87
21810,21813,87
25556,25883,87
21813,21814,87
14969,14955,87
3226,3232,87
3294,3226,87
25318,25319,87
14338,38936,87
38936,50374,87
23577,23698,87
13054,12943,87
44454,13054,87
10779,9808,87
9808,9595,87
13001,13870,87
4734,4805,87
47429,13019,87
13019,50374,87
44455,44454,87
25880,12119,87
16384,16383,87
21243,5495,87
13687,13691,87
5495,5494,87
5494,6384,87
3232,3674,87
3674,3227,87
3227,3225,87
13970,13974,87
17211,17210,87
24015,22776,87
23037,23038,87
16390,25265,87
17246,1282,87
1303,17246,87
1315,1303,87
39810,44050,87
42864,43288,87
14068,14067,87
4592,19690,87
16754,22849,87
250,40898,87
2619,2038,87
7503,8488,87
13730,50374,87
4084,4085,87
4972,4973,87
4973,4543,87
4543,4592,87
23043,23044,87
35308,29679,87
14190,14199,87
14199,14202,87
39488,39491,87
17059,17121,87
22444,41100,87
41921,41920,87
20425,20426,87
20572,20425,87
13848,13849,87
1180,17272,87
13847,13848,87
13852,13847,87
1202,1180,87
29629,13378,87
8668,10743,87
13386,29629,87
20583,6886,87
11910,9322,87
48080,12858,87
999,34104,87
21690,22299,87
14202,14193,87
29413,13363,87
15364,15311,87
1099,42581,87
24395,868,87
39928,44787,87
15270,23103,87
39360,39928,87
9323,9368,87
48848,39360,87
11847,10773,87
23647,24024,87
15224,22234,87
10017,9323,87
4165,20643,87
3932,38802,87
41889,14418,87
5307,6385,87
42005,42003,87
9322,10017,87
1216,1219,87
17050,20504,87
13829,12891,87
15311,15312,87
22817,13386,87
19550,19551,87
13483,14508,87
25364,16021,87
41133,7604,87
40424,40061,87
24428,24392,87
14222,14225,87
9623,9489,87
10132,9053,87
13888,13876,87
12938,13270,87
46476,39564,87
49967,50039,87
2969,1620,87
50945,44626,87
44626,27577,87
8795,49074,87
50902,6080,87
50914,50902,87
26130,27622,87
11879,11291,87
44879,44878,87
34104,42313,87
44881,44879,87
16427,15569,87
23950,23940,87
15806,25100,87
16870,43593,87
8826,9810,87
46616,51620,87
572,573,86
9521,9300,86
26501,28531,86
3152,1735,86
22181,21945,86
7471,7492,86
21499,21500,86
35654,2465,86
16064,16065,86
17456,35654,86
24786,16335,86
2989,35653,86
26058,26501,86
27589,40881,86
2804,3962,86
9516,9517,86
35653,17456,86
48850,11346,86
16066,16067,86
2340,2490,86
9300,9516,86
16065,16066,86
16904,23107,86
16807,23889,86
34962,7471,86
13980,13987,86
10131,8839,86
8639,10131,86
2341,3153,86
9566,10444,86
14369,14121,86
2713,3493,86
25555,25556,86
43382,51619,86
39178,41812,86
10131,8844,86
9894,8963,86
13982,13980,86
49415,27974,86
12327,27215,86
16006,24734,86
8963,10449,86
22661,21680,86
1340,1348,86
19389,19386,86
3153,2653,86
28244,26825,86
25994,25995,86
36798,51183,86
26473,25532,86
25532,26498,86
26498,25552,86
25552,26500,86
26500,25612,86
23255,1031,86
12498,27522,86
42456,39792,86
34140,16850,86
2841,2473,86
26473,39184,86
14361,14356,86
4128,4129,86
11456,10662,86
41675,19472,86
2583,2364,86
23697,23707,86
35674,2989,86
6864,4746,86
28750,26237,86
23362,16382,86
24202,24211,86
38802,35637,86
27279,39358,86
48271,24722,86
12840,13807,86
15803,43983,86
18718,18707,86
16101,16102,86
43286,13453,86
21282,17970,86
43983,16416,86
16416,15813,86
1334,1358,86
16100,16101,86
16897,22091,86
29304,25538,86
9355,8755,86
48051,3368,86
10217,10203,86
48043,17505,86
41132,9046,86
25058,34217,86
48640,51270,86
10201,10217,86
35319,46925,86
26237,26246,86
12310,12126,86
5716,6059,86
18723,20480,86
24438,24482,86
46661,47119,86
28294,12310,86
10688,10424,86
50733,26846,86
14142,14149,86
8700,35319,86
24142,49994,86
48269,25353,86
1358,1688,86
25902,25540,86
25083,15579,86
12781,12787,86
9904,9545,85
2339,2760,85
47836,22804,85
23596,47836,85
259,260,85
11069,11285,85
44432,259,85
41020,39302,85
4535,4840,85
13414,13406,85
3,24648,85
47098,8733,85
19704,20458,85
4588,4535,85
44053,44059,85
258,44432,85
10958,10929,85
13920,13181,85
3426,3427,85
2338,2339,85
4028,1126,85
43317,43315,85
14549,13595,85
24928,14787,85
325,44439,85
44700,303,85
34333,20750,85
20577,34333,85
13422,33841,85
48200,5266,85
50039,2826,85
15603,15529,85
4650,4633,85
34019,15551,85
34331,34332,85
13581,48709,85
37115,37117,85
1126,1128,85
15342,22256,85
29369,29370,85
29370,14510,85
22723,21683,85
33841,13414,85
36911,1268,85
15551,15552,85
15553,15554,85
42003,41993,85
9809,9552,85
17004,38278,85
13974,13975,85
25265,16345,85
41891,14444,85
18679,21174,85
43315,44537,85
1622,1739,85
44431,44433,85
10216,10292,85
44433,267,85
24020,29582,85
22237,23083,85
19072,18567,85
10292,10293,85
26195,26196,85
27899,26654,85
10293,10294,85
9690,8948,85
3985,17343,85
9416,9904,85
2063,3985,85
48507,48506,85
1627,1622,85
40533,16386,85
18573,18680,85
51152,22413,85
1198,41513,85
28044,27438,85
42894,41020,85
28046,28044,85
28023,28046,85
26592,26591,85
14101,44455,85
28229,28230,85
22318,39278,85
4942,4712,85
20695,5760,85
22317,22318,85
49142,49120,85
49141,49142,85
24932,24928,85
42653,19704,85
50341,3426,85
15781,23210,85
23879,23551,85
13934,13140,85
49140,49141,85
5231,20694,85
13691,13718,85
18680,21292,85
15991,16622,85
1077,44095,85
23148,33991,84
34236,10639,84
48423,24390,84
26184,26179,84
2744,2740,84
33991,15606,84
27414,26216,84
26211,27414,84
9606,11596,84
35669,35667,84
2740,2862,84
2862,35669,84
9410,9606,84
25938,42522,84
1449,17283,84
46414,34236,84
41049,38865,84
1409,2335,84
13363,13968,84
6908,4198,84
11741,11726,84
3160,2741,84
2653,1784,84
24717,21938,84
13968,13967,84
17949,17947,84
40643,25278,84
10711,10746,84
2743,2744,84
27801,27520,84
51506,40530,84
9468,10519,84
11596,9418,84
22835,77,84
10643,9468,84
2741,2596,84
14171,14170,84
5342,5343,84
5343,6378,84
6378,43945,84
13967,13906,84
2596,17355,84
17355,2284,84
20387,20388,84
2284,2743,84
20504,3266,84
3266,3275,84
1210,2638,84
23608,15610,84
28799,25932,84
14598,29581,84
50872,5699,84
47451,11294,84
13701,13700,84
22169,22170,84
11034,11011,84
22204,23061,84
42463,38803,84
38803,35747,84
35943,38804,84
38804,22864,84
34459,34649,84
11027,11034,84
22543,24743,84
43030,27195,84
11011,11019,84
41247,26130,84
22265,24932,84
966,44763,84
13662,13661,84
16764,42893,84
22168,22169,84
29476,13265,84
3029,17317,84
23108,21369,84
866,871,84
573,596,84
9457,46430,84
21679,22340,84
42178,42184,84
39358,39642,84
50464,27338,84
27455,50464,84
27454,27455,84
27468,27454,84
24242,24246,84
3069,2179,84
27462,27468,84
21501,21797,84
43873,37570,84
4206,4200,84
21103,19422,84
22661,21682,84
11065,35072,84
13733,29478,84
1031,23400,84
43374,25916,84
11284,38858,84
16198,24278,84
9768,11587,84
1046,4134,84
24659,13741,84
24581,745,84
9017,9018,84
3601,39927,84
15421,15602,84
48463,26502,84
16843,16844,84
16325,24696,84
1238,17211,84
15602,15422,84
9517,10033,84
13905,13910,84
12980,12929,84
9832,11537,84
12929,13112,84
9018,10865,84
22139,23188,84
21145,21151,84
27601,27595,84
25979,26295,84
34217,25058,84
26427,27601,84
10394,8966,84
9371,9999,84
16778,16794,84
9665,9410,84
9396,9401,84
16777,16778,84
285,287,84
10979,11007,84
22118,22119,84
23288,16607,84
9999,9998,84
3589,3331,84
20849,39145,84
16844,23280,84
44006,44004,83
14486,41890,83
20694,20695,83
23289,16575,83
4826,4942,83
27292,27295,83
43940,24309,83
16061,16089,83
15788,15832,83
42193,20737,83
16575,16580,83
43555,29623,83
44004,7344,83
19083,19468,83
5734,5735,83
5735,5736,83
49084,48332,83
9744,10013,83
27183,27186,83
27197,27183,83
20437,20849,83
25491,25506,83
26188,25491,83
24538,48608,83
35332,48129,83
41993,34962,83
40084,26188,83
48332,48334,83
51436,14398,83
26115,25707,83
25707,26261,83
2374,19722,83
4953,4952,83
39216,39215,83
4952,4951,83
4615,5059,83
24336,24786,83
10886,11135,83
39182,15993,83
13428,49994,83
44369,16179,83
2760,2341,83
1421,1441,83
25858,25859,83
25546,26202,83
14866,14873,83
40506,40505,83
13015,14287,83
25968,25969,83
3870,48019,83
14359,13976,83
40505,40504,83
29679,14378,83
13976,13914,83
38892,3954,83
11080,41660,83
4548,4549,83
4746,4548,83
4195,18385,83
11586,11347,83
9770,11586,83
51270,14595,83
13914,13970,83
7494,35057,83
13992,13989,83
1441,1470,83
1786,3340,83
4664,19689,83
42036,42035,83
14358,14359,83
39713,34992,83
34991,39713,83
743,22178,83
21096,18479,83
51956,50062,83
4227,18926,83
26591,26587,83
42965,42923,83
24513,21951,83
25414,23450,83
23489,15492,83
15856,15833,83
10095,10753,83
10753,11648,83
14170,51462,83
27443,27139,83
27139,27115,83
34990,34991,83
34988,34990,83
50865,34988,83
27587,27286,83
25541,26209,83
2601,2753,83
16063,16064,82
7638,7519,82
4168,6742,82
25479,44423,82
870,867,82
4197,19412,82
35637,17159,82
27500,27202,82
8122,8123,82
24478,24293,82
18376,4150,82
14925,24478,82
26846,26122,82
2815,1787,82
44036,44038,82
44059,44036,82
2496,2766,82
17159,1448,82
1787,1786,82
49377,15622,82
18544,18547,82
2766,3124,82
13199,13915,82
34134,22895,82
9651,9359,82
25915,25916,82
17343,2064,82
43289,13412,82
23196,22038,82
16388,40532,82
29478,13136,82
7622,7646,82
27202,27201,82
38642,43520,82
24775,22989,82
509,440,82
12980,13803,82
17828,4181,82
41215,34969,82
15897,24856,82
4182,4180,82
16604,40646,82
19412,20977,82
2064,3313,82
3313,2065,82
34493,8192,82
7506,7622,82
7508,7506,82
16335,25206,82
44163,49989,82
49986,44163,82
49982,49986,82
28906,26341,82
22062,39129,82
26354,25474,82
23343,23345,82
7443,7395,82
21945,49982,82
48034,3368,82
25914,25915,82
18365,5238,82
44960,10236,82
23345,16312,82
44423,26354,82
25474,43616,82
24293,39270,82
10775,8667,82
3484,3555,82
4981,4931,82
2265,3136,82
1392,2265,82
20646,20645,82
11878,10712,82
3483,3484,82
23355,23255,82
3265,3295,82
49784,10747,82
8733,10446,82
24408,24407,82
40093,40092,82
40092,40091,82
20388,20644,82
43952,41895,82
43945,43947,82
326,43606,82
18437,18456,82
41684,4981,82
15709,38692,82
13132,13622,82
15797,24088,82
5017,41684,82
4658,4504,82
4226,4220,82
16244,9,82
8,16244,82
15381,15382,82
12750,27229,82
20644,20389,82
22171,22172,82
13622,13618,82
15314,22070,82
22172,22173,82
22899,16067,82
8948,9412,82
51253,51616,82
16751,34027,82
20389,20646,82
22173,22174,82
8646,47411,82
21377,21602,82
43946,43944,82
22314,34018,82
24275,22314,82
4226,4222,82
24274,24275,82
202,47017,82
43605,202,82
19425,18401,82
44243,17623,82
43700,8905,82
16976,50817,82
33982,22761,82
1092,1071,82
41165,42722,82
9998,9367,82
9367,10088,82
10088,9832,82
24298,39758,82
39270,24298,82
20750,34331,82
47017,325,82
6057,18421,82
3275,3956,82
3574,3575,82
26150,26169,82
22170,22171,82
23074,23072,82
13204,13730,82
25932,26304,82
50972,35772,82
43944,50872,82
26172,26174,82
26169,26172,82
5023,4581,81
9581,9533,81
22087,16901,81
23993,24000,81
9254,9255,81
13738,13306,81
44763,21497,81
25704,28183,81
48758,44413,81
27519,27522,81
10410,10053,81
22929,22930,81
5067,5023,81
13595,13635,81
6545,6546,81
6549,42020,81
10241,10404,81
9258,9254,81
24784,33940,81
6548,6549,81
6546,6547,81
13183,50343,81
11270,11269,81
6547,6548,81
35464,4630,81
3555,3485,81
1361,1333,81
22901,23196,81
11532,9391,81
10016,11532,81
5750,20126,81
5468,5467,81
5469,5468,81
22676,21989,81
5755,5754,81
21990,21980,81
21980,21981,81
21981,21982,81
21982,21986,81
4951,4534,81
22155,22156,81
4534,4533,81
6895,19458,81
43972,4734,81
4968,4261,81
10036,38589,81
38590,11616,81
11894,38127,81
38127,38129,81
38129,38131,81
43520,23731,81
42090,42091,81
34175,22354,81
22354,21864,81
12876,13813,81
9418,46206,81
4515,19561,81
10767,10446,81
2997,3737,81
17323,2997,81
3964,17323,81
42184,39154,81
1620,1627,81
2996,3964,81
23076,23147,81
23307,15436,81
51622,34494,81
1607,36080,81
2278,35945,81
23346,16401,81
48918,37528,81
44072,41772,81
46206,9423,81
21099,21096,81
6486,18015,81
25225,25228,81
1955,1985,81
729,748,81
48019,3437,81
36831,23224,81
3096,35852,81
19422,21119,81
21119,21122,81
21122,19423,81
44961,46414,81
3182,3215,81
25123,15877,81
21989,21990,81
24112,22477,81
25558,25559,81
13214,51284,81
15323,980,81
27560,48347,81
28063,27339,81
27948,28063,81
27951,27948,81
10074,9649,81
29581,29407,81
26262,35688,81
49303,22817,81
23123,15372,81
10076,10075,81
9361,10076,81
25319,25301,81
11552,9361,81
10122,11552,81
9359,10122,81
36909,36910,81
9337,9650,81
26070,26069,81
49120,49131,81
25559,25560,81
332,14751,81
12841,13706,81
13706,13678,81
13678,13667,81
20999,6226,81
4831,4830,81
4835,4831,81
17581,17574,81
26433,27240,81
9649,9337,81
9590,10132,81
1470,1471,81
8423,7902,81
42488,49653,81
28899,26351,80
24503,24505,80
16068,16082,80
2162,3029,80
14067,51983,80
10294,10291,80
25939,44144,80
36108,3433,80
3433,2276,80
2276,2279,80
44144,25940,80
34967,7485,80
25271,23344,80
27156,27170,80
3115,2279,80
27196,27156,80
44459,13519,80
35796,2243,80
10177,42318,80
2659,2374,80
44255,13794,80
35666,35668,80
26351,25515,80
35668,35568,80
7214,18559,80
16312,25271,80
26341,28899,80
2255,2839,80
16098,23532,80
16082,16069,80
14939,24474,80
26123,12026,80
2151,35844,80
22177,41336,80
25273,23363,80
50853,16524,80
16974,20508,80
3320,3708,80
21086,18368,80
9532,9362,80
278,294,80
582,278,80
4577,19693,80
38704,38705,80
23917,37805,80
26122,25734,80
10864,11258,80
11258,9009,80
48149,43422,80
26174,25990,80
25990,26160,80
43610,50951,80
24474,14925,80
51439,51469,80
18926,21279,80
39561,48525,80
26125,26260,80
41955,26125,80
48944,28638,80
48629,43610,80
26160,26155,80
29009,29010,80
48525,29009,80
26006,26206,80
26142,26006,80
26141,26142,80
26004,26141,80
26155,26004,80
29010,29011,80
24499,24503,80
24501,24539,80
35851,35850,80
2252,2472,80
21412,24094,80
35747,36835,80
36835,942,80
20972,20962,80
9530,9519,80
18239,18366,80
10491,9320,80
16618,16616,80
19399,20972,80
38131,38133,80
20968,20959,80
26405,27801,80
13676,12878,80
49131,49157,80
9411,9712,80
1310,1311,80
9402,51369,80
12837,48293,80
27134,25855,80
27522,27809,80
50143,50145,80
25946,25948,80
14876,14856,80
9899,9900,80
8488,7647,80
9518,9530,80
10732,9518,80
4673,4158,80
226,219,80
43272,43312,80
20570,20595,80
17629,44341,80
16848,22042,80
25070,15395,80
20595,20596,80
20596,6889,80
14300,14301,80
15395,15393,80
43372,48502,80
10569,10039,80
9431,9414,80
49203,13933,80
27599,41542,80
29318,43205,80
43205,13165,80
13165,13116,80
50145,51868,80
9519,9306,80
20959,20967,80
24053,16912,80
21678,23883,80
16987,17452,80
14111,12974,80
35714,35715,80
25920,46827,80
35592,38909,80
16571,16542,80
1195,16950,80
12814,13239,80
10647,11590,80
16912,16914,80
24164,24162,80
3136,3137,80
38133,43793,80
13689,13681,80
25918,27585,80
46827,25921,80
2841,2263,80
43793,10205,80
8488,7636,80
25733,26075,79
41769,49713,79
14205,42528,79
339,357,79
1764,18789,79
8106,7900,79
28169,28170,79
28170,28156,79
34622,8086,79
4123,4124,79
15312,15314,79
41605,49421,79
34645,34472,79
11958,27945,79
41341,41769,79
355,339,79
21979,22677,79
38705,38709,79
26185,26118,79
39749,2866,79
23200,23201,79
15879,15898,79
23197,23200,79
28671,28637,79
22038,23197,79
27118,25995,79
4834,5917,79
2866,2867,79
38709,38703,79
23460,33871,79
2867,17400,79
19323,19324,79
6908,19769,79
21985,21978,79
21978,21979,79
24129,50550,79
38703,38711,79
7545,7551,79
6121,6139,79
9541,11921,79
37833,9541,79
14556,38939,79
1643,3993,79
331,600,79
16567,16566,79
48505,48508,79
23295,24284,79
15739,15542,79
22196,22197,79
3824,2690,79
4581,46348,79
9370,10713,79
866,1007,79
3897,17316,79
21320,21322,79
2491,2338,79
305,302,79
38590,10037,79
10034,38589,79
19303,6009,79
585,726,79
2690,2491,79
4832,4833,79
232,234,79
197,232,79
27842,27864,79
8106,7806,79
10075,37833,79
9738,9651,79
34477,34645,79
20967,51231,79
18728,18718,79
14213,29420,79
11922,9362,79
19561,5103,79
4833,4834,79
1469,3725,79
741,41462,79
25979,25980,79
17600,17601,79
26209,25542,79
2239,35798,79
25,8,79
233,229,79
10061,10062,79
229,197,79
2836,2819,79
34472,34622,79
729,787,79
42168,27599,79
39412,27300,79
27945,27701,79
2729,1392,79
29198,41392,79
1391,2729,79
1198,1192,79
15255,42981,79
14834,38658,79
22158,22159,79
22157,22158,79
22156,22157,79
42730,6509,79
26967,39412,79
21983,21984,79
44865,44868,79
13472,13473,79
43606,43604,79
26605,27498,79
8639,9053,79
21991,21983,79
9969,9970,79
5022,5021,79
41020,37572,79
47879,5498,79
13476,29634,79
22159,22160,79
9639,49351,79
19843,20855,79
9306,9510,79
13493,43313,79
26218,27109,79
43273,13472,79
38711,34143,79
3737,2999,79
19394,19389,79
21984,21985,79
24639,22929,79
15499,23493,79
2999,2889,79
11071,11003,79
29634,14319,79
28659,28129,79
1910,1930,79
35169,41651,78
50858,42618,78
42768,42766,78
42618,43630,78
18960,35315,78
9033,9034,78
4804,4733,78
7642,7566,78
43630,43628,78
12979,24217,78
26270,25634,78
37805,23905,78
44568,44567,78
49699,14116,78
26575,26573,78
19385,4671,78
3489,3798,78
26573,26563,78
39213,27276,78
11562,9063,78
11981,27079,78
35315,17572,78
2260,2261,78
24046,13429,78
331,805,78
2259,2260,78
2254,35795,78
35797,2240,78
12116,26575,78
26271,26270,78
47421,44292,78
2780,2781,78
2261,2256,78
8421,8125,78
330,331,78
42766,42765,78
26563,26559,78
2262,2259,78
19454,19458,78
2001,2956,78
24327,23830,78
15806,15814,78
13886,13888,78
39154,42062,78
8828,8829,78
3446,1994,78
3124,3446,78
15278,22075,78
27453,27448,78
21864,41596,78
7485,34973,78
23930,23936,78
2431,1971,78
1971,1972,78
298,296,78
34973,7479,78
296,295,78
295,230,78
35403,39619,78
1972,1970,78
48509,34090,78
19423,4633,78
16196,16233,78
25864,21696,78
14860,14839,78
26178,26118,78
21778,16105,78
9674,34268,78
33971,23272,78
43793,38134,78
38134,38132,78
38132,38130,78
38130,38128,78
38128,10216,78
50350,49699,78
50343,50350,78
25251,16391,78
1379,1361,78
15630,25103,78
43437,43439,78
43439,46281,78
46281,47051,78
2850,1990,78
1373,1379,78
1994,2135,78
43441,43437,78
23703,23646,78
42770,42768,78
19083,37410,78
16796,23845,78
43350,4956,78
5277,5278,78
12089,12088,78
26199,26203,78
18110,7012,78
7012,20190,78
13127,48083,78
21069,4166,78
22957,23703,78
37410,47768,78
44563,44564,78
24044,22668,78
24495,24491,78
18471,44142,78
222,221,78
21503,21337,78
46803,48004,78
221,215,78
38774,3709,78
3302,3317,78
11259,11073,78
22220,22182,78
23028,23029,78
13630,13638,78
23029,23030,78
25564,25565,78
25563,25564,78
218,224,78
23030,23031,78
21660,21503,78
217,218,78
215,217,78
20126,21287,78
21123,18471,78
44142,21104,78
47403,49358,78
38773,38774,78
21111,21117,78
25686,26263,78
49358,48049,78
15697,15796,78
26024,25605,78
10014,9743,78
5278,5279,78
25705,25686,78
8763,8764,78
11921,10014,78
25103,15854,78
48503,43374,78
24660,13417,78
28928,25705,78
25416,25423,78
48004,26335,78
15854,15493,78
49581,49564,77
18592,7214,77
10400,48353,77
15212,15254,77
20171,20288,77
46520,15212,77
24856,22070,77
49579,49581,77
20288,20166,77
23034,25325,77
46348,47232,77
50259,24994,77
3137,2916,77
17542,17569,77
1660,3995,77
1659,1660,77
10551,10552,77
10300,10291,77
10552,10553,77
10553,10668,77
10543,11598,77
11598,11599,77
1935,1936,77
27473,27356,77
11599,10535,77
2034,36097,77
20703,5599,77
11901,10301,77
14356,14343,77
44452,44453,77
27463,27473,77
6000,19308,77
9391,9392,77
12991,14345,77
13882,51408,77
10281,8734,77
25577,35403,77
44429,44430,77
1132,41518,77
8794,8795,77
19694,4921,77
28133,28138,77
40449,26477,77
27411,27382,77
42123,40449,77
23154,22166,77
9392,9677,77
12974,14124,77
24150,21866,77
21866,21416,77
25404,23534,77
14124,44452,77
27391,27411,77
50139,50143,77
40891,35170,77
3995,1661,77
46506,5022,77
9522,9551,77
25542,25543,77
2836,3077,77
39144,20848,77
19711,19707,77
40893,40891,77
28157,28168,77
214,40893,77
19707,19708,77
19708,19832,77
28149,28133,77
600,353,77
4921,5097,77
27106,27391,77
13932,13363,77
1930,1935,77
17558,17550,77
47847,47850,77
34970,7473,77
42470,43287,77
2839,2840,77
1662,1659,77
13380,13387,77
13379,13380,77
14720,333,77
522,42689,77
25503,25487,77
29319,29328,77
26851,12116,77
34971,34970,77
28168,29199,77
48903,48896,77
25944,25946,77
1995,2002,77
11081,11120,77
48800,39217,77
43287,42080,77
23290,16579,77
7470,7484,77
16580,23290,77
27369,27367,77
39497,39494,77
14589,14024,77
1348,2876,77
34476,34478,77
1932,1930,77
27294,39497,77
18703,7197,77
24400,999,77
51921,12990,77
20794,18737,77
2012,1984,77
51408,13218,77
28866,29293,77
18691,7197,77
44566,44563,77
24243,24237,77
25936,26177,77
29328,29327,77
7355,7356,77
28228,28229,77
659,16781,77
7504,7643,77
14100,13126,77
44735,8447,77
25376,24533,77
24533,24534,77
29249,11958,77
27499,26608,77
25570,25571,77
39284,44735,77
7002,17983,77
44453,14099,77
15592,25033,77
25878,26121,77
11452,10549,77
10549,10183,77
24437,14606,77
10183,10551,77
29457,14149,77
37572,659,77
13387,25362,77
47850,51654,77
10572,39224,77
17947,6542,77
17571,17558,77
2627,1941,77
39046,14564,77
17579,17571,77
50946,43612,77
6542,6543,77
26587,26851,77
24055,16914,76
2817,2818,76
20645,20232,76
43312,43274,76
12910,12918,76
11812,10171,76
1600,35991,76
17804,17747,76
2818,3334,76
2679,43018,76
10039,11821,76
11533,9946,76
45021,76,76
2781,2786,76
9590,8844,76
708,14653,76
9940,11533,76
18488,18480,76
48951,28638,76
25950,26592,76
3422,44945,76
17601,35461,76
48248,25920,76
2976,1590,76
44736,48850,76
1849,3096,76
16914,24044,76
18251,18258,76
2248,2249,76
38560,19394,76
37251,8638,76
4754,18871,76
18871,4873,76
4873,4880,76
27653,27849,76
35648,2739,76
44250,16766,76
2739,2282,76
42984,42983,76
2282,2475,76
1162,41518,76
7170,20187,76
20187,20642,76
26691,28577,76
26360,23228,76
23642,23092,76
4956,4660,76
3589,1082,76
26203,25921,76
23664,22815,76
22815,22620,76
44592,48536,76
48772,44592,76
44619,48772,76
48835,44619,76
44627,48835,76
22620,22621,76
17271,43001,76
5382,5384,76
47136,49357,76
10015,47136,76
5380,5382,76
28577,26672,76
26358,26360,76
14316,13247,76
1990,1991,76
2254,2248,76
24149,48509,76
51915,3371,76
35334,35335,76
2249,2247,76
2247,2252,76
22160,23048,76
29647,42471,76
11574,10776,76
14367,14368,76
22178,48727,76
24464,15377,76
44567,42694,76
27292,39488,76
24009,24012,76
34629,34623,76
23990,24009,76
23988,23990,76
28118,28144,76
42455,28118,76
26355,26358,76
23730,783,76
16608,16513,76
34457,42301,76
27590,42693,76
21125,18410,76
16937,16938,76
16938,17138,76
26244,26215,76
2177,2191,76
43001,35407,76
48536,44622,76
41046,41048,76
23862,16036,76
28841,27566,76
11568,9627,76
2206,2500,76
50961,50952,76
50952,39529,76
5094,4937,76
50064,39617,76
15219,14598,76
206,208,76
50225,48279,76
26260,26256,76
26256,25996,76
50899,47935,76
48513,47936,76
26185,26179,76
48279,43308,76
2972,42620,76
1595,1599,76
17995,4227,76
35625,2583,76
43697,44261,76
27571,12750,76
3832,50064,76
24394,48423,76
9650,9338,76
42986,42984,76
50341,42986,76
975,50250,76
48330,44871,76
49568,48330,76
18737,18747,76
9338,11922,76
27566,27571,76
1830,2597,75
49564,49519,75
1837,1838,75
17488,38805,75
1834,1832,75
35853,3228,75
1832,3114,75
7912,7900,75
14644,14642,75
36098,3820,75
40063,40425,75
22864,947,75
13135,14004,75
950,42463,75
25292,25291,75
21811,21804,75
25893,25597,75
27382,27388,75
16948,16949,75
19592,19866,75
51400,39531,75
27646,26849,75
10961,10963,75
1192,1209,75
21416,51152,75
43769,16917,75
40425,28169,75
12963,25092,75
17464,1839,75
1839,1837,75
35291,18418,75
15708,25078,75
26353,27307,75
16479,16482,75
2258,35649,75
16947,16948,75
828,14603,75
20702,20612,75
14613,23944,75
34268,9543,75
230,223,75
3114,1830,75
43660,41491,75
50190,50191,75
24442,24482,75
16692,14876,75
5727,5453,75
5096,5017,75
50213,50203,75
10748,9445,75
10086,10742,75
50203,50190,75
50191,46835,75
51405,21218,75
35057,7510,75
43308,15639,75
44407,44411,75
40060,40063,75
46835,46748,75
23319,24284,75
5276,5277,75
17569,17581,75
37786,43793,75
16078,16431,75
49392,27974,75
15752,15739,75
27368,27989,75
26275,26302,75
14873,16692,75
34487,34492,75
44411,43434,75
41459,41461,75
50380,16268,75
19710,19711,75
11849,11635,75
3402,2659,75
40905,41448,75
41455,41454,75
41454,41457,75
29418,13972,75
13972,13975,75
41457,41459,75
26184,25588,75
4955,5100,75
5100,5099,75
48912,2392,75
5099,5102,75
39790,39788,75
25590,26264,75
42522,41603,75
15298,15301,75
28744,28743,75
51199,7396,75
11635,10323,75
13221,48366,75
14198,49372,75
16370,15868,75
42515,44072,75
46460,46635,75
35295,5244,75
9633,11612,75
14250,14247,75
1372,1402,75
7222,35295,75
1402,1405,75
27182,27181,75
1405,1413,75
27275,27302,75
39718,27275,75
19310,18812,75
13679,12887,75
10101,8966,75
600,585,75
4660,4954,75
23036,23037,75
4954,4955,75
49169,15372,75
9910,46460,75
4780,4550,75
7493,7350,75
4085,4086,75
35280,42183,75
42177,35281,75
26327,25528,75
4601,5031,75
28589,28863,75
21156,18499,75
25878,25733,75
13354,13067,75
28743,28742,75
5031,4930,75
28742,12316,75
9522,9320,75
23002,21627,75
11334,11337,75
2821,2824,75
2820,2821,75
6057,37179,75
2819,2820,75
23909,23930,75
4550,4601,75
663,25424,74
42576,49015,74
20975,6220,74
4878,4872,74
2758,2322,74
35667,35695,74
2430,1973,74
1968,2430,74
27471,27466,74
3164,3362,74
2605,2851,74
51231,18358,74
18358,18359,74
27466,27338,74
2840,3186,74
1992,2605,74
3362,3165,74
6219,20975,74
24507,24508,74
43969,43966,74
28694,28697,74
28697,25712,74
25590,26268,74
25597,25919,74
42602,39086,74
47232,46509,74
18264,20968,74
19381,20265,74
41194,41191,74
4629,4663,74
1969,1968,74
20976,6217,74
46509,46322,74
46322,46506,74
4628,4629,74
49420,27352,74
6217,18261,74
18261,6218,74
16611,16613,74
49760,48940,74
27137,49760,74
27481,48117,74
6218,6219,74
48497,294,74
13122,14370,74
8870,8871,74
4872,5082,74
41191,42602,74
2757,2758,74
24850,21588,74
15771,15768,74
13932,12938,74
5432,5435,74
783,823,74
5431,5432,74
39494,39493,74
37292,37350,74
39493,39490,74
7472,34967,74
51154,22261,74
41742,4729,74
24245,24247,74
5102,4828,74
37350,37358,74
38771,38773,74
38769,38771,74
26606,26689,74
13159,12837,74
25239,16227,74
4193,19396,74
12031,25918,74
38920,19290,74
18550,18561,74
26342,12031,74
48300,27230,74
16218,23343,74
21786,16413,74
25238,25239,74
11337,11338,74
16228,16184,74
16298,16278,74
27809,27904,74
25237,25238,74
48640,13362,74
13257,13428,74
13339,14038,74
4741,4878,74
6998,20856,74
14514,42855,74
23646,23664,74
2604,1992,74
3621,34329,74
42855,14512,74
40984,40983,74
25482,27141,74
6105,40817,74
27172,25482,74
40983,39621,74
3619,3621,74
50972,3619,74
14512,14513,74
18738,18728,74
18747,18738,74
13940,13756,74
51766,13940,74
10225,47173,74
35888,4108,74
34648,34459,74
22709,23902,74
19840,7170,74
48000,41672,74
50521,4620,74
5034,35465,74
35873,35888,74
50803,35318,74
8750,8935,74
4561,6167,74
35872,35873,74
50033,24327,74
35318,8799,74
11303,11302,74
18445,18446,74
11452,9923,74
18547,18560,74
7392,44005,74
26123,26272,74
10416,42750,74
37039,46476,74
15878,15526,74
44005,43317,74
1491,51984,74
28638,48502,74
10473,9804,74
16591,16590,74
25120,23863,74
16590,16588,74
9804,8751,74
44945,3573,74
3573,3574,74
39129,22063,74
25527,28902,74
41874,48328,74
35461,4182,74
10179,10415,74
44698,25434,74
610,44698,74
29508,13389,74
40108,40109,74
2162,38892,74
40426,40108,74
24201,14041,74
14041,14032,74
26068,28926,74
28673,40982,74
28926,41956,74
2139,2113,74
778,774,74
41961,25527,74
6225,20999,74
48742,39284,74
4830,5095,74
29507,29508,74
40982,40981,74
40981,35402,74
40418,6002,74
40109,26526,74
25975,26448,74
35685,40740,74
18368,4924,74
40740,42460,74
8130,34825,73
15788,15622,73
10073,10074,73
17354,3316,73
43571,43570,73
19312,19314,73
13052,13126,73
2283,17354,73
14188,14182,73
20141,42565,73
14013,14015,73
2475,2283,73
4627,4943,73
6886,20577,73
3316,3183,73
11800,10073,73
50150,9181,73
9542,11800,73
48520,509,73
9031,11004,73
19832,2661,73
23261,15868,73
18568,6121,73
7651,7504,73
20184,18568,73
14731,438,73
588,524,73
14856,14838,73
514,588,73
512,514,73
44292,43525,73
15564,24738,73
21628,49169,73
12985,13044,73
1599,17490,73
9898,9707,73
16021,15745,73
21804,21809,73
14577,14575,73
15277,15279,73
19598,19599,73
15382,15288,73
7547,7551,73
10138,11869,73
17490,3385,73
14243,14248,73
11867,10138,73
12406,29249,73
25278,16303,73
14248,14251,73
25298,48278,73
26559,25872,73
2756,2277,73
24264,15523,73
44092,12084,73
542,622,73
22189,38162,73
15555,15556,73
12937,13952,73
1209,1641,73
2001,2432,73
13755,13735,73
22249,22110,73
13735,13734,73
24394,48342,73
14029,13337,73
2275,37466,73
51479,45020,73
505,512,73
4094,4095,73
15523,15713,73
50356,44873,73
43596,25210,73
505,48520,73
34788,8130,73
2022,2571,73
12318,26730,73
47430,20317,73
18713,20325,73
8128,34788,73
14249,14240,73
19879,47430,73
40641,23902,73
22709,40641,73
10484,10499,73
3193,17050,73
25769,26051,73
18459,5616,73
23879,23875,73
23860,22895,73
44880,44882,73
34825,7879,73
26094,26147,73
26147,26151,73
28678,26093,73
25763,25769,73
15291,15301,73
16347,15834,73
44883,44876,73
12317,12318,73
8848,10132,73
29480,13636,73
48117,27479,73
38359,6716,73
48494,48495,73
27479,27499,73
15233,14612,73
17223,17224,73
26051,25795,73
24823,21596,73
387,382,73
389,387,73
396,389,73
23673,23674,73
27171,27155,73
26672,43994,73
5881,5882,73
43512,43514,73
3870,2356,73
23672,23673,73
8402,34824,73
42606,42594,73
37802,24982,73
23113,21394,73
8127,8402,73
3183,3161,73
26730,26718,73
10137,11867,73
38640,51627,73
24142,21520,73
22138,22139,73
43525,48300,73
15414,15563,73
20224,21304,73
26080,25580,73
15785,15473,73
7517,8493,73
34824,8128,73
48805,43407,72
49786,49756,72
24037,24044,72
17570,17538,72
41224,39296,72
49773,48453,72
43407,43821,72
22089,15269,72
10677,41224,72
643,42892,72
13475,13503,72
43273,13475,72
35879,43967,72
20553,5582,72
3146,2498,72
39828,50556,72
48727,24500,72
1814,1815,72
15326,15342,72
42598,20577,72
1333,1707,72
19248,19265,72
13511,49936,72
13505,13511,72
2498,2108,72
34987,34989,72
1881,2817,72
1394,16996,72
16185,25237,72
25092,15883,72
6275,5757,72
13358,13259,72
16184,16185,72
25100,43324,72
13503,13505,72
2988,3146,72
1809,1810,72
19877,4207,72
1810,1811,72
35010,34987,72
41680,35010,72
35011,41680,72
47848,3368,72
3026,2182,72
3025,3026,72
5582,6067,72
4828,4780,72
7510,7538,72
14605,50491,72
7479,34966,72
34134,38692,72
16543,16565,72
3563,2131,72
2131,2988,72
44882,44883,72
9902,10185,72
39814,39816,72
39816,39818,72
39812,39814,72
27701,11961,72
8999,9000,72
22360,16751,72
1908,1910,72
23999,23992,72
23992,23983,72
23981,21808,72
38857,11286,72
8558,11072,72
48352,11060,72
48454,47845,72
2633,20508,72
43493,49611,72
41045,41047,72
14215,14212,72
11176,11179,72
1957,2858,72
11179,11178,72
13477,13481,72
13413,43290,72
23676,44586,72
48453,48454,72
9442,10444,72
44867,44864,72
44864,39612,72
12020,25995,72
11135,35681,72
39927,43493,72
11182,11177,72
11189,11182,72
11187,11189,72
3272,17495,72
17495,2412,72
2412,17047,72
11188,11187,72
274,40892,72
40892,40894,72
3542,17338,72
21115,18413,72
34635,34463,72
42765,42762,72
20325,20209,72
20209,20374,72
48294,25092,72
40894,213,72
13708,13712,72
13712,13727,72
14720,15233,72
36031,1615,72
2192,2215,72
4925,5096,72
14212,14218,72
40122,44106,72
12414,12411,72
26528,26529,72
26529,26530,72
16226,16345,72
20979,19435,72
19524,20267,72
20267,20713,72
4870,3489,72
24393,868,72
44017,44050,72
14418,50645,72
44825,17575,72
13141,48709,72
12589,12413,72
43404,48805,72
28959,12589,72
51155,22181,72
24044,24046,72
43984,15841,72
40547,39812,72
15768,16084,72
35115,35116,72
4965,4925,72
35568,35648,72
4011,37519,72
17216,4011,72
43967,43969,72
49925,49927,72
21652,16800,72
6223,20979,72
27138,27446,72
51456,41889,72
25577,40984,72
12903,13143,72
50265,219,72
34329,3016,72
36108,35945,72
40900,50265,72
50466,49377,72
281,40900,72
26390,48013,72
26249,26251,72
26243,26249,72
4032,17216,72
9907,11343,72
13756,13755,72
7545,7625,72
37358,37350,72
22165,40735,71
13239,13710,71
50557,39829,71
14472,13701,71
24774,22418,71
15871,15721,71
15721,15498,71
4088,4089,71
34058,25370,71
13265,12831,71
41920,44777,71
9543,9648,71
9648,9415,71
17315,35794,71
26178,25588,71
9415,9523,71
2700,17463,71
1988,2028,71
8999,10847,71
17463,17464,71
37350,37292,71
21799,21320,71
17611,17615,71
50500,47442,71
37358,37360,71
11119,11093,71
34049,24168,71
16034,15606,71
35802,35804,71
534,379,71
22252,22164,71
8419,8324,71
2246,3706,71
48462,11292,71
11067,11015,71
9873,47061,71
47061,9796,71
2038,1980,71
2566,3816,71
34654,34462,71
785,21868,71
15381,15298,71
23674,22,71
8952,10468,71
23210,16428,71
2251,2245,71
2245,2246,71
2250,2243,71
35825,3896,71
18158,19361,71
2201,2675,71
35037,8419,71
8119,35037,71
8118,8119,71
8117,8118,71
24010,44582,71
34998,8117,71
44582,23989,71
23989,23987,71
4292,20530,71
20530,20531,71
40537,23299,71
40450,40537,71
3896,35794,71
15843,15876,71
9362,9442,71
2694,2251,71
3881,2093,71
43422,26145,71
26145,28678,71
22209,51155,71
22180,22209,71
15631,24757,71
14187,14190,71
17476,16987,71
48450,48451,71
14181,14187,71
2471,2694,71
12119,49421,71
43053,16104,71
4780,4916,71
827,37803,71
27307,26345,71
21164,19332,71
17721,17684,71
28424,28268,71
2087,17499,71
13287,13288,71
1384,1359,71
26087,25899,71
26670,26900,71
10193,10225,71
26900,26677,71
21838,21355,71
26677,26673,71
25554,25555,71
11071,11067,71
8948,38594,71
22150,23039,71
27570,27565,71
26222,26243,71
42802,42804,71
42799,42802,71
43370,28854,71
18861,21283,71
21349,21350,71
23201,44685,71
49483,42801,71
19846,19709,71
14005,14002,71
44685,33970,71
27230,27570,71
48344,41874,71
27299,26966,71
22085,21556,71
22066,12975,71
2556,17149,71
19709,6998,71
22413,22819,71
7036,39003,71
22164,22165,71
17149,1805,71
12084,12087,71
28410,28426,71
34457,729,71
26209,26210,70
26210,26225,70
15387,15385,70
15210,15209,70
27384,27412,70
42165,27384,70
35804,35806,70
41599,22182,70
3521,3522,70
27412,27402,70
27402,35169,70
50957,50948,70
21272,21166,70
18437,21272,70
22309,25137,70
29344,14038,70
39361,44568,70
2673,3275,70
15613,24861,70
13792,13082,70
2322,2480,70
2484,2482,70
2489,3324,70
18549,18550,70
13862,13866,70
44466,14508,70
26101,28915,70
1925,1909,70
27344,12221,70
3681,3949,70
35756,35772,70
12787,28291,70
14284,29434,70
39819,39822,70
4717,4805,70
13119,13107,70
26908,26909,70
35779,35780,70
35780,35809,70
26300,25531,70
26306,26300,70
25531,25515,70
11992,11929,70
44018,25944,70
15741,15742,70
34238,10769,70
13795,13792,70
25770,25766,70
39279,34058,70
48077,39279,70
2783,2502,70
4506,21126,70
5490,21264,70
2315,2782,70
1480,1365,70
1869,2764,70
21361,21389,70
42246,42251,70
24058,23081,70
3950,3951,70
42575,37769,70
51496,11999,70
41047,49559,70
35687,10874,70
11136,8899,70
21993,37719,70
27220,28588,70
23370,21993,70
24229,44328,70
39348,27518,70
12963,50187,70
3589,43014,70
16941,1229,70
43014,1648,70
3735,3791,70
12406,48607,70
20269,19523,70
20688,20269,70
42512,15552,70
28022,27108,70
47876,22899,70
43205,50502,70
51559,51556,70
27108,27422,70
27422,27138,70
4479,4975,70
18235,18264,70
50436,51637,70
48013,26345,70
42594,42595,70
42595,42599,70
42599,42603,70
23558,23148,70
51637,51630,70
51630,51632,70
51632,1417,70
36516,13321,70
16543,16573,70
1648,3991,70
17228,1410,70
360,726,70
16556,23288,70
23849,23846,70
51596,15671,70
12825,13635,70
14186,14188,70
24146,24145,70
35702,22074,70
21833,35702,70
21107,4666,70
20317,20319,70
34989,50860,70
21291,36134,70
16587,16589,70
10868,9017,70
9526,11897,70
11000,10999,70
16601,16500,70
16599,16601,70
16177,33971,70
44092,28209,70
10113,10193,70
4046,4010,70
16791,42894,70
8817,43791,70
8787,8788,70
13483,13089,70
22817,24062,70
20796,20794,70
16596,16510,70
18704,20796,70
19599,19594,70
37517,4046,70
19594,19592,70
48443,395,70
2849,3050,70
28292,29053,70
37519,40888,70
40888,37517,70
20374,20408,70
23863,23849,70
8788,8817,70
17499,44957,70
2654,1906,70
48418,21786,70
3334,2570,70
2432,2433,70
23919,24087,70
12221,27350,70
24103,23739,70
3402,2782,70
12731,39485,70
2433,2784,70
2783,2780,70
35853,3521,70
35825,17316,70
12929,13795,70
2784,2052,70
47287,20316,70
22527,24981,70
35809,35810,69
16775,43190,69
14370,49329,69
51616,41875,69
41875,48344,69
20194,38358,69
17227,17229,69
22086,23103,69
24143,24855,69
21944,24134,69
14838,14834,69
27242,27267,69
27267,27268,69
37720,23375,69
23375,23370,69
35810,35811,69
27268,27269,69
49772,25854,69
23092,25,69
4580,4579,69
20554,42561,69
4961,4580,69
49943,49934,69
27839,27220,69
20556,20555,69
38356,50901,69
22672,33915,69
42868,27498,69
35811,35813,69
3539,3168,69
16292,16686,69
23295,43595,69
14221,14210,69
15386,15388,69
15390,15387,69
15388,15389,69
14223,14221,69
15439,15390,69
21629,22087,69
35807,35776,69
34296,17485,69
25902,25553,69
35776,35779,69
3120,3166,69
17283,51629,69
38945,13060,69
8423,7876,69
43349,27531,69
25098,51656,69
3901,3898,69
9739,10481,69
33915,22673,69
22520,21398,69
23747,22520,69
22673,23242,69
3867,3901,69
1815,1809,69
25311,25309,69
16689,16292,69
15832,49306,69
615,48521,69
23885,23087,69
18583,21290,69
35806,35807,69
48521,589,69
1811,2556,69
19391,21125,69
44198,26186,69
13354,42858,69
4916,4827,69
8439,11161,69
26259,26258,69
25905,25906,69
4702,5000,69
5000,4999,69
48045,17505,69
38871,38870,69
4999,20986,69
17623,17634,69
28144,39791,69
13251,14332,69
26886,26671,69
26671,26887,69
25927,26158,69
8751,10424,69
51556,51562,69
51562,51563,69
19435,6228,69
41458,41456,69
6228,18336,69
34992,38389,69
29480,51635,69
11940,26219,69
42588,16947,69
12316,12317,69
18002,18034,69
24296,23267,69
26257,26259,69
5217,5218,69
51074,49943,69
11897,10226,69
13727,13154,69
2619,2035,69
24062,24038,69
2030,2619,69
17506,1980,69
24545,24546,69
5218,5219,69
42841,4111,69
25589,26257,69
25986,25934,69
15505,15671,69
26224,39628,69
5066,4835,69
35083,36077,69
29419,14004,69
10420,10176,69
11811,10417,69
41460,41458,69
43596,16330,69
23846,23658,68
25748,26321,68
44303,23905,68
24927,24460,68
26524,41610,68
11897,9652,68
34450,34462,68
23931,44303,68
714,14612,68
4208,21037,68
2756,36107,68
16795,23347,68
28863,39790,68
16779,16795,68
24214,16779,68
35815,35456,68
24535,16650,68
10171,11813,68
17595,17588,68
27904,27905,68
26687,26704,68
35813,3277,68
5409,5410,68
26772,28219,68
20701,6715,68
28219,26770,68
4177,5517,68
48220,3368,68
25979,25993,68
47860,5266,68
34935,34712,68
1225,1220,68
4527,4525,68
5664,5665,68
41491,41489,68
6220,18238,68
13037,29343,68
4037,17214,68
8982,10999,68
9936,10666,68
9935,9936,68
9934,9935,68
34995,8038,68
16169,24281,68
44403,10959,68
4470,4909,68
17578,6618,68
21167,19427,68
4909,5190,68
17214,4036,68
20574,6883,68
21117,4588,68
48452,49754,68
23755,24666,68
1932,1928,68
24765,23881,68
21167,18446,68
9291,46725,68
35656,3394,68
10541,11534,68
24295,25261,68
47843,16205,68
23121,33876,68
37804,24411,68
8156,34934,68
34934,34935,68
17565,17578,68
38862,38860,68
17551,17565,68
29495,14260,68
2392,3265,68
14260,14258,68
2215,35656,68
34712,34936,68
34936,34728,68
14258,29606,68
18552,18559,68
1805,1801,68
20856,19845,68
22315,23221,68
13605,13246,68
1801,1800,68
26194,12023,68
4168,19524,68
24319,16172,68
12023,26190,68
1868,2570,68
23293,16566,68
18444,18456,68
20577,20584,68
1124,48060,68
2316,35662,68
4970,4763,68
1995,2961,68
2961,2960,68
25079,15359,68
49241,11995,68
11988,27159,68
25337,25332,68
13725,13238,68
19866,4754,68
3120,3121,68
13565,44461,68
50609,13652,68
44472,44471,68
49193,43228,68
23321,25280,68
42852,23321,68
699,49193,68
10236,47982,68
10101,8965,68
15389,25079,68
1282,17473,68
17473,1264,68
11929,11939,68
6478,17833,68
48268,12838,68
2718,3543,68
3543,2705,68
15519,15838,68
13638,13092,68
15906,15905,68
6763,6764,68
19840,20192,68
14420,14419,68
47893,48898,68
38673,309,68
27185,27516,68
27195,27185,68
48265,25092,68
20192,20193,68
43205,13107,68
15499,33894,68
458,446,68
12242,12093,68
40809,16606,68
24373,16496,68
35662,35664,68
4109,42840,68
16009,15994,68
4941,4825,68
18284,51232,68
51232,51233,68
51233,20998,68
20998,20994,68
13747,13750,68
26107,26109,68
20994,20987,68
4713,4941,68
25586,26107,68
4761,4713,68
16474,16475,68
26819,26908,68
3174,3121,68
21350,44792,68
11279,44402,68
17833,17804,68
25224,49164,68
10490,11809,68
35664,35660,68
16500,24373,68
39621,25581,68
15849,15850,68
35660,17458,68
42,24274,68
4045,41999,67
35681,35682,67
51563,51551,67
17634,17710,67
610,25434,67
458,444,67
41999,41535,67
22197,22237,67
21986,22437,67
26074,25899,67
14042,24202,67
29050,29275,67
25969,25970,67
16031,21513,67
5266,5267,67
48090,28679,67
24407,22688,67
29514,51418,67
28679,26074,67
14040,14042,67
6998,18821,67
44878,51387,67
26143,25904,67
39823,39821,67
13936,13963,67
21894,16865,67
16865,24535,67
16198,24296,67
48608,24583,67
12879,38944,67
25906,28680,67
25904,25905,67
44957,2771,67
21790,38673,67
26158,26143,67
26258,12026,67
41159,1482,67
50893,41159,67
3293,50893,67
24124,811,67
3168,43211,67
43211,43210,67
3112,3291,67
16625,16567,67
39820,39817,67
41137,10021,67
39817,39815,67
13103,38936,67
25872,12109,67
582,583,67
10703,11445,67
11059,41170,67
22658,16092,67
17224,35086,67
37774,37773,67
16380,44328,67
16169,25298,67
18488,21099,67
38143,49171,67
15872,22974,67
23681,34006,67
34006,22859,67
20303,20304,67
20304,19911,67
728,16521,67
16405,25207,67
42620,1595,67
10874,11136,67
15850,25111,67
36093,36092,67
20324,20201,67
24458,23769,67
44461,44470,67
13733,13736,67
26680,26670,67
49563,25864,67
6713,38553,67
16972,6845,67
25111,25112,67
42511,25326,67
24981,37801,67
41994,8390,67
20703,20704,67
6509,36093,67
36092,40790,67
13737,13753,67
10057,10128,67
10128,42749,67
15011,15247,67
7556,7557,67
43810,43813,67
42749,10129,67
25123,24200,67
10757,11632,67
22571,15011,67
40881,48027,67
16943,16944,67
16944,16945,67
22046,22047,67
11813,10177,67
13736,13737,67
39759,24475,67
25112,15580,67
10328,11590,67
24162,24165,67
39214,39213,67
22256,980,67
12821,12822,67
12822,12866,67
16268,16338,67
24583,741,67
15836,15827,67
13136,13726,67
11562,9064,67
13753,13754,67
21013,18284,67
27794,27788,67
13941,13944,67
6285,5755,67
4865,38744,67
44792,21381,67
23239,51656,67
15580,15805,67
11574,9181,67
13754,13941,67
7947,7948,66
18623,18603,66
25253,16747,66
18603,18599,66
11063,11003,66
24994,24581,66
20370,19867,66
7948,34860,66
8038,8099,66
35799,35748,66
17315,3611,66
8099,8100,66
8100,8037,66
8322,7910,66
8037,8217,66
35797,35799,66
49245,13752,66
39168,41750,66
13896,14328,66
13483,13478,66
22981,23776,66
23776,22983,66
10560,10714,66
10691,10531,66
6499,6511,66
23038,35989,66
28194,50165,66
21556,14811,66
11628,9343,66
27347,25840,66
24583,24483,66
40131,44757,66
23158,22136,66
14274,29440,66
50207,40535,66
14825,14836,66
16417,16318,66
21104,18474,66
5724,5723,66
5725,5724,66
37731,9600,66
28268,28434,66
15338,21597,66
27709,27699,66
24628,34010,66
17234,1616,66
7399,7400,66
17334,3213,66
34018,22322,66
3049,17334,66
17333,3049,66
3048,17333,66
3047,3048,66
7400,7401,66
1818,3047,66
27178,47990,66
7398,7399,66
24411,24408,66
1824,1817,66
44201,27833,66
27623,26120,66
39519,28082,66
28082,39395,66
27111,26136,66
48008,27111,66
3213,1826,66
10170,11811,66
24430,24439,66
23924,23909,66
24403,37416,66
24812,16846,66
13863,14596,66
43356,43355,66
16520,16514,66
16616,15991,66
1826,1827,66
7408,7409,66
7464,7408,66
7463,7464,66
7360,7463,66
7403,7360,66
7402,7403,66
39395,27192,66
27141,28859,66
1616,42952,66
34010,33989,66
2179,3915,66
20704,20705,66
28397,28399,66
42097,26606,66
42714,42716,66
42716,42710,66
16782,16783,66
33989,33993,66
35746,35744,66
42952,42905,66
21080,21070,66
21301,20535,66
14137,14139,66
24169,44685,66
5453,5456,66
20397,18715,66
10980,10976,66
42888,26524,66
11019,11018,66
16374,15881,66
1007,35746,66
10427,10726,66
28466,26301,66
297,580,66
50867,24189,66
50684,26846,66
584,297,66
205,584,66
227,205,66
216,227,66
50065,41257,66
42684,216,66
4586,5013,66
17575,17570,66
15906,41130,66
25335,22981,66
10726,10560,66
36080,1740,66
38863,8862,66
27264,39532,66
23055,22204,66
15805,15873,66
16946,1727,66
27477,27460,66
41241,10715,66
23935,23931,66
11071,39224,66
15449,15450,66
39752,39751,66
16432,16455,66
13589,13127,66
27460,27449,66
9943,9944,66
24666,24753,66
27357,27477,66
37719,37718,66
27265,27264,66
3578,3579,66
27584,27263,66
27263,39556,66
39556,27265,66
9,10,66
9944,9945,66
13320,42877,66
12004,27348,65
51475,42512,65
25688,25689,65
10593,9742,65
28994,25692,65
26655,28865,65
27348,27089,65
15878,15909,65
37721,37720,65
16129,16130,65
37722,37721,65
2509,1802,65
35748,35750,65
42705,42702,65
42702,35784,65
28262,26795,65
41246,28994,65
35750,35752,65
4622,4623,65
26489,26516,65
15672,25097,65
25626,26301,65
41326,39254,65
8145,8441,65
25215,50207,65
25006,36832,65
39563,46704,65
26291,25593,65
25547,26291,65
4126,4127,65
20545,20546,65
20547,20545,65
17047,2612,65
4290,20635,65
24475,39269,65
39269,24477,65
24477,24288,65
24288,24290,65
24290,42,65
48044,3368,65
34117,23247,65
4661,4578,65
41302,41306,65
43821,41302,65
4817,4527,65
48409,39142,65
41200,26489,65
25496,29304,65
47094,8797,65
26292,26293,65
23133,15672,65
35302,10759,65
39168,41810,65
16911,23647,65
48642,44568,65
26754,26755,65
26433,27842,65
50145,50148,65
51851,50145,65
24241,42621,65
23018,24241,65
12978,12992,65
10951,10950,65
51631,38638,65
35686,35687,65
24236,24242,65
44877,44884,65
44884,44881,65
44888,35686,65
11477,8731,65
23942,16911,65
34467,34471,65
1217,1230,65
38638,38641,65
38641,38640,65
23222,23211,65
1867,3962,65
15838,15695,65
15695,15793,65
15793,15883,65
25946,25947,65
1804,1806,65
1803,1804,65
2419,2509,65
1802,1803,65
23694,888,65
7720,7544,65
26755,26893,65
27093,27081,65
24546,24547,65
15579,15819,65
22254,41326,65
21380,21379,65
16428,16429,65
16430,15588,65
15588,16077,65
27142,27167,65
18609,18602,65
29483,12932,65
41535,41536,65
26009,26010,65
4924,50258,65
24262,24263,65
23976,23666,65
5456,5458,65
5458,5723,65
44666,51475,65
41162,41164,65
21992,21991,65
3974,16964,65
36041,50300,65
22119,23084,65
38285,38283,65
23894,24466,65
37803,23694,65
25074,15358,65
42191,43065,65
26893,42191,65
701,37415,65
1939,1934,65
39625,48057,65
27423,27107,65
13960,13937,65
3172,17338,65
36100,3845,65
25840,27344,65
11865,10747,65
43212,3171,65
3170,43212,65
3215,3119,65
24020,13375,65
26173,26152,65
13963,13230,65
13867,13863,65
11617,10210,65
9733,9627,65
26175,26173,65
5398,5397,65
29433,14271,65
812,24125,65
37808,43207,65
25553,26175,65
15527,15678,65
3174,17335,65
26691,25770,65
24123,22180,65
24125,24123,65
27107,28023,65
3171,3172,65
43774,27400,65
14576,13203,65
37360,37358,65
27532,27519,65
5373,5313,65
39215,39217,65
20316,20321,65
10610,10618,64
21946,22292,64
3866,2847,64
40426,25512,64
26481,41607,64
16597,23288,64
18474,21103,64
50144,50138,64
16780,24216,64
17328,3866,64
25561,25688,64
50148,50144,64
16762,16763,64
4922,44425,64
23291,16516,64
17460,1051,64
3979,2536,64
3219,43210,64
19624,4242,64
13601,13632,64
3490,17318,64
38805,3490,64
2893,2849,64
727,732,64
16674,16681,64
13499,48435,64
49485,19879,64
43879,36925,64
25761,26128,64
1827,17328,64
41810,43220,64
8159,8169,64
34713,8159,64
34725,42695,64
34724,34725,64
47940,34724,64
8168,47937,64
43280,13450,64
7955,7956,64
14562,13366,64
24021,14562,64
41246,26126,64
16760,94,64
7841,7975,64
13373,29623,64
49879,44674,64
7898,7841,64
7897,7898,64
24216,24219,64
23561,23851,64
25530,26481,64
18553,18566,64
26126,25761,64
35752,42705,64
23863,23561,64
25136,23863,64
48938,49764,64
5487,5488,64
21355,21599,64
3218,3219,64
16640,25153,64
26241,26242,64
20466,38360,64
38360,38359,64
13152,13288,64
25792,26240,64
51733,13206,64
891,889,64
26240,26241,64
25709,28695,64
17403,17460,64
11884,49359,64
10153,10154,64
889,23695,64
23695,37804,64
16632,16635,64
20480,48183,64
51733,13103,64
19765,20466,64
16635,16637,64
51733,42858,64
16637,16630,64
4970,4745,64
23033,22117,64
3295,34279,64
34279,20503,64
16631,23340,64
16630,16631,64
38834,44803,64
16482,16230,64
10299,10201,64
50185,11970,64
21061,21048,64
3065,17480,64
17228,1417,64
23596,22804,64
4745,4763,64
15632,15524,64
51733,13113,64
15812,16369,64
18790,18791,64
16684,16116,64
7578,7632,64
23698,22976,64
16374,16281,64
8939,10309,64
51733,13946,64
4728,4502,64
4502,4913,64
26136,26067,64
3393,3025,64
35984,41866,64
44249,16762,64
4241,21141,64
35613,8456,64
36077,1310,64
3217,3218,64
10837,10842,64
14225,14269,64
3540,3217,64
16634,16632,64
35280,42178,64
23293,16634,64
27364,27433,64
10841,10836,64
9932,9933,64
11639,9932,64
9924,11639,64
17480,17403,64
9923,9924,64
5282,5283,64
38553,2373,64
10842,10841,64
9945,9940,64
2765,3045,64
41934,20739,64
18556,18553,64
3392,3393,64
21239,40293,64
39815,39813,64
25709,28908,64
23862,15592,64
16935,2663,64
27498,12674,64
16934,16935,64
12993,13607,64
25092,25338,64
39176,39177,64
39174,39176,64
27374,27373,64
48561,16324,64
28908,25663,64
5929,19818,64
34016,14939,64
24544,24545,64
3275,3996,64
25653,26277,64
26277,28913,64
16069,24472,64
40529,40530,64
40344,40345,64
27162,12000,64
16933,16934,64
17721,19746,64
36134,4223,64
39813,42965,64
95,16797,64
43996,34169,64
44336,44339,64
39771,42455,64
39489,27293,64
25490,28918,64
15845,43984,64
11065,11073,64
7532,8064,64
38680,46232,64
23892,50130,64
39490,39489,64
22094,15823,64
46661,47016,64
2803,17488,64
12298,12245,64
43792,46925,64
28186,28515,64
382,49939,64
25320,25311,64
14057,12898,64
47990,27200,64
13937,50332,64
11439,34688,64
5321,5322,64
27501,27498,64
21238,21239,64
24369,949,64
40293,18643,64
44160,16205,64
49991,49983,64
42486,2481,64
2483,2909,64
23127,23128,64
3723,3391,64
3391,3392,64
14576,13088,64
3324,34330,64
4473,4474,64
25512,25490,64
7354,7427,64
5028,4852,64
23967,23960,64
23960,48249,64
49983,49993,64
16682,16674,64
7171,6999,64
29407,29450,64
4469,4473,64
25207,25208,64
21009,21013,64
49993,21946,64
44367,16286,64
44674,16968,64
34330,3620,64
11871,44417,64
23865,22360,64
15378,15900,64
24543,24544,64
1783,42763,64
42763,42764,64
12226,40344,64
40151,26915,64
23126,23127,64
18258,5929,64
12837,48294,64
38278,4113,64
44417,43996,64
42767,42769,64
42764,42767,64
49939,14644,64
42769,42771,64
4113,38277,64
27262,27258,64
38277,4114,64
27266,27262,64
27580,27266,64
27581,27580,64
38655,25227,64
2047,2029,63
4638,4902,63
1808,17370,63
51227,13602,63
4721,4638,63
13234,13803,63
1806,1807,63
25282,25264,63
10301,51961,63
34662,34492,63
1807,1808,63
16081,16426,63
21546,21547,63
35407,1107,63
13602,21589,63
50609,13657,63
33970,23919,63
13286,13345,63
11549,11901,63
1327,1367,63
1589,36124,63
23076,22062,63
17001,4111,63
13042,13509,63
26264,26198,63
21853,16289,63
888,890,63
27472,27340,63
49414,12120,63
4185,21282,63
17352,44956,63
16019,16148,63
5292,5293,63
10866,10850,63
44956,36099,63
21782,21617,63
16673,15897,63
15907,16786,63
1367,1375,63
42710,42713,63
42713,42720,63
22042,33969,63
20964,20960,63
6384,5493,63
35972,36094,63
16031,36909,63
1812,1813,63
13739,13358,63
29458,29459,63
44659,13701,63
36096,35972,63
29459,29460,63
10430,11068,63
3934,3900,63
21547,21548,63
44888,9046,63
9075,39299,63
2804,3290,63
35791,48898,63
26749,43136,63
43065,26749,63
24244,23018,63
4471,4472,63
34867,34706,63
23247,22493,63
34860,34880,63
34880,7816,63
7816,7773,63
35759,35751,63
35785,42701,63
40641,41100,63
7773,34867,63
1165,1642,63
26123,28671,63
39271,22027,63
4578,4589,63
17488,47855,63
22493,22494,63
20543,20544,63
4241,21152,63
12299,12242,63
20528,4290,63
35082,3617,63
4159,5914,63
19361,41672,63
18560,18588,63
5914,20542,63
6543,6544,63
37718,34128,63
20969,20973,63
18847,18848,63
22444,40641,63
42706,35759,63
39250,48328,63
2891,2892,63
322,323,63
20973,6229,63
317,322,63
20960,20969,63
5732,5733,63
5365,5398,63
26186,28916,63
27258,27249,63
15878,24200,63
44205,40412,63
40412,44294,63
13246,24062,63
9319,9804,63
39772,42456,63
9803,8732,63
28129,39772,63
39195,51393,63
5665,5666,63
17995,20702,63
51393,18452,63
41890,14482,63
36094,6499,63
3617,35083,63
3870,48020,63
51961,10300,63
20542,20543,63
9804,9805,63
10790,9828,63
29635,13677,63
20636,4288,63
23102,22086,63
44810,44812,63
44814,44816,63
25854,25855,63
8107,8108,63
11622,8829,63
10773,11843,63
27945,39216,63
21545,21546,63
5673,6059,63
44812,44814,63
499,502,63
5082,20370,63
4472,4470,63
5436,5437,63
15586,16083,63
16083,15752,63
37272,6021,63
6544,6545,63
18192,17907,63
37534,13321,63
10066,9793,63
4475,4471,63
43373,26131,63
16673,21769,63
26012,37420,63
330,49932,63
20544,20547,63
40053,28163,63
6845,20484,63
8108,8146,63
10065,10066,63
41485,16426,63
23935,23944,63
1471,1460,63
47400,9000,63
49932,38118,63
26152,26151,63
2093,3791,63
42565,20142,63
5081,4571,62
4850,5081,62
1725,16937,62
11072,35685,62
25276,16764,62
4853,4850,62
16346,16348,62
3620,35501,62
1721,1722,62
4957,41045,62
24472,34016,62
44499,41811,62
308,318,62
25352,24450,62
13131,14138,62
47854,3437,62
51846,8756,62
47828,5048,62
49545,41046,62
12975,14595,62
41664,11081,62
27190,27523,62
39299,9258,62
44341,48062,62
10,16246,62
29512,13116,62
48435,29512,62
43021,38968,62
38968,43023,62
43023,43019,62
3045,3046,62
48102,1296,62
11227,46725,62
41534,41533,62
41536,41534,62
46803,26353,62
7216,5616,62
38765,4945,62
15587,16149,62
1758,17002,62
38763,5071,62
27173,27513,62
11813,10176,62
137,132,62
26150,26170,62
43374,27399,62
4584,38762,62
35457,35830,62
16784,16785,62
40026,11632,62
16247,15428,62
38762,38761,62
38761,6167,62
1879,1878,62
5075,5091,62
10097,37257,62
40613,40615,62
23310,34049,62
2206,2205,62
25304,16884,62
28927,26496,62
1219,2574,62
27654,27709,62
19054,40616,62
40616,40614,62
27699,27700,62
2845,2846,62
2844,2845,62
23851,23658,62
39624,28680,62
11178,41132,62
8750,43224,62
16455,15587,62
2205,2291,62
25750,41247,62
11739,11741,62
23154,23034,62
17217,4047,62
38886,8399,62
48242,5048,62
1227,38926,62
4031,17217,62
40058,41916,62
14961,14954,62
26128,25750,62
4586,4842,62
9442,8966,62
4615,38763,62
41533,4031,62
2847,2844,62
8706,51846,62
2871,1701,62
42701,42706,62
20142,20143,62
16990,1210,62
35424,5030,62
22119,22238,62
24005,44302,62
50898,47102,62
10781,10328,62
23307,48193,62
42893,16765,62
4871,19455,62
22462,15623,62
48897,49946,62
23170,23172,62
41050,9006,62
23172,23173,62
275,278,62
11934,25885,62
14444,14289,62
50568,5285,62
20917,43054,62
51074,49937,62
15524,15626,62
39140,48408,62
41309,42729,62
13609,12991,62
11289,11644,62
21809,21815,62
23059,23155,62
2699,2698,62
2702,2699,62
1836,2702,62
16266,43190,62
43570,46429,62
983,984,62
972,22927,62
5308,5309,62
14270,14224,62
5030,35464,62
12937,13104,62
28747,28746,62
48406,48409,62
48407,48406,62
26686,26683,62
48408,48407,62
5517,20390,62
1835,1836,62
10667,10664,62
17499,2095,62
46941,46244,62
11908,46941,62
17675,20917,62
1829,17341,62
10100,10099,62
1828,1829,62
8638,10100,62
4199,21309,62
40150,26475,62
3579,3196,62
48353,10959,62
42864,43289,62
22166,22167,62
5466,5465,62
18033,18051,62
15479,15632,62
24168,24169,62
5465,5459,62
1797,2419,62
5467,5466,62
16765,44248,62
48057,37420,62
35751,35749,62
20917,18912,62
17341,1831,62
21649,21650,62
49937,49927,62
9480,11770,62
1831,1833,62
27994,27995,62
35800,35798,62
43188,41845,62
46244,11476,62
16754,16752,61
28061,27999,61
27954,28060,61
16330,24696,61
6853,4891,61
15722,16338,61
35035,7902,61
1760,4894,61
28253,26907,61
14024,13151,61
12827,13813,61
10775,10776,61
28565,28253,61
27137,27954,61
28060,28061,61
28695,28696,61
26814,28565,61
8144,8145,61
21248,21243,61
7877,8127,61
16752,24646,61
23267,16330,61
26010,26139,61
6999,34305,61
24767,15616,61
26816,26814,61
21049,4261,61
34691,8144,61
980,15367,61
4663,5016,61
26909,26816,61
9064,47098,61
34706,34993,61
13775,12992,61
35749,35800,61
7432,7433,61
17617,17618,61
17614,17617,61
16932,16933,61
5729,5732,61
7431,7432,61
23257,16489,61
26795,26903,61
26353,25919,61
13802,13796,61
10185,10491,61
46387,42014,61
42014,10185,61
27177,48257,61
43695,26165,61
43801,51254,61
39352,27530,61
13751,13946,61
24104,24444,61
23631,983,61
20552,20553,61
12975,13319,61
5275,5276,61
39141,39140,61
9362,9566,61
16317,16418,61
12640,28818,61
39143,39141,61
24542,24543,61
12245,25860,61
2826,2827,61
8815,47016,61
4289,20528,61
4381,4289,61
20201,4381,61
49489,49504,61
19388,19385,61
49521,16061,61
49517,42851,61
24315,50592,61
27458,44777,61
2827,2828,61
26907,28254,61
2217,35814,61
43068,43067,61
22136,22137,61
39962,12932,61
14632,195,61
23697,21722,61
35682,42460,61
13804,12929,61
3216,1636,61
1365,3216,61
18234,18192,61
43137,43068,61
43067,42188,61
1596,1589,61
35830,2217,61
22137,22138,61
1413,1421,61
28142,28144,61
28254,28255,61
13677,13707,61
19388,18530,61
11286,11068,61
3897,3611,61
14217,14211,61
4842,4841,61
26593,27801,61
14216,14233,61
17989,5820,61
23410,23402,61
11234,9046,61
942,938,61
6707,6708,61
22848,34027,61
22633,35,61
21696,16306,61
5016,4845,61
4845,4568,61
27529,43030,61
4923,44425,61
27802,26593,61
13187,14197,61
5027,4923,61
10236,10225,61
15538,15598,61
24422,918,61
23256,15853,61
4657,5027,61
4841,4513,61
15813,15812,61
16345,16347,61
14211,14216,61
51254,41161,61
9852,11732,61
43588,47421,61
5552,18804,61
9805,9852,61
24428,24467,61
35744,38704,61
20841,19553,61
23344,16377,61
14872,14860,61
47405,43588,61
39789,39791,61
10113,10226,61
47404,47405,61
48049,47404,61
7749,8733,61
11732,9799,61
16763,25277,61
2216,2757,60
41743,4657,60
12250,12251,60
21817,23729,60
10647,10781,60
41599,23035,60
520,524,60
23035,22177,60
49752,43584,60
23729,21812,60
13620,13623,60
6761,6760,60
21355,21354,60
12992,13625,60
49764,27136,60
17416,35081,60
14398,14397,60
13625,13620,60
9604,9620,60
20855,19710,60
4523,4524,60
39558,27146,60
18042,18033,60
4910,4476,60
34835,8405,60
47102,21633,60
13865,34277,60
27999,27086,60
42435,5141,60
27507,11998,60
44001,50767,60
50767,25709,60
42499,42498,60
28130,28145,60
27086,27084,60
27605,26648,60
28124,28141,60
50150,9432,60
300,299,60
5662,5663,60
19689,43351,60
28145,28124,60
44813,44811,60
20743,20745,60
20745,20746,60
44815,44813,60
8126,8291,60
23981,23911,60
20705,7171,60
51358,47253,60
9785,9874,60
4163,4647,60
28923,25632,60
16606,16603,60
25632,25641,60
6511,42001,60
20680,18788,60
47253,47352,60
25641,26020,60
5442,5444,60
51125,49208,60
5440,5442,60
5437,5440,60
26020,26255,60
24490,24806,60
17138,16940,60
51522,43424,60
35081,35082,60
24487,24490,60
29413,12938,60
47352,9605,60
2316,51527,60
18530,43146,60
4911,4910,60
49015,44502,60
2467,2224,60
13623,13132,60
13132,13618,60
51527,51522,60
7235,18270,60
13295,48897,60
42723,50250,60
17675,21305,60
9423,51358,60
16576,16611,60
2050,2441,60
41463,743,60
28466,28923,60
2051,2050,60
18268,7235,60
22361,23871,60
20322,20323,60
16940,16941,60
20323,4384,60
24836,34019,60
43146,38664,60
22322,24836,60
43964,43963,60
20541,4159,60
23998,23997,60
12884,13865,60
23619,24036,60
4207,17580,60
10850,9016,60
26707,26899,60
44859,44865,60
5069,4491,60
13946,13153,60
28425,28411,60
19760,19589,60
19589,18846,60
18846,18847,60
5293,5294,60
21402,48758,60
20140,20141,60
13661,44472,60
4491,4486,60
10021,11456,60
42890,37631,60
4486,4489,60
13153,12899,60
17993,34265,60
13428,24855,60
19867,19593,60
44299,6010,60
3925,3922,60
11945,26312,60
19593,19596,60
24242,24248,60
38926,4037,60
16155,15740,60
4493,5069,60
4913,4493,60
36204,41133,60
26171,26151,60
42815,44524,60
24181,21318,60
4549,47851,60
3145,51493,60
10154,9929,60
3080,3677,60
51493,44241,60
48862,24406,60
15750,15751,60
44145,27364,60
5286,5287,60
6716,34157,60
5291,5292,60
5287,5288,60
4511,4728,60
5288,42526,60
28426,28424,60
23671,23672,60
2536,3490,60
25857,25858,60
3654,1269,60
26683,28193,60
42526,5289,60
5289,5290,60
5290,5291,60
3923,3925,60
21134,18514,60
6005,6006,60
21129,21131,60
21589,15643,60
43787,13618,60
21131,21134,60
17975,17930,60
21650,21639,60
48098,16061,60
9894,9742,60
42037,42036,60
16104,21778,60
23211,26923,60
47825,5048,60
4489,4490,60
9053,11880,60
25577,39629,60
26965,27945,60
27346,27435,60
20977,6225,60
13627,12968,60
1734,3825,60
4490,5028,60
1800,2693,60
6006,44300,60
19596,19597,60
10132,37785,60
49659,19728,60
24093,25352,60
34143,42037,60
19324,6005,60
2876,1310,59
38358,38357,59
18695,18692,59
502,498,59
5820,5822,59
21160,21155,59
10595,11812,59
13257,12959,59
51436,14169,59
498,495,59
50723,49841,59
4070,4071,59
29199,40424,59
34305,5599,59
25919,25920,59
11468,11233,59
35085,2871,59
22141,22142,59
2029,41354,59
9915,9740,59
21821,21992,59
40061,49088,59
4524,4570,59
26219,26223,59
1732,3824,59
24829,24833,59
36925,42126,59
43354,41720,59
23320,16789,59
9033,10965,59
15428,15431,59
23025,23026,59
4072,36051,59
21601,35713,59
4071,4072,59
19553,19555,59
20193,18066,59
37208,35839,59
10775,9048,59
37726,37725,59
25309,25307,59
42741,37515,59
37515,2706,59
23253,15702,59
29407,29403,59
15853,23253,59
50803,43794,59
9046,11734,59
41354,2566,59
1230,16942,59
25307,25322,59
35814,35812,59
47094,47173,59
9737,21853,59
14397,14396,59
4193,4674,59
2813,1814,59
15176,15146,59
2718,42741,59
41336,22188,59
14169,14168,59
1929,1909,59
10251,8073,59
14168,14172,59
14172,14173,59
16534,39182,59
14173,14303,59
14303,14304,59
27848,27847,59
49841,7585,59
26830,28256,59
23101,39128,59
19326,6015,59
1730,1732,59
27254,27260,59
40985,18835,59
20090,40985,59
132,21597,59
5822,6021,59
1941,2769,59
19325,19326,59
50634,25644,59
37725,37724,59
28257,28258,59
48896,35790,59
47857,18704,59
13261,12877,59
13822,12879,59
18848,49659,59
13726,13714,59
27416,26052,59
12877,12836,59
12836,12818,59
46420,48862,59
22859,37116,59
4384,20324,59
49464,49454,59
13645,13822,59
3437,3372,59
41926,28165,59
17446,17433,59
49665,14720,59
17433,3376,59
43396,49161,59
43398,43396,59
16815,16811,59
5327,5328,59
20551,20552,59
24499,24507,59
28165,29035,59
1772,3340,59
28258,28259,59
7663,7779,59
42576,49464,59
12840,13261,59
24448,24447,59
5065,4818,59
17476,51770,59
18527,18509,59
25712,50766,59
4112,4101,59
39787,12750,59
20612,20876,59
13659,13683,59
7428,7355,59
13477,14319,59
24447,24242,59
28256,28257,59
24446,24448,59
12879,42707,59
24236,24446,59
13174,13973,59
13141,13590,59
5733,5734,59
28260,28243,59
4597,4903,59
28261,28260,59
28199,12771,59
27279,26965,59
28259,28261,59
16816,16821,59
16821,22839,59
29035,27115,59
22047,7294,59
6118,20480,59
13708,43652,59
1719,1721,59
27295,26427,59
17447,39259,59
3386,1643,59
17574,17567,59
2250,2880,59
17567,20854,59
1264,17447,59
42020,7288,59
20854,19570,59
10715,8818,59
8441,40779,59
10287,11897,59
19570,20490,59
14446,14451,59
10790,43400,59
16370,16338,59
14447,14446,59
8138,8107,59
9891,10615,59
43400,43398,59
13721,13732,59
37724,37723,59
37723,37722,59
51770,3706,59
43523,39794,58
15348,15278,58
35781,35778,58
21384,21385,58
24558,21904,58
5283,5284,58
21383,21384,58
47954,21369,58
14219,29394,58
23107,21627,58
26012,43371,58
19298,19296,58
390,395,58
26518,28889,58
388,390,58
14034,14032,58
44288,39765,58
190,42530,58
5280,5281,58
4890,4727,58
12924,13143,58
19434,21019,58
29441,13015,58
35808,35781,58
42781,194,58
5281,5282,58
13244,13187,58
724,15228,58
28693,43523,58
44524,47003,58
4703,4702,58
24556,24558,58
28675,28842,58
21514,21515,58
23104,23105,58
45012,41025,58
44257,12978,58
12982,13644,58
34168,11871,58
11940,12063,58
193,195,58
27505,49241,58
23911,23931,58
35828,35808,58
41025,29304,58
20987,6223,58
14224,14223,58
23105,16903,58
12341,27142,58
3329,2830,58
44868,43505,58
8395,8139,58
36994,24378,58
8139,8140,58
7544,7749,58
35812,35828,58
39794,39775,58
28842,28843,58
190,191,58
24555,24556,58
191,193,58
18862,37272,58
16903,16904,58
28844,28845,58
41994,8388,58
5284,5286,58
35302,11725,58
14481,41891,58
28888,45012,58
22373,49209,58
12081,29241,58
36096,40790,58
44289,39793,58
21347,21348,58
25914,25558,58
5141,5165,58
13781,44257,58
22930,45021,58
19171,19172,58
383,388,58
42876,13214,58
12782,28272,58
15823,15519,58
43324,43328,58
36125,1592,58
18519,18520,58
21135,18519,58
18401,21135,58
50130,50126,58
3196,3423,58
1592,51115,58
21846,26403,58
20843,7009,58
44380,340,58
346,44380,58
349,346,58
351,349,58
42745,16705,58
42746,42745,58
42747,42746,58
42748,42747,58
22307,42748,58
41596,22307,58
19821,17001,58
47256,27567,58
5555,5566,58
440,437,58
437,24721,58
9968,10068,58
2632,3678,58
7017,7018,58
42983,1288,58
40057,41910,58
40063,40055,58
26715,51421,58
19172,19183,58
3624,3666,58
3679,3624,58
39063,3679,58
3968,39063,58
3678,3968,58
2631,2632,58
34332,20584,58
2630,2631,58
2527,2630,58
2526,2527,58
3677,2526,58
25675,25676,58
49984,15449,58
24217,16206,58
9689,37065,58
9429,11903,58
11856,37257,58
15448,49984,58
347,350,58
345,347,58
344,345,58
8368,42698,58
13603,47432,58
40119,25614,58
26253,40119,58
25518,26253,58
29303,25518,58
26896,26740,58
26895,26896,58
28818,28866,58
23759,40796,58
28919,40085,58
27246,39564,58
42698,8297,58
5739,5740,58
21812,24177,58
42738,42737,58
5489,5490,58
8296,42697,58
42697,8302,58
11016,11018,58
2832,1780,58
910,34090,58
17269,17268,58
2441,2442,58
2442,2002,58
5740,5741,58
5738,5739,58
14676,628,58
13128,13092,58
355,14676,58
15337,15338,58
15336,15337,58
16137,38652,58
48351,1098,58
42859,13595,58
3894,3819,58
3819,2959,58
2959,2956,58
29325,51917,58
24406,24404,58
16515,16597,58
5737,5738,58
18792,6853,58
18791,18792,58
19725,19759,58
29049,12432,58
20139,20140,58
12899,13241,58
16597,16558,58
10610,46303,58
46303,47298,58
47298,38684,58
5736,5737,58
41910,41908,58
24799,22465,58
27520,27191,58
4825,4624,58
12498,27520,58
3113,2726,58
21155,18516,58
13247,13290,58
35631,35632,58
41836,40145,58
11908,38685,58
42434,4597,58
50484,38684,58
7416,7422,58
15256,15260,58
25300,25303,58
18177,21286,58
9874,10038,58
7369,7448,58
10038,9967,58
41132,9553,58
16884,25300,58
44140,19386,58
29241,29066,58
15260,15335,58
38655,25229,58
51116,10107,58
29293,25860,58
16670,16673,58
18516,44140,58
15254,15256,58
16589,16570,58
1862,1859,58
43399,9831,58
2726,2727,58
51494,3387,58
2944,51494,58
27880,27802,58
9967,9968,58
7507,37713,58
25513,40094,58
4870,4000,58
26567,27880,58
5169,4676,58
34623,34637,57
20490,19847,57
1092,3331,57
48118,25938,57
13643,12847,57
18444,18445,57
2142,39749,57
39485,27602,57
20531,20532,57
11414,10649,57
22136,22246,57
20546,20465,57
14854,14872,57
28408,28410,57
13200,13173,57
22029,22030,57
22030,22496,57
23129,23098,57
5663,5664,57
25806,26177,57
340,356,57
50188,50219,57
24791,24720,57
5294,5295,57
27581,27583,57
34128,23642,57
16292,43595,57
1898,1897,57
44105,28919,57
35587,35060,57
17990,18012,57
13409,13413,57
27663,27581,57
13567,38976,57
3790,3939,57
2085,3984,57
38976,13042,57
7009,20234,57
47827,17579,57
1914,1898,57
35866,35867,57
23017,22029,57
21218,19259,57
11410,8631,57
13220,13093,57
43948,43946,57
14287,14486,57
27435,27429,57
23964,23960,57
4102,35871,57
23960,23961,57
14418,14423,57
27881,27844,57
23961,23963,57
27863,27881,57
23963,24028,57
43283,29332,57
4101,4102,57
29332,42470,57
15581,15833,57
40064,40060,57
5741,5742,57
5742,5743,57
27864,27863,57
42080,13459,57
11398,8629,57
42842,4112,57
8631,11398,57
13288,16777,57
13459,13461,57
11302,11410,57
7556,7632,57
50497,13091,57
40796,40798,57
35868,35869,57
35867,35868,57
3435,3647,57
15498,15581,57
16149,16474,57
21279,17600,57
25228,25229,57
4924,4588,57
10617,9802,57
11090,11080,57
21340,21341,57
16429,16430,57
21283,17972,57
25838,49420,57
4510,35337,57
35864,35866,57
35862,35864,57
35871,35862,57
35337,42257,57
8626,11387,57
8628,8626,57
24740,25395,57
16232,44328,57
28193,26680,57
8629,8628,57
26547,27845,57
27448,27459,57
10992,10991,57
47968,49967,57
15931,24776,57
21236,21238,57
40289,40287,57
15556,15557,57
21141,21152,57
37712,43388,57
9544,10767,57
15473,44016,57
27457,27461,57
42567,20148,57
38674,39781,57
8183,8105,57
20145,20146,57
42561,20145,57
11727,10647,57
16207,23363,57
7554,7550,57
41221,40823,57
192,189,57
3665,3080,57
3664,3665,57
2643,3664,57
2642,2643,57
3676,2642,57
2641,3676,57
3675,2641,57
1897,1890,57
3556,17140,57
21474,21588,57
40287,21236,57
3666,3667,57
21589,48293,57
3351,3556,57
14589,14015,57
42596,42607,57
36996,36995,57
42607,42600,57
42600,42597,57
13894,13905,57
50641,19253,57
9043,9737,57
36988,36996,57
7604,9043,57
13740,13946,57
18236,18251,57
19414,19399,57
25013,60,57
27461,27356,57
40420,40058,57
40027,9954,57
23704,50550,57
41919,40420,57
41918,41919,57
41650,49418,57
49160,41650,57
43786,49160,57
46748,1179,57
41989,1200,57
1200,1205,57
43942,43786,57
3640,3641,57
27220,27225,57
1895,3644,57
25424,23421,57
25098,15836,57
1887,3642,57
27423,12004,57
2337,1720,57
3642,1888,57
1888,1895,57
3644,1896,57
1896,3645,57
22238,24711,57
3645,2424,57
2424,3646,57
13461,13116,57
1718,1716,57
3646,2576,57
28411,28409,57
2576,3435,57
15827,15719,57
15687,15800,57
1890,3643,57
44703,49731,57
13887,13891,57
1716,1717,57
1717,1725,57
47971,47970,57
22771,47842,57
828,48862,57
3641,1887,57
17140,47958,57
48293,24468,57
3825,1731,57
15250,36997,57
37112,37115,57
45014,44422,57
4505,6326,57
3643,3640,57
5696,5729,57
47958,47971,57
25560,28637,57
22496,22771,57
34703,8114,57
49924,605,57
618,49924,57
47970,47967,57
1889,1864,57
15029,15248,57
1729,1723,57
1731,1729,57
15247,22576,57
12004,43942,57
3797,3021,57
2177,2192,56
11790,11796,56
16137,16237,56
28817,12296,56
35775,35805,56
11351,11352,56
28064,28647,56
6253,20964,56
3394,39267,56
11796,11351,56
39267,2216,56
7531,8488,56
35777,35775,56
396,25438,56
27338,28064,56
35778,35777,56
6227,6253,56
8470,7559,56
27377,27439,56
17566,2358,56
20876,20541,56
21107,21092,56
38908,50723,56
23342,23339,56
21117,5088,56
29304,26455,56
25605,26293,56
13103,12824,56
25626,25632,56
25632,25654,56
25646,25828,56
26234,28971,56
34181,78,56
380,709,56
13182,38939,56
19265,19225,56
13116,13422,56
6279,19037,56
3343,1771,56
882,879,56
883,882,56
26455,26024,56
26843,26842,56
44289,44288,56
6226,20989,56
16638,16636,56
16636,16633,56
16633,16639,56
16639,16572,56
41908,27459,56
23291,733,56
40143,40697,56
6078,5486,56
5486,42090,56
39792,44288,56
40742,10953,56
23338,23342,56
13973,29348,56
41916,40057,56
20989,6227,56
3865,3834,56
40145,40143,56
1739,1607,56
28848,28849,56
13239,51814,56
21057,21041,56
1310,35085,56
21041,6203,56
6203,21015,56
14692,49665,56
42887,41840,56
49329,51816,56
26396,42887,56
13092,13328,56
44329,15605,56
13328,51964,56
41964,26396,56
13244,13245,56
13245,13219,56
47406,12887,56
28849,28861,56
26216,27109,56
28861,26251,56
40094,42158,56
42703,42704,56
26899,26686,56
25067,15410,56
19574,2387,56
42704,1624,56
41801,51619,56
23339,16638,56
43321,37726,56
23286,37802,56
3399,1410,56
23558,24628,56
19309,6000,56
884,23286,56
12829,13265,56
19037,19247,56
35803,35801,56
22140,23053,56
51639,51634,56
8733,37251,56
37767,3386,56
43371,28846,56
23173,23174,56
28846,28847,56
7486,41216,56
28847,28848,56
35179,48840,56
15586,35179,56
13372,24021,56
34140,48923,56
51634,1394,56
48923,48921,56
51626,51639,56
17400,2859,56
9034,41664,56
1422,51626,56
13484,13478,56
46494,44917,56
39259,16990,56
29658,14448,56
44917,44920,56
44920,26696,56
15722,16264,56
14459,29658,56
12597,25588,56
41660,11028,56
17229,51636,56
3658,17466,56
3657,3658,56
3656,3657,56
41867,23059,56
2281,36107,56
10985,8991,56
2280,2281,56
21639,21641,56
2275,2280,56
23993,23991,56
3984,3199,56
3199,3092,56
21637,21638,56
3092,3200,56
44564,48800,56
3200,3150,56
27597,27590,56
48055,27597,56
21595,15563,56
3150,3654,56
23053,41863,56
15561,15562,56
2066,3672,56
4180,17828,56
24779,13361,56
3672,3655,56
16534,16542,56
3655,3656,56
23155,23060,56
27381,27392,56
27389,27381,56
51600,2638,56
42578,51600,56
17210,42578,56
43427,43429,56
5636,5638,56
23324,16875,56
26385,27483,56
28948,28913,56
26386,26385,56
26387,26386,56
13412,13406,56
34159,42653,56
26384,26387,56
19523,6742,56
43432,42572,56
16556,16598,56
39258,3042,56
16953,39258,56
16952,16953,56
3040,16952,56
16950,3040,56
42572,3423,56
10845,10844,56
26383,26384,56
26382,26383,56
25614,28904,56
24801,22598,56
44659,14564,56
28904,25630,56
25630,28911,56
28911,26165,56
43429,43432,56
34155,39228,56
24483,741,56
43424,43427,56
36912,1238,56
17445,36912,56
37251,11880,56
46430,10713,56
206,578,56
22142,22143,56
34708,34917,56
24025,23956,56
26632,15486,56
40083,40132,56
24704,16643,56
12091,12089,56
12086,12092,56
42707,13154,56
48911,42528,56
28213,28581,56
16769,16693,56
16693,16576,56
5430,5431,56
24028,23956,56
23941,23929,56
9604,9405,56
9422,9419,56
9431,9422,56
24403,34152,56
34152,34155,56
38911,7389,56
21641,21643,56
27145,26382,56
3480,2524,56
2201,3022,56
1305,2639,56
22998,15431,56
2577,2528,56
2295,3725,56
2525,2577,56
2829,2831,56
2524,2525,56
27836,27838,56
47961,47957,56
42612,1315,56
3389,3390,56
28242,28262,56
8073,8399,56
1670,17434,56
28263,26786,56
2830,2829,56
25322,25324,56
3479,3480,56
3390,2906,56
3145,35666,56
2831,17142,56
2639,1302,56
22761,22658,56
42483,46319,56
2484,2908,56
6531,7021,56
6529,6531,56
7019,6529,56
7018,7019,56
2906,2480,56
50056,47960,56
16534,16573,56
1302,42612,56
50083,51411,56
51411,17381,56
21857,21404,56
22658,23016,56
42817,15003,56
23016,22998,56
3478,3479,56
3717,3478,56
3680,3717,56
34641,34639,56
7459,7460,56
29420,29465,56
2618,2612,56
13749,13750,56
34637,34641,56
15269,16896,56
43758,43603,56
2184,3023,56
3388,3389,56
44872,49591,56
44870,44872,56
51528,13701,56
43505,44870,56
3023,3387,56
41331,41308,56
21643,21653,56
3477,3680,56
3234,3949,56
16447,16448,56
25676,25677,56
29339,29681,56
1775,51611,56
3022,2184,56
3625,3477,56
3667,3625,56
21327,23596,56
16720,24394,56
24639,16796,56
17986,17975,56
1916,3675,56
47957,47972,56
3544,1916,56
5451,5479,55
9646,9585,55
9423,9428,55
5773,5772,55
5772,5285,55
25421,23436,55
4179,18177,55
26685,26687,55
4633,18483,55
9413,51366,55
21312,42981,55
6280,19198,55
11352,9081,55
23234,24741,55
4499,4485,55
51366,47253,55
438,49949,55
38838,10238,55
4485,4492,55
17218,4045,55
9983,37065,55
6390,17669,55
4492,4487,55
4487,4494,55
18483,21133,55
4494,4912,55
4912,4591,55
26121,26496,55
26496,26915,55
17669,17700,55
26475,41843,55
18481,4194,55
17707,17711,55
21133,21130,55
5478,43948,55
9585,9437,55
44885,50919,55
9683,51367,55
13090,44374,55
44564,48848,55
43797,43798,55
42672,42667,55
11279,10960,55
837,838,55
14296,41888,55
838,839,55
44591,48820,55
42673,42672,55
42669,42673,55
42675,42669,55
22212,22214,55
29190,12128,55
27415,26167,55
11120,9046,55
10716,8703,55
18668,19478,55
24757,15887,55
49638,40289,55
49622,49638,55
18567,17600,55
25301,16582,55
46628,50240,55
50240,50222,55
50222,50188,55
25324,25318,55
15267,15261,55
15261,35704,55
23044,22162,55
35704,21312,55
24441,24430,55
2494,1793,55
51104,42675,55
1793,1792,55
43254,11468,55
26266,25479,55
9684,9683,55
10503,9368,55
5668,5773,55
43770,44926,55
21242,17652,55
48698,44591,55
26638,15096,55
16571,16565,55
44621,48698,55
43609,44621,55
7974,34995,55
23491,23494,55
948,935,55
50919,44876,55
50049,51104,55
12801,28386,55
50913,44885,55
44880,50913,55
842,843,55
7020,7022,55
13587,44461,55
37801,886,55
50410,50406,55
16672,16670,55
44568,50410,55
839,842,55
48183,6117,55
21515,21516,55
42460,50049,55
21516,632,55
19569,19846,55
26511,41261,55
13279,49478,55
16617,16535,55
2828,2832,55
1358,3832,55
14600,47894,55
50346,50353,55
50352,50346,55
49478,50352,55
41895,41893,55
22199,22200,55
22261,23671,55
35865,35863,55
35870,35865,55
35869,35870,55
8969,9911,55
18338,21006,55
7404,7430,55
38899,35984,55
14190,14193,55
48129,18459,55
13985,14054,55
24856,12975,55
13910,14023,55
7543,7545,55
43949,5743,55
9665,46373,55
46206,9414,55
1579,1572,55
15754,15755,55
27367,47846,55
17970,20648,55
11824,38680,55
11975,26954,55
18559,18547,55
39776,28142,55
22198,22199,55
27302,48055,55
13059,42707,55
20990,18338,55
11623,11458,55
35624,2946,55
41123,41129,55
2325,2324,55
2324,2487,55
2487,2878,55
2878,16988,55
3133,35624,55
16195,16412,55
2946,2910,55
6224,20990,55
22234,22235,55
1109,1077,55
24507,22018,55
51776,16205,55
21538,16681,55
21537,21550,55
35805,35803,55
2480,2325,55
2987,2480,55
21379,21599,55
2986,2987,55
18337,6224,55
980,16916,55
21689,21673,55
24813,21689,55
8943,11623,55
38591,8943,55
10334,38591,55
5085,19389,55
41129,41127,55
9497,9608,55
16418,15796,55
18336,18337,55
3388,36131,55
36131,2986,55
38955,40799,55
35906,4096,55
44500,23895,55
26196,25928,55
20465,17994,55
11338,11340,55
11340,9261,55
42804,24380,55
24380,24381,55
20314,49514,55
49514,20315,55
20315,47287,55
28214,42070,55
42070,28215,55
7289,7290,55
16885,39982,55
39982,15991,55
13043,13290,55
21994,22290,55
29047,12756,55
16974,16972,55
4848,4914,55
34965,7395,55
49949,615,55
19568,19569,55
19722,19568,55
7416,34964,55
4914,4488,55
6373,5689,55
27911,28802,55
4488,4499,55
14787,21994,55
47253,51362,55
20146,20147,55
4203,21097,55
22290,21894,55
40528,16689,55
20147,42567,55
16150,25231,54
17631,17624,54
17648,17631,54
16402,25268,54
28434,28438,54
24405,22688,54
16151,16150,54
5048,4957,54
17624,6627,54
25231,16152,54
16152,16396,54
6881,6879,54
2065,2069,54
2069,3661,54
896,899,54
1663,1662,54
3425,3426,54
1081,1082,54
6886,20572,54
50104,50102,54
10287,11726,54
43149,43152,54
50484,43149,54
8466,35846,54
50102,50083,54
39981,16549,54
1153,1162,54
11003,11001,54
19859,19860,54
51412,50104,54
40181,51412,54
3426,1276,54
49994,50002,54
20641,6886,54
10996,11003,54
50002,49991,54
43152,43150,54
3808,1770,54
4081,4083,54
34246,20430,54
27128,44145,54
50963,3159,54
3160,2501,54
23400,35281,54
4509,5026,54
2756,35695,54
51269,25320,54
25830,28948,54
2278,36107,54
35771,50943,54
15208,15277,54
23024,22189,54
23056,23057,54
1771,3808,54
9451,42719,54
4083,4084,54
750,751,54
25308,25310,54
3042,1663,54
22292,23012,54
23012,22098,54
22098,22228,54
17636,17648,54
28433,28429,54
3878,3984,54
1727,1728,54
28647,27949,54
25310,25312,54
25312,25313,54
1770,3807,54
16020,15741,54
26821,26817,54
27177,27530,54
16482,16151,54
27079,27347,54
50052,16543,54
5320,5479,54
34335,34494,54
4082,4081,54
25362,759,54
19573,19574,54
3436,1894,54
35913,4082,54
26846,26035,54
13422,13427,54
27974,25968,54
26035,25681,54
7286,7011,54
3485,3607,54
17670,17664,54
7011,18108,54
41749,50052,54
17689,17670,54
47858,5048,54
14198,51271,54
7944,8322,54
44258,11590,54
34477,51769,54
23188,42730,54
931,949,54
25339,715,54
16523,727,54
12830,13200,54
5883,5881,54
36124,1579,54
40549,36041,54
41863,23054,54
37648,13321,54
15146,778,54
14730,40797,54
10949,11059,54
12004,27371,54
18012,17986,54
11293,47451,54
3607,3608,54
15751,16084,54
42971,8399,54
22255,42732,54
27128,25700,54
11628,9733,54
8704,10754,54
1723,2337,54
15189,15187,54
1753,42841,54
40115,40116,54
1720,1718,54
19858,19859,54
43150,38684,54
16688,16482,54
40534,43595,54
23295,40534,54
17370,1812,54
41142,41146,54
13246,13170,54
40085,40083,54
15533,13197,54
25681,44924,54
25095,15526,54
41146,41141,54
27463,27340,54
11003,8983,54
3647,3436,54
47449,11293,54
40536,25288,54
51121,10992,54
10998,51121,54
8983,10998,54
24335,16346,54
320,318,54
15270,15208,54
12297,12492,54
24804,24801,54
23617,24804,54
38746,3190,54
24612,24495,54
17352,1283,54
24614,24612,54
24601,24614,54
23830,24601,54
43525,27236,54
23035,22188,54
50119,50100,54
25549,26355,54
27801,12008,54
39793,39771,54
39765,39793,54
23367,16164,54
14044,13286,54
5012,4570,54
5011,5012,54
29066,29057,54
39639,28310,54
13095,13637,54
7651,7652,54
4827,5065,54
12575,12297,54
16543,39182,54
37538,523,54
47934,47932,54
44787,27594,54
28888,26303,54
26303,42100,54
49553,49534,54
8614,41242,54
152,21604,54
886,887,54
44461,44469,54
948,22288,54
44130,44132,54
49534,50481,54
50481,4538,54
41241,10792,54
28974,25612,54
28973,28974,54
28972,28973,54
5520,20743,54
43661,38660,54
21328,21329,54
21329,21330,54
25370,34087,54
14217,14239,54
27845,27849,54
9726,9666,54
39549,27252,54
13861,14548,54
9844,46964,54
41243,10018,54
42908,42904,54
42904,42951,54
27851,26546,54
42951,42923,54
9317,10446,54
26608,26604,54
10460,10502,54
16475,16461,54
35322,35710,54
17415,17437,54
18464,21139,54
28971,28972,54
46875,47139,54
7492,7487,54
21139,18376,54
52011,52008,54
25755,49563,54
52008,52007,54
52007,52012,54
52012,52009,54
4515,4628,54
4506,18464,54
52009,47006,54
10219,10161,54
27649,27900,54
47213,8936,54
37732,10474,54
16896,16897,54
25944,25945,54
47807,19468,54
50380,23261,54
9672,34240,54
11824,10775,54
18602,18592,54
43255,19454,54
43195,39302,54
2528,1915,54
2053,3816,54
23478,23481,54
19625,40329,54
984,42621,54
39291,35847,53
48820,44620,53
9419,9417,53
26475,26848,53
9417,9696,53
9696,9605,53
40020,39291,53
39530,39532,53
44258,34267,53
35957,9579,53
17665,17671,53
35847,35957,53
5756,5755,53
9630,11838,53
5473,5472,53
5471,5470,53
9569,40020,53
28451,35401,53
2098,17499,53
5472,5471,53
24102,22957,53
5475,5474,53
25928,25929,53
5476,5475,53
5477,5476,53
5478,5477,53
3321,3660,53
3367,35827,53
3415,3321,53
43933,37288,53
11228,41933,53
11838,9628,53
9628,9629,53
17708,17699,53
1656,1141,53
3659,3415,53
17699,17683,53
35863,35872,53
19759,18790,53
3444,2854,53
16916,24697,53
2852,3444,53
10170,10490,53
15819,15607,53
17434,2972,53
4109,42842,53
21352,966,53
49392,27358,53
7507,7510,53
8677,10018,53
12299,43711,53
1584,36125,53
33969,34181,53
13365,25010,53
25010,24020,53
37288,43934,53
29582,13374,53
17683,46578,53
25805,25806,53
3660,2063,53
5666,19802,53
9629,10274,53
10055,10057,53
20648,18857,53
5335,5326,53
39003,20840,53
27237,27230,53
1304,3425,53
48503,43373,53
27077,28009,53
4139,4140,53
4138,4139,53
39086,42604,53
40163,43188,53
18254,7234,53
17946,17949,53
13038,14056,53
51270,29482,53
467,499,53
6,49173,53
20499,20237,53
8170,38886,53
5267,5269,53
28009,27991,53
27991,27369,53
7510,8487,53
25670,26212,53
22575,14955,53
14969,39044,53
7503,7647,53
49351,11649,53
21018,4193,53
11741,11727,53
17001,17003,53
844,845,53
22205,22046,53
13803,13806,53
10129,10702,53
13772,13216,53
7517,7569,53
17711,17708,53
16098,16099,53
18348,38689,53
42826,17422,53
38689,38686,53
22163,22252,53
14017,14545,53
17621,17636,53
38861,42668,53
42711,42715,53
42712,42711,53
42719,42712,53
15613,25328,53
10484,8988,53
9013,51672,53
19687,4634,53
3481,42826,53
608,26403,53
8274,7766,53
21475,34085,53
38138,3481,53
305,304,53
16390,25264,53
41829,35720,53
7610,41995,53
29322,13204,53
44811,43660,53
19845,20688,53
17002,1760,53
48001,4635,53
4028,17218,53
19352,20184,53
49161,9829,53
43901,43475,53
18370,19389,53
9125,9247,53
7604,21853,53
43800,43802,53
13016,13900,53
43903,43901,53
19799,19456,53
16942,16943,53
43798,43800,53
28566,26821,53
47880,42785,53
522,508,53
17466,3982,53
11725,11813,53
10957,10962,53
43947,43949,53
508,611,53
9247,9246,53
13430,13434,53
14481,29641,53
9246,9245,53
24142,21872,53
14005,12973,53
164,21598,53
1724,1730,53
36108,2277,53
13267,13624,53
17653,6390,53
13624,13621,53
10955,10961,53
1728,1715,53
28915,27646,53
1715,1719,53
3145,35945,53
1722,1724,53
3922,3920,53
14137,14327,53
1765,3923,53
48181,4957,53
9689,9983,53
21552,24142,53
13621,13626,53
8832,41242,53
10069,9990,53
19556,5883,53
3945,1765,53
13911,13016,53
25571,48010,53
611,42689,53
10328,10627,53
42091,41552,53
6229,20988,53
23045,23046,53
16479,24273,53
41128,41122,53
14455,14453,53
15548,15599,53
22621,23748,53
11978,11986,53
43895,14419,53
35047,7538,53
37771,37770,53
17700,17707,53
21500,21700,53
34677,35586,53
14448,14447,53
43422,26170,53
14453,14463,53
16287,23294,53
15603,25109,53
27448,41918,53
14327,14141,53
15654,16234,53
3982,3659,53
23252,24262,53
49206,14866,53
17995,34265,53
5493,50641,53
14463,14464,53
11986,27656,53
44376,29357,53
14854,14852,52
22202,22204,52
2913,35622,52
42892,24283,52
19494,20851,52
12437,28319,52
2912,2913,52
7381,7427,52
51362,51368,52
36107,2911,52
15414,15416,52
2911,2912,52
51367,51359,52
29276,12437,52
22124,22202,52
5372,5373,52
50897,40889,52
8438,7720,52
743,24498,52
24498,22178,52
49981,13117,52
9630,10499,52
2889,3821,52
13251,13288,52
39225,41221,52
15458,15459,52
7436,7372,52
11294,10790,52
15459,15461,52
25708,25673,52
26101,25708,52
40842,4622,52
27949,27950,52
27950,27450,52
9585,9438,52
1495,40890,52
40890,50897,52
19293,19580,52
34450,51714,52
40841,40842,52
51359,11851,52
7397,7404,52
43971,19760,52
18034,18047,52
9243,9242,52
14819,14839,52
12981,13044,52
19457,19456,52
19799,19457,52
12667,12668,52
39555,39530,52
39554,39555,52
35991,42703,52
39723,39554,52
26171,37420,52
28638,27399,52
2296,2285,52
14242,14234,52
14247,14242,52
27584,39723,52
2614,3271,52
15820,15785,52
50948,27584,52
22261,69,52
24336,37415,52
26887,28187,52
28187,26685,52
2405,2614,52
17046,2405,52
11264,9618,52
51199,7397,52
9245,9243,52
1516,1364,52
14316,40636,52
51414,50088,52
4141,4087,52
11700,9786,52
9563,9292,52
12007,27519,52
21550,21545,52
25643,50636,52
47972,47965,52
47965,17141,52
17141,2815,52
21878,21881,52
13038,13040,52
16392,16307,52
25673,25830,52
25395,24736,52
19551,35245,52
6082,37619,52
46232,9824,52
35993,51415,52
3984,46987,52
51415,51413,52
34103,23616,52
51413,51414,52
1525,17245,52
7186,17180,52
17180,17181,52
23616,23617,52
17181,17182,52
27871,27865,52
733,16519,52
51623,51783,52
1068,1066,52
14460,14459,52
34466,34491,52
16540,16618,52
3507,43498,52
21704,50139,52
21702,21704,52
23896,21702,52
23655,15844,52
7975,7955,52
21737,22068,52
13866,13870,52
34471,34483,52
16440,16441,52
16441,16442,52
46272,23366,52
46425,46272,52
25267,46425,52
9941,9942,52
9942,11536,52
34634,34466,52
51617,34634,52
43498,43497,52
13219,51815,52
17220,1087,52
48038,3437,52
5474,5473,52
16596,16513,52
50736,26846,52
21088,4840,52
26704,26709,52
21093,21088,52
21300,21242,52
43497,43496,52
19259,21300,52
43438,46380,52
46630,43438,52
43440,46630,52
43495,2513,52
43441,43440,52
43496,43495,52
5059,5091,52
11536,11242,52
48640,49210,52
21077,4166,52
34256,18666,52
4512,48054,52
41195,42601,52
42601,41189,52
41189,41187,52
38855,38857,52
24430,24431,52
919,24421,52
15620,15409,52
41855,49050,52
50622,51548,52
12492,29053,52
41187,42604,52
22932,22933,52
25372,22932,52
18454,5240,52
16801,50130,52
7216,18434,52
26517,28889,52
11616,50622,52
51548,10158,52
50729,25709,52
11285,38854,52
35821,3253,52
13426,13163,52
15180,15176,52
10226,10776,52
13256,13434,52
3409,2099,52
13426,13431,52
3408,3409,52
38854,39083,52
10226,9046,52
18009,6620,52
51555,10037,52
17984,18009,52
11617,51555,52
44258,10114,52
10176,10775,52
17974,17984,52
39083,38855,52
1066,17220,52
8990,48353,52
29178,48574,52
3108,2126,52
51871,51863,52
15533,51871,52
11791,9770,52
2620,2570,52
4978,4972,52
42652,42193,52
19703,42652,52
27146,28083,52
5728,5726,52
6189,35424,52
14005,29462,52
9809,9546,52
2295,2500,52
3707,3298,52
3297,3707,52
11795,11791,52
11349,11795,52
15889,15809,52
4977,4978,52
21904,24559,52
40840,40841,52
47963,359,52
40871,4761,52
16331,25246,52
16785,33938,52
39302,41017,52
5436,5452,52
15620,23133,52
2098,2094,52
41675,18121,52
12931,12937,52
9319,9802,52
21080,21074,52
9082,11349,52
3927,3297,52
701,43328,52
2474,3927,52
28440,28451,52
26516,43616,52
4772,4774,52
26376,26378,52
5459,5328,52
4727,4772,52
26378,27145,52
5470,5469,52
26374,26376,52
13902,13002,52
1747,1267,52
43596,16329,52
13180,13868,52
24494,24613,52
40639,13227,51
48255,42465,51
35885,35884,51
28865,26122,51
5274,5275,51
43158,19454,51
47432,13042,51
16221,25292,51
47829,38143,51
35887,35885,51
12889,42858,51
14240,14235,51
18459,18458,51
14537,13060,51
42859,13586,51
16784,16790,51
17111,17109,51
44620,50945,51
17004,35887,51
21798,15826,51
24087,34180,51
2493,2494,51
34180,34183,51
17121,2753,51
48266,25093,51
14251,14249,51
22197,22198,51
20737,19525,51
43366,25628,51
2374,6998,51
20822,50387,51
16121,16122,51
15599,34019,51
14039,14047,51
28828,29039,51
29039,28816,51
28816,29198,51
4208,18195,51
16120,16121,51
20513,20822,51
17114,17111,51
26212,43366,51
44262,51184,51
5496,21248,51
35884,35875,51
9921,10535,51
25628,26214,51
51184,44269,51
19525,19831,51
43966,35880,51
35876,35879,51
48510,11878,51
7556,7551,51
15416,16105,51
15385,24208,51
35875,35876,51
41639,6334,51
11647,11794,51
24392,48255,51
23934,23926,51
34636,34629,51
50633,13053,51
20904,51310,51
41933,9300,51
4891,43972,51
28656,27471,51
28062,27953,51
937,940,51
16143,16144,51
20900,20904,51
27085,27087,51
13051,13118,51
13178,13602,51
578,737,51
20385,6105,51
2693,2493,51
12642,12639,51
15865,44696,51
24213,16781,51
14440,14442,51
43857,41173,51
4733,43971,51
14442,14441,51
36024,36027,51
44696,15886,51
14432,14431,51
482,460,51
843,844,51
44328,16384,51
43504,42443,51
13887,13885,51
43943,43774,51
11980,42688,51
42688,43943,51
39617,3865,51
33876,15279,51
44271,44877,51
9242,8916,51
8269,34985,51
35016,40906,51
8279,40905,51
45019,9056,51
4608,35423,51
11646,11647,51
35465,4608,51
27087,28000,51
44269,44271,51
28000,28062,51
8264,8279,51
15405,24464,51
484,482,51
2542,2543,51
10505,11646,51
11208,41132,51
38594,10335,51
12838,51811,51
3101,2541,51
3302,3708,51
24152,24155,51
3517,3709,51
6886,20576,51
10163,11234,51
29366,44375,51
21017,21054,51
21054,21068,51
21068,21077,51
19852,19853,51
19853,19854,51
2541,2542,51
28827,28828,51
48292,13397,51
7409,7454,51
10079,9302,51
10108,10107,51
6411,17570,51
25358,38723,51
9539,9748,51
29192,29058,51
21617,175,51
29038,28827,51
28813,29192,51
49173,15372,51
49936,47429,51
29057,28813,51
14489,41892,51
12837,25093,51
8899,51199,51
51,23809,51
42483,3131,51
3131,3132,51
42515,24238,51
176,21782,51
13197,13603,51
7490,7394,51
16964,2602,51
15809,15703,51
17993,17994,51
4512,47851,51
39753,39752,51
24324,39753,51
39755,24324,51
39756,39755,51
24850,14599,51
3956,3934,51
14923,15562,51
21137,21126,51
13395,48292,51
4027,1143,51
13397,42865,51
270,48507,51
48506,618,51
1140,4027,51
4010,1140,51
20390,19545,51
7779,8328,51
3582,3920,51
10176,9894,51
24494,24495,51
17902,17867,51
24497,743,51
38956,38958,51
13864,12837,51
11792,10588,51
18588,6581,51
41392,12575,51
9911,9782,51
17738,17761,51
41493,44810,51
24398,16720,51
26660,43995,51
43995,51486,51
51486,28531,51
14227,44752,51
48864,48578,51
13605,29318,51
9782,11269,51
39757,39756,51
13794,13796,51
15719,44487,51
22071,6,51
2500,1249,51
48482,11459,51
9553,48482,51
4140,4141,51
21814,21815,51
38137,35627,51
3532,2478,51
6620,18020,51
7974,8457,51
13170,13431,51
9488,49359,51
3393,38137,51
2486,2588,51
17989,18860,51
25297,16115,51
3132,3133,51
36132,3393,51
21638,21649,51
2588,2483,51
19690,4577,51
15562,16061,51
2483,2983,51
2984,36132,51
44487,15723,51
21030,19306,51
9553,10179,51
47876,15559,51
2983,2984,51
22990,25336,50
3067,3662,50
20855,38553,50
27201,27180,50
48256,27189,50
16331,23376,50
27180,12723,50
27189,27184,50
28555,28556,50
17932,17952,50
26940,25818,50
27499,27500,50
3198,3067,50
12768,12082,50
29335,13398,50
16678,16682,50
11335,11331,50
26184,11931,50
24720,22633,50
17952,17974,50
11331,11329,50
48083,48082,50
46380,47051,50
12814,13143,50
28556,12012,50
5454,5451,50
16158,16159,50
1229,1216,50
11329,44741,50
44741,11422,50
14398,14396,50
8328,9681,50
3950,3989,50
441,610,50
15347,15288,50
15363,15346,50
35790,3843,50
9332,8750,50
27441,49769,50
1124,47885,50
25970,27441,50
27992,27081,50
1043,1636,50
13863,14548,50
16289,21692,50
27230,28804,50
1277,1276,50
24559,24508,50
20784,20785,50
18862,6534,50
22430,23973,50
11234,10776,50
43518,2922,50
16157,16158,50
15740,16019,50
3417,3418,50
3416,3417,50
36925,7652,50
2924,1857,50
2923,2924,50
27184,27177,50
49769,25971,50
27989,27992,50
7527,7566,50
17324,43518,50
2921,3143,50
38276,4107,50
16195,49969,50
2856,2857,50
20524,6956,50
49969,16412,50
3419,3420,50
20833,20834,50
21426,21427,50
24481,24440,50
16178,33971,50
50044,50046,50
8741,10110,50
10110,11739,50
41778,24237,50
28135,28134,50
39297,11334,50
49550,41048,50
26943,27244,50
50088,50089,50
2563,43656,50
41048,35334,50
26945,26943,50
26946,26945,50
27252,26946,50
7603,7349,50
42435,49537,50
27565,28864,50
25562,25563,50
50089,50121,50
15543,16155,50
4668,49560,50
49528,6161,50
6169,5161,50
4630,6169,50
6161,6863,50
6863,6860,50
6860,4565,50
20489,20520,50
11336,39297,50
47825,6189,50
49549,49550,50
25376,24534,50
20148,40954,50
26938,26939,50
11332,11336,50
14467,14445,50
49560,49558,50
49558,49549,50
50121,40184,50
49537,5140,50
5140,6181,50
11423,11332,50
20535,18893,50
35821,3437,50
3000,1097,50
14495,14467,50
14299,14295,50
15897,24791,50
6181,4509,50
14245,14243,50
44526,28918,50
14294,14300,50
50387,20515,50
22928,977,50
43604,23810,50
5423,5366,50
21474,21818,50
5161,6155,50
14190,14202,50
49632,49605,50
13088,50625,50
35407,3000,50
41882,29440,50
35245,5601,50
3151,3198,50
48268,13197,50
11266,9618,50
10394,11270,50
39841,15949,50
11399,11423,50
9306,41933,50
41933,9301,50
21031,21044,50
4107,4108,50
16435,16436,50
21020,21031,50
15739,15753,50
14454,14455,50
19200,19189,50
9255,11335,50
16434,16435,50
3661,3151,50
24613,24611,50
4256,21020,50
39184,42687,50
28855,47079,50
13978,29428,50
11286,11069,50
10958,42677,50
51620,34546,50
7480,7481,50
4625,4626,50
24768,23756,50
8389,7477,50
35623,3128,50
13956,12938,50
2489,3016,50
472,465,50
48248,27585,50
7428,7382,50
23731,22905,50
16315,42852,50
24374,16606,50
23721,74,50
16602,24374,50
13044,21589,50
29367,29368,50
3130,46319,50
7465,7370,50
3129,3130,50
29402,29406,50
3128,3129,50
22943,43939,50
26009,28855,50
2427,2883,50
13274,7294,50
3225,3113,50
37768,37767,50
7430,34969,50
34969,34966,50
4623,4625,50
42687,25619,50
11459,48448,50
29553,14373,50
41215,34968,50
25030,25027,50
41131,48881,50
5410,5411,50
16282,16215,50
5411,5413,50
10847,10606,50
10606,10607,50
39751,39750,50
48014,39624,50
21833,22074,50
39624,48446,50
48446,25563,50
13805,13804,50
27186,27177,50
14373,14415,50
29562,29553,50
22990,23721,50
3648,1946,50
48448,50349,50
15837,15505,50
15826,15837,50
465,22732,50
15643,15351,50
22732,467,50
21347,21501,50
13801,13844,50
21500,21341,50
50349,11269,50
5316,5425,50
35586,7532,50
9672,49489,50
23102,14826,50
13626,14345,50
44400,44077,50
35970,35969,50
22152,22153,50
980,16917,50
24615,50033,50
42126,34678,50
11004,11070,50
14825,49206,50
41894,35308,50
2124,17189,50
134,133,50
17189,17188,50
3091,3144,50
7503,7566,50
24013,44302,50
3790,3507,50
39273,69,50
18644,21234,50
51418,44003,50
21234,21231,50
27817,50185,50
11824,10790,50
24611,24615,50
15545,16148,50
14345,13777,50
25619,26231,50
19752,19753,50
26231,25631,50
25631,26235,50
1091,44358,50
18431,18470,50
1086,1091,50
13425,43286,50
1095,1086,50
29034,49415,50
1087,1095,50
44003,13425,50
28205,26824,50
728,42301,50
3662,3091,50
25563,26067,50
15221,14605,50
27392,28650,50
42486,2482,50
893,24480,50
35647,3012,50
2482,2485,50
49484,49584,50
44107,44485,50
3144,2090,50
27817,11970,50
2485,2486,50
16070,16071,50
42520,41652,50
22153,22154,50
16433,16434,50
27366,29032,50
44485,40083,50
42715,43708,50
47079,25580,50
23481,25153,50
26825,28205,50
17918,17908,50
27953,27136,50
42169,27106,50
20503,3989,50
15187,15180,50
22260,21675,49
42857,14144,49
40955,20149,49
7385,7482,49
40954,40955,49
12509,41855,49
24743,23717,49
50722,49822,49
20568,20494,49
13167,12952,49
49822,7581,49
7535,49887,49
24166,16006,49
23067,22167,49
7586,43391,49
48003,4565,49
18303,18246,49
6708,20219,49
21305,20397,49
24208,15353,49
41672,18103,49
7570,7538,49
6067,20556,49
39132,42857,49
29406,15221,49
48333,48331,49
45014,41393,49
48331,51124,49
35435,7541,49
20144,40953,49
43391,43389,49
44457,13148,49
19728,21308,49
9537,39290,49
20682,20683,49
22144,23052,49
20907,5532,49
10483,11629,49
36828,51811,49
12866,36828,49
13265,13806,49
10593,10780,49
48233,22804,49
13519,44458,49
13484,14508,49
8115,34998,49
786,24783,49
44457,43205,49
29318,13520,49
48192,359,49
23052,22139,49
4902,4890,49
5532,51336,49
39962,14595,49
13449,13450,49
43294,13395,49
24830,24829,49
6116,6109,49
12768,12081,49
15351,15878,49
49304,27422,49
43774,49304,49
15745,16022,49
16022,35722,49
35722,35714,49
10272,10735,49
24507,48418,49
9563,9551,49
19799,19454,49
15698,15701,49
12126,29190,49
50494,15907,49
14235,14234,49
17229,3293,49
44255,13782,49
12680,12667,49
47973,2657,49
28071,27510,49
10548,11534,49
14811,23102,49
15898,24200,49
24982,940,49
14429,14424,49
14424,14420,49
27269,50962,49
5430,5409,49
5372,6059,49
19488,19725,49
20681,20682,49
10079,9304,49
24159,23659,49
9304,11720,49
18601,18625,49
15468,15448,49
11894,10203,49
15467,15468,49
5986,19798,49
10750,10745,49
11869,10750,49
4339,5986,49
35263,35264,49
41989,17272,49
10639,10137,49
10414,10747,49
23659,24444,49
17505,3373,49
11720,9537,49
20494,6116,49
475,489,49
6109,6108,49
50100,50906,49
51275,50683,49
28773,28772,49
50683,34470,49
15884,15712,49
28774,28773,49
19566,19705,49
17268,2904,49
3599,38115,49
28775,28774,49
19877,17580,49
52023,13154,49
38947,52023,49
28776,28775,49
34090,24134,49
11120,11161,49
44101,43512,49
1690,3008,49
42883,13214,49
10716,11291,49
23421,23436,49
13767,12985,49
13782,13767,49
34120,34121,49
34119,34120,49
44803,10627,49
41627,41624,49
13614,13605,49
13605,13438,49
28134,28150,49
428,429,49
1838,1834,49
51769,51274,49
44964,35889,49
47837,22804,49
15792,15889,49
15712,15792,49
35889,35882,49
3008,38851,49
37612,41639,49
1007,23143,49
12125,12227,49
26438,26679,49
26679,28571,49
15544,15545,49
811,23730,49
9973,9633,49
29275,29276,49
36484,41133,49
48052,25938,49
9413,51361,49
35878,35877,49
51361,51363,49
51363,8949,49
10735,46743,49
3399,1398,49
35881,35878,49
13903,14024,49
20532,20000,49
25368,16212,49
49515,50899,49
9373,9585,49
5506,5507,49
13103,48640,49
11908,43149,49
43149,43151,49
23926,23929,49
15993,35694,49
35882,35890,49
35890,35883,49
1701,1261,49
35877,35874,49
41518,41517,49
28777,28776,49
35883,35881,49
28778,28777,49
17908,17902,49
49519,51387,49
47936,49515,49
42444,48338,49
51277,51275,49
35880,44964,49
21889,22041,49
5143,51788,49
15561,21889,49
51788,4717,49
22032,37,49
22396,24807,49
41643,28230,49
23224,24740,49
22031,22032,49
19743,4230,49
24807,22039,49
22039,22031,49
18559,18513,49
13880,13881,49
39089,3034,49
3034,3102,49
18513,18531,49
3102,3103,49
3103,3379,49
3379,2534,49
20194,6720,49
48574,28481,49
47898,2356,49
48350,1109,49
19742,19743,49
23143,884,49
87,36831,49
34483,34487,49
10515,44418,49
19483,19484,49
13881,13884,49
12109,25697,49
13884,13895,49
1863,1870,49
47873,16061,49
9498,9726,48
12875,12847,48
18546,18548,48
42732,41767,48
44077,44081,48
46709,50109,48
25578,25579,48
26053,25578,48
37760,13322,48
879,873,48
24164,21878,48
39629,26053,48
25962,25963,48
39569,48736,48
17927,17918,48
2087,2095,48
50109,50128,48
51566,51559,48
19571,42807,48
4888,19571,48
23415,22360,48
592,233,48
23596,47831,48
25465,44754,48
49584,49582,48
40083,25465,48
25668,26238,48
49328,29482,48
36828,14596,48
42471,29430,48
357,362,48
44358,4030,48
27438,27440,48
20834,34250,48
15807,16214,48
21309,46514,48
20237,20236,48
19467,4936,48
23142,871,48
13149,13150,48
25655,25668,48
26238,28694,48
50011,50054,48
23225,34106,48
29036,28160,48
34106,38750,48
28160,42524,48
41489,39159,48
14482,51456,48
10716,10446,48
13320,38947,48
737,209,48
20236,20190,48
23617,23217,48
16069,16070,48
19458,6908,48
16071,16073,48
36893,13320,48
10233,10595,48
9552,10446,48
22849,3,48
47831,22803,48
23081,21419,48
10838,43435,48
33987,23653,48
3298,3299,48
44818,43660,48
3299,3300,48
23745,22618,48
23696,24099,48
28142,28123,48
28123,28125,48
714,207,48
8750,8751,48
14458,14460,48
14052,29370,48
1894,1911,48
15194,15189,48
20430,19787,48
49657,49662,48
7559,29342,48
12944,48366,48
5718,5710,48
21976,25398,48
21331,23755,48
14375,14400,48
14374,14375,48
14415,14374,48
10400,9029,48
16789,24201,48
44106,44107,48
39559,41543,48
22127,22128,48
28071,39559,48
36040,49657,48
22803,21512,48
49037,35695,48
11228,9300,48
43374,25908,48
50229,43258,48
7430,7431,48
49735,49727,48
28589,27564,48
44754,44198,48
10497,43854,48
1566,1574,48
44824,44818,48
43399,9828,48
26200,26194,48
27251,27252,48
44816,44824,48
12937,13363,48
29008,27251,48
35510,12586,48
23152,21987,48
8986,8987,48
23418,23421,48
49716,49735,48
4094,4090,48
3300,3301,48
22183,22205,48
3937,3926,48
43433,49037,48
41195,46709,48
17182,41946,48
5491,51331,48
44238,43433,48
5037,4593,48
4974,4976,48
16480,16396,48
26202,26200,48
4976,4979,48
16392,15697,48
13036,29368,48
26235,25655,48
956,955,48
26833,28174,48
23277,25247,48
429,432,48
27243,27242,48
25929,26155,48
26155,39625,48
26071,25651,48
44369,16176,48
38111,25404,48
50223,44248,48
26835,26833,48
46513,46543,48
26939,26839,48
39302,50223,48
16383,16212,48
15610,15611,48
2176,3601,48
51322,5891,48
20894,51322,48
3692,2072,48
35674,3787,48
25247,46513,48
46543,16403,48
13221,13306,48
39741,34157,48
15611,22465,48
3118,17336,48
17336,3119,48
37143,51224,48
51224,37145,48
26805,26800,48
23680,24931,48
18383,21124,48
16964,1749,48
29430,43282,48
49431,50903,48
40426,40124,48
1741,1600,48
10467,8938,48
34021,21876,48
14653,383,48
10963,9031,48
44960,10095,48
10748,44963,48
21876,24163,48
4106,38276,48
17761,17805,48
6155,49555,48
3411,3412,48
27522,27808,48
40124,44526,48
19724,44825,48
2114,3762,48
41743,6319,48
21632,22101,48
3762,17349,48
45031,45047,48
17349,3411,48
14108,14113,48
49555,6300,48
12036,28310,48
3412,3783,48
25653,25830,48
3783,17350,48
935,932,48
45033,45026,48
45047,45033,48
33998,34122,48
17350,3414,48
45026,45023,48
27808,27803,48
20853,19724,48
27915,28643,48
6300,6310,48
6310,49528,48
4105,4106,48
2519,2467,48
1754,4105,48
2224,2225,48
2225,2545,48
2545,2546,48
2546,2547,48
2547,17511,48
17511,2544,48
2544,39089,48
50155,1754,48
35471,5014,48
14431,43895,48
29441,14281,48
41461,4256,48
18781,20853,48
28438,28440,48
3414,3530,48
6319,49553,48
50727,26846,48
15625,25107,48
27353,49392,48
51219,37144,48
34009,33988,48
22998,22034,48
39840,36989,48
3530,3876,48
27838,27839,48
16442,16443,48
29058,29038,48
25712,50727,48
47416,12834,48
3638,3118,48
3637,3638,48
3636,3637,48
26800,26796,48
3881,2126,48
16443,16444,48
17369,3408,48
16444,16445,48
15905,15529,48
21334,21660,48
16445,16446,48
44466,13482,48
13493,43277,48
21070,21064,48
37144,40514,48
25942,25944,48
3876,17369,48
38749,34009,48
24481,24443,48
21589,50534,48
33988,33987,48
37146,51219,48
40514,37143,48
37477,37476,47
43981,43982,47
43880,43879,47
9421,9824,47
43982,15802,47
37479,37477,47
8496,39523,47
20149,40978,47
21669,43981,47
50504,50537,47
34772,8109,47
15543,15544,47
46720,47091,47
9408,9601,47
41624,17772,47
37478,37479,47
25126,21669,47
20640,41188,47
40136,26381,47
36984,37478,47
40869,20680,47
20683,20684,47
47091,9841,47
7566,7532,47
9601,10010,47
46387,50361,47
15402,15384,47
44618,28214,47
3597,2464,47
50860,50862,47
14244,14229,47
5379,5380,47
5377,5379,47
16993,16994,47
617,48505,47
7509,7510,47
14054,38939,47
3933,2395,47
10980,11026,47
2470,3582,47
4540,19687,47
8421,8131,47
24243,24239,47
15255,51805,47
86,87,47
20635,4291,47
1515,1507,47
1559,1549,47
48508,40899,47
4291,20636,47
17772,17767,47
14229,14256,47
11346,9772,47
44590,10775,47
22140,22141,47
37476,38867,47
11821,10780,47
9553,10446,47
41190,41194,47
28581,44618,47
27187,27182,47
28656,27464,47
51758,51760,47
51760,51759,47
7352,7417,47
7349,7352,47
34966,7349,47
3601,3597,47
26784,26781,47
19675,4219,47
9893,10179,47
192,42530,47
12916,13140,47
15745,15538,47
49327,24099,47
14140,14138,47
41188,41190,47
15922,15935,47
17867,6478,47
3900,3875,47
12408,28311,47
49177,37570,47
29418,13971,47
8086,34632,47
38393,16031,47
22131,22249,47
13203,44378,47
28286,12408,47
18509,18546,47
3875,3933,47
16454,22099,47
38870,38868,47
43018,42210,47
27245,27248,47
10727,11562,47
18041,7283,47
29228,29301,47
38288,15860,47
49178,49175,47
7346,34942,47
22927,15687,47
24091,22618,47
14241,14252,47
27379,27380,47
28311,12082,47
27409,27379,47
47947,47946,47
49073,51565,47
41132,10236,47
4946,4658,47
9636,10402,47
49175,49073,47
51565,48434,47
41517,41516,47
27859,27841,47
14028,14497,47
5882,20721,47
23158,23074,47
43018,1586,47
41836,29212,47
17930,17927,47
3973,1233,47
48434,49177,47
22192,22193,47
5109,4946,47
27374,27409,47
12084,12299,47
5167,51786,47
13574,13592,47
23696,910,47
4126,35906,47
18690,18696,47
9087,39284,47
37770,42575,47
17445,37771,47
1247,3937,47
19546,35274,47
17059,2601,47
29358,14079,47
35274,19547,47
46825,47006,47
3843,3998,47
50967,48642,47
25753,27215,47
28996,28903,47
38872,38871,47
25527,28996,47
15360,23121,47
37646,13268,47
46964,46825,47
18611,18618,47
6581,18611,47
16793,699,47
15348,15210,47
26915,29217,47
14613,23973,47
25795,26872,47
47877,19486,47
25067,15681,47
50445,12823,47
10707,10498,47
15681,15698,47
13057,50445,47
9570,9571,47
39290,9570,47
10176,8750,47
9526,9261,47
3993,42991,47
5754,6079,47
49174,49178,47
37769,37768,47
7417,7491,47
26214,26327,47
25528,25538,47
26292,40118,47
40118,43696,47
43696,40107,47
4288,4292,47
29217,29228,47
48338,48337,47
12084,12088,47
29551,43838,47
12788,12782,47
17888,20224,47
24296,15814,47
35886,4108,47
23347,13341,47
14464,29551,47
15450,15600,47
19691,19688,47
12595,12592,47
23895,23894,47
12881,13716,47
25117,15615,47
12592,28316,47
13667,29490,47
18531,35332,47
4218,21296,47
13492,44459,47
3482,38966,47
19549,20121,47
781,23206,47
23206,22676,47
21692,16288,47
19688,19687,47
21381,21380,47
43838,14461,47
38115,35633,47
19424,4633,47
39302,16783,47
20608,18819,47
35931,35886,47
39422,27594,47
15600,15601,47
6025,20824,47
21296,20397,47
19485,34308,47
34308,19742,47
43151,38685,47
23061,23062,47
35874,35931,47
15616,24755,47
20550,20551,47
47448,47435,47
21602,163,47
19484,19485,47
43651,13732,47
13716,43651,47
49047,49057,47
16203,16684,47
4907,19691,47
43308,16203,47
42894,50225,47
50189,42894,47
23357,50189,47
28316,29184,47
20958,4218,47
44460,13492,47
24855,24077,47
17420,42827,47
23751,21851,47
16130,50001,47
41488,41492,47
8941,11851,47
23638,21398,47
13398,48291,47
807,23638,47
44869,42446,47
17934,17966,47
48291,25362,47
43500,44869,47
43499,43500,47
41810,44080,47
43950,807,47
48337,43499,47
42827,3482,47
28754,28759,47
28759,28752,47
24350,43950,47
24990,24350,47
44243,17614,47
40184,40181,47
14024,29346,47
28749,28747,47
27841,27888,47
28217,28563,47
27236,29221,47
15354,15386,47
163,164,47
43434,36979,47
28563,26782,47
47441,47448,47
24077,21871,47
35401,29178,47
46430,8939,47
47885,1109,46
39145,39147,46
34156,20195,46
26226,25926,46
22101,16350,46
13019,14595,46
24551,24552,46
10995,8986,46
25945,25946,46
13766,13763,46
34544,34542,46
6619,17553,46
5334,5761,46
49696,49708,46
49732,50076,46
13740,13202,46
49728,49732,46
11345,9768,46
17588,17586,46
17569,6411,46
28471,26154,46
49727,49728,46
17545,6619,46
26227,26226,46
28865,9056,46
26186,44482,46
42534,42531,46
9778,11345,46
2053,2051,46
9773,9778,46
20601,20599,46
6618,5575,46
20599,20600,46
20600,20415,46
16511,16597,46
5309,51532,46
9030,10964,46
4095,4124,46
43313,13496,46
13810,12830,46
51532,51530,46
50076,49712,46
19534,19535,46
34122,16309,46
22085,47143,46
26247,12022,46
41749,16543,46
37264,11600,46
42531,189,46
51530,5334,46
5376,5377,46
40133,42164,46
8641,10682,46
20787,20495,46
29606,14250,46
24553,24554,46
11561,8942,46
9084,9087,46
50790,33998,46
25027,50790,46
25059,25030,46
20786,20787,46
44746,10677,46
47975,1109,46
955,954,46
15944,50539,46
14452,14454,46
14233,14243,46
14450,14452,46
41374,41376,46
23260,25116,46
848,853,46
22067,21737,46
20495,20496,46
853,898,46
19659,19660,46
19661,19662,46
23551,23875,46
24957,24958,46
24552,24553,46
23013,21755,46
50539,50505,46
14299,14296,46
21755,22279,46
24211,16790,46
19660,40326,46
17245,1516,46
34689,11350,46
39750,51478,46
9424,9420,46
9554,9424,46
9556,9554,46
11350,9084,46
23532,16099,46
28674,28675,46
20785,20786,46
51920,25059,46
27912,27915,46
8749,9966,46
16820,25091,46
47311,9787,46
15034,49517,46
51304,17706,46
41186,39086,46
25634,40105,46
40105,25602,46
14461,14495,46
49708,49705,46
14632,42782,46
42782,42554,46
11698,9584,46
27237,29221,46
19410,4197,46
42554,42534,46
22258,24335,46
16350,22258,46
34000,34002,46
41220,7396,46
9425,11903,46
12022,26362,46
23972,23941,46
26362,26364,46
24956,24957,46
9016,10868,46
19662,40324,46
14451,14450,46
3490,2160,46
10234,11904,46
39619,28674,46
18666,19476,46
42493,11932,46
40636,29356,46
49700,20876,46
13977,13978,46
49517,15248,46
18573,50662,46
1574,1584,46
49705,49700,46
23147,24714,46
11856,10402,46
26364,12018,46
20906,51304,46
41666,13321,46
11587,11790,46
42497,42496,46
20505,17206,46
48070,38957,46
42299,48481,46
13866,13003,46
48481,43905,46
43905,8131,46
34654,51768,46
40306,19658,46
3898,1296,46
29327,12866,46
29081,29082,46
25328,13178,46
5279,5280,46
16306,12042,46
12042,12043,46
12043,22315,46
8125,10226,46
51551,43254,46
42542,23945,46
20431,20505,46
632,21517,46
7497,35051,46
51486,25770,46
24550,24551,46
22465,23612,46
28968,51488,46
27170,27172,46
27181,27196,46
15269,14809,46
23087,22723,46
17270,24956,46
17353,3291,46
34470,34635,46
15653,15654,46
11873,10790,46
51488,51489,46
29354,13227,46
51489,51486,46
8733,47982,46
1860,3416,46
15871,15849,46
21163,18455,46
41330,43822,46
18478,18479,46
7579,7575,46
3253,17318,46
7646,7647,46
50258,35291,46
51768,51767,46
24785,16031,46
51767,34452,46
41187,20641,46
27844,27917,46
13332,13915,46
36832,34107,46
7016,7017,46
20090,7093,46
7093,5823,46
5823,5821,46
35657,3516,46
6883,6881,46
50128,41187,46
27917,26547,46
38750,25006,46
44227,41810,46
34648,34460,46
35057,7508,46
20585,20576,46
40288,40290,46
3122,17353,46
7222,5244,46
40286,18640,46
39758,24269,46
13140,13290,46
43904,43902,46
25920,25921,46
18640,40288,46
49582,49586,46
3515,35657,46
49586,49600,46
49600,49599,46
29439,29438,46
3500,3514,46
3514,3515,46
3121,3122,46
16544,41764,46
36048,4070,46
37713,7497,46
38283,1741,46
35051,7496,46
15028,767,46
48812,48761,46
24549,24550,46
27516,27534,46
774,15028,46
7581,38909,46
17623,47947,46
20408,20303,46
48546,48812,46
40325,19659,46
19409,19407,46
26330,26326,46
26906,28233,46
15748,15749,46
15749,15750,46
38674,44290,46
1340,1358,46
24959,17270,46
19408,19409,46
19580,3945,46
9683,9458,46
15994,16642,46
20496,20497,46
17553,17560,46
17560,48061,46
441,446,46
3208,2890,46
27285,42168,46
13575,13226,46
16495,16603,46
382,381,46
2890,2891,46
24548,24549,46
20640,41186,46
16705,35173,46
3111,17335,46
10449,37264,46
19385,19425,46
18401,21126,46
24028,42542,46
35086,1340,46
50173,13481,46
40326,19661,46
19407,19410,46
489,491,46
42498,42175,46
24584,24440,46
24554,24555,46
471,475,46
17051,38746,46
43476,43904,46
24695,23220,46
12228,12129,46
21126,4647,46
11237,11235,46
3160,44240,46
24273,33910,46
50663,19332,46
21099,18478,46
491,477,46
8489,7647,46
19658,40325,46
5268,5269,46
22235,24920,46
48924,48546,46
16608,16510,46
14828,24959,46
8917,9430,46
488,474,46
942,22527,45
1563,17236,45
14475,13092,45
15900,25084,45
24115,21555,45
21555,21557,45
28863,28659,45
4187,4185,45
1517,1555,45
28159,28158,45
5507,5274,45
25088,15398,45
44304,24005,45
26964,27281,45
4030,4042,45
1501,1510,45
1510,1517,45
51616,39250,45
51484,25763,45
14003,14004,45
25880,49413,45
22677,23207,45
12981,13082,45
8109,40779,45
13603,50875,45
777,15115,45
4042,4041,45
24833,25040,45
17834,6474,45
4186,19885,45
16272,16273,45
25770,51484,45
1656,1144,45
13926,13939,45
48062,17559,45
5825,17693,45
21557,24119,45
21415,786,45
27739,27737,45
15045,777,45
144,21393,45
513,589,45
15359,25073,45
37538,513,45
13599,12858,45
5768,5769,45
5769,5266,45
19369,21276,45
17599,17627,45
4234,4235,45
20000,4388,45
21853,26654,45
35671,35642,45
10727,11715,45
21607,144,45
48499,48282,45
27077,27094,45
14634,24427,45
9822,9545,45
45003,49772,45
21810,21811,45
43977,43911,45
24584,808,45
17572,21304,45
47914,5048,45
44375,44377,45
12736,12771,45
43031,43349,45
17627,17630,45
41779,22182,45
6057,38800,45
50019,1359,45
17582,17599,45
881,883,45
28247,28249,45
41712,41222,45
991,14634,45
36144,41133,45
18489,18505,45
41780,22182,45
35645,2468,45
28571,26698,45
35644,35645,45
997,991,45
17602,17591,45
17591,17582,45
938,997,45
223,222,45
20870,4231,45
4235,20870,45
35643,35644,45
41711,41712,45
224,226,45
35642,35643,45
19821,17000,45
41710,41711,45
35747,942,45
872,876,45
13499,51418,45
51418,13256,45
9048,11235,45
18236,7057,45
18002,18051,45
9581,9910,45
15479,25088,45
11700,10065,45
18514,21123,45
20869,20450,45
20450,20451,45
20451,20452,45
20452,20453,45
20453,20454,45
20454,20455,45
42803,42801,45
20455,20456,45
7347,8392,45
8389,34971,45
14060,13288,45
13288,14039,45
5209,5210,45
10185,9551,45
10584,9565,45
12973,43314,45
11990,27478,45
4176,17563,45
16218,16401,45
1749,2602,45
876,880,45
27745,27739,45
47213,10455,45
3930,2395,45
21124,18410,45
18549,18527,45
18815,19293,45
48271,15696,45
44377,49968,45
29371,13074,45
41162,43810,45
17615,48258,45
23974,24028,45
48258,17629,45
26871,25810,45
18658,18651,45
25670,25645,45
25645,26071,45
18651,18649,45
18649,18650,45
42093,41556,45
21115,21117,45
41556,6284,45
18561,18507,45
15696,23974,45
17244,1523,45
39146,18778,45
18778,20489,45
20520,18781,45
13180,13870,45
27587,28881,45
28671,16087,45
14852,14863,45
5355,5763,45
10473,9802,45
20220,6728,45
27803,27806,45
27806,27878,45
42256,50019,45
880,881,45
8384,8385,45
29210,29225,45
20380,34159,45
22017,22453,45
37232,35901,45
15401,15399,45
29212,29210,45
15555,15557,45
9395,9409,45
234,237,45
19625,19620,45
5635,5636,45
22197,23055,45
14165,14166,45
4231,5915,45
22453,16711,45
15451,15361,45
35905,37232,45
15399,15451,45
14180,14187,45
43386,39523,45
8496,43386,45
2164,3732,45
44376,29358,45
35891,35905,45
5915,20868,45
1889,2852,45
35432,8377,45
2854,3224,45
34782,7564,45
15398,15401,45
332,758,45
8377,8301,45
14533,14011,45
10324,11543,45
1656,48060,45
13597,13129,45
7651,7636,45
23198,23199,45
49841,43388,45
8871,8131,45
15361,25077,45
6141,6142,45
5434,5435,45
35427,35432,45
27525,27534,45
6142,6139,45
25040,23198,45
22176,22177,45
26087,46975,45
35431,35427,45
29215,40697,45
22175,22176,45
23199,24823,45
7557,35020,45
20166,20409,45
50645,14488,45
35901,16936,45
36828,13862,45
50468,44016,45
16936,4080,45
43434,43436,45
21537,16672,45
19620,40329,45
5634,5635,45
3051,17448,45
2597,3933,45
49968,44307,45
29225,29207,45
29207,29215,45
846,24353,45
5503,5434,45
25689,25690,45
18571,18583,45
17805,17834,45
3979,35844,45
18548,18552,45
13567,49933,45
43383,43322,45
14011,14180,45
13580,13575,45
22174,22175,45
17580,19625,45
21004,6141,45
27534,39399,45
25077,25083,45
25506,25527,45
35046,41545,45
47238,49716,45
24023,44308,45
22776,24011,45
37727,43383,45
28916,44481,45
2534,35671,45
44481,40084,45
40107,40162,45
1249,35633,45
3933,3930,45
20280,20480,45
18004,41716,45
42251,42252,45
22934,21676,45
8374,35947,45
20871,4234,45
35947,8384,45
8301,8296,45
13338,13151,45
44378,44374,45
8375,8374,45
13630,13640,45
46975,28843,45
4080,35913,45
34085,781,45
7197,47857,45
9564,9748,45
44308,13366,45
14187,14189,45
8385,35431,45
17590,17602,44
17586,17590,44
22999,23017,44
3468,41118,44
2268,44851,44
25688,25690,44
4194,19264,44
48093,43422,44
51122,10430,44
21379,21378,44
292,304,44
46951,47122,44
40735,22117,44
34720,34721,44
13091,13482,44
898,895,44
35173,15591,44
34719,34720,44
42881,13214,44
22793,896,44
25690,25693,44
10682,9480,44
17589,17573,44
41371,16525,44
49712,49724,44
18022,18005,44
47988,19486,44
10016,11750,44
2234,2963,44
19787,20280,44
23174,41867,44
24378,22571,44
14596,13853,44
24940,723,44
44241,44237,44
5908,40617,44
17568,17564,44
195,592,44
25212,25214,44
1645,42581,44
17573,17568,44
872,22793,44
19808,35316,44
27498,27197,44
24103,24990,44
16253,16254,44
14251,29382,44
44331,25212,44
16621,39981,44
2955,3468,44
43822,43406,44
17564,17561,44
43406,48837,44
6096,7213,44
25693,25697,44
17972,4188,44
26119,25762,44
3327,2957,44
5244,18470,44
18463,18450,44
35283,24083,44
43101,50949,44
17203,17489,44
44482,40133,44
50949,43094,44
20768,20769,44
1184,1207,44
17225,51638,44
35969,22161,44
49168,38834,44
28750,28850,44
48138,22804,44
51370,9420,44
10997,11002,44
11081,9046,44
47829,21629,44
43769,24697,44
28573,26757,44
51398,43101,44
38858,38856,44
27605,50684,44
15150,15172,44
26770,28554,44
9543,9896,44
7288,7289,44
42426,51398,44
49529,49544,44
6703,6704,44
9343,9346,44
38856,51122,44
22716,22948,44
49544,4537,44
4537,41742,44
50718,24024,44
23647,50718,44
14055,29353,44
51579,5217,44
20824,20513,44
14056,14055,44
16318,16174,44
42164,27814,44
3971,41353,44
41353,41352,44
26120,26119,44
44237,44235,44
24052,24078,44
24049,24052,44
8987,10994,44
17003,4111,44
12543,12036,44
25357,23988,44
50393,25357,44
22737,50393,44
24013,22737,44
20932,18621,44
44628,42426,44
10135,10016,44
15742,15539,44
12990,13354,44
7956,7944,44
51566,43254,44
17465,3149,44
16523,25304,44
1945,2769,44
2231,2234,44
24078,13381,44
44341,17595,44
13373,13375,44
21596,47102,44
41352,2437,44
9417,51370,44
19579,19862,44
43773,43771,44
1946,17402,44
9317,10775,44
10994,10997,44
51364,9417,44
7294,44232,44
51369,51364,44
1948,2427,44
519,505,44
48204,26808,44
18621,5908,44
44627,44628,44
477,472,44
6052,20932,44
8470,7567,44
5995,20833,44
13381,13378,44
44099,1644,44
42510,42512,44
16588,16528,44
22204,22237,44
21002,6225,44
49614,18971,44
28576,28206,44
17561,48061,44
49692,28576,44
26698,49692,44
8733,10173,44
43628,35011,44
24766,24103,44
5567,5568,44
13339,14028,44
9666,8638,44
22966,24175,44
11004,10591,44
43306,23270,44
16397,25232,44
16436,16157,44
25232,25233,44
16528,16550,44
9596,9597,44
17635,17628,44
40897,40896,44
4840,18418,44
6956,2813,44
636,40897,44
15209,35723,44
17628,17596,44
39962,12945,44
8063,7541,44
23060,22204,44
16747,16843,44
4574,18480,44
899,850,44
44819,44817,44
47842,33982,44
7531,7643,44
51550,43847,44
10498,51550,44
44817,44815,44
17694,17681,44
12952,49226,44
41173,37273,44
44001,50769,44
17639,51318,44
12858,13634,44
14338,13320,44
10264,49168,44
28549,26707,44
16496,16514,44
6530,7020,44
47838,25540,44
27805,26605,44
2358,3009,44
3209,3210,44
17559,17555,44
3178,3209,44
12664,28226,44
11091,11052,44
26948,50669,44
460,469,44
469,471,44
25233,16153,44
34296,3540,44
10515,42300,44
3111,3166,44
44659,13662,44
16606,16496,44
15507,33906,44
37508,49516,44
23489,15507,44
24355,836,44
49516,39038,44
51148,34533,44
9376,9372,44
304,49951,44
44630,44152,44
13775,13773,44
13095,13166,44
47907,15563,44
36925,7531,44
21117,43147,44
28705,12664,44
45038,13708,44
5566,5567,44
3210,3211,44
24353,841,44
9425,10192,44
40896,213,44
16550,16621,44
9566,39139,44
17539,17529,44
10010,38123,44
4863,4721,44
35316,18707,44
841,24355,44
24181,21818,44
48302,48304,44
2862,35647,44
28554,28555,44
25093,25119,44
48481,37260,44
23959,23965,44
27865,27883,44
9657,9333,44
41892,14281,44
41493,44819,44
20949,6052,44
16511,16610,44
44235,44239,44
23362,25253,44
24027,24026,44
24025,24027,44
44851,35945,44
44239,3161,44
48346,11969,44
12041,28593,44
23958,23959,44
48924,49234,44
7578,7625,44
37260,8750,44
13037,14062,44
17604,19560,44
48169,25938,44
39179,44174,44
18091,18022,44
10457,9456,44
21318,25137,44
15620,41264,44
28349,39549,44
13933,13932,44
38850,37774,44
35723,35724,44
9333,34237,44
48293,25093,44
19560,17589,44
28593,25764,44
17596,17604,44
10026,9657,44
35139,35141,44
9881,10026,44
6578,17532,44
6704,6705,44
34556,34555,44
17024,2492,44
9880,9881,44
1791,17024,44
34555,34553,44
41767,23170,44
35945,2862,44
15623,23225,44
3325,1791,44
20962,20949,44
50677,39551,44
34551,34544,44
10687,10452,44
21337,48796,44
34553,34551,44
21237,18639,44
34056,34057,43
38631,38624,43
23388,23383,43
19168,19169,43
22214,23580,43
16061,22719,43
20643,20387,43
35991,1610,43
14245,14236,43
950,33888,43
4111,4131,43
33888,953,43
34478,34632,43
36027,36028,43
2134,2434,43
16068,51479,43
22016,23393,43
23393,23388,43
3834,3835,43
4596,18428,43
23383,23373,43
21050,4260,43
23373,34124,43
78,34022,43
15410,15876,43
39145,39146,43
51421,26906,43
7587,49841,43
7503,7529,43
1024,51589,43
4906,4905,43
39147,18779,43
19169,19170,43
17995,17983,43
1610,36128,43
3835,50019,43
16097,38898,43
28844,25565,43
12341,12007,43
20319,20318,43
42092,41555,43
34022,21673,43
21032,21040,43
28482,28306,43
21325,21404,43
9646,11698,43
17919,17924,43
35264,5552,43
28138,42456,43
17924,17925,43
41660,41665,43
42431,35424,43
7284,20234,43
5603,6118,43
35103,35104,43
9435,11682,43
11345,48742,43
7286,19474,43
26198,26199,43
5501,5322,43
41955,25916,43
13416,24157,43
42693,44566,43
14923,22899,43
34057,48077,43
35104,35105,43
25751,26116,43
20534,20380,43
27378,27410,43
15377,15397,43
11682,9482,43
9401,9405,43
9482,10679,43
25762,25751,43
38912,41216,43
47875,16061,43
9773,11345,43
38645,38631,43
20647,44395,43
44395,20386,43
20235,6084,43
6084,6085,43
22182,22183,43
51618,34460,43
933,931,43
23671,16850,43
34064,34056,43
4905,4904,43
26116,26115,43
8389,41995,43
40187,40190,43
17652,17637,43
39284,8447,43
19170,20432,43
20432,17827,43
10679,9727,43
41554,42092,43
20868,20869,43
8731,10424,43
22899,15554,43
25570,26139,43
7347,7439,43
15037,15045,43
44159,16205,43
8297,35430,43
11932,27793,43
13221,14564,43
42157,8368,43
16610,16609,43
51619,34467,43
19380,4479,43
3093,2462,43
19093,18195,43
5095,35368,43
12087,12090,43
2464,3093,43
8379,42738,43
35144,35145,43
15921,50504,43
20799,20800,43
35141,35144,43
20798,20799,43
4204,20798,43
302,282,43
35138,35139,43
44752,24467,43
13858,13830,43
10775,11734,43
35430,8379,43
2462,49174,43
29346,14026,43
13540,29634,43
21807,23910,43
24034,24028,43
8965,9340,43
10096,9046,43
5698,5689,43
42589,36046,43
9695,9543,43
13810,13806,43
15346,15347,43
25755,49414,43
4173,1764,43
13811,12836,43
21086,21097,43
13830,13811,43
36020,36022,43
13015,13160,43
36019,36020,43
38800,51195,43
35368,43350,43
7352,7416,43
22948,16848,43
48047,48025,43
43195,16221,43
42737,8375,43
1792,3326,43
3326,2406,43
20637,4204,43
36046,1624,43
50774,8439,43
8138,34866,43
34866,34698,43
34698,41135,43
1124,47975,43
16138,16139,43
19306,41460,43
21042,21030,43
14271,13015,43
6474,17904,43
16139,16129,43
27847,27654,43
35135,35138,43
27700,27276,43
4612,4609,43
51279,51278,43
4611,4612,43
7022,7023,43
12668,29083,43
17555,17544,43
16579,16885,43
47447,19550,43
1740,1596,43
7443,34964,43
41456,41455,43
24574,24502,43
16173,16317,43
28439,28433,43
1168,48060,43
43054,19456,43
21679,21680,43
41537,4032,43
48212,25938,43
12828,12875,43
10716,10748,43
13774,13777,43
35133,35135,43
41539,41537,43
21404,35706,43
49031,46320,43
2362,19087,43
4588,21093,43
47899,27623,43
27649,22319,43
9342,9899,43
49453,49444,43
49433,49453,43
12968,12975,43
35706,21362,43
13857,13858,43
16495,16599,43
23931,25354,43
11543,11848,43
18593,18580,43
28900,25525,43
41785,18121,43
3648,3862,43
34482,34476,43
19750,41785,43
7030,20372,43
47768,5065,43
24012,24018,43
24018,24042,43
44450,42589,43
16348,15428,43
25602,28900,43
27799,27804,43
24042,24047,43
39024,7028,43
18234,20265,43
24047,24049,43
25525,26266,43
14078,29358,43
40483,42075,43
11918,11804,43
12674,11990,43
4086,4088,43
25496,26156,43
11848,9730,43
11802,11918,43
18108,19749,43
42799,49483,43
49423,49447,43
39754,22449,43
13482,13481,43
36022,36024,43
11347,9772,43
13808,29319,43
12888,43230,43
26139,48445,43
11916,10443,43
51589,51587,43
51717,34482,43
7387,7608,43
47830,359,43
48445,25572,43
25572,39625,43
7375,7360,43
2347,2673,43
43230,42276,43
8302,11530,43
23210,15571,43
36128,40553,43
7363,38912,43
21269,19598,43
38865,38862,43
40553,44450,43
9370,46743,43
14345,13773,42
3744,3961,42
16113,16114,42
27421,27436,42
40089,50632,42
48948,28638,42
3421,3747,42
3143,3744,42
11826,8965,42
9597,8988,42
25908,25916,42
15397,15394,42
14904,14916,42
3961,17324,42
16002,23478,42
13277,37040,42
11242,9046,42
3951,20431,42
34635,34490,42
3700,3701,42
12824,13056,42
34096,16709,42
14886,14904,42
29403,29450,42
14864,14886,42
41133,42877,42
1549,1515,42
2922,3745,42
3745,2923,42
4540,43130,42
17213,17215,42
4927,4540,42
461,483,42
13032,14477,42
40087,40142,42
28232,40151,42
10747,47449,42
3418,3967,42
3752,3421,42
3701,3419,42
483,485,42
17215,1634,42
3420,3752,42
15683,23575,42
43352,19693,42
46430,49223,42
8169,8156,42
3343,3340,42
23845,16759,42
17325,3700,42
43130,43352,42
49223,9371,42
50632,40087,42
3967,17325,42
23055,23056,42
40290,49626,42
8988,10451,42
6038,5602,42
26371,46930,42
48032,48047,42
4388,7156,42
40301,49621,42
26185,26108,42
22984,22985,42
19753,6038,42
27230,28149,42
48048,48033,42
5602,5994,42
23885,22984,42
15861,23885,42
5619,18426,42
41296,44108,42
29475,29402,42
10186,43791,42
48033,48032,42
48042,48048,42
16572,16619,42
22985,23001,42
1777,1778,42
29206,25794,42
22472,22507,42
23001,22472,42
51469,48015,42
1929,2873,42
48015,48042,42
39533,44623,42
37642,13246,42
44132,44133,42
17000,17001,42
16034,23477,42
43895,13006,42
50951,39535,42
18643,40294,42
40294,40296,42
44108,40698,42
25514,28892,42
21111,21099,42
26797,26804,42
18641,40286,42
34267,11445,42
14916,14905,42
44623,44130,42
49626,49622,42
25792,25782,42
40142,41296,42
9545,9694,42
48462,8636,42
3486,3492,42
4574,18474,42
3492,2996,42
2857,3743,42
42603,6883,42
22228,24124,42
3743,2921,42
41608,40093,42
34635,35105,42
6117,5995,42
18639,18641,42
34621,34658,42
28892,40089,42
51495,26538,42
24763,24734,42
44258,34266,42
21769,36909,42
10193,43792,42
1774,1775,42
36910,979,42
16107,16108,42
5007,5918,42
5918,21237,42
12818,48294,42
15539,15540,42
14905,14883,42
22418,86,42
44758,26070,42
51374,10153,42
24328,34031,42
29423,29427,42
23769,14355,42
28386,28397,42
25208,16874,42
16311,25213,42
16467,16311,42
44001,50726,42
9386,9438,42
73,24328,42
16092,22999,42
34059,73,42
50077,50073,42
50726,25709,42
44294,19303,42
48837,43405,42
6125,6122,42
50906,39144,42
47002,9437,42
1779,3483,42
9075,9658,42
26528,29216,42
13619,51966,42
29208,29214,42
42905,50558,42
29214,26529,42
21314,24035,42
26529,29226,42
47201,9738,42
50075,50074,42
51966,43787,42
27876,27790,42
50074,50077,42
27883,27876,42
29226,29211,42
43839,14474,42
29211,26530,42
13079,13628,42
13416,24156,42
48500,9564,42
9749,10238,42
47885,1098,42
46758,46803,42
25290,16467,42
27905,27903,42
37398,11529,42
11528,37398,42
27244,27243,42
23238,25220,42
47884,41853,42
46813,26271,42
9730,50937,42
2958,1976,42
23235,23237,42
35277,27814,42
23236,23235,42
49447,49434,42
11527,11528,42
22166,23157,42
13000,12925,42
43937,43939,42
27522,27799,42
12326,29007,42
1170,1184,42
41273,44246,42
47908,19468,42
40406,41273,42
46930,46758,42
35149,35151,42
25214,25290,42
49568,49084,42
16285,44367,42
23950,23925,42
20648,18234,42
16874,16228,42
43147,21092,42
870,1007,42
2816,50170,42
34002,14609,42
44661,27660,42
34121,34000,42
27663,51243,42
51243,27581,42
27572,27252,42
29216,29208,42
48424,12936,42
8751,8752,42
25247,25249,42
16360,16361,42
16361,16355,42
16355,25285,42
278,48497,42
6122,5885,42
25285,25247,42
24449,16230,42
16153,24449,42
25249,23366,42
40354,40352,42
25236,16274,42
28429,28425,42
40350,40346,42
16230,25236,42
25254,16423,42
13131,14139,42
14513,12930,42
27115,40053,42
40352,40350,42
24414,757,42
12936,13049,42
5757,19248,42
4663,4627,42
40355,40354,42
9900,9824,42
23365,16367,42
21285,18925,42
16274,23365,42
28859,11999,42
27481,28859,42
44860,27520,42
16365,16360,42
44866,44860,42
42446,44866,42
41078,41079,42
49214,44871,42
34533,34537,42
48334,49214,42
10687,10689,42
16367,16365,42
40346,40351,42
9306,9301,42
49444,49432,42
9922,11644,42
40353,40356,42
27493,27496,42
40356,40357,42
18650,34256,42
11908,46625,42
46625,50623,42
19842,19843,42
48184,5017,42
4931,4961,42
46430,10309,42
41077,41078,42
6010,40406,42
50623,10685,42
35145,35148,42
50078,50075,42
11748,47201,42
35148,35149,42
40358,40355,42
13749,14092,42
6851,19740,42
19496,6851,42
19495,19496,42
16423,16421,42
40351,40353,42
16421,16420,42
16420,25263,42
50862,8456,42
49432,35119,42
14271,14280,42
5758,6275,42
9401,47002,42
26613,26628,42
26628,26405,42
25263,25211,42
20851,20480,42
26546,26544,42
19798,19495,42
48493,48492,42
1482,1501,42
10309,10310,42
23237,23238,42
26830,28243,42
50170,50172,42
42073,28238,42
2846,3050,42
50172,3343,42
35989,47238,42
476,490,42
490,488,42
28238,44612,42
28746,28745,42
18036,18046,42
29204,29205,42
47845,44887,42
5096,4634,42
49781,49786,42
44001,50724,42
41294,26103,42
29205,29206,42
23157,22174,42
41079,41078,42
41080,41079,42
29203,29204,42
16617,16537,42
5014,47851,42
3609,3610,42
19424,21120,42
11837,10320,42
5021,4664,42
11004,10995,42
9593,11520,42
26069,41294,42
2554,38623,42
3191,3194,42
11520,9374,42
8988,49722,42
9599,10078,42
10078,10738,42
19264,18383,42
10738,9594,42
41084,42679,42
9594,10012,42
49722,10457,42
24646,24647,42
3610,3483,42
42731,35970,42
25975,26337,42
5413,5503,42
26337,28072,42
1411,1420,42
9707,9903,42
10666,40506,42
1858,2856,42
1409,1411,42
9544,9898,42
9595,9596,42
27550,41608,42
41722,4930,42
4189,7106,42
40504,51374,42
41851,26349,42
42163,41851,42
41850,42163,42
41849,41850,42
40099,41849,42
40159,40099,42
40098,40159,42
41853,40098,42
15747,15748,42
28927,27622,42
49951,44437,42
43486,21865,42
14692,15233,42
28072,25596,42
22776,38723,42
44436,48493,42
24028,43486,42
153,21378,42
25596,26448,42
44437,44436,42
21865,22668,42
9933,9934,42
22668,13220,42
41081,41080,42
21378,21382,42
41082,41081,42
15745,16424,42
40741,48352,42
26104,25692,42
50062,44888,42
4664,4552,42
10272,46986,42
4552,4557,42
11000,11004,42
5219,39983,42
44246,44206,42
38765,4561,42
15414,14600,42
5384,5314,42
15939,39849,42
5076,50479,42
50479,49529,42
4974,20781,42
49532,42257,42
16087,13429,42
4915,5139,42
4557,4556,42
5139,49536,42
28850,28851,42
44736,10751,42
28851,28852,42
49536,49532,42
10162,11527,42
28237,42073,42
50378,16237,42
27425,27078,42
22161,22162,42
4142,38476,42
41079,41080,42
22163,41599,42
33993,17,42
9683,9386,42
15436,47842,42
51675,9023,42
24647,24648,42
47110,9683,42
38860,51675,42
42566,20550,42
40953,42566,42
49015,41870,42
2118,2113,42
1165,1208,42
27878,27909,42
41078,41077,42
1778,1779,42
49548,49541,42
6861,6862,42
26353,25975,42
49541,49539,42
49539,49559,42
932,957,42
41081,41082,42
4566,6861,42
46986,47110,42
35423,35471,42
29045,29022,42
6862,6160,42
6160,49533,42
41870,29045,42
49533,6309,42
41080,41081,42
49546,49548,42
35420,50521,42
18917,19833,42
41866,41865,42
29022,12640,42
41048,49546,42
24855,24154,42
35338,41045,42
51965,10474,42
28915,29203,42
44206,44205,42
23933,23934,41
24019,24016,41
34689,9082,41
41709,41710,41
43094,44231,41
48644,13374,41
5272,5506,41
23101,23147,41
23996,24014,41
10727,11441,41
25356,23996,41
23958,23962,41
8281,34515,41
36290,29318,41
774,15034,41
21316,24054,41
24054,24784,41
25358,24010,41
3211,17330,41
11441,46419,41
17332,3212,41
3536,3489,41
24482,24480,41
41713,41709,41
35172,23713,41
37039,27660,41
44574,8881,41
36044,40551,41
24081,24079,41
40551,36043,41
3212,1816,41
17331,17332,41
23930,23933,41
13379,24081,41
34495,34493,41
24048,24019,41
39225,41713,41
17330,17331,41
27787,25941,41
44229,27249,41
22066,21588,41
24050,24048,41
23987,25356,41
44231,44229,41
47984,39052,41
36043,40549,41
42585,42982,41
48495,284,41
2478,3402,41
21700,23896,41
2392,3276,41
5338,5311,41
19679,19494,41
27827,27826,41
22719,24812,41
22494,22803,41
23415,34117,41
47878,1296,41
51310,20908,41
15250,49517,41
18481,44141,41
42851,36988,41
288,48494,41
41135,8446,41
39139,11748,41
36836,36014,41
20783,6890,41
36014,36017,41
35119,35122,41
6892,20783,41
20424,6892,41
20423,20424,41
20478,20423,41
8446,8395,41
20570,20478,41
28401,28398,41
1615,36836,41
16526,25153,41
12875,13644,41
6003,18809,41
19467,4929,41
42992,2979,41
34031,71,41
40978,42564,41
48560,48874,41
48874,51400,41
50495,50496,41
50496,50493,41
50493,50494,41
39531,39560,41
27294,27293,41
39536,50946,41
39846,15952,41
2979,42585,41
19268,18463,41
2358,2359,41
18461,19268,41
3996,51258,41
43612,48560,41
26957,39536,41
26915,42160,41
26787,12247,41
42160,44326,41
42657,105,41
44326,44325,41
44325,44323,41
44680,25058,41
44323,29301,41
15949,15947,41
50962,26957,41
1168,47885,41
15954,39841,41
895,873,41
43314,13087,41
24025,42542,41
42542,24035,41
6890,6889,41
7395,7384,41
24539,24540,41
50997,50999,41
43275,43277,41
7642,7643,41
40554,38284,41
4889,4901,41
10607,10864,41
4901,4637,41
50992,50997,41
40631,35312,41
51213,50992,41
28319,12433,41
13502,43272,41
13641,13133,41
5438,5726,41
5439,5438,41
38908,7587,41
38865,42668,41
26828,25847,41
48347,26476,41
43195,41020,41
19687,19468,41
11017,11015,41
11027,11007,41
13290,12898,41
26476,26477,41
9902,11226,41
50062,47847,41
28515,40147,41
13201,13330,41
48452,48450,41
28192,28188,41
28188,26756,41
26756,26758,41
39642,48348,41
14335,13502,41
43027,8438,41
21295,21307,41
42686,26234,41
25610,42686,41
20321,50147,41
20121,19550,41
9346,10775,41
21307,4211,41
44419,9181,41
35151,35153,41
16009,16494,41
34965,7422,41
39190,36019,41
23876,21590,41
36017,39190,41
44691,8781,41
17489,17459,41
35153,35156,41
13512,14335,41
5459,5336,41
41340,51213,41
5441,5439,41
5443,5441,41
5764,5443,41
5703,5764,41
36028,2969,41
44410,9000,41
35156,35164,41
4183,35462,41
28230,26711,41
21731,21596,41
1372,1482,41
39729,39731,41
49434,49468,41
18448,18461,41
29427,14210,41
48912,48890,41
5222,5223,41
3991,3064,41
3064,2885,41
2885,3785,41
11497,11917,41
11801,11919,41
11919,11802,41
13837,13826,41
21027,4968,41
42982,38850,41
39983,5222,41
2727,1911,41
3862,3949,41
850,23759,41
1925,1910,41
42272,13837,41
42276,42272,41
3403,2501,41
4774,4636,41
50300,38285,41
21517,21538,41
26101,27623,41
13135,14002,41
13856,12821,41
13861,12815,41
360,599,41
37773,42574,41
13356,41132,41
13929,13838,41
24263,39727,41
27195,25456,41
25456,27187,41
8997,51672,41
38861,38863,41
38944,13354,41
20555,40946,41
13824,12879,41
13825,13824,41
35688,25633,41
13826,13825,41
25633,26070,41
4904,4593,41
23168,23169,41
34237,9566,41
43913,43912,41
10433,11497,41
40523,40522,41
4804,5167,41
19802,5668,41
918,51045,41
37772,36911,41
42574,37772,41
2373,3403,41
40946,20554,41
16288,12032,41
19472,20647,41
13819,12875,41
48334,42444,41
20386,37619,41
35423,42433,41
49208,49084,41
49568,51125,41
44141,4563,41
42577,1849,41
16452,16453,41
24075,24076,41
24076,44900,41
21412,23644,41
5094,5067,41
27788,28641,41
23644,51190,41
51190,43951,41
43951,810,41
810,24101,41
26446,26447,41
21584,21731,41
26058,26446,41
22216,22217,41
4563,19391,41
39727,39729,41
23460,23462,41
33886,16431,41
12032,26402,41
18121,20499,41
12756,12596,41
14370,15719,40
1547,1540,40
34101,24844,40
16820,16489,40
40620,6053,40
21676,35288,40
48462,10790,40
363,527,40
19648,19649,40
5407,5408,40
40698,26472,40
316,44429,40
23763,39761,40
13645,13814,40
50054,34101,40
34065,50044,40
26911,44113,40
44113,44115,40
44115,44117,40
362,363,40
25782,25781,40
44117,44118,40
10543,10544,40
35700,10668,40
10670,35700,40
10669,10670,40
10541,10669,40
25919,25805,40
15797,15530,40
50947,51399,40
15844,50260,40
26312,26469,40
338,336,40
44430,298,40
22139,22140,40
25887,11945,40
25986,26280,40
26280,12030,40
1475,1681,40
12030,25593,40
16609,16582,40
24844,24795,40
16600,16496,40
19649,39838,40
24795,24796,40
38284,36039,40
23036,22155,40
51714,34467,40
16507,16613,40
24796,34065,40
1540,1537,40
5444,5501,40
48025,48027,40
51399,43100,40
336,316,40
600,338,40
333,331,40
21265,21268,40
51465,51439,40
270,428,40
16234,16235,40
3608,42762,40
10927,10955,40
19651,19652,40
5461,5462,40
5462,49363,40
49363,5730,40
43284,43290,40
41942,41719,40
40311,19651,40
1537,1527,40
26183,25465,40
44118,44120,40
26182,26183,40
792,15921,40
40314,40311,40
44460,43274,40
24025,24035,40
1187,1207,40
51512,2742,40
51526,51512,40
34662,8192,40
19652,40313,40
15699,775,40
23731,24123,40
40313,19653,40
4937,4542,40
20781,41942,40
39847,15936,40
18893,4243,40
40268,18893,40
26225,25547,40
41719,4577,40
12825,12893,40
15426,38898,40
19655,40268,40
19654,19655,40
39561,44230,40
48800,50941,40
1274,1708,40
1708,1327,40
28916,40084,40
25459,26186,40
25465,25459,40
19653,19654,40
43426,51526,40
43428,43426,40
43430,43428,40
1681,1491,40
23580,22213,40
41141,19648,40
19647,41142,40
19646,19647,40
41140,19646,40
39849,39847,40
4626,4658,40
40074,40073,40
42244,40074,40
40075,42244,40
41540,40075,40
39838,40317,40
18825,18826,40
50687,26659,40
26648,50687,40
44123,35277,40
34468,35103,40
51280,51276,40
44120,44123,40
16949,42587,40
25306,25308,40
43431,43430,40
11050,11048,40
42571,43431,40
3422,42571,40
1469,2291,40
25303,25305,40
26180,26182,40
23257,16786,40
28917,26180,40
14158,14514,40
40122,28917,40
40317,40314,40
39250,34646,40
16438,16439,40
16439,16440,40
44230,50947,40
12893,47406,40
50173,14508,40
6053,40618,40
25305,25306,40
41599,22131,40
25781,28936,40
21058,21063,40
29322,48363,40
3757,1966,40
17368,3944,40
43019,42588,40
1964,3359,40
19527,6761,40
19532,19527,40
19703,19532,40
23277,16843,40
28141,39779,40
3787,2202,40
25211,16118,40
26156,41200,40
16118,16307,40
15806,16326,40
16328,25246,40
28140,39789,40
28150,28140,40
28137,28135,40
44287,28137,40
28127,44287,40
39781,28127,40
39779,38674,40
1966,17368,40
1965,3757,40
39314,12596,40
3756,1965,40
6551,6552,40
4533,5096,40
49448,49429,40
14542,13644,40
12880,14542,40
49468,49448,40
28852,39626,40
39626,28853,40
28853,25930,40
11424,44691,40
18907,18917,40
27512,27499,40
18919,20878,40
10751,9086,40
16816,44336,40
44339,22839,40
48783,48921,40
48457,48783,40
40132,40131,40
39086,20641,40
20571,20574,40
40529,38652,40
4636,4632,40
48257,39352,40
6299,35420,40
7156,20222,40
48914,15412,40
9340,9341,40
9341,9578,40
9578,11915,40
11915,11555,40
1958,17276,40
21019,21006,40
40296,40298,40
40298,49609,40
49609,40300,40
40300,40301,40
49621,39195,40
17276,2725,40
2725,3154,40
3154,3224,40
28751,28749,40
11555,10697,40
10697,9870,40
9870,9184,40
28752,28751,40
43994,27918,40
6298,6299,40
4632,4667,40
6311,6298,40
4667,47851,40
40690,44330,40
26326,25889,40
25213,40690,40
37236,4093,40
17227,2663,40
1222,4018,40
50335,40566,40
1133,42991,40
25712,50736,40
9741,9582,40
5485,5486,40
4172,18959,40
47400,8863,40
42175,29002,40
43907,43906,40
43908,43907,40
10960,8991,40
1261,17223,40
6309,6311,40
27162,27509,40
15702,15820,40
1983,3756,40
28643,27787,40
24121,24131,40
1197,1184,40
29227,29218,40
29302,29227,40
29681,14349,40
35123,35126,40
35122,35123,40
43224,34782,40
9553,8750,40
16977,3368,40
22360,642,40
23479,15593,40
35663,2742,40
283,292,40
35661,35663,40
35659,35661,40
17457,35659,40
26669,28928,40
26263,41980,40
41980,26115,40
23575,23479,40
16803,15865,40
12559,28286,40
20534,6107,40
17488,49615,40
26501,28577,40
51529,13662,40
8950,10309,40
33971,24685,40
24110,24121,40
27458,27951,40
37731,11836,40
11836,11837,40
35158,35160,40
35164,35158,40
27351,27957,40
27957,27959,40
27959,27955,40
7426,34942,40
51492,29305,40
11715,11441,40
51490,51492,40
28577,51490,40
24521,24524,40
24525,24526,40
27955,27343,40
24528,24529,40
41651,41652,40
20571,42606,40
22507,16803,40
3591,1636,40
2476,3725,40
2274,2266,40
5632,5633,40
2740,2279,40
29677,29495,40
18005,18042,40
5631,5632,40
43355,4977,40
4931,43356,40
2586,2740,40
7597,34942,40
34966,7481,40
3431,3403,40
16227,23367,40
16164,24319,40
27900,27810,40
43442,43434,40
4927,4542,40
6552,6553,40
22761,34064,40
16524,41370,40
5633,5634,40
36995,36994,40
50688,26659,40
23734,23633,40
42721,41164,40
40144,43615,40
18599,18609,40
48190,26122,40
4579,5917,40
22993,16770,40
3945,17566,40
22992,22993,40
23633,22992,40
18625,18623,40
15719,21595,40
8881,9244,40
24733,25120,40
23477,24733,40
25764,40144,40
43618,12041,40
50165,43618,40
49981,14564,40
26205,28673,40
26438,28194,40
29367,40638,40
827,24414,40
25608,25617,40
21594,25137,40
51238,27656,40
21044,21058,40
28598,44661,40
28925,25654,40
21063,21069,40
28924,28925,40
4673,38560,40
36037,36039,40
27577,50961,40
22200,22126,40
44166,4702,40
25617,28924,40
20986,20976,40
4968,21048,40
39529,48667,40
48667,39569,40
13920,42411,40
20153,7284,40
42411,42408,40
42408,41389,40
28922,25608,40
25639,26485,40
23221,21851,40
48213,359,40
332,24920,40
1220,1217,40
50731,25709,40
42107,40093,40
42858,29311,40
3920,1437,40
1437,3918,40
24573,24574,40
21808,25355,40
50636,43695,40
27579,27254,40
44133,46704,40
29011,11986,40
11986,27584,40
25355,23930,40
35363,4832,40
51028,766,40
14509,13920,40
42845,7604,40
25646,25643,40
21857,23113,40
15794,15631,40
29011,28347,40
36894,13322,40
44622,48629,40
46419,46720,40
28349,11975,40
29311,14509,40
44001,50731,40
26954,51238,40
28891,42107,40
18078,20153,40
48736,43611,40
25650,26425,40
44001,50735,40
5066,41715,40
18789,19799,40
5660,5661,40
28129,28141,40
28906,27560,40
4936,5067,40
5094,4936,40
24787,25137,40
43611,48629,40
39722,39535,40
5655,5656,40
25535,28922,40
41714,35363,40
41387,41386,40
28936,25766,40
41389,41387,40
13322,13320,40
50951,39722,40
50735,25709,40
48347,42123,40
26424,28894,40
26425,26424,40
10544,10547,40
26306,41607,40
24547,24548,40
11160,7604,40
41854,25639,40
39533,29008,40
22143,22144,40
28894,41854,40
9048,10095,39
16793,24214,39
25353,22431,39
34542,34539,39
16094,2,39
474,470,39
47145,20917,39
51025,24236,39
27789,42493,39
49459,35161,39
9244,11361,39
23061,22122,39
37378,37376,39
43384,37727,39
15206,22566,39
24982,24369,39
12433,12411,39
44596,28213,39
35161,35159,39
10846,9048,39
14034,14042,39
27790,27789,39
6124,6113,39
42075,28212,39
6110,6124,39
37728,43384,39
10716,44799,39
12671,29084,39
43849,10517,39
27429,27129,39
33995,24790,39
51868,21648,39
24734,21799,39
49441,49050,39
22122,22123,39
29084,41179,39
7909,8321,39
27890,27745,39
27737,27659,39
29463,29462,39
39557,27527,39
14819,49198,39
29656,29677,39
27527,27526,39
49438,49441,39
29382,29656,39
27353,49417,39
21648,21701,39
34128,37728,39
24790,34128,39
36290,13246,39
8917,8945,39
27370,27135,39
5164,5094,39
41778,51025,39
4559,5164,39
4555,4559,39
8466,7909,39
10517,9681,39
8945,11855,39
4577,5093,39
767,14960,39
4554,4555,39
11855,43931,39
19136,5534,39
4558,4554,39
5093,4558,39
14819,49205,39
34658,34631,39
27662,27669,39
24564,24565,39
22282,15944,39
22264,22719,39
23531,22264,39
21548,16673,39
18578,18591,39
7021,6530,39
5166,35313,39
35313,4482,39
18155,18193,39
13774,12992,39
48492,48490,39
48490,47028,39
47028,331,39
50999,50991,39
35127,35129,39
35126,35127,39
50991,50990,39
26485,28909,39
44300,44299,39
28909,25616,39
34435,34429,39
25616,28893,39
41133,21588,39
50094,44830,39
38450,35895,39
2951,35914,39
15326,16901,39
44830,46457,39
38476,4146,39
50612,35306,39
9547,10767,39
5622,5623,39
50127,44013,39
10547,10546,39
10546,10545,39
10545,10548,39
35162,49435,39
35160,35162,39
47152,50127,39
26229,25610,39
28905,26229,39
25662,28905,39
41198,25662,39
28696,41198,39
47323,47152,39
47150,47323,39
46217,47150,39
3549,3798,39
728,34458,39
46457,46217,39
26820,25846,39
36512,9048,39
24500,24501,39
12835,13857,39
5244,35332,39
19265,5756,39
11880,8636,39
37380,37378,39
2223,2517,39
11953,27765,39
11441,52006,39
52006,52004,39
35631,3803,39
27765,27662,39
49442,49459,39
2964,2232,39
43228,16221,39
16711,21934,39
1197,1188,39
44887,43699,39
43709,42708,39
18779,39149,39
40348,40364,39
28589,28841,39
16709,22017,39
18431,35332,39
22220,42968,39
47888,25553,39
34312,34314,39
6901,6900,39
24034,24026,39
48116,9056,39
28893,25537,39
27909,27916,39
49158,3098,39
3098,3100,39
38624,38616,39
51627,38645,39
20933,21285,39
3100,3101,39
2543,2226,39
5620,5621,39
48451,49754,39
2226,2223,39
49757,49778,39
20680,6902,39
6902,6901,39
21209,51063,39
51063,51064,39
51064,51062,39
27357,27470,39
27470,27464,39
12818,48265,39
34314,7401,39
470,473,39
35159,35157,39
4090,4142,39
25785,25772,39
21154,21147,39
11804,11916,39
21147,21143,39
18958,2345,39
13714,47416,39
25790,25785,39
21143,21140,39
25772,26065,39
19529,5947,39
26065,44379,39
21140,21138,39
44379,25878,39
35018,34501,39
13492,51418,39
43312,13492,39
13471,43272,39
21159,21154,39
15818,16419,39
12407,28192,39
19439,19440,39
28308,12801,39
42679,42577,39
25795,25790,39
10424,9677,39
28163,28157,39
43231,12816,39
19148,39996,39
49789,25857,39
39265,21159,39
25859,49419,39
39991,19148,39
1950,1957,39
48168,9056,39
2470,35638,39
21160,39265,39
23035,23185,39
13474,13471,39
41016,42894,39
6,49170,39
7106,19886,39
43485,5120,39
5120,5121,39
49419,29033,39
20864,20871,39
41011,5898,39
5898,5998,39
22849,22846,39
22976,812,39
43136,26895,39
4188,4189,39
812,23660,39
15615,23252,39
24283,16115,39
37279,29318,39
2995,2996,39
2994,2995,39
5119,43485,39
26689,28232,39
41017,41016,39
5891,20903,39
48417,24535,39
40361,40347,39
11160,11119,39
23655,22928,39
28189,28190,39
46429,43137,39
635,634,39
15887,24640,39
2993,3736,39
42188,12407,39
12407,26754,39
5066,4661,39
26069,26068,39
24640,23883,39
24177,22434,39
19308,41011,39
21944,775,39
24683,635,39
38630,38621,39
50402,48800,39
13220,13241,39
50405,50402,39
44291,43589,39
41378,41377,39
40909,15486,39
9086,9085,39
47754,8781,39
5533,19133,39
38623,38630,39
25855,49789,39
33969,50801,39
15466,15467,39
15465,15466,39
15412,15465,39
13863,12836,39
432,23810,39
34464,34490,39
19440,19441,39
51935,51277,39
40364,40360,39
20840,19549,39
51717,34621,39
19441,19442,39
51274,51935,39
17021,2508,39
14042,13341,39
19133,19136,39
49429,49442,39
9479,8645,39
3736,2994,39
43589,43587,39
4553,4551,39
50406,50405,39
27155,27197,39
35639,35640,39
27167,27171,39
34501,34499,39
35638,35639,39
4533,4832,39
43587,47441,39
4556,4553,39
26447,25789,39
10099,9479,39
16582,16004,39
25789,26444,39
44926,15278,39
49170,22072,39
26444,25795,39
26757,28195,39
34499,34493,39
48940,49765,38
13963,14315,38
19067,17639,38
13603,13246,38
3748,3252,38
27197,27178,38
7237,7238,38
3965,3748,38
323,805,38
18256,18254,38
17188,3792,38
50950,43421,38
4000,3536,38
50347,9566,38
223,226,38
23909,23910,38
16515,16510,38
19128,6260,38
37002,15924,38
12983,12835,38
300,298,38
27534,27197,38
13679,13599,38
27505,47835,38
49724,39254,38
22060,24121,38
23596,47833,38
51624,38617,38
25983,26469,38
44863,44860,38
44867,44863,38
41384,13963,38
15300,47829,38
27353,49420,38
48501,43030,38
41386,41384,38
49755,49748,38
43100,50950,38
962,919,38
47833,22803,38
40651,40811,38
26322,25982,38
50990,51006,38
27084,27996,38
49748,49752,38
44860,27523,38
27529,48501,38
19818,18268,38
43813,49431,38
39254,41341,38
25313,51269,38
27996,27375,38
51006,51004,38
51004,50995,38
50995,50994,38
49420,25938,38
15866,16802,38
25701,25697,38
5498,18655,38
39114,39115,38
49765,49747,38
39423,39365,38
15476,15477,38
18873,37186,38
40635,40634,38
40634,40632,38
21359,21417,38
48798,15228,38
7236,7237,38
29123,29124,38
350,48798,38
2836,2966,38
16539,16618,38
18872,18873,38
333,599,38
48499,598,38
11587,11348,38
40548,36042,38
7239,18256,38
16003,16565,38
13952,13934,38
24915,344,38
628,24915,38
11346,9768,38
3276,3668,38
19546,20117,38
15482,15483,38
44232,10776,38
35163,35155,38
9003,10777,38
43854,50618,38
51636,51624,38
7562,7543,38
15426,38897,38
17668,4183,38
8467,8468,38
16254,15419,38
37186,7236,38
35157,35163,38
10839,10837,38
22091,21633,38
21652,23893,38
21797,41378,38
10840,10839,38
49738,49755,38
49761,49738,38
23402,22848,38
47766,5498,38
26287,28073,38
40680,40635,38
24850,21799,38
3668,18959,38
27297,39423,38
36040,40548,38
7554,35586,38
48796,21338,38
262,257,38
16875,24278,38
12126,28744,38
3684,17204,38
9608,48359,38
21427,21619,38
27436,27439,38
20221,7157,38
20203,20221,38
48414,1109,38
27398,27421,38
42169,27398,38
5988,19493,38
15677,23260,38
38636,51631,38
38632,38636,38
43421,50958,38
38621,38632,38
51611,1777,38
16932,38621,38
39015,7030,38
36042,36045,38
28780,28779,38
48359,9487,38
17459,3684,38
7238,7239,38
21417,21355,38
15562,37414,38
4181,20912,38
39424,27297,38
6015,19309,38
18270,18872,38
39425,39424,38
2492,1797,38
11843,11459,38
39565,39425,38
49758,49761,38
21619,21390,38
44501,50139,38
21331,24757,38
9533,50347,38
16188,21334,38
39426,39565,38
27281,39426,38
49747,49758,38
952,947,38
953,952,38
22864,953,38
14751,14839,38
41715,4239,38
17414,2554,38
68,22489,38
43986,28071,38
16437,16438,38
16157,16437,38
43017,44489,38
44489,43016,38
14642,348,38
43016,3065,38
16807,15625,38
35288,24736,38
5223,5224,38
5224,5225,38
4773,4771,38
1355,3395,38
29323,29507,38
25939,27792,38
2957,2958,38
47256,28841,38
48263,43986,38
24198,39759,38
23426,23431,38
39612,27529,38
4971,21026,38
50631,51761,38
22241,48480,38
3747,3965,38
13356,16031,38
6713,19765,38
34158,6718,38
28859,49241,38
19818,18861,38
20534,6742,38
14548,12840,38
43231,14548,38
8999,10843,38
23704,24126,38
44876,51673,38
51673,44265,38
39775,27240,38
14957,21575,38
25130,40699,38
9134,11615,38
1668,2697,38
26852,27861,38
51469,39491,38
20515,50388,38
26935,26936,38
25889,25993,38
11615,39296,38
25521,25535,38
50248,50245,38
40117,25521,38
25506,40117,38
9200,9134,38
9198,9200,38
9141,9198,38
22291,24132,38
71,43,38
1665,1666,38
13946,13241,38
44304,24012,38
20415,37619,38
37116,37113,38
432,43603,38
50963,35772,38
19899,19900,38
18916,18313,38
28856,12015,38
28855,28856,38
38635,38637,38
49172,13946,38
28854,28855,38
18869,18857,38
15172,698,38
5430,5457,38
5457,5455,38
5455,5454,38
28215,26774,38
21026,38742,38
10356,48708,38
2733,1940,38
34799,8281,38
44937,39349,38
39349,43037,38
43037,43036,38
43036,27491,38
27491,27493,38
27623,28928,38
26263,41981,38
34515,34514,38
22128,22255,38
34514,34512,38
34512,34523,38
1028,22178,38
34523,34524,38
23128,23129,38
34524,34528,38
34528,51148,38
23682,24930,38
15372,22070,38
5065,4906,38
35652,35956,38
22091,23108,38
38393,23126,38
22070,38393,38
9941,9943,38
44240,44236,38
44236,44238,38
3011,35652,38
35956,35648,38
41170,11065,38
35648,37466,38
2756,44850,38
44850,2581,38
43442,44409,38
44409,44410,38
10949,10590,38
10590,11059,38
39213,27591,38
48346,28117,38
6534,18835,38
40126,42098,38
25326,22441,38
7945,34708,38
47451,48462,38
44962,10747,38
40349,40391,38
10096,44961,38
42098,40162,38
25893,26330,38
24269,42511,38
41845,40126,38
26330,48006,38
48006,25597,38
12730,27594,38
27591,12730,38
40347,40349,38
38375,65,38
4870,41132,38
100,34007,38
25712,50725,38
25979,47186,38
50725,26846,38
20988,43892,38
42677,10929,38
43892,43891,38
43891,43890,38
51499,24434,38
43890,43889,38
43889,43888,38
26305,26304,38
47186,46940,38
46940,25883,38
26308,26314,38
43888,4193,38
22066,22067,38
26314,26320,38
25984,26305,38
43,68,38
25690,25691,38
5309,5338,38
27599,26970,38
12481,28315,38
12436,12481,38
24524,24525,38
34342,34344,38
34344,34343,38
17204,3685,38
49435,49472,38
35132,35133,38
49449,49424,38
27388,26992,38
10649,9914,38
10767,9966,38
12959,12823,38
35129,35132,38
11361,9248,38
9248,9126,38
9900,10767,38
24526,24527,38
24527,24528,38
1077,43512,38
756,34342,38
42586,17446,38
1195,42586,38
15493,25070,38
7379,7356,38
15935,15931,38
754,755,38
755,756,38
5335,5700,38
27826,27834,38
48303,48302,38
18925,17994,38
26992,29034,38
15953,15951,38
26873,25794,38
4975,21092,38
447,444,38
26242,26501,38
15396,15378,38
34337,754,38
10310,10311,38
13701,44660,38
21025,19434,38
10311,9371,38
21013,21025,38
37376,37378,38
1277,1288,38
11507,9899,38
3376,36911,38
15393,15396,38
5320,5321,38
35300,35308,37
5699,5689,37
8704,9046,37
21061,4479,37
46206,9712,37
17381,1216,37
21385,21379,37
29303,26519,37
38367,38375,37
527,528,37
13916,13936,37
40849,40843,37
40104,26526,37
7402,34310,37
14347,29368,37
27410,27089,37
11030,41132,37
528,529,37
173,172,37
529,531,37
28923,40104,37
20748,20749,37
48957,48259,37
48260,48957,37
28402,28479,37
27827,27834,37
22368,22016,37
34124,33995,37
18859,5821,37
40844,40849,37
38357,19767,37
20888,19095,37
33890,22516,37
473,461,37
2843,1682,37
22288,22527,37
38627,38629,37
11048,11045,37
51984,2843,37
51629,1475,37
11052,11050,37
6082,20235,37
6003,19294,37
19361,18116,37
26847,46257,37
19294,19314,37
13999,29462,37
25522,42106,37
10225,8812,37
1190,1227,37
51940,40567,37
40567,50337,37
21594,21595,37
14236,14219,37
39784,48059,37
51645,38627,37
4589,4965,37
48036,48026,37
14275,14279,37
19767,6722,37
16820,25092,37
3254,42285,37
39229,6095,37
22018,34075,37
539,538,37
9081,11439,37
4650,18385,37
23226,3,37
4551,43351,37
38619,38626,37
38616,38619,37
531,539,37
48996,13946,37
25487,50176,37
50176,42158,37
7447,7460,37
7436,7447,37
51620,34477,37
7371,7434,37
29581,13086,37
21352,21383,37
48912,35696,37
11488,11490,37
5366,5367,37
5396,5423,37
12431,12228,37
12227,12431,37
20749,20568,37
34467,51279,37
40345,12125,37
38626,51645,37
51369,46373,37
11674,11488,37
6381,5396,37
6380,6381,37
538,533,37
35696,48890,37
22843,23226,37
51943,51947,37
2772,3443,37
19301,19303,37
6094,39229,37
6093,6094,37
8185,35033,37
5244,6057,37
47208,26372,37
3225,2772,37
28755,28754,37
28756,28755,37
38394,28756,37
22846,22847,37
34075,23788,37
18663,18658,37
19478,18663,37
14014,51943,37
18440,51959,37
11343,10186,37
3443,2773,37
47160,47208,37
2773,1878,37
26782,26787,37
51959,18441,37
24789,22368,37
35688,28923,37
12031,47160,37
209,241,37
51618,51623,37
48013,12031,37
34310,7465,37
22847,22843,37
5753,5752,37
48486,48487,37
14667,382,37
4659,4509,37
25099,15680,37
15680,15409,37
12915,44256,37
44256,44255,37
379,391,37
23242,23872,37
40564,39728,37
4818,4929,37
28652,27112,37
24766,23719,37
15816,23410,37
34158,42193,37
28212,44597,37
44597,44596,37
4047,4038,37
35152,35150,37
23596,22672,37
14537,12880,37
21509,21511,37
37018,15919,37
14642,48486,37
48295,29350,37
49472,49449,37
12008,27520,37
24093,24389,37
49424,49463,37
24146,49327,37
21590,21509,37
12625,12626,37
1507,1495,37
22765,16848,37
18877,21282,37
15919,22384,37
22384,15150,37
20766,20767,37
13136,42858,37
19688,4818,37
41721,19688,37
5653,5655,37
12007,27533,37
6200,19329,37
4664,41721,37
13136,29480,37
24034,24029,37
23719,24160,37
21960,21846,37
5021,4936,37
9902,50361,37
29482,50875,37
5534,19047,37
39788,39787,37
42504,35041,37
18566,18552,37
51936,40564,37
4038,1190,37
22280,15922,37
4079,17257,37
19329,6201,37
26923,21960,37
8980,11275,37
18103,7048,37
22575,14963,37
5656,5658,37
14954,39044,37
27437,28652,37
5658,5660,37
21917,15575,37
27438,27437,37
21216,6202,37
21207,21216,37
21200,21207,37
41892,14280,37
37051,13204,37
21205,21200,37
21208,21205,37
39728,40563,37
12963,48295,37
10310,9370,37
49055,40063,37
48578,49306,37
49605,48864,37
49741,49632,37
43208,3821,37
28210,28298,37
44430,21790,37
34917,39711,37
43207,43208,37
44428,44429,37
1784,37808,37
43055,28210,37
50056,42770,37
42190,43055,37
26894,42190,37
46520,15255,37
44410,8863,37
48193,22658,37
44427,44428,37
23028,22192,37
48487,44427,37
11046,11047,37
41048,4530,37
42106,40095,37
13090,14577,37
23289,16619,37
40064,50563,37
35041,42845,37
1682,17441,37
40095,42123,37
50563,49000,37
49000,49055,37
44612,26775,37
34488,34497,37
34497,51621,37
12993,13063,37
47143,21972,37
5103,19733,37
43064,26894,37
3351,17142,37
28885,27547,37
9048,11080,37
16162,16147,37
25487,25483,37
20713,19843,37
6226,18303,37
27216,49078,37
2660,2523,37
49170,15372,37
37211,37210,37
25537,25513,37
50592,15178,37
37214,37211,37
40563,24264,37
44538,42756,37
7394,7422,37
21512,21328,37
25483,28885,37
28190,43064,37
48122,21512,37
46514,18715,37
40055,49001,37
20767,4201,37
413,414,37
21934,24789,37
7199,17612,37
37619,20387,37
15798,15903,37
21511,21510,37
14860,14836,37
39810,44055,37
3201,2084,36
830,48862,36
41005,41003,36
28143,39790,36
3301,3317,36
5565,5555,36
41784,18103,36
3951,7186,36
25942,25974,36
28144,28143,36
47829,15372,36
44800,46951,36
12093,28817,36
28202,28203,36
41718,43353,36
5037,41718,36
17729,17723,36
38772,38768,36
17720,17691,36
17691,17654,36
17654,49295,36
17686,17689,36
46704,49422,36
27246,46704,36
17664,17653,36
17653,17650,36
11978,28347,36
17650,19908,36
38783,38772,36
19908,7199,36
29221,35549,36
39566,11978,36
52005,52014,36
12316,26730,36
34030,34096,36
24110,22209,36
28744,12316,36
7197,47799,36
3177,3051,36
3176,3177,36
25399,15416,36
20219,18822,36
12012,28228,36
2849,3176,36
34993,39712,36
40324,40327,36
5627,5628,36
40327,40322,36
40322,40321,36
40321,19663,36
47122,10716,36
23289,16567,36
19663,19664,36
13362,47429,36
48471,23671,36
2,34030,36
52013,52005,36
17448,3179,36
3320,3500,36
24850,48214,36
10716,10776,36
19087,4172,36
44622,50946,36
16122,16238,36
18826,18830,36
5013,4791,36
44098,1644,36
48840,41493,36
3516,38783,36
15799,34111,36
40618,20930,36
1476,1703,36
7234,18869,36
23885,22723,36
44943,44290,36
11879,49737,36
39793,39776,36
8667,11731,36
19305,41005,36
26154,50634,36
43612,26948,36
3179,3178,36
50669,26956,36
17612,17594,36
52010,52013,36
51403,42428,36
35549,47431,36
22209,23010,36
47431,27230,36
52004,52010,36
39529,51403,36
10287,44800,36
23010,21756,36
12491,27010,36
21756,23013,36
25953,12491,36
50953,50961,36
26951,50953,36
16094,24830,36
22279,21810,36
21814,34021,36
26956,26951,36
42428,39566,36
42514,43895,36
18474,21117,36
50426,50153,36
50153,50161,36
21799,21321,36
20394,18975,36
21321,21637,36
25360,34175,36
23604,23880,36
44398,25360,36
23736,23604,36
22933,23736,36
19183,41147,36
13805,13200,36
23845,25372,36
13841,13839,36
44264,51194,36
4528,4470,36
51194,44877,36
4525,4528,36
43910,43977,36
38898,15428,36
22449,39271,36
39271,22425,36
454,37114,36
3726,3630,36
22425,16069,36
3630,3277,36
2949,3652,36
17509,2949,36
2948,17509,36
3671,2948,36
2950,3671,36
3652,2950,36
2620,3652,36
39152,2079,36
3474,39152,36
3650,3474,36
3987,3650,36
17399,3987,36
3473,17399,36
3472,3473,36
3663,3472,36
3649,3663,36
2084,3649,36
45008,26506,36
34112,23852,36
26506,25505,36
35815,35632,36
10591,11064,36
40866,4530,36
29482,13438,36
39724,39553,36
5486,5487,36
19251,21265,36
39531,39724,36
19406,19408,36
20117,20122,36
21286,51777,36
9894,10594,36
51777,18236,36
25579,48090,36
20571,20577,36
37215,48607,36
16424,41485,36
10594,42750,36
25980,26328,36
29419,29457,36
39362,37215,36
37212,37213,36
39415,37212,36
25597,27585,36
715,14762,36
39249,39415,36
27169,27512,36
23491,40031,36
44421,13226,36
39553,39552,36
29100,41901,36
35154,35152,36
65,16253,36
43746,24683,36
35155,35154,36
9028,48353,36
6764,19526,36
49241,11999,36
18975,19679,36
39551,43611,36
27163,11992,36
2609,2607,36
39552,50677,36
51560,10083,36
12020,26264,36
13416,43756,36
44003,13423,36
11939,27169,36
26264,26287,36
39361,48800,36
28073,26290,36
3652,50647,36
50647,50646,36
50646,2966,36
18507,20227,36
8160,34714,36
8157,8160,36
41006,8157,36
14176,14175,36
44924,26271,36
22591,22789,36
22589,22591,36
27190,27533,36
16802,22589,36
50994,42731,36
8040,38149,36
20660,20661,36
20659,20660,36
20658,20659,36
15003,15035,36
6950,6946,36
6949,6950,36
20663,6947,36
15618,15627,36
3053,3054,36
21480,21481,36
20138,34246,36
22789,22592,36
23852,23564,36
37378,37380,36
49461,49467,36
37180,18556,36
24776,15929,36
12018,12016,36
21049,4655,36
44324,37531,36
43878,43987,36
46230,18510,36
28091,42497,36
43365,28091,36
13087,13241,36
48293,16489,36
15929,15925,36
13244,14206,36
43987,39519,36
35915,35893,36
23087,23756,36
23086,23087,36
22592,23086,36
24794,22872,36
37531,44327,36
8905,47847,36
22567,22564,36
26244,26224,36
22564,22556,36
26109,42024,36
39621,27390,36
11934,26469,36
6272,19250,36
25551,26374,36
23228,25551,36
12818,14596,36
23257,44135,36
39399,39398,36
28079,27525,36
28080,28079,36
23564,23862,36
27518,28080,36
19250,19028,36
15205,15207,36
13904,13899,36
39184,26479,36
27390,25585,36
2966,2081,36
26479,26480,36
26480,45008,36
479,478,36
480,479,36
481,480,36
10156,10406,36
21482,21483,36
21483,21484,36
21484,21485,36
14367,29433,36
22234,592,36
4114,50426,36
22068,22069,36
13899,13896,36
38660,16149,36
22069,23125,36
40147,26886,36
23125,22071,36
26218,12063,36
48974,50053,36
4086,4138,36
26222,26224,36
43041,39322,36
39338,43041,36
48004,26333,36
48248,48004,36
27602,40423,36
37213,39362,36
13087,13135,36
40682,40683,36
51019,42517,36
44847,51019,36
1656,48340,36
37360,37362,36
25469,25464,36
50618,50619,36
40679,40680,36
40678,40679,36
40683,40678,36
4633,4560,36
12433,12250,36
40627,40682,36
40681,40627,36
28570,26935,36
40677,40681,36
12128,28744,36
5225,5226,36
42564,40977,36
19385,21156,36
26934,28570,36
44629,50945,36
42517,42466,36
49563,12120,36
15096,15904,36
41842,25767,36
26084,26082,36
25767,26523,36
16172,16226,36
9909,11339,36
50958,44629,36
26082,28845,36
43274,43286,36
24240,24238,36
39365,39422,36
18499,19425,36
26294,26289,36
25979,26294,36
15904,26632,36
28864,28863,36
11477,9063,36
50619,38684,36
16073,16074,36
14328,13900,36
26402,608,36
26933,26934,36
3046,2894,36
8669,41244,36
48881,23239,36
26321,25773,36
3885,1764,36
18789,20680,36
14863,14860,36
16114,25962,36
15420,16248,36
28767,28225,36
23055,22197,36
18246,21018,36
27962,25840,36
18628,6054,36
20930,18628,36
42584,50381,36
35404,48088,36
50381,43021,36
48088,48008,36
35283,13429,36
20171,20409,36
21291,20917,36
25109,23308,36
17970,18875,36
25773,25784,36
25542,26213,36
51047,44847,36
28671,26131,36
27964,27962,36
957,51047,36
44501,51851,36
22319,8439,36
27078,27964,36
43514,43656,36
108,41374,36
41376,21338,36
15769,15739,36
47955,21369,36
14315,13960,36
13960,41383,36
18677,5498,36
9445,11734,36
41383,41385,36
41385,41388,36
41388,41390,36
26094,26084,36
21138,21129,36
44840,41842,36
17633,17662,36
21168,18462,36
27395,27371,36
4155,21168,36
29436,14270,36
27118,26268,36
26201,27118,36
26288,26201,36
48940,48941,36
5727,5728,36
38553,2661,36
42199,19842,36
20737,42199,36
36989,15955,36
29302,44840,36
15955,39843,36
26289,26288,36
15562,49521,36
39843,16712,36
40525,19852,36
7201,17703,36
17662,7201,36
7958,7945,36
8401,7982,36
7982,7952,36
27920,42495,36
13337,29474,36
44578,8881,36
15844,15817,36
26305,26302,36
26308,26305,36
19402,19406,36
27519,27191,36
4090,37236,36
17703,17712,36
35286,25328,36
7952,7953,36
44097,1644,36
29647,33815,36
33815,29507,36
14342,43312,36
18462,44139,36
34879,7895,36
27974,27093,36
27373,27395,36
7953,7894,36
15951,36993,36
6339,19673,36
17623,17633,36
27478,51496,36
26435,26437,36
11461,41132,36
41132,10163,36
1561,1203,36
40076,41540,36
40080,40076,36
40082,40080,36
25777,40082,36
28186,25777,36
1783,3609,36
27585,48013,36
6260,39890,36
39898,19128,36
24466,21348,36
6257,39898,36
16529,16587,36
16546,16529,36
20891,6257,36
15991,16546,36
26437,27225,36
26434,26435,36
49463,49461,36
28399,28402,36
18499,19394,36
11794,11461,36
19401,19402,36
48259,17629,36
16557,16558,36
28481,27899,36
20962,19401,36
28291,28308,36
12963,29350,36
14497,13911,36
17441,38625,35
8473,8472,35
8477,8478,35
3007,17455,35
47143,21632,35
29457,29458,35
3785,44095,35
41263,15391,35
8474,50489,35
4004,4035,35
8478,8479,35
28223,28228,35
50489,8476,35
28802,27910,35
8481,8483,35
4018,1197,35
8476,8477,35
28226,28767,35
5320,5324,35
8482,8480,35
42832,42803,35
42813,42832,35
8480,8481,35
8479,8482,35
19833,18877,35
50747,50468,35
39043,14982,35
14428,14426,35
41220,7380,35
43510,38920,35
20878,18918,35
41045,40820,35
8483,8473,35
14955,42815,35
14228,29503,35
49467,49451,35
5530,5531,35
25843,28584,35
28584,26935,35
39485,39487,35
37362,37360,35
42462,44849,35
12731,42168,35
44849,51030,35
51030,44848,35
5017,43350,35
41720,4965,35
4979,43354,35
25633,28472,35
28472,41956,35
20143,20144,35
29394,14218,35
39732,51940,35
20606,19345,35
20605,20606,35
5996,20605,35
16949,1488,35
43304,23259,35
2755,2089,35
2087,36099,35
19821,4111,35
8184,8185,35
25550,15355,35
29033,42246,35
19182,39699,35
20927,19182,35
25817,25843,35
25819,25817,35
25842,25819,35
9692,9489,35
48537,47967,35
16075,16076,35
16076,16077,35
7048,17967,35
1642,1225,35
5921,5923,35
270,48505,35
47968,42770,35
2563,3360,35
15877,41226,35
9485,9691,35
9691,9692,35
3360,1372,35
384,383,35
25818,25842,35
9494,48365,35
36178,41133,35
10711,9434,35
27888,27867,35
49887,8064,35
7582,49848,35
13230,14577,35
8468,22110,35
10514,11865,35
4560,4563,35
11785,50399,35
37050,13246,35
19547,20841,35
5529,5530,35
5531,19043,35
38625,3441,35
16383,51776,35
12669,12670,35
17258,17251,35
27532,27481,35
11081,41132,35
42968,22136,35
51804,46520,35
48143,17614,35
35673,2881,35
35640,35673,35
28782,28781,35
47768,19086,35
28781,28780,35
25123,15460,35
35567,2519,35
2518,35567,35
2517,2518,35
27960,27958,35
27956,27960,35
27344,27956,35
27128,25839,35
26842,35958,35
38621,51631,35
38618,17414,35
38620,38618,35
41003,41012,35
1572,1563,35
3441,38620,35
662,708,35
27112,42165,35
46520,15254,35
17618,20881,35
20881,6389,35
2227,49158,35
42252,29034,35
20890,19270,35
19270,19138,35
16897,137,35
14826,16897,35
19138,40497,35
40497,6267,35
6267,17718,35
43353,4972,35
40738,23102,35
24030,24032,35
24005,24014,35
20720,39024,35
21395,40738,35
6389,17661,35
10836,10840,35
15254,15255,35
17829,17668,35
2228,2227,35
2881,2228,35
35150,35147,35
35147,35146,35
35146,35143,35
17698,6588,35
17671,17698,35
21377,21356,35
7197,47766,35
17661,17665,35
19690,4907,35
21602,21601,35
14348,24217,35
24540,24541,35
37179,51195,35
43912,43909,35
478,459,35
466,462,35
958,933,35
41981,26261,35
33907,15491,35
27689,27805,35
468,466,35
14890,468,35
26262,41295,35
44167,44223,35
9938,9939,35
41013,19335,35
19886,19200,35
44223,50094,35
44261,50929,35
23054,23074,35
41014,41013,35
41012,41014,35
44013,20283,35
41295,26068,35
35054,35022,35
28650,42165,35
3839,3973,35
29201,28866,35
20497,18040,35
19785,19786,35
4818,4542,35
13979,13249,35
24714,40437,35
4004,1381,35
34464,34463,35
6062,20760,35
27860,27220,35
8211,35054,35
41675,49978,35
35033,8211,35
51253,39250,35
28804,39789,35
38744,38742,35
18359,4865,35
38306,40556,35
20850,51615,35
9869,9880,35
11556,9869,35
9883,11556,35
29184,29201,35
1134,2945,35
43958,42004,35
2574,1641,35
27459,27951,35
634,42777,35
48183,19489,35
19489,19785,35
24529,24530,35
50001,16143,35
19847,39144,35
16212,16196,35
8815,10226,35
21606,21615,35
37612,41675,35
16102,16163,35
23492,23470,35
25421,23429,35
6085,37612,35
15703,25097,35
35022,35026,35
6760,20534,35
23470,23463,35
37109,37112,35
4474,4477,35
4728,4476,35
48112,26817,35
29503,29383,35
15996,50681,35
25950,25951,35
42001,22140,35
14966,15037,35
24541,24542,35
4034,1186,35
22441,39273,35
15994,15997,35
12596,12642,35
19786,20032,35
49001,41926,35
34183,22999,35
22948,24813,35
39159,41486,35
41486,16081,35
21064,6251,35
14345,12915,35
14963,42817,35
21055,21042,35
35720,41485,35
18136,18091,35
14897,14961,35
5190,4922,35
26197,26199,35
6251,21055,35
23034,23035,35
5070,5071,35
5558,5559,34
24118,21585,34
44709,25016,34
43628,38389,34
39789,28659,34
39807,15179,34
17012,19697,34
5559,19578,34
25327,42510,34
44706,44709,34
19729,19730,34
48945,43374,34
40508,37714,34
24460,23681,34
44704,44706,34
37714,25327,34
23532,39807,34
19730,19573,34
55,44704,34
21620,24114,34
4132,41132,34
21585,21620,34
40699,48615,34
23462,25423,34
39758,40508,34
11185,11186,34
11181,11185,34
11183,11181,34
11176,11183,34
11173,11177,34
20640,20641,34
17727,17740,34
17719,17722,34
17656,17692,34
17643,17656,34
49307,17643,34
16809,21331,34
22343,16809,34
44585,22998,34
24120,22061,34
48077,44585,34
35143,35142,34
23152,21317,34
51477,48077,34
501,14890,34
497,501,34
35142,35140,34
23019,22343,34
24753,22983,34
11186,11188,34
27605,26846,34
37514,37513,34
22450,24233,34
24774,22450,34
11070,43857,34
16495,16602,34
6883,41186,34
39040,37508,34
37512,39040,34
46810,37512,34
37513,46810,34
25016,51,34
583,42684,34
2969,2609,34
21988,21976,34
22677,21988,34
26730,28207,34
26290,25593,34
44338,44335,34
20832,5988,34
24178,23717,34
22437,21818,34
21977,22676,34
21987,21977,34
826,832,34
22765,16847,34
18832,18828,34
21340,21501,34
16511,16513,34
22545,21722,34
48640,13319,34
24180,22434,34
48920,41132,34
14140,14141,34
29460,14514,34
14488,14428,34
41902,12719,34
28255,28202,34
661,233,34
42577,1848,34
14174,29401,34
23093,23094,34
79,23093,34
25541,25542,34
20532,19999,34
234,714,34
50385,13103,34
42285,42577,34
42883,50385,34
258,44699,34
23252,44143,34
27449,27451,34
3751,3963,34
3088,3751,34
3750,3088,34
3089,3750,34
47428,35548,34
12750,47428,34
42771,47960,34
47961,48787,34
48787,48537,34
16227,16226,34
48758,23115,34
27522,27804,34
9982,9793,34
3886,3891,34
5721,37465,34
47061,9982,34
9786,47061,34
6740,6742,34
16535,40651,34
40811,16587,34
48506,42777,34
16571,23338,34
3252,3749,34
42410,13919,34
42409,42410,34
41390,42409,34
3749,3089,34
42781,195,34
51476,39271,34
16203,16205,34
29424,39132,34
51578,5266,34
50894,25335,34
40526,40525,34
522,520,34
14144,14524,34
14524,14155,34
34864,7973,34
7973,8418,34
8418,7804,34
7804,7805,34
7805,7911,34
28598,37039,34
20218,20220,34
24787,50126,34
698,15939,34
20897,39914,34
832,834,34
5385,5386,34
5384,5385,34
523,590,34
39914,39913,34
979,21513,34
15683,23410,34
14167,14174,34
16061,22782,34
25844,26836,34
21378,21357,34
26836,28171,34
28171,25841,34
42994,1670,34
44397,42994,34
2945,44397,34
50130,21321,34
22449,51476,34
25109,23368,34
41132,51560,34
16372,25270,34
44848,44846,34
44846,958,34
16281,15834,34
21321,24787,34
3922,3580,34
5360,5362,34
5358,5360,34
5356,5358,34
5683,5684,34
20898,20896,34
22782,24825,34
16567,16509,34
5452,5451,34
51984,40889,34
496,497,34
25335,22964,34
37616,37615,34
8468,8469,34
29108,29109,34
25644,25645,34
18442,18434,34
25224,25227,34
2395,2143,34
16273,25252,34
43699,49672,34
1166,1259,34
29581,29450,34
13255,44459,34
7028,6064,34
37615,37614,34
39721,43099,34
9213,9221,34
9221,9222,34
2072,16964,34
27543,27539,34
18938,18939,34
43611,43609,34
18939,6341,34
14600,47907,34
18193,7062,34
26098,28673,34
26110,26108,34
27512,27514,34
44327,26684,34
40839,50827,34
40838,40839,34
40837,40838,34
34727,47937,34
47940,8168,34
35548,43525,34
25653,25829,34
27186,25457,34
42814,49503,34
49503,36994,34
15947,22282,34
22719,22948,34
22964,44398,34
12304,12305,34
25457,27177,34
7564,7718,34
42204,8264,34
41861,42204,34
42205,41861,34
2823,38617,34
1685,2823,34
7942,7943,34
38629,1685,34
811,24175,34
5103,40834,34
1048,1042,34
40834,40836,34
40836,40837,34
43099,51400,34
41954,26110,34
8162,8163,34
48141,2356,34
44292,39773,34
6356,5676,34
25778,42097,34
25784,25778,34
39773,42455,34
18103,17989,34
27072,27124,34
24430,24418,34
50246,50248,34
47922,39624,34
39779,48030,34
27120,27072,34
27122,27120,34
27514,27171,34
27433,27122,34
25697,27794,34
28319,12480,34
40155,42888,34
44477,40155,34
4587,4586,34
26391,44477,34
39620,35402,34
44027,25701,34
4584,4587,34
1538,1542,34
12480,12433,34
48210,27512,34
26774,26772,34
18958,2347,34
43818,28800,34
27583,39721,34
27260,27583,34
28670,39620,34
27155,27527,34
27527,43031,34
12975,29482,34
28100,28103,34
11093,11090,34
26523,26379,34
20322,4380,34
25645,26072,34
26379,26391,34
26072,26071,34
15029,24870,34
27792,27795,34
39788,28139,34
38939,29370,34
28139,28149,34
28138,28136,34
28136,39767,34
39767,28126,34
28126,39779,34
50245,41675,34
22218,22219,34
22217,22218,34
8163,34727,34
12557,12304,34
42696,8162,34
10996,11061,34
29350,41132,34
27373,27400,34
25855,27986,34
11487,11674,34
14044,13345,34
27144,12007,34
39398,27200,34
16302,25279,34
11056,11060,34
28784,28783,34
28783,28782,34
11061,11056,34
10991,10996,34
26197,26193,34
27083,27085,34
27501,39507,34
39507,11988,34
27370,27083,34
24072,24137,34
27159,51496,34
22080,22081,34
50728,25709,34
13131,13236,34
41543,39980,34
23165,23166,34
14137,13236,34
39323,27144,34
39642,39216,34
39558,39323,34
11486,11487,34
21512,23019,34
12731,27286,34
22449,51477,34
26967,43476,34
16705,35172,34
19702,6715,34
23713,23551,34
42101,40091,34
49241,11992,34
455,496,34
51276,34476,34
38645,1491,34
34478,34546,34
24648,25120,34
25592,26295,34
25505,42101,34
36316,41133,34
39612,12498,34
4676,5143,34
872,877,34
11673,11486,34
19694,41722,34
43902,43478,34
43478,43900,34
43900,27300,34
25927,26167,34
20746,18040,34
27159,11995,34
19885,4187,34
44841,44324,34
29302,44841,34
22872,16649,34
27518,27534,34
9553,51199,34
49198,14897,34
27534,27196,34
43660,43661,34
6948,6949,34
6947,6948,34
51371,4186,34
27170,27173,34
49787,49745,34
11987,11988,34
11990,11987,34
49757,49759,34
3469,17028,34
4184,51371,34
49745,48938,34
39135,26773,34
27513,11990,34
51627,38635,34
18618,18624,34
19384,21261,34
38637,38634,34
41168,37273,34
21261,5919,34
34714,34996,34
38634,38633,34
14165,29475,34
34996,42696,34
38633,38645,34
28561,39135,34
28641,27911,33
24457,39732,33
39498,27296,33
49077,26966,33
14081,12973,33
48474,49251,33
21059,21069,33
35895,2951,33
27285,28881,33
23018,23631,33
12162,12163,33
16102,16103,33
13935,13920,33
20628,20465,33
19191,19012,33
50407,50403,33
27299,43477,33
43475,49077,33
22246,22152,33
47139,44050,33
41340,43404,33
23376,25100,33
237,240,33
41306,41309,33
42729,22119,33
13236,29521,33
25264,16324,33
23026,22130,33
22130,23035,33
22154,22155,33
51790,18192,33
26202,26195,33
18234,51790,33
50403,44564,33
44052,46875,33
240,210,33
26046,27416,33
210,208,33
43899,43903,33
43477,43899,33
25012,38373,33
50965,39214,33
26073,26059,33
26080,26073,33
26139,48410,33
44017,44052,33
16846,22713,33
22713,35326,33
583,222,33
48410,48412,33
60,16249,33
272,582,33
11267,10079,33
42597,42606,33
10421,11262,33
25899,25900,33
43856,11071,33
3739,3740,33
3235,3739,33
21146,18492,33
48282,24940,33
41161,43805,33
35462,21281,33
5190,4791,33
19575,37146,33
12026,43372,33
39848,15938,33
6341,5662,33
51786,4479,33
18313,41472,33
43706,43804,33
27447,27457,33
43934,4712,33
19189,6382,33
5752,5751,33
5751,40000,33
40000,40001,33
3966,3235,33
19916,5637,33
203,23682,33
5637,5638,33
10884,11746,33
18523,18919,33
43805,43706,33
3740,3237,33
51947,13868,33
720,718,33
34087,16093,33
22286,24748,33
16163,16103,33
42151,19889,33
44006,7344,33
35495,34371,33
10515,10790,33
9222,9125,33
34371,34372,33
16144,16145,33
16145,16146,33
485,720,33
22820,23930,33
43804,41162,33
17989,6573,33
995,937,33
14657,995,33
3233,2993,33
3742,1866,33
3741,3742,33
18494,38664,33
4858,19093,33
18493,18494,33
3238,3741,33
18492,18493,33
3237,3238,33
18490,21146,33
6623,5828,33
6046,6703,33
47984,5266,33
15353,44134,33
19394,21156,33
4506,38560,33
26668,26667,33
26667,28544,33
26657,26664,33
26664,26675,33
26675,26676,33
26676,26681,33
3963,3763,33
35894,38450,33
35893,35894,33
23769,14228,33
14414,14306,33
23054,22182,33
15925,37002,33
41878,22127,33
38390,41878,33
22126,38390,33
7840,34879,33
7894,7840,33
7718,7338,33
15952,37001,33
7337,41447,33
5317,5427,33
40026,10515,33
14304,14414,33
14306,14309,33
34343,34341,33
27073,27350,33
8749,10179,33
21136,18490,33
34341,34338,33
16331,25210,33
34338,34340,33
4771,4726,33
44394,4773,33
4631,44394,33
4594,4631,33
47897,4594,33
7719,8437,33
35424,4948,33
27958,27073,33
14309,14310,33
11120,12975,33
15650,15458,33
15455,15653,33
23355,1031,33
7768,34781,33
3763,3962,33
15562,47875,33
34640,34636,33
18828,18829,33
34638,34640,33
21132,21136,33
21130,21132,33
9647,9694,33
4903,4571,33
15598,16447,33
43968,43965,33
25667,25657,33
35026,34715,33
46,33966,33
22556,22560,33
22560,22561,33
43994,25667,33
51011,51037,33
15431,15435,33
12129,12132,33
34529,34525,33
12280,12197,33
12197,12198,33
12198,12134,33
12134,12139,33
9370,8939,33
10071,10310,33
12139,42412,33
42412,12721,33
12721,12428,33
24861,15616,33
1757,41123,33
51149,34529,33
5947,39149,33
21169,21178,33
51611,3339,33
11917,11801,33
41127,41121,33
18918,18907,33
34156,6720,33
19424,21123,33
48113,26122,33
14532,13097,33
34373,35494,33
48133,21629,33
14348,24859,33
24219,16781,33
24213,16780,33
9623,11928,33
27916,27912,33
18474,18413,33
8325,8326,33
42695,34714,33
51802,50627,33
50627,13053,33
41892,14294,33
34714,34713,33
48120,359,33
29503,14161,33
26935,25844,33
34728,8170,33
43186,40163,33
11285,11284,33
36797,11069,33
4888,20385,33
12880,42261,33
13730,38945,33
16958,17223,33
35494,34365,33
7436,7448,33
7445,7434,33
46514,47145,33
41121,43968,33
44139,21169,33
5628,5629,33
8472,8484,33
47995,2356,33
10944,10941,33
10321,10774,33
23071,23158,33
10774,34268,33
12299,44503,33
37201,20608,33
18505,18546,33
8485,8475,33
8484,8485,33
8996,10944,33
13430,13257,33
41785,4179,33
48114,27623,33
51278,51935,33
20607,37201,33
34268,9647,33
43811,42722,33
52030,15604,33
28313,28341,33
44805,43814,33
9939,9930,33
38867,44805,33
16459,16460,33
9930,9931,33
16458,16459,33
43887,43886,33
28471,25829,33
18359,44166,33
25829,26078,33
43741,16458,33
16456,43741,33
43513,1644,33
10938,10940,33
17236,1562,33
41716,5917,33
26078,25659,33
10941,10938,33
6060,7036,33
43965,43964,33
17044,42807,33
35410,35412,32
4565,35410,32
35412,35414,32
26781,26779,32
41742,4728,32
50818,34113,32
35414,35417,32
26779,26777,32
22533,22539,32
34113,22533,32
26777,28245,32
35417,35418,32
49561,35335,32
35418,6862,32
44676,44678,32
50066,50818,32
5675,5674,32
5676,5675,32
6108,20784,32
44678,16976,32
35470,35423,32
35466,35468,32
35465,35466,32
42433,4636,32
6858,50521,32
28144,28130,32
4548,6858,32
35420,4548,32
6315,35420,32
4636,49556,32
49556,49562,32
6859,6315,32
6862,6859,32
49879,44677,32
49562,49561,32
15610,50066,32
44677,44676,32
35468,35470,32
13219,13221,32
22539,24803,32
7062,37625,32
4525,5015,32
44001,50772,32
3775,3104,32
3104,2686,32
2686,3094,32
3094,3776,32
39018,7036,32
27510,11998,32
1134,2838,32
29031,28867,32
28866,29031,32
51622,51616,32
24803,24486,32
1208,1205,32
38393,12975,32
1641,1166,32
27226,27222,32
2633,41946,32
38743,21027,32
38744,38743,32
4702,4865,32
4701,4200,32
39062,3775,32
3774,39062,32
3943,3774,32
17326,3943,32
2767,3766,32
35716,41490,32
3766,2073,32
2073,3767,32
3767,2074,32
28093,43365,32
2074,3768,32
3768,2687,32
2687,2075,32
2075,2683,32
2683,3769,32
22462,22339,32
3769,2684,32
2684,3770,32
3770,3771,32
3771,3772,32
3772,3773,32
3773,3942,32
3942,17326,32
15781,16075,32
1259,16996,32
50772,28865,32
40793,41165,32
301,49935,32
50031,24327,32
49935,317,32
50046,50031,32
37099,50044,32
37097,37099,32
35325,37097,32
22465,35325,32
50038,24799,32
5075,4561,32
50047,50038,32
24806,50047,32
422,797,32
424,422,32
24486,24487,32
44425,5070,32
51629,1460,32
5029,4475,32
5015,5029,32
27795,27920,32
42715,43700,32
14284,29433,32
8905,35683,32
20372,40516,32
40516,19575,32
27544,27542,32
39762,23763,32
50175,37611,32
46568,5570,32
37611,37610,32
42495,27791,32
37610,37609,32
37609,18155,32
34963,7473,32
37625,37624,32
315,313,32
2904,1260,32
313,312,32
312,38673,32
302,304,32
28153,26434,32
35683,40741,32
41217,34963,32
28693,27226,32
7470,7475,32
23340,16565,32
49782,51654,32
49757,49762,32
49762,49785,32
49785,42708,32
29080,29081,32
24233,42773,32
23044,23045,32
42773,36830,32
36830,36831,32
23046,23073,32
23224,21321,32
29077,29078,32
17808,6541,32
6541,17815,32
17815,17818,32
47932,49498,32
29221,44291,32
49498,49526,32
49526,49518,32
49518,49566,32
49566,48512,32
17040,1790,32
20892,19134,32
50498,50497,32
19155,20907,32
49749,49782,32
16207,25218,32
27526,28087,32
25218,25219,32
28081,43349,32
44138,20958,32
27481,27143,32
27143,27193,32
27193,27192,32
27528,44859,32
44403,40742,32
40605,40626,32
40610,40605,32
40614,40610,32
43586,48974,32
19040,19054,32
35136,35134,32
35137,35136,32
35140,35137,32
51084,4197,32
10594,10417,32
9740,10594,32
43305,38652,32
51115,1600,32
43711,12590,32
22817,33943,32
16116,16412,32
25217,16115,32
25219,25217,32
20918,20916,32
13501,50501,32
20915,20918,32
50534,24468,32
48053,25553,32
15416,21778,32
21778,23751,32
19537,19706,32
25587,25588,32
16625,16611,32
26109,26111,32
1228,1197,32
20460,19537,32
19705,20460,32
20610,19566,32
20459,20610,32
20243,20459,32
20242,20243,32
20198,20242,32
20197,20198,32
48074,48069,32
22041,48074,32
29354,13182,32
4762,4863,32
48134,16061,32
51331,5496,32
5661,5662,32
20196,20197,32
6080,20196,32
48231,25938,32
16087,15563,32
38903,12279,32
41120,41126,32
42715,49751,32
49933,13482,32
14544,13694,32
13731,14544,32
14203,14190,32
14156,14203,32
14155,14156,32
28289,12788,32
12798,28289,32
41122,4129,32
41126,41128,32
43962,41120,32
21166,20819,32
28450,28439,32
43961,43962,32
43963,43961,32
19597,4220,32
18193,21286,32
25826,47864,32
19361,41784,32
27527,48256,32
41132,11289,32
5026,4922,32
20819,18440,32
28087,28081,32
40626,40601,32
50466,50744,32
8907,8908,32
40806,34073,32
25739,26850,32
26850,26655,32
13362,13319,32
44158,16205,32
7492,7472,32
36111,17256,32
17479,3861,32
3861,17366,32
41133,42845,32
7484,7488,32
48060,1109,32
3292,51628,32
51628,17451,32
17451,17415,32
17437,40889,32
22299,23529,32
23529,23530,32
21920,22637,32
23530,23531,32
1168,47975,32
29218,26606,32
1656,49330,32
34735,42148,32
42148,42147,32
22357,40806,32
8908,8910,32
40601,40603,32
26192,26195,32
36441,9048,32
37687,29310,32
14165,14394,32
13287,29343,32
26264,25806,32
26177,26192,32
24383,22576,32
24381,24383,32
20166,4185,32
6764,6765,32
3840,2050,32
2572,3327,32
6765,4169,32
44391,46476,32
46476,27245,32
27248,27579,32
9062,10687,32
27449,27448,32
1438,17479,32
42475,42476,32
42473,42475,32
25941,44147,32
8921,42473,32
46823,8921,32
8926,46823,32
42147,34736,32
34736,34738,32
21013,19434,32
14363,14393,32
25554,26190,32
26191,25554,32
26193,26191,32
28296,43571,32
41840,42104,32
42104,26398,32
19733,37271,32
26398,40137,32
40137,42888,32
5048,48181,32
51863,50187,32
28156,27377,32
16335,48561,32
38652,16335,32
40615,19039,32
40609,40613,32
40608,40609,32
24113,24118,32
24106,24103,32
40603,40608,32
22267,24932,32
11939,39508,32
39508,27500,32
27201,39397,32
39397,39557,32
50053,49771,32
49771,49779,32
25081,25123,32
42658,44501,32
6056,51084,32
6055,6056,32
21628,6,32
6054,6055,32
40622,40620,32
40623,40622,32
19060,40623,32
20929,19060,32
20928,20929,32
15677,15397,32
19039,20928,32
106,42658,32
49779,49742,32
21499,106,32
14310,14311,32
14311,29581,32
41841,41839,32
41839,41963,32
41963,43936,32
43936,42245,32
42245,41965,32
41965,45016,32
26606,26684,32
49742,49787,32
17366,3292,32
14513,14158,32
5651,5653,32
145,21375,32
19474,37628,32
966,49004,32
49004,145,32
12975,13295,32
6401,18036,32
44491,42506,32
3385,44491,32
6564,5821,32
20175,40494,32
22905,24129,32
10083,51846,32
51846,8795,32
10444,48500,32
23057,23168,32
34429,34427,32
44001,50764,32
34427,34426,32
26454,44001,32
37628,37627,32
18431,6057,32
37627,20850,32
149,966,32
43343,2875,32
3727,43343,32
21420,21611,32
2342,3727,32
1733,2342,32
2689,1733,32
1734,2689,32
23166,22196,32
28745,28744,32
21611,153,32
48079,3368,32
153,152,32
21604,21616,32
21616,21615,32
21615,150,32
150,149,32
18300,4193,32
7290,20212,32
50681,750,32
224,42684,32
5279,6339,32
25519,28920,32
25599,25519,32
25607,25599,32
8293,8294,32
43494,37570,32
49615,43494,32
26366,25607,32
28923,26366,32
25651,28923,32
15936,39846,32
43758,43746,32
23234,23777,32
5389,5390,32
27505,12341,32
7974,7897,32
3234,1948,32
28600,27595,32
44367,16283,32
16375,15835,32
28103,28112,32
28920,28949,32
580,299,32
48585,49385,32
301,317,32
48621,48585,32
34421,34807,32
5337,48621,32
5762,5336,32
23293,16619,32
38380,13268,32
15168,22386,32
15183,15168,32
17904,17919,32
12015,28670,32
13112,13044,32
492,25348,32
23319,16292,32
28949,44105,32
35713,21420,32
24129,24173,32
38392,55,32
13274,49731,32
26789,28263,32
26786,26785,32
38897,15427,32
41306,41307,32
25677,15476,32
16172,16228,32
25266,48561,32
16582,741,32
25581,41951,32
2875,3545,32
26785,26788,32
26788,28264,32
39619,39621,32
28264,26793,32
26793,26797,32
23123,49170,32
3873,35079,32
22235,333,32
42621,51039,32
5916,5976,32
23340,16574,32
42434,5916,32
5842,5841,32
5840,5839,32
19487,5842,32
26824,12346,32
9791,9785,32
12346,28201,32
24095,21398,32
28201,26819,32
21361,24095,32
28203,26810,32
9790,9791,32
15664,16103,32
9799,9790,32
26810,28567,32
28567,28199,32
15380,49171,32
4477,4570,32
47975,2657,32
1695,3873,32
50903,47934,32
11160,24791,32
44700,291,32
40494,40491,32
43254,34240,32
28315,29065,32
21001,18300,32
29065,29055,32
29055,29049,32
48495,287,32
48943,28638,32
2790,17409,32
2789,2790,32
281,48497,32
49504,43254,32
3546,2789,32
294,277,32
3545,3546,32
23577,23707,32
13246,33943,32
40491,20768,32
18692,18668,32
1274,17462,32
5237,5238,32
15414,13204,32
16519,16495,32
19900,20601,32
23984,23988,32
23983,23984,32
21940,23997,32
24134,21870,32
23072,23025,32
48894,1828,32
49552,24717,32
47911,19486,32
49418,27344,32
214,40895,32
40895,40898,32
1833,1835,32
2698,2771,32
10779,10274,32
5841,5840,32
15898,25081,32
38679,29041,32
16847,45,32
45,42772,32
29041,29026,32
29026,29042,32
27388,27994,32
49250,11037,32
15436,47870,32
47870,16061,32
23112,23113,32
29042,29030,32
11037,11032,32
15626,15617,32
5493,19253,32
17594,5575,32
40737,21402,32
22091,40737,32
23102,16897,32
49252,41664,32
49295,17686,32
133,23102,32
17723,17720,32
17739,17729,32
25315,25316,32
25314,25315,32
29582,13375,32
23809,38375,32
15780,25364,32
16815,642,32
23033,23034,32
39781,28142,32
2081,2082,32
41490,41493,32
27222,27240,32
28234,26763,32
3328,2045,32
13006,45027,32
45027,45029,32
374,351,32
51222,39017,32
24514,24515,32
24515,24516,32
15115,15151,32
34525,34522,32
9082,9770,32
43885,43884,32
39322,44937,32
29013,39338,32
39980,29013,32
28141,44288,32
11470,11289,32
2077,2063,32
44514,44512,32
44512,44509,32
44509,44507,32
2076,2077,32
3653,2076,32
2082,3653,32
35587,7543,32
17722,17727,32
34218,35844,32
2496,2108,32
33880,42651,32
18032,18001,32
6588,49307,32
25327,24198,32
877,16583,32
25419,23408,32
8217,7897,32
15621,23308,32
11049,11051,32
23242,23864,32
11047,11049,32
10894,11046,32
21730,21558,32
21919,22851,32
42651,25327,32
48262,22672,32
15906,23308,32
17692,17719,32
22851,25363,32
44943,39781,32
23860,23854,32
17,23658,32
3894,2409,32
19791,19497,32
33942,34119,32
28355,28360,31
42273,42265,31
49009,41869,31
13834,42273,31
42261,13260,31
20291,20203,31
41869,49033,31
42265,43229,31
7763,7672,31
49033,49053,31
49053,49015,31
35362,41714,31
24850,15988,31
26640,26637,31
42987,1097,31
35034,35036,31
8187,34695,31
44502,12091,31
26709,28517,31
39784,44943,31
36100,1247,31
16147,28637,31
48914,28799,31
15413,29342,31
17990,6620,31
35036,8187,31
8226,35034,31
12590,35276,31
18696,7197,31
12845,13827,31
40537,40885,31
43229,13828,31
28037,28039,31
28039,28058,31
28058,28056,31
48412,48057,31
19578,19857,31
24219,24214,31
15641,15640,31
354,599,31
26681,26674,31
50923,39741,31
36026,36025,31
38267,38286,31
38286,17237,31
46420,830,31
4230,19810,31
19810,20278,31
20278,19782,31
21589,29342,31
19706,50923,31
41887,41885,31
41885,41883,31
41883,14491,31
29556,14404,31
14392,38955,31
14402,14392,31
19860,40524,31
13827,29319,31
29327,13807,31
13805,12983,31
21593,21432,31
14404,14402,31
29555,29556,31
42512,39637,31
13086,29555,31
34695,8414,31
570,569,31
27981,28037,31
36980,10840,31
4095,4132,31
48057,25553,31
16793,16780,31
19857,19858,31
40128,40127,31
13424,13116,31
43848,43852,31
10086,11878,31
18054,6401,31
26872,12740,31
22238,22254,31
11757,9960,31
10485,9835,31
20108,6707,31
9839,39143,31
12546,12280,31
12551,12546,31
12136,12551,31
12388,12136,31
22566,22567,31
5629,5630,31
47983,27623,31
12408,12268,31
24755,15625,31
6706,20108,31
23534,15988,31
44458,13356,31
13992,13219,31
40127,41844,31
20214,17949,31
43304,16237,31
580,21790,31
38673,319,31
24696,16390,31
6831,6832,31
6830,6831,31
6792,6830,31
49078,27215,31
40129,40128,31
41784,18116,31
5229,19911,31
5228,5229,31
5227,5228,31
5226,5227,31
40130,40129,31
15219,29450,31
35134,35131,31
40164,40130,31
5630,5631,31
1365,48297,31
8326,34861,31
10953,9034,31
9034,41662,31
34861,8226,31
49474,49009,31
47846,25938,31
10593,9741,31
23123,49169,31
13268,13079,31
26849,25826,31
7619,49800,31
13601,13268,31
13356,13178,31
49250,11035,31
5095,35362,31
18823,18825,31
10416,10593,31
11478,10415,31
22608,22306,31
12833,42877,31
22895,23596,31
6755,6756,31
40536,43595,31
6756,6757,31
16298,16404,31
8105,8184,31
13358,13700,31
38508,4093,31
12164,12352,31
12543,29052,31
13286,14332,31
25918,25975,31
44757,40164,31
49454,49061,31
49061,49474,31
34715,8325,31
39629,48090,31
4568,4624,31
14468,14469,31
22784,22785,31
17209,1210,31
357,361,31
22999,34057,31
35338,49538,31
49538,49530,31
49530,4632,31
19349,19350,31
15274,15267,31
4632,4631,31
4631,42431,31
4948,42560,31
42560,42557,31
42557,35464,31
4630,6855,31
6855,35421,31
35421,4549,31
4549,4505,31
6326,6155,31
6155,6314,31
6314,7026,31
7026,6863,31
323,42786,31
22075,49843,31
48518,262,31
43743,48518,31
11080,36797,31
23448,23453,31
10647,11399,31
11422,49703,31
4513,4729,31
17210,17209,31
24859,742,31
48073,49958,31
5488,5489,31
4633,4195,31
25940,27794,31
570,35115,31
5059,4945,31
17212,1315,31
9802,47311,31
18312,21057,31
21065,18312,31
41936,20739,31
16093,22783,31
47311,9875,31
24927,23680,31
49960,48073,31
7827,37507,31
5684,5692,31
21072,21065,31
15938,15183,31
36993,39848,31
5642,5643,31
5295,50024,31
50024,20739,31
15928,22546,31
35035,34864,31
5460,5459,31
39842,15954,31
25335,24265,31
21074,21072,31
49703,9914,31
5522,18596,31
51987,5063,31
8241,8331,31
46712,39629,31
10940,8998,31
1901,2568,31
13356,23098,31
48671,34369,31
1870,2559,31
10287,9046,31
2559,1891,31
1891,1902,31
1902,1913,31
1913,1956,31
2496,2110,31
2110,2111,31
11347,48742,31
27418,46712,31
25659,28914,31
28914,26075,31
26071,40114,31
8148,42971,31
24520,24521,31
24519,24520,31
40776,13090,31
42695,34713,31
787,29383,31
26149,26170,31
26096,26149,31
26502,26700,31
25900,26096,31
42882,13214,31
35404,27418,31
20893,20894,31
72,22983,31
19139,20893,31
5754,5753,31
11191,41394,31
5484,5485,31
11194,11191,31
41395,11194,31
11206,41395,31
41133,11206,31
19831,6763,31
18945,18938,31
43702,43703,31
16252,25012,31
24265,72,31
16203,51776,31
24748,878,31
4526,4523,31
4469,4526,31
43710,43702,31
40794,43710,31
704,484,31
722,704,31
13221,13758,31
13758,14564,31
4470,4729,31
38805,3699,31
34801,34810,31
2414,3950,31
34047,21327,31
22783,22784,31
5641,5642,31
19023,5756,31
4609,4610,31
4582,4583,31
4583,4606,31
4606,4607,31
17271,35407,31
26223,26243,31
4057,4058,31
12165,12356,31
36847,36864,31
8185,36847,31
34307,20290,31
6382,17962,31
17962,19023,31
8910,11414,31
22437,22434,31
47894,21589,31
23152,21475,31
42476,42477,31
34802,35495,31
14423,43839,31
8498,34802,31
14354,29423,31
8501,8498,31
34365,8501,31
4610,4582,31
4624,4611,31
25900,26093,31
10173,10177,31
1208,1176,31
14408,14468,31
14406,14408,31
14405,14406,31
14403,14405,31
29497,14403,31
14393,29497,31
34325,28977,31
25711,25878,31
25682,25711,31
25829,25682,31
24441,24436,31
24123,24120,31
34754,8075,31
16119,16120,31
48245,6057,31
37179,18421,31
25965,16119,31
26007,25965,31
34776,42205,31
48129,18489,31
16108,16113,31
28341,35197,31
28854,25900,31
9553,7381,31
26059,48005,31
27173,11990,31
34404,34373,31
11824,9966,31
27901,27899,31
9317,38680,31
38680,9898,31
13250,13251,31
9707,34238,31
49473,29401,31
3345,2816,31
3344,3345,31
3343,3344,31
26,16869,31
3339,2676,31
24392,24928,31
18488,18474,31
16380,16379,31
23596,47837,31
26057,26056,31
25841,28173,31
22785,26,31
14027,13338,31
48005,26057,31
21769,15897,30
6107,6746,30
24394,42465,30
42465,24928,30
44833,8781,30
50468,15688,30
48411,48413,30
23257,39311,30
9937,9929,30
11424,44833,30
41512,46628,30
42663,41512,30
13247,13979,30
37388,37380,30
25058,22357,30
27896,27875,30
27875,27884,30
27280,26964,30
28420,28421,30
27450,12005,30
40889,51633,30
28406,28420,30
27124,27425,30
1381,17244,30
41514,42663,30
1176,41514,30
41516,1158,30
51984,51612,30
51642,51984,30
43300,16237,30
7604,50773,30
14101,14092,30
37205,19528,30
3402,2374,30
39632,39633,30
39631,39630,30
43369,48411,30
14787,42313,30
36031,2969,30
51633,51642,30
51921,13143,30
19526,37205,30
24480,24430,30
26724,26711,30
48066,28799,30
21382,21426,30
43774,12004,30
15487,40041,30
19198,6382,30
41118,40907,30
25291,43308,30
41674,22182,30
27975,27966,30
23508,23503,30
25930,43369,30
23453,15489,30
6757,6758,30
48491,47303,30
42443,44870,30
47303,44435,30
38981,27476,30
21818,24178,30
15626,41264,30
27134,27375,30
48939,48938,30
44861,43504,30
44435,44439,30
27522,44861,30
6746,6763,30
19999,51694,30
7562,36927,30
39567,42661,30
9008,9019,30
25424,23420,30
23420,33911,30
41137,11469,30
19528,19531,30
27343,49392,30
51124,49591,30
27791,27896,30
26196,25541,30
38118,356,30
34107,23777,30
41749,41764,30
49237,48333,30
44870,49237,30
16489,50494,30
42546,50264,30
28800,43761,30
27094,28614,30
50264,315,30
23723,25013,30
23368,23239,30
9250,9440,30
11539,9250,30
16248,23723,30
23500,23445,30
38551,9879,30
11469,38551,30
33911,23500,30
4135,4136,30
42661,27661,30
23748,24093,30
18703,47879,30
46978,46310,30
4656,4520,30
23534,23208,30
5796,5799,30
5799,5798,30
6832,6833,30
6833,6794,30
6794,18020,30
41892,29466,30
16642,16641,30
11081,44961,30
16641,23287,30
48346,25635,30
25832,25763,30
5013,4911,30
4513,41742,30
19664,21294,30
74,25336,30
9332,9894,30
16611,16506,30
16523,35320,30
12305,12559,30
18876,18880,30
16309,49322,30
18880,18881,30
19834,18916,30
39748,7013,30
48071,50696,30
49427,48071,30
43357,26807,30
25847,26820,30
6016,37613,30
38915,6016,30
37614,38915,30
28407,28408,30
38742,38745,30
5088,5169,30
988,14657,30
24426,988,30
4817,4475,30
1527,1525,30
40517,40512,30
1548,1547,30
45005,1548,30
22598,25041,30
21817,21811,30
25041,21660,30
21337,34114,30
5026,4911,30
20643,37616,30
28392,28417,30
34114,50515,30
21881,22819,30
19472,19899,30
24743,24179,30
5520,37618,30
37618,18085,30
18041,37617,30
50515,16895,30
16895,48457,30
37617,34306,30
34306,20643,30
41261,25809,30
12589,39639,30
43301,23259,30
11897,9914,30
19476,18690,30
25362,42322,30
2364,3532,30
23146,23084,30
23188,23071,30
5942,5944,30
2826,2815,30
42771,49967,30
17953,5942,30
17958,17953,30
6646,17958,30
6900,19454,30
3531,1835,30
1833,3531,30
3849,1828,30
2698,17352,30
3875,3849,30
3868,3875,30
17348,3868,30
3249,17348,30
17347,3249,30
3934,17347,30
24031,24033,30
8086,34546,30
5109,4628,30
4672,5109,30
4602,4672,30
4595,4602,30
4519,4595,30
28693,27222,30
15380,47829,30
23322,23324,30
36243,41133,30
15841,25261,30
16397,16481,30
49413,26597,30
25363,21920,30
51269,25314,30
25316,25318,30
27664,27658,30
39142,10048,30
10045,10043,30
13893,12937,30
19215,19031,30
19214,19215,30
36914,1690,30
16652,15717,30
5542,35255,30
16665,16652,30
11806,10452,30
34141,16665,30
25095,34141,30
24190,25127,30
16318,16319,30
50771,26846,30
14474,41888,30
13692,12881,30
12918,13936,30
40450,15815,30
50577,10791,30
35255,35256,30
38745,4705,30
4705,4866,30
4866,4701,30
3550,43342,30
46507,47161,30
47161,44831,30
2791,2947,30
2947,2793,30
2793,3554,30
3059,3056,30
3056,3057,30
3057,3058,30
3058,2998,30
2998,2785,30
2785,3553,30
3553,3001,30
3001,2787,30
44831,50127,30
17409,3323,30
43342,43341,30
43341,3728,30
3728,2691,30
14426,13160,30
2691,2688,30
35710,164,30
44174,41749,30
8767,11385,30
11383,8767,30
10965,42558,30
11381,11383,30
11306,11381,30
38829,11306,30
3323,2791,30
46310,46507,30
44581,8881,30
44976,44973,30
44498,41371,30
16579,44498,30
23164,22194,30
5267,5673,30
22194,22195,30
34420,34421,30
50694,750,30
34422,34420,30
22195,22196,30
50518,44977,30
5313,5380,30
5393,5394,30
44977,44976,30
5392,5393,30
25910,25911,30
5391,5392,30
5504,5391,30
14897,14966,30
11072,48352,30
49209,22356,30
34282,50094,30
36896,13322,30
50094,46241,30
18546,18550,30
20912,4199,30
46241,46978,30
14883,14870,30
21619,21601,30
11303,38829,30
462,476,30
24013,22776,30
14166,14369,30
34250,5930,30
4251,4246,30
14328,13878,30
19416,21127,30
21116,19416,30
16788,16789,30
15585,16458,30
16458,15584,30
7023,18627,30
27163,51496,30
51496,12341,30
15547,15548,30
15546,15547,30
27530,44859,30
20838,20845,30
2573,3437,30
47862,25540,30
21231,5007,30
2011,2132,30
878,873,30
2109,1960,30
38880,38879,30
49182,38880,30
23909,23911,30
36814,49182,30
8122,34707,30
23987,23985,30
22776,24010,30
20839,20838,30
20845,20836,30
49283,22372,30
41367,40555,30
49250,11032,30
51935,51280,30
41947,2578,30
16924,4093,30
4149,16924,30
19036,6275,30
40556,38305,30
11028,11035,30
23054,22131,30
24931,593,30
38307,38306,30
40555,38307,30
28306,28313,30
15744,15745,30
20836,39197,30
39160,41488,30
38310,22557,30
34522,34526,30
34526,34513,30
34513,34516,30
34516,34527,30
34527,34517,30
34517,34518,30
831,42313,30
34518,34521,30
4244,19337,30
48914,28638,30
39197,19752,30
4520,4519,30
10056,11426,30
3986,3144,30
2417,2418,30
5998,20607,30
22099,16684,30
1798,1799,30
17023,1798,30
2775,2776,30
48012,48008,30
46601,48012,30
25577,46601,30
2774,2775,30
2421,1795,30
2420,2421,30
2418,2420,30
1794,2417,30
6225,6226,30
3144,1271,30
4211,44137,30
44703,48462,30
18233,18883,30
49674,36041,30
49677,49674,30
49797,7561,30
40611,40613,30
15719,21799,30
40606,40611,30
40604,40606,30
40602,40604,30
40615,19040,30
35131,35130,30
15335,15270,30
4624,5016,30
7157,6336,30
26321,26556,30
26556,26565,30
26565,42097,30
42726,1758,30
22440,33880,30
39764,22440,30
4504,41935,30
23671,39764,30
48885,23671,30
4811,4504,30
5016,4811,30
40878,4761,30
35130,35128,30
27505,27161,30
27161,39519,30
27529,28076,30
28076,28077,30
28077,27195,30
359,14751,30
4796,4737,30
26243,26247,30
4893,4796,30
26225,25921,30
42236,42237,30
35128,35125,30
40607,40602,30
40612,40607,30
40614,40612,30
37,15431,30
44143,24262,30
16147,25688,30
12296,12298,30
6042,5085,30
51980,11386,30
11386,8624,30
1169,48351,30
10995,8991,30
8995,8997,30
12983,13856,30
49221,51479,30
51478,49221,30
7325,38148,30
19061,19054,30
40503,40502,30
21087,21095,30
5903,5902,30
5904,5903,30
19048,5904,30
23310,22396,30
3797,3548,30
36895,13320,30
8943,10097,30
19129,19121,30
10334,8943,30
50864,50865,30
41133,12975,30
36404,41133,30
3582,2650,30
26669,25733,30
19055,19061,30
21321,15624,30
1562,1569,30
27787,25698,30
2381,3847,30
7213,18601,30
15846,15512,30
15512,15510,30
15510,15511,30
24861,35287,30
15511,50340,30
23653,24861,30
50159,50163,30
29473,29440,30
50161,50159,30
49751,49774,30
49774,49786,30
48453,49775,30
49775,49778,30
12803,28309,30
16535,16643,30
35201,28450,30
16574,16591,30
3580,3581,30
3581,3582,30
21597,22086,30
50690,750,30
35020,7567,30
26642,28549,30
44073,8059,30
41953,41955,30
21688,24309,30
41951,41953,30
24826,24811,30
26630,26636,30
50827,4663,30
14469,14409,30
50732,25709,30
24431,837,30
41393,41964,30
14409,14410,30
20585,42596,30
49749,49744,30
6883,41188,30
49744,49756,30
7507,7653,30
16563,16591,30
24811,21690,30
14410,14411,30
49773,48450,30
43974,43972,30
4562,43974,30
14411,14371,30
16588,16551,30
22516,24810,30
16551,16536,30
15270,15269,30
21597,15277,30
8489,7652,30
48451,48453,30
845,23759,30
40621,40624,30
12818,25092,30
17925,17932,30
40617,40621,30
14809,15336,30
16494,16524,30
24145,24159,30
4568,4943,30
24783,15699,30
24013,24006,30
40624,19055,30
24036,24784,30
4033,4032,29
11168,11170,29
51248,21193,29
50127,44222,29
11253,11168,29
1186,4033,29
11170,11173,29
44222,44167,29
1634,4034,29
21325,23113,29
42468,934,29
51597,11208,29
11173,11180,29
11180,11190,29
11190,11192,29
11193,51597,29
11162,11253,29
11192,11193,29
19953,20291,29
1143,1153,29
23755,15625,29
42772,15436,29
49330,2657,29
44598,28239,29
47102,16909,29
28479,28424,29
50698,41855,29
12641,50698,29
25861,12641,29
34313,34311,29
7413,34313,29
40114,40104,29
29274,25861,29
40104,40115,29
40116,48473,29
48473,41961,29
36892,13356,29
16068,42513,29
43819,49384,29
18567,20933,29
8321,7958,29
10928,10922,29
10927,10928,29
40742,10950,29
11277,11280,29
11276,11277,29
8981,11276,29
42513,42511,29
15616,23755,29
47978,24861,29
21193,19417,29
40509,39759,29
40510,40509,29
25326,40510,29
11280,11278,29
28572,44598,29
16928,1561,29
7905,36845,29
21070,18203,29
5386,5387,29
5387,5388,29
48830,48592,29
5388,5389,29
21211,21209,29
44595,44593,29
4206,18235,29
15436,47873,29
6951,40283,29
34057,51476,29
13857,13862,29
13910,29346,29
51476,22449,29
8294,7905,29
19350,19351,29
3548,3521,29
19296,19299,29
13898,13905,29
19299,19301,29
50037,5641,29
5643,5644,29
5644,5645,29
5645,5648,29
5648,5649,29
5649,42525,29
42525,5650,29
5650,5651,29
13895,13898,29
7443,7417,29
19351,19352,29
51062,51059,29
16929,16928,29
20222,20204,29
4132,16929,29
51962,19427,29
51236,51248,29
24850,16147,29
18440,51962,29
29132,12180,29
22184,22185,29
27804,43819,29
8624,8627,29
8627,44745,29
44745,8737,29
8737,11300,29
11300,44746,29
34538,34532,29
17282,1460,29
41131,41130,29
39637,39271,29
51249,51236,29
51241,51249,29
51060,51241,29
51059,51060,29
4036,17213,29
50258,19391,29
25416,33907,29
24584,24443,29
4195,21111,29
21111,21083,29
11605,11568,29
43194,50225,29
44249,43194,29
29043,29274,29
9553,50399,29
22185,22186,29
24932,48417,29
40502,5535,29
21177,21174,29
18679,21177,29
10647,10112,29
44547,44545,29
44545,44544,29
44544,44543,29
44543,44542,29
44542,43144,29
18121,50175,29
37613,37612,29
10112,10116,29
679,14598,29
10116,9997,29
27476,28068,29
5536,5537,29
28068,35690,29
35690,35689,29
34370,8499,29
35125,35124,29
8499,8500,29
8500,34404,29
24756,16186,29
42400,47879,29
20283,20864,29
38304,769,29
28409,28406,29
28416,28391,29
10594,11812,29
11821,10594,29
5535,5536,29
34368,34370,29
6080,19702,29
43604,43746,29
20802,20803,29
47845,44888,29
44888,42460,29
20803,6065,29
19531,42653,29
6065,20804,29
39147,50110,29
21015,21017,29
4474,5079,29
5079,5080,29
5080,4523,29
43746,432,29
24958,14832,29
38659,14828,29
39790,39787,29
38921,43510,29
1178,1177,29
15218,15220,29
39899,5892,29
39904,39899,29
39891,39904,29
39907,19124,29
15220,679,29
19154,20906,29
4268,5539,29
26936,26938,29
10985,10990,29
20887,4268,29
41170,35685,29
5537,5538,29
40798,858,29
34669,34556,29
22186,22187,29
9048,44887,29
28220,28561,29
2406,17040,29
2387,2813,29
34372,48671,29
26604,39133,29
29030,29240,29
29240,12591,29
12591,12595,29
28867,29049,29
7453,7448,29
7448,7410,29
34822,34667,29
8207,34822,29
34607,8207,29
23552,34125,29
28559,28560,29
34125,34126,29
20801,20802,29
38533,38532,29
19615,4703,29
34126,23558,29
20986,5019,29
22187,23024,29
11073,41168,29
7410,7412,29
37782,28310,29
44503,29018,29
43087,43088,29
12596,29044,29
29044,29043,29
28560,28220,29
8468,22062,29
40797,846,29
48342,24390,29
828,14730,29
39228,828,29
50138,44500,29
4975,4666,29
14413,29562,29
50110,50135,29
23788,34076,29
42478,8920,29
14591,33843,29
15380,15372,29
42479,42478,29
42477,42479,29
14412,14413,29
15306,15381,29
24668,15631,29
26763,28559,29
14372,14412,29
48089,15746,29
14371,14372,29
3999,42810,29
42721,43810,29
16460,16461,29
27222,27859,29
43813,44806,29
24775,24668,29
44806,38866,29
51783,51714,29
1790,17044,29
47853,26660,29
28233,28234,29
18239,4703,29
50135,19529,29
36036,36037,29
37685,29310,29
41323,43404,29
50888,45035,29
41898,50888,29
14166,41898,29
14473,14429,29
14427,14473,29
14425,14427,29
14811,137,29
14293,14425,29
5793,5794,29
14297,14300,29
22215,22216,29
51466,51456,29
7877,7878,29
7878,7836,29
41893,51466,29
7836,34862,29
34862,34823,29
34823,35030,29
35030,34878,29
18625,18609,29
35197,28355,29
5794,5795,29
27827,50186,29
5797,5796,29
49965,49639,29
1071,1048,29
28617,25753,29
45035,45034,29
41340,41342,29
24535,51586,29
41342,41323,29
1849,2803,29
11304,10677,29
38136,16993,29
16994,2807,29
1904,2714,29
18549,6057,29
22203,22215,29
51195,18470,29
50186,27834,29
41844,40163,29
11305,11304,29
8770,11384,29
9133,8770,29
9197,9133,29
11385,9197,29
26056,26046,29
50396,44340,29
8292,8293,29
6836,6837,29
5828,18072,29
18047,6623,29
6769,6771,29
6393,6769,29
4357,4356,29
6838,6839,29
893,24481,29
6837,6838,29
34885,41175,29
34828,34885,29
6835,6836,29
41307,41309,29
39128,23147,29
6834,6835,29
18027,6834,29
6620,18027,29
41781,22182,29
26544,27836,29
47433,5542,29
27665,27666,29
22418,22346,29
22346,77,29
14416,12933,29
4726,4889,29
41188,50125,29
24482,808,29
42729,23146,29
23146,23083,29
44318,50396,29
21513,44318,29
42598,20574,29
27154,27531,29
4212,4195,29
18383,4212,29
27910,26567,29
39792,39776,29
47929,25938,29
47179,41194,29
16146,16162,29
24436,24434,29
46504,47179,29
50072,50819,29
50819,48893,29
50134,46504,29
50125,50134,29
6464,6465,29
6408,6464,29
1048,3589,29
11384,11305,29
21504,22758,29
22758,21505,29
48760,21504,29
15616,23883,29
5923,5759,29
12932,14549,29
16887,16888,29
23073,23054,29
23072,22177,29
16888,16882,29
22177,23024,29
42501,48760,29
21797,42501,29
21470,21472,29
10420,10173,29
19328,19331,29
19330,19328,29
21646,51851,29
5759,5491,29
19245,19221,29
19220,19245,29
8291,8292,29
16886,16887,29
24025,24029,29
16884,16886,29
6373,5342,29
43947,5469,29
43595,50217,29
5725,5433,29
5541,47433,29
21505,15613,29
18713,19384,29
5919,5924,29
19551,35253,29
14252,14250,29
5924,5921,29
14236,14241,29
23756,23876,29
43567,44630,29
43979,16388,29
41313,41331,29
40496,20890,29
24001,24025,29
41308,41310,29
17600,19330,29
50217,43979,29
17477,42992,29
42991,49323,29
285,48494,29
4184,6283,29
42210,38138,29
3991,1655,29
1025,24573,29
1655,2680,29
24538,1028,29
38966,42825,29
23002,22069,29
24247,24246,29
42825,2976,29
6271,19220,29
22069,12975,29
51586,1025,29
16583,22268,29
3491,17482,29
18051,20479,29
23930,23944,29
39038,20314,29
41900,14394,29
45034,41900,29
17750,18838,28
4373,4374,28
24404,24400,28
4624,4622,28
15219,15218,28
27440,28157,28
9505,10517,28
11479,10404,28
1572,1559,28
19414,48416,28
25838,49392,28
24856,11161,28
47964,3228,28
28779,28328,28
10155,10160,28
11529,10155,28
5698,5342,28
48924,89,28
51931,48822,28
18581,18587,28
43796,10840,28
8920,51931,28
18565,18576,28
4924,5169,28
48416,21032,28
18557,18565,28
39294,8947,28
28328,51391,28
13482,29634,28
15335,15271,28
16489,15908,28
18838,17739,28
28030,27975,28
47184,16521,28
10299,10219,28
18576,18582,28
36864,36865,28
43799,43796,28
35258,41093,28
28515,26886,28
44342,18919,28
4607,43933,28
18399,18426,28
2713,17046,28
42757,42758,28
34738,7692,28
15884,15809,28
6627,19713,28
41076,41075,28
41075,35571,28
22278,22286,28
6758,6759,28
16549,16769,28
19556,49485,28
26616,26630,28
36865,8328,28
19554,19555,28
34532,51149,28
8413,8185,28
8437,34776,28
41093,19554,28
49602,35258,28
6199,21225,28
42758,42761,28
43803,43799,28
43703,43803,28
21204,6199,28
6198,21204,28
42603,6886,28
23972,15694,28
836,14606,28
25712,50769,28
41134,35569,28
35569,35570,28
35912,35915,28
35909,35912,28
4096,35909,28
35570,41076,28
5210,19400,28
19400,21002,28
26903,26807,28
26807,26808,28
50965,48642,28
48642,48848,28
44787,37216,28
15809,25097,28
44498,16769,28
25265,16347,28
12347,12270,28
14094,14109,28
9625,9626,28
11239,40777,28
12285,12388,28
26216,26219,28
12279,12285,28
12232,38903,28
12132,12232,28
12269,12347,28
14232,14237,28
12268,12269,28
11160,42845,28
42845,34983,28
14219,14218,28
34983,22410,28
22410,14957,28
21575,21577,28
14237,14219,28
38688,18348,28
38686,38688,28
37275,9625,28
8796,37275,28
9349,10281,28
18805,18803,28
37260,9348,28
29087,29088,28
29088,29068,28
29068,29089,28
29089,29090,28
39482,26968,28
18619,7016,28
348,708,28
40798,14603,28
20308,18365,28
9348,9350,28
17972,20533,28
38688,7221,28
48294,16786,28
9350,8796,28
25034,79,28
11348,9081,28
41462,16390,28
10774,11844,28
49958,29198,28
10509,39292,28
49454,49054,28
11593,9943,28
20908,19155,28
20207,20892,28
51336,20207,28
20914,20915,28
11912,10774,28
16406,15802,28
9343,11912,28
39292,11827,28
41392,29056,28
11827,11828,28
4530,47851,28
11828,11829,28
10704,11229,28
18875,19762,28
51318,5758,28
12509,49960,28
12092,12509,28
12087,12086,28
14231,14232,28
14256,29495,28
7822,7763,28
47887,5048,28
50138,44501,28
44501,44500,28
26223,26215,28
10441,10509,28
29064,29050,28
29185,29064,28
29063,29185,28
28866,29063,28
24157,42322,28
28963,28866,28
49054,28963,28
20081,4375,28
12251,39639,28
4114,4115,28
9351,9349,28
9627,9351,28
4118,48611,28
14338,48438,28
38272,42840,28
4119,38272,28
48659,4119,28
48869,48659,28
12858,14338,28
48676,48869,28
48611,48676,28
4117,4118,28
11628,11568,28
38274,4117,28
50012,24491,28
50820,50012,28
48893,50820,28
47948,2356,28
15504,15823,28
13730,13214,28
13246,16186,28
26139,26140,28
26140,26012,28
37420,39624,28
44129,27243,28
44505,38679,28
44507,44505,28
27516,27182,28
27181,27178,28
12674,27514,28
4836,4792,28
24120,24111,28
4776,4836,28
4755,4776,28
27514,27172,28
28859,47835,28
35121,35120,28
35124,35121,28
26883,25794,28
29005,29006,28
44131,44129,28
35715,35716,28
27541,27217,28
27217,27212,28
28409,28401,28
2407,3325,28
18691,18700,28
3847,1267,28
342,348,28
22182,22249,28
4078,4079,28
13164,37529,28
21412,24096,28
49241,12341,28
27167,27173,28
40907,3328,28
3817,3971,28
38275,38274,28
2052,3840,28
4115,38275,28
27513,27499,28
11829,9731,28
9731,11605,28
17038,2407,28
18520,4963,28
28083,48263,28
14038,13274,28
15696,23960,28
383,43745,28
301,334,28
334,335,28
23960,23957,28
24096,23666,28
23957,23647,28
24456,24430,28
23999,23993,28
335,337,28
337,341,28
27537,25953,28
19861,19579,28
19324,40365,28
341,342,28
40365,19325,28
17551,17545,28
18768,18771,28
47863,2392,28
3030,1844,28
24580,24519,28
49209,22822,28
15742,15744,28
378,376,28
377,378,28
379,377,28
721,39114,28
16377,25268,28
22465,24575,28
24575,34103,28
24579,24580,28
9792,47311,28
24523,24579,28
24522,24523,28
24516,24522,28
16134,16135,28
16135,16161,28
23491,16003,28
14762,721,28
4246,4244,28
13879,13866,28
9787,9785,28
10067,9792,28
14491,41881,28
2111,1960,28
15584,16157,28
3489,3565,28
42524,49002,28
6285,5487,28
27422,29036,28
2065,3986,28
11470,10021,28
8792,8726,28
24930,23681,28
486,481,28
1642,50889,28
24713,22241,28
41368,41367,28
22558,41368,28
22557,22558,28
21430,21593,28
1220,35993,28
50889,1225,28
9799,10067,28
2162,35822,28
21127,4251,28
45029,29454,28
19225,19251,28
1843,3030,28
51953,49571,28
49564,51953,28
49574,49579,28
11233,9046,28
1740,40554,28
49584,49574,28
44266,49484,28
15736,15737,28
3776,1843,28
1844,3777,28
11455,9488,28
3777,3778,28
3778,1845,28
1845,1594,28
1594,2939,28
15737,15778,28
2939,1846,28
15778,15738,28
1846,1847,28
1847,3779,28
10287,10716,28
9645,11455,28
41881,41880,28
14385,14387,28
41880,41882,28
23591,23592,28
23590,23591,28
29440,14385,28
23589,23590,28
23588,23589,28
23587,23588,28
23586,23587,28
23585,23586,28
41755,39175,28
49571,49505,28
13200,12885,28
41665,48474,28
50211,41660,28
50194,50211,28
48891,11043,28
11087,48891,28
11079,11087,28
41662,11079,28
43436,43797,28
5488,19225,28
19251,6292,28
3780,3695,28
24939,14947,28
5057,4627,28
23429,37828,28
37828,23431,28
44708,44707,28
49407,46494,28
44707,44705,28
5672,5355,28
44912,49407,28
44918,44912,28
11282,44411,28
5427,51410,28
8998,11282,28
40078,44918,28
4001,4871,28
4219,21269,28
6058,19744,28
19744,19483,28
15753,15754,28
19489,19487,28
42091,41554,28
7895,7947,28
51410,44927,28
41555,42085,28
23163,23164,28
5311,5310,28
19,14864,28
20721,3945,28
39174,16557,28
38370,38369,28
5362,5365,28
38369,44708,28
22193,23162,28
23162,23163,28
4656,41876,28
44927,5454,28
15948,39840,28
15946,15948,28
15930,15932,28
22546,15930,28
22531,15928,28
5697,5461,28
50643,17639,28
5886,50643,28
15995,15996,28
5839,34281,28
42085,19248,28
6292,19214,28
40061,48998,28
14433,14435,28
14423,14433,28
35175,35176,28
6382,19036,28
5564,51086,28
19225,6279,28
19247,6291,28
6291,42093,28
6284,41553,28
41553,41552,28
19028,19251,28
49002,40424,28
11169,11162,28
11254,11169,28
11172,11254,28
11171,11172,28
11178,11171,28
11184,11178,28
41394,11184,28
19497,5603,28
19251,41565,28
22118,23165,28
15755,15756,28
4656,5057,28
15756,15757,28
15757,15758,28
17033,3455,28
19225,19227,28
16996,1284,28
15758,15759,28
15759,15547,28
15547,15780,28
19227,6279,28
24435,24439,28
15463,23421,28
14293,14280,28
25909,25910,28
19247,5490,28
41226,15607,28
21264,6272,28
23446,15474,28
15474,23437,28
23437,33912,28
33912,15463,28
3779,3780,28
21264,5491,28
3695,3788,28
25869,12086,28
22535,22536,28
18948,18945,28
42660,27584,28
49362,5781,28
18905,19834,28
11933,42660,28
29245,25869,28
5781,5782,28
41784,4179,28
5795,5797,28
3788,3781,28
18881,18905,28
13221,12910,28
2034,2960,28
16733,22535,28
24806,16733,28
2715,2716,28
42555,25621,28
1197,1191,28
2444,17302,28
23107,23126,28
43795,43705,28
25621,26327,28
4957,35334,28
5307,19675,28
37145,46568,28
43805,43795,28
41163,43805,28
24779,13192,28
5782,51228,28
48761,37095,28
37095,24487,28
35320,50520,28
24638,23839,28
17302,3365,28
42280,44903,28
17475,3809,28
3809,3692,28
48413,25563,28
43614,41541,28
41541,43159,28
43159,42280,28
25546,26227,28
3539,17475,28
569,35115,28
44903,46494,28
22110,21800,28
14901,37109,28
23129,22110,28
16917,16904,28
1251,1238,28
3542,17485,28
2714,2715,28
17352,3164,28
23839,38749,28
3904,2765,28
3046,2700,28
50692,750,28
3228,37808,28
25795,26475,28
35411,4598,28
17474,3170,28
35413,35411,28
35415,35413,28
6159,35415,28
39712,35011,28
35419,6159,28
6863,35419,28
51228,5783,28
43705,43804,28
5783,20648,28
41370,44498,28
24430,24584,28
23985,23986,28
20835,20837,28
43804,41171,28
49482,49492,28
38879,36854,28
38743,38745,28
38745,6230,28
6230,20995,28
20995,6231,28
6231,20976,28
21195,49636,28
49636,49606,28
49606,40302,28
40302,49618,28
49618,40299,28
40299,49648,28
49648,40297,28
40297,40295,28
16479,16230,28
40295,18644,28
21701,21470,28
38957,12298,28
14390,14388,28
21347,21700,28
1703,35080,28
3988,3692,28
16427,25364,28
3781,3988,28
5930,20835,28
20837,20839,28
36784,9048,28
50519,47184,28
4853,5011,28
50520,50519,28
20076,18948,28
20075,20076,28
20078,20075,28
2897,3164,28
2896,2897,28
39499,27590,28
3182,2896,28
39718,39499,28
23126,23129,28
44502,48070,28
20555,20554,28
43802,41234,28
47936,49482,28
19597,4222,28
25528,44105,28
48515,47936,28
4717,4678,27
14485,13144,27
779,23630,27
1967,3764,27
12990,51641,27
23207,779,27
13160,14458,27
44973,44971,27
41316,23024,27
35,24785,27
1969,3384,27
3358,1967,27
3827,2851,27
3753,3358,27
3764,2591,27
18192,41672,27
49203,13926,27
3384,3753,27
23071,41314,27
20456,20832,27
10193,11734,27
13230,14575,27
7672,7663,27
15815,24229,27
28225,28778,27
41314,41316,27
28772,28223,27
2889,3526,27
23024,23025,27
41768,48479,27
41379,41382,27
50645,14485,27
41382,22201,27
26915,44761,27
41781,22254,27
29066,44344,27
19013,19015,27
44344,44345,27
19012,19013,27
44345,49427,27
22201,22124,27
934,961,27
22123,23083,27
12933,51456,27
46399,47145,27
14387,14389,27
15701,15504,27
44201,27560,27
4579,41715,27
48173,22804,27
41895,14416,27
14386,14384,27
41715,49608,27
49608,49630,27
13144,41891,27
14388,14386,27
49645,49634,27
49630,49645,27
14389,14391,27
48479,41379,27
21015,18248,27
21268,4184,27
41599,22252,27
23185,38162,27
40735,22166,27
22168,22129,27
18443,21163,27
18455,18443,27
22543,21821,27
22213,22203,27
40833,5109,27
40835,40833,27
5920,21262,27
21262,5928,27
5184,40835,27
17301,3827,27
5188,5184,27
5182,5188,27
50822,5182,27
4622,50822,27
43886,5209,27
41461,43887,27
4825,40840,27
25328,23148,27
29303,26156,27
26156,26157,27
41767,38899,27
44776,41455,27
26157,25479,27
18248,44776,27
51039,41772,27
41865,41768,27
28245,26772,27
24121,24124,27
6465,5829,27
37227,4098,27
50171,19361,27
28399,28408,27
37620,50171,27
37621,37620,27
37622,37621,27
33963,51499,27
51499,24435,27
18158,37622,27
24441,826,27
834,14606,27
37625,20265,27
21281,19352,27
37607,37625,27
10931,10953,27
27512,27154,27
1656,47975,27
47204,48491,27
585,47204,27
42546,585,27
10934,10931,27
10922,10934,27
26892,26754,27
10956,10957,27
8982,11001,27
26415,26416,27
24713,23146,27
9287,9288,27
10328,44259,27
6985,20385,27
19457,6985,27
44718,44710,27
9288,9565,27
14966,36997,27
40809,16496,27
43088,42031,27
4737,4755,27
20574,20578,27
2776,2778,27
10068,44494,27
44494,44496,27
44496,44495,27
44495,44493,27
44493,9969,27
2778,17023,27
15384,21375,27
25948,43374,27
46377,20603,27
41937,50037,27
4097,37227,27
34366,42301,27
15339,15277,27
15277,43768,27
6966,6967,27
16448,16074,27
18174,18150,27
23222,38110,27
11920,38766,27
6967,17184,27
43906,6025,27
50389,43908,27
17184,44641,27
38766,11717,27
2792,2797,27
2797,38545,27
38545,2798,27
11717,10480,27
21082,36841,27
2798,3454,27
35713,21387,27
19829,20255,27
14809,15339,27
21597,14809,27
44922,44914,27
50358,10843,27
4096,4097,27
7646,7636,27
7509,7508,27
7498,37713,27
8948,10335,27
21352,15402,27
34639,34458,27
10963,8990,27
10843,43797,27
9021,50358,27
44923,44922,27
42667,38863,27
14963,14990,27
3785,44097,27
21387,21352,27
8750,46254,27
13482,13488,27
45038,12881,27
40870,43859,27
48365,9493,27
51227,13632,27
17693,17690,27
36942,21082,27
17098,44639,27
3338,2416,27
3337,3338,27
3485,3337,27
28249,28564,27
48340,1109,27
38505,38471,27
38506,38505,27
38507,38506,27
28564,28252,27
28252,26798,27
44651,44653,27
38508,38507,27
44653,2598,27
20804,6115,27
2598,17099,27
17099,17098,27
4090,38508,27
38534,4149,27
26798,12736,27
28242,26811,27
26811,26813,27
28248,28247,27
28251,28248,27
38471,38470,27
44647,44636,27
11742,8743,27
9053,8750,27
1813,17012,27
17109,17107,27
17107,44644,27
44644,44632,27
44632,2745,27
48112,29015,27
2746,44647,27
29015,26805,27
13775,12915,27
26796,26791,27
44636,44637,27
44637,44633,27
44633,44651,27
26791,28250,27
28250,28251,27
38467,38466,27
38468,38467,27
38470,38468,27
35120,49450,27
44639,44642,27
41308,41330,27
26813,28200,27
49522,50899,27
35846,7947,27
49494,49522,27
49493,49494,27
50564,26789,27
49487,49493,27
47936,49487,27
26804,12247,27
20114,20115,27
5826,7199,27
17649,5826,27
27886,27860,27
17673,17649,27
16080,16081,27
16520,40646,27
17690,17673,27
23146,41331,27
6879,6877,27
10185,9290,27
9290,9286,27
9286,9287,27
26795,50564,27
42453,9915,27
9894,42453,27
5453,44928,27
44642,44643,27
28200,26818,27
44643,17097,27
14819,49200,27
47902,26659,27
28671,25561,27
44411,43443,27
5394,5395,27
5395,5425,27
44928,51409,27
20852,20376,27
51409,5708,27
27285,27599,27
26818,26819,27
28255,26822,27
29083,12669,27
26822,28566,27
16596,16610,27
20477,20570,27
20376,20477,27
43681,47976,27
10263,9820,27
48425,48426,27
49565,51090,27
35718,39806,27
2755,2085,27
39806,35719,27
36451,41133,27
22213,23031,27
35719,42061,27
16426,15754,27
16020,25364,27
17630,17653,27
44541,44540,27
10457,10458,27
43145,44541,27
4029,17254,27
43143,43145,27
10251,42157,27
48247,49331,27
44703,10716,27
18228,18233,27
49331,49343,27
41491,35718,27
3681,1946,27
49333,21514,27
11022,8980,27
35917,48425,27
44540,44546,27
24562,24563,27
43207,41084,27
3454,2799,27
5481,5482,27
21948,24562,27
5264,5481,27
24534,21948,27
48426,48427,27
14397,14369,27
14400,14398,27
5265,5264,27
22246,23047,27
5219,5265,27
17455,3600,27
5335,5342,27
8437,8274,27
19782,19479,27
49343,49333,27
24495,50072,27
50073,50155,27
47980,49248,27
6760,6741,27
39128,22110,27
21855,16498,27
16498,16490,27
10667,11237,27
1876,3962,27
1875,1876,27
28730,28729,27
2870,1875,27
1871,2870,27
1874,1871,27
25823,28730,27
2568,1874,27
1958,1901,27
1959,1957,27
38509,4093,27
13524,13522,27
13163,13420,27
21700,50032,27
49248,21855,27
41492,41493,27
15477,15482,27
34487,34488,27
25664,25665,27
15461,25664,27
15443,15444,27
15442,15443,27
15441,15442,27
15440,15441,27
10716,41976,27
11879,8636,27
34519,34799,27
34520,34519,27
8636,8750,27
43847,43848,27
18655,19453,27
19453,18634,27
23113,16909,27
16909,47980,27
11869,10742,27
8619,9473,27
51717,34487,27
4109,35917,27
3782,2084,27
1207,1231,27
27361,27984,27
18618,18623,27
28174,26821,27
26839,26835,27
23408,23400,27
6945,20658,27
1671,4018,27
43722,43723,27
43718,43722,27
47946,17621,27
19713,6411,27
25419,23316,27
24201,14039,27
19331,19285,27
2697,1671,27
43716,43718,27
17967,17935,27
27380,27106,27
25859,27093,27
27360,25858,27
27983,27360,27
50158,50078,27
15561,49521,27
23169,22255,27
39637,39757,27
18359,4701,27
35710,21619,27
40493,6062,27
40495,40493,27
10501,11612,27
4975,36942,27
21145,21137,27
18520,4150,27
24323,14751,27
21083,4975,27
16249,35323,27
26825,37807,27
38373,38367,27
29015,28199,27
39228,830,27
43727,43740,27
43726,43727,27
43723,43726,27
34007,22716,27
37807,29015,27
16149,16456,27
27984,27983,27
18659,43716,27
34019,24324,27
1666,17502,27
5336,5307,27
24324,39754,27
19762,18254,27
5554,39008,27
39024,5554,27
11262,9754,27
16930,38617,27
4036,1704,27
25058,44681,27
28206,26728,27
718,14945,27
21291,19598,27
18046,18020,27
493,48283,27
5483,5484,27
40002,5483,27
5482,40002,27
34073,24995,27
26178,26123,27
29641,41894,27
50152,50158,27
19746,5825,27
5324,6373,27
2595,17021,27
17022,2594,27
18675,19253,27
1795,17022,27
18566,18549,27
43730,18675,27
43963,50152,27
36845,7907,27
21097,43910,27
17502,1668,27
2594,2595,27
43909,4162,27
8146,8438,27
28574,26880,26
26877,26876,26
26767,28574,26
26761,26760,26
26766,26879,26
26765,26761,26
26764,26766,26
26879,26767,26
26876,40920,26
26875,26877,26
40920,49378,26
26880,26765,26
26762,26764,26
49375,26762,26
49378,49375,26
7035,6066,26
43138,43570,26
6066,6060,26
49395,7747,26
12945,48816,26
48816,12935,26
12935,13066,26
8399,42972,26
15998,16000,26
2651,2881,26
19847,39147,26
33943,15872,26
6627,17611,26
17615,17621,26
28918,43187,26
14370,49328,26
6411,17611,26
15625,16824,26
15707,15642,26
22309,21799,26
22598,50009,26
50009,50013,26
5976,40580,26
50013,50515,26
50515,22537,26
22537,24622,26
24622,50028,26
50028,24623,26
43187,43178,26
21577,21578,26
24327,50017,26
43178,43176,26
13200,13788,26
15509,15840,26
49336,42045,26
44152,43600,26
42033,49336,26
42034,42033,26
42044,42034,26
41642,42044,26
5882,35263,26
17674,7200,26
11063,39224,26
17663,17674,26
11278,10926,26
15540,16463,26
46429,26892,26
17618,17663,26
43600,43138,26
43569,44630,26
15508,15509,26
9023,10943,26
29342,14039,26
17532,17538,26
24466,21341,26
41310,41311,26
47867,6578,26
15276,15271,26
15209,15276,26
47868,47867,26
47866,47868,26
6092,47866,26
17570,6092,26
50339,15508,26
39973,39965,26
5730,5731,26
39965,7243,26
50770,26846,26
41855,49056,26
22205,22140,26
44121,44119,26
49056,49030,26
49030,49005,26
49005,49018,26
50792,28865,26
27646,44001,26
26655,50792,26
1753,1758,26
732,16514,26
25301,16614,26
19455,20224,26
23291,16521,26
9085,11439,26
5699,5700,26
43360,43080,26
25705,43360,26
43363,25705,26
46578,17635,26
46578,17653,26
15151,24889,26
5451,5321,26
21764,21765,26
21765,21766,26
6723,20175,26
6722,6723,26
11281,10837,26
11273,11281,26
11282,11273,26
23026,23027,26
14293,41887,26
348,351,26
42509,24237,26
22237,22238,26
11549,10219,26
42689,520,26
17032,2796,26
38546,17032,26
3455,38546,26
12910,29479,26
25733,43363,26
25712,50770,26
42127,39058,26
26468,28694,26
11294,29342,26
36335,11865,26
18550,18556,26
9909,9908,26
8772,10167,26
48241,19486,26
16549,41371,26
18627,18604,26
44757,43183,26
43801,41161,26
41960,40131,26
20612,49696,26
44760,41960,26
41959,44760,26
20876,49695,26
39149,5518,26
18821,20218,26
47941,25553,26
16432,16433,26
16446,38725,26
3531,1834,26
1838,3531,26
16136,16241,26
43638,26468,26
50165,43638,26
28578,28194,26
2716,2733,26
6713,20855,26
5940,4852,26
5835,5940,26
40580,5835,26
16161,16136,26
2701,2700,26
17922,6564,26
18249,7241,26
6567,6565,26
6565,6568,26
6568,39973,26
13192,13193,26
7672,42302,26
42302,7663,26
21763,21764,26
41893,14286,26
40650,16514,26
51804,22079,26
21972,49248,26
49248,21730,26
13592,14338,26
23937,24000,26
35390,5040,26
5039,35390,26
14600,48089,26
42861,13438,26
14579,42861,26
13522,14579,26
43285,13453,26
7199,44341,26
13413,43288,26
13420,13417,26
17544,17550,26
17542,17539,26
29379,29414,26
29324,29379,26
29341,29324,26
34281,20864,26
44100,1644,26
51290,17737,26
39733,24261,26
39060,42127,26
39051,39060,26
5317,39051,26
5718,5317,26
7243,6566,26
6566,6570,26
6570,6569,26
6569,7240,26
7200,17694,26
6080,19765,26
17681,17710,26
17738,49031,26
42192,37606,26
49057,51290,26
14445,14294,26
6765,42192,26
42196,6765,26
19831,42196,26
15516,29341,26
15520,15516,26
17529,6088,26
24094,23745,26
24400,1003,26
1003,24393,26
24394,50938,26
50938,24581,26
21519,24071,26
18595,18589,26
6354,5681,26
18572,18581,26
18819,18820,26
21475,24165,26
7210,18557,26
20079,19953,26
24539,1024,26
49351,11455,26
26927,26834,26
48999,49088,26
48998,48999,26
50801,50802,26
1766,35263,26
22454,21693,26
42471,15520,26
26363,26361,26
28734,28733,26
6088,6090,26
6090,6091,26
10985,48353,26
42559,10957,26
49252,11032,26
50017,50011,26
12019,26363,26
26361,26248,26
47869,17569,26
26248,26246,26
39625,39623,26
39623,25562,26
48010,46712,26
46712,27416,26
4180,19168,26
1274,1327,26
6091,47869,26
21578,21579,26
14435,14440,26
50054,37098,26
4128,1758,26
4260,43885,26
21040,21050,26
4125,4127,26
38534,38533,26
27860,27842,26
37245,16202,26
16092,22034,26
34721,43027,26
38532,38531,26
20204,20205,26
38531,38530,26
38530,38456,26
27579,51495,26
7326,8030,26
38456,38489,26
38489,38528,26
35954,12151,26
43884,41460,26
41456,20963,26
12151,12165,26
1758,1760,26
23334,21480,26
21478,23334,26
22935,21478,26
24800,24799,26
23612,50517,26
28125,28129,26
6326,4970,26
7002,20702,26
50517,35325,26
1656,48351,26
42667,38862,26
38860,10868,26
15924,15923,26
5757,19265,26
37098,37101,26
11367,11369,26
7531,7636,26
38528,38527,26
26121,26120,26
23598,42743,26
49457,28817,26
12432,49457,26
49450,49430,26
49430,49428,26
49428,49469,26
51391,28230,26
26637,26617,26
42991,48340,26
12054,12055,26
12055,12056,26
12056,12057,26
12057,12058,26
12058,26666,26
36477,9553,26
44346,1133,26
42996,44346,26
12750,27236,26
27862,27840,26
21217,18665,26
12296,38956,26
38527,38482,26
17254,1068,26
17488,2835,26
34732,34733,26
12406,39421,26
27598,26427,26
6354,6355,26
37210,41542,26
6705,34210,26
34733,34986,26
34986,8060,26
28127,44288,26
28141,28127,26
28120,28130,26
27564,28120,26
39359,37214,26
26120,27649,26
37216,39359,26
38958,37782,26
42743,24800,26
21481,22891,26
17200,2094,26
12815,12835,26
25081,25080,26
19932,20709,26
20709,20710,26
18103,20091,26
44473,12862,26
12903,13704,26
7321,43075,26
38944,12889,26
18703,42400,26
12843,12855,26
24946,14900,26
24945,24946,26
18363,21081,26
19616,18363,26
19411,21194,26
6222,21001,26
36065,36069,26
49492,49594,26
12835,12821,26
4016,1255,26
34776,8274,26
24566,24567,26
24567,37520,26
37520,24568,26
24568,24569,26
24569,24570,26
13343,14045,26
16003,16002,26
16183,15644,26
35694,44250,26
47939,48514,26
49505,47939,26
24570,24571,26
24571,24542,26
49572,49564,26
49596,49572,26
49599,49596,26
49594,49584,26
20991,6222,26
20988,20991,26
22758,23598,26
42313,21951,26
14919,14936,26
50069,41902,26
50286,50069,26
22536,24488,26
15473,15688,26
36926,44373,26
24488,22758,26
24563,24564,26
49445,21482,26
49475,49445,26
27092,27088,26
27088,27095,26
27095,27090,26
27090,27075,26
27075,27076,26
27076,27369,26
22891,49475,26
48099,24404,26
24583,787,26
23322,43261,26
13274,29350,26
36075,4016,26
43261,23324,26
1236,36075,26
1234,1236,26
51240,51234,26
19421,51240,26
4160,21087,26
36840,19421,26
36839,36840,26
6524,6525,26
36838,36839,26
27865,27876,26
1245,1234,26
24565,24566,26
36837,36838,26
50891,1641,26
2574,50891,26
27658,27644,26
26666,51117,26
48103,17505,26
40504,9937,26
27213,27218,26
34500,34659,26
43254,11456,26
11470,10754,26
22888,15959,26
15959,15961,26
18770,17801,26
34659,34503,26
15961,15960,26
34498,34500,26
15960,22881,26
22881,15958,26
15958,15969,26
15969,22884,26
22884,15968,26
9923,40506,26
34728,41006,26
40904,35016,26
27218,27540,26
34492,34498,26
41860,8254,26
8260,40904,26
5997,37165,26
8254,8255,26
29426,45028,26
8255,34744,26
4507,50258,26
34744,8258,26
15545,15546,26
8258,8260,26
38458,38459,26
41452,8269,26
29635,13679,26
13658,13657,26
13684,13681,26
13259,13689,26
51529,13259,26
26326,26322,26
38459,38460,26
27522,27904,26
28242,26795,26
26813,12771,26
28273,26813,26
21732,613,26
24537,24501,26
41462,16391,26
12085,12493,26
38524,38523,26
38523,38495,26
613,21596,26
12586,12085,26
18001,18028,26
38495,38496,26
26821,28273,26
21580,21732,26
38496,38521,26
21579,21580,26
25634,27560,26
28471,46813,26
26242,25734,26
24575,23617,26
37101,24575,26
38461,38524,26
12274,35603,26
38149,8156,26
2680,2580,26
20675,20524,26
26828,28566,26
38460,38525,26
1048,3591,26
43355,4577,26
4589,43356,26
3992,3065,26
49619,4661,26
49646,49619,26
49612,49646,26
49642,49612,26
4214,49642,26
47908,4634,26
17482,3992,26
38525,38461,26
2220,43021,26
35958,26828,26
35306,14433,26
45028,50612,26
42206,41860,26
16712,39845,26
20916,20911,26
42752,42755,26
14947,486,26
41958,41852,26
12428,12051,26
44503,12408,26
9959,9352,26
4269,19048,26
39845,15953,26
41449,41450,26
22386,38304,26
42755,42754,26
17192,2157,26
10113,11726,26
12301,25823,26
12797,28373,26
42754,41452,26
41448,41449,26
37113,37111,26
407,409,26
22760,24826,26
42756,42752,26
37165,19290,26
1818,1816,26
1819,1817,26
23208,35566,26
40522,20349,26
19854,19855,26
19855,19856,26
26773,28216,26
17407,1819,26
8328,10448,26
6728,20152,26
42761,42760,26
38482,38458,26
15657,15658,26
42760,42759,26
42759,41453,26
11452,9921,26
41451,42206,26
28731,12570,26
51448,14397,26
27177,39720,26
26969,42693,26
51445,51448,26
14177,51445,26
14304,14177,26
39719,27530,26
39720,39719,26
41450,41451,26
27183,48256,26
29416,43954,26
12723,27183,26
14286,14486,26
4903,4847,26
4846,5011,26
4591,4729,26
35338,4530,26
11394,44574,26
26775,28572,26
29474,13343,26
2688,3824,26
28111,28102,26
5149,5156,26
5156,5155,26
5155,5154,26
29003,25952,26
5154,5153,26
5146,5149,26
51568,11999,26
12590,28959,26
28102,12615,26
5145,5146,26
12251,12590,26
26728,28731,26
40906,8269,25
27813,41959,25
41448,35016,25
44539,8250,25
16678,21514,25
34985,8733,25
11275,10962,25
8438,7719,25
44119,44116,25
12092,12091,25
8250,40905,25
2597,3926,25
50696,44502,25
50505,24854,25
5736,43946,25
11757,11367,25
10177,10319,25
10016,10617,25
9493,34272,25
11062,10995,25
3565,3798,25
47951,3549,25
39017,47399,25
35,24695,25
19479,19480,25
18665,43731,25
43731,43732,25
43732,43734,25
29052,12250,25
43734,43737,25
43737,43714,25
43714,43738,25
43738,43728,25
43728,43725,25
43725,43724,25
19480,19808,25
43724,43721,25
43721,43720,25
43720,43719,25
20152,50389,25
20373,7034,25
49601,39015,25
50147,47447,25
39052,5376,25
5390,42127,25
42127,5504,25
48416,21002,25
16074,16449,25
11057,11062,25
11059,11057,25
40797,848,25
24594,24595,25
24530,24848,25
21596,21633,25
21633,21591,25
39289,9887,25
22880,22888,25
50058,23894,25
15962,22880,25
15963,15962,25
22879,15964,25
22877,22879,25
15966,22877,25
22876,15966,25
23583,22876,25
10946,9024,25
34272,39289,25
25075,25072,25
24407,14730,25
47924,24404,25
16453,33886,25
16451,16452,25
16429,16451,25
16477,16429,25
16450,16477,25
16449,16450,25
10943,10939,25
10939,10942,25
10942,10946,25
20618,7283,25
27989,28008,25
5181,5187,25
40135,42889,25
43934,4713,25
4713,40852,25
29467,29406,25
40852,40846,25
40846,40851,25
44838,1024,25
40851,40845,25
40845,40850,25
40850,40844,25
40843,4627,25
1026,44838,25
4627,40840,25
50207,25288,25
43980,50207,25
43802,43704,25
28954,40135,25
16386,43980,25
26381,28954,25
40152,40136,25
1027,1026,25
29385,14594,25
14293,13015,25
11333,11334,25
5673,5217,25
24547,1027,25
20521,20674,25
20674,20673,25
20673,6952,25
4761,43933,25
34656,34629,25
5180,5181,25
7562,49800,25
28008,27993,25
27993,27980,25
6357,5180,25
27980,27102,25
4958,6357,25
27102,27101,25
5497,21256,25
6878,18773,25
6882,20641,25
4000,42256,25
50019,1688,25
42810,18788,25
27101,27096,25
5307,5308,25
43704,51684,25
17136,3452,25
14612,29450,25
29401,29383,25
21690,33890,25
22099,16195,25
24928,24535,25
38866,36982,25
43701,40792,25
26332,48013,25
48013,25919,25
20087,4373,25
9513,9740,25
51684,43701,25
4003,4001,25
814,815,25
26988,27608,25
20205,20082,25
21232,21233,25
17865,21232,25
21220,17865,25
24623,50065,25
15813,15868,25
15835,15803,25
22544,23698,25
27848,27851,25
15273,15270,25
27839,27859,25
44470,44471,25
27638,27645,25
27645,27665,25
44371,16206,25
39791,27567,25
41374,44966,25
21233,21240,25
21240,21241,25
21241,21235,25
21235,21230,25
8436,7687,25
27622,27646,25
22205,42730,25
23070,22205,25
23069,23070,25
22208,23069,25
22177,22208,25
38958,12509,25
25822,38956,25
39876,6798,25
4720,4864,25
4637,4720,25
15862,15841,25
21226,21221,25
21230,21226,25
18561,6249,25
15323,15367,25
14053,14044,25
29414,29384,25
15346,23773,25
23773,15347,25
51430,26724,25
12719,12718,25
1705,4004,25
15856,15832,25
43555,13374,25
24098,22957,25
7221,18348,25
24132,24098,25
41219,41231,25
20684,20640,25
20576,20681,25
4482,5185,25
41231,41230,25
41230,41229,25
29116,29117,25
39149,50119,25
6741,6740,25
20913,20920,25
51974,7221,25
47896,2356,25
21510,21327,25
16237,701,25
23295,16292,25
24281,16293,25
4181,17605,25
4076,4077,25
4077,4078,25
43405,41341,25
48918,13725,25
39731,39733,25
15377,23252,25
15708,24464,25
6721,38356,25
29032,27389,25
29033,27366,25
12183,12184,25
10840,43801,25
24217,16203,25
34426,34422,25
41662,41132,25
11026,11030,25
10953,42558,25
10400,40742,25
8905,10400,25
42529,14200,25
17754,41627,25
14200,14193,25
14008,13135,25
29419,14002,25
8125,10448,25
13360,13358,25
13358,13136,25
49200,14897,25
38658,48350,25
769,37000,25
34442,34438,25
34438,34437,25
15192,24891,25
24891,24892,25
24979,24973,25
24976,24979,25
24972,24976,25
24892,24893,25
24893,15198,25
15198,15200,25
15200,15194,25
16087,13178,25
723,722,25
24977,24972,25
14954,14963,25
34439,34441,25
34437,34439,25
14897,42815,25
51456,14418,25
45045,14368,25
29072,26989,25
38466,38500,25
14111,13126,25
29378,14111,25
36841,4208,25
27867,27869,25
27869,27660,25
27649,12975,25
12543,28181,25
19361,41639,25
20883,6391,25
41619,41620,25
41620,41621,25
41621,41622,25
41622,41623,25
41623,17754,25
453,451,25
26989,26988,25
27659,27871,25
27260,11986,25
45030,45045,25
21324,21646,25
20800,18690,25
45023,45030,25
14434,14432,25
14436,14434,25
14441,14436,25
14433,14440,25
28510,26405,25
26628,28510,25
43415,43417,25
27606,27609,25
27607,27606,25
27608,27607,25
48193,16092,25
14044,29432,25
4075,4076,25
10836,10838,25
19221,6382,25
51952,26292,25
43080,51952,25
19196,19216,25
20769,6712,25
19216,19217,25
19217,19241,25
19241,19218,25
6712,6713,25
19218,6271,25
42733,38899,25
5756,42090,25
40116,28949,25
28156,28159,25
43435,43443,25
28158,27423,25
49370,43818,25
49418,29033,25
29496,14390,25
42001,22184,25
35973,36095,25
22252,23035,25
28422,28407,25
26292,40115,25
19198,19196,25
1203,1566,25
6283,41565,25
18816,19343,25
24889,15181,25
19798,19894,25
19031,19191,25
19015,19199,25
48069,39637,25
19199,4184,25
36080,36036,25
13143,49930,25
38851,1384,25
24483,787,25
29032,27994,25
38281,1607,25
46420,24407,25
1219,1227,25
47883,359,25
48010,26036,25
26036,35404,25
18560,18586,25
28949,41200,25
18586,18619,25
11234,10754,25
15483,40909,25
19343,19293,25
37577,37576,25
21686,24739,25
19828,4400,25
37306,37292,25
833,814,25
24856,15315,25
835,833,25
24431,835,25
450,452,25
18604,7214,25
4047,41538,25
41538,41991,25
29056,29245,25
10313,11450,25
34352,35493,25
37576,37575,25
14315,13240,25
41178,34828,25
37380,37388,25
35682,35683,25
128,44501,25
22242,22124,25
1177,46628,25
43711,12413,25
14645,929,25
5215,19942,24
3810,17397,24
17397,3172,24
60,15664,24
1267,3779,24
3172,3540,24
16276,23274,24
23853,23856,24
43210,3149,24
23841,23853,24
3208,2771,24
43053,15657,24
49241,27175,24
23274,16275,24
3779,3810,24
51117,28545,24
23630,16006,24
16006,25398,24
22361,15563,24
37394,37396,24
26656,12054,24
26662,26656,24
25261,16276,24
38521,38497,24
38497,38520,24
38520,38518,24
24973,15184,24
28786,28785,24
28785,28784,24
37392,37386,24
15658,15659,24
28182,28217,24
51506,16237,24
26776,28182,24
28216,26776,24
2701,2849,24
8132,8123,24
37324,37326,24
25228,49164,24
5487,5489,24
6384,5812,24
5812,5493,24
27901,26654,24
34485,34487,24
34484,34485,24
34489,34484,24
41293,37392,24
26604,27901,24
28802,26567,24
28545,26694,24
15594,23270,24
27840,26853,24
17329,17407,24
48214,22343,24
22343,24757,24
37386,37388,24
48902,3867,24
20912,19178,24
50967,39214,24
48139,22804,24
8752,51199,24
38723,23998,24
37312,37314,24
27666,51119,24
51119,27656,24
27788,27911,24
51234,19411,24
24582,24600,24
3868,48900,24
10605,10848,24
24265,24782,24
23036,23045,24
41598,16705,24
51045,765,24
24970,15174,24
36982,37480,24
23158,22183,24
37480,36981,24
36981,37482,24
37482,36983,24
11904,46387,24
9301,50167,24
987,956,24
14623,987,24
965,14623,24
50167,11229,24
765,965,24
965,964,24
33993,23665,24
11824,47982,24
10865,9004,24
27367,28614,24
27990,27367,24
13356,15315,24
5911,42736,24
41597,41598,24
21225,6200,24
29402,29404,24
21152,36837,24
3004,3005,24
920,921,24
21194,6198,24
36938,19428,24
36940,36938,24
24323,333,24
20090,41785,24
36941,36940,24
15414,13178,24
44398,41597,24
19417,36941,24
12718,49823,24
6201,21208,24
19179,19182,24
19182,19171,24
7139,7144,24
6202,21213,24
7144,7145,24
21213,5911,24
50894,44398,24
9004,10605,24
23665,23765,24
17097,17185,24
17137,42451,24
39254,12975,24
35325,23617,24
23217,50065,24
23830,24618,24
24618,24582,24
24582,23608,24
7866,38164,24
15610,34140,24
50065,23608,24
23608,24582,24
8033,7866,24
24600,50033,24
23920,44303,24
8055,7327,24
7302,8055,24
7764,7302,24
7301,7764,24
35005,7301,24
6968,7187,24
17095,6968,24
20469,35005,24
17185,17095,24
20275,20469,24
17120,2774,24
22735,34103,24
2508,17120,24
1261,16958,24
3449,17137,24
16853,965,24
960,16853,24
959,960,24
23765,23766,24
23766,23779,24
934,959,24
954,42468,24
953,956,24
942,24369,24
28025,27990,24
23752,22735,24
27804,21851,24
28007,28025,24
11302,41224,24
41224,11755,24
9636,37257,24
50021,50022,24
48069,39757,24
38164,7822,24
15808,16384,24
50022,23752,24
15184,24970,24
2103,17198,24
15174,24974,24
9566,11830,24
21672,35707,24
35707,176,24
16629,40650,24
21459,21460,24
13295,13042,24
10446,41133,24
9564,9547,24
11562,47098,24
51965,10727,24
4500,21137,24
9626,9729,24
9729,10583,24
10583,10443,24
11830,10583,24
29124,29080,24
10583,11907,24
11907,11920,24
11729,10556,24
11496,10426,24
19386,21129,24
21100,21090,24
11614,10527,24
12916,13330,24
24281,40885,24
24244,24248,24
48,436,24
9255,38834,24
740,48,24
21432,21672,24
21429,21430,24
21428,21429,24
164,21428,24
28059,28057,24
34672,35069,24
35508,35070,24
1048,43513,24
28057,28038,24
28038,28029,24
41229,41228,24
41228,15634,24
24210,42680,24
42680,42681,24
42905,50556,24
39412,27297,24
28190,26752,24
17827,17828,24
44731,4141,24
44732,44731,24
44734,44732,24
4136,44734,24
3928,1457,24
18587,18595,24
38518,38516,24
1523,1531,24
1531,1538,24
1542,35994,24
35994,1553,24
1553,45005,24
24529,41053,24
545,449,24
26791,28263,24
26903,26791,24
6518,6517,24
18864,18177,24
18177,19381,24
44440,17969,24
17969,42151,24
19889,20214,24
18313,18342,24
25504,40162,24
44483,25504,24
41845,44483,24
44486,43186,24
44484,44486,24
44481,44484,24
40130,44481,24
44480,40130,24
43183,44480,24
10086,10137,24
9473,44419,24
12900,40775,24
37575,37574,24
4882,4793,24
4793,4837,24
4837,4777,24
2105,2090,24
17322,2105,24
2104,17322,24
4738,4797,24
17197,2104,24
6517,18864,24
6514,6518,24
517,516,24
6513,6514,24
28903,43695,24
28555,28229,24
26770,28555,24
17966,41673,24
19624,17777,24
42160,43993,24
43993,29218,24
29218,26916,24
26916,45011,24
45011,40139,24
40139,40140,24
40140,40141,24
40141,36937,24
36937,45014,24
2656,1665,24
45014,45017,24
45017,41964,24
41840,28941,24
2618,17046,24
41133,20224,24
16882,51269,24
46701,20848,24
50912,46701,24
39708,39706,24
39706,39704,24
39704,39703,24
39703,6513,24
12670,12671,24
24995,38973,24
24974,24975,24
44106,43185,24
43163,44198,24
10790,10792,24
28356,35196,24
17749,41627,24
17767,41614,24
41614,41615,24
41615,41616,24
41616,41617,24
41617,41626,24
43165,43163,24
43167,43165,24
41626,41618,24
43185,43167,24
43180,40122,24
29078,29123,24
41618,6392,24
18760,18763,24
18763,18761,24
26937,28346,24
26838,26937,24
28569,26933,24
26932,28569,24
43173,43180,24
25818,26932,24
26834,26928,24
44101,42314,24
43513,44098,24
43171,43173,24
17198,17197,24
15879,25081,24
9495,48360,24
11619,9495,24
24975,24971,24
27175,27479,24
27479,27512,24
12723,27527,24
495,25339,24
14757,37117,24
37111,37108,24
26740,26744,24
12270,12201,24
37003,22531,24
15932,792,24
50537,51214,24
51214,15946,24
7907,34842,24
43954,45031,24
26825,12247,24
51452,14378,24
45023,51452,24
43953,45031,24
43975,43953,24
43955,43975,24
14284,43955,24
14444,14285,24
16159,14600,24
29402,29467,24
9885,10695,24
10695,11619,24
17421,43513,24
42587,38138,24
23094,16295,24
6557,44443,24
39705,39709,24
18394,18397,24
19087,18805,24
35322,24823,24
21391,21357,24
29477,29432,24
21548,49332,24
49332,49341,24
49341,49334,24
49334,49348,24
49348,49344,24
49344,16673,24
15598,15741,24
15752,16433,24
16086,16085,24
17563,3945,24
17257,36058,24
36058,36118,24
19860,19861,24
3860,2767,24
95,22604,24
22604,22738,24
22738,22339,24
23966,23954,24
23958,23966,24
24025,24026,24
29117,29118,24
44443,39705,24
6556,6557,24
50592,25034,24
6555,6556,24
16097,24315,24
43174,43171,24
43176,43174,24
50130,21594,24
22943,94,24
44339,45021,24
38970,44336,24
44764,153,24
21350,44764,24
21699,24466,24
23894,21699,24
43938,38970,24
19627,19628,24
19628,19629,24
19629,19630,24
43941,43938,24
23734,43941,24
6553,17961,24
17961,44442,24
44442,17991,24
12949,13091,24
38952,12949,24
19381,18192,24
13066,38952,24
18192,18169,24
18169,6554,24
6554,6555,24
5622,44342,24
20283,20832,24
38516,38502,24
38977,38989,24
21073,18563,24
51073,38992,24
38992,25896,24
25896,38985,24
38985,38978,24
38978,38986,24
38986,38977,24
38989,38988,24
21073,43532,24
38988,38987,24
38987,38990,24
38990,48637,24
37817,37818,24
37816,37817,24
37815,37816,24
37814,37815,24
18563,21051,24
21051,18583,24
25974,44018,24
50662,50665,24
43535,50890,24
43531,43535,24
18573,43531,24
5885,18573,24
37824,6125,24
43552,37824,24
43553,43552,24
37825,43553,24
43549,37825,24
43547,43549,24
50651,6111,24
50664,50651,24
50665,50664,24
25691,25693,24
25693,44027,24
37813,37814,24
4998,37813,24
12171,12172,24
5714,5768,24
16242,25399,24
48089,16242,24
21317,24850,24
36168,24763,24
14545,14588,24
13851,13861,24
16205,16454,24
35086,1358,24
43134,28190,24
43133,43134,24
43563,43133,24
43565,43563,24
43139,43565,24
44177,43139,24
14445,14457,24
23865,34117,24
5272,50568,24
26181,26123,24
6377,48711,24
16464,16465,24
14391,14271,24
14384,29466,24
29439,14275,24
14279,43840,24
43840,14381,24
14381,41884,24
41884,41886,24
41886,29617,24
42875,13214,24
16976,2393,24
5695,5328,24
48876,5695,24
48704,48876,24
48711,48704,24
50890,18563,24
43532,43533,24
39058,39059,24
16629,16607,24
5685,5762,24
5731,5734,24
50693,750,24
50768,25709,24
732,733,24
5397,39057,24
39057,5425,24
39174,16629,24
43533,18579,24
19068,5886,24
49974,13143,24
41788,41599,24
27813,44121,24
28865,45019,24
35989,23190,24
23190,41319,24
5687,5685,24
5688,5687,24
5689,5688,24
18829,18824,24
7029,39016,24
2838,1670,24
46285,51499,24
11884,9623,24
34554,34557,24
34552,34554,24
34548,34552,24
34545,34548,24
34657,35317,24
11016,11020,24
5994,19791,24
48183,6118,24
6117,20480,24
19493,34248,24
12838,13263,24
41319,41337,24
41337,41318,24
41318,22253,24
99,34176,24
533,532,24
49695,49707,24
15753,16427,24
15571,15572,24
15572,15573,24
11093,11080,24
10995,48353,24
22361,21921,24
11904,10595,24
38897,16098,24
43534,6110,24
43530,43534,24
21073,43530,24
43546,21004,24
43539,43546,24
22306,101,24
34176,22716,24
22253,50518,24
50032,35286,24
5433,5414,24
5414,5412,24
5412,5407,24
14038,48268,24
431,617,24
440,24721,24
15540,15541,24
526,519,24
14765,526,24
170,169,24
171,170,24
25251,41463,24
24318,25252,24
15838,15883,24
15823,15838,24
14457,14293,24
26760,28573,24
20349,40515,24
51694,20254,24
25348,14901,24
4675,43913,24
1373,1707,24
38851,1688,24
3834,36914,24
14161,29383,24
42894,16221,24
16642,16536,24
14142,29458,24
42128,14665,24
20054,20405,24
3376,3042,24
17496,17446,24
16950,17496,24
27433,28657,24
27966,27988,24
47846,27352,24
27453,27457,24
39774,44291,24
39777,39774,24
12751,26417,24
26417,26418,24
35581,20139,24
39784,48030,24
12626,12164,24
29082,29140,24
49685,25876,24
27661,27868,24
27887,27886,24
27581,28347,24
14353,14136,24
21349,21497,24
105,21348,24
51868,42657,24
42456,39777,24
27988,27968,24
27968,27341,24
27341,49389,24
41653,41926,24
28022,27114,24
39416,27280,24
39417,39416,24
39418,39417,24
39419,39418,24
27298,39419,24
39420,27298,24
39364,39420,24
39421,39364,24
44134,33961,24
33961,33957,24
33957,50988,24
50988,33944,24
33944,33952,24
33945,15879,24
28163,27377,24
28170,41653,24
49389,27073,24
41655,28170,24
27073,27979,24
27979,27340,24
29496,14282,24
40060,48998,24
48272,25093,24
12837,48272,24
12826,12891,24
13834,12826,24
48998,49023,24
49023,50561,24
13692,45039,24
44474,13682,24
13661,44474,24
50561,41657,24
41657,41655,24
26416,12751,24
47406,13675,24
44180,44177,24
23063,23064,24
38346,22546,24
41679,22252,24
22252,25325,24
25325,23146,24
23062,23159,24
23159,23160,24
23160,23063,24
23064,23065,24
13072,13208,24
23065,23067,24
2345,17566,24
41147,4199,24
34332,20572,24
42598,20681,24
42597,20576,24
20577,42596,24
15928,38346,24
26839,26940,24
43136,43063,24
43063,29279,24
44182,44180,24
5383,5381,24
5381,5378,24
5378,5375,24
5375,5717,24
44184,44182,24
44186,44184,24
43132,44186,24
43059,43132,24
46357,43059,24
26896,46357,24
29285,26896,24
29287,29285,24
29280,29287,24
29279,29280,24
19774,20852,24
961,962,24
11144,11143,24
27334,27332,24
27328,27329,24
49205,14897,24
24378,42814,24
28083,27504,24
27504,11999,24
42177,42183,24
14095,14111,24
14122,14106,24
14124,14122,24
14128,14124,24
21400,48758,24
14098,14107,24
14096,14098,24
14101,14096,24
12920,14101,24
27330,27328,24
40864,41222,24
4356,4210,24
25571,25572,24
22086,15267,24
35724,15336,24
4937,4540,24
4930,41722,24
25950,29004,24
41722,4518,24
4818,4936,24
5037,43354,24
27009,12722,24
41720,4961,24
12722,12326,24
29007,29005,24
29002,27543,24
27539,27541,24
27212,27215,24
39016,49601,24
33952,33954,24
44640,17097,24
16181,25261,24
2933,17114,24
25473,41958,24
22087,980,24
38511,38509,24
48463,28246,24
44645,17106,24
44631,44645,24
12825,49930,24
41852,27553,24
2750,44631,24
17102,2750,24
44648,17102,24
44646,44648,24
44635,44646,24
22067,22087,24
25471,25473,24
20643,20235,24
48599,26747,24
22062,22067,24
43740,43739,24
44001,50734,24
50734,25709,24
7544,7942,24
8262,8263,24
24714,22136,24
15923,16655,24
43026,34781,24
19047,20888,24
24774,22346,24
26807,12247,24
43739,43713,24
44303,34073,24
47974,4339,24
43713,43736,24
43736,43735,24
22346,24741,24
44638,44635,24
16397,15812,24
44634,44638,24
1656,49325,24
38504,38511,24
38512,38504,24
38503,38512,24
44641,44640,24
49798,7561,24
49325,1134,24
44652,44650,24
44650,44634,24
38513,38503,24
38501,38513,24
25472,25471,24
17096,17186,24
17097,17096,24
2349,44652,24
23075,22062,24
38502,38501,24
36871,2431,23
36051,4075,23
42071,42074,23
38882,38881,23
16946,17253,23
37773,42575,23
42074,42077,23
3898,48886,23
37769,44348,23
44348,44492,23
19697,6943,23
38881,41499,23
43871,38883,23
42077,42066,23
9043,80,23
26626,26644,23
26645,26622,23
41499,41498,23
10927,10961,23
41683,41682,23
26692,26645,23
6943,19727,23
4483,35311,23
38883,38882,23
4054,4057,23
35311,40631,23
36116,4054,23
18454,5620,23
39133,27901,23
21410,21411,23
41501,41500,23
41500,38885,23
36850,36851,23
36851,48541,23
21411,21614,23
27810,27689,23
47891,27623,23
48541,43871,23
1694,1695,23
28651,49414,23
21614,21413,23
21405,21406,23
36051,36115,23
23748,23747,23
47981,26170,23
36115,36055,23
36055,36116,23
35514,42071,23
13295,13322,23
15431,15434,23
26117,28671,23
39487,39412,23
22826,34175,23
21773,21774,23
4375,4372,23
41599,23027,23
21774,21775,23
19948,19946,23
19946,5215,23
22569,22571,23
21775,21776,23
601,50485,23
44656,15394,23
40567,44656,23
40565,40567,23
24261,40565,23
14240,14219,23
14215,29331,23
14225,29472,23
42197,20534,23
6762,42197,23
37689,29310,23
13320,14339,23
10996,10995,23
13330,13333,23
13333,13290,23
42200,6762,23
7687,7680,23
7680,7686,23
7686,7689,23
51587,24537,23
49503,22569,23
49603,49503,23
16702,22826,23
17806,6210,23
16701,16702,23
27587,39485,23
37606,42200,23
27297,27280,23
27793,25699,23
43682,43681,23
20963,41683,23
20952,38184,23
38184,20948,23
40476,40474,23
20948,17806,23
12090,35510,23
12493,29066,23
42066,42076,23
49018,41868,23
6574,17747,23
21223,39195,23
5231,5232,23
44116,44114,23
17767,17754,23
21772,21773,23
42076,28237,23
19727,6988,23
44114,44112,23
44112,44123,23
44123,26911,23
24381,49603,23
41498,34924,23
26414,26415,23
41746,41745,23
40714,40586,23
4864,4761,23
4630,34293,23
48349,21786,23
17513,51604,23
51604,1662,23
24079,24050,23
40676,40714,23
6798,6799,23
40597,40676,23
40598,40597,23
40599,40598,23
40596,40599,23
23057,23058,23
23058,41381,23
47399,7035,23
27520,27533,23
41380,42733,23
15651,15653,23
11672,10731,23
10731,9853,23
9853,11673,23
27825,27827,23
27823,27825,23
43648,43647,23
19323,40363,23
39348,27176,23
48198,17623,23
4701,4859,23
19467,4540,23
20195,19534,23
19535,6721,23
27176,27173,23
41381,41380,23
6680,40596,23
11665,11671,23
18765,18766,23
12184,12178,23
50807,50805,23
18761,18762,23
18762,18765,23
16020,16447,23
16448,15548,23
18766,18753,23
49204,49201,23
1395,1396,23
50810,50807,23
12178,29130,23
51783,34463,23
50806,50813,23
50813,50812,23
50805,49204,23
49201,49202,23
40595,6680,23
49202,50816,23
6679,40595,23
6678,6679,23
6677,6685,23
6676,6677,23
50808,50809,23
50816,50808,23
44914,44906,23
18420,18426,23
44906,44902,23
44902,42281,23
42281,43161,23
43161,40076,23
40076,29139,23
29139,43614,23
11671,11672,23
47003,14966,23
38898,24315,23
29363,14078,23
48417,24467,23
41673,18121,23
29420,29461,23
14245,14234,23
50542,42908,23
42505,37774,23
7232,6646,23
468,22732,23
7215,18592,23
25644,25828,23
28903,50634,23
44347,42505,23
22291,21938,23
25948,28799,23
22732,468,23
34087,34059,23
14123,13054,23
7444,10790,23
23062,23067,23
41745,41744,23
26413,26414,23
5538,20887,23
12755,26413,23
26412,12755,23
7909,7945,23
14247,14244,23
48708,7909,23
19689,4576,23
41744,41748,23
4484,4483,23
14233,14236,23
17770,17795,23
14107,14123,23
25338,43052,23
14441,14439,23
23402,84,23
14243,14246,23
14246,14253,23
18197,18136,23
14253,14251,23
84,23227,23
18342,18531,23
47905,324,23
14238,14230,23
23697,23708,23
18237,6583,23
29382,14259,23
14259,14261,23
14261,14256,23
14439,14432,23
14230,14233,23
8464,42503,23
13221,12936,23
22361,23878,23
19046,5533,23
12936,13117,23
4346,18984,23
14003,29462,23
29462,13030,23
18984,34307,23
22845,22848,23
14239,14238,23
22844,22845,23
42506,44347,23
22842,22844,23
23147,40437,23
23227,22842,23
34293,4794,23
18281,7251,23
21771,21772,23
41682,41681,23
47145,21295,23
34767,34786,23
34766,34767,23
34765,34766,23
34764,34765,23
29119,29120,23
29118,29119,23
7752,34875,23
41502,7752,23
1959,1956,23
40906,44538,23
8270,8271,23
34763,34764,23
1177,1179,23
13348,23619,23
15722,15641,23
34786,34768,23
34768,34769,23
34769,34770,23
23145,23147,23
24933,41369,23
22559,24933,23
1229,35993,23
22561,22559,23
50781,15206,23
8469,23145,23
2607,50781,23
34770,34771,23
1555,1566,23
42995,42996,23
38614,51709,23
7559,38614,23
7619,7559,23
34771,49083,23
7931,34763,23
38160,7931,23
34785,38160,23
38269,39189,23
15968,42187,23
2606,36029,23
36029,36026,23
36025,38270,23
44162,22099,23
38270,38269,23
27096,27089,23
34810,34352,23
39189,38268,23
38268,36015,23
36015,36013,23
36013,38267,23
17237,1627,23
1627,36113,23
9053,10790,23
15879,15354,23
14081,13348,23
17486,1697,23
8075,7544,23
4141,4126,23
11002,10591,23
7720,34754,23
6609,6749,23
1688,17486,23
17472,1699,23
34369,34366,23
1699,17436,23
49234,50065,23
35080,1694,23
15359,25070,23
11051,11090,23
34339,42301,23
41369,38310,23
3367,16977,23
29018,12432,23
37522,28734,23
426,450,23
24852,25127,23
37388,37386,23
425,426,23
420,425,23
37386,37392,23
24851,24852,23
15885,15717,23
1824,1820,23
25138,24189,23
51115,40554,23
15964,15963,23
27463,27471,23
37356,37354,23
25129,15885,23
28733,28732,23
37352,37302,23
11045,9043,23
10113,9609,23
20661,6944,23
37292,37306,23
830,34154,23
34154,34153,23
34153,24404,23
19854,40523,23
23400,42178,23
25916,26179,23
5019,5166,23
3054,40187,23
4169,6762,23
29496,14368,23
16657,15849,23
37354,37352,23
28735,37522,23
3116,42995,23
21570,21572,23
28716,28715,23
28717,28716,23
10331,8439,23
22409,10331,23
25043,22409,23
21572,25043,23
15562,47917,23
47917,22760,23
21569,21570,23
23693,21569,23
16490,23693,23
44666,15553,23
22621,24092,23
15530,22928,23
24502,16650,23
15620,25099,23
28711,28710,23
49719,42246,23
42255,49723,23
42253,42255,23
42991,42989,23
42251,42253,23
28712,28711,23
29034,49392,23
42254,49719,23
50802,25040,23
27462,42254,23
27472,27464,23
28713,28712,23
28715,28713,23
25040,41132,23
24510,24529,23
36113,36114,23
50812,50810,23
36114,42590,23
1296,19456,23
44492,42993,23
15997,25299,23
42993,2972,23
42403,27754,23
18809,41272,23
27754,27758,23
41272,19298,23
27758,27759,23
27759,11953,23
3385,42993,23
20195,50915,23
42993,1604,23
25726,51372,23
41901,50069,23
49909,29100,23
49809,49909,23
29617,14294,23
10099,11610,23
26154,25637,23
50915,19706,23
1604,3116,23
19706,19745,23
44924,26154,23
40875,41222,23
25637,25629,23
25629,28945,23
26832,26828,23
25419,35694,23
20254,19828,23
3532,2374,23
21081,5169,23
41935,20739,23
20212,6551,23
5169,18488,23
20255,51704,23
15904,15486,23
26638,15904,23
13274,15989,23
2373,2358,23
4374,20079,23
2617,42830,23
3935,3938,23
21354,51113,23
42590,38281,23
51113,51112,23
19943,19945,23
19950,20054,23
49519,50356,23
11084,11085,23
11083,11084,23
4364,19943,23
41249,28661,23
25963,34325,23
41472,5238,23
21560,21962,23
22060,21720,23
19745,19536,23
16127,15650,23
757,33963,23
24436,757,23
13984,13987,23
815,24480,23
44101,1644,23
21581,24119,23
14285,41894,23
16126,16127,23
16125,16126,23
21559,21581,23
21947,21559,23
8468,21588,23
1260,1476,23
16124,16125,23
23702,21947,23
25809,26883,23
24939,486,23
19072,6121,23
16235,16124,23
42187,22887,23
21720,21560,23
47995,2179,23
21962,23730,23
28374,28368,23
34407,34406,23
50550,23660,23
19536,19534,23
20609,6024,23
19535,20461,23
20461,20609,23
28710,28709,22
12016,50477,22
6480,7230,22
16179,25221,22
25220,16764,22
43830,25292,22
25255,46350,22
6738,6739,22
12157,29112,22
25091,12815,22
4041,36127,22
36127,37226,22
28770,28769,22
1528,17243,22
17243,1525,22
6735,6736,22
6689,6738,22
20700,20463,22
20463,38356,22
44096,1644,22
1097,17203,22
38357,40438,22
40438,19767,22
19767,38356,22
9312,9822,22
43514,17419,22
20462,20700,22
42893,43830,22
44877,50904,22
50904,44886,22
46350,25260,22
1644,17203,22
44886,44881,22
6796,6797,22
6024,20462,22
25221,23236,22
48640,14370,22
19388,19386,22
82,81,22
3532,2362,22
50166,45018,22
26120,50166,22
36118,36056,22
36056,17258,22
671,677,22
14943,24897,22
44178,44179,22
43564,44178,22
18034,18032,22
14344,29474,22
7214,18551,22
23973,23745,22
43566,43564,22
670,671,22
673,670,22
48614,673,22
45018,27649,22
27649,40136,22
19862,19263,22
26381,28966,22
44181,44183,22
676,672,22
21799,21322,22
21322,21325,22
44179,44181,22
21972,21632,22
28966,41841,22
16573,23338,22
4023,14943,22
672,675,22
675,674,22
19456,41349,22
677,676,22
18591,18601,22
674,4022,22
4022,4023,22
41223,11302,22
11615,41223,22
9983,11615,22
15278,23122,22
22613,16796,22
25248,23280,22
4735,4742,22
16333,25248,22
3916,39232,22
39232,49611,22
38393,21588,22
81,22613,22
49167,48614,22
38642,812,22
7014,20232,22
19472,7014,22
2608,2969,22
16366,16333,22
16359,16366,22
20684,42605,22
21256,5922,22
5922,21259,22
16759,43937,22
22129,22212,22
11233,11289,22
9933,10153,22
49165,49167,22
283,303,22
43132,43566,22
43135,43132,22
26121,27623,22
25291,44331,22
16013,16014,22
44101,43017,22
1555,1563,22
43136,43135,22
5928,21287,22
48472,49165,22
21259,5920,22
18531,6057,22
25941,25947,22
15562,47842,22
13290,14054,22
20405,19446,22
921,14645,22
15533,15643,22
24199,15909,22
25092,23320,22
4035,17214,22
29109,49878,22
28939,26307,22
12495,29108,22
21130,19388,22
48282,492,22
26729,26707,22
793,24794,22
17667,19173,22
26307,41609,22
25798,28939,22
51032,51024,22
16869,24831,22
27970,27365,22
27965,27970,22
27961,27965,22
49417,27961,22
24834,15429,22
24831,24834,22
7703,34845,22
26309,25798,22
34845,34704,22
39711,7944,22
26883,40151,22
27995,27389,22
43147,4665,22
27529,27195,22
28291,28482,22
766,51032,22
733,40646,22
29028,28869,22
27861,27860,22
19672,5309,22
27870,27868,22
12639,49438,22
20088,19950,22
28869,39314,22
40802,29028,22
15817,15860,22
12432,40802,22
12414,12436,22
12586,12089,22
44502,35510,22
50557,42908,22
43761,27520,22
12327,28651,22
23779,15817,22
906,51028,22
911,51033,22
51029,906,22
51031,51029,22
41399,41397,22
41397,41398,22
37717,51031,22
51033,37717,22
24250,911,22
964,963,22
41778,24239,22
22288,940,22
954,22864,22
915,24420,22
917,915,22
963,917,22
27365,27125,22
23608,16192,22
16192,50011,22
51640,51625,22
27084,27082,22
27367,49417,22
24438,24443,22
51625,1421,22
17437,51625,22
51625,17415,22
51644,51640,22
28001,28048,22
38617,51644,22
51612,38617,22
785,24150,22
24099,23739,22
2159,2150,22
2150,17442,22
27082,28001,22
28048,28003,22
27125,27070,22
37304,37296,22
20675,40187,22
40190,20524,22
20132,3266,22
15430,22034,22
37392,41293,22
37302,37304,22
37296,42416,22
10448,10193,22
37360,37356,22
38371,38391,22
44705,38371,22
15660,38370,22
15659,15660,22
28003,28027,22
17442,2148,22
2148,39710,22
39710,3356,22
50044,24504,22
28656,27978,22
49417,27352,22
41132,10776,22
14936,24939,22
34102,50021,22
24504,34102,22
7718,34869,22
3356,3357,22
26738,41641,22
26715,26738,22
40150,26848,22
1255,17345,22
27121,27346,22
27070,27121,22
27978,27074,22
27074,27342,22
27342,27969,22
27969,27977,22
24854,22280,22
37001,39842,22
15701,15876,22
10319,10062,22
27114,28020,22
28020,27112,22
27112,27378,22
41263,15627,22
17400,2144,22
2155,39749,22
2154,2155,22
2153,2154,22
3357,2153,22
29016,12589,22
17026,17025,22
17029,17026,22
27163,47835,22
14097,14550,22
14550,14099,22
14100,13766,22
38698,8907,22
39769,39779,22
12900,14315,22
15747,15760,22
13288,13252,22
15760,15761,22
15761,15762,22
15762,15763,22
15763,15764,22
15764,15765,22
15765,15766,22
14106,14097,22
29377,13183,22
13758,24659,22
2454,2711,22
2459,2647,22
2647,2456,22
2456,2450,22
2450,3687,22
3687,2448,22
2448,2454,22
37000,778,22
47989,18116,22
6255,19488,22
42172,28100,22
49368,42172,22
26592,49368,22
44785,26592,22
34073,23906,22
15766,15767,22
44857,44854,22
44854,44853,22
47942,47939,22
5421,5419,22
5422,5421,22
21693,23544,22
17206,41946,22
38870,37484,22
47932,47942,22
47939,48512,22
27707,27681,22
48512,49484,22
6391,18770,22
23221,23751,22
41631,17785,22
17785,41619,22
39532,27581,22
3126,17510,22
25404,16040,22
16040,23534,22
5419,5417,22
38869,38871,22
3112,3126,22
5417,5416,22
5416,5430,22
48984,41123,22
44853,8956,22
427,424,22
451,427,22
13074,14209,22
27703,27705,22
27705,27713,22
27713,27711,22
27711,27707,22
14094,14111,22
49476,13758,22
6216,17823,22
38500,38517,22
12093,29018,22
23559,34133,22
34133,25032,22
25032,23553,22
23885,23755,22
26674,26662,22
38517,38499,22
23768,23576,22
17048,3493,22
38499,38463,22
38463,38462,22
38462,38494,22
23228,26371,22
28601,26355,22
23576,38749,22
23767,23768,22
44147,25855,22
6215,20947,22
17822,6216,22
20947,17822,22
40464,29169,22
29169,29170,22
19938,19936,22
19940,19938,22
29172,29175,22
38751,23767,22
17820,6215,22
29175,29176,22
29176,29177,22
43519,25133,22
25133,38752,22
38752,38751,22
25887,28601,22
27885,50483,22
38494,38492,22
9681,11742,22
17364,3760,22
3760,17365,22
41997,41520,22
35566,14600,22
41521,41997,22
8132,34998,22
10167,8947,22
48950,28638,22
28732,26718,22
41523,41521,22
1143,41523,22
19361,41673,22
49504,51559,22
43629,50863,22
41520,1163,22
27905,49563,22
3946,17364,22
3759,3946,22
1155,1162,22
2695,3759,22
3359,3758,22
3944,1964,22
26773,28236,22
3755,1983,22
15421,15422,22
3456,17030,22
2531,3755,22
3754,3353,22
2591,3754,22
17030,3457,22
3457,17029,22
37226,36001,22
21686,82,22
38889,8036,22
16392,16180,22
26849,44759,22
26654,45015,22
16212,44331,22
14149,14186,22
29606,14249,22
25748,26654,22
26716,26711,22
28941,41610,22
2618,3950,22
48095,25553,22
26919,26717,22
14348,14227,22
21218,19068,22
5549,5544,22
48321,48318,22
48323,48321,22
26717,26716,22
48325,48323,22
21164,21290,22
5496,21243,22
45015,41247,22
51579,5266,22
9048,41137,22
17907,41672,22
5777,5778,22
22637,24820,22
25074,25073,22
5778,5779,22
18559,7210,22
18510,6249,22
5399,5400,22
5397,5399,22
5353,5355,22
5352,5353,22
5351,5352,22
12910,13730,22
21304,18008,22
14355,24217,22
5408,5722,22
26744,26897,22
4111,4088,22
47912,5048,22
28239,51651,22
48327,48325,22
19183,48327,22
5776,5777,22
4626,19561,22
50666,50657,22
50650,50666,22
37824,50650,22
37825,37824,22
42592,36035,22
4603,4521,22
4604,4603,22
4812,4604,22
19561,4812,22
26918,26870,22
48304,19171,22
42162,26334,22
16520,16582,22
34595,34594,22
37823,37825,22
37822,37823,22
37821,37822,22
37820,37821,22
37819,37820,22
25486,42162,22
38980,51066,22
4521,4522,22
4522,4504,22
38979,38980,22
48310,48312,22
48307,48310,22
25208,24318,22
48306,48307,22
48868,48306,22
48941,49752,22
48637,38993,22
50657,50663,22
48304,48868,22
18643,18644,22
21231,21228,22
51067,51070,22
21228,21223,22
51070,38979,22
25282,25252,22
26870,26919,22
5497,21255,22
22219,22212,22
26334,25472,22
47922,25562,22
25116,15394,22
5121,5116,22
16446,14600,22
38353,38889,22
36815,7672,22
36854,36815,22
40117,26024,22
35715,48458,22
5150,5118,22
16128,16129,22
25605,26526,22
26526,40112,22
5151,5150,22
25081,24200,22
40112,43082,22
35176,15752,22
41736,4177,22
29002,27537,22
41737,41736,22
41739,41737,22
13810,13200,22
5152,5151,22
3274,2168,22
14274,41882,22
19862,4176,22
43613,40117,22
25493,43613,22
11980,27080,22
44703,11291,22
5118,42310,22
39490,51465,22
43735,43733,22
48480,42504,22
43733,43730,22
42310,5119,22
34005,34175,22
21921,34005,22
11291,47411,22
18302,18309,22
7747,7745,22
8434,34750,22
48458,48459,22
16097,38897,22
11490,10730,22
10730,9866,22
10224,9863,22
15460,16657,22
17637,19437,22
18270,5776,22
44137,20963,22
39733,15674,22
15674,15902,22
50765,25709,22
28696,25740,22
25740,43617,22
43617,26679,22
26679,44923,22
47842,16061,22
15902,15675,22
20963,21017,22
5153,5152,22
23288,41753,22
25911,48503,22
40524,40527,22
25915,25909,22
26305,25915,22
15675,24264,22
10446,10101,22
25572,28680,22
7057,18268,22
16074,16075,22
41866,41767,22
12831,12983,22
15835,16282,22
43082,43361,22
15640,15846,22
2168,3139,22
50340,50338,22
50338,50335,22
43361,43362,22
3139,17439,22
43362,43359,22
17439,3490,22
43359,28915,22
3490,3977,22
39182,16002,22
25151,25252,22
12570,12301,22
51405,21217,22
43717,21292,22
40566,39733,22
43719,43717,22
44001,50765,22
44600,44599,22
25126,16396,22
24593,24594,22
9035,41664,22
26039,26040,22
17612,17595,22
26723,26862,22
17588,48358,22
25515,26299,22
26862,26863,22
25328,33991,22
26040,26037,22
28119,27567,22
28121,28119,22
14325,29336,22
28173,26835,22
28125,28121,22
26863,26726,22
9126,9223,22
26038,26039,22
16109,15481,22
26861,26723,22
987,958,22
50494,44135,22
44135,15386,22
36909,24856,22
21838,152,22
21392,21356,22
21606,21359,22
26719,26720,22
4809,20739,22
26857,26719,22
26713,26857,22
26864,26865,22
986,987,22
26714,26712,22
26706,26714,22
9223,9114,22
28771,28470,22
21170,21171,22
9114,9115,22
26517,44760,22
16358,16356,22
44760,25469,22
25464,41960,22
46749,2112,22
41960,28916,22
13008,35739,22
23276,25253,22
16747,25284,22
48030,44290,22
50771,25709,22
25284,16358,22
48909,3934,22
19949,19447,22
9996,8824,22
16356,16357,22
19827,4401,22
26726,26864,22
24481,24436,22
9115,9119,22
5568,39030,22
2112,3364,22
9034,9035,22
9612,10894,22
16275,23275,22
39095,39099,22
16422,23276,22
36512,8667,22
28126,28142,22
4401,19829,22
39793,28126,22
23275,16422,22
50219,1154,22
26860,26861,22
26712,26713,22
28222,28778,22
26722,26721,22
26720,26858,22
22268,21919,22
26858,26722,22
5116,4880,22
26299,25488,22
12828,12847,22
12884,13263,22
26866,26867,22
4676,19359,22
6648,6649,22
6649,6650,22
6650,6651,22
19359,21037,22
26865,28579,22
28579,26866,22
42075,44600,22
28470,28770,22
6651,6652,22
6652,6653,22
6653,6654,22
6654,37183,22
37183,6655,22
24756,25328,22
15591,15631,22
16200,15723,22
21594,16200,22
42301,34458,22
6655,6656,22
26867,26868,22
34540,34543,22
10406,10201,22
26336,25486,22
26868,26869,22
10328,10114,22
16357,16359,22
22494,23596,22
18460,18435,22
25488,26336,22
42313,38117,22
26721,26860,22
37818,37819,22
10703,10781,22
12430,12291,22
26869,26918,22
27806,27909,22
42681,50495,22
21171,18460,22
40106,25526,21
981,986,21
16147,28638,21
24247,981,21
41275,44202,21
37661,13246,21
25601,40106,21
37116,37114,21
44247,41275,21
25613,25601,21
2416,51611,21
14046,14053,21
19583,17771,21
40242,4878,21
7780,8305,21
40406,40413,21
48257,48501,21
41767,22242,21
1857,3233,21
41280,44205,21
44207,41280,21
39738,44656,21
40414,44207,21
44202,6002,21
8796,9566,21
15393,39738,21
40413,41281,21
11002,11004,21
16293,16115,21
19296,40414,21
13087,14533,21
18985,4347,21
1813,3053,21
14532,13030,21
44656,40566,21
40367,44295,21
14150,14147,21
14147,14005,21
48501,39352,21
13993,13991,21
20911,19155,21
29496,29434,21
34441,34435,21
410,33929,21
41133,11173,21
1249,51258,21
47863,1296,21
50505,22280,21
14181,14151,21
6728,20105,21
13992,13990,21
14003,14006,21
40363,40367,21
14006,14007,21
14007,14148,21
14148,29333,21
43649,43648,21
10226,13320,21
43650,43649,21
14612,29581,21
14151,14150,21
48283,35115,21
40378,44247,21
21744,21768,21
40566,39735,21
25526,25517,21
29333,14182,21
40418,40378,21
25517,29304,21
18830,19863,21
5681,6363,21
44245,38920,21
13173,13083,21
13083,13095,21
40055,44018,21
24247,23631,21
14008,14533,21
4179,21286,21
18236,18861,21
44295,44245,21
17614,17612,21
42489,24390,21
50575,42489,21
44933,34800,21
34248,34253,21
24394,50575,21
6618,44243,21
42099,40113,21
39482,39498,21
26746,26759,21
47945,47949,21
24425,920,21
12349,35954,21
12356,29131,21
29131,12355,21
12355,12173,21
12173,29132,21
51013,24427,21
41281,41279,21
14132,14353,21
20200,20275,21
14297,14301,21
29394,14213,21
19934,19932,21
4360,19934,21
29438,14270,21
47946,47945,21
29110,12349,21
7945,8401,21
49880,48061,21
48516,49880,21
48810,48516,21
34510,34508,21
602,438,21
20920,19168,21
23027,22174,21
17589,48810,21
41336,41315,21
41315,22183,21
12051,12283,21
12283,12345,21
12345,12342,21
51024,51013,21
14209,14227,21
47949,19713,21
14633,762,21
28760,28753,21
28761,28760,21
5692,5693,21
5767,5682,21
24428,48255,21
28762,28761,21
28763,28762,21
28764,28763,21
2088,2771,21
51040,937,21
20123,20320,21
762,51040,21
10818,10811,21
4732,4770,21
24390,14633,21
5691,5765,21
4770,4719,21
4719,4740,21
27565,27567,21
20082,20081,21
7294,10775,21
27868,27866,21
4740,4721,21
10811,41112,21
5766,5767,21
41112,49370,21
51993,49685,21
47928,1296,21
5765,5766,21
25876,29110,21
48336,42448,21
48335,48336,21
34808,34434,21
1448,3921,21
5085,4150,21
34382,34379,21
34379,34376,21
34376,34377,21
34377,34390,21
43053,21778,21
34390,34392,21
5885,19332,21
41375,23896,21
21061,5143,21
5143,4717,21
26638,15486,21
15418,15420,21
1446,1448,21
3907,3928,21
43637,48335,21
17020,1794,21
40113,41602,21
41602,40114,21
19438,19439,21
19072,19438,21
40114,25633,21
47997,18459,21
49211,43504,21
44868,49211,21
44862,44865,21
19945,19947,21
28945,25613,21
27522,44862,21
27817,44197,21
34385,34382,21
49057,48801,21
48801,47114,21
47114,47156,21
24810,46,21
42198,34159,21
19845,42198,21
43501,43637,21
40001,19916,21
17572,21295,21
6382,5756,21
48958,17589,21
18570,21073,21
6367,5691,21
6365,6367,21
42443,43501,21
21348,21350,21
21381,15402,21
6363,6365,21
15402,21605,21
21364,21366,21
22085,46481,21
46481,23102,21
14945,493,21
41481,41482,21
23104,23122,21
17650,48958,21
20881,17650,21
47923,20881,21
36910,21513,21
47156,47923,21
26636,26642,21
27859,27862,21
17799,19583,21
4090,4091,21
41279,40415,21
51195,46230,21
44056,44054,21
40547,42966,21
17764,17770,21
42966,42963,21
48129,18544,21
39227,28217,21
42963,42960,21
42960,42957,21
42957,42955,21
44068,46875,21
4171,4175,21
47139,44053,21
12005,28065,21
42955,42953,21
42953,42916,21
42916,42918,21
50388,6707,21
42918,42911,21
42911,42909,21
20227,6057,21
18421,18431,21
19455,6985,21
11906,9915,21
26796,43357,21
6985,6902,21
44062,44056,21
49926,456,21
436,49926,21
9915,11905,21
26842,26938,21
11905,34275,21
34275,11820,21
28050,25857,21
11820,46635,21
9910,8768,21
23072,22189,21
15932,15934,21
10015,51666,21
51666,11819,21
11819,34276,21
34276,11906,21
6249,18507,21
44765,21497,21
21354,44765,21
23087,24768,21
42909,42904,21
8148,7747,21
41278,40384,21
5803,17940,21
44296,41278,21
19616,4479,21
40415,40410,21
40357,18814,21
40360,40358,21
6739,6480,21
19310,40348,21
40391,44299,21
40359,40361,21
6800,39877,21
40357,40359,21
25952,25953,21
5369,5370,21
5367,5369,21
18458,18434,21
11575,37258,21
24437,837,21
4501,18359,21
35312,4501,21
40388,40393,21
42904,39818,21
39821,42928,21
42928,42941,21
6111,6136,21
40404,40406,21
40407,40404,21
44203,40407,21
40393,44203,21
18382,18399,21
6136,6126,21
40390,40388,21
24083,13429,21
4146,38486,21
18804,49485,21
40384,40390,21
34273,48481,21
845,848,21
1799,1797,21
14350,13145,21
48357,25975,21
6126,6114,21
20903,17696,21
13368,29381,21
29381,29376,21
29376,29400,21
29400,29320,21
3021,42406,21
35220,15785,21
11120,21588,21
15832,47987,21
47987,50747,21
16942,1243,21
1562,42821,21
12905,13801,21
29120,29077,21
12985,12905,21
9269,11380,21
17508,3386,21
9130,9269,21
11736,8439,21
9186,11736,21
13373,43319,21
42406,4871,21
25980,25982,21
11380,9274,21
9274,51930,21
20911,19154,21
35062,34337,21
34228,34339,21
43521,22966,21
51930,11379,21
9063,11431,21
42045,41643,21
49365,26875,21
15853,41227,21
47839,26808,21
49413,26628,21
26923,21846,21
41227,41233,21
41233,35226,21
36304,41133,21
37396,37394,21
48214,14600,21
35226,35220,21
8603,9186,21
16296,9612,21
16295,16296,21
36771,41662,21
37354,37356,21
41133,13320,21
14017,14014,21
37356,37360,21
27422,40053,21
13920,14538,21
26123,43372,21
34584,41248,21
37812,34582,21
16791,16794,21
24213,699,21
25291,15639,21
15000,39043,21
14295,14458,21
25987,26181,21
25986,25987,21
47925,4957,21
6355,6356,21
25982,25984,21
28567,26805,21
25846,28567,21
37352,37354,21
42417,42416,21
34582,34583,21
8209,34608,21
11294,21588,21
24508,24509,21
34667,8209,21
47917,22658,21
37362,42417,21
28174,26832,21
42416,37296,21
37302,37352,21
37296,37304,21
1739,36080,21
40965,40964,21
40966,40965,21
40987,40966,21
6543,40987,21
37304,37302,21
4785,4789,21
42972,8148,21
44300,44296,21
6114,6129,21
48133,15372,21
48971,48982,21
48982,48972,21
48972,50155,21
50161,43961,21
43961,48991,21
48991,41128,21
41122,48986,21
48988,48975,21
48975,35879,21
43969,48985,21
48985,48990,21
6113,6111,21
48990,17004,21
35878,48977,21
48977,43962,21
43962,48994,21
48994,48954,21
4109,48978,21
48978,48960,21
48960,43969,21
43966,35878,21
43965,48971,21
48968,43965,21
41127,48968,21
25275,16303,21
43540,43541,21
43541,43542,21
43542,43543,21
43543,43544,21
43544,6135,21
6135,43545,21
24696,16336,21
5312,5717,21
5717,5356,21
6573,17913,21
34730,51088,21
17913,18860,21
3634,3635,21
3633,3634,21
17510,3633,21
43545,43547,21
19856,5557,21
42952,42906,21
42906,42910,21
42910,42912,21
6111,43551,21
43551,43554,21
16234,16125,21
19308,40374,21
18285,7250,21
42914,42954,21
24720,24695,21
12944,13946,21
13212,13096,21
40362,18814,21
40366,40362,21
44208,40366,21
40374,44208,21
40381,6000,21
42917,42914,21
41276,40381,21
41270,41276,21
20465,34265,21
14800,14825,21
41277,41270,21
6015,41277,21
6014,19325,21
6013,6014,21
40410,6013,21
18320,18308,21
51092,34730,21
11990,47835,21
14307,14305,21
34842,7876,21
10236,10627,21
34878,35032,21
24782,22418,21
35032,7879,21
43554,6136,21
14171,14399,21
14399,14422,21
14422,14307,21
14305,29562,21
28309,28482,21
48208,9056,21
6136,43550,21
27793,25940,21
24680,24785,21
16678,48247,21
43550,43548,21
43548,43539,21
38110,16107,21
42912,42917,21
18579,43540,21
25240,16330,21
18753,18768,21
50954,44131,21
44294,40403,21
48870,25070,21
6127,6128,21
6128,4988,21
6670,6671,21
6671,50811,21
4988,6140,21
18771,20883,21
21628,48133,21
6140,6134,21
5165,5139,21
40513,51172,21
37039,50954,21
50488,8474,21
6134,6135,21
6135,21004,21
42941,42939,21
42939,42938,21
50544,39829,21
40403,40402,21
40402,40394,21
27602,27294,21
40385,40386,21
19323,40358,21
3054,20676,21
4777,4756,21
3042,51643,21
51643,17513,21
40386,18812,21
4756,4738,21
6129,6127,21
34722,7864,21
50404,50407,21
40389,40385,21
25072,39732,21
50965,50408,21
24263,25075,21
15393,25117,21
40392,40389,21
50408,50404,21
40394,40392,21
39823,40545,21
22418,23777,21
42942,39819,21
42940,42942,21
27269,39536,21
42935,42937,21
39536,43609,21
51401,27242,21
42934,42935,21
50811,6790,21
42937,42940,21
40545,42934,21
27243,51401,21
6674,6675,21
39820,42952,21
6675,6676,21
15460,15643,20
34521,51148,20
41801,34467,20
47930,17721,20
24825,34054,20
34001,24843,20
51471,24200,20
8016,8015,20
6762,6761,20
35683,11065,20
9150,11411,20
14549,13585,20
9275,9150,20
11379,9275,20
34054,16831,20
22999,34087,20
16831,47071,20
35290,248,20
47071,48077,20
19713,40489,20
15430,22999,20
49036,46902,20
47943,26122,20
48813,48824,20
23615,50025,20
24843,23615,20
24211,24462,20
24462,23257,20
41609,28938,20
34429,34657,20
6064,7029,20
20397,46514,20
40486,48254,20
34749,8434,20
48254,48251,20
34750,38888,20
19722,19846,20
14430,14429,20
42514,14430,20
38888,7746,20
34495,34482,20
48251,48252,20
34781,34719,20
34482,34470,20
19381,20621,20
34794,8069,20
7766,7720,20
34747,34748,20
34470,34465,20
40488,40486,20
11387,9130,20
48252,7191,20
8169,8170,20
8036,34747,20
43073,8016,20
38887,38353,20
7745,38887,20
39115,413,20
414,50133,20
40489,40488,20
23612,34001,20
34748,34749,20
5108,5109,20
46902,47069,20
44680,12823,20
4210,19937,20
26890,26854,20
28065,38981,20
45016,45013,20
39781,39771,20
42455,39789,20
18624,18593,20
51195,18459,20
6249,37180,20
44183,44185,20
44185,43563,20
43563,43061,20
43061,43060,20
43060,26890,20
26854,26855,20
50764,26846,20
26855,26856,20
26856,28189,20
28298,43567,20
39791,28841,20
28841,27571,20
44630,43599,20
43599,43571,20
27571,48524,20
48524,43525,20
523,519,20
519,507,20
628,344,20
45013,26309,20
29310,12945,20
23028,22190,20
101,39763,20
17329,2765,20
15003,49517,20
5449,5727,20
5447,5449,20
5445,5447,20
5444,5445,20
6668,40587,20
50814,50815,20
50809,50814,20
43260,43593,20
47799,18695,20
39763,23763,20
16063,22608,20
24031,24046,20
36360,41133,20
39761,99,20
12847,13204,20
15993,23257,20
50341,1288,20
37273,49251,20
18589,18547,20
16816,44338,20
21320,50126,20
14613,24722,20
23974,24034,20
24034,24031,20
350,708,20
22190,22191,20
13274,9046,20
43284,43289,20
23971,23954,20
3870,1636,20
23954,24450,20
11070,10430,20
11081,21589,20
24057,13429,20
20746,20748,20
20876,20628,20
49707,49696,20
7013,37612,20
42609,39748,20
20643,42609,20
42080,43284,20
44330,43308,20
15518,42470,20
15517,15518,20
29320,15517,20
13521,42862,20
14580,13521,20
12812,14580,20
13416,13419,20
42621,24242,20
41931,44444,20
24229,15605,20
15594,16207,20
25266,23376,20
24027,23971,20
23998,24027,20
22191,23031,20
38840,38842,20
29641,50644,20
1569,4124,20
14484,14420,20
14483,14484,20
41890,14483,20
13867,13880,20
39178,41755,20
45001,48974,20
48974,48939,20
958,934,20
20760,20761,20
38842,9238,20
38841,38840,20
23619,24015,20
9161,38841,20
38843,9161,20
9237,38843,20
26897,26729,20
11419,11399,20
11417,11419,20
11415,11417,20
10648,11415,20
11430,10648,20
10781,11430,20
22476,24117,20
24444,24105,20
14400,51462,20
9820,8781,20
47909,324,20
39491,43903,20
16221,43829,20
44330,16259,20
50681,15998,20
24753,22989,20
21148,18443,20
4229,20394,20
1124,48414,20
74,15795,20
15795,16823,20
16823,16699,20
16699,16701,20
43475,28600,20
14720,29450,20
25220,16177,20
41596,16824,20
16824,25332,20
9048,11119,20
8999,43801,20
35294,18572,20
18582,35294,20
38492,38491,20
41522,1145,20
26197,26194,20
27118,25591,20
25594,26326,20
26322,11945,20
43829,23236,20
16320,16317,20
41998,41522,20
16582,29383,20
14282,29434,20
438,615,20
42621,24236,20
48358,44341,20
44341,17579,20
1279,1252,20
11092,41495,20
29350,23098,20
34445,34435,20
34543,34545,20
34557,41282,20
44174,16629,20
11387,9209,20
10794,10816,20
9209,11390,20
11390,11391,20
28746,28765,20
28765,28764,20
11391,9196,20
5243,18442,20
41377,41374,20
15645,22974,20
40530,50229,20
41868,49438,20
12090,12509,20
22820,23908,20
26312,26305,20
41990,41998,20
9907,8870,20
7197,47879,20
41784,18121,20
38490,38529,20
38529,38488,20
38488,38454,20
38454,38487,20
38487,38486,20
20534,2358,20
9946,9938,20
10541,9923,20
11452,11534,20
39688,39687,20
39686,39688,20
47827,20534,20
38526,38457,20
50863,50866,20
51622,39250,20
9226,9125,20
13354,12918,20
14350,14129,20
29377,14093,20
13358,13751,20
22835,23777,20
34805,34348,20
9362,10444,20
873,867,20
15591,25336,20
38457,38490,20
38485,38526,20
41519,41990,20
26314,25888,20
17272,41519,20
48949,28638,20
17219,41513,20
1198,17219,20
48502,26132,20
26132,26127,20
25351,37245,20
26127,26129,20
42892,23322,20
26129,26272,20
26275,25558,20
11934,26314,20
25888,25978,20
38484,38485,20
25994,26264,20
26198,26195,20
159,21426,20
161,159,20
162,161,20
169,162,20
172,171,20
9118,9117,20
38491,38483,20
9117,9226,20
17907,41673,20
38483,38484,20
24015,23998,20
37314,37312,20
3068,17454,20
51587,24505,20
25267,24318,20
16896,134,20
133,22091,20
35312,4717,20
21406,21410,20
21413,21383,20
20583,20572,20
16014,21847,20
21385,15402,20
15384,21359,20
726,51257,20
364,360,20
44669,51915,20
4028,1128,20
47997,18523,20
24211,16817,20
42112,17750,20
29406,50491,20
22235,14693,20
15461,16138,20
37043,37044,20
21279,20184,20
50259,831,20
16582,787,20
18127,18149,20
4036,1376,20
40267,6795,20
35724,16896,20
44926,15210,20
47848,16977,20
14594,44420,20
6737,6689,20
6736,6737,20
16305,15697,20
48840,41491,20
16463,39160,20
41492,43661,20
25560,25561,20
23463,23461,20
15539,41487,20
41487,39160,20
44420,48582,20
21753,21754,20
21766,21767,20
21742,21743,20
21751,21745,20
26694,26692,20
21745,21746,20
21746,21747,20
21747,21749,20
21749,21750,20
21750,21752,20
21738,21739,20
21739,21740,20
21740,21741,20
21741,21742,20
17048,50817,20
4563,43147,20
21213,21301,20
621,264,20
278,286,20
38143,48133,20
19606,6354,20
21255,21254,20
21254,21287,20
17748,19672,20
5310,5339,20
5339,5340,20
5340,5341,20
5341,6356,20
27010,27007,20
4797,4894,20
26520,50482,20
37066,37067,20
12,16246,20
50390,37066,20
27866,27887,20
6963,6964,20
6964,38565,20
38565,38556,20
18024,50051,20
330,359,20
522,519,20
41133,35694,20
36344,9048,20
23534,13178,20
40146,26883,20
5014,5048,20
11,12,20
20112,6526,20
2533,3086,20
9969,10302,20
6525,20112,20
20105,40763,20
10302,11810,20
48479,24711,20
11810,10304,20
10304,11557,20
11557,9970,20
17078,17077,20
17077,17076,20
26759,28573,20
5488,19251,20
2532,2533,20
10,11,20
16649,46285,20
7956,34708,20
15771,15783,20
15575,15608,20
15608,15609,20
15609,15610,20
37662,13246,20
29681,13126,20
27995,28007,20
15649,16120,20
35326,22259,20
23897,24182,20
50259,42488,20
50742,21710,20
4953,4780,20
21706,50742,20
9148,9145,20
9182,9148,20
9183,9182,20
38594,9183,20
6372,6371,20
6371,6370,20
6370,5340,20
5340,17524,20
6368,6366,20
11242,10754,20
40777,11242,20
9440,11239,20
10770,11539,20
9879,10770,20
28475,28480,20
1077,44100,20
28480,48733,20
28658,27346,20
27976,11979,20
27967,27976,20
27977,27967,20
41656,50563,20
15768,15585,20
10687,11806,20
47736,8947,20
41654,41656,20
48822,44778,20
9145,9185,20
22192,23034,20
19285,18832,20
21461,613,20
21471,24787,20
12990,13237,20
48083,13226,20
12963,23418,20
35914,35911,20
35911,35910,20
35916,35899,20
35899,35898,20
35898,35900,20
50898,21633,20
613,21584,20
22105,23401,20
21460,21461,20
6944,20663,20
21458,21459,20
8613,21458,20
11045,8613,20
2394,42805,20
42805,17043,20
17043,1788,20
1788,17037,20
17037,17038,20
18028,18092,20
6953,20675,20
40283,6953,20
6946,6951,20
28168,41654,20
41927,28168,20
26608,26602,20
15642,23261,20
17454,3932,20
37344,37346,20
4886,4795,20
4795,4620,20
50337,50336,20
50336,50339,20
15840,15707,20
4784,4732,20
4897,4784,20
4766,4897,20
4618,4766,20
4826,4618,20
26853,27885,20
899,852,20
46399,46377,20
18248,44138,20
19517,18248,20
21074,19517,20
16084,15769,20
28517,26640,20
21090,19392,20
42417,37362,20
42416,42417,20
24442,808,20
50030,6481,20
51868,21706,20
860,862,20
48054,4630,20
17940,17927,20
27380,27398,20
26602,26604,20
26604,26614,20
42247,41927,20
18223,18197,20
42524,42247,20
28158,29036,20
27440,28159,20
26615,27805,20
27805,26601,20
27113,28023,20
28021,27113,20
27398,28021,20
17353,3119,20
27659,27660,20
3125,17353,20
5371,5368,20
5368,5365,20
5367,5714,20
48275,24468,20
26601,26605,20
6392,18760,20
8878,8916,20
15903,43519,20
3182,3125,20
2846,3046,20
28400,28403,20
25810,40146,20
21374,21405,20
47788,13246,20
25952,28111,20
22633,24785,20
757,47038,20
28112,28617,20
12327,44786,20
44333,12327,20
19942,4362,20
4362,19940,20
50041,50042,20
42172,44333,20
3984,2069,20
28544,26657,20
12615,42172,20
25951,29003,20
38558,3703,20
14598,29407,20
25948,28638,20
12740,40150,20
8030,8031,20
8031,8033,20
36030,1627,20
4792,19571,20
23909,23936,20
39992,39991,20
39993,39992,20
24159,24108,20
24108,24121,20
28294,28295,20
17818,6046,20
50537,15946,20
27018,39593,20
37597,13246,20
1173,1643,20
3993,1134,20
49325,1141,20
27542,28093,20
20533,20303,20
15990,25918,20
48419,1170,20
27540,27544,20
25950,27213,20
17206,16972,20
37326,37324,20
27815,42161,20
38658,48419,20
18919,18310,20
24763,24850,20
48054,6189,20
19576,19577,20
15598,15569,20
26648,27918,20
8865,10400,20
10991,8865,20
10572,11003,20
15279,15322,20
49169,15306,20
36541,13632,20
1184,1173,20
23660,11161,20
12932,12824,20
24121,23660,20
39761,100,20
12824,12876,20
39563,27865,20
27572,39563,20
26718,34287,20
8826,8827,20
27861,27841,20
13714,12841,20
13129,13033,20
38556,38558,20
12299,38959,20
12876,12829,20
48471,34082,20
29221,26852,20
34083,23763,20
39828,50558,19
19488,20891,19
41133,4871,19
5723,5409,19
40544,39822,19
42936,40544,19
15189,25391,19
37076,37078,19
51005,17227,19
50436,51005,19
20122,5565,19
39699,48303,19
5902,40503,19
34457,34638,19
929,930,19
930,931,19
953,42463,19
24981,38704,19
20965,20956,19
34143,42036,19
34623,34655,19
17754,17753,19
19556,5881,19
29170,29172,19
46729,46861,19
46861,46627,19
46627,9239,19
18235,20965,19
50744,47985,19
20956,6208,19
16336,38796,19
5568,37514,19
17758,17744,19
42020,20212,19
7207,5803,19
9867,9864,19
42938,42936,19
15457,15458,19
12963,48275,19
15630,35231,19
15450,15452,19
11221,11212,19
5397,5422,19
24207,50495,19
15385,24207,19
35225,15708,19
35227,35225,19
41226,35227,19
39052,5371,19
41232,41226,19
15579,41232,19
5370,5768,19
47985,49377,19
26890,28332,19
28332,28189,19
11215,11221,19
715,453,19
28278,26649,19
9239,9237,19
50551,50229,19
42954,42956,19
6610,6604,19
1396,17269,19
42961,42962,19
15042,24878,19
24878,15057,19
16087,14600,19
16159,47907,19
42962,42965,19
1698,34288,19
28546,26618,19
44055,44057,19
17436,1698,19
34448,34449,19
44690,26585,19
39030,49485,19
34449,41225,19
34290,38852,19
23470,23461,19
8468,29342,19
48312,48314,19
22858,985,19
48314,48316,19
48316,48319,19
42109,41982,19
48319,48320,19
48320,48322,19
48322,48324,19
48324,48326,19
41225,34451,19
34451,42109,19
48326,20927,19
34288,34290,19
5570,19858,19
42956,42958,19
44317,21769,19
40530,50551,19
26622,26624,19
41377,41375,19
5718,6380,19
27679,27718,19
19746,6093,19
27718,27716,19
27716,27890,19
8471,11215,19
1753,42842,19
8475,8471,19
26624,28546,19
1176,1177,19
23220,22633,19
5491,5496,19
39268,24265,19
43585,25701,19
10834,35682,19
47925,4635,19
37300,37294,19
34510,34509,19
37326,37300,19
17827,17829,19
44340,44317,19
42958,42961,19
12941,12900,19
34446,34447,19
34447,34448,19
38852,1690,19
34583,34584,19
40515,20373,19
39779,44943,19
36833,39268,19
48253,48250,19
44826,48253,19
7191,44826,19
43248,43247,19
9193,9141,19
43249,43248,19
44218,19808,19
44214,44218,19
44215,44214,19
43250,43249,19
43251,43250,19
42823,43251,19
20032,44215,19
5328,5332,19
5463,5460,19
5464,5463,19
39735,24457,19
39732,51936,19
9187,9193,19
48250,40487,19
5699,5326,19
9142,9187,19
6369,6368,19
17524,6369,19
35345,20397,19
29404,29467,19
5310,6372,19
23344,24311,19
24311,24310,19
6879,4870,19
24087,22396,19
24310,16219,19
22489,22771,19
5400,5401,19
9185,9143,19
9143,9142,19
37,34059,19
40490,17611,19
40487,40490,19
5467,5464,19
12978,13775,19
35069,38694,19
18859,18860,19
21166,21163,19
6405,18069,19
37273,11030,19
12824,13128,19
13062,13000,19
21633,23110,19
28236,28237,19
26758,26891,19
35923,35927,19
35921,35923,19
35919,35921,19
35896,35919,19
35917,35896,19
42726,35917,19
21367,21591,19
25124,25099,19
50015,50070,19
17983,17989,19
18859,17922,19
15677,15378,19
19381,21286,19
15900,15853,19
15702,15898,19
19863,19349,19
47024,48086,19
47069,47024,19
44213,5603,19
16221,44248,19
44216,44213,19
44217,44216,19
44226,44217,19
5576,44226,19
19793,5576,19
19500,19793,19
34253,19500,19
7241,6567,19
18869,18249,19
18455,18440,19
38694,35062,19
4510,41045,19
981,42462,19
11420,11418,19
11422,11421,19
49047,49039,19
49039,49036,19
14949,24253,19
40769,40759,19
40758,40769,19
40772,40758,19
40757,40772,19
40773,40757,19
51036,14949,19
51037,51036,19
51038,51011,19
24421,51038,19
17381,1217,19
51026,919,19
51034,51026,19
51015,51034,19
11421,11420,19
11418,11416,19
42466,51017,19
46859,27301,19
24242,981,19
38658,47885,19
51046,24242,19
24236,51046,19
36832,36833,19
24787,25006,19
6685,40592,19
40592,6678,19
24673,24787,19
6500,20264,19
10649,10498,19
15573,21917,19
33994,34047,19
22377,33994,19
11416,11414,19
22376,22377,19
15861,22376,19
51017,51015,19
9063,9062,19
6366,6364,19
5523,19122,19
17028,38539,19
1213,1223,19
47966,24920,19
1207,1213,19
48026,48017,19
40881,48036,19
5401,5402,19
39910,19129,19
10954,11279,19
35070,38695,19
34800,34801,19
17025,3469,19
43859,3456,19
39920,39902,19
4741,4879,19
26737,51390,19
39890,39920,19
35493,34368,19
19122,5524,19
20908,20914,19
5524,19123,19
39913,20900,19
6336,20322,19
5625,20696,19
28195,41642,19
5624,5625,19
39916,20897,19
48017,46859,19
39917,39916,19
39918,39917,19
39919,39918,19
2799,3310,19
38543,2792,19
38541,38543,19
38539,38541,19
11338,9258,19
20896,39919,19
19123,20898,19
17744,6500,19
4010,1153,19
15396,23252,19
11662,9220,19
5302,6354,19
18371,18395,19
23895,108,19
35287,22934,19
11661,9194,19
20832,5989,19
1326,3396,19
3396,3397,19
3397,3400,19
43911,4924,19
35740,29665,19
42467,14623,19
1687,42829,19
29665,14418,19
3400,1678,19
9194,11662,19
20264,7198,19
23726,22968,19
9220,9195,19
28320,26616,19
23725,25016,19
58,23725,19
57,58,19
56,57,19
61,56,19
34388,34384,19
55,61,19
34384,34383,19
54,55,19
34383,34389,19
26621,28320,19
38392,54,19
40345,42901,19
9195,10698,19
1678,3401,19
22193,22196,19
22205,24714,19
18629,18637,19
4155,21170,19
24513,24514,19
268,752,19
752,420,19
37172,6695,19
12959,14595,19
15563,21475,19
15096,26632,19
12639,12640,19
10716,10281,19
10084,41133,19
10780,8750,19
3733,3731,19
50686,20776,19
38799,50686,19
21305,20917,19
21309,46399,19
23047,23048,19
6505,17764,19
18637,18642,19
9716,11664,19
11843,11568,19
18642,18656,19
13120,13481,19
22131,23071,19
19588,6575,19
23046,23047,19
17738,19588,19
38332,38333,19
47003,14961,19
14990,42817,19
15035,36997,19
21895,23129,19
25016,23726,19
22968,25013,19
18409,7152,19
9217,9215,19
2046,2016,19
5989,5990,19
9120,9217,19
2016,2013,19
9229,9120,19
2013,2014,19
9230,9229,19
9232,9230,19
9233,9232,19
13039,13345,19
51757,1251,19
51607,51757,19
23974,24784,19
51602,51607,19
10251,42149,19
3731,2046,19
3685,1077,19
35323,64,19
5990,34249,19
19095,19139,19
41360,41359,19
41363,41360,19
41364,41363,19
48221,17623,19
3685,1645,19
51088,34732,19
24784,13439,19
5991,20137,19
41366,41364,19
42794,41366,19
11663,9716,19
9121,9213,19
9215,9121,19
34249,5991,19
1282,51602,19
2014,2015,19
22066,21744,19
98,39763,19
37092,38391,19
34391,34395,19
34787,34782,19
34395,34400,19
53,37092,19
25378,53,19
38375,25378,19
12404,12367,19
21166,18440,19
23809,16252,19
10698,11663,19
23723,23724,19
22427,22429,19
15420,22427,19
64,15420,19
2024,2681,19
35008,35009,19
7848,35008,19
42157,8040,19
22280,793,19
34697,7848,19
14419,13008,19
7830,43654,19
2015,2023,19
35196,35195,19
43653,7830,19
16834,15435,19
49717,49720,19
2023,2024,19
27776,49717,19
44669,51919,19
22489,16833,19
16833,16834,19
7152,50685,19
4400,19825,19
41359,2164,19
34562,34561,19
9631,11659,19
11659,11660,19
34076,24467,19
28598,39564,19
7330,8436,19
7333,7330,19
40776,13247,19
11660,11661,19
27634,27627,19
15073,24879,19
27723,27738,19
26745,26748,19
26748,48616,19
48616,7590,19
27738,27746,19
42448,48329,19
15266,23601,19
1602,4025,19
7564,7719,19
14532,12973,19
24879,15076,19
25894,25675,19
25666,25894,19
25665,25666,19
15259,15266,19
15254,15259,19
29415,40799,19
22080,23114,19
15283,15255,19
6483,7232,19
11658,9631,19
11219,11208,19
15425,15427,19
15217,14621,19
48317,48315,19
11657,11656,19
48315,48313,19
11656,9205,19
48313,48311,19
9715,11655,19
29293,25822,19
48311,39702,19
11655,11657,19
39702,48305,19
48305,48808,19
48808,48303,19
29189,12162,19
11210,11219,19
15057,15065,19
15065,15073,19
6133,18571,19
1043,1041,19
43538,6133,19
43537,43538,19
43536,43537,19
23400,21895,19
21290,43536,19
44099,1057,19
9205,11658,19
11212,11210,19
23601,15360,19
50644,35300,19
18691,42400,19
26649,26634,19
29385,29402,19
1384,3832,19
51124,51125,19
11227,9715,19
48329,48333,19
20259,7292,19
25891,25893,19
19849,40525,19
26784,26779,19
41311,41330,19
47856,3937,19
43569,43571,19
18757,18313,19
37676,13322,19
13103,42877,19
13203,14315,19
28805,28807,19
10833,10834,19
15287,15286,19
22078,15287,19
16205,22099,19
18234,19381,19
18962,18961,19
19825,18962,19
7234,18234,19
7240,18251,19
7198,20259,19
11664,11227,19
24591,24593,19
459,14919,19
34232,34429,19
7292,6501,19
26784,28230,19
33991,22895,19
15076,15074,19
15074,30,19
29467,15221,19
15285,15283,19
30,31,19
31,32,19
21588,29342,19
32,33,19
33,34,19
13942,48366,19
15284,15285,19
7293,6503,19
6502,7293,19
35910,4084,19
21695,22315,19
6501,6502,19
34346,34408,19
21613,21388,19
22254,41313,19
10448,10716,19
8755,10084,19
48318,48317,19
19546,19547,19
49208,49591,19
15286,15284,19
9196,9141,19
214,213,19
18005,6623,18
6189,42433,18
17696,19154,18
19043,17696,18
21497,21499,18
43481,43482,18
21615,966,18
36910,15897,18
37203,40359,18
42523,25973,18
40359,19849,18
43492,43481,18
10878,43492,18
20840,5549,18
1145,4028,18
51636,3293,18
43482,43483,18
9116,9118,18
9113,9116,18
19447,20087,18
28056,42523,18
19095,40496,18
5301,5302,18
44146,27981,18
43483,43238,18
43238,10884,18
11746,8899,18
8899,7444,18
28744,26718,18
26784,28744,18
17718,19139,18
10879,10878,18
27909,27787,18
27522,27806,18
16896,22091,18
20903,5529,18
44244,17665,18
37362,37364,18
44189,17689,18
6095,17710,18
12208,39313,18
38957,12207,18
38959,48070,18
34471,34481,18
15783,16466,18
34481,34494,18
17710,47930,18
44196,44194,18
44194,44193,18
44193,44190,18
44190,44189,18
17664,17635,18
51427,10879,18
48183,4339,18
23158,24713,18
29184,29024,18
51159,7559,18
35193,28425,18
42983,3427,18
17637,19067,18
29024,12594,18
12594,29237,18
29237,39999,18
11605,9343,18
28709,28708,18
25226,25206,18
39313,29050,18
25229,25226,18
29305,26849,18
17671,44188,18
44188,44191,18
44191,44192,18
44192,44195,18
44195,44196,18
29200,12595,18
12596,29200,18
8240,38891,18
38891,8241,18
37376,37374,18
8331,8246,18
8246,8244,18
8244,8245,18
8245,34947,18
6095,48260,18
34947,8242,18
17630,17661,18
17661,44244,18
34505,34495,18
49653,24467,18
17712,6093,18
28868,39314,18
4018,1188,18
29275,28868,18
26849,45019,18
28708,26705,18
43052,50335,18
8816,8786,18
17532,17569,18
37364,37362,18
37694,47432,18
17574,7191,18
3386,17493,18
46902,47926,18
13509,50639,18
47926,17694,18
50639,29514,18
17681,48260,18
24850,23551,18
11152,11167,18
17493,1187,18
11167,11165,18
4069,16937,18
14175,14369,18
7057,18861,18
17693,47931,18
47931,49043,18
49043,49064,18
7444,8733,18
8733,10281,18
10393,10421,18
9754,11249,18
11249,51427,18
20115,5555,18
42876,21799,18
41604,27652,18
40566,51936,18
3385,17508,18
15397,25117,18
8788,8816,18
42989,42987,18
9908,8788,18
9682,9909,18
28424,35194,18
37384,41293,18
37382,37384,18
4878,5145,18
48206,26659,18
1340,17269,18
35079,3615,18
15564,25398,18
19809,20286,18
50133,50107,18
3615,35078,18
35078,39618,18
39618,35077,18
19740,4229,18
35077,17416,18
10498,9682,18
11019,11015,18
11000,9032,18
10965,8981,18
17526,6578,18
830,14603,18
24167,24734,18
3894,3820,18
28155,28164,18
38936,44681,18
50332,13214,18
48394,48456,18
48761,48394,18
495,14800,18
17190,2119,18
27370,25972,18
42665,27446,18
28165,42665,18
28164,28165,18
28156,28155,18
47894,15746,18
33929,411,18
27579,51570,18
48057,43370,18
37420,48057,18
8636,10446,18
43608,28638,18
41374,42659,18
409,410,18
4185,18876,18
2360,2362,18
22905,24131,18
21881,21815,18
47810,18695,18
27858,26852,18
39055,39054,18
5410,39055,18
5945,5943,18
44951,4292,18
44952,44951,18
44953,44952,18
44954,44953,18
44955,44954,18
29135,12177,18
49867,29135,18
29134,49867,18
29133,29134,18
29007,25753,18
20357,20358,18
20369,20357,18
4804,4716,18
4716,5166,18
19478,20369,18
49377,15621,18
44147,49772,18
12109,44147,18
24361,24363,18
49065,41132,18
13215,16777,18
42707,29480,18
24392,42492,18
18961,18955,18
19897,19898,18
49325,2657,18
1187,2656,18
1097,38700,18
50025,24619,18
24619,24620,18
49384,10794,18
14538,42707,18
37067,35438,18
25920,26227,18
35438,37068,18
37068,37069,18
37069,37070,18
49171,22072,18
25704,28327,18
28327,29243,18
29243,39133,18
14239,14241,18
14252,29382,18
47976,12275,18
42492,49803,18
49803,24467,18
1071,4134,18
16875,16204,18
42087,19240,18
42901,44388,18
44388,43636,18
10688,11750,18
9787,10065,18
9980,47311,18
9786,9882,18
49835,12404,18
20977,48416,18
16241,16162,18
16240,16134,18
16144,16240,18
18656,18664,18
18664,5760,18
18809,19298,18
23879,15563,18
16140,16141,18
16130,16140,18
18150,40267,18
16347,16282,18
16272,25265,18
39054,39053,18
14108,14093,18
14091,13750,18
4484,40677,18
48017,51465,18
29006,28093,18
24185,24183,18
24184,24185,18
24182,24184,18
42161,28902,18
27623,26665,18
26873,26475,18
47900,26122,18
40632,40631,18
5185,40677,18
5548,35249,18
487,493,18
24155,24157,18
22817,22667,18
22667,24032,18
24032,24035,18
24035,23975,18
23965,23941,18
42833,42813,18
42851,42833,18
4152,17537,18
48041,48017,18
50237,48041,18
48029,50237,18
48023,48029,18
2722,2723,18
2723,2724,18
2724,1907,18
1907,1905,18
20740,4763,18
1905,16993,18
11130,11129,18
16994,2705,18
8827,8828,18
11129,11128,18
11096,11134,18
10385,11096,18
11097,10385,18
11128,11132,18
11098,11097,18
11099,11098,18
11102,11099,18
11131,11102,18
27302,48036,18
48026,48022,18
48022,48023,18
17537,17543,18
17543,17552,18
17552,18451,18
18319,18293,18
21537,16670,18
18293,18285,18
6583,18232,18
18232,18227,18
14594,14591,18
18227,18223,18
48296,1372,18
47799,18677,18
26418,26419,18
36344,10236,18
41133,4124,18
8217,8457,18
23207,23205,18
41629,41628,18
17740,41629,18
24051,24050,18
24065,24051,18
24066,24065,18
24079,24066,18
6382,5489,18
35249,19879,18
979,15897,18
18309,18319,18
27564,39769,18
44136,26828,18
40637,14316,18
37570,3602,18
51872,3956,18
3830,51872,18
1440,3830,18
29568,29398,18
34457,34636,18
27481,51568,18
11225,11227,18
15115,780,18
1615,2606,18
43570,43568,18
34807,34805,18
5713,5383,18
39059,5712,18
39428,39470,18
28807,12765,18
12765,29096,18
29096,28809,18
28809,29097,18
29097,29099,18
17462,1327,18
1327,1375,18
24620,50054,18
49055,49088,18
14627,51022,18
24252,14627,18
50019,35087,18
9617,9878,18
20084,20083,18
5682,5683,18
15767,15768,18
50563,50982,18
50982,49041,18
49041,49055,18
6338,6388,18
44364,50213,18
15370,15346,18
49718,49711,18
49711,49734,18
49734,49726,18
15347,15380,18
15380,22072,18
22081,21608,18
21371,21624,18
21624,21598,18
4086,4135,18
51022,51028,18
41430,41436,18
766,903,18
903,996,18
2787,2788,18
2788,3550,18
1125,44364,18
43514,1636,18
39216,48642,18
47888,25540,18
830,37416,18
44096,1057,18
42210,42584,18
3073,43018,18
14819,49199,18
41434,41432,18
41432,41430,18
24607,42467,18
914,24607,18
7113,7094,18
7094,7095,18
24730,914,18
918,24730,18
992,24422,18
996,992,18
16267,47254,18
47254,25256,18
22099,43783,18
48883,17586,18
35478,35482,18
35477,35478,18
17712,17702,18
17535,17545,18
17530,17535,18
37832,39384,18
39384,37831,18
37831,37830,18
37830,39382,18
17527,17530,18
17529,17527,18
17570,17539,18
7191,44825,18
49024,49047,18
49064,49024,18
12925,29476,18
51529,14564,18
41264,15409,18
48615,41130,18
25083,15853,18
12916,13926,18
48517,48883,18
17586,48987,18
17256,1068,18
48987,46902,18
1036,36111,18
41648,41646,18
41646,28026,18
28026,28002,18
28002,28004,18
50691,750,18
751,727,18
16519,16516,18
5395,6380,18
37465,5395,18
49871,48517,18
48062,49871,18
48086,49031,18
51534,5693,18
40190,20521,18
51531,51534,18
51533,51531,18
5330,51533,18
3295,19922,18
18568,6139,18
35485,35939,18
3554,3059,18
46748,41510,18
50046,50065,18
15729,15730,18
15583,15736,18
15735,15583,18
15734,15735,18
15733,15734,18
15732,15733,18
15731,15732,18
15730,15731,18
46520,42981,18
21401,48758,18
51114,153,18
15728,15729,18
41510,41513,18
15727,15728,18
15726,15727,18
15725,15726,18
38725,15725,18
41179,29085,18
43434,11274,18
25153,25150,18
16085,16084,18
15583,16086,18
15582,15583,18
15738,15739,18
6213,19372,18
17817,6213,18
1359,17269,18
20937,20943,18
40814,23133,18
20940,20939,18
20939,20935,18
20935,17817,18
21113,21100,18
4529,21113,18
6151,6110,18
6113,4992,18
4992,4994,18
4994,4995,18
4995,4990,18
4990,6133,18
6133,21056,18
21056,4987,18
4987,6146,18
6146,6144,18
6144,6119,18
6119,21306,18
23169,23170,18
15745,15598,18
16465,15585,18
9931,11534,18
41137,34240,18
19443,18568,18
6120,6147,18
6147,6145,18
6145,18570,18
18570,21051,18
21051,4989,18
4989,6130,18
6130,6131,18
6131,4991,18
4991,4993,18
4993,6132,18
6132,6125,18
3112,3214,18
15181,15192,18
15323,23106,18
15541,15542,18
41485,15539,18
41489,41829,18
44892,44815,18
15414,44892,18
37078,37080,18
1152,1148,18
43655,6120,18
19442,19443,18
48912,1296,18
43763,43762,18
3937,48898,18
3840,3588,18
25665,26007,18
43254,10662,18
101,34088,18
42069,42065,18
28215,42069,18
28417,28422,18
38660,35175,18
25969,27441,18
27441,25971,18
25971,27375,18
29199,40063,18
8644,9476,18
9476,9480,18
405,410,18
3123,2891,18
3214,3123,18
11771,9434,18
34530,34538,18
15601,25675,18
408,14757,18
1941,2722,18
23544,39805,18
39312,34976,18
16846,98,18
98,39762,18
17123,17069,18
17287,17123,18
38922,1099,18
38923,38922,18
1107,38923,18
17070,17287,18
34976,48599,18
19335,5997,18
23763,97,18
2679,2976,18
17071,17070,18
97,100,18
19345,19305,18
17073,17071,18
6004,40361,18
1795,2506,18
25663,26660,18
16847,24812,18
6705,6706,18
35287,41132,18
48851,43849,18
10775,8703,18
43242,37734,18
2458,2459,18
3201,3984,18
26790,37061,18
3900,2765,18
37734,8833,18
4147,40913,18
8833,8906,18
8906,8897,18
8897,8894,18
8894,8892,18
20676,17010,18
33966,16847,18
3021,4871,18
8060,49565,18
40418,6004,18
24279,42852,18
37258,9202,18
28864,27567,18
8884,8886,18
26623,26631,18
34205,34207,18
34204,34205,18
41504,34787,18
8752,7381,18
41506,41504,18
1870,1891,18
16521,25304,18
13074,743,18
10144,10452,18
5402,5403,18
8886,44958,18
44958,8889,18
42846,34356,18
5403,5404,18
27894,27891,18
51257,302,18
35198,28356,18
47871,33982,18
7943,34787,18
34052,34049,18
38966,42584,18
3046,2849,18
3944,3018,18
25698,27792,18
34007,35326,18
35326,15558,18
34087,15430,18
23310,22945,18
10517,9909,18
34207,17073,18
8882,10744,18
21222,50869,18
10744,8884,18
21851,9046,18
22945,22941,18
22941,34050,18
34050,34052,18
28043,27997,18
26802,26790,18
376,364,18
17081,38562,18
7039,40986,18
28999,25580,18
40986,6545,18
3264,38570,18
38570,38567,18
38567,2968,18
17061,17081,18
34250,19752,18
38562,17089,18
38561,17080,18
17089,17087,18
17087,17085,18
17085,17083,18
17083,17084,18
17084,17082,18
17082,17086,18
17086,17088,18
17088,17090,18
7251,18286,18
40964,7039,18
3956,17352,18
42431,35471,18
3018,34219,18
3826,3828,18
34219,34220,18
2850,3826,18
34220,3718,18
3976,1970,18
17365,3976,18
41207,41206,18
41206,16540,18
3953,1946,18
1953,3374,18
3374,1964,18
3359,1983,18
3758,2695,18
4774,42431,18
18294,18320,18
18286,18294,18
17090,38561,18
17080,2600,18
40825,26802,18
8779,8781,18
37525,29310,18
6010,44296,18
44296,40348,18
40360,19314,18
19314,19309,18
5998,19336,18
19336,19305,18
47754,8779,18
8433,7977,18
16102,43053,18
7977,7335,18
4146,4147,18
11343,48851,18
26809,40825,18
28053,28059,18
26618,44690,18
38936,24763,18
27997,28040,18
38559,38557,18
6562,6563,18
38566,38559,18
40994,6562,18
16105,23211,18
18773,6882,18
17121,2601,18
2753,38570,18
38570,38568,18
38568,38567,18
38567,3256,18
8636,9046,18
17054,38566,18
40991,49181,18
49181,40992,18
13037,13039,18
29404,13086,18
13039,33862,18
38148,7867,18
13043,12900,18
40992,40994,18
27891,27890,18
5570,40523,18
17125,2968,18
37531,42160,18
25832,26121,18
17143,34208,18
17061,17062,18
26798,26902,18
8889,8891,18
5406,5407,18
27429,44146,18
5408,5431,18
5452,5453,18
27365,27346,18
17065,17067,18
21599,21600,18
29090,29091,18
21595,21818,18
17128,17065,18
17064,17128,18
17127,17293,18
34199,34200,18
8967,44801,18
44801,9050,18
34203,34201,18
9050,44748,18
44748,10144,18
34201,17074,18
11969,25647,18
8891,8893,18
15221,680,18
26902,12736,18
34200,34204,18
7943,41509,18
37733,8854,18
41509,41508,18
17145,34199,18
17067,17125,18
12247,26817,18
34208,34203,18
17076,17145,18
28242,12247,18
17121,17078,18
41508,41507,18
50003,38652,18
17122,17288,18
7559,48935,18
44778,8928,18
17069,17134,18
8898,37733,18
8896,8898,18
26904,26798,18
8895,8896,18
8893,8895,18
8928,8967,18
17074,17075,18
44335,43937,18
17134,17122,18
5723,5430,18
21507,25113,18
17124,17127,18
2753,17124,18
17288,17286,18
26793,26904,18
40065,40422,18
29217,37531,18
26914,29217,18
24787,21595,18
7338,34719,18
44389,27365,18
38544,38542,18
6482,7207,18
40422,43201,18
27342,44389,18
23228,26374,18
43201,27342,18
17075,17146,18
21392,21358,18
28938,26914,18
38542,38540,18
28249,26793,18
17902,6478,18
17801,41631,18
48189,27623,18
17290,17072,18
17079,2601,18
50811,50806,18
17291,17290,18
5404,5405,18
5405,5406,18
3309,17033,18
17146,17079,18
13269,13488,18
17286,17291,18
40421,40065,18
17072,17143,18
4815,4647,18
41507,41506,18
49918,49821,17
22150,22151,17
19121,20900,17
13265,12983,17
49854,49870,17
19155,5529,17
22151,22152,17
42842,4111,17
39890,19129,17
49821,49806,17
19043,20907,17
23347,12962,17
35927,35926,17
49806,49688,17
38974,21695,17
7444,35680,17
35922,35920,17
43633,12226,17
35924,35922,17
35364,35363,17
35363,35368,17
35920,35897,17
35897,35918,17
49889,29120,17
14417,35740,17
29426,14417,17
35918,42726,17
16655,22278,17
24240,44072,17
47810,19896,17
40711,28771,17
35926,35924,17
34537,34510,17
34509,34457,17
38975,38974,17
19896,18956,17
48481,43297,17
37346,37344,17
6657,6658,17
34778,8277,17
21167,51809,17
34777,34778,17
34780,34777,17
43128,8465,17
51809,43142,17
7991,34780,17
44577,39294,17
8275,7991,17
8271,8275,17
34776,8270,17
41453,8935,17
37689,12945,17
13580,13595,17
6658,6659,17
27655,27839,17
40512,51222,17
21283,18876,17
49910,29142,17
29141,49910,17
5545,5546,17
8399,8096,17
8621,8620,17
8096,36084,17
49488,42813,17
36995,49506,17
6660,6661,17
8620,8623,17
49506,49488,17
1168,47973,17
6659,6660,17
14263,14268,17
13595,12858,17
40515,40517,17
19134,40496,17
17702,5825,17
38900,29407,17
13006,38900,17
37300,37326,17
42149,8040,17
10264,10627,17
37294,37300,17
27661,27678,17
11396,11397,17
27678,27723,17
35739,35300,17
40770,40771,17
39382,27655,17
29373,14111,17
27746,27889,17
11397,44746,17
44802,11396,17
5557,40515,17
6774,6773,17
34985,42757,17
1530,1504,17
723,499,17
5208,5209,17
18213,21018,17
18246,18213,17
6775,6774,17
11465,44802,17
40700,28222,17
28772,28222,17
18092,18140,17
8623,8618,17
8618,11465,17
19285,18831,17
22154,22162,17
48003,4505,17
15853,15702,17
10985,44402,17
34787,7749,17
51716,51718,17
51718,43775,17
18971,20891,17
18198,18224,17
35400,12800,17
43775,44926,17
18224,18228,17
13230,13088,17
4820,4810,17
34158,50119,17
19705,39741,17
20701,19566,17
18061,18052,17
5561,4820,17
18140,18198,17
48447,9498,17
7766,7718,17
48733,35201,17
8887,8885,17
42980,23115,17
33876,43769,17
19523,6107,17
43769,50798,17
50798,51715,17
4035,17213,17
51715,51716,17
39149,18780,17
8885,10782,17
44259,38721,17
20917,20207,17
6003,19298,17
26711,28231,17
16087,15416,17
43372,16087,17
40360,19324,17
10131,48447,17
6070,20133,17
6960,6070,17
8242,49386,17
41259,6960,17
41559,41557,17
41148,41259,17
14217,14218,17
25019,51,17
43302,16237,17
41324,41341,17
43405,41324,17
29331,14217,17
20623,17526,17
17536,20623,17
43075,7768,17
4133,16930,17
14315,13230,17
20133,20134,17
24958,14834,17
22041,7,17
7,24819,17
24819,34015,17
34015,48074,17
11080,11022,17
11119,11080,17
48074,51477,17
17639,5497,17
51477,48069,17
7290,6551,17
14838,14828,17
10716,37251,17
21696,24663,17
20134,20132,17
787,29503,17
10225,8806,17
8888,8887,17
29127,29128,17
28962,28961,17
25190,25188,17
15972,25190,17
39833,39834,17
49688,49874,17
26607,26613,17
27628,27626,17
27849,27852,17
29246,28962,17
7338,43026,17
26598,26607,17
21400,21402,17
21615,21380,17
21600,163,17
163,35711,17
39832,39833,17
25188,8448,17
16054,16052,17
20792,41575,17
15702,15354,17
7327,8433,17
41574,18916,17
41575,41574,17
28298,12407,17
41516,1176,17
41989,4029,17
16052,16055,17
18956,19897,17
14822,455,17
47966,359,17
19898,39219,17
38994,13246,17
24850,14600,17
35711,35707,17
35707,173,17
26597,26598,17
23722,23723,17
13082,13081,17
50258,18383,17
22,23675,17
4673,4532,17
22429,23609,17
23609,23722,17
23724,25023,17
39962,13004,17
25023,25021,17
25021,25020,17
25020,25019,17
17544,17536,17
19312,6004,17
40391,6009,17
13070,13133,17
13269,13481,17
13123,50332,17
27499,42868,17
23325,16413,17
11081,11091,17
15564,21880,17
29128,29129,17
48225,18544,17
8892,8890,17
14293,14281,17
24502,24538,17
39834,39831,17
15703,15828,17
15828,25124,17
8890,8888,17
44761,25779,17
25779,40138,17
6107,4169,17
29140,29141,17
8277,40903,17
44852,36926,17
18122,6615,17
18115,18122,17
14836,601,17
28027,41647,17
41647,41649,17
41649,28050,17
6661,6662,17
41650,49420,17
21786,22284,17
5551,20488,17
41766,15995,17
50853,16493,17
16493,25153,17
18692,20637,17
51374,9938,17
7559,44852,17
24627,34119,17
35020,7559,17
20603,19179,17
28701,27677,17
42840,4111,17
495,454,17
4884,4869,17
5034,48181,17
4358,50589,17
15187,15186,17
15186,15180,17
42970,41134,17
35571,5607,17
5607,5606,17
5606,20775,17
2406,17039,17
48914,25561,17
17966,41639,17
4507,4675,17
28421,28416,17
42065,42068,17
42068,42067,17
42067,42072,17
9946,51374,17
24405,830,17
19345,5997,17
37271,48444,17
7689,7326,17
36927,7567,17
42172,27216,17
42474,10353,17
11505,42474,17
10690,11505,17
22546,15932,17
15917,15928,17
10556,10690,17
9048,11593,17
34060,16839,17
35356,20384,17
20384,4886,17
23734,21338,17
8636,9048,17
8494,8464,17
41375,23894,17
24466,106,17
34602,34601,17
27505,48210,17
28004,27085,17
16839,34061,17
6749,39661,17
7762,7325,17
7673,7762,17
16004,15998,17
39661,6747,17
34454,34455,17
34453,34454,17
37472,40537,17
34639,42301,17
27458,27459,17
49417,27358,17
11980,25969,17
25970,28049,17
28049,41648,17
34601,35509,17
13088,50631,17
34061,34062,17
12008,27523,17
47402,47421,17
27682,27680,17
37088,37090,17
28729,12557,17
51282,5006,17
5006,5004,17
49199,14866,17
11387,9132,17
9132,9131,17
9131,9204,17
21126,4532,17
37086,37088,17
15222,14605,17
42466,985,17
14665,957,17
51045,42128,17
37084,37086,17
37082,37084,17
37080,37082,17
680,681,17
681,682,17
43911,43913,17
6208,20952,17
6210,17807,17
17807,20942,17
16098,24315,17
1046,1048,17
8457,8458,17
35231,35232,17
35232,35223,17
35223,36129,17
18591,6096,17
50877,18578,17
50882,50877,17
50881,50882,17
50874,50881,17
1260,1702,17
51651,44595,17
42061,41829,17
15755,15545,17
4616,4825,17
20942,17809,17
682,15222,17
15575,15576,17
47444,47402,17
12858,13329,17
16242,23209,17
25936,25807,17
34508,34509,17
11986,27664,17
27572,27254,17
13596,13599,17
38965,18445,17
21191,18448,17
43973,4722,17
4617,4616,17
4733,43973,17
48001,4565,17
26617,28525,17
748,14077,17
28525,26620,17
8132,34703,17
48049,47444,17
39215,50940,17
5129,5131,17
5128,5129,17
5127,5128,17
5125,5127,17
6108,20801,17
4807,4617,17
4765,4807,17
16078,16079,17
16079,16080,17
15576,15577,17
16081,35714,17
29094,12398,17
4794,20245,17
20245,35356,17
35715,41488,17
39030,5883,17
4879,5036,17
5036,5119,17
5121,5124,17
5124,42311,17
42311,5125,17
106,128,17
25859,41650,17
19547,20720,17
6662,6663,17
39029,20314,17
22771,22899,17
23649,23017,17
10021,49640,17
49640,11222,17
12321,12069,17
25370,23649,17
1457,18805,17
6121,43655,17
37274,36797,17
11082,11083,17
26420,26421,17
26419,26420,17
18627,18625,17
7847,35007,17
35007,7676,17
7676,49479,17
37688,29310,17
49479,34981,17
34981,8395,17
35272,35273,17
34231,34672,17
35271,35272,17
35270,35271,17
7021,35270,17
26181,26118,17
34230,34231,17
34229,34230,17
21797,23880,17
19556,39029,17
5233,5234,17
12918,13921,17
5759,5758,17
29130,12625,17
1504,4048,17
4048,4050,17
12352,29110,17
4050,4049,17
16235,15457,17
15693,15455,17
5332,5334,17
35246,5540,17
5540,5545,17
35243,5548,17
5334,5335,17
15452,15693,17
15447,15448,17
15446,15447,17
15445,15446,17
41007,41008,17
41008,41009,17
41009,41010,17
11302,8621,17
40903,34779,17
28226,40702,17
35250,35251,17
35251,5550,17
5550,5541,17
34779,8264,17
39998,39993,17
15444,15445,17
22899,39273,17
15903,977,17
8899,7381,17
19335,20607,17
27680,27706,17
22901,22264,17
49693,28805,17
105,21500,17
128,42657,17
28191,26895,17
414,412,17
50138,128,17
21707,44501,17
21708,21707,17
21711,21708,17
27710,27712,17
27706,27710,17
29402,22234,17
21700,108,17
13274,11291,17
34856,8012,16
25299,16542,16
14809,43771,16
14623,42462,16
893,24443,16
23002,23126,16
11760,40025,16
46932,50910,16
18170,6606,16
20437,46932,16
37079,37077,16
6506,20230,16
13337,14023,16
15884,16377,16
4288,44955,16
23121,22089,16
6606,6599,16
836,24438,16
6593,18005,16
28303,28305,16
3367,35826,16
20635,20636,16
16390,16354,16
39771,28135,16
25280,48278,16
48095,43422,16
5682,43087,16
985,23018,16
1680,1394,16
1460,1680,16
11369,11760,16
23128,41132,16
20230,6519,16
50300,42592,16
34172,12523,16
28429,28400,16
14281,29434,16
20769,40495,16
20349,5558,16
24086,13417,16
12800,12801,16
23453,40035,16
9123,9249,16
38807,12474,16
2813,17012,16
27128,27431,16
12474,12533,16
28305,12800,16
12533,12471,16
12471,50616,16
50616,28810,16
28810,12698,16
12698,12527,16
37077,12780,16
20736,5564,16
51086,20138,16
15353,15607,16
9249,9124,16
850,846,16
15708,15406,16
6520,6521,16
6519,6520,16
21595,21589,16
39175,41753,16
42031,5683,16
6599,6610,16
28271,12780,16
40328,19656,16
19657,40323,16
40323,40306,16
20936,20934,16
18125,18119,16
20934,17812,16
11904,9334,16
50454,50185,16
28398,12803,16
29403,14325,16
33954,33956,16
50409,50454,16
50406,50409,16
17812,20937,16
1563,1562,16
20943,38201,16
27195,27516,16
6463,42112,16
33956,33958,16
927,926,16
33958,33945,16
4230,44221,16
935,927,16
44221,6118,16
36129,41219,16
12787,35199,16
6759,18129,16
34147,37802,16
25916,11931,16
7819,7820,16
19656,19657,16
6212,20936,16
36035,35991,16
19373,6212,16
38203,38202,16
27326,37783,16
18717,6058,16
18955,18703,16
5994,19798,16
44575,8881,16
10816,10819,16
38202,20940,16
16432,16464,16
6624,6593,16
16221,25368,16
38737,38736,16
19372,20944,16
20944,20941,16
20941,6214,16
26709,38737,16
38904,10863,16
6214,17820,16
17823,17824,16
17824,17825,16
17825,20981,16
40646,41753,16
12795,28303,16
18130,18125,16
20864,34282,16
19894,20283,16
17809,6211,16
6211,19373,16
35199,12795,16
27325,27326,16
50801,44685,16
13214,50480,16
12477,12500,16
23503,23461,16
18514,4195,16
21768,22105,16
9946,9921,16
16238,15455,16
15654,16147,16
16147,43373,16
14,15,16
6356,6354,16
48896,2143,16
3958,3840,16
1294,3870,16
17042,43815,16
6364,6356,16
43815,2794,16
17753,17750,16
3858,3974,16
11343,8870,16
4091,38508,16
12495,12716,16
11204,11205,16
52017,12495,16
11205,41132,16
15571,34326,16
34326,16156,16
16156,16157,16
5623,5624,16
8027,34858,16
16,22773,16
2500,3870,16
15,16,16
34858,8025,16
39294,8781,16
20397,46399,16
2794,17035,16
12837,16489,16
16337,50,16
36,22633,16
35515,49,16
6622,6597,16
50,35515,16
34839,34854,16
6597,6624,16
4201,40492,16
4454,4452,16
34854,8008,16
12456,41643,16
26747,12456,16
1048,1082,16
27847,27851,16
13246,33941,16
16149,15585,16
43622,6622,16
40492,6711,16
34853,34839,16
3452,3325,16
43627,43626,16
48462,49737,16
40025,11575,16
9,14,16
43626,43624,16
6711,20175,16
2803,3939,16
16309,34123,16
50388,35581,16
18069,18061,16
11625,10013,16
34567,34568,16
43624,43622,16
12716,12477,16
33906,23508,16
7100,7101,16
11199,11204,16
34652,34443,16
25916,25588,16
37829,33896,16
47919,25553,16
15414,15872,16
22316,34177,16
48182,19489,16
20032,34309,16
23445,37829,16
12975,29310,16
49210,49328,16
34177,22299,16
8008,34855,16
16495,24372,16
14808,15252,16
41580,41581,16
34508,34652,16
41582,41580,16
40646,39176,16
20735,20736,16
11394,8881,16
459,37112,16
7101,7102,16
20083,20088,16
78,22299,16
33896,23448,16
7105,41582,16
7102,7103,16
17740,17749,16
42212,38807,16
12473,42212,16
7103,7104,16
7104,7105,16
18707,20735,16
14814,14808,16
13288,24202,16
49974,12946,16
15216,15217,16
39784,48050,16
14621,21795,16
21795,24943,16
24943,737,16
12500,38661,16
737,14612,16
21609,21613,16
14607,14355,16
11245,11199,16
8026,34857,16
22773,10,16
44576,39294,16
34857,8027,16
21354,21609,16
40804,1536,16
40914,1522,16
40051,40048,16
50483,27894,16
40050,663,16
40048,40050,16
12890,14339,16
18972,6019,16
38661,12473,16
28198,26803,16
23211,26403,16
19928,20138,16
18052,18037,16
6266,20911,16
300,15216,16
17394,40914,16
1536,17394,16
24372,16602,16
9126,9123,16
41211,41207,16
5677,19606,16
17706,5522,16
18510,37180,16
6770,6792,16
20479,5832,16
6407,6408,16
5005,21003,16
5003,5005,16
5002,5003,16
21253,5759,16
26654,26130,16
27904,28106,16
47919,43422,16
42804,42816,16
43625,43627,16
28985,28982,16
28982,28980,16
51318,5497,16
36994,39043,16
48245,18544,16
18001,18024,16
28980,28450,16
28450,28442,16
28442,28455,16
28455,28447,16
40516,5558,16
51218,40516,16
27481,11999,16
28447,28449,16
27884,27870,16
34287,26705,16
5601,4177,16
18077,5945,16
42135,42132,16
2872,1395,16
6625,18059,16
18059,18067,16
47003,14960,16
18067,6400,16
24874,24875,16
24873,24874,16
10848,9000,16
6400,18068,16
25923,26232,16
42136,42143,16
42131,42136,16
42132,42131,16
42130,42135,16
5943,17953,16
42129,42130,16
42140,42129,16
42144,42140,16
42142,42144,16
12756,12642,16
41800,34804,16
17940,7208,16
18596,19118,16
14193,13029,16
14190,14198,16
16592,41211,16
29110,49812,16
17953,5946,16
28449,28459,16
28459,28458,16
410,408,16
5187,5677,16
14788,37115,16
15639,43783,16
24931,253,16
51172,51218,16
50482,27858,16
49601,40513,16
16649,51499,16
37507,35734,16
35734,41178,16
27649,28270,16
6952,20663,16
3054,20521,16
9885,11481,16
50534,16489,16
2499,3187,16
11481,10695,16
4241,19627,16
5544,47447,16
3187,2006,16
2006,2009,16
2009,2010,16
2010,2020,16
2020,2988,16
10695,9889,16
19630,21116,16
9889,9890,16
9890,11514,16
39763,49176,16
11514,37733,16
48824,15618,16
4530,4980,16
14416,29426,16
4508,5172,16
19873,4958,16
28458,28478,16
27066,27768,16
28478,28445,16
18803,19576,16
28445,28435,16
28435,28432,16
5678,19873,16
27666,27581,16
28349,51495,16
23592,23593,16
23582,24794,16
5172,5678,16
4503,4508,16
209,211,16
28432,28429,16
43952,14416,16
14863,14885,16
34804,34354,16
29111,12157,16
12402,29111,16
16379,40537,16
797,264,16
6946,6945,16
21195,44547,16
4671,17557,16
12172,12402,16
4815,18401,16
1359,2872,16
41628,17785,16
18030,6625,16
17785,6419,16
41799,41800,16
28191,43136,16
7221,18357,16
39699,39700,16
29052,12436,16
39700,39701,16
20697,18793,16
4888,20697,16
39701,39702,16
48129,46230,16
27010,42236,16
19003,5611,16
5611,5613,16
4372,20088,16
42237,27007,16
15780,15569,16
780,37018,16
39702,39697,16
27007,42172,16
27649,27689,16
25282,24319,16
39697,39698,16
50966,39214,16
39698,19171,16
27361,28043,16
34418,34417,16
34417,34419,16
24691,23220,16
35285,21688,16
41798,41799,16
42188,28191,16
25854,27375,16
41133,11217,16
18240,18215,16
34345,24434,16
41879,41888,16
37108,25340,16
25973,43585,16
18831,6027,16
6027,5996,16
14488,41879,16
48072,28866,16
47863,2356,16
12411,28181,16
19476,20637,16
18696,18677,16
49833,29127,16
17138,1243,16
3280,2468,16
11217,11220,16
11220,11214,16
11214,11211,16
3921,3280,16
22930,44338,16
28295,28296,16
11211,11221,16
44335,76,16
22943,25372,16
48422,48072,16
11221,11216,16
22933,21688,16
24695,24691,16
22633,24695,16
9552,10281,16
41729,41728,16
50218,47036,16
11043,50218,16
20290,20382,16
20382,19003,16
18279,18882,16
18882,18237,16
7188,7189,16
4229,6851,16
6851,20394,16
41371,16594,16
7296,7324,16
19444,4337,16
14762,413,16
15233,29450,16
5202,7188,16
5944,17934,16
41728,41726,16
8018,50864,16
49191,8018,16
34859,49191,16
34304,34298,16
7189,7190,16
7870,7868,16
47993,22804,16
23865,642,16
35283,13178,16
34018,14939,16
7190,18030,16
47036,50209,16
50209,50194,16
16453,15742,16
12426,12140,16
25673,46813,16
35284,35285,16
8125,43242,16
15623,35284,16
28040,42171,16
42171,28053,16
28029,27986,16
21681,21682,16
39099,25339,16
15795,22470,16
35253,41731,16
39470,50828,16
12201,12426,16
265,268,16
19740,18973,16
18308,18757,16
47414,41729,16
6770,6777,16
6777,5830,16
5830,5200,16
12140,12138,16
12138,12195,16
5200,5201,16
26527,25673,16
41087,26527,16
28915,41087,16
11604,9544,16
5201,5202,16
2988,2532,16
4871,43870,16
11760,11371,16
48343,3563,16
14870,14825,16
20151,35580,16
6740,4168,16
4169,6740,16
49823,12183,16
9155,9277,16
15777,15769,16
29130,49835,16
29,19,16
3560,48343,16
51478,39754,16
44448,2444,16
15783,15777,16
12367,29101,16
14906,14880,16
9278,9155,16
25859,28614,16
9158,9278,16
24894,42459,16
43570,26755,16
41219,44250,16
10018,9996,16
25116,15396,16
417,14771,16
41920,27459,16
42587,42825,16
18339,4259,16
42825,1586,16
14589,14014,16
14356,14497,16
4783,4896,16
6226,18339,16
27701,27851,16
39798,39796,16
34539,34657,16
39800,39798,16
4896,4765,16
3310,38547,16
24245,23018,16
16412,16380,16
26185,26123,16
353,359,16
18037,6397,16
34657,34431,16
26755,28191,16
9159,9158,16
18488,21117,16
7911,7806,16
9204,11389,16
5679,5189,16
40219,5679,16
43142,18452,16
4824,40219,16
4932,4824,16
39967,39966,16
44546,43142,16
16773,25204,16
27481,47835,16
29101,50036,16
15039,51211,16
51497,48813,16
25098,51497,16
42503,48479,16
50337,41219,16
4639,4932,16
4800,4639,16
39731,51940,16
16029,16645,16
37374,37376,16
9154,9066,16
15486,38111,16
41463,16484,16
11769,9159,16
9202,11769,16
9190,9202,16
7747,8148,16
15585,15750,16
39751,22689,16
8242,49395,16
3215,3214,16
3214,3110,16
3110,3165,16
44241,35666,16
22310,39752,16
50903,44260,16
11370,9190,16
9203,11370,16
11389,9203,16
51211,14906,16
18068,18054,16
15156,655,16
39999,29238,16
4938,4940,16
4940,4829,16
16104,25404,16
39877,18127,16
15252,42457,16
16141,16236,16
4718,4769,16
9522,9292,16
46725,11809,16
41030,41031,16
16236,16142,16
16142,16143,16
19797,34246,16
19796,19797,16
18047,18032,16
5580,19796,16
6397,18015,16
26849,26659,16
25278,16454,16
19746,17684,16
3699,17439,16
41365,38805,16
4739,4718,16
20403,4739,16
11297,11760,16
417,39125,16
6067,40975,16
33967,98,16
11371,9129,16
22765,33967,16
9129,9128,16
26232,26247,16
5430,5722,16
48456,13178,16
6406,6407,16
9128,9127,16
37733,48360,16
4637,40665,16
16053,16051,16
6839,6393,16
16055,16053,16
18831,18816,16
48608,1028,16
9149,51980,16
40665,20403,16
17329,3900,16
41361,41365,16
44511,44514,16
3331,17297,16
9066,9156,16
38547,17136,16
4259,21032,16
4769,4731,16
5140,6254,16
19265,19251,16
40913,6744,16
24646,23871,16
17297,1649,16
42314,43017,16
2164,41361,16
23860,23855,16
985,24248,16
23855,23840,16
5454,5728,16
4731,4783,16
5975,4480,16
6744,16925,16
16925,1516,16
4829,5975,16
9156,11297,16
25092,35701,16
2681,2682,16
2682,2019,16
41362,3954,16
37465,5709,16
3955,41362,16
44510,44511,16
44508,44510,16
2026,3731,16
957,22858,16
44506,44508,16
35701,16003,16
38898,16098,16
16088,16029,16
34183,16093,16
38678,44506,16
2019,2026,16
29239,38678,16
29238,29239,16
3086,2445,16
2445,46749,16
5709,5425,16
39073,10421,15
27248,11975,15
11249,39073,15
44424,11145,15
19457,43156,15
10393,11249,15
40504,9934,15
28436,28444,15
10666,11534,15
28431,28436,15
28268,28431,15
28481,28270,15
26635,26626,15
26644,26651,15
10882,10884,15
3369,3486,15
39071,10882,15
10767,10632,15
43156,19457,15
48498,43484,15
41289,12273,15
43484,43221,15
44717,44715,15
43221,43241,15
44715,44713,15
43241,43491,15
3486,41084,15
39070,10880,15
23973,23705,15
35283,23973,15
43156,19454,15
21507,23884,15
38201,38203,15
44719,44717,15
4099,4100,15
44713,44718,15
9864,11224,15
11126,10870,15
10870,10871,15
10871,10869,15
10869,10872,15
8691,8693,15
10872,10874,15
10874,9754,15
9754,51427,15
51427,39071,15
20290,19003,15
4345,19988,15
38305,42734,15
43030,48280,15
48280,27525,15
40559,15193,15
41782,22182,15
9862,11667,15
11667,11666,15
15193,15192,15
11127,11126,15
11224,9856,15
34565,34562,15
4712,4762,15
11490,9860,15
11134,44424,15
503,202,15
27639,27722,15
34217,39638,15
202,325,15
44823,44893,15
44893,15988,15
18208,37181,15
15035,15037,15
51572,20630,15
11145,11225,15
27644,27639,15
44816,44823,15
50018,50015,15
9858,11673,15
9860,9862,15
9857,9858,15
9856,9857,15
11666,11665,15
9124,9122,15
44710,44720,15
39882,6648,15
39886,39884,15
50832,43246,15
35930,35903,15
39888,39886,15
35903,35904,15
44594,40483,15
35904,35891,15
14355,13215,15
28244,26826,15
26826,26825,15
41974,9213,15
6879,6878,15
26824,26927,15
26928,12386,15
44724,44726,15
12386,26838,15
4081,44724,15
28346,26940,15
44720,4081,15
39884,39882,15
47849,43422,15
27812,49414,15
18119,18114,15
27903,27812,15
11132,11131,15
10886,11130,15
11143,10886,15
11746,11144,15
50955,19004,15
4098,4099,15
9122,9212,15
15180,24977,15
9212,11360,15
11360,9211,15
9211,41974,15
6115,20784,15
971,43519,15
34650,51623,15
4100,35902,15
35902,35930,15
26651,28278,15
18114,39671,15
29186,29187,15
48920,13103,15
7247,18208,15
27982,27985,15
27359,50565,15
25969,27359,15
27094,25968,15
28650,27378,15
24434,24361,15
35735,7825,15
27386,27366,15
37507,35735,15
21045,18347,15
10021,49489,15
6969,20414,15
27368,27386,15
49419,27974,15
39711,8401,15
18347,21069,15
15416,38111,15
43367,10505,15
11208,43367,15
16087,25399,15
41133,11208,15
42081,41548,15
42084,42081,15
5755,42084,15
29091,29092,15
6284,41552,15
41557,42093,15
5489,41559,15
50565,27982,15
27985,27441,15
19189,6277,15
27441,27986,15
18830,18831,15
20219,18823,15
17601,4182,15
43054,18788,15
28831,27638,15
452,14762,15
34394,34380,15
48256,27177,15
1792,3035,15
3035,3449,15
48423,24928,15
48421,12110,15
26620,26633,15
5821,20485,15
25701,48421,15
50238,43585,15
14482,41889,15
15368,16917,15
14339,13916,15
12990,14339,15
751,34458,15
35729,7717,15
48578,48830,15
48592,49965,15
49639,15670,15
7825,35729,15
28421,28419,15
6277,5488,15
19191,19200,15
21588,24468,15
6078,41550,15
6601,18197,15
14338,48415,15
49811,49914,15
41914,41913,15
41913,44476,15
27469,27463,15
25942,44018,15
49878,12680,15
19824,19827,15
50036,12495,15
39219,19824,15
34721,43026,15
28977,25675,15
12154,49812,15
12353,12154,15
17840,6463,15
16291,23642,15
21040,21059,15
6877,17053,15
42691,48440,15
21095,18425,15
17771,19587,15
6902,19799,15
41862,34776,15
42203,41862,15
8263,42203,15
38936,41132,15
203,14612,15
41550,6274,15
39633,19191,15
6274,42082,15
24684,23810,15
23810,441,15
29447,14149,15
39630,39632,15
44803,11897,15
19242,39631,15
19239,39631,15
39616,17472,15
39633,19239,15
42088,39632,15
1697,39616,15
41546,42088,15
41547,41546,15
6281,41547,15
19217,6281,15
21268,19217,15
5756,21265,15
42085,19265,15
41561,42085,15
41094,19762,15
18875,41094,15
6278,41561,15
41558,6278,15
41555,41558,15
42090,41554,15
42083,42090,15
42082,42083,15
25948,26131,15
16289,23844,15
9931,40506,15
17009,17007,15
10176,10281,15
27712,27704,15
50940,11961,15
27817,27814,15
10814,10810,15
6984,6965,15
38554,6984,15
14153,39132,15
14154,14153,15
14157,14154,15
14204,14157,15
14197,14204,15
38555,38554,15
38557,38555,15
18310,18302,15
3865,37147,15
18735,18736,15
18736,20795,15
16372,15884,15
20408,19911,15
39951,39955,15
39950,39951,15
36797,11072,15
39958,39950,15
35686,38904,15
39957,39958,15
38333,25163,15
34345,15995,15
29115,29116,15
690,15066,15
22284,37115,15
18215,7247,15
9075,11502,15
11590,9261,15
29086,29087,15
39563,27245,15
41179,29086,15
34464,34465,15
1813,17011,15
4665,4507,15
2693,17020,15
6598,6497,15
6497,18206,15
18206,7248,15
6465,18054,15
41133,35286,15
15709,25033,15
47978,15886,15
7248,18216,15
18216,18218,15
28638,25916,15
24509,24529,15
28671,25688,15
15934,792,15
6965,6175,15
22065,21744,15
43054,41132,15
22540,37003,15
41133,39262,15
20585,20574,15
47840,26659,15
25414,23453,15
23459,15492,15
23404,23459,15
23403,23404,15
23501,23403,15
6664,6665,15
23448,23501,15
6665,6666,15
6666,6667,15
40046,23443,15
14751,38927,15
40030,40046,15
23433,40030,15
48129,6057,15
23436,23433,15
663,23436,15
23455,23450,15
23465,23455,15
33906,23465,15
15489,33871,15
23429,23426,15
23844,25404,15
23438,23429,15
636,14612,15
25704,25949,15
25951,25952,15
29435,29423,15
21692,22454,15
6663,6664,15
23463,23455,15
15808,16203,15
23455,15487,15
48275,29350,15
20390,19546,15
40977,20151,15
37231,4094,15
4093,37231,15
19446,19948,15
17007,6955,15
19937,19939,15
19941,4364,15
19446,19949,15
29113,29114,15
29112,29113,15
37237,4091,15
41573,18757,15
28306,28304,15
28304,12799,15
40045,40047,15
12799,35200,15
35200,28290,15
28290,12788,15
40044,40045,15
28272,28271,15
14233,14244,15
40042,40044,15
40429,40042,15
40040,40429,15
40041,40040,15
10632,11702,15
5525,39915,15
26585,26635,15
37631,18959,15
48428,48429,15
3921,3907,15
22887,23585,15
8302,42155,15
42699,8296,15
35946,42699,15
8367,35946,15
20841,19555,15
20321,20123,15
20320,42890,15
18883,6641,15
5268,5345,15
5345,5346,15
5346,5347,15
41727,47417,15
5347,5348,15
6641,18277,15
5313,5365,15
18277,18281,15
10925,11279,15
5892,4205,15
50593,50599,15
42737,8367,15
50599,49601,15
37631,41725,15
6336,20532,15
41133,11080,15
41725,41727,15
8331,8242,15
34608,34605,15
7890,34909,15
7702,34905,15
20319,47418,15
47418,47426,15
47426,39018,15
41740,35314,15
18957,42890,15
37631,20114,15
20318,39024,15
17907,18103,15
50163,50078,15
40803,37003,15
18786,6913,15
6913,18787,15
18787,6905,15
6905,19463,15
19463,6904,15
6904,6972,15
6972,19461,15
20137,20280,15
6117,40688,15
40688,44220,15
44220,44219,15
44219,19483,15
19461,6909,15
47861,2356,15
35918,17004,15
48430,35918,15
48429,48430,15
8373,42738,15
47417,41730,15
37631,42890,15
5232,5233,15
34450,35105,15
35426,35428,15
11108,11109,15
18804,39029,15
39029,37514,15
8371,35426,15
8369,8371,15
39008,49588,15
8297,8369,15
10251,8368,15
22927,22974,15
49588,39006,15
5234,5237,15
36009,16942,15
41730,50122,15
15434,16062,15
51578,5373,15
20317,39027,15
39027,39022,15
18489,18522,15
39022,49593,15
49593,46545,15
40475,40478,15
40478,40479,15
46545,50256,15
50256,39018,15
5601,41735,15
41735,41738,15
25806,25990,15
35428,35429,15
50594,50090,15
50595,50594,15
50122,50112,15
50112,19545,15
20122,5551,15
20488,49602,15
27740,27750,15
8372,8373,15
8378,8372,15
8383,8378,15
27627,27743,15
20710,20078,15
8382,8383,15
35429,8382,15
41731,50084,15
27132,28055,15
27427,27132,15
50084,50079,15
27428,27427,15
27431,27428,15
50079,47414,15
41726,42890,15
18441,21152,15
40522,37146,15
37145,20349,15
7034,51222,15
39017,50601,15
50601,50602,15
50602,50595,15
18072,6406,15
39009,37631,15
39038,39030,15
26815,26827,15
38643,37290,15
38578,38577,15
39260,38643,15
37314,39260,15
6470,18162,15
6469,6470,15
6468,6469,15
38577,38576,15
5798,17915,15
41838,29301,15
25765,41838,15
40134,25765,15
26399,40134,15
44479,26399,15
27812,49563,15
6708,20766,15
44478,44479,15
42889,44478,15
12818,12837,15
43846,43845,15
43845,43844,15
43844,43843,15
43843,43842,15
24536,16650,15
40138,40152,15
38877,38876,15
18999,4283,15
26603,27812,15
18162,18161,15
37290,37324,15
18161,6471,15
35362,35365,15
39994,6255,15
2796,38544,15
38540,38547,15
14605,15224,15
17028,3309,15
42451,3469,15
28150,12750,15
3208,1283,15
593,258,15
7444,10452,15
27903,26603,15
19047,4269,15
38547,38536,15
38536,38537,15
38537,38538,15
19134,19046,15
38721,38698,15
11165,11163,15
11163,11164,15
38538,38535,15
11164,11166,15
11166,11148,15
38535,6105,15
48615,15905,15
11148,11151,15
16379,14576,15
9255,46951,15
14235,14244,15
40582,40581,15
39010,39009,15
33907,15492,15
40433,25416,15
13191,14347,15
25416,23508,15
23508,40430,15
40430,40033,15
40033,40036,15
40036,33902,15
33902,33903,15
35579,20144,15
20143,35579,15
33903,33904,15
33904,33906,15
33906,33907,15
25414,15487,15
40583,40582,15
39033,47287,15
50147,47407,15
47407,35250,15
15362,15438,15
25085,15362,15
15473,25085,15
21455,21457,15
21457,10894,15
40041,23407,15
23407,33895,15
39012,39037,15
39037,39011,15
39011,39010,15
40035,40433,15
38996,39033,15
41098,38996,15
21715,23355,15
10886,41662,15
41495,21588,15
50157,43964,15
21322,21324,15
21325,22082,15
50162,50157,15
38305,15205,15
15207,50776,15
50776,2608,15
21368,48121,15
50163,50162,15
17915,5824,15
50073,50161,15
36334,41133,15
48121,21972,15
21558,24694,15
37396,37306,15
10716,9697,15
13225,12991,15
20721,1766,15
24694,21448,15
21448,21449,15
21449,21455,15
37631,39002,15
39002,39036,15
39036,39001,15
39001,41098,15
41738,41739,15
18960,41741,15
39996,39994,15
26532,26478,15
5147,5133,15
21799,21637,15
5132,5147,15
13207,13985,15
5131,5132,15
38278,48981,15
35287,50058,15
18700,18695,15
7671,7673,15
16306,8439,15
26478,26234,15
45009,26532,15
40479,40460,15
42103,45009,15
11737,8726,15
8796,11826,15
26491,42103,15
26492,26491,15
42108,26492,15
40090,42108,15
25503,40090,15
47991,27623,15
1243,1261,15
40460,40464,15
5133,5134,15
44403,10990,15
19045,5528,15
5528,20897,15
39905,39891,15
4132,748,15
39911,39905,15
17941,17940,15
17927,5805,15
5805,5807,15
39906,39911,15
19124,39906,15
5807,6791,15
39909,39907,15
6791,6792,15
15569,23210,15
19078,20958,15
39892,39909,15
18441,19078,15
39912,39892,15
20901,39912,15
12578,29103,15
41440,41438,15
18596,20901,15
17925,17933,15
5824,17941,15
39913,5522,15
11459,9566,15
36041,38285,15
48981,35872,15
19003,20027,15
8973,8964,15
10569,10780,15
5829,6802,15
17706,20898,15
19044,39897,15
20630,47364,15
20227,18470,15
18185,6601,15
9127,9149,15
18454,18416,15
40860,40859,15
39915,19044,15
19988,4346,15
19110,39896,15
20896,5525,15
6747,18185,15
5197,5198,15
39896,19045,15
16609,16521,15
39897,19110,15
10444,11824,14
6476,6609,14
4563,5088,14
51390,28794,14
27361,42170,14
51246,51247,14
51247,19417,14
42170,27981,14
19417,19420,14
41141,40319,14
19420,19419,14
19642,19643,14
729,50738,14
3365,3004,14
34752,38158,14
19644,41142,14
19643,19644,14
38158,34753,14
42400,47857,14
19645,41139,14
1364,4035,14
37306,37396,14
34462,34463,14
3584,2229,14
14945,492,14
49083,7926,14
21851,8603,14
18624,6096,14
36084,49083,14
9016,9017,14
36064,4036,14
7213,18593,14
17345,36064,14
14970,24914,14
43814,41163,14
38936,15988,14
16011,16013,14
43654,7720,14
18580,50884,14
12169,12401,14
17404,2334,14
34753,7798,14
2334,1081,14
3785,42314,14
42314,44101,14
9119,9233,14
40319,19645,14
35079,36112,14
525,14773,14
23763,48078,14
34088,39762,14
22018,24591,14
4569,5014,14
44415,24505,14
25376,44415,14
24514,24532,14
38117,24514,14
33895,15499,14
35256,35244,14
35244,19545,14
40310,40315,14
19547,39024,14
9181,10323,14
19640,40310,14
16802,22342,14
2457,2458,14
411,414,14
2449,2457,14
44966,41374,14
3688,2449,14
27038,26960,14
2455,3688,14
39124,39122,14
3510,2455,14
1649,17404,14
40315,40316,14
40316,40318,14
23288,40650,14
22606,101,14
34751,34752,14
23205,24738,14
25397,21991,14
21987,25397,14
16846,22606,14
9207,9180,14
520,525,14
40650,16516,14
589,520,14
16608,16597,14
40318,19642,14
42816,36988,14
4549,35465,14
51090,51092,14
203,207,14
1785,1775,14
50266,21634,14
35465,4569,14
16616,16622,14
3608,3329,14
867,24394,14
9180,51980,14
42301,34638,14
9206,9207,14
14827,14864,14
18082,18108,14
20503,16970,14
18108,41784,14
29350,22070,14
18,24945,14
14870,18,14
3950,17050,14
24825,22761,14
9279,9153,14
51269,51325,14
29083,49836,14
49836,29081,14
2881,2673,14
18365,51974,14
7926,34756,14
14839,14827,14
36069,1274,14
29140,49861,14
1275,36065,14
17563,20501,14
49861,49844,14
49236,49328,14
43028,7321,14
7321,43074,14
49844,29123,14
1249,2175,14
9526,10716,14
17995,18082,14
9280,9279,14
9151,9280,14
48131,26659,14
24947,14938,14
34756,34757,14
24416,24430,14
51946,5035,14
34757,34758,14
34758,34759,14
34759,8435,14
14900,24947,14
8435,34761,14
5035,40252,14
34761,34762,14
26740,26897,14
34762,34763,14
34763,34784,14
40252,40250,14
20997,6223,14
21019,20997,14
40250,40254,14
40254,40255,14
19728,20891,14
44935,9151,14
12180,49809,14
18599,18618,14
11051,11092,14
29124,49811,14
51325,51309,14
9152,9206,14
28446,28454,14
18824,20218,14
51316,51305,14
20761,20220,14
51305,51350,14
3276,2534,14
6402,6403,14
51350,16884,14
25303,51313,14
18070,6402,14
18046,18070,14
2534,2666,14
3497,3280,14
39976,39967,14
49914,49890,14
9153,9271,14
9271,9152,14
25251,25206,14
41641,26746,14
16164,25252,14
29093,29094,14
29092,29093,14
24318,23367,14
18363,4479,14
3280,3583,14
2673,3265,14
3583,3584,14
51302,51316,14
25313,51302,14
51315,51352,14
51351,51315,14
3266,3276,14
22066,24201,14
727,16504,14
43075,7337,14
51309,51320,14
7250,18282,14
51320,51323,14
24133,16591,14
51323,51311,14
41760,43220,14
39179,41760,14
16604,16599,14
732,16516,14
51311,51332,14
51332,51324,14
29004,42172,14
16520,16521,14
16606,16607,14
41759,39180,14
42172,44332,14
44332,42236,14
42237,27009,14
51324,51351,14
44079,41759,14
40533,16168,14
51352,25308,14
35247,35248,14
2157,3510,14
5843,5844,14
16472,16461,14
6466,6408,14
34920,36850,14
38884,34920,14
18072,6466,14
8475,50488,14
20318,20720,14
6064,50596,14
50596,50097,14
50097,50598,14
50598,50600,14
50600,50593,14
7208,17932,14
20158,5843,14
20354,5871,14
39597,39596,14
5871,5879,14
5879,4177,14
43905,7780,14
20924,21305,14
38885,38884,14
291,282,14
17675,20924,14
16073,15780,14
37003,15917,14
50090,50597,14
50597,7035,14
20840,49602,14
1702,16943,14
19762,18869,14
16473,16472,14
20531,20322,14
16470,16473,14
16469,16470,14
5674,5668,14
25173,25175,14
5673,5717,14
18713,19074,14
11936,27899,14
19074,21253,14
25175,16088,14
34847,34716,14
44392,7663,14
40132,25469,14
25464,40133,14
34926,44392,14
40133,43378,14
34925,34926,14
16645,25191,14
34924,34925,14
6848,20601,14
11216,8474,14
47955,47143,14
729,16004,14
22256,15367,14
4090,37237,14
49058,49037,14
25651,25633,14
24411,46420,14
16466,25400,14
34431,24434,14
25400,16468,14
16468,16469,14
20318,20840,14
1365,1636,14
19124,39891,14
20341,47425,14
10129,10700,14
47425,20336,14
20336,20337,14
10243,38135,14
38135,10162,14
7868,7628,14
20337,35261,14
35261,20338,14
20338,20339,14
49366,25083,14
11529,10156,14
10406,11901,14
10301,10300,14
11676,10288,14
3900,48887,14
28106,12120,14
20339,19556,14
49414,28106,14
6059,47859,14
1820,3934,14
2088,3164,14
41696,5979,14
5979,18991,14
20042,18993,14
7250,18279,14
6803,6813,14
6802,6803,14
35248,35243,14
18804,35246,14
1615,2969,14
12342,44503,14
19936,4360,14
20340,20341,14
5892,21308,14
28373,28375,14
21308,39998,14
34807,34418,14
20019,20017,14
6725,40495,14
6724,6725,14
34419,34805,14
34805,24434,14
47918,44503,14
13051,13126,14
6813,6817,14
34440,50168,14
50168,34442,14
14111,13052,14
42756,41452,14
14047,29352,14
20080,20085,14
2904,16958,14
39046,13358,14
24167,34085,14
39006,39019,14
39019,39023,14
39023,39026,14
21986,25396,14
42869,13103,14
25396,21976,14
39026,19553,14
19553,20340,14
39595,39597,14
25179,25173,14
18958,2673,14
41452,44539,14
24833,39262,14
39262,44685,14
47427,46942,14
46942,47445,14
27900,27689,14
47445,5565,14
50081,409,14
5566,38995,14
50107,50081,14
22204,22197,14
38995,39034,14
39804,38975,14
39034,39012,14
34984,44538,14
806,22474,14
25177,25179,14
43004,43002,14
23731,24175,14
34575,34607,14
18552,18560,14
43006,43004,14
11027,10983,14
10983,11025,14
41096,7827,14
7825,41096,14
41095,7825,14
7717,41095,14
11025,10974,14
27671,27676,14
43008,43006,14
46881,47427,14
35257,46881,14
35256,35257,14
20535,40269,14
12916,13290,14
40312,19640,14
37528,12916,14
19639,40312,14
19638,19639,14
51641,14339,14
9553,10792,14
17795,19582,14
19582,17788,14
15317,15321,14
15321,15309,14
19637,19638,14
5546,35247,14
27469,27140,14
37051,13320,14
23705,51190,14
43512,42314,14
51190,806,14
43002,17271,14
10108,35302,14
44334,36111,14
36001,44334,14
35253,5541,14
40269,19636,14
15179,16243,14
16243,16244,14
41662,11091,14
16244,16246,14
16247,24829,14
22413,34021,14
5492,50640,14
43010,43008,14
49083,42971,14
41317,41338,14
21224,21229,14
6399,17977,14
4510,4530,14
36292,13356,14
13356,26654,14
27873,27817,14
27849,27854,14
26547,27849,14
27864,26547,14
27868,27860,14
10328,43905,14
41749,16541,14
18016,6399,14
40524,19579,14
19263,40360,14
6817,18016,14
50884,50880,14
41219,23316,14
50338,41219,14
43252,50338,14
51940,43252,14
15397,24457,14
24262,24264,14
50880,50883,14
13071,29483,14
16475,15783,14
25180,25181,14
25181,25177,14
3765,17190,14
14914,24951,14
16712,15953,14
24951,24950,14
15946,39840,14
43012,43010,14
1666,43012,14
19975,4413,14
10974,10937,14
42999,1665,14
42998,42999,14
10937,10967,14
27893,26520,14
48864,50747,14
48592,48864,14
49605,48830,14
4018,42998,14
10967,10970,14
1232,1228,14
3532,19087,14
18097,18091,14
2213,2757,14
6395,6398,14
27892,27893,14
19577,18810,14
27889,27892,14
4482,4484,14
6396,6395,14
4416,19975,14
41293,37384,14
17968,6396,14
24950,24948,14
17977,17968,14
19636,19637,14
3604,49611,14
5755,5753,14
38319,43641,14
16403,15834,14
38969,39804,14
38322,38323,14
23885,24755,14
41175,39312,14
38321,38322,14
43641,38321,14
39805,38969,14
29573,43895,14
43643,38319,14
35328,43643,14
35331,35328,14
37091,37089,14
35401,29160,14
7230,6479,14
6623,6405,14
51023,51043,14
15722,25126,14
51043,51041,14
39850,39852,14
43297,50864,14
34992,43629,14
47973,1109,14
51041,51011,14
7604,8612,14
5115,39853,14
16195,24779,14
24779,14227,14
14227,48418,14
6479,50030,14
40975,40976,14
16021,16022,14
35379,5045,14
39853,39851,14
39851,39850,14
37089,37087,14
23249,25143,14
28451,28981,14
5490,5491,14
34109,23596,14
9595,10499,14
28490,28491,14
34855,34856,14
10812,10814,14
5254,5252,14
5252,5636,14
40052,23438,14
40587,49362,14
10816,10820,14
23462,23508,14
23503,33871,14
42314,44097,14
28441,28451,14
8044,34794,14
28454,28441,14
1092,4134,14
47979,830,14
5730,5460,14
5040,35388,14
11979,28658,14
42514,29573,14
15894,23249,14
51044,51023,14
43345,50558,14
24426,51044,14
28498,28499,14
924,962,14
23662,924,14
37732,10451,14
926,23662,14
51018,24251,14
40047,40052,14
37087,37085,14
6467,6468,14
28500,28410,14
34123,34109,14
7980,8366,14
51035,51646,14
40643,16205,14
50461,50407,14
50186,50461,14
42482,51042,14
48578,49965,14
47875,16062,14
51646,42482,14
51037,51035,14
50120,25183,14
44199,50186,14
49639,15873,14
49776,25109,14
50095,50120,14
15436,47875,14
15404,15478,14
12781,12783,14
37081,37079,14
15498,48864,14
51042,51027,14
332,15233,14
38823,10071,14
11756,10025,14
35388,35356,14
37085,37083,14
37083,37081,14
11120,8494,14
23401,23418,14
7392,43317,14
41131,48813,14
17039,3083,14
11081,11094,14
51027,51018,14
11030,41662,14
42845,11119,14
22241,42504,14
12783,28274,14
15403,15404,14
28499,28500,14
19747,5605,14
3599,35830,14
34107,77,14
5045,5042,14
21039,21022,14
35830,3281,14
23891,24668,14
29160,29161,14
21758,21761,14
22042,48078,14
21761,21762,14
24668,15625,14
48459,44810,14
28981,28983,14
25185,25187,14
15489,40428,14
40428,23462,14
20456,34282,14
50329,4084,14
16800,23225,14
25942,25947,14
35720,35721,14
21757,21758,14
35721,15784,14
48474,11030,14
15400,15403,14
15784,15745,14
48766,37091,14
15494,15400,14
28274,28277,14
15438,15494,14
37061,28265,14
2899,2898,14
25183,25185,14
47969,3549,14
35910,50329,14
8069,8001,14
9202,38823,14
28307,12080,14
49192,40990,14
42994,3994,14
12080,28294,14
3994,1133,14
43594,43592,14
5691,5690,14
5681,5691,14
43592,24384,14
47893,49615,14
27058,41183,14
24384,24385,14
24385,43591,14
23101,22046,14
47944,18459,14
28430,28594,14
1252,1165,14
44362,43463,14
43463,43465,14
10356,35846,14
19631,19632,14
15661,38374,14
28507,28490,14
25186,25182,14
49615,3185,14
6672,6674,14
15484,40909,14
14612,14325,14
28504,28505,14
1131,42994,14
16074,23210,14
19633,19634,14
7255,41573,14
6790,6672,14
14052,29353,14
15772,15894,14
1413,43598,14
21726,14957,14
28505,28506,14
28506,28507,14
21485,15719,14
43324,43258,14
20280,6117,14
6538,6537,14
21264,5497,14
938,51016,14
14944,21726,14
51016,51020,14
6537,40995,14
21572,14944,14
51020,24392,14
40995,40993,14
38553,2501,14
40993,49192,14
16996,44362,14
24897,1110,14
1110,1131,14
44800,11333,14
10647,44800,14
43598,2335,14
25182,50095,14
19632,19633,14
37108,487,14
19821,1495,14
28456,28457,14
4885,4884,14
36491,13322,14
28457,28460,14
43467,43469,14
39003,20841,14
43469,44361,14
19293,4171,14
44361,44360,14
28460,28448,14
16251,16252,14
16249,16251,14
24971,15176,14
21566,21567,14
20655,20656,14
34433,34510,14
21567,21568,14
18818,18832,14
42498,44309,14
44309,27544,14
28448,28446,14
48194,22803,14
23596,48194,14
20384,4885,14
19947,19949,14
29347,13364,14
22458,21328,14
48434,50750,14
28503,28504,14
27319,41182,14
21006,19399,14
4727,20384,14
2727,2858,14
50750,2812,14
2812,3604,14
28444,28456,14
3185,48434,14
19634,21150,14
28501,28503,14
21512,22458,14
28502,28430,14
43465,43467,14
35356,5039,14
14822,25339,14
6553,41007,14
25963,25964,13
35505,40750,13
43870,19455,13
35934,35485,13
40512,39015,13
5311,43087,13
19773,20287,13
35939,19821,13
35482,35483,13
20287,18985,13
40752,41348,13
27613,29071,13
35483,35484,13
40520,40517,13
29071,27333,13
20656,6923,13
51570,27572,13
6926,40817,13
35484,35934,13
19686,7182,13
20017,20217,13
6925,6926,13
6923,6925,13
27663,51118,13
6839,6840,13
7182,7184,13
7184,20655,13
51118,27664,13
40750,40752,13
12529,42060,13
51223,40520,13
43816,43415,13
20800,18668,13
28396,37577,13
14355,13361,13
5827,6393,13
12525,39319,13
28386,28396,13
8012,39725,13
42060,12525,13
43623,43625,13
43621,43623,13
7371,7431,13
6806,43621,13
7409,7465,13
18700,7197,13
14451,14454,13
34309,19968,13
40507,51223,13
40551,40549,13
38283,1596,13
12527,12529,13
7023,18629,13
8879,8878,13
28473,43419,13
7433,7447,13
1624,40551,13
19968,19969,13
18967,4333,13
38642,23697,13
39956,6735,13
39955,39956,13
1627,1624,13
43766,43816,13
20128,41148,13
6805,6806,13
18805,1766,13
5832,6843,13
41348,40754,13
18032,18007,13
33906,23470,13
26634,26621,13
23660,38642,13
43417,43416,13
43416,29072,13
39725,8010,13
27609,27615,13
27615,27618,13
27618,27613,13
14067,49972,13
23491,15884,13
40525,40507,13
21589,48275,13
23493,23491,13
40904,8262,13
35826,3368,13
20775,17515,13
28398,37577,13
10952,10955,13
17515,20128,13
18011,6805,13
36045,1624,13
1703,37103,13
49388,8241,13
8011,8013,13
41472,18357,13
8010,8011,13
14176,14369,13
26130,28915,13
43419,43766,13
18007,18011,13
29143,29180,13
40951,42569,13
13086,50612,13
35306,43839,13
36225,7780,13
42398,4515,13
44561,44560,13
15898,15908,13
26781,35610,13
48881,15505,13
15843,40699,13
14128,14351,13
20823,44561,13
14239,14235,13
492,484,13
27526,48257,13
51864,3911,13
13232,13100,13
2392,51864,13
27653,27851,13
42569,20553,13
6059,51579,13
44560,44559,13
1644,1656,13
40967,42145,13
38715,40686,13
40969,42139,13
34443,34808,13
34434,34433,13
40968,40969,13
42137,40968,13
42138,42137,13
42145,42138,13
12885,13638,13
7780,7673,13
44553,40967,13
44897,44553,13
44559,44897,13
14165,29404,13
6194,6196,13
1117,1141,13
1656,1117,13
7673,7325,13
13067,13096,13
40950,40951,13
35473,35505,13
40948,40950,13
48079,3228,13
8115,8123,13
50139,50138,13
36060,36061,13
36059,36060,13
4059,36059,13
4058,4059,13
19929,19928,13
15207,2608,13
27689,4124,13
15193,15187,13
1701,1702,13
2607,15206,13
42734,15193,13
4210,4358,13
21622,21365,13
21621,21622,13
1760,4893,13
21382,21621,13
7834,7835,13
49236,29482,13
26516,26517,13
17251,36050,13
40945,40948,13
5690,5682,13
34948,8212,13
750,748,13
26641,26640,13
23419,16003,13
15427,24830,13
36050,4066,13
36063,16946,13
36061,36062,13
36062,36063,13
8212,8174,13
47975,1141,13
8413,8414,13
7900,7901,13
35080,1310,13
5692,19675,13
1243,1476,13
42139,40970,13
34869,34772,13
18634,18627,13
26954,39567,13
21201,21215,13
21215,21227,13
21227,6200,13
28288,12792,13
12792,12793,13
359,15233,13
34406,44933,13
6201,21220,13
21221,21214,13
811,23702,13
41448,40904,13
47038,22889,13
6202,51295,13
25964,25991,13
28804,39791,13
8875,8879,13
8874,8875,13
180,179,13
23885,24756,13
12789,28288,13
599,47963,13
12132,42227,13
6916,6917,13
10821,10818,13
6341,5280,13
19684,19686,13
6917,19684,13
11035,43856,13
24283,25104,13
16684,37472,13
29082,12680,13
27692,27697,13
27676,28701,13
42301,35507,13
15993,23493,13
42216,12132,13
35914,35910,13
28277,12785,13
12785,12789,13
22976,811,13
23300,23337,13
182,180,13
38324,16038,13
16038,43640,13
22226,22227,13
40959,40936,13
15671,49632,13
8459,8460,13
35960,8459,13
22231,35960,13
47799,18704,13
22227,22231,13
18704,7282,13
40957,40959,13
40978,40773,13
22225,22226,13
34348,34409,13
34409,34345,13
40956,40957,13
6398,5827,13
40970,20513,13
24912,14860,13
17988,6483,13
40936,20556,13
40686,8874,13
43640,43642,13
26544,27856,13
43642,38318,13
184,182,13
44161,16205,13
48418,49012,13
42227,42226,13
20202,20624,13
48188,25553,13
49012,14605,13
27856,27836,13
29162,29165,13
111,184,13
22232,35965,13
35963,22232,13
35962,35963,13
42226,38903,13
8460,35962,13
29161,29162,13
50384,41105,13
51295,21198,13
24530,21951,13
25991,25966,13
41641,26745,13
5366,5364,13
862,865,13
865,745,13
5364,5363,13
5363,5361,13
5361,5359,13
5359,5357,13
5357,5424,13
5424,5373,13
5373,5715,13
41447,7768,13
50744,48578,13
7321,43073,13
42923,1632,13
8015,43075,13
1632,44038,13
16820,44135,13
28544,49159,13
35730,7827,13
41175,35730,13
6486,18002,13
857,860,13
7590,34976,13
28983,28984,13
856,857,13
42207,19710,13
1013,863,13
863,894,13
28977,16138,13
48807,48655,13
894,899,13
20953,20970,13
20970,20990,13
20990,20997,13
21064,5207,13
34781,7337,13
852,851,13
851,850,13
48655,14161,13
14161,14594,13
4873,40242,13
23759,854,13
854,855,13
48582,29461,13
11880,10264,13
855,856,13
24499,24505,13
5831,18042,13
6812,5831,13
6811,6812,13
6351,4357,13
12277,42216,13
43682,47976,13
12275,12229,13
1587,1602,13
12229,12430,13
22887,23582,13
39797,39799,13
42209,42207,13
24861,21507,13
20713,42209,13
39617,4003,13
12291,12274,13
34599,34595,13
24538,37521,13
34594,34593,13
34593,34591,13
34591,34590,13
34585,34581,13
23593,23583,13
11470,41133,13
42226,42227,13
12278,42226,13
25367,40432,13
42502,43619,13
6403,6811,13
49330,1141,13
10854,10834,13
14895,14838,13
38349,38350,13
38350,43789,13
43789,7934,13
7934,34710,13
38161,11530,13
37041,35393,13
12284,12278,13
694,42502,13
42231,42230,13
42230,42229,13
49159,26657,13
5114,37041,13
42229,42228,13
18282,18281,13
42228,42220,13
42433,5114,13
24400,1013,13
5207,5208,13
29435,48807,13
28524,28330,13
36051,4076,13
449,445,13
34843,7822,13
35326,21675,13
14272,29438,13
29438,14267,13
14267,14265,13
1704,1275,13
28520,26545,13
14265,14264,13
14264,14266,13
14266,14178,13
14178,14164,13
40877,20680,13
14164,14569,13
14569,14263,13
14268,29472,13
6797,39876,13
14274,14275,13
14279,14278,13
14278,14226,13
4076,4078,13
47835,27512,13
17257,17258,13
17718,19046,13
45049,14728,13
11093,11091,13
13118,13072,13
12119,49413,13
10834,35687,13
5539,20888,13
26597,26613,13
38699,34688,13
35564,38699,13
10863,10832,13
17251,17250,13
24183,21320,13
23543,21851,13
8646,11293,13
35582,35564,13
14222,14276,13
9085,35582,13
2478,6998,13
14276,14272,13
17250,36049,13
27804,12975,13
19799,43156,13
8612,9043,13
24400,16720,13
10702,51183,13
9526,11546,13
1634,1225,13
7873,34686,13
34686,8399,13
25806,25555,13
24417,24430,13
22377,23596,13
8399,42150,13
39053,6387,13
6387,50682,13
50682,5423,13
25113,22377,13
18634,7016,13
50591,15426,13
25035,50591,13
23643,25035,13
23092,23643,13
22379,16291,13
80,22379,13
15601,28977,13
10328,11479,13
37324,37290,13
9589,9623,13
13087,13099,13
34781,43027,13
12129,43682,13
12180,29100,13
12626,12180,13
19121,5523,13
39901,39910,13
12163,12625,13
39902,39901,13
29085,12162,13
6667,39883,13
10784,9589,13
13099,13951,13
39260,37314,13
38643,39260,13
39883,39889,13
48188,25540,13
25547,25805,13
37290,38643,13
19587,6574,13
10757,10784,13
42064,23585,13
42227,12277,13
42094,22567,13
19284,19285,13
50003,16237,13
35479,35477,13
34348,34345,13
43053,25704,13
26641,26642,13
26636,26641,13
50996,17919,13
11562,8752,13
8752,43224,13
25363,42312,13
24820,25363,13
34392,34394,13
34380,41119,13
41119,34374,13
51090,44073,13
43906,40942,13
26625,28527,13
40760,20108,13
40942,40944,13
6522,17816,13
24595,24564,13
4041,1067,13
44558,44557,13
44898,44558,13
44899,44898,13
40938,44899,13
40764,40762,13
40435,33905,13
40939,40937,13
40941,40939,13
44940,40941,13
40943,44940,13
40762,40760,13
40944,40943,13
3401,3399,13
17816,6026,13
35474,6046,13
33905,23464,13
1028,37521,13
533,376,13
37521,22178,13
25330,25329,13
17788,20107,13
25329,40037,13
28598,46476,13
40037,40431,13
40673,40670,13
40431,40032,13
24539,40674,13
40674,40673,13
40032,40049,13
40049,40435,13
22200,22201,13
18983,4344,13
23464,23458,13
40771,20141,13
23458,23454,13
19457,43255,13
43255,19457,13
6840,50996,13
6026,6523,13
23490,40038,13
40038,40039,13
40039,23459,13
23459,15507,13
20108,40770,13
24674,15772,13
16051,25154,13
15507,25330,13
23454,23450,13
15776,15837,13
40670,24555,13
34210,40764,13
40937,40938,13
22265,24982,13
1026,24573,13
27998,27986,13
28041,27998,13
42167,28041,13
28056,42167,13
17933,5804,13
23408,23300,13
40671,40672,13
5804,5803,13
35317,34435,13
40672,1026,13
40753,40751,13
24363,24366,13
40754,40753,13
24366,24483,13
35715,39159,13
22889,22886,13
5803,5801,13
20149,42564,13
16123,15651,13
5801,5793,13
24912,14866,13
14600,15746,13
27649,27810,13
24371,22280,13
7725,8071,13
38351,8148,13
35594,37191,13
38352,38351,13
16122,16123,13
25966,26007,13
24565,40671,13
25160,15972,13
19939,19941,13
23829,22864,13
2387,1814,13
13246,23975,13
19947,20054,13
15391,41264,13
13802,13112,13
6521,6522,13
15410,41264,13
44554,20139,13
18307,18758,13
36905,23829,13
23879,21921,13
44555,44554,13
8217,7947,13
40751,35474,13
25107,21595,13
35173,25107,13
23543,16289,13
44556,44555,13
21921,35173,13
48415,49236,13
44557,44556,13
28384,28379,12
41047,21302,12
28379,28369,12
21485,15679,12
48813,40814,12
50838,50835,12
28369,28374,12
51992,42301,12
10515,8750,12
28272,37076,12
26752,26751,12
27876,25940,12
3464,3461,12
18802,6997,12
28597,35195,12
12823,13320,12
24856,23099,12
2957,17362,12
38148,7863,12
21269,748,12
25677,15484,12
4131,35906,12
3461,3888,12
28206,28731,12
50835,50841,12
27888,27871,12
28731,25823,12
3888,3463,12
26751,12407,12
26758,43070,12
3463,17133,12
35195,28333,12
27851,27839,12
50841,50833,12
43762,15412,12
411,417,12
6997,7176,12
25461,25466,12
21510,34047,12
17133,17132,12
15861,23876,12
21798,22935,12
8750,7444,12
21104,18413,12
8745,9478,12
28291,12797,12
12790,12786,12
18795,7178,12
9282,8744,12
14748,14752,12
7178,18796,12
28373,28370,12
14722,14748,12
28370,28378,12
28378,28380,12
28380,28383,12
28383,28381,12
28293,12790,12
4283,6351,12
28381,28390,12
43918,43917,12
23972,33943,12
43070,43056,12
41444,41445,12
18657,18689,12
44475,39535,12
48098,33982,12
40165,7731,12
39533,44130,12
7648,41446,12
44132,39564,12
7176,7177,12
24920,24922,12
12786,28276,12
22478,807,12
807,23646,12
23646,48401,12
17248,800,12
25466,28597,12
48401,24093,12
28390,28392,12
39072,10393,12
43917,43915,12
10798,10797,12
3301,3500,12
51771,17452,12
2248,51771,12
2879,2248,12
18801,18802,12
49741,15670,12
28413,28415,12
35194,25463,12
43915,43914,12
28415,28416,12
28391,28382,12
28382,28384,12
29085,12351,12
12351,12496,12
28335,35193,12
28333,28335,12
27904,22315,12
18749,50838,12
22315,21851,12
15678,49377,12
28417,28414,12
37090,48556,12
28530,26661,12
28414,28412,12
735,17248,12
28406,28405,12
27576,44475,12
28405,28413,12
21221,51060,12
51059,21220,12
28412,28404,12
28404,28407,12
21291,4220,12
43647,51059,12
41226,15820,12
51060,51246,12
11576,11739,12
13354,22235,12
24774,24741,12
257,267,12
38993,44018,12
51066,51073,12
44026,51067,12
25974,44026,12
7820,34772,12
17006,17008,12
20851,6117,12
3066,2833,12
3394,3802,12
44026,51073,12
25691,44026,12
1034,1036,12
17188,2106,12
1040,1034,12
1067,1040,12
39687,39684,12
37113,37110,12
24753,24774,12
37521,1028,12
44357,38575,12
43392,3190,12
14825,49199,12
18258,19818,12
7938,7813,12
7813,8070,12
23734,50058,12
21427,641,12
641,35711,12
38575,44355,12
35711,22101,12
22101,41132,12
1786,3342,12
39160,41829,12
7758,38348,12
38348,7754,12
7754,7756,12
7756,7755,12
39684,39683,12
48355,43435,12
44416,48815,12
48920,13356,12
3554,17356,12
1233,3611,12
3816,3973,12
3525,2053,12
3998,3525,12
44827,8947,12
8695,47119,12
38374,15664,12
831,24513,12
15660,15661,12
3021,4003,12
18757,20878,12
43075,36943,12
7749,8935,12
10455,10474,12
50001,16131,12
16125,16128,12
17356,16962,12
16962,3059,12
25670,25643,12
16147,26131,12
24535,44416,12
40666,21894,12
40667,40666,12
38896,40667,12
7944,7910,12
40668,38896,12
16862,40668,12
39683,8093,12
50636,42555,12
40669,16862,12
6955,17006,12
24558,40669,12
39122,450,12
24555,24558,12
2090,2103,12
2787,3550,12
17051,43392,12
3563,2988,12
12496,12353,12
48368,12780,12
25885,25887,12
28434,35198,12
51809,44547,12
47903,51809,12
21190,47903,12
742,728,12
35195,48380,12
11150,11152,12
48380,35400,12
12800,12798,12
28272,48369,12
48369,37091,12
20485,41785,12
18859,20485,12
9048,11289,12
6118,6058,12
34784,34760,12
25882,25883,12
11142,11150,12
48170,25938,12
5892,19725,12
39077,11787,12
11787,11140,12
22234,593,12
40474,40476,12
40476,48381,12
48381,48398,12
48398,48372,12
11140,11147,12
48372,48384,12
48384,48721,12
48721,48375,12
48375,48374,12
48374,48378,12
48378,37090,12
37090,48370,12
11147,11142,12
48370,48368,12
34760,34785,12
19127,5892,12
51086,5580,12
20286,5564,12
9546,9310,12
38153,38155,12
38155,38157,12
35551,35552,12
35552,35553,12
16039,16037,12
38876,49185,12
49185,49194,12
17706,19127,12
34917,7944,12
39966,35546,12
17008,3054,12
6118,19489,12
19493,19494,12
2093,38805,12
1891,2858,12
43585,25697,12
8146,8044,12
10446,13320,12
38154,38153,12
12644,29296,12
18712,19809,12
26353,25550,12
39629,28675,12
8429,38156,12
12236,12214,12
12235,12236,12
29296,12235,12
12124,12644,12
38151,38154,12
29073,12124,12
29251,29073,12
12510,29251,12
38156,38152,12
38152,38150,12
38150,7821,12
7821,38151,12
52029,15604,12
14900,19,12
36068,1705,12
28366,28365,12
28363,12791,12
12791,28293,12
49714,28979,12
20097,6873,12
6978,20097,12
11043,50197,12
52019,12226,12
50197,50226,12
50226,50192,12
51997,12226,12
27689,27809,12
3699,3274,12
3253,2151,12
2048,3731,12
41355,2048,12
4208,4857,12
2569,41355,12
28365,28363,12
12796,28366,12
14883,48776,12
28368,12796,12
22065,24791,12
5259,5258,12
3993,38700,12
5258,6338,12
6388,5256,12
5256,5254,12
7145,20913,12
28443,28441,12
28441,28439,12
28398,28388,12
28388,28385,12
28385,28377,12
28377,28374,12
49726,28030,12
28657,49718,12
18772,6874,12
48102,3999,12
2784,2569,12
6981,6978,12
2028,2784,12
50192,50201,12
23584,23583,12
35218,1031,12
50201,50193,12
22548,22540,12
8977,9442,12
9343,10775,12
50833,50832,12
51576,5373,12
50193,50224,12
50224,50214,12
8468,12962,12
50214,50209,12
50209,50196,12
50196,50227,12
5373,5376,12
14353,14141,12
50227,50194,12
22886,23584,12
24856,22087,12
24785,36909,12
2975,17359,12
17300,2028,12
1993,17300,12
2543,2467,12
409,14757,12
2497,1993,12
17359,2497,12
38739,8907,12
3404,2975,12
24680,36,12
17362,3404,12
8733,9742,12
11625,9743,12
10015,49357,12
15373,24720,12
36909,24791,12
24791,15373,12
40699,48881,12
34088,99,12
4026,43003,12
16340,16343,12
20129,20130,12
20128,20129,12
19922,20128,12
48085,11032,12
28106,15904,12
16437,16440,12
15582,16437,12
3956,35696,12
37574,28397,12
14358,13976,12
4666,18383,12
11789,39077,12
8093,8074,12
1148,4045,12
41660,8980,12
11275,10954,12
15556,22259,12
20130,20685,12
20685,20686,12
20686,41144,12
24927,629,12
48776,14870,12
14870,14822,12
1031,35281,12
36069,36068,12
36068,36065,12
25419,23419,12
39115,37117,12
17462,36068,12
23593,23582,12
23534,24468,12
23223,23534,12
4871,19457,12
15904,23223,12
37729,51199,12
37574,12803,12
27813,26911,12
13915,42877,12
21783,14355,12
28529,38588,12
24428,21783,12
51584,24738,12
10716,10321,12
24162,51584,12
23731,24130,12
22976,23731,12
10703,10193,12
43231,12836,12
13892,13888,12
39922,5263,12
50546,39830,12
35696,48889,12
5263,5264,12
48439,49228,12
50417,48439,12
15819,15898,12
24663,50417,12
5264,5259,12
11234,48500,12
19173,7139,12
41147,17667,12
2508,1797,12
15574,21917,12
15573,15574,12
49,16340,12
4875,4893,12
48207,9056,12
49228,42173,12
27595,27599,12
27299,28600,12
21617,21596,12
2506,17021,12
24875,690,12
13246,16147,12
43659,43322,12
1644,38700,12
51229,174,12
35322,176,12
2881,3194,12
4219,34304,12
22123,22119,12
40976,40963,12
24120,24109,12
24109,24160,12
40949,40947,12
24160,24149,12
42568,40949,12
42561,42568,12
42563,40958,12
40963,42563,12
40952,20551,12
41474,41478,12
40960,40952,12
40961,40960,12
40962,40961,12
20143,40962,12
6254,42431,12
4736,4791,12
41480,4736,12
41477,41480,12
24125,24120,12
22966,24125,12
11160,22966,12
40947,40945,12
4712,4863,12
39630,42087,12
4616,4942,12
4609,4616,12
38973,34217,12
27945,27703,12
4663,4611,12
18894,4809,12
41548,41549,12
27810,27805,12
41549,41551,12
41291,41293,12
41551,6078,12
28195,41643,12
26747,26746,12
28367,12794,12
35464,47851,12
41478,41477,12
41482,41474,12
50828,28831,12
5046,5041,12
42811,51258,12
44061,44037,12
47896,2394,12
28419,27776,12
49229,46,12
33966,24813,12
23592,42064,12
5041,5039,12
40175,5046,12
5063,41481,12
35376,40175,12
40170,35376,12
21522,35206,12
22264,15435,12
15435,37414,12
37414,22899,12
16068,45020,12
40171,40170,12
44037,17234,12
22150,122,12
8105,34849,12
23047,22150,12
7975,7954,12
7954,7955,12
7944,7981,12
7981,7703,12
34704,8322,12
10629,34268,12
39008,47419,12
47419,47437,12
34268,9694,12
8749,10775,12
47437,20422,12
20422,20841,12
39262,49229,12
10775,41133,12
41133,48935,12
50070,51987,12
14358,13978,12
4902,5197,12
6916,18910,12
38174,38183,12
26409,26410,12
44710,35913,12
23047,23049,12
6799,39878,12
39878,6800,12
18149,18170,12
6604,6755,12
6759,18130,12
27852,26409,12
11824,9339,12
18911,20224,12
41132,11824,12
39671,17934,12
40481,40482,12
2711,3490,12
34367,35492,12
28442,40481,12
28438,28442,12
27589,39498,12
50307,44718,12
44716,50307,12
24201,16777,12
21776,21646,12
24460,23680,12
44723,44721,12
5112,35394,12
44721,44711,12
22143,22063,12
35394,4774,12
14751,543,12
35471,5048,12
6509,22141,12
44711,44719,12
44719,44712,12
51313,16582,12
5779,18240,12
23051,22138,12
44712,44714,12
44714,44716,12
21469,21771,12
28394,28397,12
28387,28394,12
4125,1758,12
1248,1245,12
36491,13246,12
16972,20484,12
34227,34337,12
35507,34227,12
5065,4542,12
35368,5065,12
36363,13246,12
16006,24850,12
6019,35364,12
48214,34014,12
34014,16011,12
19571,18913,12
46470,50018,12
18687,5237,12
20054,19446,12
5198,46470,12
20224,35345,12
38183,38173,12
50389,6025,12
41370,16885,12
38173,38182,12
16589,24708,12
16572,16611,12
16505,16609,12
39159,16081,12
34159,50119,12
26782,26792,12
6471,18136,12
18197,6467,12
41292,41291,12
13274,7562,12
43129,43128,12
38170,38168,12
26992,42246,12
27995,26992,12
38171,38170,12
38182,38171,12
38714,43905,12
28360,28439,12
40174,40171,12
35206,35207,12
6870,6868,12
29177,35201,12
28429,28424,12
28424,28502,12
1645,42988,12
42988,42990,12
42990,42992,12
4085,4127,12
18777,4174,12
48068,17623,12
20113,35473,12
50832,43245,12
50837,50832,12
23060,23055,12
50836,50837,12
15535,15536,12
15536,15537,12
21589,16786,12
26548,40152,12
40477,40476,12
40480,40477,12
20011,18086,12
40461,40480,12
27884,28598,12
27850,27851,12
29168,40462,12
12523,12464,12
12464,39317,12
27786,27633,12
40462,40463,12
27633,27638,12
13286,13287,12
8750,11725,12
9681,10647,12
10716,8667,12
40463,40461,12
22228,24127,12
22163,22254,12
20044,19931,12
4333,20816,12
26541,26548,12
37639,26773,12
50839,50836,12
27052,27325,12
49611,51258,12
5623,20695,12
26710,26727,12
26715,26906,12
26700,26715,12
43457,16996,12
43446,43457,12
43448,43446,12
21805,15330,12
1166,43455,12
15331,21805,12
15328,15293,12
15329,15328,12
43455,43453,12
43453,44363,12
44363,43450,12
43450,43448,12
13285,13250,12
39133,26654,12
50840,50839,12
17976,6482,12
50834,50840,12
37640,37639,12
42853,42854,12
41809,41752,12
26433,27859,12
26540,26541,12
3900,17352,12
48909,3900,12
3956,48909,12
50842,50834,12
20501,2673,12
6872,50842,12
49720,27689,12
37336,37338,12
28657,28030,12
17981,17976,12
24680,22633,12
39319,34172,12
5040,44517,12
41398,41400,12
37384,37382,12
4623,4626,12
40843,4622,12
16087,21851,12
4941,40844,12
28376,28387,12
20461,50907,12
4761,4941,12
4789,4889,12
41285,41283,12
44517,35374,12
41286,41285,12
14885,24912,12
50027,4785,12
50042,50027,12
18911,43054,12
35365,4202,12
4830,35362,12
41716,4835,12
41876,5561,12
5042,5043,12
5043,35374,12
20701,20461,12
41400,41402,12
41402,41404,12
41404,41405,12
10970,10980,12
10980,11007,12
41405,41408,12
35207,35209,12
35209,35210,12
4810,18894,12
12794,28299,12
11017,11006,12
5883,5552,12
28299,12797,12
28375,28376,12
11006,10978,12
18254,18869,12
35374,40174,12
20215,17961,12
35378,5044,12
4576,4907,12
50908,50920,12
7095,17601,12
23038,23039,12
40759,40763,12
40763,40767,12
40767,40766,12
40175,44516,12
40173,40175,12
40766,40765,12
40172,40173,12
40166,40172,12
40167,40166,12
40765,6524,12
6526,5510,12
5510,6045,12
29167,29168,12
6045,20113,12
35374,40167,12
40977,20823,12
12180,29133,12
44593,39227,12
27604,11936,12
50492,35378,12
5042,50492,12
6534,37272,12
29109,12680,12
44516,5042,12
29107,29108,12
27333,27330,12
27329,27334,12
50907,50908,12
29106,29087,12
29105,29106,12
29104,29105,12
29103,29104,12
29102,12578,12
27332,27604,12
122,22153,12
22153,23037,12
14901,40662,12
36802,43818,12
25579,28670,12
21466,21351,12
16571,39182,12
40436,40051,12
18139,6607,12
6608,18139,12
48106,17623,12
21229,5007,12
21468,43772,12
21470,24787,12
5829,18036,12
14826,14809,12
43772,15338,12
51421,26737,12
49168,11334,12
26887,26687,12
4201,20768,12
21351,21468,12
19437,19067,12
21597,16896,12
48800,39213,12
23429,40434,12
21442,14976,12
14976,21443,12
21443,21444,12
21444,21445,12
21445,21446,12
21446,21447,12
37294,37342,12
40434,40436,12
27603,27610,12
28270,27603,12
43902,39490,12
21465,21466,12
37338,37336,12
39487,43476,12
20769,6724,12
22091,16909,12
16056,25166,12
35273,7020,12
21490,21491,12
21491,21493,12
41748,7215,12
14946,14895,12
50099,27314,12
14973,14946,12
18509,6057,12
41282,34669,12
7221,5238,12
18505,18527,12
9048,16289,12
9052,11292,12
48245,18421,12
11160,12975,12
18431,18489,12
7022,7017,12
19985,18946,12
644,40532,12
28670,28999,12
19337,19631,12
47956,14811,12
19434,21006,12
20073,20089,12
18947,20073,12
3371,1279,12
572,596,12
18946,18947,12
19915,19916,12
40001,19915,12
17652,19067,12
40617,44138,12
4937,4929,12
4239,4977,12
47856,3999,12
15233,14325,12
348,372,12
14659,14644,12
28294,28296,12
4678,20740,12
43147,4676,12
618,604,12
12195,42415,12
42415,12196,12
12196,12282,12
10892,10889,12
12282,12281,12
4507,43147,12
10893,10892,12
23450,23449,12
42845,41132,12
14474,42515,12
27619,29072,12
4150,4507,12
14809,43772,12
20740,19821,12
48881,23264,12
4111,4086,12
43413,28468,12
11812,11478,12
8733,46254,12
14728,33965,12
28661,42617,12
24595,24555,12
33965,14720,12
43817,43767,12
43418,43817,12
43417,43418,12
27609,43415,12
10889,41249,12
21195,21224,12
4132,1495,12
4086,4132,12
21186,5085,12
27616,27619,12
51393,21186,12
43142,51393,12
27611,27614,12
23449,23446,12
21463,21465,12
27331,27611,12
14965,21451,12
21451,21452,12
27329,27331,12
37348,37292,12
37346,37348,12
27332,27330,12
27610,27334,12
37342,37344,12
21452,21453,12
23264,51656,12
21453,21454,12
27614,27617,12
21462,21463,12
27617,27616,12
13118,13358,12
18446,43142,12
27681,37038,12
18443,18446,12
37038,27685,12
27685,27040,12
438,24684,12
50485,29450,12
24250,24254,12
1495,1365,12
51372,42617,12
27686,27769,12
43772,21462,12
26402,25726,12
41031,26402,12
18599,18624,12
43767,43413,12
51577,5267,12
3365,3155,12
23148,34134,12
43679,18114,12
18114,18115,12
4125,4135,12
42872,13214,12
13246,48395,12
5808,35350,12
3878,2069,12
4676,21048,12
8607,8608,12
3364,2444,12
3155,3156,12
40539,34423,12
5326,5461,12
3156,3004,12
4098,37230,12
35350,37042,12
9029,9031,12
42397,4515,12
44726,44727,12
16623,39981,12
34423,35497,12
37230,4099,12
5271,5506,12
7197,18704,12
44728,35915,12
4207,21222,12
8606,8607,12
44727,44730,12
5348,5351,12
3005,3560,12
28330,28197,12
8605,8606,12
47838,25553,12
19284,19349,12
22265,24981,12
37801,885,12
885,873,12
27542,27537,12
27007,27216,12
16694,14867,12
8604,8605,12
7145,20912,12
10810,10816,12
23461,37829,12
44730,44728,12
37829,40044,12
15909,15907,12
5756,6282,12
23129,23099,12
4181,7139,12
4099,44719,12
11030,41663,12
5295,20739,12
47859,5266,12
16058,16060,12
8608,8609,12
34806,40539,12
16060,25167,12
25167,25171,12
25171,25169,12
19178,19179,12
35685,35686,12
37372,37360,12
11981,27347,12
23174,23191,12
25169,25168,12
20920,17829,12
23191,40789,12
25168,25170,12
25170,16057,12
40789,41867,12
9923,11534,12
16057,16056,12
21281,20933,12
18624,18619,12
6656,6598,12
18218,49362,12
16284,16058,12
7335,7333,12
3005,3006,12
38904,10855,12
37042,5112,12
253,255,12
28364,28367,12
5272,5274,12
18940,19985,12
37360,37372,12
16280,16284,12
44725,44723,12
19673,18940,12
44729,44725,12
35914,44729,12
3006,3560,12
5269,5271,12
12793,28364,12
34408,34806,12
5266,5269,12
3560,38892,12
34233,34387,11
16097,43053,11
7324,7870,11
10889,10892,11
42500,667,11
24889,15186,11
47871,16097,11
694,42500,11
27636,28831,11
15884,9046,11
27744,27628,11
15010,694,11
39116,39119,11
38720,8935,11
27626,27636,11
39102,39101,11
12504,12538,11
23217,47871,11
38823,38825,11
42503,24711,11
34664,34391,11
12463,12544,11
4395,20093,11
44150,44149,11
44149,44154,11
44154,12520,11
12520,12462,11
4455,4456,11
50548,39830,11
43389,7534,11
7961,7296,11
4456,4458,11
12462,12463,11
39166,38266,11
38266,39167,11
28594,28501,11
14062,14069,11
8871,40685,11
44966,41375,11
20256,4448,11
4448,4446,11
40586,6668,11
12784,12782,11
52020,8926,11
16186,23217,11
8956,52020,11
38825,11426,11
19315,18814,11
28491,28498,11
28368,12798,11
421,455,11
11376,11373,11
48661,4453,11
6004,19315,11
47975,1098,11
27692,26584,11
12538,12374,11
5191,5173,11
16363,25267,11
11288,11030,11
5173,5304,11
5304,5196,11
43522,27567,11
10892,10893,11
34400,34398,11
14832,14840,11
11373,38823,11
11378,11376,11
34398,34413,11
34413,34416,11
7867,7961,11
44155,44150,11
3996,2356,11
34080,23193,11
4888,3996,11
34416,34403,11
34403,34401,11
34401,34479,11
8956,8926,11
34479,34388,11
42623,41249,11
28661,10889,11
29283,29284,11
1569,4871,11
34389,34385,11
12374,44155,11
44602,44604,11
18727,20086,11
47999,16186,11
12143,12350,11
12145,12151,11
12151,49812,11
49812,51994,11
18602,7215,11
51994,49213,11
28229,26737,11
44601,42075,11
44603,44601,11
44605,44603,11
15207,2969,11
49662,50085,11
50085,38659,11
27741,27744,11
44608,44605,11
4644,4645,11
50395,4644,11
44611,44608,11
12350,12145,11
12215,12143,11
6358,6359,11
12348,12215,11
15481,15482,11
21109,21110,11
21110,18535,11
35621,28997,11
28997,28998,11
7032,20920,11
17935,18077,11
20106,17787,11
17787,17799,11
18803,4171,11
44599,44595,11
5502,6360,11
15477,16109,11
36125,38284,11
6359,5502,11
27810,26615,11
12214,12348,11
26775,44611,11
48643,48528,11
47788,47999,11
48373,48383,11
28360,28433,11
16412,16232,11
51704,20532,11
21473,25137,11
19049,40503,11
37675,13322,11
51336,35345,11
20891,20900,11
50804,49677,11
29441,14294,11
4628,4663,11
44610,28213,11
601,758,11
44607,44610,11
44606,44607,11
44604,44606,11
44599,44602,11
48385,48373,11
48383,48382,11
48852,48643,11
48382,40475,11
5814,6358,11
4452,48852,11
48399,48385,11
48672,48399,11
48376,48672,11
48377,48376,11
37091,48377,11
6361,4802,11
5189,6361,11
5082,4753,11
18488,21103,11
4753,4947,11
4947,4800,11
23211,21960,11
13189,29433,11
29433,14280,11
40475,40476,11
14973,14984,11
15483,26038,11
26037,16107,11
28753,41419,11
23208,16147,11
26638,25404,11
26402,26638,11
4132,39133,11
4111,4132,11
52028,52025,11
48941,52028,11
22527,23325,11
19392,21070,11
486,14901,11
17696,20914,11
11039,11082,11
13358,29479,11
20086,5948,11
28331,25462,11
25468,28331,11
34436,34444,11
52025,43584,11
41419,41420,11
20572,20426,11
41420,38395,11
28275,12784,11
28426,28268,11
15186,15181,11
16679,16672,11
16247,16097,11
11990,51568,11
43769,15367,11
15277,43769,11
27844,26547,11
50567,9046,11
12042,41030,11
28276,28275,11
51372,12042,11
8219,44054,11
42623,25726,11
10912,10825,11
25419,44250,11
10933,10918,11
47912,19821,11
10918,48722,11
28334,25468,11
10801,10802,11
742,16491,11
5622,51974,11
18588,7215,11
7215,41747,11
41747,41746,11
48054,4505,11
34511,34530,11
42845,11161,11
41674,22241,11
21095,35836,11
35836,21109,11
20997,20988,11
25807,25920,11
15481,16113,11
16108,16109,11
5134,4873,11
10804,10801,11
21265,4184,11
10803,10804,11
10919,48699,11
48722,10916,11
10916,48596,11
25463,28334,11
5948,35191,11
48596,10910,11
10910,10917,11
10917,10919,11
11090,41663,11
10824,10633,11
21022,4259,11
21646,23895,11
4763,4877,11
14984,24898,11
9509,9915,11
10827,10824,11
48205,26808,11
11431,38720,11
47895,47143,11
8935,11806,11
40691,39166,11
19821,35892,11
20521,20522,11
12985,13793,11
36080,36037,11
8039,38352,11
49662,38658,11
20414,18790,11
19759,6969,11
4706,4862,11
38658,42987,11
4221,5706,11
27510,12341,11
34976,34871,11
5706,5708,11
38252,40691,11
4927,4936,11
7197,47810,11
4979,19086,11
20222,20202,11
16482,24273,11
7919,7887,11
51709,41502,11
48210,28071,11
21518,21538,11
26427,27595,11
22742,16524,11
16044,799,11
48364,43930,11
4025,1575,11
16042,16044,11
16046,16042,11
16045,16046,11
11230,11239,11
16048,16045,11
34746,8262,11
41448,34746,11
20971,21148,11
4211,20971,11
34984,44539,11
43224,34984,11
16047,16048,11
43663,7919,11
16043,16047,11
49384,43663,11
17003,42840,11
35900,17001,11
35892,35916,11
24132,786,11
38213,38215,11
37036,11158,11
38212,38213,11
15829,16005,11
18736,20794,11
24994,831,11
47920,24404,11
24966,24965,11
22693,21649,11
21345,21713,11
21713,21671,11
21701,21771,11
21776,21857,11
21404,22082,11
16005,22094,11
38208,38212,11
34539,34541,11
34954,34950,11
34950,34952,11
34952,36859,11
36859,37043,11
37044,42472,11
42472,8318,11
19447,20084,11
8318,8131,11
21188,51245,11
39254,21584,11
18655,42055,11
19697,19573,11
42662,7561,11
38204,38208,11
37216,37214,11
20479,6465,11
11158,11157,11
18916,18310,11
18310,18307,11
37210,26970,11
26969,27598,11
27294,39488,11
21470,21637,11
16000,25156,11
34435,34431,11
20316,20123,11
16494,50851,11
38965,21191,11
44546,38965,11
40856,40853,11
599,47966,11
43218,40855,11
21393,21469,11
47102,23108,11
44755,28865,11
6795,6796,11
43247,17240,11
43003,43005,11
43009,43011,11
48225,18523,11
43007,43009,11
24960,15161,11
41144,41143,11
41143,41149,11
48115,26659,11
41149,5607,11
43005,43007,11
5607,20774,11
15185,38975,11
50064,37147,11
20774,5606,11
1500,17242,11
43929,43928,11
37181,37182,11
37182,6657,11
16195,16233,11
38694,34228,11
34340,38694,11
19850,19851,11
7719,43653,11
27722,27915,11
43011,43013,11
24961,24960,11
24964,24961,11
1208,4029,11
34960,42297,11
24102,910,11
24962,24963,11
1231,1232,11
42997,1207,11
7245,18174,11
34537,34445,11
43000,42997,11
2697,43000,11
5307,4219,11
39879,6796,11
24965,24964,11
21938,24059,11
24059,24069,11
43013,1668,11
24064,13946,11
25876,12697,11
12697,12349,11
12349,49693,11
34741,34735,11
19851,19852,11
1384,50064,11
17240,17238,11
41293,41291,11
41447,43028,11
39521,38890,11
1575,1560,11
41291,41292,11
49729,17043,11
7864,39521,11
8059,34735,11
7692,10685,11
10666,9921,11
9946,9934,11
17043,17042,11
17451,40889,11
43224,42608,11
1758,4894,11
34374,34345,11
42608,42757,11
21809,22181,11
24131,23717,11
8931,8926,11
799,25159,11
17238,1530,11
43930,43929,11
27278,39422,11
26421,27850,11
51080,26412,11
42031,5310,11
37023,39842,11
3027,17451,11
1417,3027,11
1492,1500,11
42794,3437,11
39805,15185,11
1498,1492,11
5606,41134,11
35571,42970,11
37001,37023,11
15161,44019,11
1560,1498,11
9868,9866,11
11556,9868,11
39376,39475,11
39475,49267,11
49267,39375,11
11222,11556,11
39375,51080,11
39049,8399,11
38890,39049,11
39496,26427,11
24963,24966,11
10647,10193,11
10236,8468,11
17501,37469,11
4169,6742,11
28832,27635,11
10972,10975,11
40821,40823,11
47807,4634,11
16348,16097,11
14167,29504,11
5303,5175,11
34685,7873,11
34440,34442,11
28517,26641,11
15998,34346,11
10975,11024,11
4407,20412,11
49195,14607,11
39775,27842,11
10966,10972,11
10969,10966,11
27733,27736,11
26647,26643,11
28575,26890,11
46769,20078,11
29138,29102,11
29137,29138,11
12401,29137,11
29136,12169,11
12175,29136,11
26889,26743,11
12177,12175,11
6843,18032,11
10977,11005,11
26842,26940,11
11005,11016,11
28473,11936,11
10984,10969,11
26727,26889,11
26704,26710,11
8399,34685,11
19264,43147,11
6441,6636,11
11024,10982,11
24872,15089,11
8305,50394,11
35603,35604,11
14226,14223,11
8871,7780,11
1203,1559,11
19950,19948,11
27750,27642,11
15089,15075,11
11878,11294,11
18129,6608,11
27643,27751,11
38965,18437,11
27751,27752,11
248,661,11
50485,49195,11
4888,4882,11
15101,24872,11
27742,27740,11
37342,37294,11
28186,26886,11
10982,11031,11
25941,25948,11
35307,14585,11
37292,37348,11
7771,8466,11
27752,27741,11
47991,26438,11
6438,6441,11
27743,27742,11
37348,37346,11
27635,27634,11
37344,37342,11
29402,22235,11
36296,13322,11
35604,41289,11
42118,42119,11
26631,26639,11
26743,28575,11
29090,29106,11
19046,4269,11
42189,28549,11
20695,18691,11
15858,15887,11
15887,15715,11
7205,6453,11
43647,21208,11
10145,10146,11
27195,27187,11
21214,43650,11
19421,21201,11
38736,42189,11
19419,19421,11
10978,10971,11
10971,42559,11
10965,10968,11
20710,46769,11
18252,7205,11
24246,24239,11
50091,50108,11
10146,44749,11
50108,11333,11
5902,19049,11
49987,49998,11
12406,27945,11
27677,27679,11
9238,38839,11
49998,46729,11
34604,34575,11
44779,8931,11
15075,24873,11
1523,1528,11
8929,44779,11
11334,50000,11
9047,8929,11
27945,11962,11
50000,49987,11
11365,9047,11
11443,11365,11
44749,11443,11
26643,26625,11
47981,25553,11
6452,18252,11
10968,10977,11
4125,4138,11
35009,8438,11
37467,35673,11
50092,50091,11
40538,15815,11
37468,37467,11
37469,37468,11
3920,3918,11
41581,4187,11
22889,22865,11
49703,50092,11
43698,44261,11
15815,15808,11
40823,40864,11
40432,35701,11
35701,41132,11
40864,40821,11
29106,29107,11
27644,28832,11
35673,2666,11
19281,19284,11
50815,50811,11
23788,48418,11
4123,4089,11
20328,44343,11
23299,23359,11
44827,39294,11
19885,7100,11
8146,34697,11
34781,43028,11
11715,10145,11
8786,11883,11
27314,41105,10
27669,50507,10
39580,42248,10
29347,13104,10
12963,35701,10
35701,23418,10
11883,8782,10
16946,4070,10
41105,27317,10
27023,27005,10
28865,43749,10
11238,11230,10
6695,39957,10
27649,28475,10
1646,1051,10
42401,26978,10
39581,39580,10
9440,11238,10
26978,42403,10
27317,42401,10
9879,11539,10
42991,49330,10
44783,44780,10
13104,12900,10
6847,18117,10
9260,9259,10
42252,27366,10
25823,12557,10
43810,49431,10
9259,38845,10
15233,14077,10
39175,40809,10
38845,51928,10
51928,50471,10
12557,12559,10
50471,50469,10
50469,48850,10
11348,11790,10
23401,34084,10
42821,4008,10
38839,9260,10
22116,25137,10
13247,29413,10
44503,28294,10
39115,417,10
39176,44783,10
37370,37372,10
15788,15810,10
18441,18901,10
21998,15829,10
28294,27918,10
51331,21248,10
23351,21998,10
1031,23351,10
21002,51282,10
24779,13227,10
13214,13636,10
49733,17042,10
3083,49733,10
39128,22046,10
42463,42468,10
16494,23686,10
39560,27576,10
19800,5108,10
42115,42116,10
8073,8040,10
10716,11734,10
8040,7865,10
7865,34722,10
13274,16186,10
39526,39600,10
19023,6282,10
13286,14043,10
29418,29428,10
29413,29418,10
1071,1646,10
26982,26977,10
26977,50099,10
41939,20739,10
4504,41939,10
44780,44174,10
16389,16223,10
48060,2657,10
16223,16285,10
33876,43768,10
22074,33876,10
20435,34160,10
38658,1097,10
2029,2566,10
25166,16270,10
19581,41638,10
16339,16389,10
19437,21250,10
13179,13049,10
16271,16339,10
16270,16271,10
17035,17033,10
27059,26986,10
4175,19849,10
1014,24514,10
34604,34576,10
18650,20752,10
34576,7890,10
20752,20753,10
20753,20754,10
20754,49499,10
49499,49557,10
49512,49508,10
49508,20755,10
20755,6076,10
7728,34838,10
41401,41399,10
41403,41401,10
41108,41107,10
34909,7702,10
25391,40559,10
6076,34256,10
41406,41403,10
34905,8399,10
24971,24889,10
18914,6916,10
15151,24977,10
1314,3934,10
41407,41406,10
7094,7113,10
35540,35529,10
41409,41407,10
34605,34604,10
24513,1014,10
15584,15736,10
24397,999,10
37023,15954,10
15924,16655,10
16655,873,10
24458,14355,10
14355,13274,10
38368,38367,10
47895,21369,10
18561,6194,10
24787,24740,10
35536,35538,10
8503,34436,10
40559,42094,10
7910,8614,10
35538,35540,10
17566,3229,10
257,260,10
27784,27030,10
7109,7097,10
27030,27926,10
27926,41108,10
20088,4238,10
4238,19950,10
14354,14355,10
50642,50641,10
51528,13740,10
50640,50642,10
49655,24467,10
28765,41409,10
41421,28754,10
4942,4762,10
41422,41421,10
5539,5533,10
19118,19119,10
10703,11691,10
19119,39907,10
8125,43849,10
40153,26609,10
24370,15956,10
22261,23672,10
15555,22259,10
42889,40153,10
48000,18116,10
44761,26540,10
50764,25709,10
34492,34494,10
25097,15821,10
41613,38981,10
27630,27666,10
48556,48766,10
15565,15566,10
15566,15567,10
15567,23354,10
14757,33917,10
12005,41613,10
452,39095,10
51992,42846,10
44360,44669,10
34356,41798,10
48210,12007,10
36304,10328,10
26609,28942,10
12137,12135,10
38394,41422,10
25340,24939,10
41660,11022,10
29350,11119,10
38149,41006,10
16162,16087,10
16238,16128,10
28977,15649,10
50545,39830,10
39830,1585,10
12281,12547,10
12547,12137,10
7671,42303,10
8305,7671,10
1585,43346,10
13199,50332,10
16095,25193,10
43905,9113,10
41107,27674,10
27674,50848,10
25193,25194,10
25194,15883,10
37028,37029,10
1569,4089,10
25612,26473,10
28942,41841,10
35535,35536,10
15738,16455,10
7746,49388,10
16451,15545,10
16076,16155,10
40826,26812,10
34369,34367,10
26801,40826,10
40824,26801,10
41181,26985,10
26985,26980,10
34494,8240,10
15755,16076,10
35722,41485,10
26980,27621,10
35546,35530,10
1753,42840,10
37810,44933,10
27621,27059,10
37811,37810,10
34406,37811,10
23094,43659,10
51396,34229,10
38695,51396,10
26986,26983,10
26792,40824,10
26983,27058,10
7746,8148,10
41183,27319,10
34340,35508,10
15207,38310,10
15740,16451,10
21481,633,10
41157,27784,10
21478,21480,10
49388,8240,10
22151,23073,10
15169,24900,10
775,49327,10
15414,15582,10
47941,25540,10
24061,24060,10
20758,20759,10
24070,24061,10
13221,24063,10
49386,34505,10
656,15169,10
20603,17667,10
4453,4455,10
19173,20913,10
570,48282,10
4699,51987,10
19849,19850,10
5063,4938,10
5623,18953,10
50948,51119,10
51119,26955,10
26812,12247,10
26955,26952,10
4480,5033,10
35492,34801,10
5033,4736,10
48723,35722,10
35530,35533,10
1516,1376,10
48559,48723,10
35333,40258,10
8449,50098,10
17092,2931,10
15219,49032,10
40258,40259,10
40259,40256,10
40256,40257,10
40257,40242,10
49032,24928,10
34655,34508,10
25189,16054,10
8448,25189,10
24928,14355,10
3281,2181,10
2181,2194,10
2194,3632,10
2206,3915,10
38323,41766,10
16666,35331,10
35533,35535,10
4058,16945,10
15782,39161,10
10716,9469,10
16022,15782,10
15770,16080,10
16455,15770,10
26990,41157,10
50098,25160,10
43243,7758,10
43244,43243,10
17242,17241,10
1527,1528,10
1542,1547,10
1523,1538,10
24933,15207,10
22561,24933,10
41182,41158,10
42061,48559,10
17241,17244,10
633,21482,10
21485,21595,10
4677,5167,10
42405,19821,10
41158,11953,10
24663,42617,10
34590,34587,10
34587,34585,10
44072,51261,10
34564,34507,10
27669,50511,10
26952,39549,10
39796,39795,10
5674,5276,10
39795,21692,10
39804,26402,10
26402,24663,10
21744,23401,10
48922,44552,10
44280,44283,10
18008,40328,10
37634,37635,10
48257,27530,10
34340,34228,10
21693,21695,10
196,201,10
35067,34364,10
35066,35067,10
399,196,10
37635,399,10
37117,37634,10
16604,16558,10
14762,39114,10
23596,48262,10
48262,22803,10
35065,35066,10
24145,21868,10
22803,24627,10
22405,49991,10
23073,41864,10
201,199,10
16537,41213,10
27017,27023,10
4283,6350,10
42457,24894,10
26991,42497,10
25154,16049,10
8192,34488,10
40716,40717,10
42459,14807,10
797,270,10
423,424,10
6350,6351,10
199,200,10
40756,40755,10
404,423,10
403,404,10
51278,51280,10
402,403,10
2069,3512,10
401,402,10
200,401,10
22292,51152,10
21817,23013,10
41010,20215,10
23081,21944,10
41982,35490,10
1248,36119,10
36119,36078,10
36078,36072,10
36072,36073,10
23647,24027,10
24027,24035,10
36073,36074,10
49989,24986,10
4035,36071,10
42194,20458,10
5214,4416,10
50917,42194,10
42202,50917,10
42192,42202,10
20358,49547,10
24146,34090,10
20002,19830,10
36071,1248,10
7278,7279,10
22279,42152,10
49542,49543,10
42152,801,10
23938,23934,10
26779,27498,10
50082,25946,10
18692,49540,10
25945,50082,10
49540,49542,10
26403,12044,10
40715,40716,10
13322,48363,10
27792,44197,10
43112,43111,10
42134,43112,10
7275,42134,10
23929,23942,10
49543,18668,10
42677,10954,10
11274,48354,10
14836,14814,10
24945,29,10
14880,24945,10
16509,16513,10
16000,37804,10
18204,18241,10
15925,15924,10
10272,8942,10
40342,40339,10
40339,40338,10
16618,16622,10
16622,16567,10
15521,15519,10
22085,23102,10
5779,18204,10
39182,23408,10
23400,22067,10
22067,41132,10
27012,27014,10
15823,15521,10
27014,41202,10
41202,47884,10
40685,38738,10
24177,24734,10
34,15039,10
6269,19137,10
40999,40997,10
44152,44151,10
44151,28285,10
28285,28286,10
12093,29052,10
40997,40991,10
6563,18860,10
12639,48422,10
29165,29167,10
24121,24177,10
745,24403,10
24405,14603,10
28757,38395,10
28758,28757,10
28753,28758,10
24159,24121,10
27016,27018,10
39593,27012,10
27550,25500,10
25500,48873,10
48873,27549,10
43107,18503,10
50524,50526,10
50526,50525,10
50525,44684,10
44684,50851,10
39254,35286,10
18503,18415,10
29006,27543,10
14840,14898,10
43108,43107,10
27549,27559,10
14898,24898,10
43109,43108,10
27539,44310,10
4425,4287,10
4421,4328,10
4328,19992,10
44310,26991,10
43110,43109,10
50522,50524,10
35320,50522,10
25301,35320,10
25324,25301,10
49283,22357,10
27559,48346,10
25135,25133,10
15606,15683,10
29004,44332,10
15865,15709,10
23297,15865,10
35188,20811,10
44332,27009,10
35186,35188,10
2012,2955,10
2571,2435,10
35185,35186,10
21310,35185,10
35184,21310,10
23884,23297,10
24767,23884,10
27841,27871,10
20025,4420,10
26544,27839,10
18321,7255,10
43224,7942,10
6523,17799,10
19587,17758,10
6503,6574,10
34177,16846,10
44686,34177,10
40022,11478,10
24830,44685,10
16247,24830,10
44356,38574,10
35552,35551,10
35553,35552,10
18507,18459,10
35615,40022,10
7887,34772,10
17935,43679,10
6615,6755,10
37003,38340,10
34782,34754,10
40637,13203,10
17853,21209,10
17,23565,10
46702,46204,10
51062,43650,10
46204,39840,10
23410,16751,10
44355,44365,10
36989,48460,10
26752,12407,10
23565,23848,10
25033,24628,10
44365,44356,10
16034,25033,10
48194,22804,10
15711,24468,10
44551,44549,10
44549,44548,10
44548,44550,10
44550,48922,10
44552,39411,10
35679,35615,10
38340,15928,10
22546,36992,10
49337,49288,10
43155,35978,10
49275,15931,10
22136,23054,10
49291,49275,10
40803,38338,10
38338,37004,10
37004,16718,10
16718,49337,10
49288,22540,10
35678,35679,10
34298,17748,10
50456,50455,10
21270,34304,10
37003,49265,10
49265,49258,10
50459,50456,10
38939,14073,10
49258,49291,10
39996,6255,10
40712,40711,10
40713,40712,10
37007,49273,10
10517,8871,10
8871,10516,10
10516,43852,10
36992,37010,10
37010,16735,10
16735,37007,10
35677,35678,10
11633,35677,10
35614,11633,10
40702,40701,10
40701,40700,10
8366,34976,10
39831,23543,10
13800,13216,10
39444,39443,10
37366,37368,10
28222,40713,10
20878,20792,10
51244,5913,10
27851,26544,10
48523,44290,10
26693,28529,10
12670,29077,10
29142,49855,10
49855,29179,10
29179,29143,10
29180,12351,10
12351,29189,10
12163,29130,10
10896,10903,10
50920,39741,10
10457,37732,10
10903,10904,10
34649,34668,10
20360,19002,10
19002,19992,10
51618,34459,10
10904,10908,10
10908,39255,10
43074,8497,10
29343,14038,10
22873,46702,10
46936,46908,10
48354,10901,10
10901,10896,10
44040,44039,10
26633,28526,10
28526,26650,10
20739,4515,10
48432,39595,10
46908,48432,10
44259,38716,10
39741,20194,10
28826,26971,10
27804,28819,10
27505,12007,10
6107,42192,10
48444,20275,10
50916,34158,10
50905,50916,10
38358,50905,10
41673,18110,10
20300,20019,10
16521,25324,10
50362,50369,10
6628,6629,10
24864,24371,10
46782,46600,10
46600,46371,10
46371,46528,10
41069,41070,10
41070,41071,10
41071,50362,10
50369,51237,10
25324,25319,10
51237,51242,10
46528,46873,10
46873,46773,10
46773,22873,10
4634,42541,10
22361,21588,10
51242,51251,10
51251,51244,10
46427,46782,10
50891,1208,10
4036,50891,10
20070,20273,10
25319,51328,10
51328,51327,10
51327,51326,10
51326,51300,10
51300,25320,10
25309,51306,10
51306,51329,10
51274,51277,10
46270,22827,10
22827,47148,10
47148,46997,10
46997,47168,10
47168,46427,10
19992,18964,10
18964,19747,10
5605,19984,10
19984,18718,10
17961,40999,10
40343,40342,10
15612,21334,10
21743,22067,10
18904,19392,10
22068,21627,10
21628,49171,10
38760,38755,10
38756,38760,10
35667,44238,10
6637,5939,10
26897,26707,10
12128,50390,10
47890,15988,10
18819,18818,10
9639,11455,10
24930,24460,10
26583,28519,10
5210,21059,10
26611,26583,10
21044,5208,10
50398,10790,10
28197,12064,10
14990,24378,10
21752,21738,10
21767,21751,10
26154,42555,10
10861,10860,10
1702,16940,10
11058,11053,10
11077,11076,10
34076,48342,10
11076,11075,10
29037,28157,10
28162,29037,10
28160,28162,10
28161,28160,10
27443,28161,10
52027,48939,10
4078,42256,10
52026,52027,10
45001,52026,10
24379,42803,10
37690,13322,10
16940,36009,10
13717,45040,10
44279,44280,10
44283,44284,10
44284,44286,10
44286,44285,10
51704,20322,10
49205,14961,10
21568,21578,10
21578,44894,10
44285,44282,10
42174,42691,10
44282,44281,10
44281,38166,10
38166,38176,10
38176,18224,10
18224,18225,10
49170,21629,10
15326,23126,10
21576,21566,10
13358,14564,10
10819,10823,10
21575,21576,10
10823,10826,10
10826,48355,10
38168,18228,10
18883,44277,10
24980,24926,10
41783,22241,10
24926,14907,10
24245,24246,10
48480,35975,10
44277,44278,10
44278,44279,10
5056,5054,10
35977,35981,10
35981,47938,10
47938,21728,10
21728,46574,10
46574,21572,10
23400,21763,10
21754,36909,10
21743,21751,10
17222,1200,10
1074,17222,10
20711,20712,10
16131,16132,10
16132,16133,10
16133,16134,10
4041,1074,10
44334,1036,10
39776,39779,10
26661,26668,10
12288,12321,10
43348,44334,10
12069,12287,10
12287,29193,10
29193,29194,10
326,510,10
29194,12373,10
36005,43348,10
20089,18995,10
47900,45019,10
44153,12375,10
27560,48345,10
15586,35175,10
39593,27017,10
27013,27018,10
27015,27013,10
47901,27015,10
25467,47901,10
27548,27547,10
47883,324,10
714,23682,10
27561,27548,10
38898,15427,10
27652,27732,10
1642,4035,10
1209,1642,10
1200,1209,10
1507,16930,10
48345,27561,10
12373,44153,10
39682,39685,10
36009,16941,10
26658,26653,10
42809,43776,10
26663,26658,10
16650,41132,10
38588,26663,10
48395,48457,10
24466,110,10
36048,4069,10
22,97,10
110,41374,10
1252,44364,10
12375,44148,10
44148,12387,10
12387,12539,10
21762,16673,10
41376,43747,10
21769,21753,10
43747,13178,10
42807,42809,10
48947,43374,10
7771,39682,10
44366,36005,10
27876,42493,10
27867,27871,10
27836,27839,10
11161,11173,10
41495,11161,10
27851,27836,10
22865,792,10
29450,14166,10
38993,51067,10
3887,2693,10
51066,44027,10
23300,23400,10
41662,41495,10
26653,28530,10
41174,36771,10
16670,21757,10
11070,41174,10
23128,21738,10
35975,35977,10
21018,35578,10
11372,11375,10
25207,25240,10
16180,25207,10
17696,6266,10
50993,17952,10
5805,50993,10
19154,6265,10
38818,9848,10
11375,38818,10
9158,11372,10
16272,16215,10
8321,7703,10
11369,9158,10
27775,27928,10
13345,14358,10
29369,14073,10
44044,44043,10
34704,7958,10
37807,28198,10
25240,16332,10
27774,27775,10
42828,42256,10
20961,6221,10
35572,20556,10
18536,18414,10
18535,18536,10
17605,50164,10
20987,20996,10
20996,20989,10
20989,18290,10
18290,20961,10
6221,20951,10
17952,18001,10
35578,4193,10
5203,21018,10
42551,195,10
38175,18219,10
38172,38175,10
18210,38172,10
51310,6265,10
6265,20908,10
26803,26797,10
23225,38750,10
38750,21321,10
17572,46399,10
15455,15456,10
15456,15651,10
41408,28747,10
39644,39646,10
51382,39644,10
47856,2356,10
2356,2357,10
44147,25854,10
17047,3493,10
41064,43601,10
4757,4809,10
4779,4757,10
43131,4779,10
5163,43131,10
15428,22034,10
4768,5163,10
5054,4768,10
27375,25859,10
15454,15455,10
50414,608,10
15453,15454,10
16238,15453,10
49972,14061,10
49720,27692,10
28403,28406,10
15412,15440,10
15444,15648,10
15648,15467,10
18241,6670,10
27928,29308,10
44043,44042,10
44042,44041,10
44041,44040,10
27848,27654,10
48440,50414,10
3705,6878,10
39215,50966,10
6265,20906,10
15601,15649,10
27689,21851,10
37368,37370,10
18338,18303,10
22128,22242,10
27765,27327,10
6229,20996,10
48652,27934,10
38179,38167,10
38725,15582,10
20996,18338,10
38167,44275,10
44275,38165,10
38165,38178,10
16640,16773,10
19178,4199,10
2175,3181,10
40763,6524,10
38178,44276,10
41663,11039,10
26617,26611,10
6575,6505,10
16565,24704,10
39716,50553,10
49213,43633,10
27934,27765,10
824,16003,10
1274,1375,10
1384,1687,10
38180,38179,10
49847,49857,10
27036,50506,10
21752,21768,10
21768,21763,10
21767,23337,10
27037,27036,10
27662,27037,10
41133,41660,10
42829,42828,10
25204,23478,10
5491,5492,10
15219,29581,10
14867,45049,10
49065,23098,10
18225,38181,10
27768,48652,10
38181,38180,10
27327,27662,10
18203,21039,10
18957,20114,9
26804,26811,9
40581,40584,9
26837,26840,9
20115,50147,9
43842,38877,9
37374,37372,9
26931,26837,9
20251,20030,9
19004,19773,9
26827,26926,9
42659,41374,9
26926,26831,9
41133,3489,9
29131,12171,9
43788,43790,9
43790,38349,9
10251,38161,9
10034,10251,9
8263,8265,9
37677,13322,9
3021,41132,9
3549,3021,9
48196,3549,9
28403,28401,9
26811,26815,9
17448,3178,9
3635,3051,9
27845,27654,9
41453,34984,9
28309,12798,9
3452,17018,9
17018,17019,9
28173,44136,9
35958,26838,9
25847,26819,9
26907,26822,9
6695,6697,9
24863,24864,9
43395,9831,9
24862,24863,9
15956,24862,9
18365,18919,9
49083,36084,9
47839,37807,9
7692,34960,9
6697,50870,9
4662,5050,9
37807,26809,9
4869,4876,9
26929,26930,9
4549,48181,9
38844,9102,9
23301,23302,9
4688,4662,9
4684,4688,9
4983,4686,9
4683,4684,9
4686,5098,9
25846,37807,9
8105,8314,9
5098,4683,9
26930,26931,9
1806,51967,9
26822,26820,9
23145,22062,9
8468,23145,9
9542,10073,9
51967,1806,9
26831,26927,9
37380,42507,9
26840,25818,9
34875,43846,9
26936,35958,9
1722,38785,9
17941,5804,9
8070,8437,9
34985,7381,9
9238,51977,9
28346,26841,9
51977,49980,9
17933,17941,9
12876,13642,9
17010,17009,9
42507,37380,9
6392,41632,9
36084,42971,9
49980,9255,9
38834,50123,9
7382,7384,9
17132,1812,9
26909,26907,9
11347,48563,9
48563,50470,9
50470,51927,9
51927,9094,9
9094,38844,9
34869,34697,9
26928,26929,9
15838,23301,9
17370,3464,9
29114,29115,9
26027,25691,9
1747,3974,9
41429,7515,9
29428,13983,9
4692,4693,9
50815,6668,9
42286,37306,9
37306,42286,9
50589,18999,9
42286,37396,9
42565,6775,9
6773,20106,9
26614,27901,9
40283,20675,9
41788,22254,9
39254,13946,9
4891,4734,9
17696,20906,9
5891,17696,9
20207,20894,9
38759,41114,9
37366,37364,9
37396,42286,9
37334,37292,9
37338,37334,9
21115,21103,9
19264,35291,9
4789,4890,9
4698,4785,9
4758,4698,9
6909,6908,9
7514,41429,9
41114,47004,9
21397,21399,9
15571,15573,9
23353,51794,9
23354,23353,9
15380,49170,9
15832,37715,9
4895,42405,9
3854,3852,9
50476,4176,9
1688,1687,9
42829,3834,9
1396,1340,9
1348,1695,9
36112,16940,9
47976,42216,9
15577,34109,9
34109,15563,9
6909,19775,9
34062,24169,9
24168,34060,9
5897,19290,9
5997,5897,9
35235,35237,9
35210,16680,9
37292,37338,9
748,29378,9
37191,17934,9
6067,35594,9
4816,4758,9
16196,13361,9
15538,15569,9
12042,22454,9
28581,28214,9
11109,39082,9
34728,38886,9
14835,35707,9
35707,21782,9
39082,39076,9
39076,11789,9
28224,28771,9
37334,37338,9
50124,50129,9
27875,27870,9
18203,5002,9
39224,10400,9
12398,29186,9
12167,12402,9
34173,12288,9
7628,34173,9
38939,13287,9
10236,50399,9
27696,27690,9
27728,27696,9
52018,12226,9
27748,27735,9
27732,27748,9
27842,41604,9
14348,50491,9
39781,43522,9
11111,11108,9
21696,12042,9
47004,41115,9
50239,11111,9
4813,4816,9
39872,4813,9
41115,51357,9
51357,38758,9
39867,39872,9
39875,39867,9
617,428,9
18580,6096,9
4260,21045,9
43605,616,9
44373,8463,9
8463,7619,9
36927,7543,9
5004,21050,9
21436,21438,9
21438,14831,9
14831,21440,9
21440,14835,9
18117,20435,9
11105,11256,9
26545,26537,9
26570,28520,9
28539,26570,9
28519,28539,9
11256,11107,9
11107,11106,9
11106,50239,9
51794,15568,9
15568,16035,9
6799,6800,9
24131,22434,9
21474,22966,9
8291,8115,9
8125,42472,9
42472,7965,9
7965,37043,9
37044,34953,9
34953,34951,9
34951,34954,9
4313,4297,9
4297,4300,9
4300,4301,9
4301,4303,9
4303,5631,9
5316,5318,9
19677,19678,9
8647,11869,9
40783,5485,9
12668,12669,9
34608,34606,9
20385,19872,9
19872,20697,9
20697,19572,9
19572,3891,9
18488,18418,9
12148,29186,9
47422,47452,9
19571,1294,9
24123,24127,9
23676,23193,9
7747,49388,9
6575,17758,9
28239,44595,9
48085,37274,9
10607,10866,9
9010,9011,9
51956,44888,9
26639,26693,9
19775,19778,9
6885,6886,9
39166,20062,9
34871,41178,9
21847,16016,9
13356,15342,9
4450,38252,9
4449,4450,9
4447,4449,9
17010,2813,9
16016,16019,9
27909,27912,9
27915,27787,9
7771,8467,9
17795,6506,9
6503,6505,9
41349,43403,9
37332,37330,9
37328,37332,9
37326,37328,9
6900,19456,9
44291,47422,9
4689,4690,9
27689,26615,9
16087,16242,9
23123,15306,9
23209,15536,9
15536,15538,9
25690,26027,9
27903,49563,9
37340,37292,9
17995,7002,9
3999,4882,9
35580,6707,9
4201,20769,9
27809,49563,9
29243,27689,9
37338,37340,9
37330,37338,9
40640,37366,9
37364,40640,9
37338,37330,9
37340,37338,9
37292,37340,9
40640,37364,9
37366,40640,9
37368,37366,9
37370,37368,9
37372,37370,9
818,16032,9
37783,37784,9
817,818,9
15382,15349,9
11317,8583,9
4682,4689,9
8574,11317,9
4681,4682,9
4680,4681,9
4679,4680,9
41436,7638,9
8588,11307,9
11307,8592,9
40211,4750,9
5194,40211,9
5171,5194,9
4933,5171,9
8592,8582,9
5306,4933,9
8582,8581,9
15350,15370,9
4934,5306,9
4803,4934,9
5187,5191,9
5175,4958,9
19606,5303,9
6356,19606,9
8581,8573,9
27722,26555,9
19802,5301,9
26555,26553,9
26553,28587,9
28587,25944,9
11936,28475,9
27652,37832,9
34299,34300,9
47288,33948,9
4443,38206,9
8795,8728,9
42659,41375,9
1757,4086,9
19821,17003,9
4763,19821,9
38206,38205,9
38210,4443,9
26654,26665,9
38211,38210,9
38214,38211,9
38114,38214,9
4744,20740,9
4678,4744,9
19093,5143,9
6491,6492,9
6492,18182,9
18182,6493,9
1656,49326,9
42620,39257,9
6493,5933,9
28575,43058,9
43058,26890,9
26891,43567,9
15639,51776,9
24229,15808,9
15863,16802,9
15193,50777,9
25391,15193,9
15181,15189,9
28723,28706,9
28706,28722,9
4861,19093,9
4675,4861,9
39167,38253,9
43233,42225,9
43164,43166,9
43166,43168,9
43168,43186,9
14938,24877,9
40163,43187,9
43187,43179,9
43179,43172,9
43172,43169,9
43169,43175,9
43175,43177,9
43177,43998,9
43998,43180,9
43180,43188,9
14819,14843,9
42225,43235,9
43147,4675,9
24877,15042,9
48340,47885,9
39257,1595,9
43235,42224,9
42224,43237,9
1210,1197,9
43237,12465,9
1264,1251,9
12465,34172,9
4458,39166,9
41220,7381,9
4150,21126,9
21126,19389,9
19389,19264,9
28722,28719,9
28719,28718,9
38395,38394,9
6607,7245,9
26411,26412,9
26410,26411,9
39642,27701,9
29284,49907,9
49907,29189,9
12406,27279,9
4123,40543,9
40543,41132,9
6795,39879,9
50394,7675,9
7562,7567,9
7675,44393,9
44393,34918,9
34918,36850,9
6608,6607,9
13581,13590,9
1358,50064,9
50064,3865,9
29399,14126,9
10808,10809,9
10830,10828,9
43303,23259,9
35958,44136,9
1620,36030,9
34924,34949,9
34949,43960,9
43960,41501,9
25846,26813,9
26813,28262,9
26903,43357,9
24237,14297,9
48842,26592,9
38819,9845,9
49297,49268,9
38283,36124,9
38284,38285,9
51585,24163,9
24167,51585,9
13603,29591,9
25948,21588,9
49273,49277,9
49277,49266,9
49266,49280,9
18507,47944,9
7570,7508,9
49280,49262,9
18820,18818,9
49262,49297,9
37716,15833,9
49421,48842,9
22147,41267,9
49268,15931,9
14454,14456,9
39775,27859,9
34796,8219,9
41436,8491,9
28268,28438,9
13186,14475,9
14205,13187,9
42238,50924,9
49900,12671,9
29085,29283,9
14197,14152,9
14152,29463,9
12326,28617,9
25743,25744,9
41445,41440,9
27479,27514,9
34655,44164,9
19942,4363,9
511,503,9
27697,26941,9
20082,20080,9
325,290,9
27642,26567,9
281,293,9
34790,34711,9
34829,34790,9
48210,27479,9
10687,9064,9
9064,8732,9
34537,34540,9
34649,34565,9
44164,34508,9
34561,34653,9
42064,23593,9
23582,15922,9
27514,27154,9
27878,27643,9
174,39127,9
15107,15101,9
15109,15107,9
22414,16867,9
16099,22414,9
18804,20314,9
47871,22658,9
34580,34581,9
34581,34586,9
23221,23543,9
47897,35465,9
34586,34588,9
1753,42726,9
19703,42238,9
42201,42200,9
42200,6740,9
38742,21027,9
49547,18649,9
18649,6072,9
6072,20742,9
34161,50900,9
50900,50921,9
50921,38359,9
6717,20195,9
34443,34511,9
10319,10107,9
35906,4127,9
27749,27733,9
42433,5165,9
10107,51830,9
20195,50909,9
27734,27749,9
4742,50041,9
41480,4735,9
41479,41480,9
41476,41479,9
19551,5601,9
20321,47447,9
41484,41476,9
438,442,9
41482,41484,9
442,511,9
4790,41481,9
23307,47871,9
23217,23193,9
43182,43164,9
33948,47120,9
46710,47288,9
4134,43513,9
41248,34580,9
43513,44101,9
1645,1098,9
1098,50804,9
11738,51823,9
51823,10061,9
10775,49168,9
13246,15416,9
49210,13019,9
36031,2606,9
5433,6387,9
42506,42505,9
14599,15631,9
24756,16189,9
51748,656,9
655,51748,9
47120,47070,9
38903,43233,9
47070,47194,9
47194,46917,9
46917,46215,9
46215,46824,9
14843,14866,9
44757,43182,9
20624,20300,9
25741,25743,9
41446,41444,9
2876,1311,9
48141,1296,9
6355,5681,9
1333,17462,9
14741,14726,9
34588,8230,9
17462,1707,9
8230,34619,9
15320,15316,9
25136,15683,9
34109,15886,9
15319,15320,9
34619,34589,9
15318,15319,9
15310,15318,9
25328,34109,9
15308,15310,9
15307,15308,9
41105,42401,9
14752,14741,9
34597,34599,9
23953,24389,9
23914,23908,9
42401,42403,9
24013,23998,9
48460,39841,9
15949,46590,9
24053,16914,9
34589,34592,9
24057,24053,9
46590,46344,9
38318,16039,9
46344,46710,9
20123,18958,9
34594,34597,9
26807,48205,9
50924,42201,9
14480,14479,9
35487,35488,9
28270,28468,9
1760,4895,9
4895,35937,9
35937,35486,9
35486,35934,9
35934,35487,9
35488,35489,9
4259,21002,9
35489,35480,9
35480,35481,9
35481,35479,9
49854,29246,9
28961,49829,9
29243,12408,9
49812,29131,9
26707,26686,9
49829,49805,9
29095,12353,9
26572,28542,9
28542,28543,9
12275,42218,9
42218,12229,9
12229,42219,9
42219,12430,9
12291,42231,9
35900,1760,9
28543,26616,9
14043,13338,9
21002,19399,9
13345,14356,9
42840,1758,9
17002,35916,9
17907,41639,9
20522,20132,9
49840,29116,9
41982,34453,9
50147,20488,9
21322,21646,9
20072,5654,9
34509,34656,9
43911,4665,9
34455,34602,9
29120,49900,9
21799,23897,9
34796,34834,9
20068,18935,9
18935,5657,9
8218,34796,9
44055,8218,9
51264,42908,9
18474,18480,9
17012,19573,9
49865,49889,9
6962,20675,9
35578,5203,9
42222,12284,9
18128,18097,9
18150,18128,9
2813,3054,9
21013,35578,9
22219,22213,9
2387,3053,9
7294,8456,9
42216,43682,9
13274,21799,9
35509,34540,9
6952,6951,9
4049,1534,9
12496,29095,9
40571,40574,9
40574,40569,9
24787,23897,9
39617,4079,9
1230,36009,9
21595,29342,9
24183,21594,9
42218,12228,9
42219,42218,9
12227,42219,9
37221,35608,9
23896,21470,9
21624,21356,9
42220,12125,9
40345,42231,9
12239,12226,9
41901,12239,9
35608,39227,9
7244,7245,9
23038,23048,9
4725,20740,9
14165,22234,9
42859,47406,9
13599,42860,9
43940,23736,9
23736,35286,9
21095,4924,9
13250,14046,9
38984,37221,9
20295,4412,9
18141,18193,9
12128,28728,9
4412,19973,9
28728,38984,9
18063,6476,9
21608,21624,9
21633,46240,9
18829,19581,9
49857,49807,9
29120,49847,9
5855,5856,9
5849,5855,9
5845,5849,9
52029,15671,9
5844,5845,9
4782,49977,9
4843,4844,9
40255,4782,9
4736,51946,9
5032,51987,9
40569,5032,9
49807,49875,9
49875,12671,9
5856,5858,9
29188,12167,9
29187,29188,9
20501,2347,9
7444,48498,9
43491,10881,9
42116,42117,9
18619,18629,9
4164,43910,9
11233,10776,9
11223,43254,9
10881,39070,9
10880,39072,9
6419,17841,9
11156,11223,9
11153,11156,9
11151,11153,9
18819,18816,9
49805,49865,9
35491,34446,9
25956,51209,9
2608,1615,9
51210,25956,9
37221,35609,9
34304,34299,9
29521,42469,9
11239,11242,9
25391,42094,9
15181,25391,9
21918,22548,9
35610,39226,9
27704,27945,9
11242,10776,9
307,304,9
510,509,9
22201,23168,9
12163,49833,9
49870,49918,9
24820,42312,9
15711,48275,9
28779,28329,9
28794,28784,9
34428,34657,9
15172,35491,9
42469,14350,9
46232,9339,9
20039,5659,9
34672,35508,9
38983,12557,9
28979,27782,9
34652,34511,9
15843,15830,9
49874,49840,9
35499,34425,9
35498,35499,9
35497,35498,9
16000,24411,9
29401,29378,9
42685,14480,9
39226,37221,9
3869,17425,9
35609,38983,9
22066,24791,9
29129,49809,9
34425,34428,9
20000,4387,9
20607,20608,9
48638,38680,9
42469,14132,9
14128,42469,9
38695,34672,9
3558,2192,8
41133,21737,8
39712,43629,8
13117,13072,8
2833,39198,8
10735,10309,8
28112,25953,8
22134,41317,8
50154,7032,8
15652,15471,8
687,688,8
6045,6775,8
6733,6734,8
49356,49355,8
4226,40328,8
48703,43594,8
15470,15652,8
6732,6733,8
47145,21304,8
44232,10264,8
14296,24239,8
19263,50154,8
50871,6732,8
23099,22046,8
15066,687,8
5088,21093,8
43571,43568,8
44152,43571,8
26891,44630,8
7496,8492,8
27007,44333,8
24428,24928,8
15448,15470,8
2057,3983,8
17846,17871,8
43601,17902,8
29219,26606,8
34650,34647,8
40977,6025,8
25201,824,8
44926,21588,8
21309,47145,8
51581,51580,8
7280,7281,8
24848,831,8
4274,4398,8
3333,2069,8
7279,7280,8
48240,17623,8
51582,51581,8
25198,51582,8
43246,18775,8
18775,6881,8
19969,18965,8
18965,20044,8
51583,25198,8
25195,51583,8
25192,25195,8
20044,18967,8
15884,25192,8
38169,41089,8
18225,38169,8
35341,21309,8
35342,35341,8
20093,4393,8
379,662,8
6591,6430,8
44836,8947,8
6592,6433,8
10171,10169,8
688,685,8
10169,11813,8
4398,4395,8
7231,7232,8
29218,29219,8
6481,7231,8
14358,29428,8
20610,6721,8
34364,34458,8
2295,3066,8
50922,20610,8
6433,17997,8
17997,6435,8
6435,6436,8
20513,20139,8
50911,50922,8
50909,50911,8
14036,13037,8
41089,18210,8
34897,34608,8
15472,15449,8
685,689,8
35111,21302,8
44856,9225,8
27674,50847,8
41703,41702,8
28961,29080,8
15615,15378,8
20808,41703,8
5577,20808,8
39735,25117,8
43253,39735,8
13287,29344,8
47124,39963,8
50340,43253,8
25187,15846,8
18022,18000,8
18000,17975,8
20366,4274,8
33893,23408,8
39213,27945,8
874,884,8
18442,7222,8
35580,50389,8
27700,50966,8
44855,44856,8
34062,23919,8
20485,4179,8
4876,35111,8
35115,15039,8
689,684,8
39106,33917,8
26972,34978,8
34978,40440,8
14771,421,8
414,417,8
39963,26972,8
47844,26808,8
35353,35385,8
24937,407,8
35386,35353,8
22859,24937,8
5105,35386,8
5104,5105,8
5103,5104,8
42739,40447,8
4462,20256,8
38117,21951,8
27668,27674,8
8328,10226,8
27683,27668,8
27681,28699,8
12158,29125,8
19722,42239,8
42239,42240,8
451,39124,8
12398,12158,8
8959,44855,8
8924,8959,8
28639,28477,8
33970,34060,8
7895,34995,8
44137,20258,8
26964,27279,8
43096,43098,8
43098,26958,8
15544,16452,8
26958,39527,8
39527,50677,8
39551,48560,8
48560,27577,8
27141,11999,8
15588,15544,8
24336,43324,8
15756,16430,8
36334,9048,8
37784,28114,8
16075,15756,8
35385,35353,8
2157,2192,8
35395,35352,8
15471,15472,8
17317,3322,8
15640,25186,8
16268,15641,8
43591,25297,8
20258,40620,8
51383,28619,8
50962,43096,8
27244,44623,8
8925,8924,8
39103,39093,8
22835,86,8
16116,15605,8
413,39103,8
39162,39115,8
21675,89,8
43572,39112,8
48822,8925,8
24133,16571,8
50948,27581,8
44623,51397,8
48753,27269,8
51397,48720,8
34667,34897,8
48720,51404,8
49874,49889,8
49886,49918,8
49870,49886,8
51404,51401,8
51401,48867,8
28626,12040,8
38805,17318,8
48867,48753,8
35353,35395,8
47896,3960,8
20816,4334,8
39409,39473,8
39646,27634,8
12979,14227,8
6590,17875,8
17850,17804,8
8059,49565,8
17623,17710,8
16582,29503,8
44752,48418,8
3932,3931,8
39641,39643,8
7766,43653,8
8072,8437,8
34833,8072,8
28831,27639,8
27639,44551,8
39411,27722,8
7766,34729,8
8075,7564,8
22566,42734,8
19369,5926,8
5926,4202,8
7253,6590,8
6602,7253,8
6717,34158,8
35509,34453,8
15312,15317,8
757,42176,8
15919,15150,8
42176,34347,8
34455,34446,8
34347,34664,8
7692,44073,8
34664,34378,8
8988,10727,8
34378,34381,8
6442,18018,8
34381,34386,8
34386,34385,8
34539,34602,8
25689,27794,8
34392,34388,8
4883,4983,8
4868,4883,8
4877,4868,8
34389,34391,8
42811,3870,8
27656,28639,8
50279,50270,8
9720,9713,8
48736,26948,8
1271,2083,8
3986,1271,8
49068,26520,8
18028,18090,8
50669,44475,8
44475,27257,8
27257,47104,8
21537,21545,8
5709,5714,8
18818,19863,8
28438,35401,8
28479,28268,8
47104,43097,8
17750,17739,8
3418,17325,8
17325,3419,8
43460,1279,8
3420,3421,8
43097,43095,8
50269,36039,8
38295,15919,8
25935,25996,8
38297,38295,8
24529,1014,8
35676,9720,8
35675,35676,8
35679,35675,8
41544,35679,8
41505,41544,8
48803,41505,8
10381,48803,8
3077,2852,8
2854,3113,8
1014,830,8
38298,38297,8
37018,38302,8
21210,38965,8
2136,2988,8
41665,11028,8
13356,11119,8
49328,13356,8
38302,38301,8
38301,38298,8
39560,39569,8
15309,15376,8
15376,15836,8
15827,13178,8
3908,1448,8
29343,13151,8
37114,48417,8
14839,37114,8
47963,14751,8
4840,21117,8
23304,821,8
97,34088,8
23303,23304,8
23302,23303,8
99,24813,8
5019,4717,8
5020,41046,8
23201,50802,8
50802,24335,8
16348,2,8
21851,49731,8
2,15667,8
15667,15178,8
15247,24379,8
27040,27038,8
26960,27686,8
29082,49900,8
49900,12680,8
34350,34351,8
20188,20190,8
27079,25840,8
6550,20212,8
7290,6550,8
6563,17922,8
29196,12290,8
17605,4176,8
20465,4227,8
20540,20628,8
20702,20540,8
19471,20188,8
34351,41798,8
47998,18116,8
6115,20498,8
20498,20568,8
20497,7283,8
20193,18082,8
19374,6848,8
20415,20235,8
34356,51992,8
34354,42846,8
27769,27066,8
27066,27774,8
37070,12557,8
4194,19388,8
27935,27065,8
27670,27672,8
27672,27687,8
11593,50689,8
40777,11593,8
27687,27767,8
34457,51992,8
34443,34433,8
34434,34443,8
19296,19301,8
41213,41212,8
17884,17872,8
6455,6443,8
7192,6455,8
18018,7192,8
15092,774,8
778,15092,8
35490,778,8
49037,35666,8
44240,49058,8
49425,49471,8
41212,41206,8
23185,41599,8
39779,47751,8
43026,36943,8
185,23076,8
50850,27671,8
179,185,8
23075,111,8
35965,23075,8
24785,24856,8
9946,11534,8
50689,9940,8
41969,39328,8
41206,16593,8
39328,41968,8
7372,7374,8
34968,7372,8
41903,41967,8
41967,41966,8
41966,39329,8
8463,22225,8
49615,3917,8
39329,39516,8
50270,50269,8
28071,47835,8
4334,20815,8
51245,51250,8
50275,1596,8
50278,50275,8
36098,2960,8
50271,50278,8
50276,50271,8
50277,50276,8
50187,15831,8
13230,40636,8
14316,13230,8
8013,7721,8
23784,41464,8
41464,39282,8
41072,41069,8
50367,41072,8
50363,50367,8
50370,50363,8
50368,50370,8
50371,50368,8
51235,50371,8
51239,51235,8
5318,21271,8
36124,41042,8
41042,41041,8
41041,41038,8
50297,36836,8
50321,48567,8
15562,33982,8
42512,15553,8
24269,42510,8
44129,29008,8
11986,39567,8
48712,50321,8
48828,48712,8
36836,48828,8
1615,50297,8
41038,41036,8
42703,1624,8
20106,19584,8
41032,42703,8
41034,41032,8
50281,41034,8
41036,50281,8
25880,49421,8
42143,19587,8
17771,42142,8
51250,51239,8
51299,51269,8
11999,27509,8
51343,51299,8
39546,39545,8
5350,5351,8
44090,39503,8
20217,44967,8
8497,50444,8
50444,10854,8
27736,27655,8
17914,18077,8
20265,18158,8
39596,48431,8
48431,48433,8
2563,3870,8
25116,40565,8
26971,48436,8
15377,23260,8
4260,21042,8
18203,21050,8
43909,18199,8
18965,19929,8
19931,18965,8
34161,6720,8
41203,39978,8
39500,41203,8
47452,47441,8
15413,26403,8
51353,51343,8
51339,51353,8
51297,51339,8
51344,51297,8
26784,27805,8
51330,51344,8
51303,51330,8
26644,28278,8
51329,51303,8
49413,26613,8
48182,19486,8
43382,34635,8
19879,20317,8
39175,16629,8
41756,41755,8
48342,24928,8
34668,34656,8
18724,19747,8
6850,18724,8
34639,35065,8
48567,48683,8
48683,48673,8
20878,44025,8
48673,48530,8
17237,36030,8
48865,38267,8
48586,48865,8
48751,48586,8
48675,39535,8
6919,20561,8
39534,51665,8
2633,16972,8
51665,48651,8
21972,21730,8
48875,48751,8
21558,21442,8
21447,14965,8
48641,48875,8
21454,21455,8
50334,48641,8
41136,7980,8
8427,41136,8
8001,8427,8
48597,50334,8
48713,48597,8
43095,48675,8
20561,20558,8
20558,20559,8
7598,7612,8
50280,50279,8
50268,50280,8
40554,50268,8
28195,26745,8
41043,36125,8
41040,41043,8
41176,7596,8
41177,41176,8
7612,41177,8
3959,2443,8
20559,19092,8
4792,18788,8
41039,41040,8
41037,41039,8
50281,41037,8
41035,50281,8
50273,41035,8
41033,50273,8
36128,41033,8
1739,36128,8
48779,48713,8
48756,48779,8
48695,48756,8
44128,44129,8
48613,36024,8
8603,8604,8
48856,48613,8
7717,35732,8
8609,8978,8
8978,8611,8
48651,44124,8
44124,42969,8
42969,44128,8
47117,46753,8
36027,48569,8
46864,47117,8
22961,46864,8
38215,4447,8
46824,22961,8
48538,48856,8
48588,48538,8
48679,48588,8
48530,48679,8
8146,7819,8
21457,8603,8
48569,48752,8
4258,4256,8
48535,48689,8
36025,48695,8
50325,36026,8
48555,50325,8
21455,21456,8
21456,21457,8
48689,48555,8
20583,20574,8
20571,20576,8
38233,38232,8
48648,48535,8
48752,48729,8
2969,48648,8
50267,50277,8
50300,50267,8
1609,2969,8
48792,1609,8
48804,48792,8
50289,48804,8
48729,50289,8
35553,16346,8
44276,18225,8
7288,40991,8
41133,24468,8
5949,35301,8
15534,15535,8
27669,50508,8
15537,15538,8
18416,18389,8
14174,29475,8
27649,42877,8
44251,43194,8
39781,27567,8
26584,27731,8
4801,4754,8
15007,14973,8
34468,34546,8
39440,39442,8
33956,33945,8
39442,39441,8
16075,16452,8
15742,35714,8
39547,41204,8
27731,27630,8
35301,19928,8
18977,5949,8
5196,5195,8
23209,15534,8
5613,19057,8
5613,19444,8
4337,18985,8
4347,20439,8
20439,18983,8
18983,34285,8
49551,43866,8
43866,27322,8
34285,34284,8
34284,18978,8
27322,40066,8
18978,18979,8
18979,18976,8
40066,27313,8
27313,50384,8
18976,18977,8
8725,8726,8
1539,1530,8
15414,16242,8
41204,50528,8
50528,39571,8
45016,45014,8
37167,7146,8
7078,7079,8
7079,7081,8
33954,33958,8
7081,7082,8
7082,7083,8
7083,7080,8
7080,37192,8
4049,17239,8
37330,37332,8
3787,2538,8
2538,2465,8
39927,3185,8
27778,49709,8
49709,49736,8
17239,1532,8
1532,42823,8
39159,15752,8
17042,17038,8
43619,15024,8
7146,7078,8
37338,37292,8
39571,50823,8
7076,37167,8
43194,39302,8
25091,29350,8
6971,20574,8
42005,43959,8
12963,41132,8
8851,11734,8
9446,8851,8
10745,10283,8
47411,10745,8
19454,6971,8
40817,40869,8
2796,6105,8
19471,18085,8
33958,33956,8
17966,18116,8
34354,34350,8
42872,13354,8
29402,24920,8
50823,39570,8
43877,49551,8
20439,4346,8
8935,9063,8
16192,16193,8
16194,16013,8
21847,16015,8
8348,8363,8
8363,38873,8
16015,16016,8
16016,16017,8
16017,16018,8
16018,16019,8
15741,33886,8
16431,16464,8
38873,8351,8
16465,16471,8
8351,8003,8
16471,15767,8
15767,16461,8
16159,47890,8
40652,25013,8
40644,40652,8
40653,40644,8
16193,16194,8
23217,16192,8
8352,8354,8
22835,24775,8
8751,8935,8
10473,8751,8
51830,10472,8
48067,48914,8
15412,16234,8
27146,43032,8
43032,43033,8
43033,48263,8
44164,34656,8
15420,51292,8
20566,5563,8
5563,5977,8
5977,5950,8
16203,47843,8
5950,5984,8
5984,4229,8
16125,15650,8
34509,44164,8
44099,48060,8
8003,8352,8
8354,43826,8
19988,20439,8
5858,20162,8
19936,4357,8
17352,3201,8
48904,1314,8
14840,14896,8
22066,21589,8
8466,8467,8
2345,2358,8
7034,39017,8
51778,22278,8
1546,1535,8
1535,17238,8
17238,1539,8
38805,2136,8
25191,25196,8
25196,25197,8
25197,16096,8
16096,16095,8
28998,43877,8
4124,1745,8
1522,1546,8
20162,5868,8
43826,8356,8
40581,40582,8
8365,7935,8
7935,51159,8
34309,51053,8
51053,19890,8
7559,42662,8
42821,1566,8
19890,34294,8
34294,19891,8
19891,19893,8
19893,4345,8
1566,1568,8
1568,1554,8
1554,40804,8
27727,27734,8
19846,6998,8
5868,20354,8
27729,27727,8
26941,27729,8
40582,40583,8
20152,35581,8
40071,28890,8
18973,41696,8
8030,41117,8
17345,4037,8
43652,47416,8
14193,14206,8
35462,7094,8
24581,24398,8
1017,24848,8
50589,4364,8
36001,36003,8
13166,12945,8
16418,43984,8
16402,23343,8
24529,1017,8
39802,39804,8
7097,7099,8
27353,27358,8
15952,37023,8
37024,39846,8
18876,35518,8
35518,35519,8
39138,28538,8
17226,1680,8
35519,35520,8
14707,15233,8
49386,34751,8
3216,46662,8
46662,43348,8
43348,40915,8
40915,36000,8
26582,26580,8
26580,26581,8
36000,1061,8
50210,16910,8
48645,50210,8
12535,50472,8
42174,608,8
1061,1072,8
1072,1068,8
2093,3322,8
608,39802,8
34581,34579,8
3761,2101,8
1680,1323,8
15936,37024,8
27941,11980,8
18991,5981,8
25156,38324,8
35944,2299,8
2739,35944,8
36003,43823,8
15300,48133,8
48365,37734,8
43823,46505,8
37734,41150,8
46505,1111,8
41150,11890,8
8316,7725,8
7743,8316,8
7755,7743,8
11890,11891,8
11891,39289,8
39289,11481,8
19740,19758,8
11481,9887,8
19758,18970,8
2275,2739,8
16037,16666,8
50575,23769,8
35520,35523,8
35526,18877,8
35523,35524,8
48190,26659,8
35524,35525,8
22315,39797,8
18589,7211,8
4786,4503,8
4802,4786,8
15172,15939,8
38849,8328,8
7779,38849,8
35525,35526,8
20358,18658,8
5757,5756,8
5758,5757,8
49557,51934,8
51934,51926,8
16976,3493,8
51926,49512,8
23267,25206,8
7798,34505,8
16004,50739,8
23401,23419,8
19952,19951,8
7663,8332,8
8332,7794,8
7794,34847,8
9119,9112,8
9112,38714,8
5674,5275,8
28648,28645,8
50394,7671,8
25814,28648,8
25816,25814,8
28660,25816,8
42303,36814,8
29350,11080,8
39133,27899,8
10795,28660,8
50534,29350,8
22243,22244,8
22244,22245,8
22245,35968,8
34690,9113,8
28323,28324,8
20207,18913,8
41639,18116,8
5981,4345,8
4345,20042,8
17039,49729,8
18993,19988,8
40072,40071,8
20759,6062,8
20175,20758,8
20027,19010,8
20030,19958,8
43615,28582,8
19057,19132,8
44451,17039,8
24856,15719,8
19132,19444,8
4337,34307,8
19374,41784,8
18919,44025,8
17904,5805,8
50051,17988,8
43914,20126,8
20126,40306,8
21294,37632,8
37632,50430,8
44974,44975,8
44975,50255,8
50255,50257,8
50257,50220,8
17340,1556,8
1556,1572,8
42821,1559,8
50220,41339,8
41339,41317,8
48060,44095,8
41338,45043,8
45043,23189,8
23189,35970,8
27995,42445,8
24408,830,8
44934,34405,8
20212,17946,8
1124,47973,8
1090,3216,8
42520,35169,8
44972,44974,8
44969,44972,8
10797,10795,8
50430,21291,8
35968,23171,8
23171,23181,8
23181,23182,8
23182,22212,8
22214,23175,8
23175,23176,8
23176,23177,8
17036,44451,8
12193,51421,8
2799,17036,8
1534,40804,8
20319,39024,8
28106,12044,8
43859,2792,8
40817,40870,8
1522,17340,8
26715,12193,8
51292,16871,8
38375,16253,8
11431,9062,8
25255,25257,8
7562,35060,8
35687,11136,8
10820,10833,8
24278,16318,8
18368,4665,8
27531,27522,8
27534,27531,8
27482,27527,8
27520,27482,8
27516,43031,8
28800,27520,8
10832,10818,8
25257,16264,8
4248,4250,8
4247,4248,8
51157,4247,8
11135,38904,8
4245,51157,8
7533,49850,8
49850,49822,8
27684,27682,8
49822,38909,8
41586,41590,8
18995,46432,8
487,24940,8
534,555,8
555,559,8
559,560,8
560,562,8
562,564,8
564,563,8
40859,18887,8
37271,40860,8
563,557,8
557,535,8
535,379,8
16489,15878,8
10818,10812,8
27922,27016,8
43349,27173,8
23099,39128,8
50096,50760,8
47364,21190,8
50752,50751,8
4066,4068,8
40719,40718,8
40720,40719,8
18902,40720,8
21092,18532,8
4068,4069,8
4065,4057,8
36048,4065,8
21112,4245,8
18532,21100,8
28233,48809,8
18435,51572,8
5193,18428,8
9542,10074,8
6085,19899,8
50760,50752,8
48809,28222,8
5004,21059,8
21069,4160,8
19413,51379,8
51379,51378,8
21102,21112,8
19280,21102,8
19415,19280,8
21128,19415,8
19630,21128,8
940,945,8
945,950,8
43761,27523,8
10825,10821,8
11274,10912,8
18441,19627,8
7651,7643,8
48085,11028,8
36928,8488,8
37639,26772,8
19404,4196,8
51378,19404,8
46432,20711,8
195,14612,8
25963,34324,8
2857,2921,8
43502,42444,8
44871,43502,8
2922,2923,8
27028,39584,8
39585,27028,8
39586,39585,8
3143,17324,8
3950,20504,8
4060,4061,8
34324,34325,8
3193,2393,8
4802,5814,8
19324,19325,8
39204,39203,8
39587,39586,8
2055,2856,8
4645,4873,8
39582,39587,8
41543,43050,8
43050,43049,8
20812,20350,8
43049,44937,8
3960,2392,8
4061,4063,8
27838,41604,8
39584,27836,8
16290,16291,8
22379,16290,8
16487,22379,8
80,16487,8
9439,80,8
9736,9439,8
13740,29339,8
45041,13318,8
4063,4062,8
456,458,8
28641,27786,8
16273,25265,8
22234,42654,8
40242,4880,8
27857,39582,8
16050,38331,8
12172,12495,8
18887,40863,8
41587,41586,8
10932,10912,8
49823,29133,8
13088,13030,8
4058,4060,8
36927,35060,8
11030,11022,8
41660,48474,8
11115,11116,8
11117,11115,8
241,714,8
39685,39686,8
35323,16251,8
47906,324,8
28977,51808,8
27232,26433,8
41588,41587,8
12356,12171,8
38331,38330,8
12183,12165,8
38330,38328,8
38328,38327,8
26546,27857,8
2618,17199,8
4062,4066,8
37103,35080,8
38327,38326,8
38326,38332,8
6360,4503,8
16958,1260,8
35087,3832,8
41589,41588,8
4742,4699,8
20546,20703,8
35603,41289,8
12273,41902,8
12719,12183,8
24228,16384,8
50751,37639,8
28341,28355,8
39857,5808,8
34616,8436,8
25730,25735,8
40575,50041,8
50042,40235,8
48003,4635,8
4733,19760,8
20397,47210,8
47210,46399,8
38724,48472,8
25719,25720,8
4191,19450,8
25718,25719,8
25717,25718,8
20069,48542,8
48542,20065,8
15679,21478,8
20065,48661,8
14896,14899,8
5110,39857,8
42734,40559,8
39852,5110,8
18305,18306,8
18306,20966,8
25898,25732,8
25735,25898,8
24896,14973,8
1697,17472,8
24895,24896,8
14910,24895,8
21282,20648,8
14899,14910,8
9102,9257,8
37110,455,8
9257,46729,8
20966,20950,8
21493,21594,8
6276,19191,8
19240,6276,8
20306,20018,8
748,14165,8
19190,19201,8
2838,3116,8
17477,1134,8
4791,4510,8
1372,38578,8
6254,41047,8
41047,4759,8
18877,17972,8
34789,34829,8
38576,1403,8
51786,4655,8
17236,17235,8
21288,21274,8
42233,11801,8
11917,42233,8
1617,1618,8
5044,35379,8
1618,2899,8
47122,9553,8
34829,40165,8
3116,1108,8
16640,748,8
6030,20566,8
39169,41750,8
23291,16607,8
16505,16513,8
36198,13632,8
12352,25876,8
26026,43764,8
16876,26026,8
18973,41694,8
41694,41695,8
41695,41693,8
1108,38724,8
7731,8024,8
41693,41685,8
41685,41692,8
41692,41691,8
41691,20563,8
20563,6030,8
19414,18305,8
2288,2273,8
15585,15584,8
28541,28539,8
44568,44565,8
44565,42694,8
26494,28524,8
39482,27598,8
28539,26572,8
16426,33886,8
24898,43619,8
39249,27587,8
50755,50757,8
21489,21488,8
37346,37292,8
47894,15872,8
37294,37344,8
28794,28791,8
37523,28224,8
6490,18181,8
50118,50087,8
50123,50118,8
666,657,8
37640,50755,8
16159,47894,8
18181,6491,8
26686,26680,8
35105,34460,8
28791,28787,8
47907,13204,8
19189,19190,8
19188,19189,8
43619,15007,8
50116,49703,8
50087,50116,8
8467,7340,8
48459,43660,8
658,14895,8
16429,15588,8
657,658,8
667,694,8
43619,15010,8
16078,16432,8
50759,50096,8
669,666,8
37292,37334,8
22183,22179,8
16432,16465,8
50757,50759,8
28787,28786,8
21488,21490,8
15933,15931,7
15935,15933,7
27790,25940,7
15947,15944,7
25940,25942,7
28222,40711,7
6615,18129,7
22306,34007,7
22716,45,7
40017,40016,7
6489,50068,7
6688,6692,7
22719,21689,7
34541,34445,7
34547,34539,7
19879,20319,7
27677,27932,7
19590,19281,7
6686,6487,7
15926,15925,7
6691,6690,7
6690,6688,7
20485,41672,7
21689,33890,7
27932,27679,7
28418,28422,7
17003,42726,7
24771,15926,7
12802,28418,7
767,14836,7
15929,24771,7
41741,41739,7
45,23531,7
15931,15929,7
44594,42075,7
18236,18249,7
19556,20314,7
29129,12183,7
40006,40010,7
38663,34664,7
29126,49833,7
12170,29126,7
12168,12170,7
34445,34440,7
780,15172,7
47447,35274,7
29125,12168,7
34387,38663,7
40702,40700,7
27512,39557,7
24900,46722,7
46722,15156,7
655,46339,7
20533,20409,7
40010,40008,7
44011,44009,7
15015,14970,7
44009,51979,7
42301,34368,7
51979,44012,7
40008,40004,7
40004,40013,7
44012,49931,7
5836,40006,7
24407,830,7
14851,14850,7
17930,17933,7
6607,7244,7
24914,14851,7
40014,19590,7
21696,22315,7
41672,41639,7
44025,18907,7
41639,4179,7
40016,40014,7
40013,40017,7
7241,37187,7
51925,11414,7
51929,51925,7
37187,6567,7
7240,18857,7
6573,6538,7
40990,5973,7
46951,44011,7
41074,41235,7
41235,49750,7
5973,5974,7
5974,17946,7
49750,20328,7
16289,16147,7
49931,51929,7
16850,22608,7
34542,34547,7
18129,49338,7
10647,8806,7
15007,48449,7
42500,43875,7
15010,42500,7
14977,15010,7
48449,14977,7
24898,48449,7
14856,14840,7
8032,8034,7
8034,7688,7
7688,7684,7
14895,14837,7
48449,14973,7
39098,39096,7
34073,39638,7
50784,50779,7
39638,49322,7
15817,15816,7
25120,15592,7
15592,22895,7
23859,15866,7
42502,15007,7
43874,42502,7
44019,43874,7
12121,12044,7
6869,18657,7
46339,44019,7
39119,452,7
49680,50784,7
50779,15193,7
17769,7227,7
49022,49010,7
7803,8424,7
41173,11030,7
4372,20084,7
18689,18749,7
10843,44409,7
41163,10848,7
22329,50263,7
21634,22329,7
27748,27689,7
22516,50802,7
27842,27748,7
49010,49038,7
15146,15109,7
15193,15189,7
7863,8428,7
49042,49022,7
8428,8029,7
8029,8032,7
34539,34530,7
49062,49042,7
17963,7231,7
6790,6674,7
12012,28226,7
5295,42398,7
1314,2765,7
3275,1314,7
39118,39116,7
39101,50124,7
49199,14897,7
17975,50996,7
51208,12394,7
12394,12067,7
39352,12498,7
29377,29371,7
13054,29377,7
29455,13179,7
42884,13354,7
40643,16202,7
29402,14605,7
37597,13322,7
18022,17975,7
7282,18736,7
20085,20081,7
18087,6869,7
49504,49640,7
6351,20363,7
6644,38963,7
38964,6644,7
18754,38964,7
10949,8862,7
11279,10990,7
41665,11032,7
10981,10973,7
42559,10954,7
10973,42559,7
6656,18174,7
8750,42318,7
12539,51208,7
27177,39352,7
10556,11496,7
18777,18087,7
22496,47842,7
34178,22496,7
16097,34178,7
26531,41261,7
23897,50266,7
34049,34177,7
34834,34796,7
47956,21369,7
40586,50811,7
12428,12271,7
27783,27776,7
27782,27783,7
28536,49714,7
27714,28536,7
20102,21280,7
27834,27714,7
48189,9056,7
25589,25883,7
11932,25940,7
27154,27518,7
27518,48256,7
29465,14209,7
18883,18237,7
48582,29465,7
27726,27728,7
27725,27726,7
20742,6073,7
24902,14815,7
24909,24910,7
24910,24911,7
24911,39,7
39,14914,7
14885,14914,7
39317,12531,7
12531,12542,7
14820,14863,7
40,14820,7
14816,40,7
12542,12685,7
14815,14816,7
14798,24902,7
26619,26623,7
14784,14798,7
14780,14784,7
14775,14780,7
24901,14775,7
14770,24901,7
14751,14770,7
12685,12421,7
26633,26650,7
26650,26643,7
9043,16289,7
28527,43898,7
17861,6751,7
24948,14975,7
14975,14987,7
38683,11476,7
14987,14992,7
6600,17866,7
44961,10784,7
41632,18768,7
9971,10775,7
28114,27052,7
28473,12535,7
27505,27142,7
14850,16691,7
18771,41634,7
14854,24913,7
20108,20152,7
24913,14970,7
20083,20087,7
39787,27229,7
29465,29503,7
18238,18366,7
41634,41633,7
5168,4479,7
37016,24912,7
15066,37016,7
24907,15015,7
15005,24907,7
24914,24908,7
14992,15005,7
24908,24909,7
43898,26619,7
4918,4893,7
6073,18650,7
34433,34511,7
22765,22042,7
15238,24883,7
15237,15238,7
15157,15237,7
15148,15157,7
34568,37812,7
34653,34567,7
24811,22299,7
6483,17976,7
5946,6483,7
6878,6882,7
6877,6878,7
34511,34445,7
26631,26693,7
3916,1249,7
2345,3923,7
6874,6879,7
18775,18772,7
6873,18775,7
15434,24811,7
23642,15426,7
17935,17914,7
80,23642,7
17914,17934,7
5944,17914,7
43246,6981,7
19455,3996,7
7108,4186,7
17605,50476,7
34592,34593,7
17848,17861,7
1231,1372,7
48420,2657,7
24948,24912,7
21921,35172,7
14866,14854,7
14852,14823,7
14823,14812,7
26579,49714,7
14812,14806,7
14806,14817,7
14817,24906,7
27777,26579,7
24906,14797,7
49736,27777,7
14797,14782,7
14782,14778,7
14778,14776,7
14776,14779,7
14779,14765,7
26614,27778,7
17842,17848,7
6419,17842,7
49338,6648,7
34593,34595,7
28522,26494,7
44025,20792,7
35562,35560,7
50847,27671,7
5295,42397,7
48444,20200,7
7327,7333,7
18925,17983,7
7035,6060,7
4980,4668,7
26874,28727,7
28727,28725,7
28725,28724,7
7780,7671,7
4668,20740,7
28724,28723,7
16526,16491,7
27667,27682,7
37633,38928,7
9845,11378,7
36907,37633,7
43921,36907,7
43923,43921,7
47038,48007,7
21003,48416,7
43346,16929,7
28801,28741,7
28741,28740,7
9841,38819,7
20056,20252,7
50960,20056,7
6573,18860,7
27671,27675,7
20027,50960,7
28246,25770,7
41300,24711,7
4363,4283,7
918,42128,7
27278,26964,7
14928,24980,7
51196,5001,7
42734,40558,7
40558,40557,7
40557,15201,7
14612,14607,7
15201,40559,7
4282,4210,7
8587,11309,7
38821,8587,7
11308,38821,7
8591,11308,7
8583,8591,7
8576,8574,7
38386,8576,7
8579,38386,7
46964,8579,7
19933,4282,7
20712,19933,7
35393,5808,7
5001,20955,7
27675,27667,7
25766,26849,7
16491,50681,7
19530,39146,7
26650,26651,7
11425,8878,7
8867,8868,7
8873,8867,7
16007,15994,7
25299,15993,7
884,37802,7
19450,20004,7
42821,16928,7
4344,4342,7
4342,20248,7
20248,44013,7
44013,19679,7
29078,29246,7
43245,6870,7
44260,43697,7
10847,41161,7
16928,17235,7
14834,50804,7
17235,1561,7
1480,38578,7
15178,43923,7
15594,16199,7
16329,15594,7
25240,16329,7
16110,16297,7
16349,25209,7
16030,16676,7
20955,6207,7
8868,11425,7
8881,43657,7
50906,19530,7
33894,23491,7
4343,4345,7
8580,46720,7
8578,8580,7
8575,8578,7
8573,8575,7
23443,23449,7
23449,23447,7
8586,8588,7
20253,4343,7
34286,20253,7
19894,34286,7
47916,4339,7
22357,34073,7
33942,22357,7
25133,33942,7
20030,50955,7
4347,18983,7
11309,8586,7
18311,18777,7
6868,18311,7
8869,8873,7
8880,8869,7
16929,42821,7
43657,8880,7
42430,748,7
23462,33905,7
33905,33907,7
42182,41300,7
21857,22081,7
21323,21325,7
48640,49226,7
603,444,7
852,860,7
4413,20296,7
20296,4411,7
4411,4403,7
862,1003,7
7056,20648,7
7179,7180,7
19681,7179,7
6922,19681,7
35529,35562,7
34710,38161,7
11052,9043,7
460,488,7
474,472,7
20107,20108,7
6707,20768,7
20768,6711,7
6711,6712,7
6712,18821,7
51421,26738,7
499,501,7
501,14945,7
23248,15779,7
7256,7257,7
20408,4185,7
25142,23248,7
441,445,7
7180,7181,7
23707,21318,7
8661,8663,7
7181,7183,7
35091,35093,7
34257,19827,7
34259,34257,7
4317,34259,7
42564,20151,7
25328,29342,7
35089,35091,7
7604,608,7
9046,10790,7
28439,35198,7
23543,39832,7
25143,23250,7
23250,25048,7
4284,4286,7
22336,23543,7
49189,7056,7
39795,23221,7
25048,15776,7
4413,19972,7
19972,4409,7
4409,4407,7
20412,20298,7
20298,20255,7
15837,15905,7
10712,8649,7
15711,29342,7
15836,25142,7
15970,16054,7
15776,15836,7
15176,780,7
48562,48831,7
48831,40477,7
40477,48819,7
48819,40464,7
38928,39280,7
25121,15565,7
37372,37374,7
29177,29178,7
20950,51200,7
25689,25697,7
1225,35993,7
20048,18996,7
25986,25996,7
1271,2771,7
51200,51196,7
21150,21144,7
21144,4590,7
8680,8682,7
19763,6865,7
18086,19763,7
29402,15224,7
18776,20011,7
4174,18776,7
15821,15824,7
801,22904,7
22904,811,7
823,23707,7
15416,25704,7
37682,15416,7
48672,48562,7
16655,21919,7
8451,15970,7
4388,20717,7
8448,8451,7
49531,27692,7
20717,43385,7
8961,10020,7
9526,8961,7
23250,15776,7
6927,6922,7
40662,37109,7
602,24684,7
604,624,7
6928,6927,7
51991,12164,7
15995,16043,7
40870,6928,7
39280,48077,7
25140,23250,7
5390,5504,7
21627,47829,7
19393,21125,7
21115,18474,7
18474,21099,7
25060,25140,7
25143,25060,7
29099,43633,7
41663,36797,7
38576,1397,7
26651,26647,7
43028,43073,7
15996,750,7
8015,7321,7
41447,7336,7
7336,7768,7
40861,40860,7
25984,25986,7
28471,26271,7
28915,25734,7
36004,44357,7
43347,36004,7
15306,15298,7
4238,19447,7
36003,43347,7
1036,36003,7
19949,4238,7
7297,7318,7
39399,12674,7
22540,15917,7
22268,21918,7
43926,43925,7
43925,48364,7
9831,10264,7
42821,1569,7
43346,42821,7
18431,37179,7
37233,17234,7
37240,37233,7
20275,40861,7
8067,7321,7
19889,41007,7
7322,7297,7
17947,6543,7
12290,12289,7
39562,39560,7
12289,12391,7
12391,7629,7
7629,7631,7
27269,39562,7
42564,35580,7
7631,7317,7
6207,20978,7
7317,40901,7
40901,7869,7
7869,7322,7
20148,20149,7
40953,20550,7
34668,34652,7
39563,44131,7
22249,22062,7
26271,27833,7
35,23220,7
42120,42115,7
42119,42120,7
49899,42118,7
40863,20200,7
38303,38304,7
29142,49899,7
49878,29140,7
37223,37240,7
2868,2410,7
7318,7962,7
7962,7303,7
34870,49480,7
49480,7676,7
7676,7845,7
7845,7847,7
38164,34843,7
7822,7714,7
7714,7665,7
7665,7666,7
7666,7763,7
708,14661,7
370,662,7
41708,41707,7
39237,41708,7
10132,10790,7
29112,12495,7
12177,12171,7
42514,13006,7
21282,7109,7
23299,48645,7
16148,25364,7
22126,22127,7
12544,34198,7
47810,5498,7
38109,38392,7
16105,38109,7
47849,25553,7
35560,35555,7
34691,34870,7
41707,41706,7
41706,39234,7
18677,5760,7
2384,3979,7
3979,42794,7
37242,37223,7
1632,37242,7
7303,7866,7
44054,1632,7
7866,38159,7
17294,44054,7
25165,16050,7
17251,4066,7
4066,36049,7
16022,16024,7
50060,18677,7
39234,39235,7
35555,50060,7
25364,16022,7
12290,29196,7
12203,12290,7
12069,12203,7
37134,37133,7
37135,37134,7
37136,37135,7
37137,37136,7
38159,38164,7
34198,12321,7
39235,39236,7
41010,20214,7
8146,7887,7
26121,44758,7
16049,25165,7
5232,42437,7
36225,10328,7
40718,18904,7
19474,20747,7
21141,21148,7
26552,27786,7
9590,9498,7
41311,42731,7
41305,41313,7
41325,41305,7
43821,41325,7
41573,18302,7
8148,7725,7
8071,8317,7
9666,9054,7
9054,9053,7
9053,10264,7
28514,26552,7
26912,28514,7
18446,51572,7
34210,6706,7
20920,20604,7
28752,28749,7
9526,11691,7
50051,6646,7
9608,11455,7
36124,1583,7
35537,35534,7
1296,19799,7
49169,38143,7
4314,50588,7
34464,51714,7
28294,29243,7
20978,20993,7
26643,26635,7
26635,26625,7
20085,20079,7
20993,20999,7
18773,6872,7
16105,21696,7
37271,20200,7
19582,19584,7
41935,5561,7
25035,15178,7
39133,44503,7
12342,28294,7
49563,25404,7
13274,15831,7
44968,20216,7
6742,6763,7
43928,25035,7
48881,24674,7
18531,18489,7
29438,29437,7
29437,29435,7
19997,44968,7
21273,4369,7
18859,6538,7
4671,19090,7
15847,48881,7
19090,18441,7
35539,35537,7
7183,6919,7
10097,9435,7
34541,51149,7
10855,10852,7
16024,23208,7
10700,10193,7
20625,20203,7
34273,8617,7
9559,8734,7
9317,9409,7
9542,9564,7
14271,14294,7
9740,9742,7
20301,20625,7
40225,40239,7
20018,20301,7
50443,7321,7
37364,37366,7
10852,50443,7
10193,8693,7
5210,5002,7
40998,41000,7
41000,42151,7
38143,15306,7
728,34668,7
25081,15878,7
43927,43926,7
50070,40571,7
2573,2092,7
40239,50015,7
23208,21908,7
4839,40232,7
40230,40227,7
35541,35539,7
35529,35541,7
18470,18544,7
40227,40225,7
9661,7320,7
8469,22062,7
40232,40240,7
18691,35542,7
34408,34232,7
40990,40998,7
40240,40230,7
47364,21191,7
25165,38332,7
39156,50719,7
50719,22294,7
18758,18321,7
18365,44342,7
25691,26912,7
21184,5193,7
10238,10150,7
21908,16147,7
25163,41766,7
23185,23036,6
41865,40789,6
49350,37005,6
17211,16990,6
17283,2663,6
3401,1410,6
1449,1471,6
1471,17283,6
23155,23156,6
42505,37767,6
37770,37769,6
37005,16713,6
16713,40803,6
22242,23058,6
21195,21210,6
14269,29465,6
1360,16955,6
37769,17433,6
3376,37771,6
41864,22147,6
18666,7197,6
18703,18695,6
17433,17211,6
23156,23167,6
23167,22204,6
23058,23059,6
42820,25946,6
29099,49685,6
49976,5033,6
41437,51681,6
51681,41431,6
41431,41433,6
41433,41435,6
8334,37800,6
34815,8334,6
11224,11146,6
11226,11224,6
46387,11226,6
11725,10490,6
11478,8750,6
4480,4735,6
5033,4938,6
493,35115,6
34814,34815,6
37336,37322,6
50455,18097,6
14953,487,6
486,14953,6
2651,3501,6
3501,2648,6
2648,2649,6
2649,17501,6
26507,28522,6
28521,26507,6
26537,28521,6
28509,12802,6
28407,28401,6
11131,37273,6
39074,11131,6
11262,39074,6
10880,10393,6
7801,7791,6
34819,7801,6
7035,7036,6
34821,34819,6
8332,34821,6
21117,18383,6
40011,40009,6
40007,40011,6
40005,40007,6
40012,40005,6
40018,40012,6
40015,40018,6
40003,40015,6
19277,40003,6
19278,19277,6
19863,19278,6
19831,34159,6
4509,4790,6
41048,5165,6
18845,41048,6
4968,5143,6
18239,5168,6
20945,20957,6
4706,17999,6
35680,11144,6
11143,48498,6
43491,39070,6
28360,28438,6
28233,28560,6
25340,481,6
43912,43977,6
34429,34540,6
22912,794,6
698,22912,6
34400,34415,6
34415,34414,6
34414,34397,6
34397,34399,6
34399,34479,6
34479,34394,6
8025,23784,6
7721,8026,6
34394,38663,6
38663,34234,6
34234,34233,6
35215,35218,6
35212,35215,6
35240,35212,6
24706,35240,6
5367,5383,6
39059,5367,6
21437,21436,6
21439,21437,6
21435,21439,6
14842,21435,6
412,407,6
21441,14842,6
21672,21441,6
757,34232,6
303,311,6
23187,23054,6
729,50739,6
23050,23187,6
24714,23036,6
14549,13591,6
13557,47438,6
47438,44464,6
35291,21099,6
27900,21851,6
43528,27900,6
28638,26131,6
15924,49269,6
26707,43528,6
29308,27928,6
35320,16521,6
729,35320,6
27928,27773,6
42812,42820,6
27773,27066,6
27768,27770,6
27770,26960,6
25953,42812,6
26960,27040,6
27040,27684,6
25677,40909,6
34146,42036,6
866,34146,6
37804,46420,6
28671,15412,6
49269,49350,6
38192,38190,6
49278,37002,6
10775,8617,6
27737,28627,6
11972,27745,6
27940,11972,6
51336,20894,6
9959,9971,6
20916,6266,6
10225,11650,6
37802,23325,6
2693,1794,6
42240,42241,6
42241,42208,6
42208,42223,6
42223,19845,6
19526,5515,6
28627,27659,6
42458,24894,6
14104,13134,6
40755,17737,6
20747,34160,6
17839,6478,6
17747,40756,6
20617,17994,6
20705,20617,6
20465,20703,6
4393,4390,6
871,874,6
14346,13039,6
7230,50030,6
5944,35572,6
2828,1785,6
3349,2826,6
2837,3349,6
5515,20458,6
29406,14605,6
49274,49278,6
12352,49693,6
29281,12353,6
49812,12625,6
21927,15973,6
21925,21927,6
21924,21925,6
19384,5919,6
24685,16266,6
19664,19384,6
5919,5921,6
21011,6205,6
5923,5491,6
5492,19253,6
16424,35714,6
16465,16456,6
29114,29281,6
6205,6206,6
24922,14729,6
12167,12357,6
14729,45050,6
16651,24761,6
22854,16651,6
15974,21928,6
15973,15974,6
11650,10228,6
12357,12188,6
28729,28728,6
12188,12157,6
18953,20409,6
28206,28801,6
6206,4252,6
49379,28765,6
28728,49379,6
17867,17839,6
13972,29428,6
10958,10953,6
22034,39278,6
37073,37074,6
22340,24755,6
16774,16770,6
22463,16774,6
16796,22463,6
14773,14814,6
1169,1124,6
37075,29190,6
39779,48523,6
6268,5533,6
5539,6268,6
19137,20887,6
16675,16677,6
5538,6269,6
37074,37075,6
37070,28744,6
15742,35721,6
15416,15417,6
26906,26787,6
12247,47844,6
25953,51210,6
51209,43763,6
43762,16147,6
15233,14607,6
6261,20890,6
40496,6261,6
26779,26770,6
14378,40799,6
29434,14378,6
26770,26737,6
26737,27810,6
8704,10747,6
39182,33893,6
35493,34366,6
42117,49905,6
43602,41063,6
17871,6591,6
17841,17846,6
20223,18020,6
18057,20223,6
14510,14067,6
6474,43602,6
17893,17891,6
49905,49683,6
15751,16474,6
48662,35716,6
7054,49189,6
14061,29343,6
21280,20100,6
35721,48662,6
6430,6592,6
42457,42458,6
6436,18048,6
18048,18100,6
18100,18083,6
18083,6438,6
6636,6450,6
6450,7204,6
7204,6451,6
6451,18243,6
18243,6452,6
6453,7250,6
18282,18279,6
18279,50925,6
50925,18278,6
49882,49890,6
49683,49882,6
19253,21177,6
21177,18659,6
6204,21011,6
8871,42232,6
4266,5193,6
2357,2179,6
5193,18429,6
41975,9681,6
41974,41975,6
42232,41974,6
9914,8871,6
18473,21099,6
22080,175,6
43333,37727,6
34124,43333,6
16343,22016,6
35551,16337,6
19676,19677,6
17557,4266,6
29350,23129,6
18810,43510,6
5828,5831,6
39212,39209,6
39211,39212,6
4432,19979,6
4422,4296,6
39210,39211,6
39207,39210,6
985,24246,6
18488,18473,6
34849,50656,6
15934,793,6
50656,50655,6
4319,5213,6
5213,4323,6
4323,4322,6
35347,19676,6
50655,34811,6
4175,19263,6
41267,41266,6
49317,49294,6
49294,49286,6
49286,49270,6
49270,37009,6
37009,36990,6
41266,36095,6
1913,2108,6
19263,50475,6
1894,1913,6
8645,10748,6
22546,49272,6
49272,49261,6
49261,49271,6
49271,49274,6
49301,49317,6
49320,49301,6
22546,49320,6
12251,38960,6
34811,34814,6
1776,1785,6
3339,1776,6
2416,3339,6
42765,3609,6
21960,26403,6
25950,29003,6
41446,41440,6
16291,43659,6
412,39105,6
39105,407,6
26784,21851,6
12413,38960,6
787,13193,6
18812,19314,6
8675,10716,6
6241,6244,6
19365,19364,6
19364,19366,6
19366,19367,6
8717,8792,6
19367,20992,6
6244,21021,6
14757,43572,6
21013,21000,6
21038,6241,6
9046,10747,6
6240,21038,6
20992,18235,6
4655,6240,6
42459,14819,6
21000,19365,6
18908,21077,6
17514,35407,6
5623,18419,6
8614,10716,6
4446,38114,6
38253,4462,6
18322,6204,6
4256,18322,6
43884,4256,6
450,39120,6
21084,18908,6
48225,18421,6
5208,43885,6
21010,21009,6
6245,21010,6
19380,21061,6
38901,21084,6
18235,19368,6
409,406,6
19368,18266,6
14804,14624,6
15997,16773,6
39902,39910,6
43304,701,6
961,925,6
24250,906,6
14624,24243,6
39206,39205,6
18266,20984,6
4653,4984,6
14625,14804,6
984,14625,6
1144,42619,6
42619,42611,6
42611,17514,6
48340,48060,6
25204,16642,6
23287,16534,6
51198,21001,6
51206,51198,6
51207,51206,6
51201,51207,6
6220,51201,6
51231,20976,6
43324,43330,6
15560,15562,6
19129,5523,6
20984,20968,6
733,16607,6
16640,23686,6
23686,748,6
748,13193,6
906,14949,6
23352,23337,6
7791,34999,6
11082,41660,6
40759,6707,6
17818,40773,6
17813,17808,6
34210,17813,6
23686,728,6
41768,42504,6
23191,41768,6
23173,23191,6
23146,23165,6
41779,23146,6
40578,40580,6
40577,40578,6
40576,40577,6
40579,40576,6
4640,40579,6
5976,4640,6
25880,26404,6
16002,16494,6
25092,16002,6
20761,20219,6
35611,41786,6
28029,44145,6
27433,27425,6
27078,27341,6
27341,43197,6
43197,41924,6
41924,40069,6
40069,40058,6
26567,27802,6
19581,41796,6
27802,27523,6
27181,27499,6
13857,14548,6
37194,35611,6
37164,37161,6
18827,37164,6
41796,18827,6
24407,858,6
11085,11082,6
49772,42521,6
15867,15722,6
23352,23300,6
25121,23352,6
37713,51588,6
8488,7652,6
7642,8488,6
41438,7516,6
15821,25121,6
25208,16347,6
16298,25208,6
22631,24500,6
24597,22631,6
17629,5575,6
16328,25210,6
37372,37376,6
6722,20855,6
37292,37346,6
19028,19235,6
21754,21513,6
21513,21551,6
21551,21763,6
10828,10831,6
41663,11082,6
10835,10833,6
40864,41710,6
48499,492,6
25348,14917,6
14917,24939,6
10831,10835,6
10820,10830,6
21766,23337,6
10817,10812,6
10809,10817,6
10815,10808,6
10794,10815,6
11255,10794,6
37376,37372,6
18810,19342,6
42521,28059,6
45000,49772,6
50738,750,6
43305,16237,6
10823,10827,6
10893,10823,6
10819,10893,6
10800,10814,6
10802,10800,6
10796,10803,6
10797,10796,6
16553,16556,6
23288,16600,6
4725,41046,6
16600,16514,6
16514,16610,6
16610,16508,6
29331,14218,6
14244,14256,6
23481,16494,6
42507,40584,6
10633,10826,6
10826,10895,6
10895,10933,6
42740,36811,6
46903,36802,6
39963,46903,6
26972,39963,6
20397,47044,6
47044,35342,6
40441,26972,6
36811,40441,6
50553,42740,6
48699,48474,6
40448,39716,6
40445,40448,6
40443,40445,6
11094,11118,6
11095,11092,6
11081,11095,6
11085,11081,6
24394,49655,6
50898,16909,6
44999,49772,6
21732,21584,6
4287,4421,6
39859,39860,6
39860,39863,6
39863,39865,6
39865,4752,6
4752,4843,6
4844,4788,6
4788,50395,6
42312,51778,6
16680,21543,6
21543,21541,6
21541,21518,6
1727,1722,6
1722,2689,6
2689,3521,6
20218,20766,6
41786,18833,6
4420,19980,6
19978,20025,6
19830,19978,6
325,303,6
21583,21732,6
21562,21583,6
44895,21562,6
44894,44895,6
22319,9736,6
603,446,6
738,603,6
615,503,6
4415,20002,6
265,22235,6
552,24345,6
553,552,6
551,553,6
4531,4919,6
4919,39859,6
19973,4415,6
19235,19023,6
14348,22235,6
34999,8337,6
33917,411,6
39174,39177,6
26960,27684,6
27685,27038,6
18969,5982,6
6956,3053,6
19922,6962,6
48103,2392,6
38300,38303,6
38299,38300,6
2378,1267,6
38296,38299,6
38294,38296,6
38292,38294,6
38291,38292,6
38290,38291,6
38289,38290,6
22386,38289,6
8465,8464,6
39177,39180,6
39178,39175,6
12386,26841,6
1148,4031,6
15151,15177,6
1583,1617,6
26827,43140,6
43140,12386,6
50852,44683,6
750,50852,6
22255,41345,6
1216,4034,6
35393,5115,6
1041,4134,6
16508,23289,6
1048,1636,6
1149,1153,6
1183,1149,6
1186,1183,6
7116,7117,6
411,50133,6
1167,1190,6
50133,414,6
18418,4633,6
8332,50394,6
38982,41611,6
6512,18736,6
7282,6512,6
42055,18691,6
11979,49718,6
14486,14420,6
7561,22062,6
49726,28658,6
28055,27133,6
27133,27426,6
27426,27430,6
27430,27129,6
35689,38982,6
35895,35914,6
4136,4138,6
36861,8177,6
34849,36861,6
50707,750,6
20577,19769,6
414,721,6
417,39095,6
7095,21281,6
11242,9609,6
27809,28106,6
29641,42685,6
51456,14481,6
11200,11197,6
29371,16491,6
11203,11200,6
11205,11203,6
11202,11205,6
11204,11202,6
11207,11204,6
41133,11207,6
1583,2899,6
4031,1167,6
1190,1225,6
37344,37294,6
50756,50761,6
23048,22151,6
3042,16955,6
17675,20397,6
19877,21222,6
4676,4261,6
29503,14591,6
13187,29503,6
48775,48726,6
41590,41555,6
48764,48775,6
49011,48764,6
50674,49011,6
50675,50674,6
48882,50675,6
12012,48882,6
50763,28555,6
50762,50763,6
23073,22137,6
22137,23052,6
23052,6499,6
34579,34577,6
48617,28228,6
48827,48617,6
48726,48827,6
44199,27834,6
15436,37414,6
16448,34019,6
41248,34579,6
34577,34564,6
6511,22046,6
34507,41185,6
41185,34495,6
44943,39771,6
28135,28150,6
5294,5560,6
8458,8614,6
22047,8456,6
50761,50762,6
41593,18234,6
1225,1217,6
24856,13946,6
41248,34577,6
34577,34567,6
34568,34565,6
34561,34650,6
18382,18386,6
5240,5243,6
5243,5244,6
801,22180,6
42301,51992,6
50738,751,6
24149,791,6
791,24102,6
26810,26815,6
50523,16521,6
50527,50523,6
44683,50527,6
17224,1340,6
1125,1166,6
35534,35532,6
35532,35531,6
26904,12736,6
39155,23337,6
12247,28198,6
1745,2951,6
3371,50436,6
44669,51918,6
24458,14325,6
26803,26904,6
12736,26810,6
18085,18041,6
34579,37812,6
2109,1957,6
1950,2108,6
17438,2807,6
7137,7138,6
20830,7137,6
20829,20830,6
37026,37025,6
37025,37027,6
26596,26590,6
17706,20900,6
40910,25962,6
26418,48301,6
48419,1372,6
14838,48419,6
14873,14838,6
37110,49206,6
48349,37110,6
24507,48349,6
25206,24499,6
16137,25206,6
25297,16137,6
48301,39543,6
39543,39542,6
39542,39376,6
39437,49068,6
39439,39437,6
39446,39439,6
42094,15205,6
28643,39409,6
27311,27312,6
1891,1911,6
4838,21097,6
800,802,6
802,24934,6
24934,24925,6
24925,14722,6
28682,39603,6
39603,39602,6
39602,39613,6
40930,40924,6
39613,39601,6
39601,29121,6
29121,39945,6
2665,2604,6
40925,40929,6
40923,18320,6
39941,27323,6
37322,37336,6
26655,50766,6
16085,16474,6
43617,26673,6
6213,39310,6
20314,20315,6
39310,39309,6
39309,39305,6
39305,39308,6
39308,39307,6
39307,39306,6
39306,6212,6
6212,38200,6
38200,38198,6
38198,38196,6
38196,20945,6
20945,21288,6
19371,6211,6
47890,15746,6
15746,15771,6
15771,15777,6
38199,6213,6
38197,38199,6
19372,38197,6
28890,43617,6
51001,51204,6
51204,51197,6
51197,20952,6
6210,38185,6
38185,38186,6
38186,38189,6
38189,38191,6
12059,40072,6
19373,19372,6
38191,39304,6
41133,21672,6
39304,38193,6
38193,38195,6
20315,20316,6
28582,12059,6
38195,19373,6
34159,19529,6
16436,16086,6
40584,42507,6
27927,28642,6
41968,41906,6
41906,41903,6
39516,49425,6
49471,49426,6
49426,49458,6
37314,37308,6
49458,39326,6
41439,41443,6
41103,39325,6
7569,41439,6
43882,43880,6
2229,3907,6
1457,4172,6
43051,39339,6
39339,43039,6
34810,44934,6
27064,27927,6
39469,39468,6
19577,19321,6
41293,37388,6
28611,39379,6
8337,37796,6
37796,37799,6
37799,34813,6
1021,24509,6
34813,34812,6
34812,50661,6
39133,47918,6
39379,39380,6
20713,19842,6
27700,39215,6
39214,27703,6
12044,25880,6
39432,39321,6
39321,39431,6
50661,50659,6
50659,34847,6
16675,21522,6
28642,27754,6
16463,15752,6
27754,27935,6
28324,28325,6
37316,42419,6
39604,39606,6
42419,42418,6
28817,12298,6
42418,37336,6
10847,41050,6
40741,11060,6
11060,10400,6
11001,11016,6
11066,11286,6
8558,11073,6
11073,44424,6
44424,11225,6
39161,15782,6
15782,15784,6
15784,15538,6
41132,44258,6
11070,11030,6
29050,12543,6
37336,42418,6
27065,27936,6
27936,11953,6
27669,50510,6
39935,39934,6
39936,39935,6
14765,601,6
37308,37316,6
42418,42419,6
39605,39604,6
37316,37308,6
36782,11235,6
37308,37314,6
38278,48973,6
48480,42845,6
41782,22241,6
10838,44409,6
15777,15586,6
35176,41486,6
41486,15540,6
38376,38120,6
27355,29033,6
27343,27941,6
16061,22760,6
25840,27358,6
11160,8494,6
7911,8415,6
11979,27425,6
27966,11979,6
43223,43222,6
43222,43339,6
49662,748,6
36041,42592,6
43750,27918,6
40688,19483,6
5603,40688,6
39254,22257,6
38121,38122,6
29033,28024,6
28024,27389,6
27392,27378,6
38814,38812,6
20410,4310,6
44967,19933,6
37509,20417,6
4366,21273,6
40799,29416,6
14394,40799,6
27642,27909,6
38812,11404,6
28832,39428,6
11404,38811,6
38811,11432,6
11432,38819,6
21294,4220,6
51331,5492,6
48973,35872,6
27410,27373,6
38120,38121,6
38377,38376,6
15541,15753,6
38378,38377,6
50681,748,6
3365,3560,6
50164,4176,6
5753,40783,6
10678,9726,6
44238,49058,6
3145,44238,6
17346,35647,6
2862,17346,6
2275,2862,6
26688,26670,6
28833,26688,6
26886,28833,6
10498,11928,6
35554,37172,6
10264,10498,6
34635,34462,6
42175,28105,6
28105,29002,6
27537,28111,6
25704,48087,6
22257,22258,6
14853,29,6
10685,9064,6
14880,14853,6
493,598,6
44521,44519,6
48087,44521,6
28871,25755,6
12615,27216,6
22066,48935,6
22062,22065,6
10226,43297,6
10647,10226,6
44310,28871,6
27540,44310,6
49078,27213,6
25024,25013,6
16251,38370,6
44705,38368,6
16254,16104,6
38187,17820,6
17823,51205,6
20382,19773,6
4347,20042,6
18993,18983,6
4344,41696,6
18991,18992,6
51205,51203,6
51203,51001,6
18992,5981,6
5981,4229,6
20702,49695,6
20201,4292,6
28819,27306,6
27306,48436,6
48436,28826,6
26971,46936,6
38188,38187,6
19004,20382,6
19010,50955,6
586,270,6
48796,48456,6
48456,41132,6
34469,34474,6
19010,50960,6
410,411,6
414,453,6
797,586,6
50960,19011,6
5666,5301,6
6211,38194,6
19011,20326,6
38194,38192,6
20326,20364,6
20364,20030,6
19958,19010,6
38190,38188,6
7157,20324,6
19139,20894,6
35296,5238,6
43875,24962,6
15293,15307,6
15330,15329,6
15772,15331,6
15604,24674,6
23258,15604,6
15837,23258,6
44019,15156,6
667,43875,6
38143,6,6
15376,15776,6
15330,15376,6
15293,15331,6
15309,15329,6
15315,15317,6
20107,6706,6
23534,38725,6
15316,15314,6
19293,20501,6
1243,35083,6
10614,10225,6
3832,36914,6
11226,11225,6
10490,11226,6
11725,11814,6
10716,8750,6
10193,10716,6
34511,34538,6
19445,19947,6
41752,42853,6
26638,15989,6
47852,26122,6
35099,35100,6
35100,35101,6
35101,34466,6
26906,26782,6
42854,16557,6
51808,16138,6
21021,6245,6
16114,40910,6
18582,18572,6
39471,27071,6
41801,34635,6
48528,4191,6
787,25297,6
748,787,6
4111,4130,6
14181,14193,6
14086,14181,6
13088,14086,6
23713,21588,6
47894,21921,6
15413,14600,6
8462,43129,6
8465,35041,6
10776,10515,6
35015,36811,6
6250,6249,6
6196,6250,6
36811,36813,6
36813,36802,6
12202,12693,6
600,42546,6
29356,14059,6
14059,29360,6
14058,41197,6
41197,29352,6
29352,14055,6
14055,13986,6
37298,37338,6
35978,8462,6
22742,16493,6
16493,15994,6
4947,4801,6
7940,7326,6
41117,43976,6
18189,6657,6
43056,43071,6
43071,43069,6
43069,43137,6
42188,26751,6
26751,43136,6
42121,42398,6
14585,14363,6
38954,35307,6
29454,38954,6
50259,48342,6
7571,7572,6
28270,28473,6
49788,49770,6
35048,35435,6
7510,8063,6
4750,4947,6
6361,4803,6
5507,5301,6
47177,47112,6
12135,12687,6
12687,12284,6
15898,24207,6
24757,15715,6
18859,6564,6
17993,4227,6
24430,24412,6
24400,24394,6
24458,29407,6
35195,35400,6
44679,44359,6
44359,43470,6
43470,43468,6
43468,43466,6
43466,43464,6
43464,43462,6
43458,43444,6
43444,43447,6
43447,43449,6
43449,43451,6
43451,43452,6
43452,43454,6
13601,13295,6
27583,27572,6
43474,44669,6
16248,16249,6
14771,39125,6
408,411,6
37338,37298,6
12750,27237,6
19900,6847,6
7381,7437,6
7437,7438,6
7438,7382,6
14771,39097,6
7483,34967,6
44659,13259,6
12846,44472,6
51919,44679,6
43459,43474,6
14166,50888,6
40243,35333,6
4869,4895,6
50888,14365,6
43054,4870,6
3489,1636,6
18958,3956,6
50477,12019,6
16940,36010,6
39404,39357,6
39357,39514,6
39514,39356,6
44312,44311,6
49199,14885,6
42430,41132,6
40247,40243,6
1284,43459,6
35333,40247,6
4873,35333,6
4224,40343,6
34298,4225,6
35361,35359,6
35387,35361,6
35396,35387,6
39443,26852,6
16289,39800,6
39796,21693,6
38975,23538,6
23538,38391,6
38391,23223,6
44165,7940,6
7689,44165,6
34614,8436,6
6349,18934,6
5266,5356,6
41916,41913,6
41913,40057,6
10448,10226,6
5652,5653,6
6343,5651,6
15487,15491,6
15491,33894,6
6344,6343,6
6029,6344,6
19611,6029,6
6346,19611,6
18934,6346,6
6352,6349,6
2,24838,6
35791,35459,6
35460,35790,6
33894,23470,6
4252,4255,6
4255,4254,6
4254,4258,6
4256,21014,6
21014,21033,6
21033,21030,6
19306,43887,6
43886,21045,6
20319,19549,6
23461,23438,6
15427,2,6
24838,34096,6
3718,2883,6
5251,5253,6
39923,39922,6
5261,39923,6
19916,5261,6
5260,19916,6
35851,3897,6
1727,35851,6
15642,16264,6
24281,43594,6
43591,43593,6
5257,5260,6
6388,5257,6
5255,6338,6
5253,5255,6
5250,5251,6
16709,15667,6
39983,5250,6
20151,50389,6
20219,19581,6
10193,8806,6
25159,15996,6
11962,27851,6
16343,37718,6
37718,37722,6
34128,23092,6
21271,4219,6
5308,19675,6
16711,79,6
15667,22017,6
23438,25419,6
38785,2337,6
7695,34614,6
1722,38795,6
47944,18544,6
38161,43872,6
43872,8408,6
8408,44074,6
44074,43788,6
34710,44074,6
44074,43872,6
43872,38161,6
38782,2338,6
3824,38782,6
38777,1730,6
1724,38777,6
38795,1724,6
38776,1722,6
7935,41502,6
41133,21648,6
21648,21470,6
51709,47882,6
47882,43244,6
8071,8039,6
21637,22693,6
34541,34540,6
21650,21641,6
21641,22694,6
22694,21653,6
10028,9812,6
34431,34348,6
34606,7695,6
34875,51159,6
1988,2029,6
1951,3718,6
8356,8357,6
2956,2957,6
3627,3281,6
23408,11080,6
38790,38779,6
1715,38790,6
35993,1038,6
38792,1721,6
38793,38792,6
2337,38793,6
51709,8339,6
8339,7935,6
7935,8429,6
38157,8348,6
8357,34873,6
43842,7935,6
34873,43826,6
43826,38878,6
38878,8359,6
8359,8360,6
8360,8361,6
8361,8362,6
8362,38874,6
38874,8350,6
8350,8429,6
38157,8365,6
49194,49187,6
49187,38877,6
49194,43846,6
7479,34962,6
50940,44568,6
13136,42877,6
3310,17136,6
15577,13178,6
47951,15233,6
25215,23319,6
43305,43689,6
16772,25201,6
16771,16772,6
15993,16771,6
16580,16579,6
16579,16594,6
16592,16535,6
23711,16573,6
16574,24708,6
17035,3310,6
16509,16597,6
42513,24198,6
2492,1795,6
23288,39180,6
39178,41757,6
41757,41750,6
51622,34495,6
34630,34450,6
9560,13320,6
43381,42301,6
26585,26626,6
729,727,6
39176,41812,6
41811,41810,6
41810,41758,6
22322,21917,6
49221,42513,6
39179,16557,6
40191,40192,6
6734,6735,6
6481,6482,6
7266,5953,6
5953,5954,6
5954,5955,6
5955,5956,6
5956,5957,6
5957,7267,6
7270,7269,6
7269,7268,6
51580,25180,6
25191,15838,6
40187,40191,6
43158,19457,6
22424,49221,6
19455,18786,6
15563,24738,6
48007,22889,6
22068,21736,6
21736,15342,6
980,43775,6
43772,21597,6
23103,22075,6
22079,48758,6
632,35235,6
35237,35218,6
43302,38652,6
26404,26405,6
41758,39179,6
10710,9560,6
35505,5591,6
7374,7376,6
43854,34735,6
8265,40902,6
40902,8266,6
8266,8267,6
8267,34836,6
34836,7993,6
7993,34837,6
34837,8270,6
8271,34776,6
36943,7768,6
7768,34719,6
7385,7483,6
7483,7487,6
7376,7379,6
36943,7321,6
8072,34833,6
35009,34772,6
25938,27361,6
3489,3548,6
2693,1795,6
8405,11585,6
10239,10241,6
17005,4173,6
18798,17005,6
18796,18798,6
6940,18795,6
7177,6940,6
17019,17020,6
36943,7337,6
26634,42282,6
18507,35332,6
41138,8427,6
18549,18561,6
17788,17808,6
6046,20149,6
35580,20105,6
40763,17813,6
17813,20106,6
19584,17787,6
17787,6506,6
13246,15988,6
42878,13214,6
19753,19791,6
34976,7980,6
8366,41138,6
8427,8001,6
42282,26621,6
8001,34794,6
8069,8044,6
9600,9809,6
26629,26623,6
10474,9600,6
10685,10474,6
11496,10691,6
26619,26629,6
44689,26619,6
8035,8366,6
36588,41133,6
10759,10381,6
34739,34741,6
5591,50871,6
6526,35505,6
9533,9566,6
4687,4692,6
39583,27028,6
27028,27025,6
27025,39582,6
39582,27845,6
7545,7553,6
7553,7531,6
17818,6703,6
38615,20070,6
19713,17581,6
6621,19713,6
7531,7638,6
17608,6621,6
17613,17608,6
43879,7588,6
27864,27881,6
7588,7581,6
7581,8487,6
4693,4982,6
8487,8493,6
4982,4496,6
41168,43856,6
41663,41168,6
11160,11090,6
11178,11160,6
4496,4869,6
5050,5024,6
44333,49563,6
8493,7566,6
27881,39583,6
27655,27864,6
23223,15418,6
20386,20235,6
13356,24791,6
41752,43219,6
9346,13320,6
17811,6589,6
43219,42853,6
42854,39174,6
11824,10225,6
16556,16607,6
10614,10264,6
38959,12509,6
29282,12494,6
49401,41993,6
11292,10712,6
11869,10784,6
27842,37832,6
7444,7543,6
42248,27878,6
27916,39526,6
39600,44523,6
44523,27912,6
17852,17850,6
17875,17852,6
17575,17610,6
20273,44825,6
27690,49531,6
51052,18329,6
51051,51052,6
20350,51051,6
7566,7575,6
15418,15421,6
6525,6526,6
11234,11239,6
13179,13232,6
51050,35190,6
14209,24859,6
29350,11090,6
42522,27361,6
27910,27643,6
20092,51050,6
20806,20092,6
8146,8733,6
35191,20806,6
8560,11123,6
11123,37036,6
11157,11161,6
4400,34264,6
7559,51199,6
34264,34258,6
34258,34260,6
4316,4315,6
17730,38962,6
17705,7219,6
41945,41944,6
26841,26844,6
25667,25650,6
25650,40698,6
40698,43160,6
43160,44924,6
25634,28911,6
28911,42555,6
35190,20812,6
7557,7559,6
15421,24830,6
11141,11786,6
24830,25040,6
7013,20647,6
11256,11106,6
39080,11256,6
11112,39080,6
11105,11112,6
11109,11105,6
1447,1449,6
11110,11108,6
11114,11110,6
39075,11114,6
11788,39075,6
11786,11788,6
11147,11141,6
7575,7557,6
11149,11147,6
11151,11149,6
11154,11152,6
11156,11154,6
11222,11156,6
20645,39748,6
20746,7283,6
37188,7074,6
7074,7073,6
7067,7070,6
34306,20743,6
5520,34306,6
28745,50390,6
7211,18544,6
27841,27660,6
40847,6853,6
35196,35193,6
49990,49979,6
18792,40847,6
51808,28977,6
15601,51808,6
49979,50518,6
4794,4885,6
19239,42087,6
19012,19188,6
6481,17963,6
48946,43374,6
485,487,6
35349,20491,6
48283,598,6
17266,1602,6
40857,18792,6
38110,15484,6
49802,23193,6
39577,39574,6
21266,19075,6
6937,18795,6
34703,8292,6
17005,6937,6
16428,15571,6
4885,4679,6
14702,14722,6
41338,50220,6
567,566,6
17260,17261,6
4025,1587,6
15122,990,6
4690,4691,6
40659,40655,6
14709,14702,6
14718,14709,6
15484,25962,6
34838,34789,6
24953,14718,6
49995,49990,6
35680,11746,6
11746,10886,6
50483,49376,6
24955,24953,6
14729,24955,6
14725,14729,6
24922,14725,6
50220,49995,6
14994,15014,6
695,567,6
17265,17266,6
48188,43422,6
27626,51382,6
17262,1493,6
41438,7570,6
5020,41047,6
27704,39215,6
18793,6936,6
13274,25918,6
43252,50339,6
25498,28359,6
28358,28595,6
39574,39573,6
35194,28341,6
28355,28358,6
6936,17005,6
43777,2394,6
16871,16872,6
19201,21266,6
19445,19946,6
35041,7604,6
39573,39576,6
39576,39572,6
28645,28646,6
28646,26405,6
17261,17262,6
48946,28638,6
25908,25909,6
25911,26133,6
7525,41434,6
17264,17265,6
16872,40659,6
19075,6382,6
1499,17264,6
39645,27628,6
8292,8425,6
39159,15770,6
629,23680,6
459,14936,6
15770,16081,6
28359,28356,6
40654,40653,6
34444,34443,6
17263,1499,6
35382,35349,6
47163,35340,6
40645,40654,6
35317,8503,6
1493,17263,6
42468,933,6
25589,25936,6
25478,28348,6
28348,25498,6
5044,41286,6
34324,25675,6
39589,39588,6
44258,9609,6
41284,41286,6
40854,40856,6
16542,41764,6
5659,5281,6
26665,40150,6
990,15118,6
6345,6352,6
44175,39178,6
28977,34324,6
18791,40848,6
40809,16603,6
41288,41284,6
40646,44175,6
49794,7561,6
29067,29086,6
41283,41288,6
41179,29067,6
2563,43513,6
727,16608,6
19678,19759,6
40853,43218,6
40855,4727,6
41283,35379,6
25187,15707,6
3364,2836,6
6347,6345,6
3897,3894,6
6342,6347,6
3894,3893,6
5286,6342,6
5652,5286,6
5654,5652,6
39572,39589,6
7561,23147,6
3893,2052,6
29086,12148,6
5283,20072,6
5657,5282,6
20363,39150,6
5281,20068,6
40910,15476,6
29187,12167,6
25677,40910,6
12402,12496,6
35056,41434,6
24866,15070,6
17245,17260,6
25480,25478,6
20051,20052,6
4695,4696,6
20062,4454,6
15068,24867,6
24867,24866,6
4694,4695,6
4691,4694,6
28595,28357,6
20052,5215,6
47918,43749,6
19946,20051,6
15071,15068,6
566,266,6
7231,6483,6
40655,40657,6
14875,14872,6
48817,41829,6
44804,48817,6
9346,10264,6
44811,44804,6
20491,20492,6
4696,4697,6
28357,28596,6
11843,9346,6
50474,10236,6
14726,14704,6
18796,18801,6
14704,14719,6
13074,727,6
14719,736,6
736,735,6
40848,40857,6
5280,20039,6
15840,25186,6
16288,26402,6
28596,25480,6
42111,51225,6
5413,5434,6
40565,43252,6
4697,4516,6
25749,12326,5
14938,35116,5
9733,50780,5
20604,4181,5
14747,24954,5
21556,47143,5
42638,42640,5
42640,25130,5
51769,34471,5
4181,20829,5
6692,6693,5
16035,817,5
48439,42690,5
7222,35332,5
42648,43760,5
42690,10887,5
36086,34650,5
40699,42648,5
35482,35485,5
15773,15892,5
44091,39506,5
18994,19962,5
19962,21299,5
13362,49329,5
5662,5664,5
5668,5672,5
50849,27671,5
42045,41641,5
26738,41642,5
14152,29458,5
46339,24962,5
7867,7323,5
7323,7961,5
7961,7297,5
25732,25741,5
7297,7296,5
25744,25746,5
7324,40901,5
40901,7870,5
25746,28616,5
11090,48474,5
50068,6488,5
4315,4313,5
546,601,5
39506,27046,5
41101,44091,5
25149,15773,5
8871,38715,5
25141,25149,5
14603,827,5
6687,6691,5
6487,6687,5
42636,42638,5
6488,6686,5
25088,42636,5
15714,25088,5
17734,17684,5
24393,24397,5
20363,4357,5
50576,24467,5
26757,49373,5
38119,26875,5
26746,38119,5
19937,20048,5
39391,39390,5
10838,43697,5
10844,10848,5
18996,19939,5
19939,20022,5
20022,20310,5
20310,18994,5
34571,36086,5
37803,15996,5
34612,34571,5
25848,25849,5
35474,6703,5
25724,25725,5
17235,1562,5
25721,25724,5
25720,25721,5
25716,25717,5
4767,5056,5
5054,4767,5
16288,26403,5
22129,22243,5
17406,17429,5
17429,40178,5
18423,5618,5
17517,17518,5
17518,17519,5
35990,22203,5
42733,35990,5
41865,42733,5
7066,7068,5
7063,39975,5
50870,5592,5
40586,50806,5
39975,7064,5
6748,6476,5
7064,7066,5
7068,7067,5
27689,21589,5
4181,20920,5
5092,4585,5
11159,37036,5
11157,11124,5
11124,8560,5
6483,17981,5
17519,17520,5
27335,41904,5
17520,17521,5
39185,20483,5
50777,46722,5
46722,46339,5
4369,20019,5
4371,4366,5
20417,4371,5
20483,37509,5
4375,39185,5
24983,24865,5
19951,20082,5
20205,19952,5
18329,7260,5
23177,22213,5
7260,18324,5
18324,7258,5
18365,5623,5
24865,15121,5
41904,27304,5
4810,4898,5
5176,5054,5
4778,5176,5
43131,4778,5
4723,43131,5
49798,7559,5
4898,4723,5
42504,8462,5
1585,43345,5
8462,43128,5
35564,35585,5
35585,35564,5
4008,1585,5
25715,25716,5
25689,25715,5
25725,25848,5
25849,25728,5
34576,34612,5
12963,15908,5
22674,86,5
35846,34995,5
7057,7058,5
21680,22674,5
22805,21679,5
24736,22805,5
16798,24736,5
21676,16797,5
22342,35287,5
21960,21696,5
8795,9971,5
9971,9972,5
6878,18772,5
35939,4894,5
6875,6878,5
86,36833,5
36833,50266,5
48481,10321,5
34615,34613,5
34605,34576,5
24663,48439,5
17845,17843,5
18091,18024,5
11843,9733,5
34613,34607,5
8436,34615,5
11636,11785,5
8675,10109,5
8672,11636,5
10321,11843,5
6425,6426,5
6424,6425,5
6423,6424,5
5313,5316,5
44697,16802,5
23762,44697,5
28113,27335,5
50010,35529,5
16147,43374,5
35542,50010,5
636,22235,5
25729,25730,5
27043,28113,5
6693,37172,5
36112,3615,5
29361,29363,5
14078,29366,5
29367,38939,5
25728,25729,5
14346,13287,5
14332,14040,5
40662,37112,5
1340,1396,5
3,23762,5
16594,16540,5
15121,15122,5
6877,6875,5
6432,5934,5
6431,6432,5
43760,42646,5
42646,15788,5
14936,14901,5
17242,1506,5
8690,8699,5
8801,8691,5
9362,9343,5
9343,9697,5
10721,9697,5
1506,17244,5
4310,20306,5
6443,6456,5
41581,4189,5
24356,24358,5
35368,5096,5
40858,35364,5
28528,26600,5
35286,21507,5
25113,23879,5
48400,1515,5
743,24356,5
44055,17294,5
6868,18777,5
15884,23493,5
14104,29340,5
17843,6445,5
10328,7780,5
20813,51065,5
11047,49352,5
17268,1260,5
49355,11046,5
41710,41221,5
24358,24360,5
4188,7100,5
24360,43227,5
23221,35286,5
15866,23869,5
40818,4762,5
37241,39811,5
23869,23882,5
4774,47851,5
1384,35087,5
35087,1359,5
23882,24765,5
35287,42182,5
39811,39810,5
10821,10820,5
10820,10831,5
10831,10833,5
1549,48400,5
43227,24414,5
14332,14062,5
1260,1703,5
51065,20814,5
20814,18728,5
8328,10193,5
49928,44007,5
236,661,5
42629,25068,5
11408,11409,5
11409,38813,5
974,14928,5
38813,11401,5
44007,49954,5
49954,44010,5
44010,49168,5
10832,10634,5
35290,264,5
23682,23681,5
919,24419,5
42491,24239,5
24420,918,5
10634,10819,5
11407,11408,5
9848,11407,5
35182,35184,5
18689,6870,5
11727,9997,5
41782,22254,5
10894,49356,5
43321,9612,5
26905,12771,5
35191,20809,5
20809,5577,5
10193,49941,5
35293,35182,5
49941,49928,5
41702,35293,5
8899,35697,5
35697,51199,5
42630,42629,5
35680,10886,5
35681,38904,5
37239,37241,5
10805,10821,5
10890,10805,5
43556,43558,5
5162,5106,5
48995,13339,5
29352,14057,5
28230,43559,5
5106,5107,5
20467,18887,5
49361,11051,5
35006,20467,5
7300,35006,5
11824,10748,5
7765,7300,5
8056,7765,5
23133,25124,5
4123,42821,5
25099,42632,5
42632,42630,5
43559,43557,5
50679,27529,5
9650,11922,5
15007,669,5
6445,6421,5
26887,26685,5
44342,18341,5
43866,50384,5
28998,43866,5
27735,27725,5
18341,18360,5
6421,6420,5
29348,13364,5
27530,50680,5
13334,29348,5
15620,15504,5
49352,11049,5
11049,49361,5
11824,9697,5
13037,33862,5
19733,5162,5
43557,43556,5
43558,51422,5
10887,10890,5
51422,26724,5
18373,43110,5
42923,37234,5
42121,42397,5
37234,37239,5
494,24939,5
18415,51055,5
51055,35184,5
20811,35183,5
6453,18257,5
16670,16682,5
35183,35181,5
35181,5577,5
266,494,5
18257,18244,5
18244,6454,5
3932,1446,5
3921,3928,5
11051,49360,5
40717,18373,5
50802,41599,5
7681,34616,5
18360,7272,5
7272,7278,5
7281,18334,5
18334,18759,5
18759,7275,5
7329,7334,5
8436,7329,5
43111,18327,5
7684,7681,5
18327,40715,5
12982,12875,5
25419,12884,5
34107,22462,5
21678,24756,5
16850,15558,5
15558,24826,5
22067,11119,5
14665,36905,5
22864,942,5
1144,1191,5
44017,44023,5
23448,23459,5
15884,23429,5
15014,695,5
6873,6872,5
27805,27808,5
18773,6981,5
11931,25882,5
25883,25885,5
25887,25889,5
40584,40581,5
6636,6637,5
15070,14994,5
16375,15881,5
51039,51261,5
26495,28540,5
12064,26495,5
44023,44051,5
44051,44054,5
1228,4018,5
24932,14355,5
10853,10861,5
10860,10852,5
10852,10858,5
10858,10856,5
10856,50442,5
50442,50532,5
33894,23493,5
454,24932,5
4018,1184,5
14839,454,5
14875,14860,5
38659,14875,5
42989,1098,5
2838,42991,5
1643,2838,5
1184,1643,5
5939,18081,5
1097,44100,5
11054,35686,5
39133,12408,5
18287,18288,5
15024,15007,5
14585,29416,5
25159,16000,5
258,261,5
21638,22693,5
43874,694,5
15118,51653,5
14907,459,5
42980,46520,5
5804,6018,5
49360,11090,5
6018,17950,5
667,43874,5
17950,6489,5
44019,667,5
28616,25749,5
4191,20069,5
29454,35307,5
35739,29454,5
14600,47890,5
5517,19545,5
18081,20361,5
20361,6442,5
27304,27052,5
21655,21656,5
51653,15071,5
6874,18773,5
6456,17884,5
7251,18287,5
13086,35306,5
17872,17847,5
35306,14419,5
18310,41573,5
21654,21655,5
17847,17840,5
21653,21654,5
10855,10853,5
11053,11054,5
6454,7203,5
10813,10803,5
49460,10818,5
43818,39133,5
13070,12886,5
12818,48272,5
48272,25092,5
43052,50336,5
50336,43253,5
43253,39733,5
20811,51056,5
11022,10933,5
48699,10932,5
10912,10827,5
10633,10825,5
51056,7276,5
10825,10893,5
7276,43110,5
10893,10821,5
5939,6438,5
27530,27522,5
42634,15714,5
11093,41496,5
21895,22067,5
7203,6450,5
6450,18165,5
11116,11250,5
11250,11119,5
11119,11095,5
11095,11093,5
41496,11090,5
25067,42634,5
10819,10822,5
10822,10806,5
11080,11039,5
11085,41660,5
18165,6637,5
23879,21589,5
15878,25092,5
10814,10813,5
10802,10799,5
35685,11058,5
10799,10798,5
11030,11021,5
11021,41663,5
10891,25815,5
25815,42691,5
48440,608,5
608,26638,5
7265,7266,5
5951,7265,5
18328,7273,5
7273,7278,5
43245,18657,5
11039,41660,5
41660,11021,5
11021,11028,5
36797,11077,5
11075,11072,5
21656,24,5
11075,41168,5
11073,11077,5
10806,10891,5
37174,40715,5
50532,50531,5
18415,37174,5
50531,50444,5
50444,10859,5
10859,10858,5
10858,10857,5
10857,10853,5
10853,10862,5
43111,18328,5
10862,10861,5
10860,10854,5
35683,11058,5
28540,28541,5
11053,11065,5
40717,18375,5
18375,7275,5
1574,1583,5
27478,47835,5
34678,34677,5
24881,15105,5
7396,7398,5
41611,41612,5
21023,6238,5
7398,7404,5
7430,38912,5
34969,7475,5
21744,34346,5
7475,7493,5
21074,21078,5
7493,7351,5
7351,7353,5
26545,28541,5
7354,7444,5
16202,24296,5
21078,18906,5
14046,29370,5
42055,5498,5
34424,34422,5
7133,7134,5
7059,20102,5
20217,19932,5
5189,4802,5
4753,4800,5
19866,4753,5
51230,19592,5
34537,34443,5
5497,5920,5
2898,1579,5
42250,27458,5
27475,42250,5
7245,6490,5
5933,18174,5
5498,5760,5
41612,27475,5
18906,4267,5
42972,8039,5
22956,44371,5
6234,21023,5
39288,39204,5
10894,11051,5
28560,28561,5
6752,44044,5
28325,26493,5
34426,34424,5
11962,27849,5
12064,28321,5
39205,39288,5
28321,28322,5
39209,39206,5
28322,28323,5
38755,20489,5
28769,28705,5
28324,26490,5
18778,38756,5
21851,10894,5
38758,18778,5
15832,15790,5
47897,4505,5
18276,6234,5
6233,18276,5
21012,6233,5
6232,21012,5
4267,38901,5
33843,29383,5
39282,23300,5
4674,6232,5
9043,23543,5
21695,16288,5
23534,16147,5
20488,20841,5
7444,34984,5
15105,15102,5
15102,15100,5
15100,15082,5
29350,39133,5
46923,16909,5
21621,21366,5
21378,21621,5
34343,34674,5
3945,37028,5
18050,18071,5
37029,17566,5
27187,27181,5
18129,49349,5
49349,49339,5
49339,6608,5
39590,39591,5
6607,39675,5
39675,39673,5
39673,6608,5
18071,6447,5
6447,6448,5
6448,6449,5
17572,48767,5
14885,37017,5
49198,14885,5
4182,7136,5
18128,50459,5
18833,18825,5
39877,18128,5
21404,21362,5
27003,27802,5
48767,46377,5
47878,20675,5
7136,20210,5
20210,19909,5
19909,19910,5
49377,15833,5
39591,35201,5
8105,8185,5
15082,15081,5
12963,50534,5
24883,15239,5
34909,34604,5
18445,21191,5
18443,18445,5
34905,7890,5
8399,7702,5
42157,8399,5
6238,21036,5
44390,49247,5
49247,12274,5
46616,34546,5
2478,2659,5
50263,21489,5
15081,15079,5
34443,34510,5
5215,20049,5
18452,5085,5
42979,44390,5
35070,34230,5
37473,14355,5
7377,7379,5
14477,13481,5
34674,38696,5
38696,35508,5
18269,4968,5
34230,34672,5
20049,19942,5
6239,18269,5
21036,6239,5
24394,24928,5
35069,34228,5
48195,24404,5
20694,5237,5
28772,37523,5
26706,26921,5
19928,5580,5
45021,50843,5
8646,11294,5
5427,5428,5
4438,7173,5
24363,24483,5
42433,4773,5
35386,5108,5
6099,38221,5
35352,35386,5
44353,39061,5
39061,44354,5
44354,39050,5
6098,6099,5
4452,6098,5
38248,4454,5
38245,38248,5
11294,10264,5
38221,38223,5
26490,29014,5
38223,38224,5
7167,7165,5
22931,45021,5
7619,38614,5
4304,4302,5
39286,39207,5
39208,39286,5
974,24980,5
14907,14919,5
486,484,5
38225,38216,5
4305,4304,5
5226,4305,5
5217,39983,5
38224,38225,5
51577,5217,5
38251,38245,5
50843,43939,5
35286,43742,5
20062,38251,5
5247,5633,5
5633,5249,5
19581,41797,5
5249,5634,5
5355,5356,5
24411,48862,5
25888,26328,5
13192,29503,5
41256,5759,5
41254,41256,5
41258,41254,5
5919,41258,5
28439,28400,5
50475,7032,5
1760,35477,5
5505,5247,5
40853,40854,5
41671,18824,5
37172,39957,5
7129,7130,5
7294,7969,5
7969,8456,5
26804,26809,5
7126,7127,5
4771,43218,5
15924,40803,5
4322,4317,5
38341,37002,5
24776,38341,5
37011,24776,5
36990,37011,5
40855,40856,5
26795,26789,5
47916,19486,5
15807,16220,5
23419,15883,5
40556,42734,5
38574,44366,5
18804,19556,5
44364,44357,5
25323,25324,5
25322,25323,5
25321,25311,5
25320,25321,5
16882,25320,5
6754,6752,5
35274,20841,5
19570,38756,5
6753,6754,5
6751,6753,5
44343,18957,5
37090,48672,5
34875,8026,5
24861,24755,5
24755,29342,5
578,209,5
20520,38757,5
38757,19570,5
4403,19829,5
26921,51392,5
757,34346,5
51392,49406,5
49406,49400,5
49409,26922,5
8025,34853,5
19998,5214,5
7165,19998,5
5185,4484,5
49400,49412,5
49412,49409,5
1381,16926,5
22567,38306,5
19486,19809,5
2606,2609,5
38239,38235,5
38217,38239,5
38216,38217,5
11120,21744,5
15826,15772,5
25144,15826,5
22332,25144,5
15676,22332,5
25139,15676,5
25147,25139,5
49685,35954,5
34084,23421,5
23450,23441,5
22930,22979,5
22979,22931,5
38235,38233,5
38232,40911,5
19809,34309,5
42312,21918,5
36079,2606,5
36041,38283,5
24745,38304,5
22386,24745,5
16926,6743,5
6743,40912,5
41252,41074,5
19969,18967,5
7099,17970,5
4426,4435,5
38614,41502,5
19993,4327,5
4332,19993,5
4333,4332,5
5580,18717,5
19179,20927,5
20607,19340,5
21695,39797,5
21077,4160,5
4160,21095,5
28740,28739,5
41783,41599,5
44199,50184,5
44364,44366,5
2898,1584,5
48112,26808,5
18281,50202,5
4875,4918,5
50202,6452,5
23751,22336,5
39799,39795,5
2387,3054,5
13103,49210,5
41740,17572,5
41738,41740,5
5601,41738,5
4177,19545,5
5844,5849,5
5849,20162,5
20162,20354,5
44852,8463,5
21800,44852,5
33929,39102,5
35965,21800,5
28739,28738,5
22111,22225,5
179,22111,5
185,111,5
22110,185,5
22205,22249,5
28738,28736,5
13362,13019,5
1800,3891,5
21331,15715,5
38392,39805,5
21768,25062,5
47928,29243,5
19340,20608,5
37328,37326,5
37332,37328,5
44579,8881,5
39129,22064,5
5666,5668,5
28225,28223,5
41783,22136,5
23054,24713,5
37192,20090,5
4356,4360,5
21551,21895,5
16673,21551,5
40231,40237,5
25062,16678,5
21517,21518,5
4742,40575,5
29099,29132,5
16186,43742,5
44580,8881,5
4790,51946,5
40255,4781,5
4781,4735,5
40235,4839,5
17859,17861,5
4839,40228,5
40228,40229,5
40229,40231,5
27205,27207,5
22342,16186,5
28527,44689,5
5750,42430,5
7167,5214,5
5946,17988,5
7232,50008,5
36803,36804,5
17851,6600,5
18277,18282,5
17866,6640,5
7494,51588,5
6640,6643,5
6643,17857,5
17857,17876,5
17876,17880,5
17880,6638,5
22163,23146,5
44612,28572,5
37782,12242,5
51651,44593,5
6638,6602,5
36804,36805,5
50804,50105,5
12401,12403,5
15625,35173,5
18278,18277,5
17849,17840,5
17861,17849,5
16540,16545,5
45050,14876,5
34084,23419,5
22347,24666,5
12364,12399,5
28114,41905,5
14117,49819,5
41905,27205,5
7258,18315,5
18315,18301,5
18301,18296,5
44593,39226,5
10779,9552,5
39226,35609,5
50996,17902,5
21676,22604,5
22604,35286,5
35286,16813,5
43614,41540,5
7169,7167,5
41393,45016,5
1669,48340,5
40147,43614,5
8024,7731,5
7731,40165,5
40165,34829,5
34711,34838,5
34838,17517,5
50008,18022,5
43940,21676,5
25395,16801,5
42532,42533,5
28207,42281,5
16206,15639,5
4374,20080,5
35609,28763,5
25611,25612,5
25612,12041,5
28763,28747,5
42281,40149,5
20004,7169,5
50105,49677,5
40149,40081,5
48528,19450,5
40081,26428,5
26428,28515,5
50051,6483,5
37176,17859,5
6034,19800,5
7111,7112,5
14365,45037,5
23222,21696,5
5195,5305,5
5305,4803,5
4750,4801,5
2362,37028,5
22842,21887,5
34444,34538,5
35317,34436,5
7117,7118,5
6869,18749,5
18311,6869,5
39146,38759,5
8059,34792,5
42445,28007,5
51216,5557,5
49565,44073,5
18869,47989,5
41651,27994,5
42297,51092,5
27388,42520,5
45037,14174,5
18087,18311,5
4174,18087,5
12421,12691,5
12691,12689,5
6523,19582,5
19584,17788,5
4175,19850,5
84,22842,5
23410,84,5
16036,23410,5
15606,16036,5
17908,17897,5
17897,17902,5
37017,24873,5
49205,14966,5
684,15115,5
3208,3201,5
47861,2392,5
42419,37316,5
44039,6414,5
41978,20739,5
4504,41978,5
27207,27003,5
50538,50541,5
7119,7120,5
28513,27873,5
6414,17882,5
27719,28513,5
35273,6530,5
28979,27719,5
17882,6628,5
10108,8733,5
10455,9600,5
7559,8457,5
18090,50459,5
34792,10685,5
7118,7119,5
40859,19800,5
19856,51216,5
21282,18875,5
6630,6628,5
20254,4402,5
6629,6630,5
44046,37176,5
38574,36006,5
6629,44045,5
4410,20295,5
19817,18777,5
18086,19817,5
6865,20011,5
4404,4410,5
4402,4404,5
50100,39145,5
51172,40524,5
22361,23864,5
21558,42182,5
44045,44044,5
18041,17983,5
44047,44046,5
44048,44047,5
44049,44048,5
36006,1166,5
44039,6417,5
6417,44049,5
24393,745,5
22895,21330,5
7034,40513,5
13086,24467,5
5106,5108,5
40515,7034,5
37145,5570,5
5107,5106,5
5557,19575,5
41555,4186,4
43113,41570,4
9526,29342,4
23686,751,4
27887,39440,4
18857,41593,4
39441,27886,4
24116,23730,4
41572,43113,4
28619,28626,4
16619,16623,4
19118,39907,4
39570,27887,4
18440,18441,4
28699,27685,4
16308,39156,4
48481,41133,4
20177,20180,4
18970,20026,4
16515,23293,4
27564,39779,4
7051,7052,4
7052,7053,4
41932,44446,4
10515,34273,4
43093,41577,4
41577,41578,4
47844,12100,4
7320,11480,4
42848,42847,4
16536,16537,4
39969,39964,4
42849,42848,4
28115,27790,4
27876,28115,4
41593,18236,4
20026,4229,4
4091,37236,4
4132,6877,4
41592,41593,4
41578,41579,4
20456,20872,4
27868,39541,4
39541,39547,4
23401,23446,4
11445,10226,4
10226,41133,4
41805,23534,4
41827,41805,4
16491,4124,4
41828,41827,4
4387,6336,4
23419,16542,4
48060,1097,4
39972,7060,4
27810,42877,4
18414,21087,4
18758,7255,4
12100,12504,4
18911,4173,4
27638,51383,4
41764,39180,4
16537,16595,4
16525,16491,4
28477,27661,4
27909,25941,4
37782,43711,4
19936,4358,4
34002,25059,4
14101,29340,4
3934,2072,4
19369,4202,4
3083,17044,4
42850,42849,4
50720,34000,4
27684,27683,4
22294,16308,4
37630,49062,4
39156,50720,4
44391,39564,4
41570,41571,4
1372,4122,4
39968,39969,4
41133,21744,4
2693,2494,4
27040,27686,4
7060,7055,4
2563,1372,4
12040,27665,4
27808,27806,4
42991,48060,4
39964,39970,4
1881,3967,4
27827,25699,4
40926,40928,4
47966,49032,4
26493,26495,4
2137,2988,4
47975,47966,4
2444,3365,4
40979,40925,4
40929,40927,4
40927,40923,4
18309,40926,4
40928,40930,4
41633,18770,4
40924,40922,4
40922,40980,4
40980,40979,4
6605,17811,4
3790,2444,4
17785,6605,4
17801,17785,4
15877,15688,4
19137,19048,4
50455,18098,4
18098,40267,4
18149,18189,4
49032,48349,4
27316,27790,4
28687,27316,4
27946,28687,4
43818,39936,4
27022,43818,4
49370,27022,4
27020,49370,4
28329,28473,4
20016,18964,4
15834,29243,4
5605,20016,4
8494,48479,4
8439,8494,4
20319,20840,4
25265,15834,4
15176,15148,4
24535,25265,4
17090,17080,4
48349,24535,4
20695,20637,4
2106,3939,4
16623,16617,4
27809,27043,4
28991,49162,4
49166,28991,4
49376,49166,4
39443,27885,4
2093,2136,4
26853,39444,4
5927,21276,4
6019,5927,4
47856,2394,4
27043,28114,4
2516,2106,4
37630,17749,4
6268,4269,4
19047,6268,4
6261,19046,4
17718,6261,4
17801,18760,4
28660,10798,4
28649,28660,4
25814,28649,4
49162,28990,4
25131,817,4
28589,39769,4
16035,25131,4
50482,39444,4
2514,2515,4
48824,40814,4
10154,9940,4
9946,9937,4
11242,51560,4
10083,8756,4
49466,9353,4
28991,49068,4
28990,28991,4
17754,49062,4
17684,17610,4
17747,17734,4
18753,41631,4
4269,6269,4
4302,4299,4
4299,4298,4
15824,25121,4
4298,4314,4
48942,43374,4
13258,13221,4
14081,13097,4
41554,41589,4
3996,3959,4
20132,3275,4
2544,3034,4
7107,7108,4
3909,2544,4
39245,1437,4
39246,39245,4
39244,39246,4
39243,39244,4
5486,41554,4
39934,28800,4
41585,5484,4
21493,24183,4
50263,21490,4
39242,39243,4
39203,39201,4
39201,5231,4
26495,26507,4
1436,39242,4
26507,28540,4
38755,20490,4
20490,38759,4
38758,19847,4
18779,42193,4
21320,21637,4
21637,21649,4
21649,21657,4
21657,21650,4
21639,22694,4
17199,3950,4
22694,22695,4
35565,35553,4
24829,35565,4
22262,23671,4
27865,25940,4
39639,38959,4
20509,47023,4
47023,17206,4
6581,6248,4
18609,6248,4
17182,20508,4
17199,17487,4
6845,20431,4
37112,37114,4
24982,935,4
935,36905,4
7786,34818,4
34820,8332,4
1192,1205,4
39150,4357,4
43462,43460,4
43460,43458,4
43454,1252,4
14149,14190,4
5557,20373,4
20856,19523,4
17458,19846,4
19002,19993,4
18964,19002,4
2501,2362,4
14193,13028,4
39474,39427,4
27071,11932,4
42493,39471,4
28028,42493,4
27790,28028,4
34818,34820,4
7795,7786,4
947,22288,4
37191,17935,4
22288,24981,4
37800,37797,4
37797,8178,4
19993,20360,4
886,23142,4
49653,24393,4
24393,866,4
1007,884,4
37802,24369,4
18469,18500,4
18508,18469,4
7223,18508,4
8178,8179,4
8179,7795,4
949,950,4
950,42468,4
931,22527,4
22284,37108,4
5134,5145,4
28803,25814,4
28645,28803,4
25481,28645,4
37070,28728,4
40755,17738,4
17761,17834,4
27636,39428,4
17834,17839,4
19999,20254,4
41672,18121,4
21250,5492,4
19067,21250,4
41766,24411,4
28728,28765,4
26581,26595,4
28211,12084,4
12570,43645,4
43645,12301,4
28729,50390,4
5638,5312,4
12305,37071,4
37071,37073,4
18675,21218,4
21206,18675,4
3758,1984,4
44999,48974,4
50053,49787,4
49764,27394,4
26569,26578,4
26562,26569,4
26566,26562,4
26581,26566,4
26594,26582,4
39136,26594,4
7070,7075,4
26590,39136,4
41063,17893,4
48740,26596,4
7075,20265,4
17839,6474,4
24398,24394,4
26637,48740,4
3529,17192,4
36871,2603,4
1984,1955,4
17735,40756,4
39646,27636,4
21202,21206,4
18667,21202,4
19920,18667,4
13973,13975,4
39457,39467,4
39458,39457,4
39387,39458,4
13975,13983,4
51573,41145,4
41145,20251,4
39461,39387,4
39450,39461,4
39451,39450,4
39452,39451,4
19018,6277,4
6277,19225,4
19225,21265,4
21265,19187,4
19187,19199,4
19199,6283,4
21798,24791,4
19221,19075,4
19075,5756,4
39467,39465,4
39465,39466,4
21177,19920,4
39466,39464,4
7061,21177,4
20100,7061,4
7058,7059,4
6773,6524,4
40771,6045,4
20105,40770,4
29367,14054,4
14054,14053,4
15915,50080,4
14044,14358,4
13249,13983,4
24845,15915,4
22276,24845,4
50093,22276,4
21905,50093,4
28153,28592,4
39386,28153,4
39455,39386,4
39464,39455,4
26578,26582,4
26595,26589,4
27809,25481,4
19850,19852,4
10086,10784,4
17756,17769,4
1579,1563,4
17236,1569,4
1569,3956,4
20320,18959,4
5565,20123,4
5544,5565,4
20349,20373,4
50164,19849,4
26589,39138,4
1031,23401,4
20216,20306,4
44826,38615,4
36135,18008,4
21269,36135,4
20273,44826,4
17574,20070,4
48198,17613,4
27656,42660,4
7227,37195,4
9046,8667,4
8645,10784,4
9481,9435,4
42114,20883,4
37630,42114,4
20908,6266,4
49038,17749,4
44076,41371,4
16579,44076,4
17738,17756,4
6290,19047,4
20698,6290,4
18959,20698,4
6458,6460,4
38916,6458,4
38917,38916,4
6459,38917,4
2123,2126,4
38918,38919,4
14061,13038,4
13334,13976,4
9589,9483,4
25859,27358,4
27100,25859,4
28156,27138,4
35825,3894,4
3731,2567,4
25040,24787,4
24787,24726,4
24394,50605,4
2567,2132,4
2132,2573,4
2836,1880,4
3967,3419,4
3419,3747,4
3747,2071,4
1470,1456,4
1328,2549,4
24726,24184,4
24184,21635,4
21635,21634,4
17891,41064,4
17213,1248,4
28586,26630,4
28538,28586,4
3894,3731,4
21432,24823,4
27440,28169,4
47102,47954,4
27436,27440,4
27385,27421,4
6266,20915,4
42564,20139,4
15664,15421,4
38375,15660,4
6685,6678,4
54,38368,4
50342,11302,4
38975,54,4
41031,39804,4
5839,5988,4
19787,19487,4
20286,5580,4
21715,23255,4
17710,17735,4
15416,23211,4
23211,12042,4
23544,21695,4
6877,17090,4
27336,28685,4
17080,17063,4
2536,42794,4
21851,41663,4
15416,21851,4
43372,15416,4
47976,43682,4
42216,43681,4
35825,2041,4
2041,3971,4
43234,12278,4
16289,23534,4
42225,43234,4
43236,42225,4
42224,43236,4
3507,38805,4
34387,34664,4
27624,27646,4
27622,27624,4
41662,16289,4
5240,5242,4
2304,3574,4
16022,16023,4
2291,2584,4
44026,25859,4
2877,2291,4
2833,2877,4
16069,15780,4
3830,3829,4
1446,3830,4
16023,16024,4
3507,3322,4
16024,16025,4
2218,3594,4
2179,2218,4
2468,3719,4
16025,16027,4
16027,23208,4
35566,15988,4
39318,42224,4
48215,14600,4
12523,39318,4
16769,16576,4
39093,39095,4
411,39102,4
13155,13236,4
16557,16596,4
16596,23293,4
16565,717,4
16595,16769,4
10287,10790,4
15767,15748,4
10659,10238,4
24875,774,4
3892,17190,4
17488,36097,4
26214,27822,4
11289,11452,4
13356,11161,4
39099,39125,4
39112,39162,4
39115,39116,4
39093,39125,4
35720,15744,4
16460,15771,4
23596,48215,4
29350,23596,4
48290,29350,4
25091,48290,4
3692,3983,4
41118,3328,4
49318,34172,4
42213,49318,4
49390,42213,4
34172,49390,4
3252,3089,4
3032,3965,4
5661,6339,4
2301,2304,4
3578,3805,4
42495,27875,4
3266,1296,4
16867,48364,4
43928,25034,4
43659,43213,4
16523,25324,4
43645,12317,4
12316,43645,4
21690,22516,4
1296,1636,4
25163,38324,4
35978,42503,4
35982,43155,4
47910,35982,4
21574,47910,4
21582,21574,4
14957,21582,4
21576,21572,4
25319,16050,4
38318,38316,4
25693,44026,4
15422,15425,4
25744,12326,4
25549,15355,4
15355,15416,4
12239,12273,4
41289,12239,4
42220,12274,4
15417,38111,4
25303,16614,4
38316,16039,4
38333,16884,4
38323,25165,4
38313,35331,4
38311,38313,4
38312,38311,4
43644,38312,4
16037,43644,4
21569,21576,4
21568,21569,4
35286,23857,4
20748,38657,4
20647,20386,4
37619,37616,4
37614,6847,4
17318,3563,4
50780,39680,4
3089,3088,4
38657,7171,4
2137,2135,4
23693,21566,4
3086,2444,4
3124,2532,4
4390,20291,4
3965,2056,4
43368,25693,4
2966,3332,4
3334,2061,4
47998,19472,4
25691,43368,4
39680,51923,4
51923,41133,4
44894,23693,4
45021,43937,4
21565,44894,4
24774,15623,4
14893,21565,4
21561,14893,4
22981,24774,4
14861,21561,4
14858,14861,4
14847,14858,4
14846,14847,4
21558,14846,4
21556,21972,4
40898,29450,4
47906,585,4
27792,27920,4
27868,27887,4
43764,50386,4
17988,17981,4
27714,27689,4
3903,17413,4
17413,17417,4
17417,17360,4
41865,22127,4
42732,35984,4
22201,23169,4
717,40651,4
38624,3903,4
21589,15351,4
17360,2669,4
2669,2670,4
11294,16289,4
47449,11878,4
2670,2554,4
27124,28030,4
27854,27714,4
49414,21696,4
15327,21627,4
34436,34440,4
16582,25297,4
40909,23211,4
34639,51992,4
34444,34541,4
34441,34444,4
34508,34457,4
729,741,4
34657,8503,4
26574,12327,4
15678,37715,4
4093,4095,4
51786,21048,4
21048,4208,4
38636,38645,4
9048,29342,4
25940,26574,4
14221,14211,4
14224,14221,4
14268,14270,4
28278,28279,4
12625,12164,4
49232,49835,4
12273,49232,4
19945,19445,4
38621,38635,4
38637,3037,4
3037,2663,4
42878,13354,4
14566,14263,4
24859,728,4
23084,22198,4
22192,22117,4
39431,27310,4
27310,39433,4
39433,41106,4
41106,41102,4
12164,12150,4
12150,12146,4
12146,12147,4
12147,12185,4
14567,14566,4
29491,14567,4
14568,29491,4
29202,48504,4
29234,29202,4
29273,29234,4
12361,29273,4
12643,12361,4
12360,12643,4
12220,12360,4
12219,12220,4
12217,12219,4
12186,12217,4
12359,12186,4
12185,12359,4
3909,3101,4
42312,22278,4
18970,19963,4
834,837,4
51652,50716,4
39194,39193,4
39193,39192,4
39192,41064,4
24406,47924,4
24438,24480,4
843,24431,4
16910,16384,4
50717,51648,4
43260,25298,4
7619,36927,4
49,35551,4
16334,16337,4
41599,7619,4
16323,16334,4
11178,41599,4
51648,51652,4
5831,6405,4
729,22742,4
27864,27844,4
27886,27862,4
26737,28329,4
27840,44292,4
43368,25944,4
44018,43368,4
25968,44018,4
48212,27974,4
20255,20322,4
4296,4284,4
20023,4416,4
19830,20023,4
20024,20002,4
4420,20024,4
4429,20025,4
4430,4429,4
19979,4430,4
16322,16323,4
16316,16322,4
37719,16316,4
35640,3222,4
43473,1295,4
1295,3371,4
17283,3037,4
3037,38636,4
44390,12274,4
42978,44390,4
1437,3101,4
757,34418,4
43334,37720,4
2616,3582,4
2651,39239,4
39239,39240,4
39240,3101,4
15338,16896,4
22091,47954,4
794,22282,4
3421,3965,4
3965,2054,4
13354,29402,4
51915,43473,4
27844,27654,4
37726,43334,4
47143,171,4
169,173,4
173,51229,4
47941,26170,4
26170,11931,4
25597,25550,4
15414,15505,4
15832,48864,4
27654,27276,4
48864,37715,4
7665,34843,4
7763,36814,4
44360,51915,4
50386,25741,4
48914,16876,4
27736,39393,4
34557,34669,4
34612,41090,4
8022,34612,4
8021,8022,4
7613,8021,4
34345,23129,4
51148,34232,4
51149,34520,4
34540,34545,4
43976,8033,4
47881,51159,4
7755,47881,4
8317,43244,4
22256,15343,4
34507,49395,4
34561,34564,4
36086,34562,4
41090,34604,4
10448,11734,4
38819,11378,4
27303,39345,4
38808,51978,4
14332,13976,4
29370,14332,4
14058,29370,4
13036,38939,4
4124,1758,4
44502,37782,4
4869,19821,4
34494,34751,4
39345,27707,4
37682,29243,4
27707,27272,4
45029,35300,4
16002,23481,4
21744,22105,4
7798,49388,4
34579,36086,4
34494,49395,4
34662,51621,4
24464,23252,4
41664,41663,4
49251,49252,4
15394,15358,4
19553,19879,4
24261,15394,4
25072,24261,4
24262,25075,4
879,896,4
19833,17972,4
14615,1003,4
24407,14615,4
19851,20373,4
19849,19851,4
28685,27876,4
25368,16205,4
16206,16259,4
11039,11079,4
11079,11044,4
11044,11089,4
20121,19551,4
28360,28440,4
18507,18458,4
28482,28313,4
28374,28482,4
28391,28374,4
44507,41858,4
27272,39525,4
41858,41857,4
41857,44505,4
44505,38675,4
38675,38677,4
38677,44504,4
44504,38679,4
11089,11086,4
4177,20390,4
51978,38814,4
20052,19945,4
16910,16116,4
20815,43120,4
12693,12504,4
39369,39480,4
11411,9154,4
12270,12271,4
12293,12268,4
28307,12293,4
28310,28292,4
43120,4335,4
39373,27709,4
4335,4333,4
20816,20044,4
17563,19576,4
19575,46568,4
49485,20317,4
19411,5912,4
21173,19411,4
27699,39369,4
39344,39373,4
19679,20851,4
20785,39743,4
450,39118,4
452,39125,4
39112,417,4
39096,39125,4
50129,39098,4
27810,15418,4
6115,20568,4
39743,20496,4
25764,43615,4
20496,39744,4
39744,39747,4
39747,7284,4
19474,34160,4
24133,16551,4
16558,16556,4
44174,16557,4
24413,24430,4
14603,24413,4
28329,27692,4
39380,27303,4
50966,48848,4
6249,20227,4
44787,29249,4
25550,29342,4
19450,35089,4
27703,39377,4
39377,28611,4
35093,4425,4
8750,10357,4
34158,19529,4
39149,42193,4
5373,5768,4
19931,19929,4
15997,15993,4
15993,33893,4
8457,8614,4
41834,41831,4
41835,41834,4
41833,41835,4
41832,41833,4
10039,10780,4
9664,10569,4
46460,9664,4
9911,46460,4
8965,8969,4
3275,2162,4
9553,11459,4
33917,407,4
39105,14757,4
50107,39105,4
26614,39133,4
12271,12202,4
39480,27700,4
27700,39216,4
41830,41832,4
16116,16206,4
16168,50229,4
38373,38372,4
25963,16138,4
19992,20044,4
4281,51574,4
20252,41145,4
4869,42405,4
44061,50557,4
44055,8219,4
8219,7728,4
16146,16876,4
3963,1860,4
43764,43763,4
18953,42430,4
16232,44372,4
1600,36036,4
49662,38659,4
51947,13872,4
265,40899,4
3088,3963,4
3421,2056,4
18996,19938,4
34838,8219,4
7730,40165,4
20309,19940,4
7731,34829,4
20310,20309,4
18994,19961,4
34711,7728,4
39151,18994,4
6102,39151,4
50260,15988,4
21299,6102,4
50558,39830,4
39830,42902,4
42902,44038,4
5318,5433,4
34253,19792,4
48215,22804,4
43321,23642,4
846,24456,4
1,846,4
50343,14117,4
44522,27812,4
44519,44522,4
12044,25864,4
5336,4219,4
5325,5326,4
5320,5322,4
49819,14095,4
33818,50343,4
872,1,4
23220,36,4
49707,20541,4
25059,33998,4
15537,15745,4
40660,15535,4
40657,40660,4
20981,18264,4
27812,49421,4
25949,28108,4
28108,28109,4
28109,44309,4
51153,21047,4
18339,51153,4
21019,18339,4
932,36905,4
40291,21238,4
24369,935,4
48286,35116,4
15556,22608,4
40290,40291,4
28105,43365,4
28093,28105,4
28112,29005,4
29004,28100,4
27212,29004,4
44309,27541,4
8024,7730,4
19938,4353,4
16195,37472,4
27483,28688,4
28766,28223,4
28225,28766,4
2127,3882,4
3881,3322,4
3793,3811,4
3790,3322,4
3892,2106,4
28688,26377,4
39545,27726,4
26377,26375,4
26375,15990,4
15990,26373,4
26373,26359,4
26359,12017,4
12017,25918,4
20997,20982,4
22342,22987,4
27725,39546,4
4353,19936,4
25155,15972,4
36805,12718,4
43308,16195,4
44251,25292,4
25027,39156,4
25203,8449,4
25162,25203,4
34121,25030,4
22987,24627,4
39977,27725,4
27911,44523,4
15998,16043,4
44523,39526,4
39600,28802,4
26567,39581,4
27735,44090,4
39503,39977,4
28203,26905,4
26421,27851,4
27851,49624,4
18578,6096,4
5714,5376,4
7211,18531,4
18597,18595,4
18587,18597,4
11824,44799,4
5689,5762,4
8796,8728,4
18580,18578,4
49624,28840,4
51195,18489,4
18362,18395,4
6848,6016,4
20747,6848,4
20237,20747,4
7013,6016,4
6082,39748,4
5362,5367,4
38142,1747,4
1747,3512,4
43715,39652,4
28840,39781,4
49545,41047,4
27726,39500,4
5274,5276,4
6059,5267,4
43914,40306,4
39978,27728,4
48116,26660,4
24859,743,4
49421,28183,4
39588,25880,4
12044,39577,4
39653,12044,4
39651,39653,4
39652,39651,4
41102,27736,4
49835,12625,4
39393,39392,4
2568,2559,4
7626,7594,4
7594,7613,4
36134,40343,4
12278,38902,4
17930,17918,4
3364,3224,4
2727,1901,4
38902,12277,4
19575,19858,4
12277,12276,4
12279,42222,4
12276,12275,4
12273,49812,4
41901,12226,4
6197,21175,4
21175,21193,4
19980,4431,4
20372,19575,4
14047,14064,4
16019,15546,4
4870,4008,4
24932,24458,4
38929,15426,4
38933,38929,4
38935,38933,4
38931,38935,4
15599,38931,4
48089,15582,4
7028,7029,4
8613,21456,4
8609,8613,4
8978,8604,4
8611,8978,4
51336,20892,4
5534,18957,4
20488,20720,4
21193,6198,4
21225,51246,4
12979,14077,4
48205,26809,4
42731,35989,4
37638,37640,4
37641,37638,4
26774,37641,4
35610,44594,4
37806,26784,4
37061,37806,4
41180,26979,4
28027,28050,4
26979,26985,4
26985,41181,4
42233,11916,4
11804,42233,4
1271,3164,4
35915,4088,4
14165,24467,4
27621,41180,4
27060,27621,4
48983,27060,4
41183,48983,4
27450,27458,4
27458,41918,4
21090,21085,4
18149,6490,4
18098,18127,4
18090,18098,4
43382,34467,4
19979,7169,4
7169,4425,4
41105,42403,4
50511,27670,4
27767,27766,4
27766,27318,4
27318,27319,4
41182,27058,4
3181,1296,4
17425,3852,4
21456,21458,4
22018,23788,4
8441,8107,4
16508,16567,4
16567,16621,4
16621,16545,4
39182,23478,4
16494,16491,4
16491,743,4
48342,24982,4
51694,4406,4
949,943,4
23347,24202,4
604,438,4
16720,868,4
27700,27703,4
23300,42177,4
16383,16205,4
8140,8145,4
4791,4728,4
4913,5028,4
20740,14355,4
6526,6045,4
18064,18057,4
17734,17629,4
50870,37026,4
5961,5952,4
25148,15891,4
15893,25148,4
40192,20524,4
15716,15893,4
19489,20284,4
20284,20285,4
39392,39469,4
40687,19809,4
820,15716,4
21304,20873,4
29423,14210,4
4406,4407,4
24684,43746,4
5313,5315,4
21714,21343,4
40525,19861,4
12963,15416,4
7032,20912,4
17777,4220,4
8052,8053,4
8053,7626,4
21461,21584,4
20412,4408,4
21447,21461,4
21460,21442,4
21454,21459,4
265,35170,4
636,14607,4
634,621,4
21458,14965,4
27788,26567,4
36035,42703,4
4171,40526,4
3021,49677,4
4408,20295,4
19863,19277,4
19277,19281,4
29350,14600,4
43306,16287,4
40490,39147,4
39147,5518,4
5518,20534,4
20534,2047,4
2047,36097,4
49662,16945,4
3368,3825,4
3825,2337,4
2337,1725,4
16937,3021,4
27841,39440,4
39441,27888,4
34494,41185,4
19738,19739,4
2051,36098,4
8366,48599,4
7596,7595,4
7595,48599,4
7590,7598,4
21275,39237,4
19739,21275,4
37131,19738,4
37132,37131,4
8001,35015,4
7887,7919,4
7768,43027,4
43028,43075,4
36943,43028,4
8172,8184,4
36846,8172,4
2751,3975,4
3975,2381,4
2443,2566,4
2143,3959,4
6505,42142,4
42143,17764,4
14282,14377,4
12015,26046,4
3692,2855,4
7820,7717,4
35732,7819,4
35732,34772,4
14464,14495,4
19168,39696,4
8044,8146,4
12549,12582,4
12582,39312,4
34976,8035,4
20522,17505,4
36863,36846,4
37133,37132,4
20624,4311,4
20794,39237,4
37141,51932,4
2350,2933,4
37142,37141,4
17101,2350,4
2932,17101,4
39236,37142,4
26848,26502,4
3580,2964,4
34718,36863,4
49662,34650,4
34650,34494,4
3045,2700,4
17488,2444,4
2931,2932,4
2444,2532,4
19963,18969,4
7781,8332,4
8177,7781,4
2239,39238,4
39238,3725,4
7919,43662,4
43662,49370,4
43074,8067,4
34738,34739,4
42297,49565,4
8060,10685,4
18848,6969,4
20414,49659,4
2989,3802,4
2215,2989,4
35605,34718,4
16347,15803,4
3726,3594,4
3661,3654,4
41704,37137,4
14377,43952,4
4311,4313,4
41185,34507,4
15917,22531,4
48522,27570,4
29221,48522,4
21305,46514,4
18715,18957,4
15177,3956,4
769,15151,4
15938,22386,4
26669,44758,4
27867,39541,4
44758,28915,4
874,37802,4
866,874,4
16720,866,4
16525,15998,4
16598,16510,4
16604,16557,4
27570,28864,4
39788,42456,4
4296,4421,4
4287,4422,4
29370,14064,4
19092,6916,4
27888,39547,4
39665,6609,4
39654,39665,4
39662,39654,4
39666,39662,4
39655,39666,4
41268,39655,4
41269,41268,4
39663,41269,4
39664,39663,4
6748,39664,4
35531,39976,4
50739,750,4
39570,27867,4
39541,27869,4
43952,14479,4
42301,43382,4
50006,7046,4
41543,39338,4
51568,28071,4
7046,7047,4
27478,51568,4
41750,41756,4
16629,42301,4
26650,26647,4
29366,13227,4
8943,10106,4
8942,8943,4
1267,2066,4
2381,2378,4
409,405,4
9202,10071,4
6139,21029,4
50245,41639,4
50242,50248,4
17991,50242,4
39322,27493,4
13227,13979,4
27869,11933,4
13286,14026,4
39563,44662,4
12963,25338,4
27690,27689,4
25338,15684,4
18958,3845,4
3870,3915,4
3532,19831,4
26625,26586,4
15684,15622,4
25098,23249,4
23249,21634,4
26586,26558,4
14026,14047,4
20285,40687,4
27306,43818,4
27046,39539,4
40763,20106,4
37114,24932,4
39539,39367,4
5518,20737,4
34157,5518,4
6715,6717,4
26941,39500,4
39978,27729,4
16523,42301,4
48225,18459,4
39367,27308,4
27308,27050,4
7257,18301,4
27729,39546,4
39545,27727,4
2523,2362,4
18301,7258,4
39979,44090,4
7258,7259,4
41671,18833,4
24713,22252,4
13274,25688,4
18662,7054,4
21179,18662,4
27767,27760,4
18669,21179,4
21203,18669,4
18665,21203,4
50641,21217,4
21244,21243,4
21249,21244,4
21251,21249,4
17640,21251,4
17639,17640,4
27727,39979,4
39503,27734,4
42968,24713,4
39408,39331,4
28975,28071,4
3878,2067,4
2765,1283,4
19580,2673,4
43039,28975,4
19588,6505,4
51992,34458,4
17804,19588,4
17927,17908,4
34405,34803,4
38725,15416,4
51748,49680,4
34803,34407,4
43875,51748,4
39331,39407,4
2067,3512,4
47872,39408,4
42726,4111,4
26851,47872,4
4797,19821,4
42810,4882,4
48433,46903,4
46903,28826,4
48436,36802,4
36802,27306,4
16582,22889,4
931,22288,4
51148,14077,4
23024,22188,4
22131,22184,4
41864,23054,4
22160,22151,4
26587,44312,4
44311,26851,4
39643,27752,4
18958,2047,4
43412,43410,4
26564,39335,4
41972,41950,4
41950,41971,4
48727,24499,4
41971,41970,4
24507,48342,4
5518,6718,4
41970,50580,4
50580,50579,4
48342,21786,4
21786,37110,4
50579,39333,4
39611,43989,4
39333,39540,4
39540,26577,4
12117,44316,4
39335,41972,4
41973,26564,4
27743,28682,4
39324,41973,4
2534,3222,4
27643,39641,4
43410,43988,4
43988,39579,4
39579,39932,4
39932,39931,4
43411,39610,4
39931,39930,4
39930,39608,4
39608,39605,4
44258,10498,4
43989,43411,4
10498,9503,4
39606,26628,4
729,743,4
44316,12118,4
23478,16494,4
2045,36098,4
27031,37039,4
4122,4871,4
26546,27836,4
41645,27861,4
36909,21753,4
26852,41645,4
39448,39446,4
27892,39448,4
27716,27892,4
41644,27716,4
21945,44163,4
21754,16678,4
16678,21757,4
21762,16682,4
21881,22181,4
23205,21878,4
37039,39564,4
28625,27031,4
39945,39944,4
27884,28625,4
39944,39943,4
39943,39942,4
39942,39614,4
39614,39615,4
39615,28088,4
28088,29122,4
29122,27742,4
27742,39941,4
27323,27311,4
27312,27740,4
27750,39641,4
39643,27642,4
20534,19524,4
39473,27787,4
26975,27884,4
39407,39406,4
39406,39479,4
39479,39405,4
38963,17686,4
21589,48265,4
17723,41945,4
41944,17720,4
38122,26686,4
35698,38378,4
49295,18754,4
17594,44243,4
43671,43673,4
26899,35698,4
26642,26707,4
26610,26636,4
28538,26610,4
43677,39138,4
43675,43677,4
48265,24468,4
13191,14227,4
14227,50605,4
28699,27683,4
12457,26747,4
17048,16975,4
43339,12457,4
28583,43223,4
7589,28583,4
7601,7589,4
7600,7601,4
37181,18174,4
39405,39404,4
2310,2358,4
2295,39198,4
2479,2587,4
39326,41103,4
43673,43675,4
43668,43671,4
3009,3574,4
44913,44911,4
47291,49470,4
9370,10477,4
11562,10426,4
10426,10524,4
8733,10225,4
44911,49405,4
44907,44913,4
43666,43668,4
44914,44907,4
39468,27220,4
28571,44923,4
15955,16712,4
39840,15955,4
792,50504,4
46517,47291,4
35344,46517,4
21307,35344,4
44243,5575,4
20492,21307,4
21295,35382,4
35345,21295,4
41073,41252,4
49750,41073,4
44343,49750,4
20698,20328,4
35314,20698,4
48767,46514,4
35340,48767,4
46399,47163,4
43678,43664,4
43664,43666,4
2501,3009,4
7219,17729,4
3579,2305,4
40442,40443,4
47842,16062,4
25107,25137,4
21798,21589,4
21589,25092,4
43045,43047,4
25092,25369,4
25369,25274,4
3196,2305,4
41635,41631,4
17836,41635,4
40446,28583,4
18288,18289,4
18289,7256,4
40447,40446,4
1639,1395,4
40440,42739,4
40447,40442,4
50553,42739,4
40440,39716,4
46936,47124,4
40587,18240,4
36801,46936,4
28819,36801,4
47997,6057,4
48433,47124,4
48436,46936,4
39356,26613,4
43047,43051,4
1702,1189,4
11933,28639,4
28477,27663,4
17725,17705,4
39325,41110,4
29349,29681,4
27627,39645,4
41110,43043,4
27635,51382,4
6226,18246,4
28619,28832,4
27644,51383,4
12040,27644,4
27658,28626,4
34177,22901,4
43043,43045,4
50828,27635,4
39610,43412,4
6054,6056,4
21337,21340,4
38962,17725,4
21340,21700,4
6056,4197,4
22259,15612,4
23896,23897,4
41631,42112,4
17739,17730,4
22901,24812,4
20977,6226,4
29348,13968,3
49352,11050,3
80,43213,3
22750,24590,3
26600,26692,3
11052,49361,3
26694,28528,3
11048,49356,3
41435,7641,3
5034,47851,3
21904,22750,3
49361,49352,3
8493,41437,3
13968,13906,3
13906,13895,3
40026,10588,3
14078,14043,3
226,283,3
24540,24548,3
29367,13032,3
49250,11091,3
11091,49360,3
49360,11052,3
14621,223,3
18332,7271,3
24590,24509,3
7570,7587,3
41702,35292,3
35292,20813,3
7638,7570,3
13104,14477,3
1024,21904,3
21904,1021,3
4844,4787,3
4787,39864,3
39864,39862,3
29348,13104,3
24590,24591,3
39862,39861,3
18356,41472,3
7271,18356,3
14046,14069,3
14030,14033,3
7429,7452,3
35055,7347,3
34969,35055,3
7458,38912,3
7454,7458,3
24787,24185,3
44926,21591,3
10886,43771,3
7281,18332,3
4645,4843,3
39861,4643,3
35391,35356,3
7587,7582,3
35392,35391,3
35435,7523,3
35592,35049,3
17872,17845,3
7541,7568,3
6635,17884,3
6426,6635,3
6588,18754,3
26558,26623,3
6456,6423,3
5934,6456,3
6420,17840,3
6443,6431,3
11080,41663,3
41663,8899,3
10886,44424,3
44424,11224,3
18296,18288,3
35359,35392,3
4643,4531,3
4741,40242,3
4878,4874,3
7582,8064,3
7525,7641,3
4874,50395,3
49355,11045,3
24426,14635,3
13979,13973,3
13028,13977,3
12007,39348,3
37372,37362,3
39348,27526,3
28106,25864,3
24261,15396,3
27689,43819,3
37362,37372,3
37316,37338,3
37314,37316,3
37376,37368,3
570,24940,3
502,14890,3
462,475,3
489,461,3
9599,10012,3
14207,13028,3
40584,37380,3
16032,23300,3
2093,15233,3
19423,4195,3
13177,13083,3
13216,13177,3
13197,13216,3
740,456,3
447,445,3
13246,28598,3
42507,40581,3
40581,37380,3
40581,42507,3
37292,37294,3
29344,14028,3
37294,37292,3
13286,29344,3
29368,14044,3
34239,9584,3
9385,34239,3
11851,9407,3
10272,10713,3
3272,2412,3
2412,2413,3
2413,17047,3
3950,2633,3
2633,3194,3
20504,6962,3
34480,35110,3
34466,34480,3
34493,35099,3
34335,34493,3
41875,41874,3
23032,23033,3
22067,22068,3
22068,22256,3
22256,21596,3
8172,8314,3
7907,34864,3
34614,34616,3
41310,23146,3
37258,10071,3
36077,3865,3
17416,35082,3
20367,18938,3
21299,20367,3
23084,22197,3
41307,41313,3
34606,34614,3
49724,43404,3
485,25340,3
34649,34566,3
34566,34571,3
34571,34612,3
34612,34575,3
21142,21160,3
4964,19389,3
27792,27875,3
7122,7123,3
41638,41786,3
41786,18834,3
18834,7076,3
7379,7382,3
7383,7347,3
7099,21283,3
18861,7109,3
20313,17668,3
20210,20313,3
19909,20210,3
19910,19909,3
7120,21285,3
7124,7116,3
7121,7124,3
50541,7121,3
7091,6708,3
7090,7091,3
7089,7090,3
17967,7038,3
7042,7041,3
7041,17934,3
7040,7042,3
7039,7040,3
47799,18687,3
7038,7039,3
7106,7107,3
39974,7063,3
36864,37045,3
34842,35035,3
7134,7129,3
7130,7126,3
7127,4183,3
7073,39974,3
7123,50538,3
18662,7050,3
50603,10775,3
20933,7122,3
21285,7096,3
7096,18925,3
18108,41673,3
7088,7089,3
7087,7088,3
7086,7087,3
20220,7086,3
41796,18833,3
41638,41796,3
20091,41638,3
37192,20091,3
6021,7076,3
50247,44440,3
50246,50247,3
41784,50246,3
19352,21285,3
4227,7096,3
7095,19352,3
5587,19350,3
7050,7051,3
7053,42850,3
42847,7054,3
7054,39968,3
39970,39972,3
7055,49189,3
19350,7111,3
7002,4227,3
7112,7113,3
7113,7114,3
7114,7095,3
19352,20933,3
7115,7116,3
18926,7115,3
42184,42062,3
51276,35110,3
12898,14076,3
10999,10992,3
8998,9000,3
7570,8487,3
7642,7529,3
7531,7652,3
7647,51376,3
8408,43788,3
38161,8408,3
7444,7662,3
7662,51199,3
7444,11081,3
11081,23418,3
23436,23460,3
23460,25423,3
25423,23494,3
25688,25698,3
10991,10400,3
47887,4957,3
51590,51279,3
4509,4728,3
14666,995,3
995,14641,3
71,34178,3
34178,43,3
43,22036,3
14641,937,3
937,24653,3
24653,14634,3
14634,24609,3
50862,7969,3
2655,3080,3
5013,49976,3
5072,5013,3
4922,5070,3
4477,4527,3
27868,27886,3
23494,15492,3
15492,23453,3
11080,51199,3
23878,23885,3
29350,23878,3
15460,50534,3
23257,25123,3
43830,44251,3
25278,43830,3
28212,28213,3
28236,28212,3
28245,26773,3
27865,13178,3
18308,41573,3
7257,18285,3
18288,7256,3
15368,43775,3
43775,15210,3
24756,35287,3
35287,21692,3
27801,27523,3
20252,4281,3
35020,7543,3
42869,26654,3
18043,18050,3
1781,1737,3
48031,3228,3
25154,41766,3
19494,20480,3
27523,27529,3
51573,20251,3
4446,51573,3
6449,6442,3
47835,27479,3
27531,27481,3
27525,27531,3
19725,35347,3
35348,17706,3
20900,35348,3
11132,11136,3
34473,34475,3
34475,35110,3
37376,37362,3
37388,41293,3
37362,37376,3
11125,11127,3
10875,11125,3
10873,10875,3
11135,10873,3
39074,11135,3
10393,39074,3
51377,39072,3
37338,37316,3
10885,51377,3
11143,10885,3
34474,34473,3
34468,34469,3
34630,35103,3
34492,39250,3
34467,51590,3
34630,34469,3
34662,34491,3
34658,34662,3
34483,34621,3
51276,34471,3
34466,34492,3
34622,34632,3
8192,35099,3
17521,17406,3
40178,2965,3
2965,4132,3
1256,1228,3
26622,28547,3
11136,11144,3
11133,11130,3
19147,20900,3
11134,11133,3
47925,5048,3
19760,40847,3
40847,19589,3
19589,40857,3
40857,18846,3
18846,40848,3
40848,18847,3
49659,35347,3
19678,19728,3
47853,37221,3
929,928,3
928,961,3
925,24424,3
14635,14666,3
20891,19147,3
36096,36094,3
23045,23073,3
40789,22127,3
22112,22222,3
11146,11131,3
37332,37338,3
37338,37332,3
35968,22212,3
23580,23178,3
23178,22112,3
22222,22216,3
22219,35984,3
22216,23184,3
23184,22223,3
22223,22224,3
22224,22114,3
22114,22115,3
22115,22219,3
28547,26558,3
34121,39156,3
5651,5652,3
34019,22426,3
34177,33890,3
22038,23310,3
24826,23196,3
12963,24208,3
47925,4505,3
16836,22036,3
22027,22033,3
22424,22027,3
40190,20522,3
20522,3870,3
12800,28308,3
5748,5749,3
28399,28406,3
28419,28509,3
7662,9062,3
10687,8936,3
9317,9824,3
9408,38123,3
9376,9585,3
9418,10681,3
10681,9434,3
9435,9053,3
33966,98,3
39763,43742,3
24854,24371,3
28634,27630,3
16676,21522,3
21544,21538,3
21717,21544,3
21542,21717,3
21517,21542,3
49347,21517,3
35202,49347,3
21515,35202,3
48247,21514,3
9277,44935,3
47948,2392,3
2392,3668,3
3668,20114,3
6337,20410,3
26584,26568,3
26568,28633,3
34087,22034,3
24169,22316,3
22305,24812,3
28633,27731,3
27731,28634,3
50383,5748,3
5749,50177,3
24674,15379,3
17283,1475,3
29477,13287,3
14361,29477,3
24995,23565,3
7532,8496,3
36993,15938,3
47975,1170,3
38658,47975,3
24898,669,3
1485,4122,3
51984,1485,3
17227,17283,3
8936,10468,3
15024,15010,3
14977,43619,3
24898,14977,3
15892,820,3
11880,50399,3
50802,9046,3
22042,50801,3
15824,25141,3
22092,15821,3
979,24791,3
13287,14069,3
43770,15278,3
22078,16891,3
16891,22080,3
10468,9456,3
9712,9426,3
9426,8617,3
8617,9053,3
10614,13320,3
19598,4754,3
5750,19598,3
20317,39018,3
35243,20317,3
5546,35243,3
17563,5545,3
19858,19860,3
19578,19858,3
50177,5746,3
5746,5747,3
5747,5745,3
5745,5707,3
17967,35572,3
35263,5552,3
6364,6355,3
22080,23897,3
35210,1031,3
1031,21718,3
21718,16262,3
21632,22257,3
27525,43031,3
48117,27512,3
26604,27692,3
49792,24713,3
24713,49229,3
49229,78,3
22264,16063,3
16063,21675,3
24861,22723,3
21686,22835,3
22257,168,3
11118,11117,3
168,166,3
166,165,3
165,23199,3
23199,21672,3
15815,44371,3
13053,14577,3
1800,3996,3
18069,18064,3
5971,7232,3
5972,5971,3
27518,27526,3
27482,27518,3
51568,12007,3
27498,11990,3
13356,15826,3
35464,4505,3
48054,35464,3
20585,6885,3
17013,1810,3
1810,17013,3
28329,27809,3
28733,47983,3
27649,27805,3
1796,3449,3
1799,1796,3
38787,1716,3
16941,39187,3
39187,38781,3
38781,1229,3
1038,1216,3
1720,38790,3
38779,1718,3
1718,38787,3
1790,17042,3
3836,17040,3
6483,5972,3
12899,12973,3
13989,13093,3
10892,10891,3
29106,29067,3
29103,29106,3
12399,12578,3
12363,12364,3
12403,12363,3
12177,12169,3
12182,12177,3
12181,12182,3
12718,12181,3
12180,36803,3
12402,12353,3
29186,12167,3
29091,29094,3
29087,29090,3
29067,29087,3
12494,29067,3
10806,10892,3
10893,10806,3
10822,10893,3
10825,10822,3
11022,10932,3
29067,29085,3
10891,10889,3
14125,13054,3
10889,10888,3
5952,17950,3
5959,5961,3
7268,5959,3
44449,7270,3
19667,44449,3
19668,19667,3
19669,19668,3
5960,19669,3
7262,5960,3
5958,7262,3
7267,5958,3
18024,17988,3
49405,40078,3
18401,4265,3
4194,5088,3
1003,872,3
872,896,3
21138,19393,3
11235,11159,3
25815,28661,3
10888,25815,3
545,518,3
42437,20694,3
27222,27862,3
17923,35572,3
26410,26412,3
35298,14271,3
17976,39085,3
14289,35298,3
29578,14289,3
14426,29578,3
14430,14428,3
6656,18170,3
6604,18130,3
39671,17923,3
37235,38925,3
4756,34263,3
17268,37235,3
14296,14430,3
14466,14296,3
14299,14466,3
14461,14294,3
14456,14461,3
35305,14486,3
14391,35305,3
49038,17746,3
42113,17746,3
46704,27865,3
39672,39674,3
39674,39676,3
39676,6610,3
4777,4653,3
39617,4001,3
21801,21588,3
41267,22144,3
35969,23039,3
3839,2040,3
3699,3958,3
2092,3507,3
21744,21801,3
50060,18687,3
35529,50060,3
6749,18062,3
6750,6748,3
6473,6750,3
6617,6473,3
39282,23421,3
23421,23438,3
23419,44250,3
825,25369,3
18183,6617,3
48937,48936,3
41633,42113,3
7232,18022,3
6512,20795,3
20255,20000,3
14090,29362,3
11247,11252,3
11252,11191,3
11191,40193,3
40193,40194,3
40194,40197,3
40197,40201,3
40201,40202,3
40202,40203,3
40203,40204,3
14715,14747,3
24954,45049,3
14728,24924,3
24924,24923,3
24923,33965,3
33965,14695,3
14695,14682,3
14682,39742,3
39742,14678,3
14678,14673,3
14673,14668,3
2609,15206,3
14696,14715,3
18735,6512,3
4387,20322,3
39236,18735,3
37133,41704,3
37138,37137,3
51932,37138,3
41893,42685,3
35300,41893,3
14420,13008,3
29578,14486,3
9181,8749,3
8749,10446,3
9334,11229,3
11229,9533,3
9533,10444,3
10444,10281,3
10281,34273,3
14289,29578,3
28709,26706,3
20532,4387,3
14726,24925,3
24925,14703,3
14703,14696,3
4984,4756,3
34263,34262,3
25840,28614,3
18887,6034,3
1726,38788,3
38788,38794,3
38794,1725,3
1243,38780,3
38780,17223,3
1373,1361,3
51996,12226,3
12226,12125,3
49180,23671,3
15436,47874,3
50638,8056,3
34262,4738,3
47874,16061,3
2,23537,3
23537,23485,3
34030,24838,3
24838,34135,3
34135,34136,3
34136,34137,3
34137,34138,3
34138,16709,3
24247,23018,3
1716,1726,3
4658,41978,3
20224,20397,3
28106,12121,3
290,277,3
29434,29415,3
12974,13145,3
50485,15219,3
29383,29349,3
14607,29581,3
700,207,3
737,700,3
10793,10807,3
10811,10793,3
10809,10811,3
10817,10808,3
10815,10817,3
10810,10815,3
10634,10818,3
10828,10634,3
10832,10830,3
10835,10832,3
10863,10835,3
27809,27812,3
27812,28106,3
26786,37806,3
7328,50638,3
7335,7328,3
39120,39117,3
721,39106,3
39096,14762,3
39097,39098,3
33918,39097,3
3565,1636,3
24882,15153,3
25390,24882,3
24888,25390,3
24887,24888,3
25389,24887,3
15240,25389,3
24886,15240,3
15241,24886,3
24885,15241,3
24884,24885,3
15239,24884,3
15115,15148,3
15079,15115,3
684,24881,3
777,690,3
15037,777,3
715,451,3
39117,39115,3
7334,8433,3
39115,39162,3
36912,3042,3
37772,36912,3
37773,37772,3
42460,43699,3
43699,42714,3
40792,51170,3
17508,38850,3
2979,17508,3
17446,3376,3
50588,4319,3
4311,4314,3
43654,8437,3
34729,8072,3
20018,4311,3
20216,19954,3
24761,22286,3
22278,22854,3
21928,22278,3
42312,21924,3
39113,39106,3
39162,39113,3
15826,24674,3
15379,15307,3
14674,24917,3
38236,40694,3
16273,16354,3
25156,25165,3
16050,38332,3
40695,38222,3
40696,40695,3
38226,40696,3
38227,38226,3
38218,38227,3
38240,38218,3
40694,38240,3
38234,38236,3
5708,5710,3
38232,38234,3
40911,38233,3
25163,16049,3
16049,25155,3
16051,25162,3
5247,5505,3
5245,5247,3
5224,5245,3
5249,5224,3
5223,5249,3
47799,5498,3
5498,5624,3
20346,5650,3
5650,6342,3
18365,18953,3
4394,20366,3
17039,42807,3
2693,2406,3
4173,3887,3
20917,4173,3
20093,4394,3
4391,4395,3
20206,4391,3
20204,20206,3
38250,4455,3
38244,38250,3
38249,38244,3
38251,38249,3
4453,38251,3
6097,48661,3
38222,6097,3
19802,5302,3
5661,5664,3
18950,6352,3
6342,18950,3
5710,5712,3
39050,21270,3
15316,15313,3
38794,38788,3
865,1003,3
4148,4149,3
40912,4148,3
38789,1719,3
38790,38789,3
1727,1715,3
1721,38776,3
28329,28468,3
38788,1727,3
28228,26737,3
26772,28228,3
4220,44353,3
26779,26772,3
12504,12247,3
12539,12504,3
1726,38794,3
16946,1726,3
16943,16945,3
38780,16943,3
2904,38780,3
38779,1719,3
38787,1715,3
898,865,3
848,898,3
834,848,3
23143,896,3
17580,4226,3
42736,17580,3
39084,42736,3
8449,25160,3
16049,15996,3
5684,6362,3
6362,6376,3
6376,6375,3
6375,6374,3
5659,5660,3
5658,20039,3
6374,5692,3
5762,5700,3
5657,5658,3
5656,20068,3
5654,5655,3
5653,20072,3
43528,26705,3
28193,43528,3
43569,46429,3
1004,23143,3
47851,4957,3
28222,37523,3
12367,29282,3
5315,5389,3
282,278,3
354,324,3
20435,20236,3
20749,20784,3
20618,20749,3
6999,5599,3
9553,8468,3
5327,42111,3
25589,25556,3
5394,5318,3
5386,5315,3
12494,29143,3
18484,5620,3
5244,37179,3
5400,35113,3
12943,29371,3
29521,12943,3
29433,14390,3
14384,29441,3
29441,14447,3
29464,14140,3
6387,35113,3
278,293,3
38540,3309,3
2796,3456,3
17025,17136,3
13872,14012,3
14012,13871,3
13871,13868,3
41145,4281,3
51574,38114,3
14420,14423,3
14441,14432,3
14431,14488,3
14301,24235,3
14464,29603,3
29603,14495,3
14495,14466,3
14466,14295,3
14489,41887,3
14456,14459,3
14448,14291,3
14489,14491,3
34260,4316,3
5636,5716,3
17019,1795,3
19948,19445,3
14189,29464,3
13244,14189,3
42505,37768,3
20037,42028,3
18941,18945,3
922,14645,3
925,922,3
14623,986,3
981,42467,3
984,981,3
4454,4451,3
4451,4438,3
7173,37510,3
37510,35089,3
35093,7167,3
24995,33943,3
33943,15817,3
23859,34029,3
34029,35287,3
24245,23631,3
24256,24258,3
51391,26906,3
28233,48277,3
48277,28222,3
28771,28226,3
5663,20037,3
42028,42029,3
12974,14132,3
42029,5664,3
29378,12974,3
26486,29014,3
29014,26490,3
26490,28323,3
29014,26486,3
41133,40210,3
40210,40209,3
40209,40206,3
40206,40205,3
40205,39835,3
39835,40200,3
40200,40196,3
40196,40195,3
40195,11192,3
11192,11196,3
11196,11251,3
11251,11247,3
24483,742,3
827,24361,3
43125,5666,3
5665,43125,3
1728,38787,3
38781,1230,3
39188,38781,3
12165,49812,3
23270,25100,3
3430,1700,3
1700,1694,3
1694,3865,3
17223,35088,3
35088,35086,3
16363,23380,3
16376,16375,3
9048,15884,3
50587,10775,3
12273,49685,3
27734,39504,3
47979,24404,3
50537,22914,3
22914,15183,3
37000,15151,3
22556,15207,3
2606,36030,3
38284,36040,3
48053,50574,3
50574,27875,3
22235,2092,3
3872,3430,3
35083,3872,3
44577,8881,3
11755,40784,3
41438,35046,3
39504,49289,3
49289,41101,3
13187,14182,3
14182,13195,3
261,636,3
6749,18022,3
13195,13053,3
15314,38393,3
48420,1134,3
29503,14165,3
14348,29503,3
14047,33862,3
38815,38808,3
11401,38815,3
10335,10309,3
44837,8947,3
17434,17508,3
23400,41132,3
25419,23400,3
40784,9690,3
27870,27842,3
27842,27849,3
27849,47918,3
43880,43387,3
7515,41437,3
4151,4529,3
21379,21354,3
1020,1021,3
21904,1020,3
21354,21613,3
20227,37179,3
18477,6249,3
34729,8070,3
8070,7938,3
8070,8072,3
34833,8437,3
8437,42205,3
40906,44539,3
44539,42756,3
51967,2556,3
1811,51967,3
17132,1809,3
1815,3464,3
42451,17148,3
2693,3449,3
41435,35047,3
43387,7315,3
47918,43232,3
7314,51521,3
43232,44503,3
13036,12898,3
13174,13290,3
14047,13040,3
14497,13339,3
46514,20158,3
2765,2700,3
2700,1283,3
1283,1285,3
3877,3201,3
3201,2069,3
2068,2072,3
4737,4653,3
4984,4755,3
19456,43869,3
43869,4870,3
49877,38908,3
47831,24627,3
20776,18420,3
43387,49877,3
51521,43387,3
7510,41446,3
7581,35592,3
1217,39188,3
957,985,3
15968,22887,3
5305,6361,3
6360,5305,3
5195,5814,3
21864,24265,3
24782,24775,3
24775,23889,3
21678,43742,3
5831,18032,3
937,935,3
24237,14470,3
7587,50723,3
18601,18604,3
18522,6194,3
24900,49680,3
43875,15156,3
14166,14176,3
29354,13481,3
39053,5503,3
5451,5450,3
5450,5448,3
5448,5446,3
34237,9326,3
24428,14355,3
34431,51149,3
2760,38791,3
1038,1217,3
38776,2337,3
1723,38776,3
38795,1723,3
1729,38795,3
38777,1729,3
1731,38777,3
38782,2490,3
2340,38782,3
1723,38785,3
39065,1731,3
39088,39065,3
38778,39088,3
38775,38778,3
38786,38775,3
39064,38786,3
39066,39064,3
3825,39066,3
38791,1735,3
3152,38791,3
38791,2341,3
4693,4687,3
4495,4692,3
4867,4495,3
25955,51210,3
25732,25961,3
25961,25725,3
25725,34316,3
34316,26017,3
26017,25723,3
25723,25717,3
25720,25946,3
34332,20576,3
20583,6885,3
39067,39068,3
51462,14365,3
14161,14166,3
16196,13192,3
23259,24279,3
39068,39069,3
13181,13179,3
27697,49298,3
49298,39391,3
39390,26941,3
39069,14794,3
7640,38908,3
51209,25730,3
25954,25955,3
4877,4867,3
25749,25954,3
35387,35396,3
35361,35387,3
35360,35361,3
35358,35360,3
35357,35358,3
35356,35357,3
5446,5501,3
6373,42111,3
6974,6894,3
6894,20476,3
47897,4630,3
20476,20852,3
20570,20472,3
20472,6893,3
6893,6976,3
20574,6885,3
20750,48797,3
48797,34331,3
25953,25749,3
458,445,3
4726,5197,3
14668,14674,3
23485,34030,3
24917,24918,3
4754,4791,3
1334,17269,3
33969,78,3
78,21673,3
21673,22264,3
19599,4754,3
22264,16089,3
16089,16092,3
50626,50629,3
1217,16945,3
29165,50626,3
28496,28498,3
28495,28496,3
28494,28495,3
28493,28494,3
28491,28493,3
28497,28501,3
1702,16941,3
20409,19598,3
9432,8617,3
1562,1495,3
9445,46414,3
10639,34170,3
18703,47766,3
4516,4710,3
1627,1607,3
1607,1740,3
1596,36124,3
1365,1125,3
19342,18818,3
1125,1217,3
4690,4694,3
18365,20695,3
18690,18953,3
17637,21250,3
19259,21242,3
43655,18570,3
28492,28497,3
28594,28492,3
28411,28502,3
14297,14293,3
22268,21924,3
21928,21919,3
4729,4980,3
20740,4895,3
42405,748,3
24400,24391,3
24391,24390,3
14293,14470,3
28452,28450,3
6583,18227,3
42020,7289,3
27835,50458,3
29182,27835,3
29158,29182,3
29156,29158,3
24467,868,3
24761,22268,3
16583,22854,3
48009,24404,3
43801,43810,3
28462,28452,3
28464,28462,3
28453,28464,3
35201,28453,3
29177,39590,3
50630,29172,3
50628,50630,3
29171,50628,3
29170,29171,3
21798,16031,3
24315,23094,3
23094,9612,3
11090,41665,3
41665,11035,3
43434,10847,3
8617,9445,3
9473,9432,3
38549,3451,3
29418,13975,3
14660,14639,3
14639,14640,3
7314,43387,3
41443,7537,3
24646,22895,3
14640,924,3
924,14665,3
3887,2419,3
5628,39204,3
49770,17583,3
19006,49788,3
6255,19006,3
22895,24765,3
16247,22041,3
4085,4087,3
29369,13039,3
14655,14660,3
39203,39202,3
50129,39099,3
8646,34170,3
47791,47768,3
4634,47791,3
24434,24411,3
49015,49960,3
35744,932,3
932,24243,3
988,14655,3
49018,42452,3
39202,39200,3
29030,29184,3
9475,34170,3
9666,34170,3
22110,7619,3
8439,8464,3
12042,22315,3
39200,39206,3
13338,38713,3
38713,14047,3
14665,24243,3
24524,21905,3
6853,4541,3
24516,24517,3
24517,24518,3
21298,39998,3
49770,21298,3
18915,49788,3
24518,24519,3
50080,24525,3
21308,39993,3
24535,24537,3
4710,4886,3
39107,39092,3
39112,39107,3
721,39112,3
39120,39118,3
39099,715,3
39254,21692,3
21692,26403,3
26404,28327,3
28327,26604,3
24501,24574,3
24502,24503,3
4088,37237,3
4091,4142,3
38476,38474,3
38474,38533,3
38532,38488,3
38488,38509,3
24511,24514,3
4132,16945,3
47112,18971,3
4202,47177,3
47768,4634,3
47112,18972,3
4205,47177,3
3451,3449,3
19973,4414,3
5017,35367,3
4801,20370,3
5196,6361,3
5851,5847,3
5847,20159,3
6773,40744,3
40744,6508,3
19456,4000,3
5308,5338,3
19867,51230,3
5874,5870,3
21407,21408,3
21408,21409,3
21409,21410,3
21413,21381,3
3275,1296,3
21599,21378,3
174,21593,3
5870,5861,3
5880,5874,3
22956,16209,3
16003,16573,3
21727,35706,3
35706,21729,3
16205,24296,3
8294,34696,3
21729,21733,3
16509,16610,3
37029,19087,3
21733,21734,3
21744,17200,3
21734,21407,3
35264,18804,3
5601,35117,3
51115,35991,3
50586,10236,3
22062,21744,3
26673,26655,3
21432,21618,3
2347,3275,3
18826,2347,3
21523,21524,3
21550,21539,3
21535,16679,3
16677,21535,3
21526,16677,3
21387,153,3
21525,21526,3
21524,21525,3
21522,21523,3
18103,18825,3
21716,16675,3
8489,7636,3
41445,7512,3
1030,21716,3
7570,37713,3
36925,8488,3
41443,41444,3
21601,21387,3
21539,21541,3
21541,21545,3
15897,22256,3
20648,17907,3
19833,21282,3
21618,21619,3
21601,21390,3
21605,21405,3
21406,21735,3
16675,21530,3
1031,1030,3
35237,21715,3
24706,35235,3
632,24706,3
49344,21514,3
48247,49344,3
21545,48247,3
16680,21545,3
29350,21799,3
13044,29350,3
4414,7166,3
29200,29184,3
2776,17023,3
49724,42731,3
35969,23048,3
22255,38899,3
22203,23183,3
40789,38390,3
28867,29276,3
28818,29200,3
38550,38549,3
38390,22127,3
23049,22147,3
8745,8638,3
12245,12756,3
28292,12081,3
12299,12413,3
29058,29245,3
1799,38550,3
22258,49229,3
13629,12912,3
2573,3939,3
7166,4426,3
4435,19449,3
19449,20069,3
38253,20256,3
42445,42520,3
41651,27389,3
29153,29156,3
2091,1296,3
49229,49207,3
1296,23129,3
29159,29153,3
48574,29159,3
9498,10678,3
8645,9697,3
9046,10757,3
49207,23672,3
10119,8645,3
10742,9619,3
50696,37782,3
42728,28114,3
19374,41673,3
21632,21672,3
27803,27002,3
27002,27004,3
27004,27206,3
27206,27204,3
27204,42728,3
42468,22858,3
42576,49427,3
29679,29415,3
37279,13612,3
24918,14683,3
23400,15897,3
16032,23418,3
13079,29516,3
29516,13629,3
24510,24530,3
23351,15565,3
5301,42027,3
42027,42026,3
49026,42576,3
49061,49026,3
41868,49061,3
23177,23031,3
22219,22243,3
19951,19953,3
20079,19952,3
20417,4370,3
19954,20410,3
5693,6385,3
5302,19606,3
42025,5302,3
42026,42025,3
8464,24711,3
24711,41779,3
47768,5017,3
27646,27918,3
6462,17747,3
5815,5292,3
452,413,3
412,14757,3
14757,421,3
569,492,3
18890,5294,3
472,467,3
34875,42662,3
454,37115,3
37115,24937,3
8025,41502,3
23055,23057,3
8013,8026,3
15879,41226,3
5024,4983,3
5050,4884,3
48232,359,3
522,523,3
24937,410,3
4506,4265,3
38215,51573,3
37149,15921,3
792,37149,3
34260,4319,3
14209,743,3
51529,13179,3
5293,18890,3
5592,35504,3
10791,8682,3
27789,49607,3
9826,10716,3
10716,10073,3
41785,18177,3
37195,17761,3
24850,47831,3
19546,5565,3
36888,13246,3
591,268,3
20712,19997,3
37806,28247,3
18861,18876,3
42119,42115,3
5817,5815,3
17735,17756,3
35504,35474,3
42117,29246,3
29246,28961,3
28961,12667,3
12671,29067,3
29067,12148,3
12167,12496,3
22142,22145,3
22146,22246,3
23158,38162,3
23047,23039,3
22065,13320,3
8217,8467,3
7772,7775,3
1252,1154,3
23305,23306,3
5560,4712,3
12092,37782,3
37310,37314,3
15833,42644,3
29057,29038,3
23306,15889,3
27353,28614,3
27467,27353,3
27458,27467,3
27475,27458,3
21778,27901,3
28068,27475,3
9914,9503,3
10113,9914,3
49607,28068,3
25124,15876,3
15621,25109,3
23264,23239,3
23368,23264,3
49972,14060,3
14346,14068,3
27736,37832,3
27859,27869,3
27869,27871,3
28614,25968,3
821,23305,3
35367,35362,3
34860,7773,3
26737,27809,3
3371,1252,3
3137,1328,3
3399,1392,3
1326,1307,3
14052,29432,3
13973,13971,3
14361,13151,3
18520,21151,3
7773,34881,3
13151,14040,3
19264,4588,3
3441,17414,3
24540,24543,3
2663,1456,3
7894,34879,3
24546,24548,3
38623,16933,3
9826,10792,3
8824,10027,3
28745,28213,3
2843,17418,3
17418,17441,3
17441,3441,3
5568,35246,3
23147,23158,3
17805,17832,3
40207,40208,3
49665,14750,3
9873,9796,3
9422,9605,3
28114,27011,3
27011,26405,3
17753,37630,3
17801,41619,3
6391,17801,3
6463,6392,3
17790,6463,3
6589,17790,3
14750,14736,3
7254,17811,3
17756,7254,3
48143,17623,3
17721,17629,3
7227,17747,3
6462,17769,3
14736,14720,3
20893,21304,3
20224,20893,3
21672,35710,3
50032,23880,3
14698,49665,3
9964,10068,3
9802,9875,3
35095,35094,3
49958,35510,3
17796,6462,3
35365,5926,3
5926,40858,3
6589,17796,3
12493,12575,3
29298,12589,3
35090,4191,3
35092,35090,3
35094,35092,3
4286,35095,3
8731,9802,3
4327,4284,3
12589,38960,3
14683,14689,3
14689,14698,3
49065,23099,3
23099,7562,3
10414,9445,3
44960,8667,3
11878,8644,3
8644,34170,3
40204,40207,3
27876,27789,3
40208,11208,3
9696,11698,3
38919,17794,3
11624,9419,3
9419,9696,3
5933,18189,3
34520,34799,3
34515,34520,3
51149,8281,3
51093,34541,3
34568,51093,3
5545,35247,3
34581,34567,3
18189,6598,3
17794,6459,3
18218,18241,3
18241,40587,3
1024,1021,3
1021,24505,3
7572,7555,3
9048,10163,3
20893,43054,3
20917,20893,3
6461,38918,3
5560,43934,3
17832,17851,3
35247,35243,3
34590,34585,3
5348,5349,3
5349,5350,3
37115,410,3
6460,6462,3
7028,7030,3
24417,844,2
16824,25333,2
24748,874,2
43769,23125,2
48914,27399,2
4132,15176,2
43905,9118,2
4369,20018,2
37237,38508,2
4109,4111,2
34029,24767,2
35701,26787,2
18595,7211,2
34123,34029,2
34119,25059,2
15578,34119,2
15577,15578,2
5946,17981,2
47894,15582,2
20872,20832,2
18522,18534,2
5313,5398,2
780,768,2
21040,21039,2
18582,18581,2
768,15150,2
39003,5549,2
15247,42833,2
20550,20552,2
12050,26736,2
26736,26732,2
26732,26731,2
6042,4150,2
51085,40621,2
19065,51085,2
26731,40262,2
40617,19065,2
25097,23136,2
23136,24720,2
40262,40261,2
40261,26730,2
20553,6067,2
48288,48286,2
28029,25971,2
25858,27358,2
40975,35594,2
23113,43771,2
13274,35701,2
21634,50263,2
21022,18303,2
4101,35871,2
37316,37314,2
42816,22576,2
17976,6489,2
35871,4103,2
7034,7035,2
14890,14945,2
50068,6686,2
6487,6691,2
15000,14990,2
19831,4168,2
6692,37172,2
19894,20871,2
36895,13354,2
42833,48288,2
22235,14710,2
48183,19494,2
3548,2803,2
1860,1868,2
42040,873,2
2080,2085,2
2085,2083,2
1285,3884,2
26924,28520,2
4103,4116,2
4116,4105,2
37465,5318,2
24674,21634,2
51498,24674,2
15828,51498,2
21998,22094,2
23408,21998,2
15039,48284,2
19497,19798,2
5398,5402,2
845,42040,2
7028,49601,2
20372,5558,2
18804,19879,2
37221,26769,2
5490,5497,2
28540,28520,2
28540,26924,2
40192,40190,2
4105,38276,2
19707,17457,2
5402,37465,2
19842,19710,2
2563,3021,2
28040,28053,2
26735,12050,2
3956,2765,2
19584,17799,2
37027,17770,2
2071,3512,2
2069,2071,2
2765,17352,2
4387,20324,2
51704,20000,2
50588,4317,2
707,26654,2
28279,28317,2
20917,707,2
4224,20917,2
9831,44799,2
10028,43395,2
48462,11291,2
11880,48462,2
49790,21304,2
37779,28217,2
50103,37779,2
37777,50103,2
12549,37777,2
34827,12549,2
29196,12289,2
4327,4422,2
2528,1914,2
4286,4426,2
4435,4432,2
4387,4388,2
3862,1946,2
19785,34246,2
4671,6043,2
20137,19785,2
22437,24112,2
23630,781,2
18810,38921,2
24526,24528,2
13221,13700,2
16289,35694,2
34828,34827,2
7721,23784,2
20524,2813,2
4150,21135,2
27654,27699,2
27578,27865,2
51764,51763,2
51763,44324,2
28295,37776,2
37776,28296,2
27792,27870,2
37314,37310,2
27864,27654,2
27699,27591,2
6951,20675,2
39107,407,2
1298,17233,2
17233,1380,2
12800,12797,2
28375,28392,2
406,33929,2
39101,39093,2
39119,39124,2
7747,34494,2
26705,51764,2
28598,27578,2
8039,7747,2
6947,6949,2
24181,23551,2
33996,22282,2
12718,12183,2
12184,28805,2
12356,49835,2
29180,29283,2
29284,34225,2
34225,12189,2
12189,12166,2
12166,12401,2
12403,12364,2
8125,10116,2
26638,39804,2
49414,25864,2
44333,28651,2
8399,8039,2
12289,12519,2
20117,5555,2
4286,7167,2
21069,21074,2
44995,23671,2
22,16850,2
22085,49248,2
51580,16088,2
16645,25174,2
25174,25176,2
25176,25178,2
6226,20997,2
6205,4258,2
20868,20138,2
19306,6205,2
25178,25180,2
15993,25201,2
23193,16064,2
20635,44955,2
51687,4290,2
20255,51687,2
44967,19932,2
39804,41030,2
38371,39805,2
38372,38371,2
16163,16249,2
21135,4963,2
4963,18429,2
12049,26735,2
12048,12049,2
21195,43143,2
12047,12048,2
15787,15618,2
12046,12047,2
26728,12046,2
15473,49377,2
25084,15473,2
15684,25084,2
644,24284,2
43689,644,2
43304,43689,2
48100,23193,2
16089,16091,2
16455,39160,2
41063,39194,2
7226,43602,2
37203,19315,2
14186,51271,2
14139,14149,2
4250,4251,2
7268,39085,2
4581,5022,2
24931,592,2
728,35493,2
4551,41943,2
11160,751,2
41943,4974,2
48418,24467,2
7230,7270,2
6736,6689,2
35554,6735,2
6747,18233,2
4319,4316,2
6843,5828,2
14577,40450,2
19315,5571,2
7225,7226,2
5498,18691,2
7208,7225,2
50716,5803,2
39085,50717,2
4706,4930,2
4927,4906,2
4904,4577,2
21117,19391,2
21150,21148,2
35531,39967,2
35561,35529,2
21127,19631,2
19337,21116,2
51157,4244,2
35545,35561,2
4246,51157,2
35528,35545,2
35542,35528,2
794,33996,2
15976,15975,2
25313,25314,2
7482,7484,2
19195,4184,2
19187,19195,2
19868,19187,2
21265,19868,2
19202,19023,2
19022,19202,2
27669,50847,2
18690,18357,2
19249,19022,2
19202,21265,2
19229,19202,2
7374,7377,2
7484,7486,2
18458,47944,2
21265,19205,2
47944,18489,2
5883,18804,2
18548,18523,2
3847,2378,2
3061,2066,2
2701,3050,2
3050,1296,2
18386,48225,2
1296,15176,2
50583,10775,2
20121,5551,2
41133,17303,2
17303,20408,2
19028,21265,2
19205,21268,2
20320,18958,2
41571,19834,2
7138,7032,2
20604,17829,2
42017,5233,2
5234,20695,2
47994,47975,2
47975,47963,2
47963,29243,2
27926,26990,2
41108,27926,2
41107,41108,2
27034,41107,2
50848,27034,2
18309,40925,2
18905,41572,2
6273,6278,2
41579,18905,2
18881,43093,2
21286,41593,2
5752,41585,2
41590,6285,2
41556,41589,2
19886,41556,2
21286,41592,2
10236,8415,2
8794,10236,2
19265,6282,2
48289,24383,2
6278,19248,2
39003,19549,2
36937,26528,2
38879,34843,2
50370,41069,2
23320,24201,2
26707,35694,2
38372,55,2
23809,15661,2
38374,23723,2
23724,25024,2
39155,42177,2
42183,23401,2
23401,23351,2
16032,820,2
15891,25141,2
15892,15829,2
15829,16031,2
51235,50370,2
15659,25012,2
21198,51235,2
21214,21208,2
21194,21201,2
21175,19411,2
21172,21175,2
51234,21172,2
12757,41859,2
5626,20696,2
42437,5626,2
18953,5232,2
18955,18704,2
815,24439,2
18040,18078,2
37243,1028,2
15418,15657,2
26530,26316,2
19239,19240,2
26316,26309,2
35118,19929,2
19931,35118,2
4431,4432,2
28938,26540,2
40152,25767,2
25767,28929,2
25748,28926,2
28926,28919,2
40085,41846,2
41846,43378,2
43378,28889,2
19015,6283,2
6382,19023,2
50510,27670,2
48275,15831,2
15851,40814,2
24856,23098,2
13358,44660,2
15417,15418,2
27927,27064,2
27762,27927,2
27761,27762,2
27756,27761,2
27065,27756,2
27757,27935,2
27936,27757,2
27760,27936,2
42011,42017,2
42437,42011,2
42016,5231,2
20872,20283,2
42049,42048,2
42048,42047,2
42047,42046,2
42046,42054,2
42054,18691,2
49557,49512,2
5709,5711,2
5377,44949,2
50586,10775,2
39254,27901,2
5497,5759,2
21306,19072,2
50584,9048,2
44013,20872,2
18656,18655,2
17600,7094,2
19964,18970,2
19965,19964,2
5982,19965,2
7122,21279,2
50541,7122,2
20180,18969,2
7121,50538,2
7123,7121,2
7120,7123,2
19635,20177,2
27669,50850,2
35621,28998,2
18655,42049,2
42051,18656,2
42009,42016,2
20180,19635,2
19580,4171,2
17961,6573,2
6553,20215,2
7131,7133,2
7130,7131,2
19889,7290,2
7127,7129,2
18103,42151,2
18192,18103,2
19762,7234,2
7125,7126,2
35461,7125,2
5982,20177,2
19849,20373,2
42058,42051,2
4171,19849,2
18816,19293,2
20759,20219,2
20757,20758,2
20756,20757,2
20175,20756,2
34159,34161,2
6741,34159,2
6762,6760,2
5498,42057,2
42057,42053,2
42053,42052,2
42052,42058,2
25363,22637,2
21918,41111,2
41111,22548,2
23534,41819,2
41817,41824,2
41818,41817,2
41821,41818,2
41823,41821,2
41813,41823,2
42021,42022,2
42022,20408,2
20408,42008,2
42008,42006,2
42006,42007,2
42007,20303,2
41804,41813,2
41819,41804,2
47890,41828,2
20014,5587,2
23534,14600,2
15414,41828,2
936,15414,2
41813,936,2
41983,41813,2
41821,41983,2
41819,41821,2
41816,41819,2
41824,41816,2
41814,41824,2
41825,41814,2
15355,41825,2
19911,42009,2
18005,18033,2
26911,44121,2
44116,44197,2
44197,41959,2
19328,20014,2
7112,19328,2
15951,39848,2
7094,7111,2
7114,7094,2
17600,7114,2
7096,18926,2
22527,24932,2
7047,7044,2
24932,24467,2
7049,50006,2
7048,7049,2
792,16663,2
16663,37149,2
37149,24370,2
3956,3045,2
2067,2071,2
7074,37188,2
7072,7074,2
39974,7072,2
7070,39974,2
41826,15989,2
41815,41826,2
41824,41815,2
18063,6748,2
7062,7063,2
41959,26518,2
7822,7665,2
8177,8332,2
25316,25317,2
27901,28473,2
16097,23532,2
22264,16092,2
43832,22101,2
43772,43832,2
25409,43768,2
24856,25409,2
15981,15976,2
19191,19188,2
15975,15911,2
19201,17962,2
17962,5756,2
15911,15982,2
15982,24629,2
27068,27901,2
23532,16103,2
27937,27068,2
27925,27937,2
44890,27925,2
40446,44890,2
40443,40446,2
35297,40443,2
19831,20380,2
6721,18821,2
4162,18368,2
17799,42142,2
15228,540,2
540,15233,2
15233,14355,2
15979,15981,2
43053,25404,2
50115,26977,2
19332,6151,2
26012,26150,2
15877,15354,2
15354,39311,2
34287,27692,2
41408,28764,2
38395,50290,2
50290,50330,2
50330,50302,2
50302,50313,2
26174,27415,2
26203,26226,2
26226,26213,2
26213,26224,2
38965,21152,2
23534,25975,2
49621,38965,2
40296,40301,2
40292,40289,2
18639,40292,2
21229,21237,2
15621,48813,2
9845,9848,2
38808,38814,2
994,24390,2
14665,933,2
22527,15978,2
15978,15979,2
23408,23351,2
26977,26982,2
27314,50115,2
18099,19374,2
43819,27022,2
41987,41988,2
41984,41987,2
41986,41984,2
41985,41986,2
50777,656,2
16289,26787,2
24169,44686,2
16847,22712,2
22712,16062,2
5370,5376,2
4948,4949,2
27799,39936,2
39934,43819,2
27022,27020,2
19478,18649,2
28890,41199,2
28582,40072,2
37760,29322,2
48065,28638,2
43374,41954,2
41954,41952,2
41952,26098,2
28673,39620,2
2117,2159,2
37716,44016,2
2149,2116,2
24776,37002,2
25317,25318,2
18649,7197,2
18700,19478,2
42404,50099,2
7044,7045,2
27317,42404,2
11951,27317,2
26978,11951,2
11952,26978,2
27756,11952,2
27757,27756,2
27760,27757,2
50507,27670,2
42301,35065,2
27930,27016,2
27922,27930,2
39214,11961,2
50940,39214,2
7045,50006,2
18703,18700,2
27702,39215,2
39377,27702,2
39378,39377,2
39380,39378,2
39371,28611,2
39370,39371,2
27706,39370,2
39770,27706,2
39525,39770,2
7047,17966,2
25900,25901,2
25901,25562,2
25572,25902,2
25564,28845,2
19792,19497,2
19493,19792,2
16205,24336,2
26109,25910,2
25911,25913,2
25914,25916,2
26184,25590,2
25590,26287,2
28073,25889,2
25593,26328,2
25597,48396,2
28750,25923,2
25924,26232,2
26232,26224,2
36225,51208,2
24229,24228,2
16491,49677,2
39620,40984,2
19484,20858,2
24637,15977,2
27945,27220,2
15977,935,2
12406,11958,2
27298,28600,2
27700,27278,2
27654,27700,2
26419,27654,2
26557,26419,2
44199,26557,2
27822,27825,2
9056,27822,2
39621,26109,2
26059,28670,2
27591,27703,2
19943,20052,2
19374,18103,2
17935,5945,2
5946,50008,2
50008,18028,2
379,372,2
307,291,2
15183,769,2
769,36041,2
20004,4432,2
4370,4373,2
20049,19943,2
4364,20049,2
18999,4364,2
38283,1589,2
26084,26080,2
36040,768,2
768,698,2
24629,15983,2
15983,24631,2
24631,24632,2
24632,24633,2
24633,24635,2
24635,24634,2
24634,24637,2
44013,20871,2
20872,19679,2
19679,34253,2
19792,19752,2
26900,28865,2
26707,26900,2
26740,26729,2
8132,8420,2
28627,27723,2
27678,28627,2
37039,27678,2
39563,37039,2
42661,27663,2
37368,37362,2
8646,10750,2
10750,10742,2
10748,8619,2
35500,23973,2
23973,23664,2
5930,20839,2
19753,5603,2
22183,22140,2
28295,43571,2
26177,26155,2
23146,23055,2
26155,25905,2
25906,27424,2
19782,19809,2
42732,22216,2
22216,22212,2
27424,25573,2
25577,25578,2
25578,28842,2
28842,28612,2
26010,25564,2
27769,27774,2
27746,27907,2
27907,50216,2
50216,27940,2
15891,25121,2
932,934,2
24428,49803,2
42312,23474,2
23474,51778,2
48002,830,2
879,874,2
874,886,2
49655,24390,2
44659,13740,2
13049,14349,2
14351,14353,2
26711,26871,2
28583,26711,2
51786,4261,2
14141,29460,2
13252,24202,2
24202,24462,2
24462,35701,2
14354,742,2
14273,14270,2
35701,26710,2
26648,25826,2
11969,26648,2
27814,11966,2
50185,44197,2
50458,27817,2
37362,37368,2
48284,48289,2
28608,27336,2
24383,36988,2
38750,23897,2
34372,34369,2
35492,34353,2
34353,44934,2
34539,34445,2
34426,34421,2
16195,14347,2
41674,22131,2
21798,23478,2
16494,751,2
21430,9046,2
21382,21430,2
21381,21382,2
21349,44792,2
21320,21646,2
7749,8731,2
9498,9488,2
17930,6612,2
34365,35495,2
34370,34404,2
34339,34368,2
5541,5542,2
17521,17522,2
17522,7728,2
49325,1109,2
1109,14837,2
14837,14875,2
24928,751,2
5544,35250,2
35256,19545,2
34340,34339,2
19584,6506,2
40495,6728,2
6723,6724,2
18822,6723,2
24932,24392,2
24392,24535,2
742,50681,2
6612,17916,2
17916,6602,2
35490,24411,2
15150,15171,2
24967,24968,2
14751,49199,2
49199,14966,2
15037,15151,2
15177,751,2
751,34650,2
15171,24967,2
43126,262,2
29435,14209,2
17918,17902,2
7245,18189,2
18077,43679,2
40976,35594,2
26421,27854,2
6604,39677,2
727,42301,2
24968,24969,2
29466,29439,2
17875,6643,2
6643,17852,2
830,24406,2
15997,23316,2
23320,16817,2
47862,25553,2
25551,15413,2
38111,21778,2
21778,751,2
17852,17851,2
14291,14280,2
17866,17850,2
24969,15172,2
29416,14416,2
12933,35737,2
35737,35740,2
14418,14488,2
14426,14291,2
24182,50266,2
35288,23225,2
39677,39679,2
21506,22934,2
27794,26567,2
21960,26404,2
23222,21960,2
15416,23222,2
48556,48672,2
28271,37076,2
27782,28271,2
19992,4348,2
19980,4425,2
40924,40923,2
18308,18307,2
18918,41572,2
41571,18907,2
18907,43093,2
41579,18917,2
18857,41592,2
19278,19284,2
27499,26604,2
26604,26787,2
35005,8216,2
7677,7680,2
7683,7881,2
25369,43829,2
43829,25274,2
7686,7683,2
7679,7686,2
7678,7679,2
7680,7678,2
7687,7677,2
8216,8213,2
44261,49625,2
49625,49460,2
27804,10794,2
10816,44260,2
7613,7333,2
35004,8052,2
8213,35004,2
19331,19278,2
34564,49395,2
34580,34564,2
21690,24321,2
26781,37781,2
37781,37780,2
37780,50106,2
50106,37778,2
37778,12549,2
12549,34828,2
41175,7827,2
42314,44099,2
9728,9584,2
1195,1207,2
1231,1257,2
1745,2953,2
2953,17406,2
24321,33890,2
24810,21675,2
40178,17517,2
9597,9368,2
9317,9822,2
34582,34584,2
20874,35343,2
17634,17724,2
34578,37812,2
39165,34578,2
51094,39165,2
26687,26709,2
34539,51094,2
17764,42903,2
20873,20874,2
9362,8667,2
42903,37026,2
37027,50871,2
20872,19792,2
34281,20872,2
4230,19489,2
6734,35554,2
37027,17771,2
35320,727,2
39679,39670,2
2066,1271,2
41557,6273,2
14365,14167,2
13356,15719,2
9553,8728,2
8851,9553,2
8642,8649,2
11610,8642,2
9499,9484,2
9498,9499,2
10686,10049,2
11477,9832,2
11752,10529,2
11839,11908,2
10075,10790,2
9532,9359,2
9445,8703,2
27747,41644,2
27891,27747,2
14325,13074,2
13074,22742,2
22742,16642,2
48598,774,2
42143,19582,2
37091,37087,2
48061,17595,2
19713,17570,2
48086,47930,2
17711,6390,2
2898,1617,2
778,48598,2
41811,41751,2
1608,1584,2
2898,1608,2
36841,21037,2
36035,1740,2
16508,16613,2
16515,16504,2
16603,40650,2
39447,27891,2
39445,39447,2
39435,39445,2
27324,27311,2
39607,39605,2
9006,9008,2
10996,8986,2
8987,10988,2
10988,9031,2
27904,39607,2
27312,28682,2
27323,27324,2
39468,39389,2
27752,39941,2
25847,28202,2
26834,26832,2
26939,26927,2
51205,20953,2
6208,51205,2
37731,11837,2
26433,39469,2
39389,39388,2
39436,39435,2
39504,27725,2
39438,39436,2
49376,39438,2
41645,27840,2
27862,41645,2
38674,43522,2
39390,27690,2
27728,39391,2
39505,39504,2
39388,41102,2
49255,39505,2
27050,49255,2
27054,41101,2
27732,27054,2
39434,39432,2
27049,39434,2
41102,27049,2
6273,42093,2
41562,41559,2
39670,7244,2
5757,41562,2
47203,24410,2
23582,46285,2
23583,22887,2
34411,22889,2
34412,34411,2
40267,39879,2
6799,18128,2
18128,18022,2
17975,17939,2
17939,17930,2
17930,17897,2
42884,13154,2
6667,49349,2
49349,6755,2
15153,15146,2
15146,24881,2
15079,777,2
24417,24353,2
24353,843,2
843,24456,2
8013,34853,2
23400,23129,2
23445,23408,2
23418,25421,2
33893,23418,2
34509,42301,2
34533,34510,2
34855,7721,2
8025,34856,2
43783,25366,2
23783,8026,2
39281,23783,2
41464,39281,2
22002,41464,2
23408,22002,2
40432,23438,2
25366,25367,2
777,15109,2
34374,24434,2
3611,3896,2
28403,28421,2
47827,17613,2
8074,8750,2
10319,9595,2
20943,20940,2
4701,18366,2
18203,21047,2
21047,21039,2
28429,28403,2
19746,17629,2
28439,28429,2
35197,28360,2
28291,28306,2
12780,28291,2
37083,37079,2
19225,19036,2
37087,37083,2
5575,47827,2
18015,17986,2
3105,2695,2
18454,20776,2
2027,2443,2
3896,2039,2
2039,2031,2
3955,3954,2
2619,3897,2
3897,2040,2
23534,28638,2
20776,18397,2
20479,18057,2
39043,42817,2
7058,20102,2
20100,20441,2
7969,49183,2
49183,34859,2
20441,7054,2
49189,20648,2
7881,8030,2
44933,34801,2
35493,48671,2
27316,28687,2
26321,40152,2
5620,18386,2
29166,29167,2
50629,29166,2
43602,41062,2
41062,41061,2
41061,41057,2
41057,41054,2
41054,41060,2
41060,41059,2
41059,5805,2
18092,6467,2
6471,18140,2
18227,38169,2
38169,18210,2
38168,18883,2
6583,18223,2
40152,28926,2
28926,42164,2
42164,26911,2
39427,27000,2
28572,28239,2
28226,28234,2
50472,28780,2
27792,26996,2
26996,26999,2
26999,29236,2
29236,39474,2
27000,27116,2
41555,7107,2
27116,39460,2
39460,39474,2
39427,29235,2
29235,26998,2
26998,26997,2
26997,27793,2
14947,481,2
50996,41068,2
41068,41067,2
41067,41055,2
42876,13320,2
18938,6341,2
4363,18999,2
15192,15194,2
15035,15045,2
49200,14961,2
15224,14751,2
13181,29339,2
18546,18556,2
19961,20309,2
5241,5617,2
18500,18531,2
37163,7223,2
18538,37163,2
18500,18538,2
18538,7223,2
48225,18538,2
5666,6353,2
20309,19941,2
41055,41056,2
41852,27550,2
41056,41066,2
41066,41065,2
41065,41064,2
6478,17804,2
4393,20205,2
22163,23084,2
25502,25503,2
25472,41958,2
41839,28941,2
27814,25472,2
42164,35277,2
40132,40133,2
43176,44107,2
25748,44526,2
28954,28952,2
28941,28954,2
28687,27946,2
27057,27316,2
34366,35507,2
27791,27057,2
48824,42641,2
42647,48824,2
43759,42647,2
42644,43759,2
23333,15680,2
23332,23333,2
49445,23332,2
23336,49445,2
23335,23336,2
23330,23335,2
7175,43385,2
7156,7175,2
4380,4388,2
21299,18938,2
47944,44025,2
4893,40887,2
4895,4918,2
42641,42639,2
42639,42624,2
42624,42637,2
42035,38706,2
27896,28685,2
28115,27896,2
27791,28115,2
7157,4387,2
37804,15995,2
827,37804,2
38706,873,2
16289,28800,2
42637,15632,2
15504,15843,2
42631,15698,2
42628,42631,2
42627,42628,2
15411,42627,2
42625,15409,2
15524,42625,2
4875,4895,2
5198,5199,2
41133,40543,2
28727,28723,2
4894,21302,2
4127,1758,2
4124,4127,2
4122,4124,2
28740,28734,2
27899,28206,2
28710,26706,2
26711,28727,2
5167,4479,2
50472,28794,2
28401,12803,2
27795,39471,2
51390,28780,2
27071,42495,2
42495,28028,2
28028,27791,2
21302,4677,2
4815,21145,2
40543,4133,2
793,23582,2
1365,1228,2
50101,7892,2
7892,8453,2
8453,50113,2
50113,48937,2
48936,24862,2
24862,24864,2
24794,42110,2
21145,18428,2
42110,16649,2
51499,21861,2
21861,21862,2
21862,24434,2
48423,24982,2
18437,20819,2
18429,21210,2
50604,10775,2
9048,42845,2
16289,27778,2
27778,26557,2
12537,12465,2
12465,12530,2
12530,12528,2
12528,12699,2
12699,12534,2
12534,12476,2
12476,12468,2
12468,12469,2
12469,42211,2
42211,12502,2
12502,12475,2
25549,15416,2
15421,15427,2
50802,24823,2
24823,43771,2
44926,22069,2
22069,16031,2
12490,12537,2
12686,12490,2
12548,12686,2
26693,26695,2
23129,39128,2
410,14757,2
16289,27899,2
50478,10775,2
2066,2083,2
3940,1283,2
3938,3877,2
26695,28529,2
25834,12548,2
38588,12205,2
12205,29191,2
29191,28530,2
26661,12424,2
12424,50613,2
50613,12688,2
12688,25834,2
21513,23401,2
42301,35493,2
41463,742,2
27487,27486,2
27860,26434,2
34507,34653,2
34592,34595,2
34653,34580,2
43048,43051,2
44938,43048,2
27486,44938,2
43038,27487,2
28865,26846,2
27489,43038,2
27492,27489,2
27495,27492,2
27485,27495,2
26730,28801,2
24995,22494,2
35507,34339,2
34653,34579,2
40444,7600,2
27667,27685,2
26520,27858,2
28212,44596,2
26403,49421,2
26591,26573,2
26573,27792,2
27875,28598,2
5561,50037,2
26536,48300,2
26552,27911,2
43339,40444,2
26559,26552,2
26923,26403,2
38658,47973,2
42301,34367,2
26745,12457,2
12457,26748,2
26748,43223,2
35117,5880,2
5861,35097,2
35097,5851,2
18715,41741,2
35177,16149,2
21921,23713,2
23713,14600,2
11234,11289,2
11452,10548,2
50940,48642,2
27885,27894,2
19392,21074,2
41831,16073,2
21100,19392,2
27912,26555,2
26555,26554,2
34431,50681,2
14867,14747,2
24954,14728,2
2093,2444,2
16455,35177,2
16071,41830,2
47810,18687,2
38254,38263,2
39167,38264,2
38264,38262,2
38262,38261,2
38261,38259,2
38259,38257,2
38257,38255,2
38255,38254,2
38263,40692,2
38934,16070,2
40692,38265,2
38265,40691,2
35,43296,2
16098,38930,2
38930,38928,2
38928,38932,2
38932,38934,2
17200,2090,2
4403,19828,2
20159,17572,2
29367,14052,2
34741,7692,2
8059,51092,2
8060,44073,2
8059,34739,2
7692,43577,2
43577,8437,2
43027,34869,2
24938,14921,2
34729,43577,2
3077,1878,2
3334,2058,2
2847,3636,2
19178,21309,2
39696,17828,2
39696,17829,2
17572,46377,2
43577,34735,2
14921,14928,2
40691,20062,2
11431,7662,2
34405,34407,2
34800,44934,2
34353,34800,2
34810,34353,2
42301,34652,2
23481,23686,2
34800,34352,2
9820,8947,2
24980,974,2
10786,8960,2
43905,35605,2
40662,37108,2
37111,40662,2
8871,35605,2
35009,7338,2
15233,264,2
39150,4210,2
20224,4226,2
43473,3371,2
19958,50955,2
4446,4349,2
4458,4462,2
4439,4453,2
7173,4439,2
19450,4438,2
29075,12202,2
29248,29075,2
35511,29248,2
12271,35511,2
16803,15869,2
22987,16803,2
34029,22987,2
15577,34029,2
22553,15577,2
22353,22553,2
4349,20251,2
19773,4348,2
22293,22352,2
43462,43458,2
27050,27733,2
7259,51049,2
51049,20812,2
20350,35189,2
35189,20092,2
20092,20055,2
20055,20813,2
17225,37208,2
26646,26668,2
27870,27660,2
51570,26538,2
27577,27576,2
22189,23185,2
51918,43473,2
43454,1165,2
22352,22353,2
38586,22293,2
17975,17897,2
26486,26490,2
51208,12538,2
27623,17303,2
19992,19931,2
7747,49386,2
21276,20946,2
4894,4746,2
22255,35984,2
23162,23164,2
23166,23162,2
20409,42430,2
22872,46285,2
24458,14228,2
51148,34540,2
34538,51149,2
34431,34538,2
12693,51208,2
26490,28324,2
33998,38586,2
26493,26494,2
44311,12118,2
12117,44312,2
39402,12117,2
39510,39402,2
39330,39510,2
39403,39330,2
39511,39403,2
39512,39511,2
39513,39512,2
39356,39513,2
47834,39404,2
27905,47834,2
44316,26851,2
26587,44316,2
36134,42736,2
303,327,2
5592,35474,2
41636,17836,2
10264,11742,2
26600,26693,2
8600,8598,2
26639,28528,2
8598,8597,2
8597,8596,2
8596,8595,2
8595,8594,2
8594,11314,2
11314,8588,2
19831,17610,2
42282,26633,2
26620,42282,2
27633,28832,2
39411,27633,2
27786,44551,2
10123,8782,2
22047,44232,2
27794,39409,2
23098,22046,2
20874,17675,2
38799,18397,2
47851,47912,2
18420,5241,2
37179,38800,2
5618,5620,2
18357,18362,2
6059,5373,2
21271,19672,2
25092,16542,2
8599,8601,2
8601,8615,2
8615,8616,2
8616,8610,2
8610,8600,2
39473,27788,2
39758,42510,2
40363,19290,2
25858,27941,2
50716,39085,2
7267,50717,2
5804,5951,2
5936,17925,2
5935,5936,2
43601,5935,2
17891,39194,2
24559,24535,2
14209,14355,2
44420,14209,2
14174,44420,2
29499,51436,2
1124,48351,2
1188,17271,2
50147,19550,2
27958,27350,2
11980,27093,2
16014,34016,2
27099,28011,2
13246,16011,2
8573,11318,2
11318,11319,2
11319,11320,2
11320,11322,2
11322,11323,2
11323,11464,2
11464,38816,2
38816,11463,2
11463,11321,2
11321,38820,2
38820,8574,2
23220,12975,2
4334,4348,2
19992,4334,2
23686,16491,2
42303,7673,2
36413,43905,2
5763,5376,2
6249,18510,2
6195,6196,2
6194,6195,2
18477,6194,2
18454,18426,2
6250,6195,2
51195,6250,2
18394,18426,2
18420,5620,2
7222,18510,2
5242,7222,2
18397,18426,2
18420,18397,2
6250,6194,2
6195,6250,2
5386,5398,2
43945,43949,2
5244,18510,2
5463,5329,2
49470,46984,2
35340,47145,2
17572,47163,2
44343,18960,2
48001,4957,2
47851,48001,2
39652,43715,2
39575,39652,2
39588,39575,2
28106,39577,2
49563,28106,2
41605,49563,2
601,358,2
5327,5729,2
5733,5463,2
18510,6195,2
5413,6387,2
51148,34541,2
34251,5992,2
5993,19479,2
19479,20276,2
20276,18717,2
18723,20137,2
19792,19791,2
19497,20833,2
13019,28800,2
43321,16290,2
16290,16295,2
16295,16487,2
16487,16296,2
16296,9736,2
9439,9737,2
21853,22336,2
42851,24379,2
5992,5993,2
19780,34251,2
5244,18489,2
20286,19780,2
5460,5732,2
18454,5241,2
5618,5621,2
18531,6195,2
18522,18527,2
5665,6353,2
19940,20048,2
19961,20310,2
19932,20078,2
20291,20202,2
4390,20205,2
5723,37465,2
5402,5723,2
5313,5402,2
6351,4360,2
46984,35384,2
35384,4218,2
4218,35382,2
48089,15412,2
4225,44353,2
38649,40531,2
38647,38649,2
43305,38647,2
39050,21269,2
4223,42724,2
42724,39084,2
24785,22092,2
22092,15828,2
15830,15788,2
25083,15405,2
15405,15407,2
16766,16775,2
16263,16268,2
16268,25258,2
20146,42567,2
15452,15650,2
20492,21296,2
15461,28977,2
8049,7873,2
8036,8434,2
48527,38353,2
48780,48527,2
38887,48780,2
34750,38887,2
7745,8434,2
7798,7747,2
5701,5702,2
5721,5708,2
5270,5272,2
5274,6353,2
6353,5275,2
19673,6341,2
28685,28608,2
25258,25256,2
16317,16315,2
16689,16387,2
16387,50229,2
21393,23114,2
23114,23115,2
23116,23119,2
23121,23104,2
15305,23123,2
23123,38393,2
38393,751,2
44758,25830,2
27899,44758,2
29178,28481,2
28795,28794,2
15753,15742,2
14600,15582,2
38936,14600,2
21296,20917,2
21369,23110,2
25832,26849,2
21695,39795,2
39325,41109,2
50229,44352,2
48210,27507,2
39980,43046,2
43046,43044,2
43044,43042,2
43042,41103,2
41109,49425,2
38371,38975,2
49471,49425,2
39326,41903,2
39516,26604,2
26604,39517,2
39517,41969,2
38373,38371,2
35343,20874,2
12067,12201,2
26685,38378,2
17950,17963,2
26590,39137,2
12035,26596,2
26640,12035,2
26709,26641,2
38122,26687,2
34345,750,2
51096,48355,2
34537,34232,2
51148,34537,2
41831,15599,2
15547,41830,2
40283,20521,2
3054,20522,2
39093,14771,2
39107,413,2
14757,39107,2
39104,417,2
39101,39104,2
39104,39106,2
39137,43674,2
43674,43672,2
43672,43670,2
5968,5969,2
5994,19494,2
26891,26892,2
24713,11177,2
41133,11159,2
7334,7328,2
39255,10909,2
5962,5967,2
5967,5968,2
721,43572,2
43670,43669,2
10909,10905,2
10905,10902,2
10902,10897,2
10897,10898,2
39119,451,2
10898,51096,2
26683,26680,2
5969,5970,2
7328,8056,2
39122,452,2
39094,39104,2
39099,421,2
27909,27915,2
27915,25698,2
25840,25859,2
51390,28329,2
4111,1495,2
28794,28782,2
39107,39102,2
40878,43935,2
421,39125,2
12509,37782,2
39107,417,2
39096,39094,2
4864,40878,2
47887,4773,2
4970,19821,2
4803,4750,2
5175,5191,2
19809,20138,2
27808,27909,2
18995,20711,2
452,14771,2
34871,12582,2
43935,5641,2
715,39095,2
39102,50124,2
50129,39096,2
18887,48444,2
48444,6034,2
5970,6483,2
12582,12549,2
7590,8035,2
42399,5641,2
47851,47914,2
41599,49800,2
4658,42399,2
26769,37221,2
27839,26434,2
29503,29521,2
27905,28106,2
27805,27809,2
26558,26585,2
19494,19809,2
17976,5951,2
42412,29243,2
9311,9316,2
22851,21920,2
16655,22851,2
9339,9310,2
9458,9399,2
10455,9782,2
41111,16655,2
15923,41111,2
10465,10455,2
28279,28280,2
7561,24713,2
28280,28282,2
8952,10465,2
10272,8952,2
9686,10272,2
10484,10727,2
43854,34792,2
34792,44073,2
8060,34960,2
10452,10089,2
11302,9983,2
10446,9782,2
42312,22286,2
8044,34772,2
20488,39024,2
41632,41636,2
41628,6392,2
7219,17727,2
38962,17705,2
26681,26662,2
17722,17730,2
41944,17719,2
17692,41945,2
39024,7030,2
39024,6064,2
26692,26626,2
6064,20841,2
38963,49307,2
18409,38799,2
35245,4177,2
20122,5555,2
18355,18371,2
34869,8146,2
9894,9782,2
51117,26692,2
10456,10458,2
42297,34735,2
51997,42412,2
5302,5303,2
6426,6427,2
17871,6423,2
6420,17846,2
17841,17845,2
27623,29243,2
27918,27623,2
17059,17078,2
2344,17059,2
6428,6591,2
28282,26895,2
26707,12975,2
10647,10328,2
48733,39590,2
43665,43678,2
43667,43665,2
43669,43667,2
6427,6428,2
35026,8325,2
6430,6431,2
3956,1314,2
42415,49812,2
29243,42415,2
8328,36858,2
8326,8328,2
41447,36943,2
43854,49565,2
43654,7718,2
18104,18153,2
6449,18048,2
5934,6592,2
6436,18043,2
18048,18104,2
28214,28215,1
12012,28222,1
47904,12404,1
28771,28767,1
28229,51390,1
29125,12167,1
28280,28281,1
28281,28282,1
29180,12495,1
51390,28795,1
12495,29087,1
28282,26890,1
29021,12596,1
28223,28234,1
26752,28192,1
12756,29021,1
26754,44630,1
28329,28475,1
14251,14240,1
28317,28280,1
39283,18962,1
17700,49036,1
25419,15883,1
27352,27466,1
27466,27459,1
27459,12005,1
48733,29160,1
28065,28067,1
28067,27476,1
27476,49637,1
49637,27791,1
27791,27875,1
27866,27842,1
27842,27652,1
22101,34181,1
25934,25996,1
15883,16217,1
47069,48086,1
16372,21921,1
5318,6387,1
39382,27732,1
14600,25975,1
36771,17303,1
11068,11073,1
10591,11286,1
8863,9023,1
25549,47907,1
47907,21921,1
23713,16377,1
16373,16371,1
16375,15884,1
47929,27352,1
25859,47929,1
39237,39236,1
12163,29127,1
49809,36803,1
36805,49809,1
6095,17684,1
17684,47947,1
27810,27808,1
12719,36803,1
12399,29102,1
29090,29107,1
12670,49847,1
49857,49811,1
49914,49865,1
49865,42118,1
42283,27810,1
47947,17636,1
48259,47947,1
17702,48260,1
17555,5575,1
17594,48062,1
48358,17594,1
17700,49047,1
12290,12288,1
34173,29196,1
12070,34173,1
28329,42283,1
51390,28784,1
18718,20480,1
39236,18737,1
12167,12162,1
44944,27671,1
29129,12226,1
18917,42430,1
28114,27325,1
27177,28114,1
27516,27186,1
28780,28329,1
830,24409,1
827,25155,1
16055,25162,1
5714,5371,1
5381,5714,1
5380,5381,1
26737,28794,1
28245,26737,1
5704,5727,1
5470,43948,1
21606,21383,1
49338,18130,1
34287,28475,1
28732,26728,1
6604,49338,1
21385,21380,1
6604,39672,1
5933,18170,1
6490,6491,1
21392,21382,1
22633,23220,1
24791,22633,1
23221,24791,1
37784,27011,1
27011,27904,1
27904,27903,1
29402,35170,1
50472,28328,1
50388,20105,1
15521,15703,1
15809,15521,1
49819,50345,1
39363,42693,1
42693,44563,1
13183,14117,1
18365,20637,1
18690,20409,1
44025,4791,1
44025,4754,1
47798,13322,1
7073,7067,1
22316,22299,1
24830,22316,1
80,24830,1
21851,80,1
21695,23221,1
12042,21695,1
27903,21696,1
18077,17988,1
17923,17914,1
17935,17923,1
41639,18103,1
41784,41639,1
21696,23221,1
28106,21696,1
27498,51569,1
3077,2819,1
5951,7266,1
7268,5951,1
50472,28795,1
28779,51391,1
28222,28224,1
38798,12226,1
29083,38798,1
38919,17838,1
6460,38918,1
17791,6459,1
37195,17791,1
1457,18803,1
1886,3077,1
7263,5961,1
1889,2570,1
29118,12680,1
49688,29116,1
29078,49688,1
47890,15989,1
29350,21921,1
29082,29077,1
49683,29246,1
42117,49683,1
748,14355,1
14355,38939,1
44025,18917,1
7267,7263,1
5952,17963,1
17932,17974,1
39779,27864,1
21366,21368,1
39285,39208,1
39209,39285,1
39287,39207,1
39205,39287,1
21368,22085,1
38736,28549,1
26642,38736,1
39567,27661,1
39554,39530,1
27584,39554,1
27864,27849,1
27630,27584,1
6437,18144,1
14468,29467,1
13006,14468,1
14423,13006,1
29415,29426,1
27676,27677,1
24856,25918,1
27669,44944,1
19954,6337,1
28438,28451,1
28270,12535,1
7231,17976,1
18144,18043,1
15884,23418,1
41375,107,1
25550,16031,1
34287,28727,1
28745,38983,1
38983,28744,1
25163,25155,1
28801,28734,1
24414,24435,1
24442,24440,1
28727,28710,1
26804,28199,1
28709,28707,1
28707,26706,1
51421,27810,1
16581,51423,1
51423,21861,1
21861,757,1
25155,25154,1
25154,38324,1
16039,15992,1
15992,24411,1
28468,12535,1
24414,16581,1
5690,6372,1
17524,6368,1
6366,6355,1
18036,18061,1
21270,4221,1
18052,18034,1
18034,6406,1
6408,5831,1
18032,18024,1
18024,39085,1
26835,26821,1
48007,42110,1
42110,22889,1
22886,23582,1
28328,26906,1
48936,7892,1
25739,27918,1
27835,44197,1
27814,28512,1
26900,25739,1
28512,27605,1
27605,26886,1
50652,44690,1
26618,50652,1
50652,44689,1
28527,50652,1
26886,26710,1
26727,26890,1
26752,28210,1
15957,48937,1
23582,22865,1
15956,15957,1
18913,20655,1
20656,6919,1
18252,7250,1
18227,18197,1
18197,17981,1
19092,21298,1
27579,26538,1
17988,5963,1
5963,5964,1
5964,5965,1
5965,5966,1
5966,7264,1
7264,5951,1
26821,37807,1
26686,26900,1
26419,27873,1
5858,20354,1
20721,18803,1
20114,50147,1
41726,20114,1
41733,47414,1
41731,41733,1
5517,35253,1
18826,1359,1
28199,26905,1
18041,18825,1
6739,39954,1
20193,18041,1
20237,20190,1
48000,18121,1
39954,6480,1
18803,20501,1
51998,12625,1
49685,12150,1
7053,7050,1
7061,7051,1
42847,7061,1
20319,7028,1
39970,42850,1
48504,12510,1
20100,39968,1
7055,20100,1
21280,39972,1
27692,27666,1
5774,7059,1
7058,5774,1
18961,42019,1
41988,18961,1
17963,6483,1
48206,26438,1
26438,26886,1
28519,26570,1
44025,42430,1
49977,5092,1
4524,4475,1
17932,17897,1
17975,17932,1
26630,26707,1
28541,26572,1
43570,28298,1
17950,5962,1
28298,28192,1
40675,28330,1
26494,40675,1
28521,28522,1
26570,28521,1
26892,28191,1
26886,26687,1
26740,28834,1
18097,17988,1
6471,18090,1
18185,6468,1
39661,18185,1
6609,39661,1
18062,18063,1
28834,28300,1
28300,28301,1
48117,27499,1
28301,28317,1
28317,28302,1
28302,26650,1
26709,26617,1
47810,4324,1
4324,19896,1
35332,18386,1
16032,15829,1
39962,29482,1
13246,41378,1
44016,15879,1
49366,44016,1
15505,15873,1
48615,48881,1
18962,41985,1
266,14997,1
107,21700,1
7372,7378,1
7378,7375,1
7375,7444,1
7444,17303,1
49229,34181,1
43409,24983,1
15132,43409,1
43408,15132,1
44273,43408,1
4322,4316,1
4315,4312,1
4312,20300,1
20019,19954,1
15118,44273,1
4310,20017,1
20306,20020,1
20020,4366,1
21273,4368,1
4368,37509,1
15070,15122,1
4370,20481,1
20481,4373,1
22101,49229,1
37086,37090,1
37082,37086,1
28268,28439,1
27690,27778,1
49736,12802,1
12742,12589,1
28407,28402,1
28402,28268,1
4029,3798,1
16940,1208,1
17268,16940,1
28651,49563,1
26638,26632,1
15420,15422,1
15431,15433,1
15434,37414,1
20159,35598,1
50567,10775,1
37078,37082,1
5857,5851,1
5860,5857,1
5861,5860,1
41133,23401,1
35198,35196,1
35400,12798,1
40305,5880,1
35117,40305,1
12798,28272,1
38076,37904,1
37904,38076,1
28325,26490,1
26490,26486,1
26486,26493,1
14997,15071,1
15017,695,1
19896,42019,1
37002,40803,1
16000,16049,1
16049,41766,1
22234,207,1
5798,5793,1
5795,7207,1
6620,6465,1
22865,15922,1
15014,15017,1
17963,5962,1
51670,42064,1
22886,51670,1
793,22886,1
22386,38303,1
15940,15183,1
15992,15995,1
16666,15992,1
827,16666,1
29402,253,1
37221,27918,1
20800,42430,1
19898,39283,1
41988,19897,1
18956,41985,1
42018,18956,1
51421,27809,1
27842,27591,1
39485,39412,1
27279,11961,1
11961,27849,1
27849,26419,1
42019,42018,1
15938,15940,1
37368,37376,1
18046,18064,1
48025,48055,1
14988,14994,1
14936,14988,1
15153,15151,1
459,24938,1
20854,3802,1
17613,20854,1
48068,17613,1
50080,24524,1
877,22548,1
866,872,1
14227,24467,1
12962,14227,1
478,24938,1
25340,486,1
48015,48047,1
20227,18442,1
27302,48015,1
27700,27591,1
50462,26557,1
27834,50462,1
20747,19749,1
12590,12742,1
16278,16279,1
25210,16278,1
28865,26058,1
26058,28531,1
51574,4447,1
26847,26503,1
29340,14165,1
18442,18423,1
26906,28234,1
