from_stop,to_stop,trip_frequency
13358,12910,1180
44590,10514,1023
49737,8636,1019
47982,37251,1006
13341,13037,987
9433,10237,922
3521,3367,913
8756,8757,910
8703,8706,899
47411,10742,880
8793,8794,872
8757,49466,864
13227,13032,857
44465,44466,852
8708,8710,850
8961,8962,843
45039,13679,843
9959,8793,835
8706,8708,830
29432,13174,803
3367,3522,790
13249,13250,787
13985,13036,779
16206,16203,775
13979,13285,774
13174,13043,773
11292,47411,770
13481,13089,769
9352,8707,768
8705,8704,767
8707,8705,767
22099,16212,764
37251,10644,753
14077,14347,743
16203,15639,740
29342,13341,736
13103,13206,727
12910,13136,723
13290,13985,714
10790,10791,712
13285,13249,707
10742,9445,703
9524,10659,701
16212,16195,700
9699,9659,699
10004,9699,699
9659,11899,699
51284,13103,698
14347,13227,694
10791,10792,694
10659,11446,693
13250,13286,693
13575,13572,684
9644,9645,681
8671,8672,676
10109,8671,676
10237,10628,673
29483,48363,672
10628,10492,671
9884,10136,671
13032,13120,663
37785,49737,661
13247,13207,661
16205,16202,650
10716,47982,650
11574,10789,650
15639,16205,650
359,332,648
10514,10775,644
9645,9487,644
29336,13358,643
13181,13067,639
10733,9434,637
13565,13664,634
13582,13575,634
8794,9352,634
9445,44960,631
11785,10716,627
8710,8756,625
44963,44960,622
16195,16196,619
8614,10715,616
10715,11785,614
9485,9623,611
10792,10356,610
8654,8652,609
8652,9450,609
9450,8648,609
8648,8646,608
13207,13290,607
8658,8656,603
8836,8658,603
8662,8836,603
8656,8654,603
13136,29479,602
10165,10263,601
13207,13979,601
10757,8617,600
49236,49226,600
10263,9884,597
29623,24021,596
8835,8662,595
8664,8835,595
10712,8647,593
8647,8649,593
7382,7383,591
8651,8653,589
8649,8651,589
8653,8655,588
8655,8657,588
8659,8661,586
8657,8659,586
9435,9054,585
8673,8674,585
16209,16206,584
8674,8675,584
264,257,581
13243,13244,581
14054,12898,579
9652,9644,577
24217,16209,575
13043,13120,574
333,358,571
16196,24779,569
8721,8722,569
13274,12963,569
13652,13033,568
8722,8723,567
8723,8724,567
13029,13028,565
8724,8725,563
8720,8721,563
17319,17306,563
7353,7354,562
3731,17319,562
10644,8960,561
17306,35821,561
8661,11864,561
8718,8719,559
8719,8720,559
9445,44963,558
4598,4566,556
8725,40027,555
24779,14077,553
261,265,553
7377,7378,552
7378,7379,552
1144,1170,552
24017,24020,551
23908,23923,549
9623,9700,547
10947,9025,543
45040,45039,543
7396,7397,542
37528,13198,541
9027,9028,539
9025,9026,539
9026,9027,539
16202,16198,538
9024,10947,538
7397,7398,538
13694,45040,538
10222,10313,535
10221,10222,535
10220,10221,535
16207,22099,534
10313,10653,533
10653,11450,533
44444,10220,533
13036,14054,531
3368,2803,531
40638,40637,530
13679,13129,527
8676,8678,523
8678,8680,523
8991,8992,522
8993,8994,522
8994,8995,522
8992,8993,522
1169,17271,519
25405,15816,517
8962,10720,517
10720,10721,517
47438,44465,516
29479,29480,516
51368,9399,515
8679,8677,515
8681,8679,515
18428,18429,514
13554,47438,514
12898,24217,514
10458,37732,513
8806,8687,513
7372,7373,513
8687,8688,513
8801,8699,512
8699,8700,512
7373,7374,512
7374,7375,512
40636,40639,512
8693,8694,511
8691,8800,511
8695,8696,511
8688,8689,511
8689,8690,511
10356,7771,511
8690,8691,511
8800,8693,511
7381,7382,511
8697,8801,511
8696,8697,511
13101,38940,511
8694,8695,511
4566,4854,510
47423,47398,510
44961,44962,509
2090,2092,508
13120,12900,507
4854,47851,506
35822,35823,505
3939,2091,503
35060,8486,503
9661,49997,502
49997,7320,502
9023,9024,500
10784,10785,500
8074,8614,500
5712,5713,500
9527,9661,500
41234,10848,497
7379,7380,496
46254,10357,495
13288,13274,495
17318,35822,494
10655,10318,493
10316,10317,493
10317,10655,493
7320,8404,492
8977,8730,492
43792,8806,491
43294,48644,491
8730,10394,489
10683,11610,488
10654,10316,487
10315,10654,487
29339,29340,486
9381,9382,485
13252,13274,484
10746,9469,483
9469,11637,483
29355,40638,482
7354,7355,482
43852,43853,482
43853,43849,482
50385,51284,481
8646,8644,480
8682,8683,479
10775,10757,479
7771,48708,479
38939,14346,478
14346,29370,478
8726,11832,477
8683,8684,477
10742,10748,477
34269,9574,476
44699,44431,476
25135,25132,476
11792,34269,476
13494,14342,476
49938,13582,475
26684,26669,475
8645,10712,474
10031,8715,474
35053,8470,474
8713,10031,474
8711,8712,474
8712,8713,474
8715,8717,474
25593,25594,473
21186,21184,473
13154,13181,473
25978,25979,472
48644,13372,472
9384,9385,471
9022,9023,471
23998,23994,470
8863,9022,469
9481,9433,468
8619,9697,468
9697,10642,468
35821,17317,468
10642,10643,468
50332,50385,467
3977,17318,467
9181,10515,466
48438,49210,465
11715,11562,464
9353,9575,464
5711,5712,464
13322,29483,464
5710,5711,462
5713,5714,462
11832,9959,462
4671,4596,462
9959,9353,461
21184,5085,461
8936,10464,461
8820,8821,461
13375,13382,460
8636,50399,460
4963,4964,460
8819,8820,460
4964,4671,460
24734,24850,458
9575,11567,458
11567,9355,458
13089,50499,458
13037,13038,457
9684,9457,457
13484,13481,455
9501,9502,453
43849,9501,453
10456,10457,453
8636,10790,451
12890,37528,451
8728,8969,450
9658,9749,450
2402,3870,449
8758,11833,449
11833,9954,449
10789,9553,449
11446,9526,448
49372,14206,447
10029,8762,447
13033,13561,447
8760,10029,447
29370,13287,447
24020,13371,446
8799,10372,446
10372,8807,446
43288,43285,446
10228,8811,446
9529,11585,446
8405,9529,446
12900,44307,445
8762,8763,445
8764,8765,445
13583,13565,445
10644,8961,444
7376,7377,444
11585,11573,444
13240,13247,444
10477,10465,443
10465,11715,443
13226,48438,443
8642,8645,442
8809,10228,442
10119,8642,442
8813,8814,442
8808,8809,442
8807,8808,442
44466,14319,441
8812,8813,440
7375,7376,440
41132,11234,440
10402,10168,440
8811,8812,440
42125,35592,439
41545,42125,439
45038,45041,439
48363,13320,439
8814,8802,439
8802,8803,439
10514,40026,437
9814,8827,437
8827,10069,437
13040,29432,436
10681,10711,436
9054,37785,436
13632,13322,436
40026,9181,434
257,44699,434
17271,1124,434
50937,51564,434
7429,7430,433
13560,13565,433
9414,10335,433
8803,8804,433
16199,16207,432
8804,10229,432
42863,13523,432
13345,14043,432
10229,8805,432
7405,7429,431
4635,4565,431
10765,8828,430
10661,9660,430
8644,8643,430
8643,8641,430
8965,8728,429
7404,7405,429
7398,7418,429
7418,7404,429
23270,24296,429
48640,49236,428
4150,4506,428
47119,10226,427
29477,14045,427
5165,4509,427
262,261,427
21145,4963,426
14043,14356,426
10323,9621,426
8805,43794,425
4590,4500,425
11899,10661,425
9660,9723,425
43882,39522,424
39523,43880,424
8064,43882,424
9621,9695,424
13286,13251,422
43282,13440,422
9749,10004,422
10710,10626,421
9434,9435,421
4509,4511,421
29401,14325,421
15557,15558,421
2179,1469,420
26689,40150,419
8997,8998,418
43271,13496,418
13330,13140,417
13607,13603,417
43285,43275,417
13606,13609,416
13602,13606,416
9504,9505,416
5313,5314,416
10111,10113,416
9533,11266,416
14021,14040,415
13332,50332,415
14081,14008,415
43847,43850,415
8700,8701,414
8701,8702,414
7365,7366,413
7364,7365,413
43850,43851,413
3611,17277,413
17557,18428,413
7370,7371,412
13111,13228,412
7368,7369,412
7367,7368,412
43851,43848,412
11805,40024,412
41237,12900,412
9503,9504,412
8667,8664,411
10446,11724,410
10452,8936,410
14031,14021,410
7366,7367,410
11497,10101,410
11724,11497,410
1191,1184,409
9724,37256,409
37256,9725,409
13198,13926,409
9725,9524,409
13348,13221,408
44402,44405,408
2476,2500,407
41244,41240,406
41240,41241,406
51387,48513,406
9694,10325,405
10325,10326,405
44405,44407,405
10326,10324,405
24660,13419,405
9443,8851,405
8663,9443,404
8949,8950,404
13926,13330,404
10444,10445,404
12952,39962,403
7386,7387,403
13372,29623,402
8830,8831,402
26872,40151,402
8702,8815,402
9589,9485,402
14339,37528,401
29352,14056,401
49354,10786,401
40151,26684,401
8765,9959,400
37207,3815,399
36098,37207,399
1141,1144,399
8131,8132,399
9812,11622,398
14332,13252,398
43393,9812,398
8972,8973,397
26469,25986,397
8768,8972,397
3812,3894,397
13442,43283,397
10786,9589,396
1246,1247,396
8995,8996,395
8457,7910,395
13206,48640,394
274,35290,394
10032,8764,394
8763,10032,394
1188,1169,393
43274,43284,393
45042,10784,393
9487,9484,393
9364,9577,393
49074,9364,393
9484,8961,393
12969,13082,392
9423,9636,391
35591,35435,390
35049,35591,390
13946,13220,390
8824,8825,390
1247,2402,389
36097,2409,389
41239,41243,388
41242,41239,388
10747,11878,388
4855,21145,388
16006,21317,388
13030,13241,387
11877,9811,387
9810,11877,387
9365,10134,387
9577,9365,387
23923,23917,386
13658,13652,386
10114,10112,386
5266,5268,385
10192,9428,385
10591,11070,385
5316,5317,385
12999,13095,384
12984,12985,384
13389,13369,384
10134,49466,384
29450,29401,384
2500,3899,384
3732,3733,384
8668,8824,384
2443,2047,384
4596,17557,383
13092,13000,383
1170,1191,383
8969,8768,382
13138,12984,381
13081,13162,380
9546,48664,380
21062,4806,380
10990,10996,380
7391,7490,380
4806,4203,380
7602,7603,380
11864,8663,380
7390,7391,380
7389,7390,380
8388,7602,379
10847,43801,379
8831,9994,379
7384,7385,378
4860,18229,378
18229,4861,378
18195,21062,378
10588,50937,378
8672,8673,378
35846,8467,377
8998,8999,377
50398,47982,377
13228,13574,377
13178,13601,376
4861,4858,376
40027,8726,375
50639,13494,375
44412,44408,375
13108,50639,375
8743,8744,375
9505,43847,375
44960,8703,375
8744,8745,375
13445,43282,374
13075,13512,374
2583,2363,374
44408,44406,374
50501,50498,373
13028,13245,372
13245,14081,372
8641,8639,372
7487,7486,372
13448,13445,372
44262,44264,372
44406,44403,372
7349,7530,371
13112,12981,371
5708,5709,370
8939,8940,370
13838,13835,369
43291,43294,369
13794,13800,369
48514,47935,369
13362,14370,369
3733,2443,368
8940,8941,368
9539,9552,368
7548,7657,368
13037,13040,368
13562,13554,368
7550,7548,368
13474,13469,368
7632,7633,368
13206,48438,367
356,354,367
11032,11027,367
7657,7547,366
13287,14332,366
7566,36929,366
9973,9456,366
14104,14101,366
13033,13562,366
13199,13332,366
2364,2360,366
8704,44961,365
7633,7549,365
14535,43291,365
10264,10225,365
9584,9375,365
43284,14535,364
13368,13370,364
13370,13388,364
25987,36807,364
9712,9429,364
5709,5710,364
49210,13362,364
21800,7619,363
7549,7579,363
43593,40885,362
36807,26181,362
24756,24765,362
9603,9402,362
18066,18041,361
18040,18058,361
13800,13112,361
10449,8975,360
35048,41545,360
35046,35048,360
25982,25983,359
8938,8939,359
8996,8997,359
7569,7570,359
13509,13164,359
10700,10243,359
16062,16063,359
18058,18078,358
13321,13632,358
7558,7545,358
11632,10587,358
7543,7558,358
4729,4915,357
9727,9590,357
1187,1188,357
13572,13567,357
11931,25881,357
7551,7552,356
22076,22078,356
25883,26308,356
9825,9408,356
25274,25273,356
7553,7554,356
9523,9425,356
9824,9825,356
7552,7553,356
41050,41049,355
25923,25924,355
2080,2755,355
13161,13081,355
13082,13161,355
13793,13794,354
44467,44468,354
11637,49784,354
13488,44467,354
42300,48481,354
9700,10647,354
13052,14104,354
13670,13683,354
9048,41133,354
7380,7381,353
43281,43280,353
44468,13556,353
29490,13670,353
25881,25882,353
25922,25923,353
10702,10151,353
12816,12837,353
9914,8870,352
15817,25405,352
8950,10735,352
14349,13145,352
36929,42126,352
47934,48515,352
8862,10844,352
3916,3931,351
13251,13287,350
10152,36798,350
1848,1842,350
43698,36980,350
11878,47451,350
43283,43281,350
25091,12884,350
9028,10990,349
745,24402,349
13487,13488,349
14370,13019,349
11793,10588,349
17277,35825,348
12910,13734,348
11478,8733,348
22078,15255,348
24114,24116,348
13067,13179,348
44265,44263,348
14046,29353,347
24402,24403,347
1948,1949,346
1949,1950,346
50498,50503,345
16419,16417,345
10335,8949,345
14316,13247,345
13770,13793,344
23991,23914,344
8797,10370,344
12985,13770,344
11511,10733,344
16217,16218,344
16220,16217,343
44307,13088,343
2356,3869,343
24021,772,343
13404,43288,342
14056,14057,342
50503,13055,342
9586,11799,341
7360,7361,341
11744,11884,341
7361,7362,341
7362,7363,341
5315,5316,341
9430,9431,340
7501,7644,340
7643,7501,340
42654,40899,340
1784,1849,340
41214,44530,339
1644,1645,339
7609,7610,339
7608,7609,339
24151,24149,339
7345,7346,339
2437,2025,339
10370,10371,339
10371,8799,339
7491,7345,339
13382,13404,339
44530,49401,339
41216,41214,339
7369,7370,338
10237,10746,338
7371,7372,338
13103,48415,338
38940,13199,338
7644,7645,338
7645,7509,338
48512,50356,338
35823,3732,337
10739,9395,337
7387,7480,337
13371,13375,337
8487,7516,337
5314,5315,337
10116,11479,336
13164,29514,336
11799,11510,335
9695,9342,335
10012,10739,335
13588,49938,335
41163,41171,335
14344,14027,335
3915,2583,335
44469,44465,335
13724,13719,334
13608,13616,334
12945,48403,334
10643,10733,334
3894,36097,333
36979,43697,333
13616,13614,333
9954,8760,333
4665,4815,333
10747,10639,333
14052,14044,332
13129,13588,332
7648,7537,332
3869,2357,332
7537,7498,332
10735,8952,331
10318,11449,331
8815,47119,331
13603,42863,331
13719,44687,331
7512,7651,331
621,591,330
11865,10747,330
7647,7648,330
7619,7562,330
24014,24030,330
13512,50497,330
3234,3953,330
15235,292,329
22110,22111,329
15563,15564,329
7514,7515,329
22111,21800,329
7538,7511,329
7511,7512,329
7515,7638,329
13204,38947,328
35435,35047,328
8960,9433,328
47952,7393,328
13572,13570,328
29353,29354,328
7392,47952,328
13220,13153,328
44531,41215,328
15558,23307,328
49397,44531,328
43957,49397,328
10239,10150,328
10149,10239,328
10238,10149,328
25544,25545,327
7636,7514,327
35837,35501,327
5048,4635,327
10150,10241,327
47442,47423,327
16373,16376,326
7561,23075,326
24155,24660,326
2357,3803,326
34707,8126,326
50499,13509,326
4659,5165,326
49559,4598,326
10460,10458,326
283,15235,326
8828,9810,325
23969,23967,325
11234,11734,325
23975,23971,325
12900,14316,325
47451,11880,325
292,303,325
11622,9814,325
1469,3915,325
23971,23969,325
48513,48514,324
3962,1863,324
11610,8639,324
8639,37785,324
10519,9820,324
41161,41162,324
1461,2359,324
8114,8410,323
9574,10519,323
25885,25886,323
2025,2027,323
7350,7351,322
44264,44266,322
13287,13288,322
9382,9684,322
24763,24167,322
7351,7352,322
9029,9030,321
13067,29339,321
18078,18082,321
24003,24013,321
24033,24003,321
8755,9352,321
4565,4668,321
12973,13053,321
269,270,321
13053,13090,321
25886,25887,321
11770,11771,321
18085,18066,321
51615,18141,320
18082,20843,320
265,269,320
10151,10152,319
43486,24006,319
291,290,319
4847,4849,319
13664,29490,319
2167,2170,319
4849,5160,319
5160,4846,319
5696,5697,319
2092,3108,318
9988,9891,318
10722,11574,318
25840,25838,318
1863,2558,318
48708,35846,317
24036,24038,317
9487,9483,317
3952,2167,317
13567,38952,317
9903,9694,317
9687,9690,316
23931,23908,316
4510,6254,316
13055,13111,316
35061,7573,315
7573,7574,315
7572,35061,315
34678,7572,315
13615,13617,315
12981,12969,315
18413,21083,315
11850,9973,315
13617,13610,315
9483,9481,315
25132,25133,315
9388,9683,315
11459,11826,314
25839,25840,314
29474,29477,314
1872,1873,314
9892,9986,314
2558,1872,314
9990,9892,313
13440,13390,313
14032,14029,313
25938,25939,313
51963,44471,313
3228,1848,313
44470,51963,313
51564,10192,313
33862,29432,313
9377,9381,313
14025,14030,313
9373,9377,313
35592,7587,313
7574,7556,312
10996,10591,312
4915,4510,312
13585,13583,312
13390,13389,312
49226,13277,312
13419,13421,312
9456,9388,312
13113,13128,312
9564,9546,312
1899,1900,312
14030,14031,312
1873,1899,312
7490,7392,312
13523,13501,312
7603,7389,312
36928,7531,312
9457,9633,311
23298,23299,311
13237,14339,311
24401,24400,311
14342,43274,311
1900,1915,311
13688,14472,310
9429,10710,310
23193,15557,310
24404,24401,310
302,291,310
5706,5707,310
12885,12828,310
11581,9464,310
10588,9560,310
5707,5708,310
16371,16375,309
9385,9584,309
1645,1656,309
13683,13688,309
9019,9020,309
10851,9021,309
9020,10851,309
29368,14052,309
12815,13263,309
17317,35835,308
9432,11574,308
9674,11507,308
10464,8938,308
8684,8832,308
3372,3521,308
7653,7499,308
7502,7503,308
7499,7500,308
15594,24279,308
7500,7502,308
9730,11792,308
35589,36928,307
9046,44961,307
15593,22825,307
16376,16371,307
23913,23937,307
18387,18386,307
11284,11071,307
8941,11561,307
16214,16220,307
7567,35589,307
25133,25134,307
13120,13101,307
14205,13029,307
9464,8877,307
2360,3422,306
11026,11031,306
90,15817,306
9841,9845,306
19468,4706,306
9372,10779,306
24468,29342,306
48515,48512,306
18141,18155,306
13143,12893,306
18116,18117,306
23116,23117,305
9954,8718,305
9845,9846,305
7383,7384,305
277,274,305
4530,4512,305
506,333,305
5085,18370,305
10658,10036,304
40026,40778,304
10053,10658,304
40776,13203,304
35170,275,304
13333,13207,304
9636,10165,304
25663,26846,304
5268,5673,303
7478,7349,303
9846,10050,303
24722,15696,303
7477,7478,303
10050,10051,303
35458,35457,303
7910,8074,303
10051,9847,303
13354,13154,303
9847,9842,303
7294,35613,303
8491,8490,302
16894,23116,302
10226,10716,302
23115,16894,302
8818,8819,302
13140,13333,302
8493,8491,302
50485,14607,301
5618,5619,301
43698,36985,301
11616,10035,301
21368,46923,301
10785,49354,301
5617,5618,301
13679,13127,301
7587,8502,301
7577,7578,301
10775,40026,301
13714,13712,301
8490,8489,301
1860,1861,301
7575,7576,301
9743,10015,301
49226,51270,300
8672,8668,300
35829,35460,300
16205,25278,300
3914,3921,300
3912,3914,300
10054,10055,300
9848,9844,300
20642,18085,300
13561,13582,300
42777,264,300
10037,10054,300
7557,7546,300
3953,2655,299
42126,7550,299
50497,13540,299
4532,4507,299
7576,7577,299
1849,3521,299
28637,26131,299
7315,36931,299
23954,23952,299
11910,9593,299
8496,7315,299
13720,13714,299
38868,36984,299
36985,38872,299
24054,23975,298
50356,48511,298
10722,8619,298
35459,35458,298
1448,3909,298
3909,3913,298
3913,3912,298
7579,35586,298
23968,23970,298
48511,44265,298
9564,11910,297
36931,7314,297
10002,10700,297
7314,39523,297
9836,9843,297
9849,9850,297
9843,9849,297
10035,10002,297
51553,35302,297
9007,9008,296
23970,23974,296
24038,24054,296
10721,9445,296
8502,7586,296
9006,9007,296
303,308,296
35456,35829,296
13733,13067,296
21317,24734,296
369,370,295
16324,16331,295
332,506,295
13039,13040,295
1267,3860,295
48933,10532,295
7343,7344,295
51641,13237,295
10492,11511,295
13388,13391,294
13391,13442,294
4162,4860,294
9850,9851,294
9851,9848,294
16375,16374,294
25977,25978,294
9001,9002,294
26448,25977,294
11878,11293,294
10173,46254,294
13130,12987,294
45041,44589,294
20265,6611,294
6611,18158,294
9000,9001,294
23075,23076,293
10136,9586,293
29514,13499,293
24030,24036,293
24279,16199,293
14564,13717,293
16516,16517,293
16517,16518,293
13241,13243,293
4479,18488,292
275,280,292
11727,9914,292
11649,11741,292
11480,9524,292
16518,16520,292
44962,45042,292
43275,43271,292
367,369,291
3821,2804,291
3970,3612,291
48478,367,291
11600,8964,291
29343,29344,291
9002,9003,291
18117,18110,291
3612,2171,291
41132,11734,290
44960,9048,290
355,48478,290
12988,13083,290
11450,9527,290
46923,22085,290
13122,12952,290
15816,23415,290
10759,46254,289
18121,51615,289
26335,25975,289
10999,8990,289
385,724,289
10777,10845,289
11479,10702,289
381,385,288
25980,26322,288
2755,2090,288
13717,13694,288
21475,24738,288
7454,7455,288
5714,5717,288
16281,25267,288
35586,36928,288
10445,11824,288
21588,21589,288
23869,23885,288
29506,13119,287
15869,23869,287
23937,21940,287
35460,47854,287
43280,13449,287
13718,13723,287
13843,13953,287
13038,29352,287
8733,9564,287
15564,21475,287
4706,5097,286
3815,3611,286
2114,2119,286
10647,10114,286
11742,10123,286
24167,16006,286
10123,10124,286
7355,7396,286
280,283,286
13685,13692,286
12898,14348,286
47855,35459,286
13272,13225,286
7625,7623,285
13422,13420,285
13128,13062,285
13723,13733,285
4500,4150,285
5241,5242,285
370,373,285
50932,11742,285
13684,13669,285
10275,9437,285
43697,44262,285
13306,13689,285
13129,13587,285
14507,13474,285
14508,14507,285
15866,15869,285
15678,50466,285
7456,7457,284
10044,9838,284
7457,7458,284
7623,7555,284
13628,13272,284
7383,7416,284
7555,7571,284
5242,5243,284
7571,34677,284
9838,10047,284
10047,9839,284
7455,7456,284
43750,27646,284
27624,43750,284
7395,7353,284
39224,10995,284
7458,7459,284
13241,13242,284
2655,1914,284
11293,11294,283
26181,26178,283
49212,13042,283
49210,49212,283
13786,13774,283
8877,11755,283
5240,5241,283
13242,13243,283
13214,13103,282
13669,13658,282
11755,9983,282
9983,9687,282
9835,9834,282
9820,11581,282
9834,10044,282
28915,27624,282
24053,24055,282
10776,9181,282
13320,51641,282
9633,10460,282
16418,16183,282
8404,11480,282
29378,29336,282
16403,16282,281
13773,13785,281
11822,10449,281
8963,11822,281
9399,10275,281
18429,21195,281
13596,13675,280
10976,10973,280
27622,28915,280
10973,10936,280
7313,35436,280
36930,7313,280
39522,36930,280
44472,13649,279
13649,44469,279
38909,7582,279
49731,11292,279
14104,13205,279
43751,25878,279
44473,44472,279
23965,23954,279
1184,1168,279
13614,13619,279
9009,9019,279
50373,50372,278
10748,10722,278
23994,23991,278
11771,10237,278
10101,9738,278
13267,12978,278
50372,9430,278
13095,13130,278
13361,13215,278
13134,29371,278
29322,12932,278
13246,24763,278
8952,10477,278
43278,13448,278
13469,43278,278
282,277,278
35436,7535,278
12834,45039,278
25934,25987,278
3852,3181,277
321,323,277
10286,8405,277
10843,10838,277
18199,21080,277
7541,35053,277
27647,43751,277
48360,9492,277
9492,10703,277
13212,13358,277
36798,10004,277
5697,5698,277
8638,10119,277
26846,27647,277
2623,17443,276
48932,11448,276
2865,3369,276
9008,10864,276
17443,2624,276
43801,41050,276
2624,17440,276
12878,45038,276
309,307,276
319,321,276
21097,18199,276
16850,23193,276
2864,2865,276
38940,13026,276
25887,25888,276
13581,13589,276
10936,42559,276
9424,9421,276
17440,2864,276
371,368,275
323,353,275
11573,10315,275
7480,34971,275
1285,3938,275
3108,2127,275
2706,3019,275
10519,50373,275
42785,359,275
13246,13428,275
366,356,275
12998,13226,275
15696,23964,275
372,371,275
25889,25593,275
16277,16182,275
7385,7386,275
2127,2128,275
3526,3254,275
9030,9031,275
368,366,275
3019,2623,275
15723,15794,275
13250,13345,275
10675,9485,274
16180,16277,274
44266,51387,274
34699,7581,274
35790,35834,274
13954,13201,274
9434,9281,274
9281,10675,274
25700,25839,274
267,203,274
18452,21186,274
307,302,274
3935,1285,273
13063,13627,273
1283,3935,273
15989,15990,273
10225,8797,273
35834,3977,273
25273,22099,273
7347,7608,273
7346,7347,273
601,333,273
7344,7491,273
4507,4924,273
7581,35049,272
8680,8614,272
48898,48906,272
2233,2239,272
12915,13132,272
7580,34699,272
27646,25833,272
44263,43698,272
47398,13075,272
13244,49372,271
4164,4162,271
2428,2429,271
14026,14343,271
18155,19379,271
25916,26184,271
2147,2139,271
2140,2141,271
2145,2146,271
8132,34707,271
11752,10527,271
2859,2145,271
40021,10286,271
2115,2140,271
2146,2147,271
12925,13629,271
10792,8681,270
8677,10109,270
1780,3335,270
2128,2129,270
9840,10049,270
10716,37729,270
26308,25885,270
10136,10681,270
10674,9475,270
10733,10674,270
3335,1784,270
4166,4164,270
48906,48894,270
12959,13178,270
2129,2130,270
374,372,270
2130,2124,270
9355,8755,270
1097,1077,270
10049,9837,270
10048,9840,270
29340,13134,270
29482,13246,270
9837,10045,270
18366,5168,270
7359,7360,269
13636,13143,269
2738,2733,269
23952,24450,269
26799,28242,269
11070,11286,269
8844,8845,269
13496,47442,269
15796,15867,269
9339,9539,269
48082,13226,269
22804,16034,269
7358,7359,269
8733,10775,269
12771,28241,269
28241,26799,269
19396,19616,269
3940,2088,269
25888,25889,269
19379,18193,268
10972,10979,268
13062,13092,268
10241,10700,268
10168,11576,268
46717,47094,268
11899,40021,268
9342,34238,268
1914,1892,267
4668,49545,267
42786,355,267
1892,1893,267
1869,1862,267
1893,1869,267
7357,7358,267
38867,40793,267
7352,7353,267
5025,4848,267
4846,5025,267
9500,9488,267
9498,9500,267
4572,4847,267
2429,3090,267
40637,13088,266
13431,13433,266
5326,5327,266
37484,43697,266
11731,10085,266
8845,8846,266
44961,48510,266
10085,10086,266
44464,44470,266
4570,4572,266
17505,2143,266
36983,38869,266
13263,12830,265
10685,10452,265
44471,12862,265
1930,1934,265
10283,9446,265
9003,10866,265
13429,13178,265
2083,3940,265
25594,25891,265
3938,3884,265
36929,35588,265
35588,35587,265
13618,13615,265
23974,24053,264
7559,7561,264
44960,9553,264
23376,15594,264
14477,13101,264
42558,10972,264
35072,11284,264
1437,3910,264
3910,3908,264
15855,15845,264
15868,15855,264
13204,13354,263
42300,9181,263
8846,8847,263
51965,10456,263
9593,9324,263
8847,8848,263
47016,46976,263
9324,9373,263
44307,40775,263
13002,12906,263
12906,13180,263
10865,10777,263
18370,21165,263
21165,4590,263
13140,13207,262
24397,745,262
9609,9494,262
2124,2118,262
13488,47424,262
3920,1435,262
1435,1436,262
16189,16190,262
13203,13240,262
1436,1437,262
13692,13708,261
44468,44464,261
11851,51360,261
1931,1932,261
16278,16181,261
11576,10121,261
15867,15531,261
47424,44468,261
10353,11496,261
12865,12851,260
2657,1187,260
21083,4676,260
13359,49981,260
29398,13359,260
13178,14595,260
16190,23217,260
3974,2381,260
7484,7487,260
13215,13274,260
13433,13435,260
8486,36924,260
36924,35057,260
1249,3854,260
8851,10776,259
46240,23110,259
51360,9411,259
43743,41022,259
15433,15434,259
41022,262,259
12831,12818,259
26883,26872,259
15531,15722,259
23299,48703,259
13435,12812,259
49901,49877,259
9284,9441,258
12824,12827,258
13049,13100,258
50332,12889,258
9875,9876,258
9441,10366,258
15434,15435,258
17506,35849,258
9877,9964,257
21940,43486,257
14325,29378,257
16089,16090,257
16090,16091,257
9871,9873,257
9796,9803,257
9876,9877,257
47935,44260,257
10481,10482,257
9963,9871,257
9272,11495,257
41603,27361,257
10068,9963,257
2091,2084,257
11904,10058,257
16215,16214,257
9285,41396,257
10058,9285,257
536,540,256
13449,13473,256
7521,7520,256
12851,13742,256
540,542,256
7522,7521,256
7524,7522,256
10400,8991,256
23297,15863,256
7520,7517,256
13367,13365,256
16091,16092,256
324,320,256
24150,24159,256
41396,9276,256
9276,9284,256
15802,16403,256
9550,10483,256
13639,13133,256
9964,9969,256
7518,7639,255
7639,7640,255
34969,7472,255
7640,7523,255
3020,2732,255
3336,1783,255
2141,3626,255
1782,3336,255
16237,43596,255
29354,29355,255
15715,23297,255
13438,13436,255
13432,13430,255
3626,2142,255
35849,2627,254
44302,23998,254
24131,24177,254
15863,15865,254
3369,3521,254
10482,9549,254
9549,9272,254
9375,9372,254
2560,2561,254
1963,2560,254
8717,8718,254
25078,48870,254
25882,25556,254
11031,49251,254
7525,7524,254
7523,35056,253
14165,29402,253
29383,29378,253
13436,13432,253
7430,7452,253
2175,3852,253
25926,25927,253
7452,7453,253
7519,7518,253
24005,23998,253
48363,13204,253
11495,9550,253
10789,8703,253
13421,13256,253
13003,12950,252
2116,2117,252
13366,13368,252
14125,13052,252
12858,13635,252
3854,2175,252
2117,2151,252
7356,7357,252
10457,11612,252
2144,2116,252
7529,7583,252
7583,7525,252
15431,15432,252
15432,15433,252
42722,9451,252
16183,15841,252
50491,15224,252
17444,2719,251
2731,17444,251
13206,12951,251
2803,3486,251
11562,10497,251
38872,38868,251
3690,3372,251
9053,49737,251
2719,3020,251
40437,24713,251
1842,1782,251
24396,24397,251
9664,9744,251
23953,25353,251
48564,14091,251
36984,38867,251
13067,13751,251
14093,48564,251
26118,26123,251
36925,36929,251
1960,3163,250
11909,11681,250
13357,13602,250
7568,35046,250
2803,3370,250
38684,11911,250
14549,42859,250
3370,2863,250
11911,11909,250
11681,11752,250
3163,1961,250
9738,8965,250
3828,2604,250
13179,13208,250
40639,14054,250
1962,1963,250
1961,1962,250
8839,8841,250
48415,48640,249
14653,381,249
8745,9435,249
11839,37261,249
15464,48701,249
11448,11839,249
23316,23257,249
13226,48363,249
15631,15858,249
15645,15844,249
25083,15464,249
48701,15405,249
37261,11908,249
18238,18239,249
8975,8976,249
8495,38908,249
8669,10109,249
47116,8681,248
13277,29482,248
12997,13580,248
7588,8495,248
35056,7641,248
24424,24426,248
26123,28671,248
4158,4532,248
25657,25712,248
12951,12997,248
21369,46240,248
8841,8842,247
3532,3229,247
24660,24157,247
9428,9414,247
24055,24037,247
16063,22259,247
2158,2159,247
23967,23965,247
10844,41234,246
18110,19471,246
2863,2709,246
2709,2731,246
21037,4857,246
11270,9618,246
40637,40775,246
26503,28231,246
13354,13181,246
42720,42721,246
13744,13747,246
13743,13744,246
10531,10427,246
7460,7461,246
5336,5337,246
7641,7526,246
7526,7527,246
7461,7446,246
10243,10117,245
12887,12814,245
8842,8843,245
48959,541,245
9683,9384,245
8976,8977,245
16181,16279,245
541,537,245
3891,3885,245
11507,9903,245
10117,10111,245
11446,10238,245
10775,44961,245
12962,12979,245
18793,17888,245
48481,9048,245
12932,13204,245
13590,13596,245
25979,25980,245
16282,16283,244
18780,34161,244
10780,9893,244
24421,24424,244
18099,18108,244
9839,9841,244
7446,7419,244
37729,9046,244
27523,27528,244
8796,11459,244
10515,10323,244
40150,26873,244
12987,13056,244
14100,14349,244
34267,9609,244
15858,24757,244
29371,29385,244
13574,13581,243
8710,8795,243
8486,7568,243
3353,2531,243
41241,8682,243
2434,2499,243
358,599,243
20843,18099,243
15697,16419,242
29568,13229,242
13229,29398,242
9826,10614,242
24237,42514,242
622,48959,242
16326,16328,242
10492,11793,242
1991,17301,242
4655,4971,242
19471,20642,242
9891,9815,242
9544,9339,242
7419,7420,242
7420,41220,242
9995,9826,242
9817,9995,242
13591,13581,242
14079,14078,242
8732,11738,242
10532,9835,242
48080,13595,242
1859,3233,242
3254,3690,242
9815,9816,242
13473,13476,241
10000,10003,241
11450,9724,241
11479,10000,241
25921,25922,241
1231,48296,241
41049,43699,241
10003,10034,241
16338,25126,241
10626,11792,241
25279,25276,241
22259,22260,241
10132,9053,241
11291,11292,241
13369,29384,241
9819,10616,240
10167,8917,240
44403,10960,240
49466,8711,240
10616,9990,240
2244,2255,240
49946,13091,240
25267,15803,240
2243,2244,240
25086,15473,240
29399,29588,240
9816,9817,240
42546,324,240
44795,44793,240
15794,15591,240
13412,13418,240
13202,29399,240
13675,45038,240
44793,44795,240
44795,44798,240
13418,13420,240
4791,4729,240
44798,44795,240
35801,35774,240
10179,10173,239
25278,25279,239
26179,11931,239
16329,23376,239
34966,7477,239
24157,22817,239
13752,12910,239
7530,7350,239
15406,25086,239
35774,35771,239
10790,10613,239
9618,9910,239
12823,14549,239
14029,13339,239
43749,26121,239
25986,25934,239
51170,38866,239
16325,16272,239
9412,9423,238
43372,28671,238
25100,37415,238
10562,9827,238
9827,9818,238
9818,9819,238
7562,36927,238
9562,9523,238
25277,25275,238
9566,11605,238
25930,37420,238
48461,48462,238
12884,12838,238
8750,10759,238
14207,14202,238
1223,1231,238
12841,12834,238
8740,8741,237
35055,8388,237
8960,8740,237
13427,49697,237
34971,35055,237
12000,27505,237
10639,11878,237
24850,21318,237
44261,47934,237
10515,8749,237
13710,12833,237
49466,10576,237
1109,1097,237
25073,23256,237
25107,22309,237
4815,4163,237
26665,26689,237
10613,10562,237
10614,10716,237
13158,13156,237
11161,41132,236
13198,12916,236
25549,25550,236
3588,2172,236
24160,24151,236
8821,41242,236
4124,4125,236
25975,26448,236
9515,9520,236
10069,10716,236
10324,8749,236
8680,51267,236
29480,13103,236
3233,3526,236
10334,9412,236
12829,12886,236
2172,3970,236
9409,9562,235
9520,9521,235
21595,21474,235
2381,1267,235
5168,4968,235
26502,26503,235
9511,9522,235
13182,12898,235
9458,51368,235
10954,10951,235
49784,11574,235
44407,44410,235
11028,11032,235
10166,10167,235
13553,50637,235
47398,13122,235
10426,10530,235
9488,11649,235
13549,13553,235
24400,24398,235
25206,41463,234
3194,17051,234
9412,9712,234
10045,11805,234
13256,13257,234
10394,9442,234
47406,12878,234
50637,13560,234
21092,4665,234
29340,29371,234
9442,9566,234
42559,8981,234
2360,3532,234
9510,9511,234
194,192,233
35791,47855,233
35825,3812,233
18429,18521,233
13145,14126,233
3190,3191,233
10530,10524,233
7534,7533,233
10526,11614,233
10587,9574,233
10524,10526,233
43959,44533,232
13701,13703,232
14047,13152,232
253,258,232
2071,2072,232
11738,8733,232
825,23357,232
9399,9603,232
13487,13549,232
25275,25274,232
44533,44532,232
48353,44402,232
34946,38914,232
3512,3858,232
13703,13739,232
44532,34945,232
26122,43749,232
38914,38911,232
34945,34946,232
2142,2144,232
10848,8863,231
39962,29483,231
10443,10101,231
361,360,231
1296,3999,231
10848,10843,231
24467,24393,231
9844,10048,231
9580,10704,231
47854,35790,231
11826,9738,231
13260,13834,231
9579,9580,231
15591,15795,231
24072,24061,231
13734,13724,231
13580,13591,231
28231,26883,231
7509,37713,231
27553,25467,231
8981,10931,231
13042,13108,231
24403,24405,230
44687,13694,230
13419,33841,230
1928,1929,230
25134,15872,230
1397,1365,230
1482,4122,230
23872,25135,230
8990,10985,230
3487,2149,230
29310,13322,230
13587,13033,230
2159,3487,230
24061,24058,230
12830,12885,230
9502,8857,229
16363,16281,229
2149,2859,229
14020,14022,229
14019,14020,229
14015,14019,229
10931,10954,229
38913,34943,229
34943,34944,229
34942,41218,229
9551,10584,229
41218,38913,229
13569,13228,228
13126,13118,228
48664,9547,228
12833,12890,228
33841,13413,228
8862,9006,228
2079,2620,228
22075,22076,228
308,319,228
4122,4123,228
11884,11455,228
13540,13483,228
13000,13628,228
44534,43958,228
51271,13029,228
47843,23363,227
23972,25352,227
4239,19083,227
42807,42811,227
11269,11268,227
34944,44534,227
25352,15694,227
2088,1283,227
13897,13889,227
3917,1446,227
290,282,227
12838,12815,227
250,35170,227
23257,25091,227
22474,22475,227
49887,36925,227
17487,16975,227
38866,36983,226
9402,9405,226
1861,1868,226
24117,24112,226
772,24014,226
9405,9396,226
3486,3821,226
2092,2093,226
12855,12852,226
8749,10514,226
9331,9332,226
9437,9384,226
9592,9331,226
24135,24717,225
11268,11267,225
2238,2236,225
14338,12824,225
26121,26665,225
13839,13886,225
8964,10569,225
25838,28614,225
35020,35060,225
44370,24295,225
9997,10251,225
9502,43242,224
13040,14046,224
9421,9544,224
35455,35786,224
24092,24089,224
51281,23104,224
10711,10733,224
2626,1982,224
25467,49279,224
24427,24425,223
2027,3731,223
35786,35785,223
4859,21009,223
12854,13260,223
9738,10444,223
10790,10765,223
47451,11294,223
40899,42777,223
2139,2114,223
48886,48912,223
13153,13951,223
13609,13608,223
9295,9592,223
8636,10264,223
10274,9295,223
23964,23968,223
10112,10160,222
12889,13725,222
13016,13157,222
25084,15406,222
9547,9312,222
35457,35455,222
11750,8935,222
10160,10116,222
48719,14094,222
18913,18914,222
593,253,222
1228,1222,222
14092,48719,222
4161,21097,222
15355,15413,222
13157,13002,222
38869,37484,222
8821,10792,222
20981,18238,222
13942,13946,221
10678,9727,221
11229,11265,221
26673,25739,221
8675,10018,221
8614,8682,221
41049,8905,221
14710,2563,221
43652,13721,221
2473,2474,221
8795,8796,221
11455,10678,221
4203,4161,220
50353,14095,220
2239,2471,220
2240,2238,220
3857,2618,220
12827,12876,220
23380,16324,220
35454,35456,220
50468,25083,220
2966,2080,220
35784,35787,220
10226,10790,220
13928,13843,220
7482,7483,220
26138,25657,220
7582,8496,220
25656,26138,220
24145,24150,219
34161,34156,219
26659,26438,219
24239,24250,219
48297,1228,219
35290,249,219
8832,11785,219
8617,8619,219
9434,9478,219
50502,50500,219
35787,35454,219
9574,11511,219
21520,24141,219
26654,27622,219
15429,15430,218
858,24404,218
15296,15363,218
15301,15296,218
4971,4206,218
14143,14140,218
13627,12999,218
29361,29362,218
41133,11160,218
10723,10528,218
11035,37274,218
10528,10691,218
11579,10529,218
1257,1372,218
3885,18793,218
14356,13338,218
10529,10723,218
9960,10485,218
13219,13258,218
42762,1780,218
1950,1960,218
8717,11737,218
35624,35622,218
24086,24158,218
11027,10981,218
24071,21528,218
2330,35624,218
8755,8756,217
25596,25597,217
26328,25596,217
15228,380,217
37528,13917,217
13917,13922,217
7638,7569,217
13922,13928,217
9565,10705,217
1915,3862,217
4538,4615,217
34157,34158,217
15795,15631,217
13258,13348,217
14693,14710,217
773,22755,217
15473,15678,217
5693,5694,217
38642,22966,217
22755,22474,217
8962,11770,217
13203,13247,217
22477,22478,217
24101,24104,217
1365,1256,216
1946,2540,216
4157,4151,216
2540,2883,216
12898,13361,216
13660,12846,216
10716,10264,216
21151,4157,216
29362,29363,216
2118,2115,216
9560,11849,216
1207,1223,216
4151,18376,216
8467,43297,216
14364,29416,216
13774,12915,216
3493,3857,216
34463,34468,216
3858,3975,216
2488,2327,215
9723,10315,215
3368,3228,215
24251,24240,215
14091,12865,215
7453,7454,215
2327,2330,215
3803,2179,215
9978,9797,215
11265,11264,215
10705,9739,215
2503,36130,215
2326,2488,215
36130,2326,215
9552,8750,215
2482,2503,215
21872,13429,215
13259,12849,214
24159,24161,214
24108,24110,214
27622,27918,214
12849,13660,214
49989,49988,214
24161,24108,214
13561,13592,214
10101,9566,214
34159,18780,214
13170,13163,214
8404,34835,214
11999,27507,214
15887,15861,214
13120,41237,214
7585,37712,214
13117,13360,214
2072,3512,214
16536,16539,214
7476,7493,213
3918,3916,213
48708,8466,213
2253,2254,213
48296,1257,213
2665,3828,213
7475,7476,213
13163,13422,213
12846,44473,213
29365,29366,213
14347,29355,213
13476,13479,213
3804,2665,213
7363,7364,213
24141,24135,213
2256,2253,213
37251,10131,213
13595,13597,212
35844,1246,212
3932,3917,212
14076,29361,212
15606,25136,212
2021,2022,212
9794,9795,212
1989,3353,212
17301,1989,212
18041,17995,212
9976,9977,212
12818,12816,212
14707,14692,212
10791,8818,212
28638,43374,212
9428,9413,212
24156,24154,212
9977,9978,212
13238,12903,212
9795,9976,212
13918,50332,212
3959,3731,212
13540,14319,212
25556,25883,211
26052,26022,211
43374,25916,211
12978,13773,211
11590,9658,211
43242,48360,211
26022,28677,211
14057,14347,211
7554,34678,211
29357,14059,211
44248,44252,211
9437,9684,211
7486,34968,211
10838,36979,211
3862,1948,211
15255,16891,211
22079,16892,211
13420,24156,211
10124,10166,211
8854,8855,211
8855,9503,211
16891,22079,211
2695,3804,211
13019,29482,210
3016,3158,210
22085,16909,210
13850,13851,210
8704,10757,210
2705,17438,210
3158,35623,210
6167,5076,210
13689,13684,210
42860,14338,210
13642,13641,210
8470,7543,210
18146,19361,210
13162,13267,210
9723,9527,210
14054,13182,210
18914,18915,210
10721,10722,210
1636,14707,210
9797,11798,210
13088,13087,210
26970,26969,210
18158,18146,210
24149,21868,210
24116,23660,210
28663,25852,210
11286,8558,210
13801,13846,210
13846,13850,210
10483,11809,210
50385,13636,210
13089,13055,210
41171,41234,209
49100,49109,209
40793,40794,209
10036,11616,209
15844,90,209
2499,2564,209
17438,2706,209
10845,41049,209
49146,49117,209
40643,22099,209
38947,13354,209
10352,11454,209
11467,9533,209
320,309,209
28677,28663,209
11496,11477,209
10692,10353,209
29349,29336,209
11454,10692,209
10351,10352,209
49634,4239,209
10724,10351,209
10714,10724,209
48915,48903,209
48917,48915,209
48900,48917,209
14773,14819,209
10033,11467,209
14378,29415,208
11282,44412,208
49848,49887,208
13610,13607,208
13420,43756,208
7599,8389,208
49877,8496,208
23925,23935,208
13640,13643,208
18915,21298,208
8390,8391,208
3077,1877,208
7545,7551,208
5337,5307,208
8391,7597,208
8825,10027,208
10027,10028,208
10028,43393,208
2567,3563,208
11728,11729,208
10349,11728,207
1985,1986,207
1986,1987,207
1987,1988,207
27528,27529,207
4674,19615,207
26403,25880,207
13960,13958,207
11270,11807,207
27814,27815,207
11689,10349,207
10345,10346,207
10346,11689,207
35404,25573,207
25573,26018,207
26018,25574,207
25574,25576,207
25576,25577,207
49145,49146,207
10615,10765,207
24296,44370,207
2564,2007,207
2007,3033,207
1256,48297,207
2008,1959,207
5700,5701,207
3033,2008,207
13923,13918,207
14018,14017,207
5762,5696,207
20957,20981,207
19372,20945,207
25545,25546,207
28881,12405,207
14022,14018,207
13927,13923,207
13849,13845,207
13842,13927,207
51942,10467,206
391,392,206
13906,13016,206
3911,1448,206
3954,2164,206
22756,24766,206
43744,14667,206
1495,1480,206
38912,34969,206
8392,7599,206
7532,49901,206
22478,22756,206
24420,24421,206
49150,49145,206
8751,9747,206
5317,5318,206
9994,8673,206
392,386,206
29358,14080,206
14080,14090,206
28884,47884,206
24423,24422,206
9413,9407,206
386,384,206
24425,24423,206
9680,10135,206
13845,13802,206
10194,10056,206
9676,9680,206
9747,9676,206
2363,2364,206
10043,10194,206
13919,13198,206
43436,10840,205
10205,10206,205
10206,10207,205
21276,19372,205
10207,10208,205
21298,19488,205
13244,48911,205
11612,51942,205
10480,10434,205
10427,10345,205
4133,1495,205
13958,13937,205
27509,28071,205
13870,14013,205
9407,51368,205
10434,10435,205
23099,23101,205
15292,15297,205
16790,16791,205
15297,15300,205
18425,4517,205
10785,10683,205
10208,10209,205
13592,42860,204
11519,10621,204
49134,49135,204
26700,26874,204
11807,10732,204
14044,13251,204
23883,23884,204
24059,24071,204
11475,11519,204
24284,23322,204
11448,11475,204
24783,24059,204
49135,49100,204
25893,25597,204
49109,49149,204
35057,7653,204
49093,49150,204
5238,18382,204
13937,13935,204
6254,4530,204
25852,35404,204
17888,18913,204
5761,5762,203
13704,13676,203
11510,42300,203
2436,3105,203
24134,24136,203
604,14731,203
29488,48082,203
11266,11270,203
26848,25810,203
28531,26847,203
9788,9789,203
9882,9788,203
9798,9979,203
9979,9980,203
8795,49074,203
550,549,203
20739,4656,203
9789,9798,203
25264,23380,203
270,621,203
14090,29360,202
15908,15878,202
8113,8114,202
13556,13560,202
10432,10433,202
9046,10776,202
8112,8113,202
48341,14108,202
1288,1304,202
21362,21374,202
24296,16326,202
25699,25700,202
44759,25712,202
34968,7364,202
7806,8112,202
49149,49093,202
9678,9679,202
11071,39224,202
554,550,202
38124,8830,202
27815,11966,202
9677,9678,202
49095,49151,202
10009,38124,202
23864,23860,202
29363,14079,202
203,198,202
4517,4855,202
19295,18815,202
11613,11850,202
11612,11613,202
9803,8751,202
8456,8457,201
5324,5325,201
13132,13138,201
48403,48080,201
40639,29368,201
18451,18452,201
13329,12990,201
11068,11259,201
2435,2436,201
10700,10287,201
10689,10531,201
42811,1294,201
15428,15429,201
7610,34966,201
21192,21186,201
20945,20946,201
18822,6713,201
25949,25950,201
20946,20957,201
51863,25087,201
10435,10436,201
42438,2435,201
9679,9319,200
9432,10789,200
29385,14165,200
43394,10009,200
1398,1391,200
26215,25543,200
16219,16372,200
5763,5266,200
29360,14075,200
48510,47449,200
5621,5622,200
9811,43394,200
9494,8854,200
13989,13219,200
13931,13929,200
13644,13642,200
3507,17488,200
35772,35773,200
22046,7294,200
26873,26848,200
16824,25107,200
5318,5319,200
35773,35802,200
25983,25984,200
9627,8755,200
10121,10707,199
22825,23596,199
20484,3193,199
13524,42862,199
11069,11285,199
25543,25544,199
9320,9321,199
11966,27819,199
15873,49776,199
7546,35020,199
12862,13308,199
10211,10212,199
21195,4155,199
25833,44001,199
13836,13839,199
51199,7396,199
13058,13059,199
751,728,199
12844,12843,199
10212,10214,199
10214,37786,199
8935,10452,199
43297,8468,198
8973,11600,198
10437,11554,198
24398,24395,198
23119,23121,198
24088,24091,198
23117,23119,198
24721,431,198
14139,14142,198
10436,10437,198
19831,6719,198
10745,10740,198
2415,2837,198
13885,13838,198
33943,90,198
25917,25918,198
9446,8664,198
13835,12855,198
13205,13766,198
1773,1772,198
3354,2415,198
6719,34159,198
8675,8676,198
2837,1773,198
9700,9658,198
49137,49136,197
27831,11969,197
2084,2079,197
13308,13307,197
48887,48886,197
28512,27831,197
13307,13085,197
14356,14026,197
14095,14093,197
3557,3354,197
23122,23123,197
49101,49110,197
2571,42438,197
2816,3557,197
16328,16330,197
9321,9902,197
27819,28512,197
36980,43436,197
7535,7588,197
13218,13907,197
37713,35053,197
13834,13836,197
1446,3911,197
11530,11616,197
13339,14047,197
13085,14472,197
26320,25982,196
9526,9652,196
37466,2756,196
10775,9048,196
4759,4677,196
49151,49094,196
1906,1851,196
41164,40792,196
49110,49137,196
5695,5696,196
42024,41955,196
2229,2235,196
8829,8830,196
13096,13232,196
13360,13072,196
10025,11757,196
27520,27481,196
4200,18235,196
5329,5330,196
24008,44304,196
1851,35853,196
15990,25917,196
2052,3588,196
5328,5329,196
49136,49124,196
10740,10283,196
5702,5703,195
10619,11752,195
23940,23942,195
9690,10097,195
9566,10432,195
5325,6373,195
9896,11604,195
42002,43959,195
24291,16388,195
16293,23295,195
29415,14363,195
43595,24291,195
7355,7444,195
29346,29474,195
24253,24251,195
9312,9409,195
21009,19396,195
42514,14297,195
19769,19457,195
49401,42002,195
7423,7424,194
7424,7425,194
7422,7423,194
13734,13720,194
43277,43279,194
6718,20534,194
10647,10627,194
10210,10211,194
10754,11632,194
9866,10224,194
10627,11479,194
13365,24022,194
24022,24008,194
4678,18845,194
24006,24012,194
25929,25930,194
7425,7426,194
42708,42714,194
49123,49092,194
49094,49101,194
1974,1975,194
1975,1936,194
13953,13270,194
26846,28968,194
18912,4173,194
8870,11928,194
11928,9503,194
24765,16186,194
24685,16267,194
15430,15431,194
10107,10472,194
13739,13743,194
13813,12829,193
10657,10289,193
10288,37263,193
10291,10296,193
10296,11676,193
37263,10657,193
14349,13054,193
4957,4659,193
3881,3939,193
15816,25120,193
14198,14193,193
10618,10619,193
18480,4650,193
5322,5323,193
8734,34273,193
13028,14081,193
23363,25350,193
25350,40528,193
5323,5324,193
13322,29322,193
5694,5695,193
2170,2053,193
23928,23917,193
48438,49236,193
43607,9709,193
10502,10503,193
14294,14296,192
24250,24252,192
13072,13358,192
3373,17200,192
16481,16479,192
25709,25672,192
10472,10198,192
10995,10400,192
24109,21820,192
11699,10016,192
24136,15700,192
15700,24143,192
10953,10956,192
42003,43957,192
43958,42003,192
23357,44249,192
23994,24000,192
354,42546,192
10199,11699,192
24111,24109,192
12979,13191,192
18435,21190,192
10704,11228,192
14008,13097,192
8870,8871,192
13575,12998,192
29371,14165,192
11605,11628,192
23098,23099,192
49124,49123,192
12930,29424,192
10846,10236,192
15405,25078,192
13219,13348,191
27547,27553,191
3908,1440,191
364,361,191
13509,13357,191
4506,4529,191
2017,2018,191
13597,47406,191
25325,41599,191
25940,25941,191
9802,9794,191
7622,7646,191
9829,43393,191
26826,26829,191
2301,2674,191
27129,28035,191
11835,10425,191
13338,14497,191
11738,10061,191
16767,16775,191
10425,11738,191
9980,9796,191
9873,9882,191
24426,24428,191
9294,9563,191
7439,7440,191
7440,7441,191
16176,16173,191
23158,40437,191
14613,23925,191
10200,11835,191
2627,2654,191
50480,13103,191
24767,21507,191
23941,23928,191
2674,2360,191
10424,10200,191
13090,13203,191
13097,13099,190
25672,25650,190
14599,15723,190
28035,41603,190
21302,4724,190
15611,15612,190
17208,1053,190
41462,25266,190
10981,10976,190
27530,12498,190
26829,26830,190
1042,17208,190
10198,10199,190
16036,15683,190
49933,49946,190
8063,35046,190
7516,8493,190
42664,43770,190
43768,43773,190
37274,43856,190
14295,14293,190
15612,15613,190
43771,42664,190
1053,3785,190
10224,9867,190
3075,1996,190
5722,5721,190
1973,1974,190
13450,43276,189
4648,18425,189
1936,2769,189
7442,7443,189
7441,7442,189
16650,24538,189
9408,9394,189
7508,7506,189
4647,4648,189
2299,2300,189
9468,9586,189
44589,13718,189
8489,7504,189
10237,9468,189
13496,50501,189
16766,16767,189
7506,7622,189
2300,2301,189
23861,23865,189
40791,51170,189
5673,5312,189
40792,40791,189
21685,21686,189
21820,24160,189
24099,24101,189
9411,9423,189
18707,18712,189
19321,18806,188
18844,4759,188
24037,24033,188
49385,6377,188
25260,16266,188
12918,13919,188
14038,14037,188
4724,18844,188
14037,14034,188
23999,43486,188
10499,10500,188
10500,10501,188
21808,23908,188
49421,25949,188
48249,23941,188
36927,7567,188
24254,24420,188
5266,5372,188
13099,13219,188
3816,36098,188
50260,33942,188
7483,7484,188
4858,4208,188
9620,10012,188
5717,6059,188
26669,28915,188
16686,16293,188
2255,2257,188
9742,11625,188
2257,2737,188
2737,2258,188
48437,13357,188
13635,13329,187
16218,16219,187
10438,10439,187
11554,10438,187
24278,16418,187
16386,25215,187
15288,15291,187
18401,4855,187
26817,26826,187
605,604,187
13090,40636,187
10439,10440,187
11226,9866,187
10769,10630,187
25975,26330,187
3105,2012,187
9394,9401,187
48638,43607,187
4744,4725,187
13203,13960,187
15860,15859,187
18845,4744,187
10630,48638,187
13127,13598,187
13598,29488,187
38589,38590,187
24011,24023,186
25288,16686,186
24986,49996,186
18821,18823,186
29345,14025,186
29591,13246,186
25120,23762,186
51270,37040,186
2578,3955,186
25918,25919,186
14121,14365,186
25996,26185,186
27575,27572,186
10759,10176,186
8126,7913,186
7913,7899,186
38947,13730,186
9017,9018,186
7899,7912,186
28243,28244,186
16514,16515,186
11478,10759,186
11798,9875,186
47429,48437,186
27583,27575,186
10264,44258,186
14202,14198,185
12405,12406,185
14751,14773,185
1938,2431,185
44887,8862,185
10979,11026,185
13501,47423,185
16404,16406,185
3352,2970,185
7504,7566,185
34677,7575,185
15529,15619,185
12920,14349,185
13725,12841,185
3807,3348,185
25134,50260,185
3348,3352,185
1939,1937,185
10440,10441,185
17311,17313,185
1937,1938,185
13707,13710,185
49715,13647,185
10319,51116,185
17313,17315,185
24147,24146,185
7472,7475,185
2970,2816,185
9811,43395,185
16174,16175,185
49996,24147,185
18456,21167,185
1440,3918,185
51621,51622,184
10775,10754,184
21190,18437,184
49322,33943,184
1222,1197,184
8905,44888,184
35824,17311,184
12890,38945,184
1868,2061,184
7531,7529,184
2143,35790,184
2061,2966,184
13423,13412,184
43708,43700,184
13601,29310,184
15803,15522,184
3813,35824,184
23871,23864,184
11073,36771,184
37273,11288,184
41639,18121,184
23762,15592,183
27822,27823,183
23322,25351,183
10952,10953,183
10956,42558,183
16319,25255,183
25276,16177,183
8410,8115,183
15883,15807,183
22338,21685,183
12498,27522,183
8458,8074,183
48441,16789,183
2909,3723,183
18479,21107,183
13935,13919,183
207,194,183
3731,2578,183
13180,13159,183
3340,3341,182
1168,1669,182
12828,13816,182
39564,27579,182
22803,15866,182
16093,16094,182
16175,16178,182
25256,16320,182
13816,13818,182
23494,23490,182
13921,13936,182
15522,16405,182
35854,17299,182
24110,24122,182
13817,12829,182
13936,13938,182
5715,5716,182
5716,5266,182
5319,5320,182
24024,23999,182
22260,22261,182
21120,21115,182
10626,9560,182
4677,4804,182
14014,13873,182
24393,24396,182
24113,24119,182
23756,22661,182
1934,1931,181
22760,16089,181
1124,1109,181
11477,10685,181
35792,35854,181
591,636,181
49776,15847,181
25927,25928,181
27215,25755,181
35790,35818,181
3698,35792,181
35818,3698,181
13939,13140,181
21683,22338,181
27987,27128,181
27079,27987,181
2047,2028,181
12990,12890,181
13853,13864,181
2733,1939,181
35835,1246,181
17299,35832,181
35832,3813,181
11864,9448,181
9448,9449,181
9449,11731,181
34468,46616,181
2043,2438,180
2042,2043,180
2438,2439,180
3437,3735,180
41843,26511,180
3342,3343,180
18020,18015,180
13619,13138,180
8488,7636,180
2212,2213,180
4827,4634,180
39052,5313,180
16513,23291,180
16204,23270,180
13713,43652,180
48703,40536,180
24122,24118,180
11534,9922,180
42012,42015,180
42015,11879,180
15684,25073,180
3341,3342,180
13938,13959,180
709,376,180
1456,1447,180
21290,18563,180
48862,858,180
9012,9013,180
9011,9012,180
10864,9011,180
2045,3817,180
16179,25277,180
26162,25929,180
25928,26162,180
4704,4649,179
15988,15989,179
4649,4673,179
18385,21111,179
4529,4704,179
10664,11452,179
16374,16363,179
11809,10252,179
41929,41931,179
15294,15290,179
4805,4678,179
15290,15289,179
16565,16533,179
11629,11706,179
13894,13896,179
11706,11924,179
11924,34213,179
34213,10256,179
10256,10233,179
25697,25698,179
41463,24497,179
43652,13722,179
24500,24499,179
25080,15460,179
46616,51620,179
11580,10254,179
10252,11580,179
4571,4817,179
13919,50332,179
25353,23973,179
15493,15684,179
3921,2229,178
26874,26706,178
10689,10426,178
7652,7621,178
7621,7505,178
13722,13733,178
25712,50730,178
11267,11228,178
16377,16373,178
13151,13339,178
4173,3886,178
353,355,178
9595,10484,178
10485,11805,178
4725,5020,178
47884,27550,178
7505,7507,178
16267,16263,178
11726,11744,178
10569,10039,178
9600,10320,178
48462,11292,178
51811,43748,178
26538,11978,178
3999,2394,178
22339,22805,178
24252,24254,177
24429,24427,177
21322,21323,177
10253,10234,177
24678,23273,177
2287,2288,177
10364,10253,177
23272,24678,177
10255,10364,177
2286,2287,177
8677,41244,177
15233,50485,177
14008,12973,177
10254,10255,177
49956,364,177
7380,7444,177
2040,2042,177
21191,4152,177
44411,43434,177
376,49956,177
2285,2286,177
28671,43373,177
35820,35819,177
11614,11448,177
16067,16068,177
14659,14653,177
9018,10865,177
35819,35791,177
16092,16093,177
23363,43260,177
34546,34489,177
15305,23122,177
13843,13954,177
7527,7642,177
24390,24429,177
44260,43698,176
16263,50380,176
25594,26328,176
15847,15856,176
25553,25554,176
48913,48887,176
43699,43709,176
9842,9960,176
29482,29591,176
241,661,176
13210,13212,176
27567,27232,176
18815,19321,176
44413,23115,176
2189,2212,176
2208,2189,176
2191,2208,176
9893,9564,176
14332,13288,176
10247,8668,176
9968,10068,176
33938,24201,176
21178,18435,176
8832,10247,176
13032,13979,176
13589,13590,176
5020,49559,176
9624,9514,175
9514,9579,175
5770,5702,175
5701,5770,175
18376,21145,175
25709,28908,175
9582,9583,175
9583,9624,175
28908,25663,175
14661,43745,175
35831,35833,175
35833,35476,175
51116,10062,175
23447,23460,175
13428,21520,175
1959,2428,175
13320,12890,175
25588,25589,175
11623,10402,175
29480,51284,175
18823,19581,175
24743,24178,175
48907,48913,175
48894,48907,175
11691,9497,175
40898,42654,175
25833,26849,175
13221,13752,175
13766,13213,175
13213,12927,175
29017,12084,175
1636,15233,175
44446,41929,175
25104,40643,175
9552,9894,175
4205,18972,175
18972,4213,175
50466,37715,175
18386,5621,174
15683,25135,174
724,374,174
12927,13210,174
21374,21606,174
5479,5478,174
14094,13183,174
27623,27649,174
2093,3507,174
35793,35820,174
3979,35793,174
24093,23972,174
13334,29347,174
23104,15305,174
19086,18004,174
28211,29017,174
13071,12945,174
23936,23913,174
34266,11691,174
25597,26390,174
22805,21678,174
12432,29047,174
17309,35831,174
4852,4853,174
18418,19424,174
17104,2746,174
37716,50468,174
23294,16207,173
28588,28589,173
12881,13318,173
15435,16062,173
24640,24756,173
22082,21368,173
13179,13096,173
25698,25699,173
4220,21270,173
9368,9369,173
29482,13356,173
49649,49634,173
18910,18911,173
24763,16006,173
4924,4666,173
18108,19374,173
15841,16180,173
9690,11623,173
9512,9513,173
2504,16988,173
36771,11081,173
9302,9512,173
35623,2331,173
2329,2504,173
13052,13051,173
8617,10414,173
4213,49649,173
2328,2329,173
11752,11579,173
9369,9728,173
9728,9381,173
9994,11636,173
35476,3979,173
812,23702,173
2771,2701,173
17310,17309,173
15881,16352,173
17312,17310,173
48889,48909,173
44681,44695,173
3996,3870,173
18193,6063,173
13413,13424,173
43656,1042,173
23287,23711,173
25688,25689,173
2331,2328,173
2358,1461,173
5312,5313,173
11636,8818,173
10691,11477,173
18382,18387,172
17314,17312,172
18824,18822,172
14027,29474,172
18450,18451,172
3070,3600,172
24419,24253,172
24177,21821,172
3600,35632,172
13570,49933,172
1447,1432,172
5425,5426,172
18446,21191,172
1669,17477,172
12843,13836,172
17316,17314,172
26472,44759,172
1432,1422,172
9560,9561,172
27820,27822,172
13835,12826,172
3007,3070,172
9553,11630,172
1417,1424,172
27510,12000,172
10168,8743,172
13565,12914,172
18407,20722,172
18389,18407,172
5426,5428,172
21324,21325,172
13100,14104,172
10497,10689,172
3191,16974,172
41662,11081,172
24178,24129,172
13256,13431,172
44258,10328,172
23256,25084,172
21330,21331,172
15623,16801,172
9363,9356,172
11630,9363,172
1424,1449,172
13053,40636,172
12826,13829,172
5428,5429,172
9561,9558,172
2620,3077,172
27823,27813,172
16800,24736,172
21365,21366,172
373,391,172
10703,34266,172
24118,24106,172
3815,2040,171
23307,22760,171
12899,13997,171
16478,16480,171
14297,14295,171
5088,21092,171
13664,13659,171
22235,2563,171
13129,13667,171
4980,4598,171
22340,15887,171
35381,42435,171
24757,24640,171
35335,35381,171
41243,8676,171
2235,2964,171
14109,48341,171
23421,25421,171
10108,51553,171
11719,9313,171
50358,10847,171
2363,2535,171
49994,24986,171
27182,27181,171
11604,9824,171
27232,27228,171
27228,26433,171
2427,3234,171
2297,2299,171
35848,9552,171
10779,35848,171
2535,2297,171
24119,24111,171
13997,13030,171
2936,17059,170
25990,25930,170
21818,24743,170
13895,13897,170
9558,9556,170
13057,13113,170
38952,13509,170
25126,16481,170
21868,21477,170
21477,22405,170
20722,20308,170
42718,42715,170
23071,22179,170
17994,18040,170
22179,23158,170
3090,2427,170
42830,2083,170
12914,13596,170
16262,25260,170
16261,16262,170
16264,16261,170
13637,13070,170
14040,14032,170
5429,5430,170
16286,16280,170
35823,3952,170
15224,22235,170
2600,2936,170
2745,17104,170
13162,13618,170
7394,7395,170
27833,27830,170
13093,12899,170
49934,13540,170
16198,24278,170
40778,9730,170
21474,15563,170
19616,18195,170
27830,27820,170
13916,13921,170
11511,9434,170
10532,10043,169
2883,1947,169
26477,25513,169
25351,25349,169
9395,9822,169
9301,10079,169
15625,22964,169
42100,26207,169
1947,1953,169
430,617,169
25941,25942,169
15841,15806,169
431,430,169
2469,2231,169
42859,13585,169
23711,16534,169
13643,13645,169
11573,9724,169
25349,37245,169
10056,9836,169
717,24704,169
10155,10111,169
2468,2469,169
10236,10264,169
11426,10071,169
10162,10155,169
22059,22060,169
10113,50932,169
29345,13337,169
20621,20265,169
16331,16329,169
18712,18717,169
4857,4674,169
10161,10162,169
12828,12982,169
1271,42830,168
29480,50480,168
11288,49251,168
13026,13199,168
24013,24017,168
1269,2066,168
25892,25893,168
15592,34134,168
26669,27622,168
25891,25892,168
10775,10236,168
2091,2085,168
20776,18389,168
9336,11719,168
47341,46526,168
9335,9336,168
43856,38857,168
9966,9335,168
46526,50803,168
2439,2882,168
4511,41743,168
3884,3877,168
12757,29016,168
10455,10456,168
3381,3382,168
26968,39249,168
9475,10683,168
19749,19750,168
28246,26691,168
2868,3611,168
2044,2868,168
3895,2044,168
51058,12757,168
11080,41660,168
46925,50930,168
24422,24419,168
46288,46661,168
9574,10681,168
1479,3891,168
3382,3895,168
37732,10727,168
9451,42718,168
46901,47341,168
2678,2679,168
47173,46901,168
50930,46288,168
13844,13772,168
14325,29383,168
9513,9614,167
5705,5706,167
7416,7417,167
12946,13239,167
21323,21324,167
13191,14077,167
9614,9506,167
2471,2879,167
13337,29346,167
38723,24005,167
13156,13218,167
25860,29050,167
5689,5761,167
9506,9507,167
823,23697,167
9681,11726,167
38692,15593,167
25667,25663,167
12886,12831,167
7910,8458,167
2038,17506,167
9046,9553,167
9508,9509,167
16570,16571,167
12088,12299,167
13499,13165,167
13053,13203,167
9507,9508,167
25709,25667,167
2916,1324,167
4512,4980,167
43931,9424,167
14807,14765,167
10627,9997,167
8393,38910,167
10193,10226,167
24021,24016,167
2742,2315,167
4476,4469,167
24104,22059,167
7393,8393,167
3798,1636,167
27986,27079,167
4573,4959,166
10189,10260,166
13836,13840,166
42806,1479,166
50250,43519,166
16332,16325,166
2394,42806,166
4959,4957,166
9314,9539,166
27594,12731,166
4565,4573,166
9313,9314,166
9352,10084,166
24083,24158,166
532,534,166
21589,24468,166
1590,2678,166
5743,5744,166
4163,18401,166
25205,41462,166
9292,9291,166
13165,13423,166
13087,13030,166
44409,44412,166
43435,44409,166
10084,10095,166
33942,49283,166
42714,42717,166
13840,13843,166
44418,9432,166
14667,14659,166
10260,10084,166
13026,13925,166
1170,1207,166
11702,10629,166
22964,16824,166
42717,42720,166
25878,27623,166
13038,13039,166
11610,10119,165
13089,49925,165
13901,13903,165
25297,25104,165
2298,2296,165
23101,39128,165
2359,2476,165
2119,2761,165
2762,3882,165
4666,35291,165
12950,13158,165
40899,618,165
23980,22102,165
14363,49473,165
24058,23980,165
23912,21808,165
23914,23912,165
23923,23953,165
9509,9615,165
9615,9915,165
35852,16978,165
2761,2762,165
2580,1099,165
3882,3881,165
41754,39169,165
9820,10402,165
18443,18444,165
5071,5072,165
14472,13700,164
16198,16204,164
29499,14167,164
26705,26871,164
23702,24115,164
4585,4584,164
16283,16215,164
1057,1052,164
42257,42461,164
13083,12999,164
2213,2944,164
3611,3812,164
42461,35338,164
44407,44411,164
24920,14693,164
11714,10156,164
2409,3971,164
10112,11714,164
14394,38955,164
19581,18834,164
18834,20090,164
38123,9693,164
9693,9376,164
7444,10775,164
3181,3870,164
11476,11517,164
260,262,164
11517,10714,164
3599,3068,164
24000,24025,164
24157,759,163
9382,9458,163
13430,13163,163
13197,13098,163
23490,23489,163
26706,26715,163
27507,27509,163
9864,11227,163
9863,9864,163
3068,3069,163
5810,4586,163
5809,5810,163
12917,13920,163
13925,12917,163
4935,5809,163
5078,4935,163
10159,10161,163
16978,35851,163
636,35170,163
16533,717,163
661,714,163
12082,28211,163
35587,7559,163
10158,10159,163
18470,35332,163
9489,9490,163
25538,26488,163
22102,23978,163
2288,2289,163
15686,15799,163
48909,48902,163
26488,42099,163
17999,21276,163
9709,9710,163
2289,2268,163
18551,18549,163
41753,41754,163
15859,15686,163
24105,22476,163
16354,16008,163
16008,16007,163
18833,18824,163
9710,11702,163
2135,2162,163
16970,17048,163
26496,26689,162
4108,4109,162
23914,23931,162
2586,2298,162
24713,41599,162
2786,2316,162
17777,4226,162
44081,44079,162
7556,7632,162
10096,10083,162
590,235,162
36928,7532,162
9465,9820,162
14017,14016,162
235,601,162
44083,44400,162
38858,43857,162
44086,44083,162
44088,44086,162
43220,44088,162
5330,5335,162
15865,23596,162
29428,13250,162
4633,18481,162
29366,29367,162
43519,25405,162
5714,5715,162
19488,4205,162
10318,41932,162
5073,5074,162
5074,5075,162
24666,15625,162
11512,34267,162
9490,11512,162
37245,40643,161
13004,14475,161
10190,10262,161
257,254,161
10309,10025,161
14296,42515,161
25132,15860,161
10261,10190,161
1661,3296,161
1047,1043,161
13595,47406,161
13184,33818,161
14193,51271,161
13279,13184,161
5077,5078,161
16542,16544,161
49359,9663,161
9663,9635,161
9635,9481,161
1052,1047,161
17583,18910,161
13712,13238,161
40794,41165,161
3424,1305,161
11294,10790,161
9711,9465,161
17449,3424,161
13975,29428,161
16330,16325,161
8675,41244,161
26103,26104,161
10262,9959,161
3296,17449,161
49545,21302,161
43857,37273,161
23978,23976,160
11502,11897,160
2232,2230,160
25294,25296,160
3877,3878,160
40162,41956,160
9986,8832,160
45041,12881,160
35850,2626,160
41961,29303,160
15898,15354,160
384,49939,160
41930,41928,160
25296,16285,160
16279,15697,160
2269,2266,160
16401,16400,160
5072,5073,160
35290,40898,160
16480,15812,160
2582,35625,160
2267,2582,160
13038,13040,160
2266,2267,160
2581,2269,160
16593,16595,160
7607,7343,160
16400,25294,160
37624,37623,160
3431,3402,160
5076,5077,160
41946,3194,160
24154,24077,159
8684,9988,159
11844,9674,159
9379,9630,159
2650,2651,159
25983,26469,159
3785,1644,159
33818,50353,159
13169,13078,159
49466,10259,159
15639,47843,159
13078,13177,159
25514,25530,159
13177,13173,159
41809,39174,159
8818,9988,159
26265,25496,159
25280,16689,159
34273,10846,159
25924,25925,159
14064,14060,159
24077,24072,159
254,267,159
592,237,159
9378,9380,159
12812,13520,159
15559,15560,159
219,271,159
13287,14064,159
9380,9379,159
11826,8965,159
9385,9378,159
29356,29357,158
16061,16062,158
34867,34706,158
16280,25293,158
7773,34867,158
16399,16398,158
13036,13182,158
26848,26700,158
13182,38939,158
16398,16402,158
49939,14661,158
21270,17748,158
26266,26265,158
13091,14319,158
2472,2240,158
16186,16188,158
5698,5700,158
273,274,158
41928,44446,158
18717,18723,158
18723,20480,158
25293,25295,158
2303,2477,158
25295,16399,158
24012,24017,158
35771,35501,158
24207,15907,158
44035,44068,158
21375,21607,158
5744,5705,158
9064,8731,158
22475,24114,158
2477,2586,158
10259,10189,158
14836,14807,158
2164,3952,158
11264,9533,158
13747,14092,158
244,250,157
19006,17583,157
15343,15344,157
15344,15345,157
17051,3190,157
15345,15348,157
18911,18912,157
21552,24155,157
10467,10477,157
2804,1860,157
22817,43294,157
28209,28292,157
13251,29352,157
23935,23936,157
5097,17999,157
25093,15351,157
24040,24045,157
25925,25926,157
26322,25982,157
2395,2402,157
51800,51802,157
9301,11229,157
5616,5617,157
21865,24040,157
24738,12959,157
7469,7607,157
15491,15499,157
22405,49989,157
237,244,157
13556,13561,157
1107,3491,156
44050,44033,156
4944,4585,156
4945,4944,156
8467,8468,156
44033,44065,156
13225,13607,156
9986,8819,156
7948,34860,156
2230,3719,156
3719,2470,156
13133,13786,156
19455,4888,156
14316,13240,156
10433,10480,156
34492,51621,156
13166,13071,156
3932,38802,156
13119,50502,156
10844,51255,156
51255,41161,156
50500,50501,156
4511,5026,156
7947,7948,156
44065,44035,156
7816,7773,156
271,273,156
18015,18002,156
26108,26205,156
10236,10790,156
34452,34450,156
43373,28637,156
20091,18833,156
10464,10468,156
12847,49387,156
4780,4827,156
26279,41961,156
3324,35801,156
49387,13206,156
47449,47451,156
18458,18442,156
16504,16508,156
365,532,156
15460,51863,156
10629,9674,156
34706,34993,156
29384,43555,156
15407,25076,156
26255,26279,156
362,365,156
34646,34335,155
5085,4590,155
14607,15219,155
772,21865,155
4614,5058,155
13318,13701,155
11080,36797,155
2563,3797,155
4613,4614,155
42193,6718,155
13519,13438,155
4546,4538,155
35655,2256,155
380,536,155
7459,7460,155
9316,9317,155
8669,8676,155
24094,24093,155
2085,1271,155
13201,13934,155
15427,15428,155
39169,39168,155
3009,2305,155
15271,15275,155
13629,29476,155
15275,15360,155
42727,28835,155
12928,13211,155
13209,12928,155
13208,13209,155
3422,3532,155
28836,28837,155
28837,28153,155
36102,3932,155
24112,24114,155
28835,28836,155
3423,3009,155
13211,12920,155
26969,27589,155
2305,2302,155
2666,3497,155
2302,2303,155
13751,13942,154
11294,11880,154
34880,7816,154
29305,44001,154
17183,3257,154
3256,17183,154
17422,17421,154
48870,15407,154
34860,34880,154
28603,28604,154
4514,4613,154
25766,29305,154
39170,41809,154
21318,14599,154
21308,19006,154
16537,16593,154
28604,12029,154
7570,7538,154
44425,4514,154
13424,29506,154
24130,24131,154
9401,9665,154
3257,3258,154
17057,17054,154
11561,9412,154
41932,50649,154
13570,13567,154
22822,49322,154
3259,17057,154
11729,10610,154
24039,24015,154
24738,21476,154
21476,21880,154
48438,13186,154
38118,362,154
6373,5326,154
24023,13366,154
5266,6059,154
3258,3259,154
24861,24767,154
26847,26502,154
25984,26469,154
16007,16009,154
16968,16976,154
11014,11016,154
41751,39170,154
11001,11014,154
24704,16536,153
8751,8752,153
22070,22071,153
49466,8758,153
13116,13256,153
327,330,153
21629,15326,153
7578,7557,153
27240,28838,153
27098,27100,153
27089,27091,153
11009,11008,153
8741,9474,153
18718,18707,153
10987,9033,153
9474,9711,153
27091,27098,153
49357,8977,153
11008,10984,153
24006,24011,153
11018,11009,153
13120,14477,153
10846,37260,153
22895,23859,153
8073,11530,153
5058,4547,153
27097,27092,153
23445,23447,153
5091,5092,153
4261,19380,153
21390,21391,153
4547,4546,153
21391,21392,153
50649,41930,153
5327,5336,153
28968,26058,152
617,621,152
9310,9311,152
9289,10491,152
11070,38858,152
10366,9289,152
741,25205,152
13841,13838,152
10097,10165,152
16988,2908,152
10156,10157,152
10157,11617,152
48664,9310,152
14602,14603,152
2910,36108,152
26151,37420,152
7498,8487,152
21686,15623,152
14127,14131,152
24345,601,152
26261,26262,152
10707,10647,152
24240,24237,152
14113,14127,152
9315,9316,152
2022,2437,152
44135,24208,152
26345,28603,152
14065,13038,152
5735,5736,152
5734,5735,152
13173,13787,152
12029,36090,152
14062,14065,152
24200,25080,152
9311,9315,152
13886,13894,152
8399,8073,152
28605,28607,151
50631,51803,151
2264,35655,151
2166,3731,151
36091,28605,151
15530,15645,151
2171,2166,151
26370,36091,151
3899,36102,151
26371,26370,151
13186,13004,151
2604,2955,151
28607,26342,151
41243,10109,151
13581,13557,151
15224,22234,151
14144,29460,151
2263,2264,151
34489,34662,151
8750,8751,151
28838,28839,151
1403,1482,151
7586,7585,151
35500,22430,151
9972,10775,151
16496,16516,151
13173,12988,151
9032,10987,151
742,751,151
17419,17420,151
47432,13295,151
13612,13079,150
8942,10334,150
17062,2600,150
14131,14128,150
14040,14033,150
14612,50485,150
38857,11071,150
8126,8291,150
25423,23491,150
13239,13713,150
14035,14036,150
13268,13612,150
14033,14035,150
7447,38912,150
47959,3368,150
41171,41050,150
8857,9909,150
24106,773,150
43773,43772,150
26369,26372,150
36090,26369,150
6385,49385,150
17580,17777,150
3423,1461,150
25585,25586,150
15354,24207,150
42515,24239,150
6377,5693,150
50625,50631,150
29425,14354,150
12910,13730,150
14036,14039,150
28839,28840,150
34490,34633,150
379,374,150
34633,34648,150
3547,1774,150
4548,4549,150
4746,4548,150
3817,36098,150
24057,33940,150
8414,8106,149
17106,2933,149
10226,8703,149
10191,9972,149
27598,27294,149
3290,2920,149
10584,10481,149
13231,13046,149
23905,23898,149
2769,1928,149
8935,10689,149
2920,1858,149
2306,2476,149
13354,29339,149
5599,20618,149
48902,48900,149
34265,20703,149
7535,49848,149
2711,3373,149
16687,16688,149
15806,25100,149
35170,272,149
13046,13906,149
47937,47940,149
16173,16319,149
772,44302,149
25557,25558,149
23675,23676,149
29016,49443,149
311,327,149
7533,7580,149
51803,51801,149
51759,50627,149
27355,27353,149
50627,50633,149
43471,44669,149
13750,14100,149
25255,16370,149
8964,9743,149
49443,12768,149
9971,10191,149
7404,7430,149
28840,28146,149
16177,16176,149
24115,22477,148
25551,15355,148
21366,50007,148
10990,10949,148
12968,13328,148
4848,42434,148
16330,16332,148
16594,16592,148
25150,25151,148
25550,25551,148
43700,8862,148
50007,21368,148
5721,5720,148
10789,8667,148
5720,5719,148
44900,24142,148
5307,6385,148
2480,2484,148
10515,9432,148
26849,27918,148
13889,13885,148
1944,1931,148
43387,7535,148
27340,27355,148
1783,3329,148
39522,43387,148
16595,16525,148
17275,34218,148
15315,15313,148
332,522,148
43878,27510,148
16775,24685,148
17186,17101,148
3955,2567,148
17101,2349,148
537,379,148
23441,23430,148
11849,50150,148
25136,16036,148
2359,2306,148
18410,4195,148
10984,10980,148
15313,15366,148
29460,29425,148
15366,15365,148
34238,9674,148
15365,15381,148
13741,13738,148
7444,10886,148
23902,24995,148
19083,19468,148
15492,25414,148
3971,2052,148
3437,17488,148
2028,2045,148
4216,4219,148
3845,17275,148
5319,21271,148
5719,5718,148
42004,41994,148
38955,14364,148
21271,4216,148
11562,9064,148
22966,24115,147
35685,40740,147
13270,13231,147
33897,663,147
34458,34650,147
8468,22110,147
27459,27450,147
22073,22074,147
21126,4158,147
9526,11502,147
13160,14294,147
13199,13123,147
33871,25416,147
15392,15620,147
11177,11175,147
11174,11176,147
40740,42460,147
48061,44243,147
11175,11287,147
23977,23979,147
23979,22103,147
11287,11174,147
13676,13129,147
22103,24783,147
10960,9029,147
7547,7557,147
15322,15323,147
9046,10754,147
4152,18448,147
13251,14332,147
41048,4659,147
4088,4132,147
29378,29373,147
7516,7519,147
3886,3887,147
34090,22291,147
29476,12912,147
12912,12980,147
15877,15898,147
2055,1852,147
35757,35767,147
1856,1857,147
35755,35757,147
1852,1856,147
35767,35769,147
35837,50942,147
23430,33897,147
21389,23977,147
14077,38939,147
35769,35837,147
16892,22080,147
25556,25557,147
13328,12975,147
37528,13916,147
18357,18355,146
43697,44261,146
18004,4214,146
25254,16687,146
18355,18362,146
18395,18394,146
3803,3932,146
18390,18397,146
16781,16782,146
23898,22709,146
27354,28656,146
18397,18409,146
18394,18390,146
18547,18551,146
27352,27354,146
16417,16315,146
13879,13863,146
12757,51375,146
9674,10773,146
10084,10236,146
35761,35762,146
16520,16495,146
35764,35755,146
16506,16505,146
13635,12946,146
2151,3977,146
23436,23445,146
51418,13422,146
23147,23071,146
47051,43442,146
22065,22066,146
13557,13554,146
1478,42807,146
5717,5763,146
28310,44092,146
11228,9296,146
9296,11226,146
14023,14589,146
42528,42529,146
35276,12757,146
3229,2478,146
1433,3920,146
3922,1433,146
29335,42864,146
21080,4160,146
13956,13364,146
27589,27598,146
7401,7402,146
25540,27415,146
7586,43391,146
43391,43389,146
1284,43471,146
7412,7413,146
15616,24768,146
40426,44758,146
9910,8977,146
15861,15715,146
868,866,146
34968,7445,146
22072,22073,146
41100,41099,146
5435,5436,146
9374,10011,146
10011,9599,146
48078,23675,146
249,248,146
3931,2179,145
17060,17061,145
9054,8638,145
8639,10644,145
2344,17060,145
2747,2344,145
2968,2747,145
4127,4128,145
10962,10986,145
16182,25207,145
10472,10473,145
13785,13787,145
2157,2711,145
1933,2425,145
11880,10790,145
2425,1943,145
8394,8138,145
40781,8394,145
40780,40781,145
40779,40780,145
1943,1944,145
24736,22339,145
24405,14602,145
13133,29476,145
10457,10502,145
35945,3115,145
9874,10038,145
15358,15439,145
5468,5467,145
16178,16179,145
13193,12930,145
26849,25656,145
9744,8963,145
11812,10171,145
5469,5468,145
33861,13255,145
13862,13880,145
29377,14109,145
24174,24130,145
13671,13685,145
13523,33861,145
35782,35761,145
38801,3916,144
44466,13483,144
5760,18691,144
1772,3547,144
13664,13671,144
10747,47449,144
24855,24155,144
48200,5266,144
41099,22820,144
1077,1057,144
4858,21037,144
9013,9014,144
9015,9009,144
44471,50609,144
40423,39363,144
40528,25280,144
1934,1933,144
8142,34691,144
10452,10455,144
43319,13368,144
10514,11865,144
23431,23443,144
775,24145,144
9014,9015,144
51528,13306,144
11015,11013,144
17148,1478,144
10711,10746,144
21507,15616,144
3981,2157,144
18434,18423,144
24208,25081,144
18423,5617,144
17991,17993,144
18442,18431,144
11013,11000,144
22357,22444,144
16188,16189,144
34166,34168,144
17724,17735,144
8871,8131,144
43443,43441,144
3322,3981,144
9046,40026,144
2050,2572,144
2160,3322,144
35762,35764,144
25739,26655,144
24143,21872,144
11258,9009,144
48911,14207,144
3012,3145,144
41995,42005,144
23731,24174,143
18362,18371,143
16198,23270,143
15856,15603,143
5518,42193,143
8147,8141,143
8140,8147,143
10442,10443,143
10441,10442,143
51826,10261,143
37110,14800,143
4223,4242,143
24163,24180,143
15560,15561,143
44692,23924,143
2054,2055,143
8794,8795,143
16368,25256,143
34631,34336,143
38952,13108,143
3887,17148,143
24409,827,143
29373,29349,143
265,42654,143
9586,10588,143
23217,16850,143
49903,18395,143
2171,3959,143
10083,51826,143
13979,13249,143
591,264,143
4221,4217,143
4217,5706,143
18371,49903,143
8141,8142,143
10394,11266,143
25266,16336,143
2501,3423,143
13363,29418,143
25362,24086,143
11880,11551,143
10071,11756,143
24158,43756,143
16303,21668,143
21668,16418,143
13339,14344,143
13369,13367,143
1910,2738,143
11445,10193,143
10113,9652,143
20508,20509,143
41931,50648,143
50648,44444,143
11551,34166,143
13163,44003,143
35047,7541,143
2273,2275,143
9785,9874,143
43486,44305,143
15694,44692,143
34973,7479,142
18728,18718,142
14603,24409,142
14136,13992,142
9031,9032,142
35785,35782,142
23945,23938,142
16336,701,142
43814,43811,142
44305,24017,142
35627,2202,142
9457,46430,142
1976,1991,142
2882,3381,142
16461,16462,142
44961,10747,142
16388,16387,142
1197,1169,142
49050,50824,142
35302,8733,142
27590,26968,142
13730,13319,142
12837,48265,142
8750,10319,142
2086,2087,142
37040,29482,142
14765,24345,142
13682,13685,142
41955,43372,142
13609,13063,142
977,50250,142
16369,16368,142
13118,13117,142
26489,26516,142
41200,26489,142
16320,16174,142
13582,51074,142
25513,25503,142
10039,11821,142
2203,2211,142
34962,7471,142
13559,13141,142
2188,2209,142
2211,2188,142
26908,26909,142
7471,7492,142
21274,19369,142
49950,13559,142
49927,49950,142
2202,2203,142
1776,2832,142
26819,26908,142
7485,34973,142
7517,7569,142
25153,25152,141
25152,25150,141
14135,14137,141
49977,4791,141
21627,21628,141
38764,38765,141
22071,38143,141
27277,27278,141
20696,5627,141
1988,2437,141
17317,2158,141
1710,4004,141
2963,3922,141
49088,40064,141
22081,22082,141
13991,14135,141
20954,21288,141
27276,27277,141
18235,21289,141
34158,5518,141
10866,10850,141
10850,9016,141
10868,9017,141
18583,6151,141
27183,27186,141
22476,24119,141
7394,7384,141
27197,27183,141
24766,24105,141
7384,7387,141
9021,8863,141
7387,34970,141
34970,7486,141
21289,20954,141
7486,7372,141
6139,43655,141
25548,25549,141
10986,8982,141
16770,16761,141
13247,13979,141
13274,29350,141
10236,44258,141
13907,13048,141
13048,12931,141
46257,48463,141
26178,26123,141
19911,5231,141
29370,13039,141
42862,13602,141
39249,39484,141
3521,3522,141
643,644,141
23110,21367,141
35783,35784,141
27660,11933,141
51804,23115,141
28244,26825,141
26322,26320,140
22096,24103,140
1422,1398,140
14497,13151,140
10038,9967,140
26711,26705,140
22061,22096,140
13183,50345,140
16592,16540,140
2894,3182,140
44410,50358,140
19361,41675,140
16508,16507,140
23493,23492,140
24179,24164,140
2531,1985,140
544,545,140
16387,16168,140
42460,44887,140
9967,9968,140
17735,17738,140
24755,24666,140
1372,1403,140
516,544,140
23259,44370,140
10287,9652,140
26075,25670,140
15425,15426,140
16610,16504,140
49252,11028,140
16266,23272,140
238,236,140
23882,24756,140
13732,12918,140
27187,27182,140
23885,23882,140
34967,7485,140
4729,4510,140
7344,7394,140
247,242,140
1163,1155,140
242,240,140
240,211,140
211,238,140
2676,1786,140
22167,22168,140
42581,4026,140
236,243,140
26304,25934,140
24711,41599,140
14607,29450,140
21288,19371,140
26330,25978,140
4666,19391,139
3346,3347,139
3806,3807,139
701,23294,139
1877,3962,139
44669,51813,139
15503,50229,139
35760,35783,139
15435,15436,139
3347,3806,139
22356,22357,139
10034,10037,139
3899,1249,139
15688,15527,139
14343,29345,139
1786,3346,139
40044,23441,139
18416,20776,139
35798,35796,139
16761,16760,139
2258,2473,139
10501,10458,139
35763,35760,139
1951,1952,139
1954,1951,139
4840,4574,139
6063,7062,139
1984,1954,139
11574,10776,139
20509,20484,139
13634,14338,139
3032,2054,139
2393,2396,139
17748,4221,139
17710,17724,139
41542,26970,139
7062,37624,139
2396,2713,139
17737,17734,139
24784,33941,139
4225,21269,139
8751,11750,138
21331,23885,138
23878,21330,138
9559,9730,138
9389,9390,138
9557,9559,138
10089,9389,138
10686,10089,138
35765,35763,138
11537,10686,138
49473,14166,138
249,247,138
49697,43205,138
13228,44421,138
21073,18583,138
16524,16594,138
9390,10087,138
9605,9604,138
1953,1955,138
9740,10780,138
34969,34966,138
7434,7435,138
10087,9686,138
13785,12988,138
14101,29336,138
7474,7470,138
15800,15798,138
7375,7378,138
7473,7474,138
7372,7375,138
7489,41217,138
7488,7489,138
50345,33819,138
33819,14115,138
14115,14116,138
23443,23448,138
9686,9370,138
44419,42300,138
5726,5725,138
7426,8392,138
5026,4790,138
48363,12824,138
15860,972,138
8917,10165,138
7435,7436,138
44068,44051,138
12916,13939,138
44051,44053,138
2570,3437,138
17734,17721,138
14125,29568,138
7417,7392,138
27293,39718,138
16362,24296,138
14606,24456,138
21029,18570,138
7547,7625,138
26349,25522,138
6864,4746,138
2612,2613,138
25930,43370,138
9552,10179,138
25650,25640,138
358,42786,138
51199,7397,138
2053,2566,138
2613,2539,138
11616,10287,138
23461,23446,138
7430,34969,138
25640,28906,138
867,869,138
25278,16303,138
25734,28471,138
4894,4876,138
3860,3983,138
708,14653,138
7397,7404,138
13802,13844,138
2539,2414,138
15872,15687,137
7498,8063,137
21157,21160,137
16272,16354,137
3931,1249,137
9555,9557,137
51619,34635,137
13070,13639,137
49431,50903,137
19392,4166,137
18497,19385,137
10492,10519,137
21153,18497,137
14839,14822,137
13059,50385,137
2231,2233,137
21158,21153,137
21470,21471,137
14286,14289,137
9426,9555,137
18502,21157,137
9425,9426,137
35758,35766,137
3986,2070,137
8415,8183,137
2070,2078,137
2078,2080,137
14057,12898,137
14269,29435,137
13290,13036,137
24413,24416,137
15814,15503,137
21880,12959,137
28231,41843,137
35766,35765,137
13473,13477,137
29464,14143,137
25252,25251,137
24410,24413,137
21142,18502,137
13421,13427,137
5314,5316,137
21528,24076,137
13772,13801,137
243,245,137
1877,1859,137
38806,26872,137
245,246,137
246,251,137
251,250,137
35795,35797,137
27361,25971,137
21161,21158,136
38682,50150,136
9970,10063,136
38664,21161,136
48362,48361,136
9048,11080,136
10063,11700,136
48361,8751,136
9793,48362,136
2721,1904,136
2047,2571,136
2720,2721,136
24089,15530,136
2807,2720,136
2478,2502,136
11072,35685,136
49283,22356,136
14290,14285,136
11897,10193,136
35613,8456,136
12910,29480,136
21048,19359,136
13257,24763,136
11532,9391,136
26405,27801,136
19359,18195,136
27278,27281,136
16462,16159,136
39484,27587,136
10131,8839,136
35402,26052,136
13150,13357,136
16097,16098,136
9405,11624,136
7597,7439,136
2561,2017,136
43655,21029,136
10617,9802,136
13109,13167,136
248,241,136
35768,35758,136
8966,9733,136
35694,23316,136
11625,8963,136
38973,25058,136
42865,29323,136
19389,21142,136
15644,16362,136
11624,9646,136
7481,8390,136
9402,51369,136
8999,10847,136
9852,11732,135
29348,13956,135
37065,9690,135
48396,28750,135
27585,48396,135
3431,35770,135
17610,5575,135
35770,35768,135
10106,9688,135
195,593,135
4876,6864,135
19391,19388,135
24007,24005,135
25358,24007,135
2879,2243,135
51635,13636,135
1952,3234,135
10748,9445,135
14167,51436,135
50150,10846,135
2855,3308,135
3308,3032,135
2964,2233,135
44466,13481,135
51528,13259,135
3983,3061,135
7352,7417,135
37257,10106,135
24115,24113,135
35756,3431,135
10135,9366,135
29504,14176,135
10754,44419,135
12299,12242,135
12242,12093,135
13681,13658,135
13601,13321,135
29516,12925,135
10864,11258,135
25810,28246,135
13274,7294,135
19371,21274,135
14287,14290,135
39363,27590,135
4574,18413,135
49323,2657,135
11732,9799,135
21286,18236,135
5620,18387,135
9366,9393,135
9393,10688,135
23973,23747,135
2732,38136,135
13581,13583,135
24076,21552,135
4208,18363,135
16315,16199,135
4219,4225,135
40776,40636,134
50560,50559,134
2089,2086,134
13357,13109,134
19386,19393,134
16607,16600,134
40778,38681,134
10840,10847,134
24116,23731,134
26696,28578,134
9028,9029,134
15413,15414,134
38681,9896,134
7343,7394,134
10643,9468,134
34966,7349,134
44260,51674,134
12025,48397,134
46490,50560,134
4549,47851,134
50559,46555,134
51257,310,134
329,51257,134
22,48078,134
23076,22046,134
9688,9689,134
17471,2220,134
14603,24410,134
42158,27547,134
50229,43328,134
29461,29436,134
49843,15273,134
48397,26353,134
40637,14316,134
9468,10519,134
7349,7352,134
13439,13604,134
24129,811,134
46555,46717,134
26251,12025,134
3839,36098,134
46976,46490,134
1956,2496,134
23893,16799,134
46976,46717,134
2414,17487,134
10233,11904,134
16004,50681,134
9805,9852,134
14013,14015,134
13742,13358,134
14141,14144,134
9392,9677,134
2583,2364,134
9391,9392,134
16819,16820,134
22372,22373,134
16613,16506,134
14189,14152,134
16818,16819,134
50499,49936,134
3702,3705,134
17054,3702,134
23927,23940,133
10225,47016,133
4728,4502,133
14613,23927,133
21472,24787,133
15342,22256,133
25338,15493,133
3186,2841,133
27281,27283,133
16297,25240,133
25494,42100,133
4196,4241,133
4634,19086,133
15886,15709,133
1586,17471,133
3878,3201,133
507,590,133
26519,25494,133
9831,10716,133
6254,41045,133
23911,23913,133
4502,4913,133
48403,13580,133
3860,2855,133
8115,8125,133
35695,3011,133
21367,23112,133
27283,27298,133
2132,2445,133
47094,47119,133
10216,10292,133
39180,39178,133
9894,9741,133
9822,37730,133
37730,38682,133
16545,23287,133
14293,14291,133
10292,10293,133
606,639,133
395,606,133
15799,15797,133
41290,17506,133
27522,27809,133
40776,13247,133
14492,14489,133
14291,14492,133
10320,10108,133
40905,41448,133
10293,10294,133
8783,8787,133
1970,2850,133
10294,10291,133
25138,15711,133
48656,15907,132
11119,11093,132
16799,24639,132
23856,38692,132
1294,3996,132
41976,41977,132
17115,17118,132
7530,7482,132
26795,26903,132
7950,7951,132
17118,17107,132
8731,10617,132
34881,7772,132
11785,10615,132
49253,11035,132
7772,34868,132
2746,2930,132
34226,34881,132
7378,7444,132
10086,10742,132
25151,25264,132
9319,9804,132
5063,4736,132
14283,14286,132
10176,9564,132
25125,15818,132
15594,25125,132
37608,37607,132
8982,10999,132
15909,48656,132
14152,29464,132
15711,13197,132
14472,44660,132
11510,9432,132
7951,7974,132
9804,9805,132
41811,44227,132
41977,42013,132
15255,42981,132
23112,21393,132
16817,16818,132
23217,34140,132
9808,10108,132
34277,13849,132
18386,18399,132
44250,825,132
25809,26848,132
3072,3073,131
8843,9498,131
19374,41639,131
12932,13320,131
29298,35276,131
13408,13411,131
13411,13416,131
13123,13332,131
3071,3072,131
11285,11284,131
2410,2384,131
10062,9809,131
5321,5322,131
21399,21400,131
3818,2410,131
14285,14284,131
10062,9595,131
23446,23438,131
24416,24417,131
14045,29432,131
26830,28243,131
5317,5319,131
16798,23892,131
13406,48757,131
13483,14508,131
13920,13731,131
2066,3986,131
27296,27292,131
7562,7543,131
26177,25990,131
4535,4840,131
21623,21399,131
4588,4535,131
13051,14104,131
8780,8772,131
2628,2030,131
9431,9414,131
16797,16798,131
6889,20571,131
21085,18542,131
13082,13768,131
10639,10745,131
9521,9301,131
40150,26531,131
2035,2628,131
13768,13781,131
27338,27453,131
48757,13408,131
2445,2573,131
14027,29477,131
18542,19413,131
41664,41662,131
12814,13239,131
18570,18571,131
21397,21623,131
8781,8783,131
15845,15862,131
21396,21397,131
5243,7222,131
9899,9900,131
13517,13521,130
11007,11010,130
7493,7386,130
29352,14556,130
42796,42799,130
42801,42798,130
35051,7496,130
11071,10572,130
50872,5699,130
16603,16604,130
42798,42796,130
16406,16407,130
7427,7428,130
4736,49977,130
9297,9298,130
13521,13523,130
37713,7497,130
1905,2705,130
11737,8792,130
16407,15802,130
16535,16545,130
15746,15747,130
10564,10025,130
11847,11844,130
7497,35051,130
18738,18728,130
10335,10564,130
9431,9413,130
24395,24394,130
2769,1930,130
43944,50872,130
6151,18573,130
46548,9973,130
9298,10704,130
43775,43768,130
11010,11017,130
40091,25507,130
1488,1496,130
4504,41876,130
39638,22822,130
2018,3732,130
9438,9603,130
9396,9620,130
16813,23003,130
21395,21396,130
5269,5270,130
10792,51267,130
21394,21395,130
5270,5271,130
38910,7605,130
16814,16754,130
17100,2934,130
29521,14350,130
28591,28693,130
27236,28591,130
43770,43769,130
16917,15343,130
7605,34965,130
23003,16814,130
16233,16380,130
25507,25514,130
2753,3256,130
1496,3071,130
34868,7775,130
7775,7776,130
46743,46548,130
2934,2752,130
43946,43944,130
639,396,130
5028,4852,130
16505,16608,130
2752,17093,130
23027,23028,130
17093,17091,130
17091,17062,130
16182,16404,130
41162,43810,130
23121,51281,130
27298,27299,130
7776,7950,130
37471,1905,130
16811,16813,130
3471,41290,130
1929,37471,130
3061,1269,129
9915,9582,129
5703,5704,129
5704,5705,129
44003,29506,129
9878,9581,129
50929,49455,129
10704,9303,129
18363,21049,129
15617,25130,129
49455,43814,129
9420,9416,129
3602,3603,129
9303,9878,129
11561,10334,129
18399,5240,129
24180,24178,129
8782,8780,129
27399,26114,129
7459,38912,129
35613,8457,129
29465,13193,129
18414,19392,129
9355,8796,129
13148,13149,129
4160,21085,129
13159,13865,129
9590,8844,129
13000,29516,129
23031,23032,129
23032,22192,129
13040,33862,129
23153,23154,129
35835,35791,129
47116,8614,129
11289,10664,129
10840,47400,129
644,16386,129
23114,44413,129
25947,25948,129
2851,1969,129
9904,9545,129
3603,2177,129
15604,15906,129
15833,15787,129
10514,10776,129
23083,23153,129
9416,9904,129
13036,29355,129
44962,9619,129
24201,13341,129
12736,12771,128
10491,9515,128
29053,29298,128
75,22361,128
34118,75,128
13851,13853,128
41750,44499,128
17107,2745,128
11813,10177,128
2930,2598,128
49936,13122,128
456,457,128
34027,22359,128
43810,43813,128
16539,16537,128
13520,13517,128
21887,34118,128
22117,22236,128
22359,21887,128
3371,43460,128
22236,22118,128
48601,49938,128
457,458,128
34156,20194,128
2598,17100,128
14342,13465,128
15905,15856,128
2004,2005,128
2002,2003,128
25215,25288,128
44697,15866,128
23859,44697,128
445,740,128
9619,10722,128
23259,15594,128
25207,16297,128
11757,9836,128
7545,7632,128
17488,2836,128
13865,13852,128
10716,11292,128
9733,49074,128
11228,9510,128
8749,8750,128
14149,49698,128
22956,15808,128
24412,24408,128
24177,24179,128
13465,43277,128
2003,2004,128
23418,23421,128
13067,24659,128
2120,2121,128
13573,13581,128
2121,2122,128
22074,22075,128
4198,19774,128
10069,10791,128
21880,13170,128
2122,2123,128
3329,1785,128
43555,29623,128
2005,3471,128
13483,29634,128
9478,8743,128
2123,3939,128
3724,3324,128
9395,9544,128
35622,3724,128
3159,3160,128
13228,13573,128
46254,11814,127
37529,13524,127
16489,15910,127
1082,2580,127
10951,11279,127
725,311,127
7606,7469,127
44879,44878,127
13247,13290,127
4470,4909,127
18901,18902,127
5619,5620,127
21111,21117,127
44881,44879,127
50126,21652,127
16787,16788,127
13586,13575,127
27225,27238,127
27238,26536,127
11637,9445,127
26114,26171,127
23938,23931,127
4527,4525,127
35802,3016,127
15851,15618,127
46704,37039,127
43276,43271,127
5373,5313,127
2409,3818,127
9741,9297,127
38911,7347,127
18747,18738,127
2474,17468,127
8750,43224,127
10775,8667,127
13151,14025,127
13216,13234,127
13407,13405,127
15831,15871,127
2384,3970,127
13636,12946,127
16792,16793,127
8995,8997,127
16791,16792,127
48543,51471,127
13721,13732,127
13934,13026,127
9842,11426,127
15910,48543,127
15787,15851,127
13405,13409,127
11741,11726,127
16084,15586,127
2333,2489,127
24281,43593,127
13763,13761,126
12975,47432,126
255,261,126
23110,21608,126
9616,9617,126
2170,3839,126
26471,26472,126
10959,40742,126
25558,11934,126
14472,13740,126
13417,13410,126
49466,9959,126
2618,2612,126
618,605,126
14351,14132,126
19456,4870,126
11279,44402,126
24418,24415,126
24415,24412,126
16789,33938,126
13761,13212,126
5723,5722,126
35592,38909,126
21471,21472,126
13410,13407,126
42529,14198,126
18904,18414,126
4909,5190,126
16573,16574,126
1932,2738,126
16313,16314,126
8745,9433,126
25272,16313,126
25270,25272,126
26808,26784,126
8106,7806,126
16405,16278,126
23885,23756,126
1752,1753,126
29301,42096,126
42096,28943,126
28943,41836,126
40776,13090,126
18421,7216,126
26230,25544,126
25543,26230,126
40697,45014,126
14166,29504,126
22430,23972,126
42694,39482,126
4763,4875,126
13060,13057,126
13864,13001,126
4203,21086,126
51714,34465,126
3169,3112,126
2481,2483,126
25092,44250,126
24995,39638,126
8704,8667,126
13055,13569,126
49698,14186,126
10061,51553,126
41162,42722,126
10289,10290,126
43210,3169,126
25586,12597,126
13629,13786,126
24309,23880,126
16314,23346,126
13357,42863,126
44960,9181,126
10290,11894,126
15808,16206,126
354,42785,126
26001,26098,126
5705,5727,126
2905,2482,125
15360,22076,125
9566,10444,125
4634,37410,125
11071,11003,125
8980,11275,125
13708,43652,125
303,725,125
3723,2905,125
44200,27605,125
2322,2909,125
34964,7606,125
20234,7285,125
2717,2718,125
1907,2717,125
1909,1907,125
43260,24281,125
12243,28310,125
28181,12243,125
8792,9954,125
7285,7286,125
11227,9334,125
11969,44200,125
21306,4998,125
13318,13740,125
15687,24088,125
2638,1187,125
41165,41163,125
16786,16787,125
10587,10588,125
26511,38806,125
3181,51258,125
10171,11813,125
13483,13488,125
36095,36096,125
22284,37110,125
8750,10472,125
16202,24336,125
14822,454,125
10088,9832,125
3703,17055,125
16230,23362,125
17055,17056,125
17056,3260,125
16259,43195,125
9832,11537,125
9998,9367,125
27451,27339,125
3263,3264,125
3262,3263,125
5619,18416,125
9367,10088,125
5097,4780,125
13619,13267,124
1854,1855,124
18716,19808,124
19808,6850,124
4475,4471,124
4471,4472,124
4129,1752,124
19486,18716,124
4472,4470,124
27974,27368,124
48903,2395,124
2335,2336,124
1858,1854,124
15552,15553,124
24505,24507,124
9969,9970,124
2125,2120,124
13286,14332,124
43460,50436,124
2561,2011,124
22178,24500,124
20534,4168,124
19393,19264,124
13320,13354,124
41045,41048,124
726,329,124
3735,3939,124
8973,10449,124
11259,11073,124
12944,13202,124
2336,3399,124
34632,34630,124
26536,27237,124
4817,4527,124
21388,21600,124
28117,26471,124
15613,21506,124
8999,9000,124
27550,28891,124
21506,24861,124
14130,14114,124
14114,14112,124
25830,25832,124
41672,18116,124
14129,14130,124
21608,21371,124
5285,5671,124
5671,5672,124
36107,3722,124
35622,2333,124
23450,40044,124
6716,6717,124
9618,9616,123
51564,43931,123
7570,8063,123
25434,603,123
34662,34492,123
4968,4479,123
42863,13522,123
2713,3493,123
3732,3734,123
1184,1195,123
2268,2270,123
2270,2271,123
29050,29051,123
2271,2273,123
29051,12543,123
3632,2206,123
9617,9318,123
15436,47876,123
41132,9046,123
43388,43390,123
13056,13058,123
5081,4571,123
43390,7580,123
2955,36871,123
4156,21178,123
17421,43656,123
2012,2695,123
8848,10132,123
4154,4156,123
4155,4154,123
3395,1326,123
3201,2090,123
4615,5059,123
13428,49994,123
4850,5081,123
8828,8829,123
4853,4850,123
44197,27814,123
23983,24455,123
18488,18480,123
24455,23981,123
21096,18479,123
1904,1908,123
14368,14283,123
12924,12990,123
20794,18737,123
21099,21096,123
18488,21099,123
18737,18747,123
9318,9302,123
16116,44329,123
1391,1355,123
2602,17115,123
4087,4088,123
2056,3074,123
22356,38973,123
3074,2057,123
1915,1946,123
2057,2071,123
16148,16020,122
3734,3731,122
21118,4196,122
21107,4666,122
20582,20583,122
20581,20582,122
10866,9010,122
15298,15301,122
19413,21118,122
16105,23222,122
23860,15593,122
13083,12968,122
4790,49976,122
23316,23320,122
5271,5272,122
38796,51506,122
16417,16299,122
51116,10107,122
24768,24755,122
37775,37470,122
37470,1910,122
4125,4126,122
5243,18458,122
14549,12825,122
1480,1397,122
14138,14136,122
43434,36979,122
3166,3167,122
4913,4493,122
27249,27583,122
1982,3075,122
24659,13743,122
3167,34296,122
9010,10865,122
51491,26538,122
19693,5094,122
16974,20508,122
13880,13882,122
15807,15835,122
1853,2056,122
18814,19295,122
10668,10542,122
10542,10543,122
3722,2322,122
24497,742,122
10535,10536,122
10536,10537,122
10537,10672,122
40646,16557,122
20580,20581,122
15363,15370,122
27280,27279,122
10672,10538,122
20578,20579,122
20579,20580,122
10538,10539,122
10539,10540,122
10540,10671,122
10671,10541,122
310,305,122
3491,1092,122
2566,2051,122
25210,16298,122
1855,1853,122
35291,18418,122
42750,10490,122
46373,46838,122
10848,11282,122
23877,23879,122
46838,46206,122
16299,16300,122
23438,25424,122
5069,4491,122
4493,5069,122
12815,13856,122
26679,28571,121
14101,12865,121
4620,5034,121
1380,2730,121
24295,15697,121
10688,10424,121
27899,26654,121
8786,8782,121
13136,13730,121
8646,47411,121
13994,13998,121
9371,9999,121
3073,2976,121
36980,43435,121
24156,44900,121
13998,13999,121
10961,10963,121
14108,14111,121
13990,13994,121
23299,25297,121
27579,51491,121
2730,1409,121
44142,21104,121
43395,43932,121
23884,25113,121
49171,21629,121
44703,49731,121
9999,9998,121
6895,19769,121
21123,18471,121
624,738,121
1360,17212,121
25113,23876,121
16566,24133,121
13091,13483,121
48083,13575,121
2236,2232,121
811,812,121
16783,16784,121
13232,13049,121
12946,13704,121
16945,16946,121
3577,3578,121
3576,3577,121
3575,3576,121
26438,26679,121
5821,17991,121
18471,44142,121
11844,10769,121
15327,23002,121
1998,1999,121
14175,14174,121
23106,15327,121
2000,2001,121
1999,2000,121
2119,2125,121
4880,5063,121
1997,1998,121
38945,12880,120
9760,11708,120
34987,34989,120
35010,34987,120
41680,35010,120
19332,21290,120
35011,41680,120
9759,9760,120
26327,25528,120
448,516,120
42721,41163,120
11708,11540,120
40790,35973,120
6004,37203,120
19454,4198,120
10445,48500,120
2732,2807,120
10713,11471,120
50374,50377,120
2143,3490,120
11756,11563,120
50377,50376,120
44370,16305,120
19264,5088,120
258,255,120
545,546,120
51654,48452,120
4026,1144,120
49754,49757,120
4910,4476,120
29588,14126,120
11540,11470,120
19750,20850,120
27478,51569,120
9757,9758,120
11471,9387,120
44873,44880,120
9387,11851,120
11563,8942,120
446,448,120
19457,19455,120
13522,13518,120
5141,5165,120
13518,13519,120
14081,13053,120
18903,18904,120
47828,5048,120
25993,25994,120
15370,15292,120
47119,44258,120
3470,1997,120
4911,4910,120
34111,15645,120
25097,23134,120
44400,44081,120
38162,22252,120
25995,25996,120
18449,18450,120
9545,11847,120
42013,42012,120
9758,9759,120
20308,18345,120
26000,26001,120
13181,29455,120
14045,13251,120
22080,21404,120
44375,40637,120
26091,26000,120
20850,41639,120
27350,27357,120
29019,12432,120
34240,9757,120
16347,15834,120
10419,10420,120
34630,34452,120
23134,23136,120
13382,25362,120
7912,8415,120
20458,20437,120
18345,18365,120
26205,26091,120
29018,29019,120
27529,27195,120
42923,39810,119
4043,1380,119
38136,37775,119
9898,9707,119
23876,23877,119
12007,27522,119
21156,18499,119
13951,13991,119
44777,27447,119
13996,13988,119
13145,29568,119
13453,29647,119
4499,4485,119
16622,16625,119
9748,9808,119
14045,33862,119
4586,4842,119
13742,13741,119
1326,4044,119
25354,21807,119
4488,4499,119
26531,25809,119
8851,8703,119
4561,6167,119
4523,4524,119
35794,2038,119
1292,2928,119
4914,4488,119
4848,4914,119
18239,18366,119
10780,8750,119
2928,1298,119
2108,2109,119
1307,1292,119
8466,35846,119
8125,9681,119
25268,25269,119
35464,4630,119
4650,4633,119
13764,12920,119
11878,10712,119
1996,3897,119
22060,24117,119
18860,18862,119
9553,10321,119
4490,5028,119
49784,10747,119
873,870,119
10071,10272,119
4489,4490,119
4491,4486,119
4044,1307,119
4486,4489,119
36797,11069,118
9021,11282,118
9909,10186,118
3591,17419,118
26161,25493,118
9828,9829,118
48415,49210,118
10490,46387,118
9667,9668,118
9332,9564,118
11060,11055,118
13180,13870,118
14060,29343,118
2409,2050,118
21117,4588,118
4524,4570,118
43317,43315,118
24032,21314,118
51569,12007,118
18448,18449,118
11055,10400,118
27809,27904,118
42300,10846,118
34993,39712,118
9415,9523,118
3361,2513,118
27356,27351,118
35047,8487,118
9648,9415,118
6850,18727,118
10016,11532,118
35291,4574,118
38560,19394,118
43315,44537,118
22097,21412,118
13988,13993,118
46635,9664,118
9670,9671,118
25541,26206,118
18409,18420,118
14059,14076,118
2094,2617,118
48640,49329,118
29463,14005,118
34989,50860,118
1320,1350,118
2572,2021,118
9053,10790,118
16540,16535,118
42613,3425,118
21419,22097,118
9543,9648,118
23280,24273,118
1305,42613,118
9668,11472,118
1350,3142,118
13127,12858,118
11472,9669,118
40535,43593,118
17226,17227,118
9590,10132,118
38908,35049,118
14002,13996,118
9669,9670,118
16598,16596,118
26518,26161,118
9671,9672,118
3142,1360,118
4485,4492,117
9334,9301,117
35337,42257,117
42123,40449,117
34936,34728,117
34712,34936,117
25421,23436,117
26122,25734,117
360,359,117
20576,6887,117
1304,1320,117
42929,39819,117
4015,42929,117
39821,4015,117
13155,13131,117
27498,27478,117
21675,15611,117
940,943,117
42435,5141,117
26246,26244,117
8156,34934,117
34934,34935,117
34935,34712,117
24443,24441,117
26846,26122,117
1354,4043,117
12952,12945,117
20795,7194,117
4841,4513,117
603,445,117
7194,18703,117
25939,27129,117
4842,4841,117
20695,5760,117
18902,18903,117
4735,4741,117
13378,13373,117
19394,19389,117
27136,27134,117
17233,1354,117
27572,27578,117
9681,50932,117
40449,26477,117
48024,3368,117
13891,13893,117
1345,17233,117
35632,3602,117
2315,2660,117
14112,29377,117
1298,1345,117
27578,39563,117
42605,42598,116
37114,22267,116
25130,15830,116
11292,10742,116
22315,23221,116
2176,3599,116
16489,44135,116
10921,10927,116
2431,36922,116
36922,1976,116
14475,13637,116
12987,12823,116
26106,25685,116
23489,15492,116
21799,21319,116
44054,17234,116
13434,13426,116
13478,13474,116
21115,18413,116
25685,28927,116
10665,11548,116
25692,26106,116
18858,18859,116
1155,1152,116
25584,25585,116
37607,20621,116
15834,15881,116
10534,9958,116
11457,9667,116
10663,11457,116
11535,10663,116
9958,10532,116
10662,11535,116
26236,26332,116
25583,25584,116
28928,25705,116
25705,25686,116
27295,40423,116
18835,18858,116
20639,20640,116
13659,13682,116
25269,25270,116
27595,28881,116
25686,26263,116
26871,28231,116
10418,10419,116
10324,8734,116
11548,10418,116
11516,10665,116
871,872,116
10417,11516,116
19427,18443,116
25545,26236,116
13208,13762,116
28612,26009,116
10025,10534,116
17059,17121,116
14316,40636,116
35839,17226,116
24029,24031,116
13762,13764,116
15798,977,116
12298,12245,116
29588,13052,116
2190,2589,116
2832,42762,116
24119,22061,116
10281,10323,116
38685,38683,116
9553,10281,116
10321,11844,116
2589,2176,116
14004,29457,116
17272,1163,116
29355,29356,116
26195,26196,116
2502,35837,116
13044,15831,116
2701,2894,116
15273,15274,116
38683,10618,116
49126,49138,115
15622,15621,115
5231,20694,115
44626,27577,115
26063,28612,115
17538,17551,115
21372,21373,115
1862,1860,115
16034,23861,115
12847,12823,115
26062,26063,115
26041,26062,115
25530,25598,115
49112,49154,115
50945,44626,115
9564,10274,115
2501,2358,115
21373,21362,115
25972,25973,115
12940,13957,115
5327,5328,115
220,582,115
29384,13367,115
13957,29413,115
589,507,115
41743,4657,115
29424,13155,115
49119,49114,115
13708,13707,115
4510,35337,115
21371,21372,115
25598,25606,115
4586,5013,115
24439,24442,115
20588,20268,115
18051,6484,115
13189,14367,115
14692,14720,115
20268,6895,115
44252,25367,115
49096,49126,115
4936,4664,115
4195,21120,115
18971,21308,115
29304,25538,115
48463,26502,115
49976,4735,115
15907,25091,115
13852,13861,115
49154,49113,115
28153,27220,115
15859,977,115
16975,16968,115
48040,3368,115
25606,26306,115
26067,26041,115
20377,20588,115
6484,6485,115
11813,10176,115
4656,4515,115
20427,20377,115
20426,20427,115
40027,8760,114
27801,27520,114
18579,21306,114
21363,21364,114
25582,25583,114
7517,8493,114
21607,21363,114
13596,12887,114
49723,27140,114
13479,13487,114
13963,44307,114
1194,1198,114
8492,7495,114
1179,1194,114
15381,15382,114
49138,49112,114
10488,10489,114
21364,21365,114
49103,49104,114
1111,1081,114
49144,49090,114
22172,22173,114
21056,18579,114
11923,10416,114
49122,49134,114
10486,10487,114
10487,10488,114
10415,10486,114
27140,27463,114
8825,9814,114
19555,19556,114
738,456,114
25581,25582,114
12893,48601,114
21404,22081,114
7494,35057,114
14078,44375,114
7495,7494,114
10489,11923,114
35649,2262,114
29455,29339,114
39560,44625,114
2107,3883,114
3883,17321,114
17321,3361,114
23415,23871,114
7430,7447,114
21319,21320,114
44625,44627,114
4912,4591,114
10924,10921,114
10950,10924,114
29416,13189,114
4494,4912,114
4487,4494,114
4492,4487,114
43397,43399,114
43932,43397,114
23858,23857,114
23857,23856,114
22095,15788,114
15830,22095,114
26206,26209,114
272,276,114
276,581,114
581,220,114
50150,44418,114
3792,2107,114
12876,13644,114
44536,44535,114
1109,1107,114
15569,15781,114
10177,42318,114
6485,6486,114
41045,41047,114
4943,4826,114
4676,21061,114
43316,44006,114
6887,20639,114
4658,4504,114
2272,2581,114
13787,13638,114
44535,43316,114
12982,12847,113
24202,24211,113
548,551,113
2444,17302,113
42099,26292,113
49090,49121,113
17302,3365,113
21150,18901,113
11293,47451,113
44304,38723,113
48709,12858,113
25414,23450,113
8488,7647,113
22092,22094,113
25864,26638,113
15618,15392,113
13019,13268,113
18953,20696,113
25515,38112,113
26170,26117,113
46725,10595,113
23698,43521,113
10468,11850,113
9456,46430,113
49113,49103,113
23491,23494,113
21868,49552,113
49116,49122,113
546,548,113
48060,1141,113
10137,11867,113
29432,13334,113
373,15228,113
23460,33871,113
10203,10204,113
10204,10652,113
1980,1981,113
10652,10205,113
2944,2199,113
13354,13067,113
23956,48249,113
1981,3796,113
25694,41246,113
12903,12924,113
6021,20091,113
7604,9043,113
21318,21799,113
10138,11869,113
28205,26824,113
49104,49119,113
3796,3495,113
49756,49773,113
29047,25822,113
2200,2201,113
11867,10138,113
25424,25419,113
1124,48340,113
19425,18401,113
2199,2200,113
50521,4620,112
11811,10593,112
14377,14378,112
21414,21415,112
5027,4923,112
4473,4474,112
4469,4473,112
38112,42161,112
10621,50484,112
29434,14377,112
4923,44425,112
25612,25611,112
23947,24001,112
23944,23947,112
26272,26275,112
4657,5027,112
26331,25922,112
26333,26331,112
43945,43947,112
16186,16189,112
27100,27077,112
25565,25566,112
9376,9373,112
14214,14217,112
4506,21126,112
29344,29345,112
29466,51459,112
27092,27374,112
51459,29439,112
4093,4094,112
13829,13819,112
14210,14214,112
42005,42003,112
42002,42004,112
51002,38123,112
42003,41993,112
19550,19551,112
42161,26266,112
14200,14197,112
43188,41845,112
27099,27097,112
27081,27099,112
42318,51116,112
14202,14200,112
11978,39561,112
39628,26218,112
49633,49614,112
4214,49633,112
9408,51002,112
943,35943,112
14174,14394,112
90,34110,112
16604,40646,112
728,42301,112
16611,16613,112
16608,16513,112
23842,23858,112
23840,23842,112
42024,41954,112
34491,34631,112
13079,12925,112
41137,10021,112
25092,25102,112
41217,41992,112
19428,21150,112
18445,18446,112
18563,21056,112
21398,21414,112
41992,42002,112
10484,10499,112
10773,10322,112
14075,29365,112
318,300,112
48269,24722,112
3915,2285,112
25589,25590,112
16681,16030,112
40742,10952,112
13247,12940,112
2279,2274,112
13371,43319,112
13339,14038,112
41993,34962,112
25087,12884,112
1774,1776,112
2274,2272,112
15311,15312,111
2312,2313,111
13797,12929,111
2314,2479,111
4123,4124,111
23658,23779,111
19423,4633,111
12852,12879,111
2313,2742,111
9531,9532,111
2318,2312,111
8975,9531,111
5498,18687,111
10503,9600,111
9532,9362,111
9425,10710,111
2311,2318,111
15364,15311,111
13152,14062,111
42689,505,111
26301,26103,111
21122,19423,111
16788,48441,111
2782,2783,111
188,190,111
20796,20794,111
18704,20796,111
24791,22092,111
49114,49144,111
2307,2308,111
2308,2311,111
11090,11080,111
14960,14836,111
2587,2309,111
743,22178,111
13225,13608,111
21103,19422,111
15380,15364,111
15323,980,111
2317,2587,111
24296,25100,111
15862,15644,111
24164,24162,111
13796,13797,111
26104,25694,111
2479,2317,111
15554,15555,111
49988,21872,111
19422,21119,111
21119,21122,111
20425,20426,111
18739,18748,111
20572,20425,111
51000,23259,111
14731,624,111
15312,15314,111
43978,16137,111
37260,10775,111
15280,15322,111
44673,44670,111
25569,25570,111
44670,44675,111
13814,13820,111
25828,25669,111
21393,23113,111
15279,15280,111
13959,13963,111
49121,49116,111
25669,26101,111
44675,49879,111
13374,13379,111
25755,25704,111
14289,13160,111
34134,22895,111
1043,3591,111
16975,44673,111
36928,8488,111
25567,25568,111
13788,13173,111
25566,25567,111
16168,43978,111
44960,10236,111
25416,25423,111
16525,16526,111
10595,11811,111
4576,5037,111
27464,27462,111
25568,25569,111
24062,22667,110
6742,19831,110
8848,9498,110
15835,16349,110
4998,19072,110
21321,21322,110
9427,9424,110
34971,34970,110
6722,18821,110
7444,8731,110
20694,20695,110
29344,14344,110
16618,16616,110
21320,21321,110
18002,18034,110
44865,44868,110
3926,3904,110
17317,2160,110
2470,2615,110
2615,3223,110
7876,7877,110
7445,7372,110
10132,10644,110
7408,7409,110
13251,13288,110
8962,10683,110
9590,8839,110
7470,7484,110
9375,9374,110
35281,35280,110
34970,7473,110
22667,23619,110
39785,39784,110
13088,13241,110
2728,1879,110
2824,2728,110
34110,24638,110
20618,18040,110
43811,41163,110
47006,47213,110
5034,35465,110
9556,9427,110
3563,2133,110
8639,10131,110
22668,24046,110
16431,16432,110
7448,7449,110
9031,11004,110
18015,17990,110
10131,8844,110
26655,27918,110
16159,38725,110
7464,7408,110
7449,7466,110
13820,12844,110
51620,34546,110
40131,44757,110
13104,12941,110
1154,1111,110
7466,7406,110
13913,13977,110
16352,15884,110
49675,8862,110
7504,7643,110
13236,14352,110
7406,7407,110
3387,3388,110
39638,22372,110
13971,13913,110
12207,12208,110
7407,7446,110
26165,25830,110
7446,7450,110
17402,1948,110
12880,12854,110
8843,10132,110
6378,43945,110
5342,5343,110
14800,14813,110
9356,8755,110
3563,2132,110
7479,34966,110
35302,11725,110
5343,6378,110
5673,39052,110
25924,26222,110
25102,15630,109
13440,13392,109
41599,23036,109
21871,24073,109
9599,51003,109
50382,188,109
39765,39785,109
25247,25254,109
4132,4133,109
51003,10012,109
28915,43750,109
4928,19694,109
25250,25247,109
24408,48862,109
23136,24856,109
4518,4928,109
24073,24068,109
24068,24084,109
24084,24085,109
16212,16259,109
21145,21151,109
22688,830,109
15278,22075,109
18788,19799,109
3495,2603,109
50973,3431,109
21325,21857,109
16916,43775,109
13392,29335,109
4922,44425,109
2046,2434,109
27825,44199,109
25353,24389,109
51471,15908,109
1624,36079,109
3229,2307,109
24126,23660,109
18687,18953,109
10322,10514,109
33910,25250,109
2309,2310,109
7879,8412,109
8412,35035,109
2310,2501,109
4111,1757,109
2660,35837,109
8731,8732,109
13255,51418,109
9560,50150,109
18748,18735,109
4505,4970,109
4131,4086,109
18730,18739,109
18727,18730,109
26526,26255,109
9056,44201,108
14039,29345,108
2316,2314,108
12893,48083,108
50821,42452,108
40085,40083,108
740,647,108
42452,42576,108
26058,26501,108
37040,13319,108
11725,11813,108
7472,34967,108
10779,9808,108
23997,23983,108
26271,26270,108
39791,47256,108
4242,21301,108
26131,48914,108
50817,2393,108
40083,40132,108
7400,7401,108
16555,16538,108
16559,16555,108
39177,39179,108
16558,16559,108
21673,22901,108
23779,25134,108
48328,34646,108
26501,28531,108
16515,16610,108
10951,10950,108
26270,25634,108
13286,13287,108
7360,7463,108
7399,7400,108
12931,13955,108
29350,23098,108
9910,46460,108
16283,16286,108
7403,7360,108
7402,7403,108
7414,7415,108
23121,33876,108
44243,17623,108
34988,34990,108
16372,16377,108
34990,34991,108
34991,39713,108
39713,34992,108
8617,10747,108
13955,13842,108
27369,27367,108
18807,19323,108
5729,5732,108
25939,25940,108
10042,10071,108
10563,10042,108
40024,10563,108
5696,5729,108
9739,10481,108
7463,7464,108
5732,5733,108
4597,4903,108
7413,7414,108
14352,29521,108
14545,13902,108
5733,5734,108
7510,7538,108
12941,41237,108
13667,13652,108
13055,13223,108
46460,46635,108
43289,13412,108
11933,27663,108
51623,51783,108
11969,27605,108
10136,11793,108
9265,44736,108
29472,29473,108
3497,3920,108
7450,7412,108
49489,49504,108
7398,7399,108
7415,7377,108
10186,11726,108
43290,42865,107
23117,49843,107
47287,20316,107
27195,27187,107
16901,22088,107
20316,20321,107
22088,21833,107
2584,2583,107
4206,4200,107
21553,24067,107
24067,24074,107
11270,11269,107
44290,44289,107
13712,13727,107
24153,21553,107
18008,18713,107
36099,36100,107
16976,3950,107
3558,2191,107
10079,9538,107
9538,9305,107
9305,9740,107
24154,24153,107
21869,24150,107
21870,21869,107
2292,2584,107
2291,2292,107
23115,46520,107
4500,21151,107
23924,23920,107
9633,11612,107
21348,21349,107
9908,8786,107
18376,4150,107
2197,2196,107
24085,24152,107
24074,24075,107
2196,3595,107
27135,27137,107
3595,3594,107
830,828,107
3594,3593,107
2603,1945,107
15818,15796,107
358,38118,107
3593,3558,107
353,42785,107
24012,772,107
24440,24437,107
26846,26035,107
8123,8422,107
3631,3632,107
39128,22110,107
2193,2197,107
9563,9515,107
28347,28349,107
8124,34693,107
1979,35840,107
28198,26803,107
2466,2218,107
3193,16970,107
17063,17092,107
19615,18366,107
15210,15209,107
14218,14213,107
27656,27661,107
14128,13052,107
198,207,107
40424,40061,107
18437,18456,107
34495,51617,107
47982,11880,107
647,24721,107
3786,2466,107
15372,38393,107
3726,3786,107
1158,39221,107
1940,3496,107
3496,1978,107
34693,8421,107
41605,49421,107
42446,50610,107
16300,16302,107
3725,3726,107
13001,13003,107
43506,44867,107
3173,3174,107
21294,21291,107
50610,43506,107
25805,25806,107
2181,2193,107
13610,13063,107
21680,16807,107
1978,1979,107
9739,9289,107
11814,10170,107
2218,2181,107
8422,8124,107
13054,14351,107
26035,25681,107
25681,44924,107
10414,10784,107
15558,15559,107
17629,44341,107
3629,3630,106
36079,36031,106
13828,12845,106
13153,13093,106
35037,8419,106
3628,3629,106
41769,49713,106
13056,49715,106
9497,9644,106
3288,3628,106
16307,15806,106
8119,35037,106
34998,8117,106
10097,37257,106
8117,8118,106
3627,3288,106
28671,25688,106
3596,3627,106
8118,8119,106
35334,35335,106
16794,24213,106
23952,23953,106
3490,2158,106
10013,10102,106
9744,10013,106
19314,6004,106
7638,7519,106
19322,18807,106
9338,11922,106
9650,9338,106
9337,9650,106
9649,9337,106
10074,9649,106
43374,42024,106
34238,10768,106
3892,3792,106
15426,15427,106
23459,15491,106
9522,9320,106
24103,24102,106
13689,13681,106
27401,12004,106
10102,9542,106
39491,39492,106
27466,27338,106
37570,3599,106
25770,25766,106
9553,7381,106
10753,11648,106
14016,14014,106
22825,22803,106
10095,10753,106
8733,10446,106
14024,13911,106
4676,4655,106
27471,27466,106
1760,4894,106
10366,9565,106
16349,24318,106
20703,5599,106
10073,10074,106
13873,13003,106
11800,10073,106
9542,11800,106
41124,41131,106
2892,2893,106
3791,3892,106
44105,28919,106
16538,16543,106
43699,49672,106
24991,24698,106
24698,16917,106
24697,24991,106
547,526,106
42434,4597,106
13420,24157,106
526,37538,106
3630,3631,106
21292,18662,106
2391,2633,106
299,301,106
41046,41048,106
41125,41124,106
28919,40085,106
2151,35844,106
28592,28588,106
23308,41125,106
21104,18474,105
13781,13779,105
2296,2585,105
2028,3327,105
26935,26936,105
13779,13783,105
2402,51258,105
28044,27438,105
18481,4194,105
27288,27285,105
26934,28570,105
26966,27288,105
13783,13775,105
3402,2786,105
10960,10990,105
21376,21603,105
28046,28044,105
14396,14175,105
2069,2067,105
21603,21377,105
34217,44681,105
21358,21604,105
28570,26935,105
15368,16916,105
28045,28047,105
26933,26934,105
13638,13166,105
27813,27825,105
9623,9489,105
25880,12119,105
49129,49097,105
9902,10185,105
26293,25626,105
42485,42483,105
16619,16624,105
22162,22163,105
2908,42485,105
3223,2666,105
25810,46257,105
44249,25369,105
2294,2295,105
16100,16101,105
16101,16102,105
13188,12962,105
2585,2294,105
39495,39496,105
39492,39495,105
44589,13318,105
50869,21211,105
24146,24145,105
28047,28022,105
21357,21358,105
9674,34268,105
9326,9327,105
9306,9510,105
2185,2186,105
2101,3793,105
39221,1176,105
16624,16623,105
6713,19702,105
10732,9734,105
2099,2101,105
9734,9330,105
2350,2750,105
23865,23872,105
2186,35627,105
3264,2968,105
9330,9326,105
16094,16097,105
9327,10405,105
10405,9328,105
2750,17106,105
9328,9306,105
12084,12299,105
887,23142,105
14338,13206,105
17102,2350,105
17061,17063,105
2349,17102,105
3368,3096,105
2183,2185,105
3331,1090,105
9329,10033,105
9309,9329,105
6720,6721,105
2748,2932,105
2932,17186,105
17053,3703,105
34268,9543,105
2931,2748,105
24133,16570,105
2182,2183,105
25367,23316,105
16544,16541,105
9308,9309,105
28023,28046,105
16553,16554,105
16554,16556,105
16541,16553,105
24708,16572,105
49132,49143,105
25832,25833,104
10209,10407,104
50380,16268,104
49092,49099,104
14350,13052,104
2277,3012,104
549,547,104
49133,49115,104
10408,10116,104
15233,14612,104
34650,43382,104
515,517,104
10281,8734,104
48363,14549,104
15409,15411,104
27445,27401,104
10407,10408,104
2933,2751,104
49131,49157,104
8969,9911,104
1816,1822,104
2907,2906,104
8121,8122,104
9300,9307,104
21604,21605,104
21605,21375,104
8120,8121,104
23910,23982,104
8420,8120,104
9307,9308,104
23982,23986,104
41341,41769,104
22074,22089,104
23843,23841,104
17488,3870,104
2908,2907,104
2906,2323,104
24142,49994,104
2323,2910,104
18571,21073,104
26117,43372,104
24295,25261,104
44242,1824,104
26184,26179,104
1821,44242,104
1823,1821,104
1822,1823,104
15367,15368,104
24178,801,104
41047,49559,104
16574,16563,104
13054,14129,104
37786,11584,104
10215,10216,104
801,24120,104
27499,26608,104
5012,4570,104
41948,41947,104
49392,27974,104
12408,28311,104
9521,9300,104
5011,5012,104
26932,28569,104
25818,26932,104
7503,8488,104
11584,10215,104
9300,9516,104
11456,10662,104
49130,49107,104
10082,10096,104
9480,11770,104
14489,14287,104
12245,25860,104
15876,15391,104
27202,27201,104
26516,43616,104
3949,3544,104
2236,2963,104
26123,12026,104
2617,3782,104
25503,25487,104
4226,4220,104
27500,27202,104
20435,19749,104
37251,8638,104
8395,8139,104
8139,8140,104
3153,2653,104
33940,24053,104
9516,9517,104
11286,11068,104
9517,10033,104
49140,49141,104
12120,12121,104
47859,39052,104
49107,49129,104
35057,7510,104
38911,7389,104
7492,7487,104
13523,13150,104
9289,9292,104
7642,7566,104
19545,19546,104
11922,9362,104
9291,9294,104
27203,27501,104
15542,15543,104
2027,41948,104
13712,12841,104
27200,27203,104
9362,9442,104
8639,9053,104
11648,10082,104
50865,34988,104
22928,971,103
13120,13035,103
3559,3596,103
518,515,103
2880,2472,103
543,518,103
38863,8862,103
51152,22413,103
5673,6059,103
16285,16363,103
29337,13442,103
22130,25325,103
4734,4805,103
4712,40818,103
9522,9551,103
29323,29337,103
13035,38940,103
18681,51405,103
13780,44255,103
13686,13684,103
15670,25098,103
49142,49120,103
24058,24057,103
21938,24058,103
11030,41664,103
49120,49131,103
6998,18821,103
2209,3559,103
3038,1906,103
27368,27989,103
51389,21540,103
16390,25265,103
25597,25549,103
38356,50901,103
551,554,103
47449,11293,103
49988,24855,103
35318,8799,103
50803,35318,103
2512,1734,103
11237,10163,103
10886,11135,103
16917,23106,103
17338,3173,103
49102,49127,103
23666,51389,103
18365,5238,103
27439,28045,103
14613,25354,103
49128,49140,103
2759,2340,103
1735,2759,103
13118,12944,103
49117,49128,103
13878,13879,103
49097,49095,103
18735,20795,103
1460,2549,103
13167,48897,103
2068,2071,103
22062,39129,103
16302,25274,103
13501,13494,103
2549,17225,103
25934,25935,103
2490,2512,103
3921,2650,103
49143,49098,103
3119,17337,103
21540,21353,103
21867,24151,103
15349,15350,103
17337,3170,103
21353,24094,103
4008,43345,103
10225,47173,103
21815,21867,103
6715,6716,102
5736,5737,102
13574,42146,102
9530,9519,102
17550,17542,102
5737,5738,102
16914,24033,102
5738,5739,102
14086,14184,102
25240,25246,102
13992,13989,102
19702,20701,102
48462,8636,102
2653,1784,102
42146,13585,102
5739,5740,102
20190,19840,102
23113,23114,102
3165,3111,102
43209,10210,102
15907,25092,102
10409,43209,102
9518,9530,102
10243,10409,102
10732,9518,102
1880,1881,102
1865,1880,102
27186,27177,102
9519,9306,102
43314,50625,102
50633,43314,102
41162,41164,102
44439,44700,102
26347,26349,102
29440,29441,102
22234,22235,102
43488,26347,102
16510,23293,102
13933,13931,102
1355,1318,102
2751,1747,102
26190,27118,102
13322,12932,102
27904,27905,102
1090,1125,102
26262,35688,102
13088,43314,102
9261,9262,102
9262,9265,102
18484,18454,102
18477,18484,102
11727,10647,102
27192,27190,102
27854,27873,102
18426,18477,102
6057,18421,102
5740,5741,102
13198,13924,102
21682,21683,102
26207,43488,102
2067,2068,102
22261,21675,102
1785,2676,102
26715,51421,102
27446,27442,102
14133,14353,102
13924,13933,102
14132,14133,102
741,41462,102
23973,24092,102
2390,2391,102
21807,23911,102
3989,2390,102
49139,49147,102
12121,25864,102
3161,3162,102
16279,15806,102
15806,15594,102
3162,35626,102
41321,41340,102
48502,26133,102
49730,41321,102
26133,25913,102
1324,3395,102
27115,27423,102
17335,17474,102
1982,3470,102
16077,16078,102
35626,35837,102
27442,27445,102
43750,26849,102
49156,49155,102
23854,23843,102
22170,22171,102
15694,24722,102
22171,22172,102
25058,39638,102
22173,22174,102
13731,13720,102
1950,1956,102
24016,25358,102
5727,5453,102
43147,4665,101
10076,10075,101
9361,10076,101
25261,16393,101
11552,9361,101
13784,13780,101
49326,1141,101
9808,9595,101
10122,11552,101
2102,3811,101
18108,20435,101
27849,27846,101
3793,2102,101
6717,34157,101
21722,22640,101
15234,14611,101
192,15234,101
15487,23459,101
14343,14047,101
13693,13686,101
22174,22130,101
22640,23704,101
29198,41392,101
5771,5673,101
6721,6722,101
4243,19877,101
27220,28592,101
2011,2135,101
16976,50817,101
16305,16180,101
27177,27530,101
10209,10158,101
41947,2046,101
13777,13784,101
43314,13053,101
13042,13075,101
16115,16116,101
16030,21715,101
49141,49142,101
23448,15487,101
49117,49102,101
44687,13693,101
18420,5240,101
14611,14632,101
24538,24583,101
26843,26842,101
42736,50869,101
48418,21786,101
7546,7559,101
15619,49741,101
49099,49091,101
27850,27848,101
49091,49148,101
49148,49133,101
13107,13500,101
13265,12831,101
50379,23259,101
13683,13687,101
49115,49108,101
13201,13932,101
22063,22065,101
49155,49118,101
47442,37529,101
9359,10122,101
14961,14954,101
18959,18960,101
28569,26933,101
11921,10014,101
10014,9743,101
18193,19381,101
9651,9359,101
9656,11227,101
534,536,101
38862,38860,101
47136,49357,101
10015,47136,101
4673,4158,101
16395,16397,101
49153,49125,101
48051,3368,101
13857,51811,101
49098,49130,101
27846,27852,101
49105,49156,101
13951,13990,101
8617,45042,101
16393,16395,101
27390,26087,100
14184,14181,100
22252,22164,100
353,42786,100
15709,15606,100
21498,21499,100
26115,25707,100
35332,48129,100
28680,25902,100
14085,14086,100
14354,29461,100
10572,39224,100
9475,49354,100
13856,13857,100
5622,18357,100
13657,29635,100
2651,3222,100
47825,5048,100
49147,49111,100
17629,17610,100
49545,41046,100
22164,22165,100
14140,13236,100
2616,2468,100
24162,24165,100
16099,16100,100
26557,27850,100
3222,2616,100
11094,11120,100
5742,5743,100
4875,19821,100
26098,27390,100
15391,15617,100
13270,13892,100
43422,26150,100
23730,783,100
10101,8966,100
27481,48117,100
783,823,100
2430,1973,100
5741,5742,100
4511,4728,100
1968,2430,100
16509,16511,100
1990,1991,100
23777,24775,100
22169,22170,100
16391,25224,100
4128,4129,100
13687,13691,100
2338,2339,100
34969,7488,100
48897,13569,100
12866,12888,100
2254,2880,100
45016,26528,100
44422,45016,100
4924,50258,100
7416,7422,100
18893,17675,100
44871,42446,100
20438,19703,100
20848,20438,100
25794,25792,100
41049,38865,100
27499,42868,100
25611,26473,100
1318,17232,100
17232,1328,100
2339,2760,100
2341,3153,100
13691,13718,100
14982,14969,100
22204,23061,100
23492,33905,100
23051,22143,100
23050,23051,100
43596,25210,100
23049,23050,100
23048,23049,100
33905,23465,100
16491,16004,100
23465,33899,100
33899,23461,100
24166,24163,100
27560,48347,100
7431,7432,100
8700,35319,100
25913,25914,100
7432,7433,100
1410,1417,100
4195,18385,100
1328,16996,100
17468,2263,100
37203,18814,100
5999,40418,100
42551,42781,100
4134,39090,100
39090,3589,100
11995,27162,100
22168,22169,100
42533,42551,100
25707,26261,100
42530,42532,100
25919,25805,100
13040,13345,100
19290,5999,100
12118,26588,99
2605,2851,99
26691,25770,99
1372,1402,99
2431,1971,99
25973,50238,99
1971,1972,99
1972,1970,99
2850,1990,99
2514,3789,99
2604,1992,99
1992,2605,99
1969,1968,99
13143,13634,99
5473,5472,99
2113,2514,99
1402,1405,99
51802,51759,99
1405,1413,99
2106,3790,99
13500,47442,99
22148,22149,99
25246,701,99
15671,15873,99
11011,11019,99
49111,49153,99
24765,35287,99
29478,13136,99
25246,40529,99
49108,49105,99
34236,10639,99
46414,34236,99
11034,11011,99
44961,46414,99
3789,2515,99
19369,4780,99
27229,27236,99
44374,44376,99
49118,49139,99
11003,10999,99
13733,29478,99
11027,11034,99
1736,3152,99
8439,41132,99
1781,1736,99
1842,1781,99
24158,13419,99
22249,22110,99
49697,13148,99
42036,42035,99
46661,47119,99
10430,11068,99
23734,22934,99
5459,5328,99
2516,3765,99
24482,24584,99
11136,8899,99
8772,11424,99
9031,11001,99
5472,5471,99
50914,50902,99
50902,6080,99
5471,5470,99
19879,47430,99
27873,27835,99
47430,20317,99
34218,3977,99
26588,12327,99
21282,17970,99
549,543,99
2515,2516,99
5470,5469,99
25704,28183,99
13479,29634,99
25068,25067,99
21600,21390,99
48507,48506,99
35319,46925,99
18662,18681,99
9581,9533,99
22149,22150,99
3765,2106,99
2654,3038,99
11067,11015,98
8136,8420,98
38892,3954,98
8135,8136,98
8324,8133,98
49581,49564,98
5913,17853,98
49579,49581,98
23030,23031,98
23029,23030,98
25591,25592,98
49152,49095,98
28230,51430,98
15411,25090,98
26302,26135,98
13929,13842,98
8419,8324,98
26135,26134,98
26134,48503,98
29482,42863,98
26178,26118,98
29213,29302,98
29350,24181,98
8134,8135,98
8133,8134,98
23028,23029,98
13149,13524,98
48962,42533,98
714,593,98
1864,1865,98
41962,29213,98
5382,5384,98
22182,22205,98
16230,33910,98
22470,21681,98
9916,10667,98
13195,14084,98
5476,5475,98
5475,5474,98
28566,26821,98
5335,5700,98
27284,27280,98
27297,27284,98
13223,13111,98
29435,29465,98
444,602,98
25090,15479,98
449,447,98
44421,48080,98
10075,37833,98
37833,9541,98
9541,11921,98
14533,14009,98
4126,4127,98
9738,9651,98
12824,13113,98
14009,14083,98
35687,10874,98
14605,50491,98
26167,26197,98
28578,26673,98
24848,50259,98
5380,5382,98
27479,27499,98
26592,26591,98
26530,41962,98
21628,49169,98
22196,22197,98
26841,26844,98
18549,18550,98
18544,18547,98
42532,48962,98
7651,7504,98
27590,42693,98
24480,24481,98
13993,13989,98
21853,16289,98
13952,13931,98
48265,25092,98
5478,5477,98
9809,11910,98
14083,14085,98
7443,7395,98
35632,3601,98
20504,3266,98
24757,24756,98
22817,13386,98
13386,29629,98
5477,5476,98
51596,15604,98
43279,13473,98
25971,25972,97
44038,44060,97
20641,20578,97
25878,25733,97
25891,25893,97
17048,17487,97
22147,22148,97
23889,23890,97
27467,27472,97
27339,27467,97
16807,23889,97
3260,41595,97
41595,3262,97
27623,26496,97
39311,13188,97
22661,21680,97
29505,14171,97
40115,40116,97
14176,29505,97
17092,38784,97
38784,2931,97
13641,13639,97
25855,11981,97
23890,22674,97
18239,4859,97
25369,25368,97
22146,22147,97
22145,22146,97
22144,22145,97
44060,44062,97
27835,27817,97
3265,3295,97
10474,37731,97
23223,38111,97
13893,13954,97
19774,20570,97
40531,643,97
40530,40531,97
23074,23072,97
16289,21692,97
18550,18561,97
38652,38655,97
542,622,97
37100,24493,97
18691,7197,97
21507,23883,97
17595,17588,97
8750,8935,97
1099,42581,97
11998,27163,97
5467,5466,97
39718,27275,97
27275,27302,97
2133,2134,97
5465,5459,97
5466,5465,97
14034,14031,97
24493,24494,97
14182,14185,97
28262,26795,97
17623,17634,97
43351,4576,97
37785,9053,97
24417,24431,97
24491,37102,97
537,709,97
11135,35681,97
29629,13378,97
37102,37100,97
16620,16617,96
15382,15288,96
28900,25525,96
16621,16620,96
25525,26266,96
44251,25366,96
15053,15043,96
15291,15301,96
14041,14032,96
48500,8750,96
15043,15250,96
14099,14100,96
15363,15346,96
15347,15288,96
5316,5425,96
14010,14532,96
14084,14010,96
14183,13195,96
27300,27297,96
14185,14183,96
21174,18659,96
41607,48346,96
9016,10868,96
24583,741,96
44252,16766,96
15812,16264,96
5474,5473,96
44758,28466,96
12838,13862,96
13088,13135,96
4754,18871,96
19592,19866,96
2109,2428,96
11910,9322,96
9322,10017,96
10017,9323,96
46206,9423,96
9418,46206,96
11596,9418,96
9606,11596,96
3090,2426,96
9323,9368,96
38725,15746,96
5372,5373,96
9410,9606,96
9665,9410,96
2426,3681,96
18871,4873,96
4873,4880,96
16785,16817,96
9920,9916,96
48267,12838,96
11339,9908,96
25878,26121,96
34169,11873,96
34168,34169,96
43813,49431,96
48921,22,96
9752,9920,96
7486,41216,96
13103,48438,96
9919,9752,96
38927,554,96
11644,9919,96
43279,13448,96
40093,40092,96
40092,40091,96
16623,16621,96
9396,9401,96
42868,27498,96
22118,22119,96
23307,15436,96
16092,16097,96
23288,16607,96
21497,21498,96
9737,21853,96
22819,21817,96
1051,1048,96
28292,28307,96
258,44432,96
43791,10647,96
23084,23055,96
44432,259,96
35625,2476,96
15628,24210,96
17747,17737,96
15634,15628,96
22252,23027,96
15499,33894,96
12876,13813,96
259,260,96
39497,39494,96
333,599,96
2220,1488,96
1404,1397,96
24738,21880,96
13667,50608,96
39493,39490,96
39494,39493,96
26113,26112,96
11879,11291,96
39478,39476,95
43521,43520,95
21314,24028,95
46987,2069,95
51462,14121,95
25858,25859,95
1420,1412,95
46319,42484,95
1412,1404,95
42484,42486,95
17611,17615,95
22374,24759,95
39962,29322,95
48481,37260,95
17004,38278,95
1359,1340,95
24759,22356,95
47935,50929,95
39766,39477,95
37260,8750,95
42855,14512,95
38130,38128,95
38132,38130,95
22934,16770,95
38134,38132,95
11016,11066,95
43793,38134,95
37786,43793,95
38128,10216,95
14514,42855,95
14512,14513,95
39477,39478,95
38590,11616,95
23273,825,95
10036,38589,95
24641,22374,95
14142,14149,95
50903,47934,95
39830,40543,95
44288,39766,95
7385,7482,95
27599,41542,95
8794,9971,95
24468,12962,95
15061,15060,95
19253,18679,95
15300,15380,95
13721,13724,95
15056,15061,95
24020,29582,95
8899,51199,95
12848,13700,95
15248,15046,95
198,592,95
13787,13630,95
12839,12848,95
27286,27287,95
49106,49152,95
27287,26967,95
10251,8073,95
12862,12839,95
25092,25338,95
12852,13648,95
16103,43053,95
5048,4505,95
15046,15056,95
40543,43346,95
28310,28209,95
15060,15053,95
14059,29358,95
4871,19455,95
17684,17629,95
21678,21679,95
4194,19264,95
12884,12815,94
22975,24641,94
22974,22975,94
21287,21294,94
13662,13661,94
1449,17283,94
13641,12828,94
26577,12117,94
2601,2753,94
3328,2021,94
9056,27833,94
25916,26179,94
3219,43210,94
3218,3219,94
7804,7805,94
18552,18559,94
3217,3218,94
2956,3328,94
13999,14003,94
8418,7804,94
36998,15034,94
7663,7779,94
3540,3217,94
36997,36998,94
5718,5710,94
16009,15994,94
13568,49934,94
16268,16338,94
43797,43798,94
10491,9320,94
28843,28844,94
44423,26354,94
14813,14825,94
23962,23647,94
49925,13547,94
26354,25474,94
25479,44423,94
16218,16401,94
13726,43652,94
25474,43616,94
13547,13571,94
12889,13726,94
13571,13228,94
22674,23234,94
3004,3005,94
2051,3816,94
13561,13586,94
10468,10463,94
25733,26075,94
11903,11856,94
25554,25807,94
4615,38763,94
13645,12847,94
23222,23211,94
10463,10460,94
16937,16938,94
12935,13568,94
23717,21810,94
13228,12998,94
24509,24510,94
14078,29365,94
25602,28900,94
27646,26849,94
35681,35682,94
10923,10925,94
34140,16850,94
25555,25556,94
17315,3611,94
18009,6620,94
25634,40105,94
40105,25602,94
21343,21697,94
41513,41989,94
22189,38162,94
15289,15380,94
15300,15294,94
25496,26156,94
26156,41200,94
21355,21354,94
10163,41137,94
3899,3007,94
1471,1456,94
22188,22220,94
10920,10923,94
10926,10920,94
23553,23840,94
3707,3298,94
3299,3300,94
21380,21379,94
23646,23664,94
21591,21469,94
3297,3707,94
3927,3297,94
2474,3927,94
23664,22815,94
22815,22620,94
40741,11065,94
3300,3301,94
22620,22621,94
49164,38796,94
24717,24132,94
16900,51281,94
14205,14207,94
23565,34112,94
23653,23559,94
50971,3159,94
3601,43873,94
18680,21292,94
39129,22063,94
43700,8905,94
41165,42722,94
42721,41164,94
49564,49519,94
25332,50894,94
3343,3547,94
18459,5616,94
12597,26113,94
25918,25975,94
39476,39765,94
2340,2490,94
3298,3299,94
11970,44197,94
5725,5724,94
5724,5723,94
29339,14100,94
13534,47429,93
44431,44433,93
44433,267,93
6546,6547,93
6545,6546,93
18474,21103,93
38709,38703,93
6548,6549,93
50039,2826,93
10874,11136,93
13257,13428,93
49967,50039,93
15478,25089,93
43382,51619,93
24438,24482,93
6547,6548,93
6549,42020,93
38705,38709,93
13648,13057,93
38703,38711,93
13896,13883,93
12888,13831,93
22143,36095,93
13567,13534,93
48450,48451,93
22899,16067,93
13831,13874,93
1449,17229,93
5075,5091,93
8073,8399,93
38711,34143,93
27842,27864,93
13874,43231,93
13821,13814,93
43231,12815,93
13647,13821,93
27852,27854,93
13387,25362,93
39535,39534,93
4968,4261,93
16396,16394,93
2563,43656,93
25366,44248,93
48848,39360,93
39360,39928,93
43748,13833,93
13833,13828,93
35287,23880,93
39928,44787,93
12845,13817,93
506,14751,93
3327,1995,93
10775,10776,93
23884,15715,93
49303,24083,93
43793,10205,93
38133,43793,93
24786,16335,93
24158,24156,93
38131,38133,93
22966,23731,93
16789,16790,93
10757,11632,93
44250,16766,93
23645,23696,93
16394,16392,93
24336,24786,93
43190,44369,93
13819,13815,93
8293,8294,93
8294,7905,93
7907,34842,93
26613,26628,93
9553,10446,93
21851,22319,93
1071,1051,93
13379,13380,93
50788,21594,93
2654,1906,93
35853,3521,93
24787,50788,93
24456,24418,93
25089,25068,93
14193,49372,93
13380,13387,93
4622,4623,92
38871,38870,92
13932,13363,92
16370,15868,92
25807,25548,92
24696,25206,92
23703,23646,92
13955,13841,92
43370,28854,92
49484,49584,92
44962,10747,92
22957,23703,92
42707,13730,92
21269,4224,92
9264,9075,92
8447,9264,92
8668,10743,92
18806,19322,92
38590,10037,92
14054,38939,92
2359,2740,92
16938,17138,92
3904,3867,92
26351,25515,92
8439,11161,92
11894,38127,92
38127,38129,92
38129,38131,92
26112,42024,92
10034,38589,92
2740,37466,92
22192,23033,92
14057,14076,92
43984,15841,92
35637,17159,92
17159,1448,92
42178,42184,92
14040,14042,92
14044,13286,92
1077,44101,92
6486,18015,92
4086,4087,92
14028,14497,92
43030,27195,92
25806,26177,92
4780,4916,92
3152,1735,92
35314,18957,92
16335,25206,92
21061,4655,92
17853,21213,92
21187,5913,92
5912,21187,92
11617,10210,92
48294,25092,92
13822,13648,92
13065,12935,92
37264,11600,92
39563,46704,92
13883,13878,92
38704,38705,92
49329,13319,92
10101,8965,92
7651,7643,92
26591,26587,92
2162,3029,92
3029,17317,92
21304,4243,92
9442,10444,92
17984,18009,92
17974,17984,92
17634,17710,92
25398,23151,92
42653,19704,92
19704,20458,92
20437,20849,92
38802,35637,92
10985,8991,92
10449,37264,92
20370,19867,92
41215,34969,92
13580,13065,92
49485,19879,92
22309,21595,92
22177,41336,92
1376,35839,92
41742,4729,92
23874,23878,92
23873,23874,92
23415,23873,92
16098,23532,92
16384,16383,92
48117,27479,92
5627,20171,92
12983,12818,92
10621,11476,92
5372,6059,92
13469,13450,92
13647,13822,92
12829,13640,92
24026,23958,92
21125,18410,92
14731,438,92
15722,16338,92
13822,12854,92
27242,27267,91
26906,28233,91
48242,5048,91
24532,25376,91
971,15859,91
23103,16900,91
20317,20319,91
2659,2374,91
2374,19722,91
7805,7911,91
4654,4567,91
21341,21342,91
29476,12885,91
25546,25547,91
20849,39145,91
13818,36828,91
21679,22340,91
44199,27827,91
17279,17192,91
5716,6059,91
3529,17279,91
25840,27344,91
38143,22072,91
38763,5071,91
1364,1704,91
27294,39497,91
17949,17947,91
11000,10999,91
25935,25936,91
4567,4950,91
42460,50049,91
2760,2341,91
34647,34654,91
7036,39003,91
4946,4658,91
27191,39558,91
1879,1877,91
7779,8328,91
43520,812,91
27267,27268,91
39352,27530,91
2133,2434,91
3797,3021,91
44410,9000,91
18857,18234,91
27268,27269,91
42672,42667,91
15991,16622,91
8292,8293,91
43461,1284,91
16996,43461,91
44059,44036,91
8291,8292,91
10995,8991,91
42673,42672,91
43800,43802,91
42669,42673,91
42675,42669,91
4950,4953,91
14343,14038,91
27871,28598,91
51104,42675,91
50049,51104,91
17315,35794,91
43798,43800,91
9043,9737,91
14353,14139,91
89,15611,91
12031,25918,91
10647,11590,91
25918,27585,91
26024,25605,91
50830,13895,91
3307,2853,91
1919,3307,91
12837,48266,91
23892,16800,91
2873,3445,91
23705,23645,91
1918,1919,91
1921,1918,91
1926,1921,91
2529,1926,91
2530,2529,91
3445,2625,91
3164,3362,91
21134,18514,91
21131,21134,91
21129,21131,91
1924,2530,91
13815,13822,91
2625,1924,91
26342,12031,91
12938,13955,91
15351,24199,91
946,950,91
38762,38761,91
38761,6167,91
949,946,91
290,285,91
38765,4945,91
9478,11739,91
15486,23223,91
13818,12888,91
14720,15233,91
287,281,91
11739,9639,91
4584,38762,91
9639,49351,91
509,440,91
15722,16369,91
294,286,91
51405,21218,91
28671,26131,91
13882,50830,91
35973,22144,91
24002,23945,90
4625,4626,90
16474,16475,90
18861,21283,90
21173,5912,90
25076,23316,90
28845,26012,90
27453,27448,90
51254,41161,90
43801,51254,90
11235,41133,90
19598,19599,90
18034,18047,90
21152,6197,90
6197,19431,90
19431,21173,90
14369,14121,90
43286,13453,90
26295,25980,90
13953,12937,90
4623,4625,90
24000,24002,90
24021,25358,90
1641,1154,90
48607,26963,90
13972,13975,90
29418,13972,90
43783,44251,90
525,38927,90
524,525,90
16572,16509,90
39790,39788,90
12327,27215,90
23034,25325,90
25899,26089,90
4804,4733,90
26089,26094,90
27307,26345,90
26963,39361,90
25336,25337,90
25225,25228,90
7973,8418,90
26605,27498,90
44680,34217,90
947,948,90
24091,24093,90
14355,14077,90
18573,18680,90
16402,16373,90
2489,3324,90
34864,7973,90
35035,34864,90
36845,7907,90
7905,36845,90
2484,2482,90
25227,25225,90
4916,4827,90
24273,16478,90
41807,39180,90
21469,21470,90
51672,38861,90
11019,11018,90
10980,10976,90
27252,27247,90
13247,14477,90
41764,41807,90
48113,26122,90
3514,3515,90
35686,35687,90
27247,27246,90
13140,41237,90
16031,21513,90
3362,3165,90
25058,34217,90
50332,29325,90
48034,3368,90
42862,13601,90
24638,23565,90
22989,22990,90
15630,25103,90
25103,15854,90
15854,15493,90
5454,5451,90
27134,25855,90
34082,34083,90
25580,25581,90
22165,40735,90
43769,16917,90
3115,2739,90
2739,2364,90
27138,27446,90
3500,3514,90
26353,27307,90
1323,2916,90
11682,9482,90
9435,11682,90
35657,3516,90
9482,10679,90
22519,21549,90
21549,21361,90
26341,28899,90
11020,11012,90
11012,11033,90
3515,35657,90
11033,11026,90
28899,26351,90
28286,12408,90
10679,9727,90
13740,13179,89
15424,15425,89
15423,15424,89
40643,25278,89
34995,8038,89
22239,22284,89
18251,18258,89
34335,34494,89
16413,22239,89
14825,14836,89
21416,51152,89
2804,3962,89
3202,3203,89
26184,11931,89
3203,3204,89
1857,3962,89
12888,12844,89
14497,14023,89
15422,15423,89
29347,29348,89
28311,12082,89
13740,13942,89
48815,24509,89
14111,14113,89
13863,12816,89
43689,643,89
3824,2690,89
13100,14349,89
2690,2491,89
2491,2338,89
50554,43689,89
28863,39790,89
16287,50554,89
43275,43313,89
23239,51656,89
24717,775,89
3011,2278,89
12950,13901,89
25950,26592,89
35682,42460,89
3204,1917,89
14548,13817,89
1917,1920,89
28576,28206,89
21513,16678,89
20750,34331,89
16676,23355,89
26698,49692,89
25919,25920,89
34333,20750,89
15274,15270,89
20577,34333,89
24535,16650,89
49692,28576,89
46520,15212,89
4878,4872,89
4872,5082,89
34648,34647,89
11071,11067,89
15351,15877,89
15326,15342,89
51622,34494,89
8100,8037,89
8099,8100,89
34331,34332,89
2091,2089,89
48521,589,89
615,48521,89
15212,15254,89
12886,13788,89
1920,1922,89
8038,8099,89
1922,3106,89
3106,3107,89
3107,1927,89
1927,1923,89
1923,1925,89
12117,12118,89
9488,49359,89
26574,26577,89
26564,26574,89
26561,26564,89
24503,24505,89
35840,3075,89
26554,26561,89
13103,38936,89
21594,21473,89
36871,1973,89
16571,16542,89
44063,44061,89
26093,26080,89
4505,6326,89
23747,22519,89
29436,29472,89
12274,35603,89
49234,89,89
41017,16785,89
21790,38673,89
12089,12088,89
15372,23125,89
23125,15315,89
14281,29496,89
29402,29406,89
3718,3234,88
27181,27499,88
35714,35715,88
17269,17268,88
24437,14606,88
41829,35720,88
5638,5716,88
1311,1313,88
25587,26108,88
23906,14613,88
28571,26698,88
47850,51654,88
47847,47850,88
16777,16778,88
39168,41810,88
25689,27794,88
23654,23655,88
19457,43403,88
4222,18008,88
4862,4654,88
83,23654,88
27103,25587,88
8939,10309,88
22373,83,88
5672,5771,88
16778,16794,88
49582,49586,88
16418,15796,88
49586,49600,88
49600,49599,88
5917,5066,88
3693,17402,88
49584,49582,88
5552,18804,88
505,48520,88
27109,26215,88
48520,509,88
284,283,88
49497,23705,88
8037,8217,88
23628,49497,88
11945,26312,88
24581,745,88
22619,23628,88
51436,14398,88
22618,22619,88
4741,4878,88
19596,19597,88
286,288,88
51776,47843,88
4542,4775,88
16680,16679,88
12963,29350,88
24431,24438,88
27462,27468,88
44590,10775,88
11737,8726,88
13234,13169,88
12905,13216,88
13098,12905,88
21342,21343,88
230,223,88
21692,16288,88
5109,4946,88
226,219,88
21866,21416,88
25087,48268,88
24150,21866,88
5451,5479,88
22661,21682,88
42168,27599,88
41463,743,88
3956,48889,88
2976,17422,88
13364,13952,88
3547,3350,88
3350,3351,88
47967,47968,88
27468,27454,88
27454,27455,88
27455,50464,88
50464,27338,88
16149,16474,88
27177,48257,88
27533,27482,88
14075,38939,88
28906,26341,88
11824,10775,88
48020,17505,88
4224,4223,88
25271,23344,88
16312,25271,88
41020,39302,88
16597,23288,88
3811,3881,88
22256,980,88
15381,15298,88
15621,15529,88
2700,17352,88
10955,10961,88
16801,23893,88
13787,13640,88
12929,13801,88
27498,27197,88
48505,48508,88
36797,11072,88
24428,24392,88
26203,25921,88
38111,15418,88
26243,26249,88
2500,1249,88
26160,25540,88
26199,26203,88
4775,4562,88
29634,13488,88
4004,1376,88
41954,26111,88
37420,26160,88
35263,35264,88
26068,28926,88
26249,26251,88
14234,14231,88
13892,13894,88
26111,27103,88
23359,40538,87
41888,42515,87
26188,25491,87
16567,16566,87
454,419,87
419,14788,87
48270,24722,87
23697,21722,87
16944,16945,87
213,206,87
25491,25506,87
21778,16105,87
15314,22070,87
10703,11445,87
26851,12116,87
24038,21316,87
970,24034,87
33940,970,87
27339,27456,87
27456,27474,87
16479,24273,87
13618,13605,87
11066,11070,87
17212,1661,87
5881,5882,87
43312,43274,87
20184,18568,87
17200,34221,87
24535,24536,87
27474,27469,87
41241,10792,87
34221,17344,87
20232,6082,87
2971,3529,87
26237,26246,87
9362,9566,87
23197,23200,87
17194,2971,87
50436,1323,87
18444,18445,87
17344,17194,87
12110,26554,87
23200,23201,87
44036,44038,87
3319,3320,87
3318,3319,87
3317,3318,87
17993,34265,87
49772,25854,87
28750,26237,87
27661,27871,87
25558,25559,87
24499,24503,87
20269,19523,87
16779,16795,87
16943,16944,87
24214,16779,87
27469,49723,87
28169,28170,87
28170,28156,87
358,42546,87
24119,24121,87
17192,3845,87
25647,25653,87
35825,17316,87
11981,27079,87
1217,1230,87
2513,2114,87
28915,27646,87
16795,23347,87
25559,25560,87
39214,39213,87
25880,49413,87
23002,21627,87
24139,24138,87
43346,1569,87
16380,24229,87
19551,35245,87
29407,29450,87
23076,23147,87
49514,20315,87
20314,49514,87
26433,27240,87
20315,47287,87
24138,21519,87
27447,27451,87
50608,44473,87
19594,19592,86
38389,34226,86
19866,4754,86
34772,8109,86
13875,43231,86
21117,43147,86
25924,11940,86
19599,19594,86
76,22943,86
46476,39564,86
42876,13214,86
13876,13875,86
13888,13876,86
11873,8636,86
15806,15814,86
34866,34698,86
28817,12296,86
12250,12251,86
41836,40145,86
16325,24696,86
8614,41242,86
5000,4999,86
23841,23552,86
24319,16172,86
23707,23708,86
28913,26454,86
23551,16815,86
4999,20986,86
4206,4859,86
4702,5000,86
18960,35315,86
35315,17572,86
25712,50733,86
50733,26846,86
10124,9711,86
38857,11286,86
22544,22545,86
34465,41801,86
27834,26557,86
41812,41811,86
49957,37415,86
12026,42024,86
5320,5479,86
25546,26202,86
50851,16491,86
8558,11072,86
16600,16599,86
298,296,86
12750,27229,86
296,295,86
295,230,86
16226,16345,86
21872,13170,86
16520,16514,86
6620,18020,86
40136,26381,86
43972,4734,86
40145,40143,86
27343,25938,86
41130,23309,86
23309,15905,86
7222,35295,86
15420,15421,86
40505,40504,86
40506,40505,86
35295,5244,86
15619,15670,86
12084,12087,86
43873,37570,86
11628,9343,86
3069,2179,86
49169,15372,86
48870,15358,86
16539,16618,86
17114,17111,86
50551,49957,86
28926,41956,86
4628,4629,86
6373,5689,86
16082,16069,86
14205,42528,86
17111,17109,86
4629,4663,86
13263,13804,86
39488,39491,86
23875,23872,86
16064,16065,86
44079,41751,86
23345,16312,86
27400,27444,86
16168,50551,86
15812,15868,86
25253,16747,86
26070,26069,86
14013,14545,86
40143,40697,86
19867,19593,86
11065,11073,86
16019,16148,86
15810,49366,86
19593,19596,86
27444,27443,86
16065,16066,86
16068,16082,86
297,580,85
25273,23363,85
584,297,85
27156,27170,85
27196,27156,85
24137,24140,85
24136,24139,85
24140,24135,85
13738,13306,85
24120,24117,85
12975,13319,85
10964,10958,85
205,584,85
48903,48896,85
14356,14343,85
43748,13877,85
50385,51635,85
50065,41257,85
1230,16942,85
42184,39154,85
12879,50385,85
27482,39348,85
16479,16482,85
49981,48366,85
17983,44440,85
27291,27296,85
20584,20473,85
22038,23197,85
1030,16675,85
13747,13750,85
13877,13887,85
750,22742,85
24089,15800,85
39154,42062,85
16677,16680,85
9922,11237,85
1409,2335,85
26680,26670,85
1313,1334,85
40084,26188,85
2809,3693,85
3975,3974,85
15295,15294,85
15289,15349,85
3140,1277,85
1268,3140,85
2853,2809,85
4825,4624,85
15350,15292,85
4941,4825,85
9799,9790,85
21392,21357,85
26670,26900,85
16345,16347,85
26390,48013,85
47098,8733,85
43596,16330,85
5082,20370,85
21049,4261,85
8667,11731,85
22319,9612,85
15865,15886,85
3544,3202,85
6890,6889,85
20783,6890,85
6892,20783,85
24717,21938,85
20424,6892,85
20423,20424,85
4713,4941,85
22413,22819,85
44813,44811,85
191,193,85
24124,811,85
5555,5566,85
13803,12983,85
227,205,85
23211,26923,85
216,227,85
8796,11826,85
25872,12109,85
5698,5689,85
27274,27291,85
44815,44813,85
8603,8439,85
190,191,85
42684,216,85
9790,9791,85
16759,16816,85
21697,21345,85
193,195,85
21345,21671,85
42985,1288,85
21671,21347,85
27301,27274,85
12731,39485,85
23920,23909,85
4761,4713,85
39819,39820,84
44053,44059,84
18483,21133,84
17721,19746,84
44092,12084,84
11294,16289,84
26171,26151,84
13274,7562,84
49822,38909,84
1276,42985,84
42965,42923,84
39496,27295,84
26264,26198,84
35742,34142,84
16066,16067,84
10065,10066,84
39825,39823,84
44006,44004,84
24511,24848,84
10066,9793,84
3402,2659,84
24095,24094,84
1125,1165,84
16475,16461,84
19291,6003,84
17420,1590,84
6002,19291,84
17932,17952,84
44004,7344,84
24044,24039,84
39534,42969,84
42969,39533,84
4633,18483,84
39827,39825,84
24016,772,84
23367,16164,84
44888,35686,84
8741,10110,84
7533,49850,84
35105,51618,84
49850,49822,84
24031,24044,84
42035,35741,84
35741,35742,84
43389,7534,84
47841,48898,84
39829,39827,84
7562,35060,84
23976,24095,84
41855,49050,84
360,726,84
43801,41161,84
1786,3340,84
14198,49372,84
11294,29342,84
44134,15688,84
46803,48004,84
2084,3332,84
48004,26335,84
19561,5103,84
4515,19561,84
25979,25993,84
5409,5410,84
2036,2037,84
16912,16914,84
24053,16912,84
48057,37420,84
29473,14274,84
25364,16021,84
16021,15745,84
13604,13619,84
3427,3428,84
20586,6895,84
22235,24920,84
18553,18566,84
7214,18559,84
41495,11094,84
41492,41493,84
51506,40530,84
7532,8064,84
21242,17652,84
12893,13129,84
13679,12887,84
51783,34463,84
42014,9294,84
11227,42014,84
3820,2036,84
18556,18553,84
5335,5326,84
35308,29679,84
40057,41910,84
11568,9627,84
12845,12840,84
44429,44430,84
41910,41908,84
41908,27459,84
10021,11456,84
26842,35958,84
47860,5266,84
25081,15908,84
21133,21130,84
50398,41976,84
28242,28262,84
12891,12845,84
27531,27532,84
24096,21389,84
20475,20587,84
20474,20475,84
48996,13202,84
28799,25932,84
51486,28531,84
43995,51486,84
26660,43995,84
20473,20474,84
4972,4973,84
47449,11878,84
25932,26304,84
11878,11294,84
3897,17316,84
14472,13701,84
1358,1688,84
23343,23345,84
3096,3972,84
3972,35852,84
23747,24096,84
1707,1705,84
21092,4675,84
9612,8603,84
44883,44876,84
50356,44873,84
192,189,84
44880,44882,84
41639,6334,84
18659,21164,84
3428,17445,84
44882,44883,84
20587,20586,84
4838,4860,83
43571,43570,83
36911,1268,83
13338,13151,83
15219,14598,83
20478,20423,83
21086,18368,83
46509,46322,83
14876,14856,83
20570,20478,83
15739,15542,83
20841,19553,83
20554,42561,83
44341,48062,83
24499,24507,83
34006,22859,83
7289,7290,83
3985,17343,83
21359,21417,83
47232,46509,83
3313,2065,83
21417,21355,83
2064,3313,83
25928,25929,83
17343,2064,83
8973,8964,83
44258,34267,83
23676,69,83
2063,3985,83
10569,10780,83
21846,26403,83
38710,34147,83
1569,4133,83
34142,38710,83
27351,27345,83
4675,4838,83
23681,34006,83
51270,13319,83
27345,27343,83
25971,27135,83
27571,12750,83
5320,5321,83
27171,27155,83
42301,729,83
21473,21595,83
517,449,83
35800,35798,83
13929,13841,83
35749,35800,83
9526,11897,83
21951,24532,83
7009,20234,83
49303,22817,83
7286,7011,83
7011,18108,83
23196,22038,83
35785,42701,83
22901,23196,83
1787,1786,83
35751,35749,83
21218,19259,83
2815,1787,83
4123,4008,83
22309,22116,83
42701,42706,83
29457,14143,83
7493,7350,83
16671,16677,83
24510,24511,83
23081,24098,83
4241,21141,83
40532,24284,83
37805,23905,83
24098,24099,83
23917,37805,83
46322,46506,83
34462,51714,83
12975,12952,83
35634,17425,83
1758,17002,83
20556,20555,83
44061,44017,83
28841,27566,83
35633,35634,83
602,43758,83
16675,16671,83
3000,1656,83
50150,9181,83
1099,3000,83
17452,3186,83
49653,24390,83
27566,27571,83
13043,13985,83
16557,16598,82
7392,44005,82
25482,27141,82
46506,5022,82
26213,25543,82
16844,23280,82
23273,25367,82
26209,26213,82
26218,27109,82
39625,48057,82
10594,11812,82
43879,36925,82
16843,16844,82
7545,7625,82
5022,5021,82
16006,24734,82
43374,27399,82
15564,24738,82
42894,41020,82
2893,2700,82
46348,47232,82
44016,15880,82
27172,25482,82
22291,24134,82
50250,15860,82
15439,15870,82
21971,15562,82
42719,42712,82
9451,42719,82
26121,26496,82
18547,18560,82
51421,26906,82
16034,23854,82
4596,18428,82
43603,43605,82
13042,13509,82
5094,4937,82
2976,1590,82
27519,27522,82
11897,9652,82
19391,21125,82
24127,24131,82
29344,14038,82
25070,15395,82
10925,10952,82
23803,441,82
39810,44050,82
35851,35850,82
39144,20848,82
34649,34457,82
21167,19427,82
19385,4671,82
41675,18116,82
23810,23803,82
25513,40094,82
26496,26915,82
582,583,82
14024,13151,82
22444,41100,82
44878,51387,82
44884,44881,82
44877,44884,82
12221,27350,82
29462,12973,82
24318,25282,82
27344,12221,82
44005,43317,82
44458,13439,82
8948,9412,82
9690,8948,82
662,708,82
12119,49421,82
29416,43952,82
42712,42711,82
208,214,82
50899,47935,82
48513,47936,82
972,34111,82
40094,42158,82
12837,48293,82
42711,42715,82
41916,40057,82
16063,16064,82
40058,41916,82
17952,17974,82
24508,48815,82
41810,44080,82
15395,15393,82
16563,24708,82
5436,5437,82
33941,24783,82
25123,15909,82
22034,23310,82
21327,23596,82
5440,5442,82
5442,5444,82
23337,1030,82
16616,15991,82
5437,5440,82
16801,50130,82
18234,18192,82
17947,6542,82
6542,6543,82
2037,2619,82
21356,21838,82
18561,18507,82
11940,26219,82
25554,25555,82
42020,7288,82
39712,35011,82
4970,4763,82
34279,20503,82
47857,18704,82
24648,25135,82
24045,24032,82
39179,41749,82
36243,41133,82
3295,34279,82
24639,22929,82
2841,2473,82
29049,12432,82
24015,24017,81
35781,35778,81
15679,21798,81
1734,3825,81
25137,15679,81
39044,22575,81
24403,37416,81
24428,24467,81
26707,26899,81
6009,19310,81
48453,48454,81
1932,1928,81
47017,325,81
202,47017,81
43605,202,81
36835,942,81
22771,47842,81
43606,43604,81
14284,29434,81
1152,4028,81
29050,29275,81
3096,35852,81
48454,47845,81
41289,12273,81
42706,35759,81
35759,35751,81
1210,2638,81
4168,6742,81
49981,13049,81
20321,50147,81
15880,15879,81
11022,8980,81
35814,35812,81
2100,3312,81
35771,50943,81
41652,27403,81
11017,11020,81
21349,21350,81
10979,11007,81
1031,23400,81
50238,43584,81
27385,42169,81
27417,27385,81
27403,27417,81
18041,20748,81
27570,27565,81
44459,13178,81
13119,44459,81
47940,8168,81
34727,47937,81
8163,34727,81
8162,8163,81
42696,8162,81
34996,42696,81
15348,15278,81
27230,27570,81
35805,35803,81
2097,2098,81
11477,9064,81
51125,49208,81
5266,5267,81
27591,12730,81
24173,23577,81
44700,303,81
3312,2097,81
11897,10226,81
21501,21797,81
34493,34491,81
34698,41135,81
8138,34866,81
8109,40779,81
21652,16800,81
12093,28817,81
1725,16937,81
9332,8750,81
22983,24774,81
325,44439,81
34714,34996,81
44810,44812,81
24121,24127,81
16688,16478,81
44814,44816,81
13295,12952,81
7556,7557,81
24149,34090,81
2322,2480,81
29647,42471,81
21528,21871,81
21377,21602,81
7547,7551,81
10400,48353,81
49366,50468,81
24063,24070,81
222,221,81
218,224,81
217,218,81
215,217,81
42470,43287,81
15499,23493,81
44812,44814,81
12116,26575,81
26563,26559,81
25864,21696,81
43287,42080,81
26573,26563,81
26575,26573,81
221,215,81
26587,26851,81
33941,24056,81
44072,41772,81
14834,38658,80
11284,38858,80
35808,35781,80
26222,26243,80
10320,9809,80
77,22345,80
11059,41170,80
11065,35072,80
42713,42720,80
26012,37420,80
43660,41491,80
22345,16805,80
16805,23891,80
42710,42713,80
21400,21401,80
16317,16418,80
15768,16084,80
35828,35808,80
5432,5435,80
14856,14838,80
5218,5219,80
42716,42710,80
24028,24024,80
33876,15279,80
21198,21188,80
5431,5432,80
5217,5218,80
7535,49887,80
35803,35801,80
35777,35775,80
35812,35828,80
4509,5026,80
51359,11851,80
35775,35805,80
26196,25928,80
9630,10499,80
17924,17925,80
48352,11060,80
43308,15639,80
21272,21166,80
18437,21272,80
26454,25656,80
21320,21322,80
48919,50385,80
13274,49731,80
8468,22062,80
17919,17924,80
18514,21123,80
42714,42716,80
22676,21989,80
21989,21990,80
21990,21980,80
21980,21981,80
21981,21982,80
21982,21986,80
1721,1722,80
23951,23952,80
23929,23951,80
24238,24244,80
9419,9417,80
9417,9696,80
16904,23107,80
24075,24072,80
25994,25995,80
51956,50062,80
42676,51956,80
42670,42676,80
23891,22347,80
42671,42674,80
42668,42671,80
11004,10591,80
8752,7381,80
10497,43854,80
10845,10844,80
18431,18470,80
16689,40533,80
24097,786,80
24100,24097,80
4577,19693,80
24102,24100,80
43272,43312,80
14837,16694,80
9604,9405,80
9696,9605,80
42674,42670,80
35778,35777,80
5096,5017,80
45014,44422,80
26184,25588,80
25590,26264,80
43021,38968,80
38968,43023,80
27605,27918,80
13765,13763,80
27376,27370,80
2679,43018,80
3367,35827,80
15419,15420,80
14039,14344,80
20843,7009,80
45014,41393,80
12975,14595,80
24001,23999,80
34450,34490,80
14596,34277,80
7570,7508,80
14170,51462,80
15856,15810,80
15870,15634,80
1607,36080,80
25882,25590,80
15221,14605,80
25251,16391,80
25229,25223,80
25223,25226,80
25226,16390,80
25404,23534,80
304,326,80
14045,14046,80
22929,22930,80
25995,25987,80
10716,37251,80
14171,14170,80
326,43606,80
40151,26915,80
24210,23257,80
26219,26223,80
3149,3120,80
16643,16640,80
10584,9565,80
48027,27301,80
10185,9551,80
27848,27847,80
5067,5023,80
7578,7632,80
21681,22340,80
5023,4581,80
42193,20737,80
4592,19690,80
4543,4592,80
22347,22470,80
4973,4543,80
4581,46348,80
1225,1220,80
17211,17210,79
44328,24228,79
522,42689,79
15607,15708,79
48332,48334,79
27402,35169,79
24722,23950,79
22806,16768,79
1704,1711,79
49084,48332,79
9431,9422,79
9422,9419,79
43023,43019,79
10201,10217,79
10954,11279,79
27412,27402,79
18679,21174,79
18258,5929,79
5929,19818,79
24408,24407,79
3532,2478,79
8187,34695,79
42313,24513,79
24507,48418,79
35036,8187,79
49517,42851,79
44258,11590,79
16768,16776,79
16776,16797,79
21061,21048,79
1334,1358,79
2217,35814,79
23255,1031,79
1861,1864,79
42840,17004,79
35457,35830,79
35169,41651,79
8752,51199,79
51430,26711,79
28656,27471,79
24056,23081,79
14419,14481,79
10929,10926,79
10217,10203,79
9646,9585,79
27384,27412,79
9585,9437,79
15348,15210,79
21859,22265,79
22266,21859,79
22267,22266,79
229,197,79
197,232,79
24859,742,79
232,234,79
42702,35784,79
4094,4095,79
13414,13406,79
13889,13891,79
33841,13414,79
37619,5520,79
14187,14190,79
11081,41495,79
1216,1219,79
12481,28315,79
14181,14187,79
12436,12481,79
15805,15873,79
26899,26686,79
35245,5601,79
16942,16943,79
8160,34714,79
42604,42605,79
22723,21683,79
9630,11838,79
3332,3333,79
11838,9628,79
9628,9629,79
9629,10274,79
28307,28294,79
42165,27384,79
3277,35815,79
51479,45020,79
12963,25092,79
23986,23993,79
14000,13960,79
3333,46987,79
42890,37631,79
8966,9627,79
16782,41017,79
355,339,79
41135,8446,79
8446,8395,79
29438,14269,79
34695,8414,79
27142,27167,79
339,357,79
22614,22806,79
233,229,79
34782,7564,79
15872,22928,79
23366,25254,79
8157,8160,79
8040,38149,79
19381,20265,79
8857,9681,79
13320,49715,79
41535,41536,79
41536,41534,79
41534,41533,79
11003,8983,79
9787,9785,79
41006,8157,79
35752,42705,78
40898,264,78
35830,2217,78
39046,14564,78
43345,50557,78
29679,14378,78
6895,19458,78
29476,13265,78
19799,19454,78
16078,16431,78
3694,3290,78
6998,20856,78
15747,15771,78
8325,8326,78
8326,34861,78
34861,8226,78
8226,35034,78
17142,50056,78
19549,20121,78
17425,35629,78
16606,16603,78
18530,43146,78
25122,25101,78
49741,25122,78
1885,1886,78
2433,2784,78
47879,5498,78
1688,1373,78
26185,26118,78
43948,43946,78
345,347,78
27118,25995,78
22932,22933,78
21715,16676,78
347,350,78
25372,22932,78
17669,17700,78
35748,35750,78
41458,41456,78
26559,25872,78
13409,13418,78
13418,13421,78
1081,1071,78
14367,14368,78
17653,6390,78
41810,43220,78
11275,10962,78
27294,27293,78
1862,3694,78
16941,1229,78
2358,2359,78
13929,13843,78
39174,40809,78
17624,6627,78
10179,10415,78
14142,29463,78
2432,2433,78
34465,43381,78
10416,42750,78
9973,9633,78
35034,35036,78
21499,21500,78
13742,39046,78
18368,4924,78
27258,27249,78
10716,9046,78
2784,2052,78
36996,36995,78
43146,38664,78
27415,25541,78
24248,24256,78
6390,17669,78
35750,35752,78
36988,36996,78
42705,42702,78
25101,15532,78
48423,24390,78
47960,47961,78
24257,24255,78
13930,13929,78
3426,3427,78
15528,25110,78
28638,48502,78
50341,3426,78
13422,33841,78
17636,17648,78
17668,4183,78
15845,16419,78
21080,21070,78
17621,17636,78
15532,15528,78
24258,24257,78
27367,47846,78
27905,27903,78
35629,35630,78
15416,16105,78
25111,25112,78
24259,24258,78
28697,25712,78
24255,24245,78
12084,12088,78
22820,23906,78
2523,2501,78
21213,17580,78
9891,10615,78
26332,26335,78
13933,13930,78
14860,14839,78
7531,8488,78
13589,13127,78
17648,17631,78
1098,38659,78
17631,17624,78
18444,18456,78
35630,35631,78
11562,9063,78
25110,15842,78
21167,18446,78
13205,13765,78
14838,14834,78
28694,28697,78
15580,15805,78
23608,15610,78
35046,41545,78
29369,29370,78
19388,18530,78
7557,35020,78
17506,1980,78
42858,14537,78
41460,41458,78
34217,25058,78
24256,24259,78
25112,15580,78
11439,34688,78
16061,16089,78
26909,26907,78
11185,11186,77
11183,11181,77
2663,17282,77
46303,47298,77
16760,16759,77
12992,12993,77
1303,17246,77
1315,1303,77
11176,11183,77
4045,41999,77
2374,6998,77
11186,11188,77
11337,11338,77
11181,11185,77
16948,16949,77
44271,44877,77
40739,40741,77
2758,2322,77
24870,15000,77
44269,44271,77
11334,11337,77
41999,41535,77
2001,2432,77
42588,16947,77
21317,21818,77
36512,8667,77
3039,35850,77
16947,16948,77
14188,14182,77
20553,5582,77
17246,1282,77
9689,9983,77
3069,3932,77
16417,16318,77
27371,27376,77
14577,14575,77
786,24057,77
18358,18359,77
44262,51184,77
12823,13204,77
17282,1456,77
35851,3039,77
51184,44269,77
43313,43273,77
28199,12771,77
4544,4974,77
37039,46476,77
47298,38684,77
10610,10618,77
14197,14188,77
1340,1348,77
10610,46303,77
15752,15739,77
13098,12969,77
22839,22614,77
22089,15271,77
17699,17683,77
49413,26597,77
3137,2916,77
3136,3137,77
2633,41946,77
17708,17699,77
17711,17708,77
2095,2096,77
2265,3136,77
25635,25647,77
1392,2265,77
2729,1392,77
39141,39140,77
49324,1141,77
1391,2729,77
17601,35461,77
16679,21537,77
29010,29011,77
29009,29010,77
35702,22074,77
1910,1930,77
18158,19361,77
19524,20267,77
20267,20713,77
14589,14024,77
21833,35702,77
3182,3215,77
25577,35403,77
48525,29009,77
866,871,77
21786,16413,77
7749,8733,77
48904,48889,77
41660,11028,77
17683,46578,77
35286,24767,77
1656,49324,77
17707,17711,77
39143,39141,77
41909,41911,77
35054,35022,77
35022,35026,77
23076,22062,77
5582,6067,77
41907,41909,77
47400,9000,77
41911,44476,77
8916,11394,77
21426,21427,77
44888,35683,77
44476,40421,77
35683,40739,77
13103,13319,77
10727,11715,77
4857,21013,77
27458,41907,77
35799,35748,77
17700,17707,77
2096,3311,77
35797,35799,77
3311,2099,77
2757,2758,77
8211,35054,77
35033,8211,77
13905,13910,77
15842,15848,76
24537,16650,76
41241,10715,76
17229,1467,76
7543,7545,76
15848,25138,76
22709,23902,76
7982,7952,76
13157,13901,76
13648,13058,76
28573,26757,76
16599,40810,76
40064,40060,76
13903,14014,76
20374,20408,76
39752,39751,76
1310,1311,76
8401,7982,76
10715,8818,76
28207,28208,76
25552,26500,76
1467,1438,76
48043,17505,76
7911,7806,76
12963,48275,76
1238,17211,76
18715,35314,76
17121,2753,76
4717,4805,76
51366,47253,76
15771,15768,76
7958,7945,76
7909,8321,76
43186,40163,76
1878,38116,76
38116,1883,76
5478,43948,76
1883,1884,76
19259,21300,76
8466,7909,76
24035,24784,76
1884,1885,76
44567,42694,76
16416,15813,76
25532,26498,76
4627,4943,76
26498,25552,76
41050,9006,76
26390,26333,76
15394,25069,76
24536,24537,76
13873,13180,76
24757,15887,76
15849,15850,76
23355,23255,76
44053,44054,76
390,395,76
2442,2002,76
9423,9428,76
23942,23962,76
48438,48640,76
24442,24482,76
28889,42886,76
2050,2441,76
2441,2442,76
13127,29488,76
8489,7647,76
3555,3485,76
7587,49841,76
388,390,76
383,388,76
17158,35646,76
35646,38801,76
43356,43355,76
25106,16169,76
35264,5552,76
34460,34461,76
13735,13734,76
13755,13735,76
13756,13755,76
24228,25106,76
39822,39824,76
48452,49754,76
4929,4926,76
51766,13940,76
34461,34464,76
17234,40547,76
8183,8105,76
15850,25111,76
16112,16110,76
27279,39358,76
16228,16184,76
25207,25208,76
26915,44761,76
13103,14549,76
25914,25915,76
9413,51366,76
21415,21944,76
25915,25916,76
23697,23707,76
42738,42737,76
48447,9498,76
42698,8297,76
8368,42698,76
44372,44371,76
25069,25074,76
34629,34623,76
51617,34493,76
16184,16185,76
25209,16112,76
16185,25237,76
20748,7001,76
7001,7000,76
16534,16573,76
17551,17565,76
7000,20617,76
20617,7002,76
27505,49241,76
17565,17578,76
3484,3555,76
17578,6618,76
35403,39619,76
42886,28888,76
3483,3484,76
50952,39529,76
50961,50952,76
39824,39826,76
13940,13756,76
51074,49943,76
47253,51362,76
10420,10176,76
51367,51359,76
332,14751,76
13232,12944,76
14832,14837,76
49841,43388,76
26838,26937,76
35813,3277,76
47934,47932,76
9064,47098,76
23976,23666,76
18563,21073,76
21160,21155,76
2619,2038,76
51362,51368,76
10490,11809,76
26937,28346,76
40163,43188,76
49943,49934,76
10503,9368,76
7554,35586,76
24046,24083,76
9684,9683,76
9683,51367,76
2679,1586,76
16691,14854,76
43053,16104,76
18516,44140,76
13483,13478,76
42864,43289,76
10949,11059,76
16591,16590,76
16590,16588,76
10131,48447,76
39826,39828,76
39620,35402,76
23739,785,76
17485,3539,76
10086,11878,76
44140,19386,76
51559,51556,76
1470,1471,76
21155,18516,76
47858,5048,75
14220,14222,75
13847,13848,75
39358,39642,75
8296,42697,75
14213,14220,75
4969,19467,75
18703,7197,75
13852,13847,75
12411,29018,75
21857,21404,75
12208,28181,75
25920,25921,75
27394,43774,75
27512,27499,75
4650,18385,75
42697,8302,75
25822,12207,75
4185,21282,75
24296,23267,75
28208,49689,75
35806,35807,75
35776,35779,75
13127,48083,75
14819,49205,75
12985,13044,75
15045,777,75
17433,3376,75
8184,8185,75
8185,35033,75
11742,8743,75
26181,26118,75
777,15115,75
26807,26808,75
24045,22668,75
50258,35291,75
34134,38692,75
21300,21242,75
49689,26696,75
24070,24137,75
24046,24063,75
35807,35776,75
35804,35806,75
13848,13849,75
35811,35813,75
17804,17747,75
14053,14051,75
12974,14124,75
14111,12974,75
17721,17684,75
4722,4969,75
16382,23277,75
15603,15529,75
23998,23997,75
23981,23911,75
27372,27394,75
10963,9031,75
15790,25138,75
24069,24064,75
35815,35456,75
35809,35810,75
35810,35811,75
26903,26807,75
17446,17433,75
27375,27372,75
2531,1984,75
28263,26786,75
4930,4927,75
11227,46725,75
10595,11812,75
35747,36835,75
1480,1365,75
29402,50491,75
12980,13803,75
13886,13888,75
2031,2032,75
2032,2033,75
2033,2034,75
4593,4544,75
17223,17224,75
15741,15742,75
13745,13742,75
12413,12414,75
42817,15003,75
23967,23960,75
23960,48249,75
23201,44685,75
44685,33970,75
27262,27258,75
23919,24087,75
27266,27262,75
27580,27266,75
27581,27580,75
50946,43612,75
34336,34632,75
15721,15498,75
10069,9990,75
28022,27108,75
4183,35462,75
10927,10955,75
17829,17668,75
21979,22677,75
21978,21979,75
24441,24430,75
21985,21978,75
21984,21985,75
12900,40775,75
21983,21984,75
1007,35746,75
35746,35744,75
20583,6886,75
12768,12082,75
23942,23955,75
21991,21983,75
34143,42037,75
42037,42036,75
23955,23959,75
23959,23968,75
27108,27422,75
20688,20269,75
27422,27138,75
47893,48898,75
40450,40537,75
27416,26052,75
19072,18567,75
748,741,75
22178,48727,75
48727,24500,75
23362,16382,75
13896,13157,75
4168,19524,75
43224,34782,75
40537,23299,74
43396,49161,74
8468,21588,74
24932,24928,74
26224,39628,74
28891,25502,74
10328,10627,74
25502,25514,74
35026,34715,74
38659,14832,74
34715,8325,74
17050,20504,74
344,345,74
1659,1660,74
29241,29066,74
14301,14302,74
43400,43398,74
2136,2137,74
1662,1659,74
5097,4862,74
1862,1859,74
43398,43396,74
5308,5309,74
265,636,74
51562,51563,74
14302,24235,74
17761,17805,74
41994,8390,74
41994,8388,74
7503,7647,74
26803,26904,74
38945,13060,74
22166,22167,74
7409,7454,74
14676,628,74
1176,1178,74
458,446,74
43940,24309,74
50568,5285,74
2444,2136,74
24235,14298,74
1441,1470,74
4193,19396,74
724,15228,74
1421,1441,74
1660,3995,74
35744,38704,74
12081,29241,74
23894,24466,74
2137,2133,74
40061,49088,74
3931,3007,74
9802,47311,74
10016,10617,74
23755,24666,74
23642,23092,74
28168,29199,74
5070,5071,74
16692,14876,74
48406,48409,74
51563,51551,74
51556,51562,74
13135,29419,74
28929,25748,74
14575,40450,74
28952,28929,74
9711,9884,74
48409,39142,74
41610,28952,74
25857,25858,74
35780,35809,74
16764,42893,74
18925,17994,74
49420,27352,74
12865,13748,74
16615,16522,74
16614,16615,74
27347,25840,74
13413,43290,74
13015,14287,74
36860,7901,74
39213,27276,74
50729,25709,74
28157,28168,74
8470,7559,74
601,506,74
20856,19845,74
14866,14873,74
21606,21376,74
13941,13944,74
48407,48406,74
13754,13941,74
13753,13754,74
13911,13904,74
18235,18264,74
29199,40424,74
18264,20968,74
14873,16692,74
26824,12346,74
47311,9875,74
48408,48407,74
3995,1661,74
43939,43940,74
22094,15823,74
43983,16416,74
22468,893,74
25238,25239,74
7953,7894,74
26010,26139,74
7952,7953,74
25239,16227,74
355,14676,74
20959,20967,74
600,353,74
20968,20959,74
48331,51124,74
27472,27340,74
15553,15554,74
17271,43001,74
39140,48408,74
44440,17989,74
48333,48331,74
43001,35407,74
12768,12081,74
41599,22182,74
892,22468,74
25654,25646,74
25237,25238,74
24765,23881,74
2179,3915,74
24175,823,74
26244,26215,74
8274,7766,74
18957,18958,74
38692,23861,74
15713,15677,74
50732,25709,74
808,892,74
40152,40136,74
44568,44567,74
34879,7895,74
7840,34879,74
48275,29350,74
44466,14508,74
7894,7840,74
1051,4134,74
7465,7370,74
25929,26155,74
39561,48525,74
34708,34917,74
43354,41720,74
29439,14273,74
49991,49983,74
15803,43983,74
39178,41812,74
12559,28286,74
46380,47051,74
17570,17538,74
47876,22899,74
7369,7448,74
41552,6285,74
6411,17570,74
11294,21588,74
49983,49993,74
20967,51231,74
44563,44564,74
10170,11811,74
14273,29438,74
2835,2444,74
13358,13259,73
3908,17158,73
6275,5757,73
24064,24062,73
41672,18103,73
23911,23931,73
8107,8108,73
35779,35780,73
25936,26177,73
26677,26673,73
15553,21971,73
3589,3331,73
15878,15877,73
44453,14099,73
15797,24088,73
13804,13169,73
35756,35772,73
35802,35804,73
610,44698,73
7642,7643,73
16601,16500,73
44698,25434,73
37272,6021,73
25126,21669,73
24132,21419,73
24538,48608,73
331,805,73
396,25438,73
26787,12247,73
7507,7510,73
14280,29466,73
27498,12674,73
27501,27498,73
47990,27200,73
17738,17761,73
330,331,73
41133,7604,73
11173,11177,73
14100,13126,73
24135,21870,73
12109,25697,73
43504,42443,73
27461,27356,73
24373,16496,73
27457,27461,73
40536,23319,73
51496,11999,73
24394,48423,73
11986,27656,73
11081,11120,73
14124,44452,73
50466,49377,73
4926,4518,73
44452,44453,73
8108,8146,73
8145,8441,73
12990,13730,73
39818,39821,73
13914,13970,73
21189,21172,73
21519,24069,73
24015,22776,73
23619,24039,73
14720,333,73
11978,11986,73
41889,14418,73
48629,43610,73
9786,47061,73
25550,15355,73
43610,50951,73
25597,25919,73
44243,17614,73
13001,13870,73
16500,24373,73
1732,3824,73
9768,11587,73
4177,5517,73
19429,19428,73
18559,18547,73
21172,19429,73
9033,9034,73
6763,6764,73
16964,1749,73
48835,44619,73
14029,13337,73
1128,1115,73
42463,38803,73
25854,25855,73
26834,26928,73
5494,6384,73
28189,28190,73
44627,48835,73
6478,17833,73
38803,35747,73
48536,44622,73
11622,8829,73
49925,49927,73
44859,44865,73
26927,26834,73
17652,17637,73
4664,19689,73
50064,39617,73
44868,43505,73
50130,50126,73
1749,2602,73
6713,38553,73
41568,41569,73
41569,6280,73
21599,21388,73
27529,43030,73
15178,15425,73
5755,5754,73
44619,48772,73
44592,48536,73
9053,8750,73
20224,21304,73
3832,50064,73
41567,41568,73
8787,9907,73
48772,44592,73
13477,13481,73
6000,19308,73
15632,15524,73
13026,13933,73
21285,18925,73
11821,10594,73
28159,28158,73
28563,26782,73
22742,50853,73
5495,5494,73
18568,6121,73
28217,28563,73
13122,14370,73
13748,13745,73
14068,14067,73
14067,51983,73
2362,19087,73
21243,5495,73
25368,51776,73
16482,16230,73
49161,9829,73
4587,4586,73
4584,4587,73
36798,51183,73
8832,41242,73
51183,9526,73
28973,28974,72
42555,25621,72
49327,24099,72
19083,37410,72
16110,16278,72
47448,47435,72
40885,48645,72
9940,11533,72
5453,5456,72
15378,15900,72
16345,25209,72
7610,41995,72
16796,23845,72
25621,26327,72
12543,29052,72
5278,5279,72
43438,46380,72
43441,43440,72
40063,40425,72
11533,9946,72
39490,39489,72
49993,21946,72
44472,44471,72
18268,7235,72
21946,22292,72
7416,34964,72
28898,25609,72
50609,13652,72
15994,16642,72
25609,28117,72
16507,16613,72
40060,40063,72
7235,18270,72
27107,28023,72
27139,27115,72
25528,44105,72
23555,23553,72
17569,6411,72
3970,3979,72
43437,43439,72
25590,25591,72
40742,10953,72
26381,28954,72
25522,28898,72
26123,26272,72
43441,43437,72
43440,46630,72
46630,43438,72
4130,4131,72
50736,26846,72
50609,13657,72
2661,2373,72
18177,21286,72
40420,40058,72
41919,40420,72
18790,18791,72
35461,4182,72
5065,4818,72
41918,41919,72
29635,13677,72
10304,11557,72
26234,28971,72
11810,10304,72
10302,11810,72
51122,10430,72
21986,22437,72
13332,13916,72
2465,2214,72
41934,20739,72
16164,24319,72
4942,4712,72
40135,42889,72
4845,4568,72
5016,4845,72
4663,5016,72
40842,4622,72
40841,40842,72
40840,40841,72
40871,4761,72
15907,39311,72
15551,15552,72
17224,35086,72
23320,48441,72
12929,13112,72
12980,12929,72
14588,14024,72
26009,26010,72
27128,25700,72
43381,34649,72
40425,28169,72
22545,23698,72
49563,25864,72
18926,21279,72
2214,2190,72
28954,40135,72
23596,47836,72
16147,25688,72
47836,22804,72
13982,13980,72
49986,44163,72
48850,11346,72
13987,14050,72
44163,49989,72
14050,14052,72
14044,14046,72
28471,26154,72
9804,8751,72
7564,7718,72
28972,28973,72
11811,10417,72
18592,7214,72
27358,11980,72
23559,23557,72
41845,40126,72
24060,15699,72
7651,7636,72
8192,51717,72
14875,16691,72
25938,42522,72
22265,24932,72
27443,27139,72
43439,46281,72
10135,10016,72
40126,42098,72
13980,13987,72
7363,38912,72
46281,47051,72
8389,41995,72
10177,10319,72
28974,25612,72
20409,5750,72
22181,21945,72
21945,49982,72
42246,42251,72
16137,16237,72
27178,47990,72
27185,27516,72
27195,27185,72
15527,15678,72
18560,18588,72
34992,38389,72
16522,16523,72
1955,2695,72
9553,51199,72
17833,17804,72
49982,49986,72
21821,15564,72
7597,34942,72
7375,7360,72
21812,24177,72
43629,50863,72
16426,16427,72
44227,41810,72
1729,1723,72
2373,2660,72
47873,16061,72
14298,14299,72
34965,7395,72
20645,20232,72
5728,5726,72
34477,51769,72
47411,10745,72
733,16519,72
28918,40122,72
27353,49392,72
18348,38689,72
16543,16573,72
27423,27107,72
20646,20645,72
8389,34971,72
18847,18848,72
11700,10065,72
25643,50636,72
9539,9748,72
1384,1359,72
20171,20288,72
11908,46941,72
16694,14875,72
1195,16950,72
34966,7481,72
38689,38686,72
28971,28972,72
1731,1729,72
20388,20644,72
20644,20389,72
47441,47448,72
46244,11476,72
20389,20646,72
10108,10107,72
23557,23555,72
46941,46244,72
17975,17930,72
16780,24216,71
7527,7566,71
6121,6139,71
20194,38358,71
36031,1615,71
20975,6220,71
39482,27589,71
51465,51439,71
20917,43054,71
6219,20975,71
44255,13794,71
24216,24219,71
44630,44152,71
13743,13746,71
4773,4771,71
25265,16345,71
39485,27602,71
18261,6218,71
40026,10515,71
35603,35604,71
4163,4647,71
6218,6219,71
50265,219,71
37804,24411,71
26821,28273,71
13274,11291,71
13727,13154,71
1126,1128,71
35604,41289,71
48001,4635,71
26828,28566,71
13708,13712,71
50187,29350,71
35958,26828,71
18527,18509,71
50556,39830,71
20641,6886,71
4028,1126,71
13746,13749,71
43609,44621,71
44621,48698,71
10515,10790,71
38553,2373,71
24020,13375,71
29057,28813,71
7901,7914,71
29475,29402,71
20976,6217,71
21188,21189,71
6217,18261,71
29038,28827,71
28827,28828,71
29192,29058,71
44620,50945,71
21069,4166,71
28813,29192,71
13132,13622,71
13622,13618,71
42864,43288,71
29066,29057,71
49552,24136,71
49932,38118,71
21211,21198,71
15586,16083,71
330,49932,71
1817,1818,71
35906,4096,71
23731,24173,71
35510,12586,71
13970,13974,71
13974,13975,71
29058,29038,71
7914,7803,71
7803,34696,71
34696,8423,71
17225,1364,71
1996,2039,71
2039,2035,71
44872,49591,71
1375,1384,71
26821,26817,71
44870,44872,71
2030,2031,71
43505,44870,71
25033,23653,71
47094,8797,71
13736,13737,71
13737,13753,71
5031,4930,71
4601,5031,71
27438,27440,71
4550,4601,71
4780,4550,71
8426,8114,71
8425,8426,71
8424,8425,71
7835,8424,71
35038,7835,71
48645,23359,71
40538,14576,71
29428,13174,71
28828,29039,71
16083,15752,71
24112,22477,71
12814,12924,71
15990,25918,71
8269,34985,71
24201,14041,71
12841,13706,71
14788,37114,71
2392,3265,71
21804,21809,71
1719,1721,71
12837,48294,71
24430,24439,71
21811,21804,71
13976,13914,71
20683,20684,71
3549,3798,71
29508,13389,71
29039,28816,71
14359,13976,71
35016,40906,71
8264,8279,71
26136,26067,71
28816,29198,71
21141,21152,71
14358,14359,71
8279,40905,71
29474,14358,71
39314,12596,71
48703,25297,71
29507,29508,71
15270,23103,71
12023,26190,70
10473,9804,70
41660,41665,70
26155,39625,70
26194,12023,70
41491,41489,70
40132,40131,70
27605,26648,70
4921,5097,70
13733,13736,70
40641,23902,70
22709,40641,70
4134,3589,70
5190,4922,70
50378,16287,70
14056,14556,70
14556,14073,70
24199,15878,70
29433,14271,70
14073,14074,70
14074,14072,70
14072,14058,70
14058,14346,70
14346,14055,70
14055,14053,70
14042,13341,70
3867,3901,70
16432,16455,70
39182,15993,70
27299,26966,70
22062,22063,70
47256,27567,70
6544,6545,70
25092,15883,70
13388,29485,70
16752,24646,70
14348,24859,70
44403,10959,70
10287,11897,70
5458,5723,70
16754,16752,70
5456,5458,70
25119,24851,70
27435,27429,70
29485,29486,70
29353,29369,70
9936,10666,70
6543,6544,70
9935,9936,70
11647,11794,70
9934,9935,70
11646,11647,70
10505,11646,70
94,95,70
29486,29335,70
22064,22065,70
26940,25818,70
4070,4071,70
4071,4072,70
16282,16215,70
38856,51122,70
29370,14510,70
48039,17505,70
21678,23883,70
19694,4921,70
34019,15551,70
14510,14068,70
38858,38856,70
980,16916,70
11176,11179,70
4179,18177,70
11179,11178,70
42098,40162,70
51776,16205,70
50259,24994,70
13428,24855,70
4072,36051,70
24094,24092,70
23344,16377,70
43406,48837,70
13807,13805,70
39412,27300,70
21799,21320,70
870,867,70
27901,27899,70
18459,18458,70
9695,9543,70
14289,41892,70
281,40900,70
980,16917,70
24374,16606,70
16617,16535,70
16602,24374,70
42515,44072,70
11849,11635,70
23291,16516,70
16587,16589,70
43952,41895,70
15785,15473,70
21817,23729,70
23729,21812,70
582,278,70
278,294,70
13372,24021,70
8751,10424,70
3548,3521,70
13902,13158,70
40026,11632,70
28589,28863,70
6853,4891,70
43370,43422,70
7347,8392,70
37051,13354,70
9425,10192,70
42014,10185,70
16172,16226,70
13156,13895,70
827,24414,70
43596,16329,70
9370,46743,70
10185,10491,70
4826,4942,70
9683,9458,70
41756,39177,70
8063,7541,70
44499,41756,70
20387,20388,70
50225,48279,70
40900,50265,70
2502,3402,70
11182,11177,70
1115,1132,70
50863,50866,70
11081,9046,70
43822,43406,70
26825,28205,70
585,726,70
51983,14066,70
8986,8987,70
11188,11187,70
16625,16567,70
305,302,70
11187,11189,70
34716,8414,70
3952,3959,70
41330,43822,70
11189,11182,70
41331,41308,70
9445,11734,70
10995,8986,70
26904,12736,70
17138,16940,70
10016,11750,70
26967,39412,70
25304,16884,70
3825,1731,70
16940,16941,70
14066,14069,70
12963,16489,70
48837,43405,70
14069,29352,70
1716,1717,69
1717,1725,69
41079,41080,69
41078,41079,69
20090,7093,69
21301,18893,69
41077,41078,69
41078,41077,69
41079,41078,69
41082,41081,69
41080,41079,69
41081,41080,69
35470,35423,69
7093,5823,69
28071,27510,69
26813,12771,69
4540,19687,69
28273,26813,69
13677,13707,69
46430,49223,69
49223,9371,69
28561,39135,69
44825,17575,69
13706,13678,69
13678,13667,69
8706,51846,69
2337,1720,69
49377,15622,69
41080,41081,69
51369,51364,69
9417,51370,69
41081,41082,69
43349,27531,69
15631,24757,69
25942,12110,69
51400,39531,69
14256,14245,69
17480,17403,69
17403,17460,69
17460,1051,69
42769,42771,69
7510,8487,69
42488,49653,69
17268,2904,69
36039,36040,69
10790,43400,69
9342,9899,69
4227,18926,69
42767,42769,69
23253,15702,69
15853,23253,69
3065,17480,69
26691,28577,69
28577,26672,69
9844,46964,69
50974,35772,69
1783,42763,69
20999,6226,69
20681,20682,69
20682,20683,69
24246,24243,69
51364,9417,69
36925,7652,69
42763,42764,69
23734,35286,69
51370,9420,69
48220,3368,69
9545,9694,69
1757,4130,69
42764,42767,69
43399,9831,69
26672,43994,69
43982,15802,69
43792,46925,69
43981,43982,69
23577,23698,69
869,24394,69
14556,38939,69
9809,9546,69
20141,42565,69
13141,13590,69
44145,27364,69
51620,34477,69
5664,5665,69
22131,22249,69
17986,17975,69
48044,3368,69
14222,14225,69
12782,28272,69
18812,19312,69
13661,44472,69
18012,17986,69
447,610,69
13961,14000,69
12916,13140,69
13959,13961,69
10061,10062,69
42431,35424,69
27292,27295,69
26427,27601,69
7902,7834,69
6105,40817,69
1929,1909,69
27587,27286,69
1718,1716,69
7651,7652,69
7507,37713,69
5075,4561,69
14051,13986,69
35424,4948,69
14605,15224,69
13986,13983,69
14197,14189,69
13983,13984,69
13984,13982,69
10767,10446,69
7554,7550,69
27601,27595,69
250,40898,69
34181,78,69
27364,27433,69
7834,35038,69
46661,47016,69
49306,15790,69
15697,15796,69
9258,9254,69
9254,9255,69
869,24396,69
9446,8851,69
10745,10283,69
9553,50399,69
12812,44458,69
12920,13126,69
8851,11734,69
24464,15377,69
21669,43981,69
27254,27260,69
47002,9437,68
10096,9046,68
8168,47937,68
9401,47002,68
46430,10309,68
27237,27230,68
36098,3820,68
9900,9824,68
34336,34477,68
9707,9903,68
8731,10424,68
9893,10179,68
47940,34724,68
34724,34725,68
23708,22543,68
7490,7394,68
636,249,68
43743,260,68
40799,14364,68
21070,21064,68
21338,21339,68
22434,22544,68
44329,44372,68
285,287,68
10424,9677,68
8677,10018,68
22202,22204,68
21163,18455,68
7603,7349,68
16507,23289,68
11824,10790,68
9370,10713,68
1388,17228,68
23295,43595,68
10176,9894,68
48279,43308,68
9894,9742,68
9497,9608,68
11821,10780,68
9608,48359,68
10716,11291,68
48359,9487,68
18603,18599,68
38804,22864,68
18623,18603,68
2072,16964,68
24775,22989,68
43856,11071,68
26900,26677,68
1802,1803,68
44461,44470,68
48912,2392,68
51121,10992,68
48129,18459,68
46387,42014,68
3610,3483,68
38393,24791,68
10998,51121,68
3609,3610,68
24395,868,68
4513,4729,68
18531,35332,68
35943,38804,68
8983,10998,68
37288,43934,68
21339,21340,68
27477,27460,68
38854,39083,68
38855,38857,68
39083,38855,68
27460,27449,68
43933,37288,68
14005,14002,68
27663,27581,68
27581,27583,68
5823,5821,68
2419,2509,68
1803,1804,68
27357,27477,68
22066,21588,68
24393,868,68
4089,4090,68
2509,1802,68
13565,44461,68
27415,26167,68
600,585,68
10716,10446,68
9544,9898,68
24444,773,68
9386,9438,68
9683,9386,68
47110,9683,68
46986,47110,68
15603,25109,68
34725,42695,68
24513,21951,68
34713,8159,68
18036,18046,68
10272,46986,68
811,23730,68
1964,3359,68
11285,38854,68
51611,3339,68
26275,26302,68
16098,16099,68
10992,10991,68
8159,8169,68
22475,24113,68
9733,9627,68
27230,28804,68
25233,16153,68
17990,18012,68
36335,11865,68
13290,14054,68
16388,40532,68
13140,13290,68
43306,23270,68
17828,4181,68
4182,4180,68
28659,28129,68
42456,39792,68
16688,16482,68
16397,25232,68
25232,25233,68
48698,44591,68
42803,42801,68
44591,48820,68
48820,44620,68
16153,24449,68
45019,9056,68
24449,16230,68
8825,8826,68
11792,10588,68
17600,17601,68
19323,19324,68
22124,22202,68
9782,11269,68
9911,9782,68
2821,2824,68
48070,38957,68
44268,44263,68
44270,44268,68
5276,5277,68
25709,28695,68
25300,25303,68
16988,2481,68
13274,15989,68
15421,15602,68
2323,2320,68
2320,35674,68
28695,28696,68
40810,41753,68
20288,20166,68
16575,16580,68
19424,21120,68
20640,20641,68
891,889,68
889,23695,68
23695,37804,68
35888,4108,68
35873,35888,68
35872,35873,68
8669,41244,68
25469,25464,68
16884,25300,68
9915,9740,68
28194,50165,68
44876,44270,68
5277,5278,68
19458,6908,68
2820,2821,68
16599,16601,68
12086,12092,68
1372,1482,68
10593,9742,68
42561,20145,68
20145,20146,68
5015,5029,68
1275,1274,68
4479,4975,68
3399,1410,68
42567,20148,68
10994,10997,68
13054,12943,68
22143,22144,68
22238,24711,68
42126,34678,68
7503,7566,68
16272,16273,68
10997,11002,68
5029,4475,68
10617,8732,68
41488,41492,68
2483,2323,68
12918,49203,68
27190,27523,68
7780,8305,68
2819,2820,68
23261,15868,68
8987,10994,68
12991,14345,68
11884,49359,68
12943,29377,68
22183,22205,68
41742,4728,68
25712,50766,68
4525,5015,68
11785,50399,68
21164,19332,68
44454,13054,68
7531,7643,67
10298,10741,67
4113,38277,67
44455,44454,67
288,284,67
10289,10298,67
7509,7510,67
14140,14138,67
35462,21281,67
21283,17972,67
13095,13166,67
13630,13638,67
10741,10299,67
7579,7575,67
42576,49015,67
7646,7647,67
38277,4114,67
38278,4113,67
35745,887,67
7355,7356,67
21006,19414,67
28510,26405,67
43386,39523,67
44459,13519,67
12756,12596,67
13806,13808,67
10790,9828,67
8496,43386,67
38673,309,67
39216,39215,67
608,26403,67
7556,7551,67
13285,13250,67
22859,37116,67
29378,29349,67
34677,35586,67
7578,7625,67
35743,35745,67
48800,39217,67
35047,7538,67
23158,23074,67
10299,10201,67
26628,28510,67
48256,27189,67
41922,41921,67
5655,5656,67
5662,5663,67
27346,27435,67
27184,27177,67
2126,3761,67
51231,18358,67
13165,13116,67
9048,16289,67
48912,35696,67
3761,2100,67
175,174,67
13477,14319,67
27499,27500,67
25493,25510,67
29318,43205,67
27077,28009,67
28009,27991,67
27991,27369,67
17614,17617,67
2047,2029,67
13136,13726,67
13726,13714,67
15524,15626,67
12007,27519,67
5660,5661,67
2059,2060,67
41921,41920,67
2060,1882,67
26207,25524,67
25524,25600,67
18236,18251,67
25600,26204,67
26204,25620,67
25620,25635,67
47984,5266,67
14186,14190,67
41565,41567,67
26632,15486,67
8990,48353,67
24411,24408,67
10236,10225,67
15277,15279,67
44201,27833,67
27220,28588,67
4703,4702,67
1882,1889,67
15428,15431,67
15592,25033,67
47091,9841,67
40095,42123,67
46720,47091,67
51846,8756,67
43205,13165,67
2029,41354,67
3482,38966,67
17805,17834,67
42827,3482,67
17420,42827,67
1041,1046,67
2566,3816,67
2058,2059,67
38908,50723,67
20933,21285,67
16946,1727,67
9048,10095,67
40421,40068,67
10846,9048,67
24062,24038,67
44792,21381,67
40068,41922,67
44425,5070,67
27201,27180,67
16782,16783,67
42971,8399,67
27189,27184,67
42522,41603,67
24091,23747,67
25510,26519,67
20325,20209,67
17834,6474,67
17617,17618,67
15871,15721,67
5883,5881,67
27180,12723,67
6886,20577,67
41354,2566,67
20209,20374,67
35274,19547,66
24783,24060,66
51074,49937,66
34147,34146,66
14653,383,66
5413,5503,66
3111,3166,66
7417,7491,66
34146,35743,66
21316,24784,66
28229,28230,66
23067,22167,66
4126,35906,66
17330,17331,66
3211,17330,66
16640,25153,66
308,318,66
5411,5413,66
300,299,66
25592,25593,66
34238,10769,66
5410,5411,66
35587,35060,66
38359,6716,66
17331,17332,66
22140,23053,66
49937,49927,66
39267,2216,66
18192,17907,66
22160,23048,66
7387,7608,66
25292,25291,66
3174,17335,66
20149,40978,66
5436,5452,66
34296,3540,66
23061,23062,66
25367,25338,66
7346,34942,66
15879,15898,66
27649,27900,66
43404,48805,66
3051,17448,66
48805,43407,66
5268,5269,66
3212,1816,66
7020,7022,66
5434,5435,66
5503,5434,66
3394,39267,66
15699,24134,66
44303,23905,66
41863,23054,66
2280,2281,66
23053,41863,66
2275,2280,66
17332,3212,66
27141,28859,66
5430,5409,66
22493,22494,66
34117,23247,66
18713,20325,66
35972,36094,66
24146,49327,66
22848,34027,66
41243,10018,66
23247,22493,66
642,16811,66
41455,41454,66
41454,41457,66
16020,15741,66
15338,21597,66
41457,41459,66
15788,15832,66
41459,41461,66
16916,24697,66
22032,37,66
23035,22177,66
41599,23035,66
28247,28249,66
36096,35972,66
35280,42178,66
17995,4227,66
23885,23087,66
34335,34495,66
6285,5755,66
14347,29368,66
33970,23919,66
40533,16386,66
16686,16870,66
16870,43593,66
7354,7427,66
7428,7355,66
3422,44945,66
3193,17050,66
38899,35984,66
12341,27142,66
44945,3573,66
23879,23551,66
3573,3574,66
12829,13265,66
35984,41866,66
3574,3575,66
4512,47851,66
22031,22032,66
22039,22031,66
36094,6499,66
49241,11995,66
48510,11878,66
7900,36860,66
7912,7900,66
43372,48502,66
23346,16401,66
5439,5438,66
23113,21394,66
11961,11962,66
11962,27653,66
5438,5726,66
6499,6511,66
39361,44568,66
25564,25565,66
6511,42001,66
40027,9954,66
12406,48607,66
25563,25564,66
26434,26435,66
35656,3394,66
2281,36107,66
15527,25083,66
22571,15011,66
25076,44250,66
2563,3360,66
9873,47061,66
3360,1372,66
47061,9796,66
1988,2028,66
5703,5764,66
5764,5443,66
5443,5441,66
5441,5439,66
1955,1985,66
22119,22238,66
10193,10225,66
42799,49483,66
15011,15247,66
27699,27700,66
27709,27699,66
27654,27709,66
48945,43374,66
14101,44455,66
11635,10323,66
27366,29032,66
16576,16611,66
27989,27992,66
9319,9802,66
331,600,66
28994,25692,66
2699,2698,66
22197,22237,66
41246,28994,66
16152,16396,66
2702,2699,66
3481,42826,66
1836,2702,66
42826,17422,66
23291,733,66
16392,16307,66
1835,1836,66
1831,1833,66
29303,26519,66
4828,4780,66
2177,2192,66
10216,10218,66
15479,15632,66
1829,17341,66
10356,48708,66
42106,40095,66
24801,22598,66
10218,11549,66
38138,3481,66
24804,24801,66
35302,10759,66
19361,41672,66
23617,24804,66
16482,16151,66
25231,16152,66
16151,16150,66
6220,18238,66
26263,41980,66
322,323,66
16150,25231,66
317,322,66
4827,5065,66
43949,5743,66
38886,8399,66
13152,13038,66
3901,3898,66
13701,13700,66
1758,1760,66
27389,27381,66
5275,5276,66
14198,51271,66
38956,38958,66
36516,13321,66
5167,51786,66
1656,48060,66
23686,50851,66
23993,23991,66
16784,16790,66
4512,48054,66
2215,35656,66
21675,49234,66
16526,23686,66
17341,1831,66
24021,14562,66
28242,26795,66
39807,15179,66
16689,16292,66
12929,13795,66
9411,9712,66
36080,1740,66
26268,26278,66
51596,15671,66
14562,13366,66
22192,22193,66
5013,4911,66
1828,1829,66
23289,16575,66
2192,2215,66
16292,16686,66
27992,27081,66
27392,28650,66
43947,43949,66
13499,48435,66
27381,27392,66
25522,42106,66
22360,16751,65
47421,44292,65
40104,26526,65
50119,50100,65
41133,11173,65
39348,27518,65
29036,28160,65
14274,29440,65
14038,13274,65
15439,15390,65
25571,48010,65
11929,11939,65
34645,34472,65
11992,11929,65
13795,13792,65
11988,27159,65
13792,13082,65
25560,28637,65
1363,1388,65
3215,3119,65
27162,12000,65
39395,27192,65
1336,1363,65
1324,1336,65
3170,43212,65
18489,18505,65
27377,27439,65
14533,14011,65
25626,26301,65
26292,26293,65
25496,29304,65
44923,44922,65
21135,18519,65
18519,18520,65
4771,4726,65
28671,16087,65
3,24648,65
43280,13450,65
14187,14189,65
14180,14187,65
14011,14180,65
1046,4134,65
7942,7943,65
5665,5666,65
23256,15853,65
21412,24094,65
12730,27594,65
35423,42433,65
49841,7585,65
50723,49841,65
47830,359,65
48896,35790,65
8250,40905,65
47403,49358,65
13373,29623,65
22116,21595,65
49358,48049,65
51871,51863,65
41533,4031,65
4031,17217,65
17217,4047,65
39215,39217,65
28923,40104,65
21402,22080,65
3950,3951,65
351,349,65
349,346,65
346,44380,65
44922,44914,65
34622,8086,65
44380,340,65
22396,24807,65
20574,6883,65
17575,17570,65
24807,22039,65
26787,28198,65
48008,27111,65
35688,28923,65
27111,26136,65
980,15367,65
47954,21369,65
4548,6858,65
6858,50521,65
26669,28928,65
340,356,65
34472,34622,65
22150,23039,65
25531,25515,65
26300,25531,65
26306,26300,65
28927,26496,65
14556,14057,65
16556,23288,65
7019,6529,65
18862,37272,65
3172,17338,65
13483,13089,65
34641,34639,65
22158,22159,65
34637,34641,65
4948,42560,65
17368,3944,65
22157,22158,65
40894,213,65
1966,17368,65
4630,6855,65
40892,40894,65
3757,1966,65
1965,3757,65
8470,7567,65
3756,1965,65
22137,22138,65
47094,47173,65
34477,34645,65
3171,3172,65
26686,26683,65
274,40892,65
15717,15533,65
22159,22160,65
47963,359,65
17539,17529,65
22237,23083,65
4474,5079,65
6855,35421,65
4632,4631,65
49530,4632,65
49538,49530,65
4631,42431,65
35338,49538,65
6531,7021,65
6529,6531,65
15390,15387,65
7018,7019,65
19303,6009,65
19852,19853,65
49764,27136,65
48938,49764,65
12680,12667,65
23154,22166,65
1908,1910,65
5566,5567,65
19765,20466,65
3957,3954,65
19546,20117,65
24407,22688,65
15387,15385,65
1983,3756,65
15627,15714,65
17627,17630,65
35420,4548,65
1361,1333,65
4242,42736,65
15602,15422,65
35057,7508,65
28647,27949,65
42557,35464,65
26435,26437,65
22139,22140,65
828,14603,65
17599,17627,65
23039,23040,65
17582,17599,65
17591,17582,65
17602,17591,65
44566,44563,65
26638,15096,65
22138,22139,65
42560,42557,65
26782,26787,65
25570,25571,65
51622,51616,65
23043,23044,65
1333,1707,65
43148,43486,65
42732,41767,65
50803,43794,65
27949,27950,65
15714,15478,65
23042,23043,65
23936,23912,65
23912,23910,65
23986,43148,65
27950,27450,65
47203,46420,65
21588,29342,65
23040,23041,65
22136,22137,65
13520,44457,65
43212,3171,65
22255,42732,65
22156,22157,65
17694,17681,65
24434,47203,65
37350,37292,65
1705,1710,65
23041,23042,65
5567,5568,65
42768,42766,64
27348,27089,64
42770,42768,64
42766,42765,64
21088,4840,64
35418,6862,64
42765,42762,64
2999,2889,64
21140,21138,64
3737,2999,64
2012,1984,64
2997,3737,64
17323,2997,64
22220,22182,64
3964,17323,64
12004,27348,64
2996,3964,64
6859,6315,64
35853,3228,64
35412,35414,64
6315,35420,64
3275,3956,64
11700,9786,64
44159,16205,64
23033,22117,64
22119,23084,64
21138,21129,64
42511,25326,64
6862,6859,64
19523,6742,64
9943,9944,64
7898,7841,64
23410,23402,64
9944,9945,64
10328,11590,64
27801,12008,64
2817,2818,64
1723,2337,64
1775,51611,64
1808,17370,64
20702,20612,64
12032,26402,64
16288,12032,64
51456,41889,64
1720,1718,64
26797,26804,64
14418,50645,64
2364,3532,64
1797,2419,64
1807,1808,64
26437,27225,64
18002,18051,64
1804,1806,64
27106,27391,64
7955,7956,64
1806,1807,64
10748,44963,64
44960,10095,64
7897,7898,64
1812,1813,64
39823,39821,64
3216,1636,64
48330,44871,64
35654,2465,64
35417,35418,64
23930,23936,64
16815,16811,64
44292,43525,64
2818,3334,64
39813,42965,64
9945,9940,64
39815,39813,64
19623,19624,64
49568,48330,64
48019,3437,64
1365,3216,64
3870,48019,64
27994,27995,64
7841,7975,64
18546,18548,64
23055,22204,64
41336,22188,64
39817,39815,64
35414,35417,64
39820,39817,64
44867,44864,64
44864,39612,64
3797,3548,64
440,437,64
2836,3077,64
35415,35413,64
6155,6314,64
6314,7026,64
37211,37210,64
42703,42704,64
26150,26170,64
8389,7477,64
7026,6863,64
6863,35419,64
35419,6159,64
43782,23558,64
6159,35415,64
23781,43782,64
4549,4505,64
7480,7481,64
23554,23781,64
23552,23554,64
22817,24062,64
42704,1624,64
7430,7431,64
5079,5080,64
5080,4523,64
22673,23242,64
33915,22673,64
17318,2567,64
6326,6155,64
35421,4549,64
50240,50222,64
46628,50240,64
37802,24982,64
5825,17693,64
43407,43821,64
48062,17559,64
24741,22462,64
17559,17555,64
17555,17544,64
23320,16789,64
25984,26305,64
14042,24202,64
23045,23046,64
7566,7532,64
15856,15833,64
7288,7289,64
38908,7587,64
51418,13256,64
40418,6002,64
7381,7427,64
7436,7372,64
12667,12668,64
12668,29083,64
9442,8966,64
20380,34159,64
7428,7382,64
22672,33915,64
43695,26165,64
19853,19854,64
48435,29512,64
46835,46748,64
41980,26115,64
50191,46835,64
50190,50191,64
50203,50190,64
50213,50203,64
26606,26689,64
42097,26606,64
13601,47432,64
47432,12952,64
26278,25883,64
29512,13116,64
14398,14397,64
1656,1141,64
36925,42126,64
1600,35991,64
26529,26530,64
26528,26529,64
8138,8107,64
8441,40779,64
8144,8145,64
15523,15713,64
34691,8144,64
24264,15523,64
1730,1732,64
8321,7958,64
21696,16306,64
49414,12120,64
5267,5269,64
27079,27347,64
5506,5507,64
37214,37211,64
23290,16579,64
21588,24468,64
16557,16558,64
1627,1622,64
1622,1739,64
23056,23057,64
23055,23056,64
22197,23055,64
16580,23290,64
16543,16565,64
15418,15419,64
2478,3402,64
16130,50001,64
16129,16130,64
1945,1939,64
24507,24508,64
26473,39184,64
26500,25612,64
26473,25532,64
50222,50188,64
7581,38909,64
18254,7234,64
35625,2583,64
22354,21864,64
4197,19412,64
19412,20977,64
10750,10745,64
11869,10750,64
10639,10137,64
10414,10747,64
15561,15562,64
21589,25093,64
6908,4198,64
4109,42840,64
43276,44460,64
3607,3608,64
3485,3607,64
16285,44367,64
1643,3993,64
26567,27802,64
16892,21394,64
9033,10965,64
25312,25313,64
49786,49756,64
21864,41596,64
25310,25312,64
9929,9941,64
6474,17904,64
35410,35412,64
16207,23363,64
43395,9830,64
8826,9810,64
9830,9831,64
41309,42729,64
41302,41306,64
24928,14787,64
20304,19911,64
20303,20304,64
5166,35313,64
6908,19769,64
13277,37040,64
47213,10455,64
9553,8750,64
18401,21135,64
43821,41302,64
25308,25310,64
21992,21991,64
21821,21992,64
729,748,64
49773,48453,64
34175,22354,64
10711,9434,64
46206,9712,64
44367,16286,64
12903,13143,64
437,24721,64
25948,43374,64
9485,9691,64
9691,9692,64
35586,7532,64
9692,9489,64
48192,359,64
51369,46373,64
9791,9785,64
44341,17595,64
9772,9773,64
17588,17586,64
17586,17590,64
17590,17602,64
5460,5459,64
6578,17532,64
17545,6619,64
6619,17553,64
17553,17560,64
17561,48061,64
17564,17561,64
17560,48061,64
16374,16281,64
15413,29342,64
28160,42524,64
29581,29407,64
11574,9181,64
4565,35410,64
51475,42512,64
44666,51475,64
950,42463,64
4506,18464,63
46419,46720,63
47878,1296,63
46825,47006,63
29293,25860,63
12924,13143,63
27338,28064,63
28064,28647,63
17970,20648,63
4772,4774,63
4727,4772,63
12575,12297,63
10176,8750,63
41392,12575,63
8733,10173,63
5059,4945,63
48055,27597,63
27597,27590,63
41261,25809,63
458,444,63
4574,18474,63
35413,35411,63
28866,29293,63
23338,23342,63
44394,4773,63
38674,39781,63
14165,29475,63
14244,14229,63
866,1007,63
14229,14256,63
12492,29053,63
27448,27459,63
24414,757,63
18474,21117,63
12430,12291,63
34487,34492,63
16298,16278,63
46964,46825,63
21139,18376,63
27220,27225,63
47897,4594,63
37358,37350,63
41755,39175,63
19424,4633,63
18464,21139,63
4594,4631,63
12297,12492,63
4631,44394,63
35411,4598,63
36093,36092,63
17573,17568,63
17604,19560,63
35653,17456,63
2989,35653,63
17628,17596,63
35674,2989,63
23123,49169,63
17596,17604,63
26438,28186,63
17227,1456,63
28186,28515,63
26886,26671,63
26671,26887,63
19560,17589,63
42730,6509,63
6509,36093,63
17456,35654,63
17635,17628,63
49561,35335,63
37712,43388,63
10473,9802,63
49562,49561,63
26080,26073,63
25123,15877,63
26073,26059,63
21821,24734,63
24152,21552,63
38939,29370,63
6761,6760,63
2627,1941,63
10484,8988,63
7283,20744,63
20744,4165,63
4165,20643,63
17589,17573,63
50500,47442,63
17568,17564,63
34636,34629,63
42433,4636,63
9914,11339,63
15556,15557,63
20148,40954,63
888,890,63
15555,15556,63
35465,35466,63
50100,50906,63
35466,35468,63
14644,14642,63
35468,35470,63
25127,25095,63
827,37803,63
29371,13074,63
37515,2706,63
1912,3648,63
1911,1912,63
22155,22156,63
21361,21389,63
42565,20142,63
4636,49556,63
5017,41684,63
41684,4981,63
42741,37515,63
4981,4931,63
49556,49562,63
14221,14210,63
14223,14221,63
2718,42741,63
36092,40790,63
3977,3957,63
22163,22252,63
26059,48005,63
24058,23081,63
25010,24020,63
5663,5664,63
1648,3991,63
43014,1648,63
3589,43014,63
11016,11018,63
13365,25010,63
29347,13971,63
29402,29467,63
13249,13334,63
29367,13227,63
20552,20553,63
11507,9899,63
13356,41132,63
15907,16786,63
3210,3211,63
26502,26700,63
43964,43963,63
10548,11534,63
13141,48709,63
10543,10544,63
10544,10547,63
38920,19290,63
19546,35274,63
22063,22064,63
14955,14960,63
3209,3210,63
2177,2191,63
25352,24450,63
1724,1730,63
12990,38947,63
8815,47016,63
3178,3209,63
1727,1728,63
24392,48255,63
21350,44792,63
29514,51418,63
43088,42031,63
51,23809,63
16081,16426,63
34635,34463,63
7216,5616,63
7720,7544,63
18548,18552,63
5666,19802,63
16352,35694,63
20142,20143,63
15906,15905,63
39003,20840,63
22527,24981,62
24005,44302,62
25986,12020,62
48503,43374,62
46387,50361,62
2496,2766,62
27411,27382,62
39168,41750,62
16589,16570,62
8262,8263,62
35313,4482,62
22444,40641,62
34720,34721,62
9585,9438,62
9373,9585,62
27391,27411,62
4506,38560,62
2766,3124,62
38164,7822,62
10170,10490,62
21500,21700,62
13960,13937,62
48271,24722,62
14576,13203,62
34719,34720,62
25098,51656,62
40641,41100,62
23950,23940,62
11279,10960,62
3124,3446,62
2162,38892,62
10727,11441,62
11441,46419,62
19394,21156,62
27173,27513,62
1994,2135,62
3446,1994,62
7866,38164,62
44956,36099,62
27382,27388,62
37803,23694,62
15337,15338,62
15336,15337,62
5430,5431,62
15587,16149,62
16455,15587,62
3560,48343,62
24768,23756,62
11004,11070,62
48343,3563,62
19352,20184,62
15754,15755,62
48090,28679,62
21401,21402,62
3121,3363,62
3363,3208,62
44288,39765,62
5459,5336,62
13220,13093,62
5444,5501,62
43570,46429,62
13851,13852,62
13738,13700,62
41675,19472,62
28188,26756,62
26756,26758,62
43137,43068,62
13751,13946,62
43068,43067,62
48013,26345,62
43067,42188,62
19858,19859,62
19859,19860,62
5501,5322,62
42802,42804,62
39567,44315,62
17200,17499,62
40954,40955,62
1219,2574,62
4534,4533,62
4951,4534,62
4952,4951,62
4953,4952,62
20480,48183,62
49245,13752,62
17902,17867,62
25968,25969,62
39772,42456,62
28129,39772,62
1178,1179,62
49415,27974,62
23694,888,62
10121,9914,62
40955,20149,62
17499,44957,62
4011,37519,62
42799,42802,62
49483,42801,62
44957,2771,62
14300,14301,62
26433,27842,62
50188,50219,62
1162,41518,62
50557,39829,62
17352,44956,62
5407,5408,62
1092,1071,62
15346,15347,62
27292,39488,62
7216,18434,62
23108,21369,62
17558,17550,62
19711,19707,62
13977,14361,62
24262,24263,62
26280,12030,62
12030,25593,62
12595,12592,62
22175,22176,62
50722,49822,62
10682,9480,62
8641,10682,62
25362,759,62
4924,4588,62
2276,2279,62
3433,2276,62
36108,3433,62
27794,27788,62
26687,26704,62
49822,7581,62
25986,26280,62
12592,28316,62
35435,7541,62
28292,29053,62
36925,7531,62
1936,1940,62
3543,2705,62
43374,25908,62
25908,25916,62
11934,25885,62
28316,29184,62
25887,11945,62
3999,42810,62
2718,3543,62
22174,22175,62
14332,29343,62
26312,26469,62
22176,22177,62
380,709,62
13043,12900,62
24495,24491,62
23052,22139,62
22144,23052,62
22153,22154,62
22152,22153,62
24799,22465,62
44736,48850,62
24327,23830,62
15233,29450,62
4107,4108,62
38276,4107,62
16760,94,62
4106,38276,62
4105,4106,62
7017,7018,62
9356,49074,62
28410,28426,62
11070,43857,62
9553,10179,62
14250,14247,62
47311,9787,62
10176,10775,62
40735,22117,62
23024,22189,62
44258,10114,62
23154,23034,62
663,25424,62
10226,9046,62
5169,4676,62
10113,10226,62
51548,10158,62
50622,51548,62
11616,50622,62
23295,24284,62
44092,28209,62
14361,14356,62
8322,7910,62
25948,28638,62
26524,41610,62
9494,48365,62
16218,23343,62
34330,3620,62
25748,26321,62
3620,35501,62
42183,23337,62
11748,47201,62
47201,9738,62
48500,9564,62
39135,26773,62
13038,14056,62
42888,26524,62
3266,3275,62
8228,34948,62
34948,8174,62
8174,8190,62
17542,17569,62
9672,49489,62
17571,17558,62
8190,8172,62
17579,17571,62
8172,8413,62
19832,2661,62
19708,19832,62
19597,4220,62
3324,34330,62
43880,43879,62
15708,25078,62
35683,40741,62
27458,44777,62
15436,47842,62
5102,4828,62
50623,10685,62
28193,26680,62
9291,46725,62
41599,22131,62
34623,34637,62
26683,28193,62
16751,34027,62
24851,15706,62
23865,22360,62
10687,10689,62
51439,51469,62
25083,15579,62
46625,50623,62
49226,39962,62
23210,16428,62
14231,14215,62
15706,15718,62
24994,24581,62
11908,46625,62
10541,10669,61
16198,24296,61
20701,6715,61
10670,35700,61
10669,10670,61
9921,10535,61
43064,26894,61
38143,49171,61
35700,10668,61
25540,25541,61
19310,18812,61
45003,49772,61
10547,10546,61
15254,15256,61
15256,15260,61
10545,10548,61
15260,15335,61
44198,26186,61
25939,44144,61
22140,22141,61
21077,4166,61
5517,20390,61
44144,25940,61
28190,43064,61
10546,10545,61
20745,20746,61
22141,22142,61
25093,15643,61
21154,21147,61
3489,3798,61
20194,6720,61
21159,21154,61
3402,2782,61
39265,21159,61
2783,2780,61
2780,2781,61
21160,39265,61
15543,16155,61
34159,42653,61
21143,21140,61
41128,41122,61
14137,14139,61
41129,41127,61
41123,41129,61
14186,14188,61
17001,17003,61
14188,50440,61
18499,19394,61
50440,43956,61
18791,18792,61
21147,21143,61
5099,5102,61
4202,18971,61
43956,14532,61
22142,22143,61
37731,9600,61
23342,23339,61
38680,46232,61
4095,4124,61
2216,2757,61
2296,2285,61
21093,21088,61
5520,20743,61
20743,20745,61
13567,38976,61
17468,35649,61
38976,13042,61
14486,41890,61
20147,42567,61
20146,20147,61
4660,4954,61
4954,4955,61
4955,5100,61
5100,5099,61
43512,43514,61
43656,1041,61
26894,42190,61
18792,6853,61
42190,43055,61
49478,50352,61
11599,10535,61
12229,12430,61
12275,12229,61
26835,26833,61
26833,28174,61
13279,49478,61
50352,50346,61
23307,48193,61
50346,50353,61
43854,50618,61
11477,9063,61
50619,38684,61
50618,50619,61
15613,24861,61
43205,50502,61
14969,14955,61
5642,5643,61
9048,11235,61
26931,26837,61
10193,11734,61
26837,26840,61
26840,25818,61
25838,49420,61
14327,14141,61
18054,6401,61
6401,18036,61
19388,19385,61
28693,43523,61
43523,39794,61
39794,39775,61
12498,27520,61
9552,10446,61
9566,39139,61
24534,24535,61
48920,41132,61
618,49924,61
49924,605,61
24490,24806,61
24487,24490,61
40636,29358,61
9636,10402,61
8941,11851,61
25946,25947,61
46430,8939,61
10457,9456,61
10687,10452,61
24093,25352,61
19725,19759,61
19759,18790,61
33969,34181,61
43145,44541,61
44735,8447,61
39284,44735,61
34650,51623,61
13037,13039,61
44787,27594,61
26784,26781,61
10129,10702,61
42749,10129,61
10128,42749,61
10057,10128,61
10055,10057,61
27839,27220,61
17051,38746,61
3191,3194,61
29406,15221,61
27520,27191,61
11291,47411,61
10553,10668,61
24739,22835,61
24010,44582,61
43525,27236,61
28192,28188,61
11598,11599,61
10543,11598,61
21107,21092,61
10552,10553,61
44582,23989,61
10551,10552,61
12407,28192,61
29047,12756,61
18805,18803,61
2206,2205,61
2205,2291,61
20551,20552,61
43087,43088,61
23989,23987,61
25079,15359,61
18236,7057,61
35791,48898,61
29582,13374,61
15386,15388,61
43055,28210,61
15388,15389,61
15389,25079,61
28210,28298,61
750,751,61
4901,4637,60
28187,26685,60
16754,22849,60
26887,28187,60
13039,33862,60
51555,10037,60
27237,29221,60
966,44763,60
48911,42528,60
44205,40412,60
11264,9618,60
11617,51555,60
40412,44294,60
17930,17927,60
50577,10791,60
48928,48924,60
40338,19621,60
47186,46940,60
46940,25883,60
984,42621,60
16009,16494,60
983,984,60
41891,14444,60
23631,983,60
25893,26330,60
26330,48006,60
48013,12031,60
12031,47160,60
47160,47208,60
11557,9968,60
34083,49176,60
49176,48928,60
39962,12945,60
4889,4901,60
11901,10301,60
48300,27230,60
15643,25119,60
48462,10790,60
27429,27129,60
1849,3096,60
8917,9430,60
13364,13104,60
37514,37513,60
37513,46810,60
46810,37512,60
37512,39040,60
39040,37508,60
10735,46743,60
51363,8949,60
34917,39711,60
51361,51363,60
9413,51361,60
5059,5091,60
23850,23862,60
23847,23850,60
23848,23847,60
47451,48462,60
15797,15530,60
11477,8731,60
10767,9966,60
50484,38684,60
24460,23681,60
37116,37113,60
25012,38373,60
11549,11901,60
40330,19622,60
10301,51961,60
51961,10300,60
10300,10291,60
13829,12891,60
7503,7529,60
19380,4479,60
20319,20318,60
534,379,60
9556,9554,60
9554,9424,60
9424,9420,60
9900,10767,60
23025,23026,60
19621,40330,60
25975,26337,60
19622,19623,60
25979,47186,60
2030,2619,60
2619,2035,60
26814,28565,60
50853,16524,60
26816,26814,60
26909,26816,60
20534,20380,60
8217,7947,60
23346,16373,60
44539,8250,60
2051,2050,60
1908,2873,60
36100,3845,60
24507,22018,60
48608,24583,60
8787,8788,60
8788,8817,60
12642,12639,60
12596,12642,60
8817,43791,60
10591,11064,60
28565,28253,60
28253,26907,60
1939,1934,60
3870,2356,60
17927,17918,60
2022,2571,60
1881,2817,60
37774,37773,60
173,172,60
44227,41751,60
16693,16576,60
16769,16693,60
28864,28863,60
9822,9545,60
26907,28254,60
27146,28083,60
39558,27146,60
5455,5454,60
5457,5455,60
5430,5457,60
28254,28255,60
18478,18479,60
21099,18478,60
3399,1398,60
39489,27293,60
4046,4010,60
47762,21507,60
39771,42455,60
8105,8184,60
22576,15029,60
39139,11748,60
27945,27701,60
48503,43373,60
16330,24696,60
50150,9432,60
50860,50862,60
36995,36994,60
44763,21497,60
44289,39793,60
24241,42621,60
8999,43801,60
26371,46930,60
46930,46758,60
46758,46803,60
35991,42703,60
26337,28072,60
28072,25596,60
25596,26448,60
659,16781,60
18583,21290,60
40679,40680,60
46232,9824,60
40678,40679,60
40683,40678,60
37517,4046,60
40627,40682,60
11628,9733,60
40681,40627,60
40677,40681,60
9544,10767,60
40888,37517,60
13079,13628,60
43770,44926,60
37519,40888,60
3291,2892,60
35028,8228,60
35027,35028,60
42062,39155,60
17216,4011,60
4032,17216,60
41020,37572,60
37572,659,60
34112,23848,60
40682,40683,60
8733,37251,60
3782,2090,60
36077,1310,60
15538,15598,60
15745,15538,60
28679,26074,60
26074,25899,60
1413,1421,60
2972,42620,60
16791,42894,60
4815,4647,60
7672,7663,60
43969,43966,60
23123,6,60
15823,15519,60
26226,25926,60
13499,51418,60
35083,36077,60
13221,14564,60
43967,43969,60
1599,17490,60
17490,3385,60
35797,2240,60
2254,35795,60
39624,28680,60
23647,24024,60
23647,24029,60
26342,46803,60
1595,1599,60
28673,40982,60
40982,40981,60
40981,35402,60
19707,19708,60
21137,21126,60
2275,37466,60
8132,8123,60
2756,2277,60
8421,8131,60
49981,13117,60
5274,5275,60
8496,39523,60
49936,47429,60
11739,11741,60
29413,13363,60
14137,14327,60
29035,27115,60
25208,16874,60
15871,15849,60
28165,29035,60
19709,6998,60
19846,19709,60
19569,19846,60
19568,19569,60
1866,1867,60
2764,3966,60
41926,28165,60
19722,19568,60
16874,16228,60
35879,43967,60
3962,2764,60
19689,43351,59
4084,4085,59
26754,26755,59
24044,24046,59
26755,26893,59
438,49949,59
49949,615,59
24037,24044,59
42191,43065,59
16689,40534,59
36048,4070,59
4956,4660,59
43205,13493,59
11908,38685,59
42598,20577,59
50011,50054,59
50033,24327,59
26893,42191,59
16848,22042,59
43774,49304,59
51219,37144,59
37143,51224,59
21810,21811,59
51224,37145,59
22139,23188,59
20737,19525,59
19525,19831,59
3974,16964,59
41518,1158,59
12509,41855,59
40514,37143,59
15740,16019,59
14047,29352,59
37144,40514,59
19687,19468,59
11452,10549,59
1857,1860,59
10549,10183,59
10183,10551,59
49304,27422,59
26749,43136,59
43065,26749,59
47807,19468,59
14954,14963,59
48255,42465,59
4525,4528,59
16196,16233,59
39154,42177,59
39155,39154,59
6524,6525,59
6225,20999,59
20964,20960,59
20960,20969,59
20969,20973,59
20973,6229,59
3735,3791,59
50207,40535,59
1165,1642,59
51851,50145,59
1220,1217,59
25215,50207,59
50145,50148,59
40529,40530,59
50148,50144,59
16405,25207,59
50144,50138,59
5653,5655,59
4528,4470,59
3325,1791,59
10236,47982,59
13916,13936,59
5641,5642,59
37146,51219,59
29108,29109,59
13894,13905,59
5658,5660,59
27951,27948,59
5656,5658,59
27948,28063,59
28063,27339,59
5649,42525,59
49614,4202,59
37350,37358,59
50019,1359,59
35723,35724,59
15209,35723,59
25739,26850,59
17024,2492,59
26850,26655,59
1791,17024,59
19615,4200,59
13936,13963,59
19802,5668,59
44917,44920,59
23018,24241,59
3025,3026,59
17670,17664,59
13103,12824,59
39290,9570,59
9570,9571,59
49994,50002,59
50002,49991,59
17689,17670,59
3026,2182,59
19087,18805,59
2484,2908,59
3393,3025,59
3392,3393,59
14224,14223,59
39519,28082,59
26685,26687,59
28082,39395,59
9317,10775,59
43587,47441,59
9885,10695,59
34728,41006,59
38149,8156,59
13221,13306,59
9306,41933,59
41933,9301,59
1077,44095,59
41902,12719,59
14190,14202,59
17904,17919,59
9495,48360,59
11619,9495,59
23460,23462,59
25318,25319,59
10410,10053,59
10127,10410,59
10404,10127,59
10241,10404,59
14270,14224,59
10695,11619,59
27507,11998,59
44291,43589,59
43589,43587,59
21269,19598,59
3022,2184,59
2201,3022,59
22633,35,59
17002,1760,59
46494,44917,59
48006,25597,59
44564,48848,59
1766,35263,59
11031,11030,59
16104,21778,59
39789,39791,59
2733,2626,59
44920,26696,59
4888,20385,59
18033,18051,59
18042,18033,59
9052,11292,59
25074,15358,59
2184,3023,59
3389,3390,59
49887,8064,59
7582,49848,59
2906,2480,59
3390,2906,59
5756,5755,59
41133,42877,59
44888,9046,59
36096,40790,59
9048,44887,59
51788,4717,59
5143,51788,59
25944,25945,59
3023,3387,59
3388,3389,59
20640,41186,58
44160,16205,58
12822,12866,58
17623,47947,58
17867,6478,58
12165,12356,58
41186,39086,58
12821,12822,58
3589,1082,58
24791,24720,58
13256,13434,58
47947,47946,58
50155,1754,58
21393,21591,58
9046,11734,58
26305,26304,58
34031,71,58
22658,16092,58
6057,38800,58
20187,20642,58
7170,20187,58
6716,34157,58
17370,1812,58
19840,7170,58
7012,20190,58
18110,7012,58
44499,41811,58
48000,41672,58
27374,27373,58
6057,37179,58
47208,26372,58
73,24328,58
382,49939,58
25276,16764,58
8169,8156,58
10980,11026,58
12026,43372,58
25376,24533,58
24533,24534,58
50627,13053,58
1747,1267,58
13426,13431,58
13230,14577,58
51802,50627,58
17181,17182,58
21633,21369,58
2960,3815,58
7186,17180,58
13966,13956,58
17180,17181,58
43525,48300,58
42486,2481,58
3951,7186,58
2483,2909,58
3723,3391,58
41462,16390,58
3391,3392,58
23942,16911,58
44079,41750,58
4726,4889,58
10236,8468,58
21030,19306,58
26308,26314,58
24813,21689,58
22099,48646,58
21689,21673,58
25902,25540,58
48646,43783,58
19385,21156,58
6189,35424,58
10110,11739,58
5769,5266,58
4226,4222,58
5768,5769,58
24103,23739,58
785,21868,58
26314,26320,58
44811,43660,58
18494,38664,58
35704,21312,58
49193,43228,58
13963,13230,58
2866,2867,58
13740,13946,58
2867,17400,58
4965,4925,58
14225,14269,58
699,49193,58
15261,35704,58
26930,26931,58
26929,26930,58
28201,26819,58
1754,4105,58
22180,22209,58
22209,51155,58
39749,2866,58
26405,27523,58
11093,11090,58
36994,24378,58
4925,5096,58
49760,48940,58
27137,49760,58
18492,18493,58
12788,12782,58
23142,867,58
5384,5314,58
23532,39807,58
18493,18494,58
50044,50046,58
37251,11880,58
15267,15261,58
701,37415,58
48353,10959,58
38800,51195,58
50972,35772,58
35846,7947,58
42497,42496,58
3301,3317,58
3320,3500,58
3516,38783,58
3541,3542,58
3221,3541,58
3220,3221,58
3170,3220,58
38783,38772,58
38772,38768,58
16034,15606,58
19710,19711,58
11586,11347,58
12291,12274,58
35025,35027,58
35024,35025,58
35029,35024,58
8225,35029,58
5636,5638,58
8407,8225,58
8312,8407,58
16306,12042,58
12042,12043,58
12043,22315,58
11824,38680,58
46206,9414,58
24028,23956,58
23941,23929,58
2261,2256,58
2260,2261,58
8905,35683,58
42715,43700,58
40793,41165,58
2259,2260,58
2262,2259,58
23879,23875,58
15000,14982,58
49441,49050,58
49438,49441,58
43151,38685,58
9423,51358,58
51358,47253,58
39741,34157,58
47253,47352,58
3183,3161,58
3316,3183,58
13808,12866,58
47352,9605,58
9604,9620,58
14420,14419,58
9665,46373,58
34795,8312,58
23671,16850,58
8189,34795,58
37508,49516,58
47447,19550,58
26130,27622,58
16169,24281,58
49031,46320,58
49047,49057,58
43971,19760,58
20589,20590,58
728,16521,58
20590,6976,58
18917,19833,58
6976,20585,58
14836,601,58
14217,14211,58
17989,18860,58
48102,1296,58
27522,27904,58
22462,15623,58
16227,23367,58
23234,24741,58
14211,14216,58
13101,13199,58
13227,13120,58
14216,14233,58
49516,39038,58
22520,21398,58
21057,21041,58
13206,48415,58
21041,6203,58
6203,21015,58
8104,8189,58
8183,8104,58
26938,26939,58
41247,26130,58
26939,26839,58
25948,16087,58
10841,10836,58
10842,10841,58
10096,44961,58
34703,8114,58
10837,10842,58
23747,22520,58
50684,26846,58
49363,5730,58
40122,44106,58
4957,41045,58
5462,49363,58
36144,41133,58
13426,13163,58
5461,5462,58
26227,26226,58
37292,37350,58
71,43,58
21126,4647,58
22990,23721,58
25628,26214,58
22205,22062,58
19385,19425,58
15360,23121,58
16763,25277,58
23148,33991,58
5030,35464,58
35424,5030,58
41493,44810,58
33991,15606,58
9770,11586,58
1772,3340,58
1805,1801,58
44249,16762,58
14598,29581,58
16762,16763,58
1801,1800,58
49939,14644,58
2756,36107,58
40634,40632,58
27847,27654,58
23721,74,58
15519,15838,58
43366,25628,58
40680,40635,58
18401,21126,58
40635,40634,58
28259,28261,57
25823,28730,57
28730,28729,57
10727,11562,57
42483,46319,57
16346,16348,57
13286,13345,57
19325,19326,57
21117,5088,57
13183,50343,57
39178,41755,57
13619,51966,57
51966,43787,57
13659,13683,57
43787,13618,57
19326,6015,57
5631,5632,57
24497,743,57
15804,24190,57
28260,28243,57
5633,5634,57
5632,5633,57
25698,27792,57
5634,5635,57
39557,27527,57
3437,3372,57
28258,28259,57
389,387,57
20648,18234,57
24498,22178,57
1229,1216,57
5635,5636,57
743,24498,57
8122,34707,57
23267,16330,57
28261,28260,57
387,382,57
43434,43436,57
17615,48258,57
26597,26598,57
48269,25353,57
26896,26740,57
40053,28163,57
1379,1361,57
26895,26896,57
27181,27196,57
12910,12918,57
1373,1379,57
19200,19189,57
13638,13092,57
27236,29221,57
11958,27945,57
13363,13968,57
13968,13967,57
15878,24200,57
24850,48214,57
13967,13906,57
1695,3873,57
41131,48881,57
11208,41132,57
50332,42877,57
1348,2876,57
50497,13091,57
1456,1449,57
18907,18917,57
48258,17629,57
8749,9966,57
396,389,57
48443,395,57
21115,21117,57
28257,28258,57
51155,22181,57
10838,43435,57
39981,16549,57
27589,40881,57
2883,3718,57
13868,13867,57
50634,25644,57
16155,15740,57
25941,25947,57
13430,13434,57
5244,18470,57
27653,27849,57
2492,1797,57
4977,4978,57
1358,3832,57
26607,26613,57
17925,17932,57
13904,13897,57
26598,26607,57
4574,18480,57
42815,44524,57
22292,23012,57
4580,4579,57
19566,19705,57
18862,6534,57
41920,44777,57
19877,17580,57
49392,27358,57
11980,42688,57
42688,43943,57
43943,43774,57
23751,21851,57
20637,4204,57
50387,20515,57
4204,20798,57
10957,10962,57
28256,28257,57
21013,18284,57
18284,51232,57
39145,39147,57
50906,39144,57
27448,41918,57
51232,51233,57
51233,20998,57
20998,20994,57
11282,44411,57
4961,4580,57
39086,42604,57
11496,10426,57
43350,4956,57
5651,5653,57
5650,5651,57
42525,5650,57
5648,5649,57
15742,15539,57
40536,43595,57
24836,34019,57
5645,5648,57
22322,24836,57
34018,22322,57
5644,5645,57
27279,26965,57
50957,50948,57
13910,14023,57
14589,14015,57
5643,5644,57
14963,42817,57
35471,5014,57
2781,2786,57
12251,12590,57
27701,11961,57
12590,28959,57
15034,24870,57
20994,20987,57
13751,48366,57
13937,50332,57
6228,18336,57
7878,7836,57
7877,7878,57
20799,20800,57
34842,7876,57
23347,13341,57
22228,24124,57
13782,13767,57
13767,12985,57
20220,6728,57
23704,24126,57
22928,977,57
6223,20979,57
4563,19391,57
25421,23429,57
44141,4563,57
12978,12992,57
18481,44141,57
4890,4727,57
12840,13807,57
20798,20799,57
22087,16901,57
35407,1107,57
3196,3423,57
26830,28256,57
23012,22098,57
22098,22228,57
44255,13782,57
20979,19435,57
19435,6228,57
11340,9261,57
11338,11340,57
40534,40535,57
3873,35079,57
16674,16681,57
3578,3579,57
22689,22044,57
3579,3196,57
22044,22310,57
49879,44674,56
12284,12278,56
5026,4911,56
29052,12250,56
11856,37257,56
8413,34716,56
12296,12298,56
7379,7356,56
7426,34942,56
34965,7422,56
25670,26212,56
42575,37769,56
5507,5274,56
26212,43366,56
10193,43792,56
44674,16968,56
16428,16429,56
25979,26295,56
7395,7384,56
11266,9618,56
50343,50350,56
50350,49699,56
49699,14116,56
41933,9300,56
11228,41933,56
10394,11270,56
15588,16077,56
44924,26271,56
35957,9579,56
10079,9304,56
9304,11720,56
35847,35957,56
11720,9537,56
14897,14966,56
9537,39290,56
47854,3437,56
43149,43151,56
39291,35847,56
40020,39291,56
9569,40020,56
9689,37065,56
11908,43149,56
9429,11903,56
22260,21675,56
15781,23210,56
8704,10754,56
44258,34266,56
29447,29464,56
34267,11445,56
37534,13321,56
21598,21356,56
34823,35030,56
39759,24475,56
17354,3316,56
2283,17354,56
2475,2283,56
2282,2475,56
4562,39225,56
13052,13126,56
2739,2282,56
937,940,56
35648,2739,56
35568,35648,56
2034,36097,56
35668,35568,56
35666,35668,56
3145,35666,56
19534,19535,56
1925,1909,56
34156,20195,56
16244,9,56
2239,35798,56
13934,13140,56
13794,13796,56
9355,9971,56
13037,29343,56
7836,34862,56
24475,39269,56
39269,24477,56
24477,24288,56
47970,47967,56
13095,13637,56
1800,2693,56
38865,38862,56
15687,15800,56
21378,21382,56
51919,3371,56
3351,3556,56
3556,17140,56
17140,47958,56
47958,47971,56
47971,47970,56
47968,49967,56
24288,24290,56
2826,2827,56
2827,2828,56
2828,2832,56
25,8,56
8,16244,56
22314,34018,56
24275,22314,56
24274,24275,56
42,24274,56
152,21604,56
24290,42,56
34862,34823,56
35030,34878,56
18383,21124,56
22234,592,56
20470,19771,56
19771,20157,56
44816,44824,56
44824,44818,56
44818,43660,56
20157,19772,56
15781,16075,56
13267,13624,56
19772,6908,56
5224,5225,56
4198,6973,56
6973,20591,56
20591,6974,56
49659,19728,56
18848,49659,56
6974,20589,56
18846,18847,56
19589,18846,56
19760,19589,56
49534,50481,56
49553,49534,56
5223,5224,56
4891,43972,56
5222,5223,56
7974,8457,56
4804,5167,56
19778,20470,56
19777,19778,56
931,949,56
34878,35032,56
35032,7879,56
14345,13777,56
12087,12090,56
21591,21470,56
13626,14345,56
23580,22213,56
22214,23580,56
22212,22214,56
13621,13626,56
972,22927,56
10,16246,56
19776,19777,56
24245,24247,56
16246,16247,56
29367,29368,56
40547,39812,56
39812,39814,56
39814,39816,56
39816,39818,56
26402,608,56
13624,13621,56
24335,16346,56
42723,50250,56
21124,18410,56
11046,11047,56
19264,18383,56
42600,42597,56
16911,23647,56
12963,50187,56
9730,50937,56
20503,16970,56
16495,16599,56
4624,4622,56
25577,40984,56
40984,40983,56
40983,39621,56
17048,3493,56
42607,42600,56
3581,3582,56
42596,42607,56
39750,51478,56
39751,39750,56
11093,11080,56
21312,42981,56
22305,21690,56
16452,16453,56
11452,9923,56
44524,47003,56
3580,3581,56
28118,28144,56
42455,28118,56
18155,18193,56
44540,44546,56
12981,13044,56
16765,44248,56
42893,16765,56
3706,2250,56
2262,17476,56
17908,17902,56
29406,50491,56
16544,41764,56
9672,34240,56
14398,14396,56
13627,12968,56
42301,34458,56
3112,3291,56
43211,43210,56
3168,43211,56
3539,3168,56
34296,17485,56
24244,23018,56
43143,43145,56
44541,44540,56
3120,3166,56
37360,37358,56
29424,29447,56
3582,2650,56
214,40893,56
40891,35170,56
25969,25970,56
11698,9584,56
20822,50387,56
9401,9405,56
2969,1620,56
13587,44461,56
44461,44469,56
9543,9896,56
51675,9023,56
40639,13227,56
47995,2356,56
38860,51675,56
48268,12838,56
23092,25,56
332,24920,56
27806,27909,56
5489,5490,56
14016,14588,56
17946,17949,56
21291,36134,56
40893,40891,56
9646,11698,56
4903,4571,56
20513,20822,56
21993,37719,56
5190,4791,56
2651,2881,56
44099,1644,56
23375,23370,56
1247,3937,56
23370,21993,56
3979,35844,56
36125,1592,56
1592,51115,56
9421,9824,55
21130,21132,55
9408,9601,55
9601,10010,55
2134,2017,55
2018,3952,55
49879,44677,55
44678,16976,55
9803,8732,55
48923,48921,55
13864,12837,55
34140,48923,55
25689,25690,55
18499,19425,55
7352,7416,55
36134,4223,55
14370,49329,55
13802,13796,55
23319,24284,55
13152,13288,55
35954,12151,55
21132,21136,55
4626,4658,55
36041,50300,55
4774,4636,55
4636,4632,55
4632,4667,55
4667,47851,55
12938,13270,55
44676,44678,55
16996,1284,55
9048,11119,55
44677,44676,55
18490,21146,55
15872,22974,55
8115,34998,55
21136,18490,55
12837,25093,55
7347,7439,55
21146,18492,55
18032,18001,55
41220,7396,55
39983,5222,55
14348,16233,55
39270,24298,55
21538,16681,55
24025,23956,55
24472,34016,55
34016,14939,55
14939,24474,55
24474,14925,55
14925,24478,55
24478,24293,55
24298,39758,55
21516,632,55
29413,12938,55
42851,36988,55
15250,49517,55
49517,15248,55
26965,27945,55
14692,15233,55
1728,1715,55
1715,1719,55
632,21517,55
27423,12004,55
39982,15991,55
29249,11958,55
5219,39983,55
20768,20769,55
14539,12918,55
14536,14539,55
42858,14536,55
27859,27841,55
26511,41261,55
12406,29249,55
27945,39216,55
12004,43942,55
21613,21388,55
21382,21621,55
21621,21622,55
21622,21365,55
2295,3725,55
43786,49160,55
21355,21352,55
43942,43786,55
1722,1724,55
13131,14138,55
49696,49708,55
26186,28916,55
15813,15812,55
18905,19834,55
18881,18905,55
21017,21054,55
21054,21068,55
21068,21077,55
39828,50556,55
16370,16338,55
5225,5226,55
49708,49705,55
19553,19555,55
4733,43971,55
5750,20126,55
20126,21287,55
13915,13214,55
49206,14866,55
27128,44145,55
51579,5217,55
35172,23713,55
35669,35667,55
35667,35695,55
2278,35945,55
49705,49700,55
22042,33969,55
49700,20876,55
3865,3834,55
39617,3865,55
50641,19253,55
40985,18835,55
20090,40985,55
1438,1420,55
2556,17149,55
17149,1805,55
48266,25093,55
12310,12126,55
28294,12310,55
39128,23147,55
919,24421,55
38655,25229,55
2513,2115,55
24293,39270,55
16885,39982,55
6118,20480,55
7544,7749,55
16298,16404,55
25109,23368,55
16784,16785,55
16406,15802,55
38358,38357,55
13288,16777,55
5797,5796,55
24328,34031,55
12674,11990,55
5282,5283,55
4526,4523,55
19690,4577,55
4469,4526,55
34654,34462,55
5794,5795,55
5793,5794,55
39250,48328,55
4817,4475,55
44538,42756,55
27565,28864,55
21301,20535,55
51921,12990,55
51616,41875,55
16331,25246,55
50185,11970,55
17918,17908,55
41875,48344,55
2862,35669,54
49560,49558,54
4630,6169,54
49558,49549,54
5423,5366,54
25006,36832,54
6860,4565,54
2740,2862,54
27623,26120,54
11729,10556,54
15306,15381,54
2743,2744,54
1810,1811,54
26604,26614,54
26602,26604,54
2284,2743,54
26608,26602,54
2744,2740,54
1932,1930,54
9048,41137,54
21619,21390,54
12004,27371,54
19268,18463,54
18461,19268,54
18448,18461,54
48742,39284,54
15402,15384,54
48912,48890,54
21838,21355,54
17355,2284,54
20139,20140,54
4668,49560,54
20140,20141,54
51270,14595,54
21427,21619,54
1935,1936,54
15326,16901,54
24666,24753,54
1930,1935,54
21601,35713,54
49549,49550,54
2596,17355,54
27379,27380,54
40426,25512,54
47948,2356,54
13132,13618,54
5048,4957,54
38746,3190,54
13920,13181,54
48918,37528,54
17581,17574,54
50481,4538,54
27374,27409,54
27409,27379,54
25337,25332,54
2741,2596,54
14217,14239,54
16430,15588,54
16429,16430,54
12884,13865,54
13865,34277,54
786,24783,54
12992,13625,54
16427,15569,54
13625,13620,54
13620,13623,54
13603,47432,54
16070,16071,54
25512,25490,54
15448,49984,54
25490,28918,54
3160,2741,54
34047,21327,54
2201,2675,54
25013,60,54
36451,41133,54
19571,42807,54
38861,38863,54
24236,24446,54
8997,51672,54
13416,24157,54
13288,13252,54
11160,7604,54
23221,21851,54
4957,35334,54
10996,11003,54
44017,44050,54
16247,15428,54
5630,5631,54
11003,11001,54
5629,5630,54
20471,19776,54
19703,42652,54
42652,42193,54
1809,1810,54
42620,1595,54
1814,1815,54
6006,44300,54
19787,20280,54
34529,34525,54
44299,6010,54
21606,21359,54
34525,34522,54
50735,25709,54
44001,50735,54
6384,5493,54
28936,25766,54
25781,28936,54
25782,25781,54
16521,25304,54
5799,5798,54
5796,5799,54
28915,29203,54
35338,4530,54
28232,40151,54
43758,43603,54
22085,21556,54
8988,10451,54
43520,23731,54
20430,19787,54
29081,29082,54
35821,3253,54
6005,6006,54
28885,27547,54
16195,49969,54
4661,4578,54
25483,28885,54
12304,12305,54
24123,22180,54
24125,24123,54
12557,12304,54
4578,4589,54
44564,48800,54
24422,918,54
25487,25483,54
812,24125,54
19324,6005,54
25537,25513,54
17059,2601,54
4721,4638,54
5355,5763,54
26425,26424,54
34246,20430,54
25650,26425,54
9596,9597,54
9597,8988,54
23655,15844,54
6581,18611,54
15037,15045,54
3227,3225,54
3674,3227,54
37538,523,54
27920,42495,54
3232,3674,54
3226,3232,54
27246,39564,54
39302,16783,54
18611,18618,54
18588,6581,54
47848,3368,54
37719,37718,54
18549,18527,54
37718,34128,54
49969,16412,54
12884,13001,54
21809,21815,54
23152,21987,54
3294,3226,54
3224,3294,54
47825,6189,54
20105,40763,54
17972,20533,54
16682,16674,54
1205,1202,54
4978,4972,54
13907,13966,54
9595,9596,54
17182,41946,54
43255,19454,54
19454,19458,54
12945,13595,54
37720,23375,54
38660,16149,54
43661,38660,54
3922,3580,54
39278,22305,54
1202,1180,54
1180,17272,54
1367,1375,54
1327,1367,54
48257,39352,54
13623,13132,54
2573,2836,53
15844,50260,53
11002,10591,53
24481,24443,53
43857,41173,53
24482,24480,53
24446,24448,53
44410,8863,53
44409,44410,53
18567,17600,53
19067,17639,53
5627,5628,53
34788,8130,53
8130,34825,53
34825,7879,53
35035,7902,53
11004,10995,53
11000,11004,53
33995,24790,53
24790,34128,53
49160,41650,53
41650,49418,53
28242,26810,53
6707,6708,53
37117,399,53
399,24927,53
6319,49553,53
41743,6319,53
12840,13261,53
13261,12877,53
12877,12836,53
12836,12818,53
6181,4509,53
29441,14281,53
5140,6181,53
49537,5140,53
42435,49537,53
8128,34788,53
34824,8128,53
8402,34824,53
44101,43512,53
10446,10101,53
19312,19314,53
50358,10843,53
20117,20122,53
15845,43984,53
12963,23418,53
21080,21074,53
25506,25527,53
25527,28996,53
28996,28903,53
42845,7604,53
27851,26546,53
6886,20572,53
27838,27839,53
28319,12433,53
12433,12411,53
15712,15792,53
15884,15712,53
39819,39822,53
44369,16179,53
34332,20584,53
8423,7876,53
7877,8127,53
8127,8402,53
6863,6860,53
6161,6863,53
49528,6161,53
21352,966,53
16534,39182,53
9,10,53
1753,42841,53
1589,36124,53
1596,1589,53
27670,27672,53
27672,27687,53
24787,21594,53
27687,27767,53
17215,1634,53
17213,17215,53
29368,14044,53
13605,13246,53
17993,17994,53
15034,49517,53
12993,13607,53
39024,7028,53
174,35321,53
35321,35322,53
39753,39752,53
24324,39753,53
39755,24324,53
39756,39755,53
39757,39756,53
16003,16565,53
50139,50143,53
6310,49528,53
21894,16865,53
6300,6310,53
49555,6300,53
6155,49555,53
13614,13605,53
13605,13438,53
14819,49198,53
9983,37065,53
15115,15151,53
40344,40345,53
12226,40344,53
36477,9553,53
16865,24535,53
50143,50145,53
28234,26763,53
8437,8274,53
39549,27252,53
38838,10238,53
24466,21348,53
12889,42858,53
14537,13060,53
163,164,53
44376,29357,53
21602,163,53
50145,51868,53
14825,49206,53
27836,27838,53
43604,23810,53
36828,14596,53
27167,27171,53
24009,24012,53
23990,24009,53
23988,23990,53
27155,27197,53
24208,15353,53
29464,29463,53
19309,6000,53
49614,18971,53
28142,28123,53
28123,28125,53
3365,3004,53
2700,17463,53
17463,17464,53
28589,27564,53
17464,1839,53
1839,1837,53
1837,1838,53
1834,1832,53
1832,3114,53
3114,1830,53
14596,13853,53
7443,34964,53
37760,13322,53
13900,13879,53
41874,48328,53
48344,41874,53
51616,39250,53
17283,51629,53
4832,4833,53
4833,4834,53
21216,6202,53
21207,21216,53
15807,16214,53
21200,21207,53
4902,4890,53
21205,21200,53
21208,21205,53
19329,6201,53
6200,19329,53
12091,12089,53
16069,24472,53
14190,14199,53
14199,14202,53
14202,14193,53
9740,10594,53
1830,2597,53
14872,14860,53
2258,35649,53
4673,38560,53
14497,13339,53
14047,13040,53
18509,18546,53
18602,18592,53
2247,2252,53
18609,18602,53
13287,29343,53
2249,2247,53
2246,3706,53
2694,2251,53
17566,2358,53
13861,14548,53
13295,48897,53
13775,12992,53
2250,2243,53
2248,2249,53
17476,16987,53
2254,2248,53
2251,2245,53
2245,2246,53
12731,42168,53
2471,2694,53
20503,3989,53
12780,12781,53
36204,41133,53
441,610,53
25100,43324,53
48293,16489,52
20390,19545,52
1198,41513,52
40534,43595,52
15643,51871,52
23961,23963,52
48640,13362,52
23960,23961,52
16635,16637,52
14730,40797,52
17001,4111,52
23964,23960,52
16637,16630,52
14271,14280,52
12151,12165,52
16632,16635,52
16634,16632,52
50894,25333,52
15545,16148,52
48642,44568,52
25333,25335,52
39621,25581,52
23293,16634,52
42606,42594,52
11452,9921,52
19821,17001,52
12824,13056,52
5628,5629,52
4541,4722,52
24213,16781,52
23862,15592,52
1469,3725,52
46430,10713,52
11614,10527,52
42512,15552,52
9969,10302,52
1449,1460,52
46,33966,52
35796,2243,52
2255,2839,52
2839,2840,52
49351,11649,52
5037,4593,52
2832,1780,52
15838,15695,52
15695,15793,52
15793,15883,52
12979,24217,52
25282,25264,52
3005,3560,52
11741,11727,52
42474,10353,52
11505,42474,52
10690,11505,52
26763,28559,52
4974,4976,52
4976,4979,52
44819,44817,52
13425,43286,52
26757,28195,52
41785,4179,52
20972,20962,52
19399,20972,52
22318,39278,52
22317,22318,52
15889,15809,52
22316,22317,52
44686,22316,52
44685,44686,52
14854,14872,52
25224,49164,52
48640,51270,52
44817,44815,52
1995,2002,52
41493,44819,52
51673,44265,52
5365,5398,52
13088,50631,52
5376,5377,52
5377,5379,52
5379,5380,52
17675,20917,52
44703,48462,52
577,576,52
576,574,52
574,571,52
571,570,52
25399,15416,52
51495,26538,52
9028,48353,52
44876,51673,52
14475,12987,52
49984,15449,52
15449,15450,52
16071,16073,52
513,589,52
37538,513,52
28411,28409,52
10647,10112,52
10324,11543,52
11543,11848,52
11848,9730,52
40150,26475,52
10176,10281,52
9982,9793,52
47061,9982,52
5398,5397,52
29488,13226,52
40792,51170,52
48482,11459,52
10311,9371,52
10310,10311,52
10309,10310,52
8950,10309,52
23909,23930,52
23616,23617,52
34103,23616,52
42542,23945,52
24028,42542,52
18463,18450,52
12299,43711,52
50349,11269,52
48448,50349,52
11459,48448,52
9553,48482,52
2987,2480,52
10515,44418,52
4085,4086,52
13356,23098,52
2765,3045,52
3563,2131,52
2131,2988,52
2988,3146,52
3146,2498,52
2498,2108,52
3681,3949,52
34635,35105,52
3388,36131,52
36131,2986,52
2986,2987,52
10173,10177,52
43699,42714,52
21688,24309,52
18454,5240,52
10015,49357,52
11625,9743,52
8733,9742,52
13090,44374,52
5338,5311,52
10958,42677,52
47400,8863,52
9938,9939,52
8170,38886,52
17665,17671,52
10251,42157,52
34522,34526,52
51149,34529,52
5727,5728,52
43630,43628,52
11605,9343,52
42618,43630,52
50858,42618,52
13775,13773,52
12981,13082,52
23696,24099,52
50550,24126,52
3532,2362,52
29055,29049,52
29065,29055,52
28315,29065,52
48640,49210,52
21514,21515,52
21515,21516,52
13862,13866,52
8977,9442,52
9343,10775,52
42460,43699,52
49550,41048,52
17488,47855,52
2803,17488,52
39787,12750,52
25688,25690,52
25690,25693,52
39289,9887,52
34272,39289,52
9493,34272,52
43150,38684,52
43152,43150,52
43149,43152,52
50484,43149,52
5272,5506,52
41048,35334,52
10965,42558,52
190,42530,52
50539,50505,52
34754,8075,52
22018,34075,52
34075,23788,52
16631,23340,52
8438,7720,52
27243,27242,52
27269,50962,52
23931,44303,52
5307,5308,52
95,16797,52
21889,22041,52
14632,195,52
42781,194,52
16630,16631,52
23963,24028,52
22062,21744,52
26718,28207,52
15820,15785,52
41295,26068,52
948,935,52
23252,24262,52
28909,25616,52
5758,6275,52
26485,28909,52
17569,17581,52
28134,28150,52
28133,28138,52
28149,28133,52
25639,26485,52
29205,29206,52
41854,25639,52
28894,41854,52
15719,44487,52
26424,28894,52
25792,25782,52
21589,29342,52
22864,947,52
28731,12570,52
1294,3956,52
48181,4957,52
4638,4902,52
25616,28893,52
26262,41295,52
41981,26261,52
28124,28141,52
46813,26271,52
13239,13710,52
6703,6704,52
6704,6705,52
43588,47421,52
47405,43588,52
47404,47405,52
48346,28117,52
24394,48342,52
48049,47404,52
27357,27470,52
27953,27136,52
28062,27953,52
28000,28062,52
27917,26547,52
27844,27917,52
28893,25537,52
27881,27844,52
27087,28000,52
27085,27087,52
27863,27881,52
9376,9372,52
10010,38123,52
29206,25794,52
44487,15723,52
4515,4628,52
4970,4745,52
18462,44139,52
44139,21169,52
48481,43905,52
29204,29205,52
37722,37721,52
42299,48481,52
21169,21178,52
37721,37720,52
39086,20641,52
4745,4763,52
21168,18462,52
4840,18418,52
21018,4193,52
16793,24214,52
24584,24440,52
14024,29346,52
43195,39302,52
13159,12837,52
28237,42073,52
42073,28238,52
50176,42158,52
701,43328,52
25487,50176,52
25633,28472,52
19775,20471,52
16383,51776,52
33890,22516,52
4903,4847,52
29203,29204,52
4155,21168,52
24149,48509,52
4846,5011,52
28472,41956,52
24447,24242,52
4470,4729,52
24448,24447,52
28425,28411,51
11275,10954,51
8757,8758,51
11286,11069,51
25067,15410,51
8763,8764,51
42126,7575,51
12903,13704,51
27410,27089,51
15405,24464,51
28408,28410,51
33907,15491,51
28426,28424,51
14249,14240,51
37410,47768,51
27900,27810,51
26546,26544,51
27862,27840,51
11178,41132,51
27378,27410,51
10467,8938,51
15812,16369,51
11049,11051,51
11047,11049,51
10894,11046,51
14212,14218,51
21248,21243,51
26526,40112,51
5161,6155,51
34128,23642,51
37724,37723,51
51529,13662,51
29354,13227,51
37723,37722,51
14055,29353,51
14056,14055,51
50631,51761,51
41456,41455,51
19306,41460,51
21042,21030,51
21055,21042,51
6251,21055,51
21064,6251,51
21596,50898,51
40978,42564,51
35720,41485,51
25541,26209,51
21597,22086,51
4199,21309,51
50768,25709,51
2618,3950,51
21556,14811,51
21379,21378,51
21381,21380,51
21629,22087,51
9707,34238,51
25809,26883,51
28228,28229,51
29366,44375,51
12625,12626,51
6169,5161,51
40112,43082,51
28949,41200,51
22235,14693,51
40116,28949,51
26292,40115,51
43360,43080,51
25705,43360,51
43363,25705,51
25733,43363,51
50770,26846,51
43359,28915,51
43362,43359,51
43361,43362,51
43082,43361,51
43879,49901,51
6464,6465,51
25605,26526,51
40117,26024,51
43613,40117,51
25493,43613,51
8952,10468,51
1491,51984,51
44371,24779,51
24483,741,51
24296,15814,51
42204,8264,51
41861,42204,51
42205,41861,51
6408,6464,51
49877,7588,51
14215,14212,51
2896,2897,51
23673,23674,51
4676,5143,51
1711,1275,51
35423,35471,51
2252,2472,51
19389,19386,51
50379,16287,51
22261,23671,51
15003,15035,51
16374,15881,51
23671,23672,51
23672,23673,51
23674,22,51
25311,25309,51
5227,5228,51
5226,5227,51
13505,13511,51
3321,3660,51
3660,2063,51
13174,13290,51
24736,24739,51
13036,12898,51
18103,7048,51
27516,27534,51
24158,13417,51
5487,5488,51
2841,2263,51
44129,27243,51
1476,1703,51
13475,13503,51
43273,13475,51
14613,23944,51
13511,49936,51
28135,28134,51
27170,27172,51
24779,13361,51
27599,26970,51
13903,14024,51
4853,5011,51
27871,27865,51
3182,2896,51
2897,3164,51
20466,38360,51
38360,38359,51
13199,13915,51
26547,27845,51
27841,27888,51
48141,2356,51
4003,4001,51
2087,17499,51
16987,17452,51
44131,44129,51
25319,25301,51
50968,3431,51
13503,13505,51
44481,40084,51
43205,13107,51
2570,2835,51
12827,13813,51
24093,24389,51
28916,44481,51
13163,13427,51
8132,34998,51
20121,19550,51
48509,34090,50
43430,43428,50
16747,16843,50
5668,5773,50
43431,43430,50
5773,5772,50
26728,28731,50
28206,26728,50
5772,5285,50
4663,4627,50
2295,2500,50
43428,43426,50
362,363,50
15561,21889,50
20871,4234,50
39639,28310,50
20864,20871,50
13867,13863,50
28093,43365,50
42571,43431,50
14513,14158,50
17495,2412,50
3272,17495,50
13187,14197,50
38642,43520,50
14375,14400,50
49752,43584,50
18431,35332,50
24639,16796,50
45038,13708,50
357,362,50
41485,16426,50
28091,42497,50
14374,14375,50
43365,28091,50
1886,2570,50
14415,14374,50
41936,20739,50
7945,8401,50
41133,24468,50
42841,4111,50
4234,4235,50
34518,34521,50
9343,9346,50
20454,20455,50
539,538,50
20455,20456,50
19808,35316,50
531,539,50
9930,9931,50
9939,9930,50
47951,3549,50
529,531,50
5490,21264,50
23617,23217,50
34526,34513,50
34513,34516,50
34515,34514,50
8281,34515,50
34516,34527,50
34527,34517,50
23676,44586,50
34799,8281,50
34517,34518,50
50347,9566,50
40536,25288,50
23295,40534,50
20869,20450,50
42090,42091,50
4235,20870,50
527,528,50
20870,4231,50
4231,5915,50
5915,20868,50
23362,25253,50
360,599,50
20868,20869,50
20450,20451,50
3819,2959,50
5310,6372,50
538,533,50
20451,20452,50
528,529,50
9533,50347,50
51760,51759,50
51758,51760,50
50380,23261,50
20452,20453,50
363,527,50
44927,5454,50
39296,8916,50
870,1007,50
6886,20576,50
16639,16572,50
48897,49946,50
51253,34495,50
16633,16639,50
16636,16633,50
10960,8991,50
16974,16972,50
16638,16636,50
8999,10843,50
44264,51194,50
51194,44877,50
23339,16638,50
17633,17662,50
24982,940,50
39133,27901,50
575,577,50
5619,18426,50
13604,13615,50
4888,19571,50
26291,25593,50
25547,26291,50
5332,5334,50
5334,5335,50
17703,17712,50
7201,17703,50
47432,13042,50
34493,8192,50
12975,13632,50
47837,22804,50
35156,35164,50
48506,618,50
270,48507,50
942,22527,50
195,592,50
42781,195,50
16511,16597,50
20397,18715,50
7559,29342,50
51410,44927,50
13911,13016,50
48798,15228,50
350,48798,50
24915,344,50
628,24915,50
7944,8322,50
34168,49731,50
18440,51962,50
51962,19427,50
7975,7955,50
9792,47311,50
10067,9792,50
9799,10067,50
23491,40031,50
8749,10179,50
17662,7201,50
17623,17633,50
49519,51387,50
8468,29342,50
16495,16603,50
16588,16528,50
16528,16550,50
16550,16621,50
16147,43374,50
28145,28124,50
28130,28145,50
29097,29099,50
28809,29097,50
29096,28809,50
12765,29096,50
28807,12765,50
39213,27591,50
28332,28189,50
1824,1820,50
27864,27863,50
12273,49812,50
11028,11035,50
14345,12915,50
27302,48055,50
40881,48027,50
15702,15820,50
49250,11035,50
27886,27860,50
49515,50899,50
47936,49515,50
24850,15988,50
43901,43475,50
43903,43901,50
39128,22046,50
48259,17629,50
48957,48259,50
48260,48957,50
39229,6095,50
6094,39229,50
6093,6094,50
25942,25944,50
48365,9493,50
26890,28332,50
42810,18788,50
50078,50075,50
50075,50074,50
50074,50077,50
50077,50073,50
8125,10226,50
10226,10776,50
27470,27464,50
26476,26477,50
48347,26476,50
23830,24601,50
24601,24614,50
24614,24612,50
15900,25084,50
24612,24495,50
24494,24495,50
3894,3819,50
20453,20454,50
28670,39620,50
17046,2405,50
26051,25795,50
41602,40114,50
25769,26051,50
12838,51811,50
40114,25633,50
43231,12816,50
25763,25769,50
26210,26225,50
26209,26210,50
27623,28928,50
19843,20855,50
78,34022,50
4482,5185,50
24025,24027,50
15206,22566,50
34022,21673,50
24027,24026,50
24143,24855,50
40113,41602,50
42099,40113,50
25517,29304,50
19494,20851,50
14348,22235,50
15586,35179,50
35179,48840,50
28671,28637,50
25526,25517,50
29480,13636,50
11289,11644,50
10153,10154,50
714,14612,50
9923,9924,50
5736,43946,50
5699,5700,50
9924,11639,50
11639,9932,50
9932,9933,50
23958,23959,50
23959,23965,50
2673,3275,50
28847,28848,50
45021,76,50
33982,22761,50
13119,13107,50
14248,14251,50
16684,16116,50
43371,28846,50
28846,28847,50
12937,13104,50
26772,28219,50
25962,25963,50
15809,15703,50
24646,24647,50
4633,4560,50
4560,4563,50
24647,24648,50
21281,19352,50
28219,26770,50
14243,14248,50
50725,26846,50
38765,4561,50
25712,50725,50
29480,51635,50
51418,44003,50
44003,13425,50
42471,29430,50
29430,43282,50
44304,24005,50
19556,5883,50
28891,42107,50
22621,24092,50
5076,50479,50
50479,49529,50
18690,18696,50
26306,41607,50
42107,40093,50
13412,13406,50
50764,25709,50
10667,10664,50
26098,28673,50
50731,25709,50
28102,12615,50
11824,9966,50
48351,1098,50
12015,28670,50
4111,4131,50
44001,50731,50
43383,43322,50
37727,43383,50
2405,2614,50
21347,21501,50
2118,2113,50
3790,3507,50
23104,23105,50
28906,27560,50
20308,18365,50
21331,23755,50
22803,21512,50
23105,16903,50
28111,28102,50
28927,27622,50
23107,21627,50
16964,2602,50
2959,2956,50
28856,12015,50
26104,25692,50
11990,27478,50
28855,28856,50
41294,26103,50
28854,28855,50
16596,16510,50
42594,42595,50
28850,28851,50
42595,42599,50
42599,42603,50
16177,33971,50
727,732,50
26069,41294,50
41222,4541,50
43905,8131,50
28851,28852,50
16903,16904,50
2412,17047,50
43384,37727,50
2840,3186,50
10079,9302,50
5622,5623,50
37728,43384,50
3112,3126,50
3126,17510,50
2315,2782,50
3115,2279,50
39754,22449,50
48347,42123,50
25629,28945,50
2783,2502,50
28945,25613,50
25613,25601,50
25601,40106,50
40106,25526,50
2614,3271,50
26154,25637,50
25637,25629,50
3403,2523,50
2660,3403,50
34128,37728,50
44758,26070,50
41839,41963,50
24169,44685,50
37648,13321,50
41841,41839,50
26263,41981,50
975,50250,50
374,351,49
354,599,49
11120,11161,49
11081,44961,49
15792,15889,49
16990,1210,49
610,25434,49
34124,33995,49
42908,42904,49
42904,42951,49
26628,26405,49
48506,42777,49
10116,9997,49
10112,10116,49
28549,26707,49
4588,21093,49
26810,26817,49
22017,22453,49
23388,23383,49
4513,41742,49
24789,22368,49
40147,26886,49
28515,40147,49
21934,24789,49
16711,21934,49
22453,16711,49
11080,11022,49
39259,16990,49
20680,18788,49
23383,23373,49
16709,22017,49
16094,2,49
23723,23724,49
23373,34124,49
11119,11080,49
23393,23388,49
42951,42923,49
47907,15563,49
302,282,49
28805,28807,49
28902,28946,49
42984,42983,49
42986,42984,49
50341,42986,49
21944,24134,49
5229,19911,49
5228,5229,49
22835,77,49
40631,35312,49
7022,7023,49
6530,7020,49
7021,6530,49
5013,4791,49
14600,48089,49
1690,3008,49
49749,49744,49
49744,49756,49
28946,25638,49
3950,3989,49
895,873,49
6067,20556,49
34218,35844,49
37358,37360,49
2139,2113,49
15620,23133,49
23133,15672,49
4591,4729,49
1764,18789,49
14397,14396,49
27602,27294,49
27522,27806,49
19845,20688,49
13409,13413,49
23368,23239,49
9473,44419,49
8619,9473,49
11869,10742,49
10086,10137,49
49773,48450,49
898,895,49
305,304,49
35164,35158,49
35162,49435,49
49435,49472,49
49472,49449,49
49449,49424,49
49424,49463,49
49463,49461,49
49467,49451,49
35133,35135,49
35138,35139,49
35141,35144,49
35144,35145,49
35145,35148,49
16232,44328,49
51786,4479,49
28433,28429,49
15459,15461,49
15458,15459,49
35160,35162,49
35153,35156,49
28560,28220,49
35151,35153,49
48451,48453,49
47845,44888,49
44888,42460,49
3008,38851,49
20555,40946,49
40946,20554,49
3928,1457,49
25950,25951,49
42160,44326,49
24190,15717,49
44326,44325,49
44325,44323,49
21295,21307,49
21307,4211,49
24855,24154,49
28238,44612,49
20840,19549,49
28559,28560,49
10556,10690,49
28220,28561,49
3835,50019,49
16572,16619,49
3834,3835,49
27252,26946,49
26946,26945,49
26945,26943,49
26943,27244,49
19265,5756,49
43283,29332,49
15698,15701,49
34735,42148,49
41666,13321,49
68,22489,49
43,68,49
1739,1607,49
29427,14210,49
29423,29427,49
24583,24483,49
48118,25938,49
2871,1701,49
35085,2871,49
1310,35085,49
15922,15935,49
332,758,49
15151,24889,49
4608,35423,49
35465,4608,49
13422,13427,49
13116,13422,49
13461,13116,49
13459,13461,49
42080,13459,49
47876,15559,49
14632,42782,49
42782,42554,49
42602,39086,49
26871,25810,49
7290,20212,49
17995,17983,49
36484,41133,49
14003,14004,49
14140,14141,49
29460,14514,49
14373,14415,49
29553,14373,49
29562,29553,49
13286,29344,49
21279,17600,49
18001,18028,49
8241,8331,49
41191,42602,49
12301,25823,49
41194,41191,49
25547,25548,49
13043,13290,49
13088,50625,49
13036,29368,49
14052,29370,49
50445,12823,49
13057,50445,49
643,42892,49
13609,12991,49
13484,14508,49
42531,189,49
42534,42531,49
42554,42534,49
29332,42470,49
15672,25097,49
13725,13238,49
21702,21704,49
21704,50139,49
41489,39159,49
28061,27999,49
27999,27086,49
27954,28060,49
27086,27084,49
6883,41186,49
22299,22765,49
24315,50592,49
42657,105,49
13502,43272,49
5283,5284,49
5281,5282,49
5280,5281,49
14335,13502,49
13512,14335,49
25561,25688,49
28060,28061,49
27137,27954,49
23896,21702,49
5661,5662,49
25306,25308,48
25638,25828,48
41963,43936,48
43936,42245,48
42245,41965,48
34514,34512,48
41965,45016,48
25457,27177,48
34512,34523,48
34523,34524,48
23698,22976,48
33988,33987,48
27186,25457,48
34524,34528,48
34009,33988,48
44130,44132,48
41964,26396,48
40107,40162,48
43696,40107,48
17524,6369,48
26416,12751,48
11228,9300,48
5340,17524,48
6371,6370,48
6370,5340,48
26417,26418,48
12751,26417,48
25305,25306,48
27587,28881,48
34049,24168,48
13113,13166,48
12299,44503,48
37039,27660,48
6369,6368,48
39792,44288,48
35316,18707,48
20280,20480,48
13244,13187,48
5328,5332,48
44659,14564,48
16266,43190,48
44924,26154,48
38749,34009,48
28861,26251,48
16705,35173,48
49574,49579,48
51953,49571,48
49571,49505,48
28750,28850,48
20385,6105,48
28852,39626,48
26145,28678,48
43422,26145,48
16621,39981,48
46827,25921,48
16521,16614,48
44926,15278,48
15611,22465,48
25320,25311,48
24104,24444,48
39626,28853,48
16221,25292,48
28853,25930,48
22543,24743,48
13219,51815,48
27527,27526,48
25920,46827,48
14296,41888,48
5467,5464,48
26087,25899,48
9317,38680,48
49564,51953,48
49584,49574,48
40889,1471,48
44266,49484,48
26292,40118,48
43427,43429,48
26396,42887,48
38912,41216,48
43424,43427,48
51522,43424,48
42887,41840,48
51527,51522,48
6368,6366,48
6366,6364,48
29459,29460,48
29458,29459,48
2316,51527,48
51512,2742,48
51526,51512,48
43426,51526,48
48471,23671,48
15209,15276,48
47914,5048,48
40523,40522,48
5463,5460,48
15276,15271,48
23763,39761,48
5464,5463,48
28678,26093,48
40118,43696,48
26241,26242,48
25528,25538,48
38870,38868,48
28844,28845,48
16785,33938,48
44329,15605,48
43702,43703,48
43710,43702,48
40794,43710,48
37476,38867,48
37477,37476,48
40796,40798,48
37479,37477,48
37478,37479,48
28842,28843,48
28675,28842,48
9086,9085,48
28674,28675,48
40809,16606,48
39619,28674,48
5453,44928,48
44323,29301,48
44928,51409,48
51409,5708,48
25761,26128,48
5427,51410,48
38872,38871,48
39302,41017,48
26214,26327,48
36984,37478,48
13059,42707,48
16529,16587,48
16546,16529,48
28849,28861,48
15991,16546,48
16600,16496,48
28848,28849,48
16820,16489,48
714,207,48
192,42530,48
15722,16264,48
40528,16689,48
26266,25479,48
50767,25709,48
22361,23871,48
520,524,48
21111,21099,48
23596,22804,48
15788,15622,48
44001,50767,48
16113,16114,48
16114,25962,48
26012,43371,48
5317,5427,48
19168,19169,48
19169,19170,48
10843,43797,48
5451,5321,48
46230,18510,48
37180,18556,48
18566,18552,48
5452,5451,48
37725,37724,48
13887,13885,48
4114,50426,48
50426,50153,48
50153,50161,48
26126,25761,48
41246,26126,48
6227,6253,48
25792,26240,48
20989,6227,48
6372,6371,48
26240,26241,48
384,383,48
50771,25709,48
4968,21048,48
6226,20989,48
34528,51148,48
11879,49737,48
11715,11441,48
37726,37725,48
6253,20964,48
5108,5109,48
43027,8438,48
9021,50358,48
19170,20432,48
51578,5266,48
12937,13363,48
20432,17827,48
29418,13971,48
44466,13482,48
15897,24791,48
43490,25948,48
9075,39299,48
6229,20988,48
16642,16641,48
39299,9258,48
11399,11423,48
41133,11080,48
11332,11336,48
11336,39297,48
39297,11334,48
43774,27400,48
50229,43258,48
50494,15907,48
11423,11332,48
38680,9898,48
42483,3131,48
15939,39849,48
21786,22284,48
14800,14825,48
35624,2946,48
2946,2910,48
15562,37414,48
16390,25264,48
25228,25229,48
23400,35281,48
597,575,48
7974,7897,48
38367,38375,48
19821,4111,48
26593,27801,48
27802,26593,48
17000,17001,48
3133,35624,48
3132,3133,48
1081,1082,48
3131,3132,48
20144,40953,48
18695,18692,48
698,15939,48
15749,15750,48
27251,27252,48
24242,24246,48
15843,15876,48
11234,9046,48
22319,8439,48
11975,26954,48
15832,49306,48
49198,14897,48
21509,21511,48
10154,9929,48
2876,1310,48
15555,15557,48
35158,35160,48
598,572,48
47888,25553,48
15414,15563,48
1124,48060,48
596,597,48
20322,20323,48
27794,26567,48
43140,12386,48
15750,15751,48
12386,26841,48
21511,21510,48
573,596,48
20323,4384,48
4094,4090,48
48248,27585,48
16069,16070,48
10021,49489,48
49461,49467,48
21383,21384,48
35135,35138,48
21590,21509,48
35139,35141,48
35148,35149,48
35149,35151,48
21384,21385,48
15751,16084,48
44158,16205,48
20324,20201,48
4384,20324,48
25224,25227,48
14039,14047,48
50864,50865,48
16273,25252,48
20201,4381,48
34120,34121,48
1747,3975,48
42747,42746,48
15877,44134,48
5882,20721,48
10985,48353,48
41516,1158,48
39846,15952,48
15936,39846,48
42559,10957,48
42746,42745,48
19834,18916,48
42745,16705,48
43486,24014,48
24132,24098,48
24098,22957,48
49252,11032,48
23257,16489,48
13863,14596,48
20636,4288,48
5828,18072,48
2493,2494,48
2494,1793,48
20530,20531,48
16625,16611,48
17218,4045,48
4292,20530,48
24181,21318,48
23999,23992,48
23992,23983,48
23981,21808,48
18108,19749,48
19750,41785,48
41785,18121,48
18047,6623,48
15952,37001,48
41517,41516,48
1793,1792,48
41989,17272,48
4290,20635,48
39847,15936,48
10501,11612,48
12305,12559,48
48894,3926,48
3045,3046,48
44612,26775,48
4289,20528,48
4381,4289,48
10460,10502,48
21517,21538,48
15748,15749,48
9317,10446,48
29008,27251,48
39849,39847,48
34101,24844,47
48894,1828,47
13861,13862,47
22290,21894,47
4193,4674,47
3617,35083,47
50054,34101,47
5292,5293,47
6309,6311,47
17258,17251,47
17234,1616,47
22465,23612,47
20531,20532,47
17416,35081,47
35081,35082,47
21994,22290,47
15507,33906,47
24844,24795,47
2534,2666,47
27870,27868,47
12990,13354,47
35082,3617,47
42667,38863,47
18505,18546,47
24795,24796,47
18046,18020,47
18359,44166,47
3280,3583,47
11160,11119,47
18513,18531,47
24796,34065,47
18559,18513,47
5683,5684,47
15269,14809,47
34736,34738,47
3583,3584,47
44376,29358,47
44543,44542,47
34065,50044,47
44378,44374,47
26608,26604,47
13203,44378,47
42147,34736,47
42148,42147,47
41660,8980,47
42952,42905,47
7337,41447,47
14034,14032,47
1616,42952,47
13339,14028,47
5684,5692,47
3497,3280,47
20824,20513,47
23489,15507,47
7718,34869,47
1833,1835,47
10394,8966,47
14169,14168,47
51436,14169,47
848,853,47
853,898,47
15993,35694,47
43321,37726,47
3692,2072,47
49015,44502,47
5493,50641,47
36100,1247,47
29221,44291,47
8963,10449,47
9894,8963,47
37115,37117,47
26948,50669,47
24615,50033,47
24611,24615,47
24613,24611,47
24494,24613,47
42251,42252,47
14168,14172,47
15530,22928,47
15809,25097,47
24378,22571,47
6298,6299,47
6299,35420,47
35420,50521,47
5795,5797,47
14108,14113,47
9564,9748,47
29350,11090,47
1941,2769,47
48914,15412,47
3021,4003,47
51918,3371,47
41895,41893,47
41894,35308,47
20218,20220,47
24981,37801,47
23142,871,47
872,22793,47
22793,896,47
896,899,47
899,850,47
24856,11161,47
15884,15809,47
2698,2771,47
4474,4477,47
43147,21092,47
39250,34646,47
7763,7672,47
21595,15563,47
51600,2638,47
7048,17967,47
42578,51600,47
17210,42578,47
1249,51258,47
10751,9086,47
49789,25857,47
4728,4476,47
51618,51623,47
44289,44288,47
39765,39793,47
39793,39771,47
28059,28057,47
28057,28038,47
42493,11932,47
28038,28029,47
19877,4207,47
25855,49789,47
25265,16347,47
23745,22618,47
48183,6117,47
23071,23158,47
50633,13053,47
4865,38744,47
8988,49722,47
48114,27623,47
38880,38879,47
49182,38880,47
36814,49182,47
49722,10457,47
11414,10649,47
13978,29428,47
25946,25948,47
29495,14260,47
14260,14258,47
14258,29606,47
11441,52006,47
18383,4212,47
52006,52004,47
13977,13978,47
15233,14077,47
6311,6298,47
13714,47416,47
13973,29348,47
13174,13973,47
49536,49532,47
12798,28289,47
28349,39549,47
24400,999,47
15718,25127,47
43324,43328,47
41377,41375,47
49532,42257,47
24695,23220,47
29083,12669,47
24546,24547,47
21851,9046,47
28289,12788,47
4671,6043,47
50403,44564,47
999,34104,47
20913,20920,47
50407,50403,47
34104,42313,47
23759,40796,47
49529,49544,47
12669,12670,47
38673,319,47
19488,19725,47
580,21790,47
37808,43207,47
13956,12938,47
26915,42160,47
39569,48736,47
41378,41377,47
19264,43147,47
3584,2229,47
8421,8125,47
5139,49536,47
8122,8123,47
572,573,46
3808,1770,46
26087,46975,46
6160,49533,46
27605,50684,46
1771,3808,46
40119,25614,46
17038,2407,46
14172,14173,46
26604,26787,46
3343,1771,46
4010,1140,46
17141,2815,46
49533,6309,46
9731,11605,46
23851,23658,46
44736,10751,46
9578,11915,46
9341,9578,46
40698,26472,46
2373,2358,46
16076,16077,46
16075,16076,46
25614,28904,46
18507,20227,46
11829,9731,46
47972,47965,46
13575,13226,46
3634,3635,46
47965,17141,46
18192,41672,46
26071,40114,46
29089,29090,46
28844,25565,46
46975,28843,46
26820,25846,46
13204,42877,46
3633,3634,46
25120,23863,46
28914,26075,46
3329,2830,46
25659,28914,46
14173,14303,46
24787,50126,46
2830,2829,46
2829,2831,46
47406,12887,46
14303,14304,46
43703,43803,46
2831,17142,46
43803,43799,46
22496,22771,46
43799,43796,46
43796,10840,46
29100,41901,46
50056,47960,46
47961,47957,46
47957,47972,46
27550,41608,46
846,24353,46
26253,40119,46
24435,24439,46
25518,26253,46
17510,3633,46
29068,29089,46
26020,26255,46
44108,40698,46
2407,3325,46
22373,49209,46
25645,26071,46
1770,3807,46
22999,23017,46
23017,22029,46
22029,22030,46
22030,22496,46
25670,25645,46
26828,25847,46
24355,836,46
841,24355,46
13581,48709,46
24353,841,46
40114,40104,46
11915,11555,46
40104,40115,46
11027,11007,46
35696,48890,46
14594,44420,46
12277,12276,46
20534,6107,46
24211,16790,46
20550,20551,46
41643,28230,46
40334,40336,46
48561,16324,46
11017,11015,46
41784,18103,46
47877,19486,46
26198,26199,46
10773,11843,46
3971,41353,46
49504,43254,46
8733,9894,46
18876,18880,46
48129,18489,46
43254,34240,46
48350,1109,46
50698,41855,46
12641,50698,46
13263,13810,46
40331,40334,46
41608,40093,46
40329,40331,46
39175,41753,46
16402,25268,46
17447,39259,46
17995,20702,46
15172,698,46
26669,25733,46
24178,23717,46
26080,25580,46
28466,28923,46
22437,21818,46
6740,6742,46
28948,28913,46
15653,15654,46
39498,27296,46
25830,28948,46
33971,24685,46
28923,25632,46
40336,40338,46
28911,26165,46
9870,9184,46
12276,12275,46
25632,25641,46
22992,22993,46
22993,16770,46
22368,22016,46
22016,23393,46
25136,23863,46
23863,23561,46
25750,41247,46
41353,41352,46
13580,13595,46
28904,25630,46
23286,37802,46
25641,26020,46
7822,7763,46
884,23286,46
16641,23287,46
18880,18881,46
23561,23851,46
41518,41517,46
41352,2437,46
9922,11644,46
16534,16542,46
26157,25479,46
43373,25561,46
25561,43490,46
11919,11802,46
26156,26157,46
11801,11919,46
29303,26156,46
48919,13704,46
8399,42972,46
7197,47857,46
11555,10697,46
20541,4159,46
25630,28911,46
13239,13730,46
48473,41961,46
40116,48473,46
43300,16237,46
12818,48265,46
2891,2892,46
25058,44681,46
13239,51814,46
6862,6160,46
48080,12858,46
49626,49622,46
9566,11830,46
2693,2493,46
10697,9870,46
11917,11801,46
11497,11917,46
10433,11497,46
52007,52012,46
21987,21977,46
44741,11422,46
52008,52007,46
11329,44741,46
26147,26151,46
7718,7338,46
34059,73,46
26094,26147,46
29325,42707,46
3422,42571,46
1469,2291,46
10583,10443,46
11331,11329,46
11830,10583,46
20920,17829,46
21977,22676,46
12278,38902,46
41048,49546,46
47213,8936,46
2206,2500,46
52009,47006,46
40087,40142,46
23534,15988,46
4027,1143,46
38902,12277,46
20595,20596,46
16447,16448,46
10583,11907,46
1140,4027,46
52012,52009,46
26128,25750,46
16143,16144,46
35338,41045,46
26923,21846,46
20570,20595,46
1815,1809,46
1811,2556,46
52011,52008,46
9729,10583,46
37732,10474,46
24812,16846,46
36982,37480,46
37480,36981,46
36981,37482,46
16068,51479,46
25456,27187,46
11455,9727,46
37482,36983,46
47902,26659,46
4088,4089,46
8644,9476,46
320,318,46
12818,48294,46
13766,13763,46
37768,37767,46
7002,17983,46
27195,25456,46
37767,3386,46
46748,1179,46
4028,17218,46
41989,1200,46
1200,1205,46
21737,22068,46
29275,29276,46
29276,12437,46
15747,15748,46
9626,9729,46
3621,34329,46
8947,8948,46
28892,40089,46
3619,3621,46
50972,3619,46
40089,50632,46
10963,8990,46
9030,10964,46
42677,10929,46
29087,29088,46
42499,42498,46
50632,40087,46
13000,12925,46
5279,5280,46
35173,15591,46
11335,11331,46
26481,41607,46
12437,28319,46
29088,29068,46
40142,41296,46
50001,16143,46
40290,49626,46
49539,49559,46
41514,42663,46
38766,11717,46
39160,41488,46
13092,13328,46
41296,44108,46
11920,38766,46
40288,40290,46
47939,48514,46
9346,10775,46
44419,9181,46
1176,41514,46
34329,3016,46
11907,11920,46
13328,51964,46
5007,5918,46
5313,5380,46
5918,21237,46
44166,4702,46
20596,6889,46
21237,18639,46
43947,5469,46
40184,40181,46
11717,10480,46
42748,42747,46
49329,51816,46
29303,25518,46
9902,50361,46
28466,26301,46
27860,27220,46
41512,46628,46
6861,6862,46
34000,34002,46
4566,6861,46
44377,49968,46
9340,9341,46
9306,9301,46
20986,20976,46
43436,43797,46
43802,41234,46
44375,44377,46
10272,10735,46
942,938,46
21589,50534,46
25514,28892,46
42663,41512,46
6728,20105,46
6373,5342,46
49505,47939,46
49541,49539,46
36108,35945,46
49548,49541,46
18640,40288,46
50088,50089,46
13245,13219,46
9902,11226,46
40286,18640,46
7028,6064,46
42572,3423,46
21652,23893,46
11628,11568,46
16121,16122,46
43432,42572,46
18641,40286,46
9563,9551,46
10483,11629,46
43429,43432,46
13244,13245,46
36831,23224,46
16571,16565,46
18639,18641,46
49546,49548,46
16120,16121,46
2804,3290,45
9255,11335,45
6534,18835,45
14513,12930,45
11790,11796,45
15654,16234,45
27473,27356,45
16816,16821,45
18571,18583,45
18916,18313,45
3275,3996,45
51148,34533,45
5014,47851,45
4834,5917,45
21976,25398,45
12341,12007,45
21148,18443,45
23081,21419,45
41624,17772,45
35701,16003,45
27887,27886,45
19818,18268,45
15385,24208,45
48278,16168,45
16821,22839,45
48417,24535,45
23972,23941,45
2755,2089,45
11796,11351,45
36026,36025,45
2087,36099,45
27463,27473,45
24660,13417,45
10560,10714,45
24142,21520,45
583,42684,45
7977,7335,45
38267,38286,45
11351,11352,45
38286,17237,45
39841,15949,45
10726,10560,45
10233,10595,45
50728,25709,45
27077,27094,45
15393,15396,45
21379,21599,45
28268,28434,45
38111,25404,45
23534,23208,45
10691,10531,45
11352,9081,45
4915,5139,45
10427,10726,45
19840,20192,45
20192,20193,45
15396,15378,45
13131,14139,45
41627,41624,45
1184,1207,45
17772,17767,45
10985,44402,45
34554,34557,45
19248,19265,45
37186,7236,45
7236,7237,45
7237,7238,45
6025,20824,45
7238,7239,45
6832,6833,45
28213,28581,45
52010,52013,45
44886,44881,45
27532,27519,45
40483,42075,45
9016,9017,45
20987,6223,45
52013,52005,45
6833,6794,45
26792,40824,45
7239,18256,45
40824,26801,45
48083,48082,45
50904,44886,45
51631,38638,45
24403,34152,45
14787,21994,45
7016,7017,45
28244,28205,45
4858,19093,45
34548,34552,45
9004,10605,45
16092,22999,45
50378,16237,45
47829,21629,45
18873,37186,45
12814,13143,45
10605,10848,45
34152,34155,45
34155,39228,45
42070,28215,45
28214,42070,45
4128,1758,45
49665,14720,45
34552,34554,45
4125,4127,45
18256,18254,45
16775,43190,45
6794,18020,45
43802,43704,45
4079,17257,45
36927,7543,45
29344,14028,45
29436,14270,45
28589,28841,45
164,21598,45
13774,13777,45
43054,41132,45
14475,13092,45
43704,51684,45
44328,16384,45
51684,43701,45
43701,40792,45
38866,36982,45
5293,5294,45
5291,5292,45
5290,5291,45
5289,5290,45
42526,5289,45
5284,5286,45
26415,26416,45
19821,17000,45
44703,11291,45
28103,28112,45
43399,9828,45
22948,16848,45
26801,40826,45
40826,26812,45
39086,41193,45
26812,12247,45
10953,9034,45
18336,18337,45
52005,52014,45
41193,41195,45
206,208,45
15828,15843,45
18337,6224,45
6224,20990,45
20990,18338,45
11091,11052,45
18338,21006,45
20977,6225,45
41133,4124,45
34545,34548,45
44877,50904,45
51412,50104,45
48190,26122,45
26330,26326,45
49968,44307,45
21810,21813,45
12164,12352,45
4212,4195,45
41170,35685,45
26171,37420,45
6082,37619,45
26046,27416,45
40181,51412,45
10541,11534,45
29123,29124,45
47416,12834,45
14158,14514,45
2733,1940,45
26475,41843,45
15838,15883,45
43018,1586,45
24318,25252,45
25251,41463,45
49419,29033,45
50104,50102,45
25859,49419,45
21813,21814,45
18270,18872,45
38638,38641,45
15931,24776,45
14355,24217,45
15548,15599,45
51411,17381,45
50083,51411,45
20571,20576,45
52004,52010,45
38860,10868,45
18872,18873,45
728,34458,45
28650,42165,45
38641,38640,45
50102,50083,45
38879,36854,45
24544,24545,45
24545,24546,45
27787,25941,45
11884,9623,45
43018,42210,45
24456,24430,45
14287,14486,44
14481,29641,44
26447,25789,44
48494,48495,44
44241,44237,44
40109,26526,44
36108,2277,44
40426,40108,44
44236,44238,44
35993,51415,44
51415,51413,44
19483,19484,44
25789,26444,44
6620,18027,44
44239,3161,44
26444,25795,44
6836,6837,44
21321,24787,44
44237,44235,44
24823,21596,44
17097,17185,44
17185,17095,44
23885,22723,44
24152,24155,44
17095,6968,44
6838,6839,44
5565,5555,44
6623,5828,44
8468,8469,44
44851,35945,44
24889,15181,44
46377,20603,44
6968,7187,44
35945,2862,44
50130,21321,44
3160,44240,44
44240,44236,44
28233,28234,44
25795,25790,44
27579,27254,44
44235,44239,44
48346,11969,44
3145,35945,44
10328,10114,44
2862,35647,44
19485,34308,44
50089,50121,44
40108,40109,44
2082,3653,44
2065,3986,44
34002,14609,44
24766,23719,44
23719,24160,44
2076,2077,44
3653,2076,44
19484,19485,44
19742,19743,44
36892,13356,44
1670,17434,44
17434,2972,44
35652,35956,44
35956,35648,44
35648,37466,44
23558,23148,44
2756,44850,44
44850,2581,44
22261,34082,44
35647,3012,44
6837,6838,44
15493,25070,44
6792,6830,44
20489,20520,44
4172,18959,44
19743,4230,44
23863,23849,44
6834,6835,44
23849,23846,44
3011,35652,44
2878,16988,44
44238,43433,44
25527,28902,44
43433,49037,44
51413,51414,44
34308,19742,44
9809,9552,44
10234,11904,44
41961,25527,44
51414,50088,44
49037,35695,44
51493,44241,44
41596,22307,44
50121,40184,44
3402,2374,44
18027,6834,44
2480,2325,44
36404,41133,44
2325,2324,44
2324,2487,44
25530,26481,44
22307,42748,44
2487,2878,44
3145,51493,44
34121,34000,44
48758,44413,44
6831,6832,44
23876,21590,44
6830,6831,44
26058,26446,44
26446,26447,44
34119,34120,44
6835,6836,44
5433,5414,44
49492,49594,44
49596,49572,44
49599,49596,44
16350,22258,44
23596,47831,44
47831,22803,44
49594,49584,44
26200,26194,44
41664,11081,44
40580,5835,44
43907,43906,44
43908,43907,44
5725,5433,44
23415,34117,44
5414,5412,44
5412,5407,44
49482,49492,44
49572,49564,44
49519,50356,44
26202,26200,44
9034,41664,44
24181,21818,44
27525,27534,44
21063,21069,44
21049,4655,44
19458,19775,44
44379,25878,44
171,170,44
170,169,44
21545,21546,44
22494,22803,44
22360,642,44
21546,21547,44
21547,21548,44
23415,22360,44
22258,24335,44
5408,5722,44
47936,49482,44
48515,47936,44
21204,6199,44
21194,6198,44
19411,21194,44
50173,13481,44
48445,25572,44
4189,7106,44
8905,47847,44
49757,49759,44
44500,23895,44
50958,44629,44
44629,50945,44
4477,4570,44
8945,11855,44
17445,36912,44
36912,1238,44
11072,48352,44
6198,21204,44
6199,21225,44
22101,16350,44
26139,48445,44
26353,25919,44
22085,47143,44
26852,27861,44
26065,44379,44
39779,38674,44
27875,27884,44
48862,24406,44
24406,24404,44
5911,42736,44
23604,23880,44
21213,5911,44
25570,26139,44
6202,21213,44
6201,21208,44
21225,6200,44
34776,42205,44
25303,25305,44
25313,51269,44
44645,17106,44
24405,22688,44
4558,4554,44
4554,4555,44
48951,28638,44
26815,26827,44
4555,4559,44
4559,5164,44
44618,28214,44
43373,26131,44
5164,5094,44
4740,4721,44
4719,4740,44
41641,26746,44
4770,4719,44
4732,4770,44
2933,17114,44
5731,5734,44
4897,4784,44
44631,44645,44
12982,13644,44
4530,47851,44
11855,43931,44
9894,10594,44
44652,44650,44
44650,44634,44
44634,44638,44
44638,44635,44
44635,44646,44
44646,44648,44
44648,17102,44
17102,2750,44
10594,42750,44
3053,3054,44
2750,44631,44
4784,4732,44
4766,4897,44
48214,14600,44
21031,21044,44
43442,44409,44
41170,11065,44
10590,11059,44
10949,10590,44
13926,13939,44
21044,21058,44
21058,21063,44
617,48505,44
48508,40899,44
20720,39024,44
5721,37465,44
44544,44543,44
17639,51318,44
5237,5238,44
27534,39399,44
44542,43144,44
21020,21031,44
4618,4766,44
223,222,44
4826,4618,44
48512,49484,44
47939,48512,44
47942,47939,44
47932,47942,44
21607,144,44
144,21393,44
5288,42526,44
5294,5295,44
38870,37484,44
38869,38871,44
3648,3862,44
2001,2956,44
224,226,44
41173,37273,44
8998,11282,44
1620,1627,44
5835,5940,44
49757,49778,44
50677,39551,44
26078,25659,44
50062,47847,44
25829,26078,44
48452,48450,44
50504,50537,44
15921,50504,44
12171,12172,44
25701,25697,44
24217,16206,44
15944,50539,44
15949,15947,44
42859,13595,44
29325,51917,44
2093,3791,44
38865,42668,44
48451,49754,44
28855,47079,44
41215,34968,44
3782,2084,44
26009,28855,44
5026,4922,44
44411,43443,44
28424,28268,44
18303,18246,44
25563,26067,44
48446,25563,44
14963,14990,44
39624,48446,44
48014,39624,44
19860,40524,44
25785,25772,44
6060,7036,44
41801,51619,44
25790,25785,44
15954,39841,44
2392,3276,44
39842,15954,44
24785,16031,44
13128,13092,44
14454,14455,44
14455,14453,44
14453,14463,44
14463,14464,44
49447,49434,44
12899,13241,44
13946,13153,44
13153,12899,44
28471,25829,44
223,226,44
300,298,44
270,48505,44
37210,41542,44
44338,44335,44
15498,15581,44
14452,14454,44
35711,35707,44
14459,29658,44
15819,15607,44
29658,14448,44
35707,173,44
21503,21337,44
21660,21503,44
18458,18434,44
17675,21305,44
35322,35710,44
14448,14447,44
14447,14446,44
14446,14451,44
14451,14450,44
14450,14452,44
778,774,44
48248,25920,44
15579,15819,44
4241,21152,44
25572,39625,44
17488,49615,44
1868,2570,44
25362,42322,44
2969,2609,44
35124,35121,44
25772,26065,44
50948,27581,44
44229,27249,44
35136,35134,44
25944,25946,44
27723,27738,44
44231,44229,44
43094,44231,44
23704,50550,44
6708,20219,44
23038,35989,44
3615,35078,44
23037,23038,44
23736,23604,44
23633,22992,44
23734,23633,44
5940,4852,44
18549,6057,44
34180,34183,44
24087,34180,44
21061,4479,44
35970,35969,44
35969,22161,44
22161,22162,44
23596,22672,44
22820,23930,44
15620,15409,44
23036,23037,44
35079,3615,44
35143,35142,44
24102,22957,44
29346,14026,44
41955,25916,44
35280,42183,44
22621,23748,44
42177,35281,44
26786,37806,44
26791,28263,44
26903,26791,44
47079,25580,44
29015,28199,44
10420,10173,44
37807,29015,44
10594,10417,44
11267,10079,44
26825,37807,44
28174,26821,44
26839,26835,44
26936,26938,44
33989,33993,44
28581,44618,44
35078,39618,44
3681,1946,44
14598,29407,44
12041,28593,44
35077,17416,44
13214,51284,44
39618,35077,44
34010,33989,44
28593,25764,44
881,883,43
872,876,43
1132,41518,43
21483,21484,43
876,880,43
880,881,43
1656,48340,43
48047,48025,43
26101,28915,43
16318,16174,43
35894,38450,43
35893,35894,43
35915,35893,43
879,873,43
8638,10100,43
25117,15615,43
10100,10099,43
34533,34537,43
1264,17447,43
29003,25952,43
43499,43500,43
3108,2126,43
16789,24201,43
49208,49084,43
48334,42444,43
42444,48338,43
48338,48337,43
48337,43499,43
22935,21478,43
4001,4871,43
21480,21481,43
6142,6139,43
43019,42588,43
20746,18040,43
16949,42587,43
1304,3425,43
49769,25971,43
49568,51125,43
44869,42446,43
1645,42581,43
14819,14839,43
1282,17473,43
42612,1315,43
1302,42612,43
2639,1302,43
1305,2639,43
42983,1288,43
49544,4537,43
4537,41742,43
7171,6999,43
12570,12301,43
8433,7977,43
27700,27276,43
20703,20704,43
20704,20705,43
20705,7171,43
43500,44869,43
21481,22891,43
21484,21485,43
6721,38356,43
48089,16242,43
17473,1264,43
4208,21037,43
48497,294,43
25970,27441,43
42169,27106,43
42520,41652,43
10113,11726,43
35706,21362,43
20546,20465,43
40525,19852,43
21404,35706,43
13200,13173,43
5820,5822,43
47955,21369,43
29467,29406,43
5822,6021,43
9907,11343,43
13804,12929,43
5066,4835,43
5914,20542,43
27441,49769,43
4835,4831,43
4831,4830,43
4830,5095,43
26849,26659,43
4159,5914,43
4207,17580,43
20542,20543,43
20545,20546,43
15681,15698,43
20543,20544,43
25067,15681,43
20648,18857,43
21482,21483,43
20544,20547,43
20547,20545,43
10707,10498,43
43838,14461,43
27353,49417,43
20767,4201,43
21086,21097,43
35129,35132,43
16573,23338,43
44641,44640,43
44640,17097,43
29551,43838,43
17097,17096,43
14966,15037,43
17096,17186,43
16820,25092,43
27845,27849,43
18193,21286,43
2349,44652,43
35157,35163,43
23773,15347,43
18103,20091,43
15346,23773,43
21296,20397,43
35126,35127,43
35631,35632,43
35123,35126,43
35122,35123,43
27527,48256,43
14467,14445,43
14495,14467,43
15354,15386,43
49433,49453,43
14461,14495,43
28058,28056,43
49453,49444,43
1945,2769,43
28039,28058,43
34544,34542,43
20766,20767,43
28037,28039,43
51494,3387,43
27981,28037,43
2944,51494,43
35119,35122,43
7531,7636,43
23892,50130,43
28617,25753,43
5244,35332,43
19298,19296,43
13337,29474,43
49423,49447,43
35161,35159,43
14464,29551,43
5488,5489,43
46513,46543,43
3790,3939,43
46543,16403,43
44369,16176,43
23277,25247,43
49434,49468,43
25247,46513,43
49459,35161,43
19093,18195,43
49429,49442,43
49468,49448,43
42203,41862,43
7222,5244,43
25753,27215,43
8263,42203,43
16464,16465,43
2542,2543,43
2543,2226,43
2226,2223,43
15925,37002,43
34096,16709,43
2223,2517,43
14213,29420,43
15544,15545,43
15543,15544,43
27792,27795,43
25542,25543,43
51064,51062,43
35159,35157,43
42882,13214,43
14227,44752,43
16678,16682,43
22089,15269,43
49448,49429,43
1277,1288,43
41778,24237,43
29052,12436,43
29044,29043,43
35140,35137,43
26244,26224,43
14957,21575,43
35154,35152,43
19831,6763,43
3376,36911,43
25861,12641,43
35137,35136,43
12596,29044,43
29367,40638,43
7604,21853,43
28100,28103,43
1195,42586,43
24830,24829,43
51253,51616,43
29043,29274,43
17505,3373,43
29274,25861,43
19728,21308,43
35146,35143,43
44659,13662,43
1092,3331,43
48103,17505,43
40953,42566,43
42586,17446,43
12781,12787,43
29441,13015,43
17200,2094,43
42566,20550,43
49428,49469,43
35155,35154,43
42157,8040,43
22094,15828,43
35134,35131,43
35121,35120,43
35147,35146,43
24542,24543,43
49450,49430,43
14460,14459,43
24774,22418,43
35120,49450,43
15823,15838,43
910,34090,43
7284,20234,43
14444,14289,43
14542,13644,43
44503,29018,43
29467,15221,43
35128,35125,43
14458,14460,43
35131,35130,43
50534,24468,43
35150,35147,43
35130,35128,43
35163,35155,43
24543,24544,43
35125,35124,43
49430,49428,43
27788,28641,42
24856,12975,42
12825,13635,42
16420,25263,42
44495,44493,42
20112,6526,42
25904,25905,42
25263,25211,42
37612,41639,42
22930,45021,42
23448,23453,42
44496,44495,42
3006,3560,42
9048,29342,42
3005,3006,42
21632,22101,42
28153,26434,42
9869,9880,42
11556,9869,42
2134,2434,42
6525,20112,42
15739,15753,42
23558,24628,42
12687,12284,42
9883,11556,42
22036,14923,42
25211,16118,42
4533,5096,42
6465,18054,42
3717,3478,42
25515,26299,42
27896,27875,42
18370,19389,42
25927,26158,42
42434,5916,42
10287,11726,42
3480,2524,42
3479,3480,42
5916,5976,42
35132,35133,42
27463,27340,42
8328,10448,42
3667,3625,42
19359,21037,42
49203,13933,42
4676,19359,42
49432,35119,42
49444,49432,42
3625,3477,42
41890,14482,42
3478,3479,42
3477,3680,42
3680,3717,42
6706,20108,42
22163,41599,42
4086,4088,42
18919,20878,42
23862,16036,42
26158,26143,42
22943,43939,42
27738,27746,42
28638,27399,42
4931,43356,42
14667,382,42
14642,48486,42
48486,48487,42
44493,9969,42
35142,35140,42
48487,44427,42
44427,44428,42
43355,4977,42
26299,25488,42
25488,26336,42
44428,44429,42
2577,2528,42
2525,2577,42
2524,2525,42
12135,12687,42
44430,21790,42
26143,25904,42
35127,35129,42
25906,28680,42
1395,1396,42
9498,9726,42
44481,44484,42
40130,44481,42
10099,9479,42
44480,40130,42
34520,34519,42
9666,8638,42
9726,9666,42
8917,8945,42
46429,43137,42
43183,44480,42
206,578,42
28401,28398,42
10517,9681,42
43849,10517,42
258,44699,42
234,714,42
9479,8645,42
578,737,42
883,882,42
882,879,42
5697,5461,42
5685,5762,42
11771,9434,42
5687,5685,42
33886,16431,42
5688,5687,42
5689,5688,42
24013,44302,42
338,336,42
600,338,42
333,331,42
4180,17828,42
209,241,42
3898,1296,42
737,209,42
16118,16307,42
16574,16591,42
661,233,42
5699,5326,42
34728,8170,42
11802,11918,42
34714,34713,42
16173,16317,42
44077,44081,42
16494,16524,42
41784,18116,42
42695,34714,42
1446,1448,42
8965,9340,42
44400,44077,42
1448,3921,42
11605,11568,42
11916,10443,42
11804,11916,42
38655,25227,42
24013,22776,42
828,48862,42
49552,24717,42
19294,19314,42
22933,23736,42
23845,25372,42
34519,34799,42
23242,23872,42
26202,26195,42
44568,50410,42
50410,50406,42
3998,3958,42
26211,27414,42
27414,26216,42
10068,44494,42
38617,16932,42
15816,23410,42
14692,49665,42
5730,5731,42
34237,9566,42
44494,44496,42
9881,10026,42
25578,25579,42
25579,48090,42
25553,26175,42
26175,26173,42
9880,9881,42
26173,26152,42
26094,26084,42
26152,26151,42
9333,34237,42
26084,26082,42
26082,28845,42
611,42689,42
9023,10943,42
508,611,42
12201,12426,42
10026,9657,42
21700,23896,42
25902,25553,42
26053,25578,42
39629,26053,42
588,524,42
16673,15897,42
14549,13595,42
43031,43349,42
18869,18857,42
16837,22036,42
17970,18875,42
19833,18877,42
25905,25906,42
26689,28232,42
16836,16837,42
514,588,42
512,514,42
505,512,42
25577,39629,42
522,508,42
47880,42785,42
7197,47799,42
28774,28773,42
28776,28775,42
28777,28776,42
28778,28777,42
44073,8059,42
41461,4256,42
24704,16643,42
44430,298,42
21265,21268,42
1227,38926,42
38926,4037,42
4037,17214,42
316,44429,42
17214,4036,42
336,316,42
9657,9333,42
28775,28774,42
28773,28772,42
49250,11032,42
4256,21020,42
5309,5338,42
27544,27542,42
26197,26199,42
4818,4929,42
19688,4818,42
26223,26243,42
41721,19688,42
51154,22261,42
4664,41721,42
34986,8060,42
34733,34986,42
34732,34733,42
5287,5288,42
5286,5287,42
5021,4936,42
16249,35323,42
9476,9480,42
42584,50381,42
25247,25249,42
17328,3866,42
3425,3426,42
10441,10509,42
1827,17328,42
3426,1276,42
25655,25668,42
9625,9626,42
26235,25655,42
37018,15919,42
37275,9625,42
8796,37275,42
9350,8796,42
3866,2847,42
9348,9350,42
29352,14057,42
37260,9348,42
9349,10281,42
6084,6085,42
9351,9349,42
9627,9351,42
20235,6084,42
49205,14897,42
44887,43699,42
43709,42708,42
14954,39044,42
22575,14963,42
24501,24539,42
51488,51489,42
16230,25236,42
21690,22299,42
13932,12938,42
16361,16355,42
38115,35633,42
3599,38115,42
3042,1663,42
51486,25770,42
11918,11804,42
26773,28236,42
51489,51486,42
3098,3100,42
27093,27081,42
3174,3121,42
16355,25285,42
25285,25247,42
26238,28694,42
1663,1662,42
42813,42832,42
42667,38862,42
24229,44328,42
34457,729,42
38285,38283,42
25668,26238,42
6082,20235,42
49442,49459,42
15505,15671,42
23126,23127,42
44651,44653,42
41133,4871,42
24372,16602,42
44653,2598,42
2598,17099,42
17099,17098,42
17098,44639,42
44639,44642,42
44642,44643,42
44643,17097,42
50381,43021,42
2228,2227,42
4112,4101,42
18041,7283,42
50718,24024,42
17990,6620,42
20193,18066,42
2227,49158,42
23647,50718,42
41133,12975,42
26231,25631,42
2541,2542,42
3101,2541,42
3100,3101,42
44633,44651,42
44637,44633,42
44636,44637,42
44647,44636,42
4101,4102,42
15581,15833,42
4102,35871,42
2813,1814,42
15150,15172,42
1277,1276,42
39184,42687,42
42687,25619,42
25619,26231,42
25631,26235,42
1881,2824,42
17109,17107,42
19179,20927,42
35673,2881,42
17107,44644,42
16519,16516,42
27805,26605,42
16495,24372,42
44644,44632,42
20643,20387,42
44632,2745,42
2881,2228,42
2746,44647,42
38955,40799,42
28968,51488,42
49158,3098,42
37828,23431,42
9741,9582,42
3662,3091,42
17989,5820,42
23018,23631,42
40554,38284,42
18078,20153,42
35152,35150,42
26902,12736,42
26798,26902,42
16423,16421,42
2081,2082,42
20528,4290,42
14751,14839,42
20497,18040,42
6618,5575,42
13322,14475,42
26904,26798,42
26793,26904,42
39043,14982,42
37806,28247,42
33987,23653,42
16360,16361,42
28249,26793,42
25254,16423,42
3067,3662,42
4219,21269,42
3144,2090,42
25249,23366,42
3091,3144,42
10593,9741,42
20153,7284,42
13037,14062,42
27478,51496,42
24628,34010,42
50903,44260,42
47843,16205,42
24159,23659,42
13166,49226,42
47406,12890,42
23659,24444,42
10509,39292,42
25236,16274,42
14034,14042,42
16274,16360,42
39292,11827,42
7286,19474,42
16421,16420,42
23429,37828,42
11827,11828,42
11828,11829,42
22430,23973,42
25228,49164,42
22291,24132,42
6764,19526,42
7234,18869,42
22895,23596,42
44680,25058,42
42832,42803,42
28236,28237,42
40491,20768,41
1995,2961,41
6393,6769,41
18418,4633,41
40494,40491,41
962,919,41
15377,15397,41
18668,19478,41
6769,6771,41
4731,4783,41
5568,37514,41
4896,4765,41
7325,38148,41
376,364,41
20236,20190,41
6062,20760,41
26776,28182,41
28182,28217,41
1198,1192,41
4870,41132,41
4637,40665,41
40665,20403,41
20403,4739,41
4739,4718,41
4718,4769,41
4769,4731,41
27245,27248,41
5168,4479,41
11234,10776,41
18666,19476,41
4783,4896,41
34256,18666,41
15397,15394,41
18488,18418,41
27974,25968,41
2961,2960,41
3934,3900,41
34483,34487,41
34556,34555,41
6080,19702,41
34555,34553,41
16582,16004,41
1701,1261,41
34553,34551,41
34551,34544,41
34471,34483,41
51769,34471,41
26057,26056,41
48005,26057,41
34462,34463,41
25900,26093,41
28854,25900,41
21404,21362,41
15878,15909,41
2087,2095,41
22608,22306,41
20713,19843,41
8755,10084,41
25419,23408,41
25806,25990,41
12671,29084,41
29084,41179,41
10400,9029,41
3907,3928,41
6003,19294,41
29034,49415,41
6966,6967,41
6967,17184,41
50949,43094,41
19872,20697,41
18238,18366,41
24932,48417,41
43994,27918,41
19572,3891,41
43260,43593,41
41538,41991,41
4047,41538,41
1758,4894,41
43810,49431,41
48003,4565,41
21382,21426,41
20697,19572,41
26805,26800,41
20385,19872,41
43101,50949,41
20175,40494,41
22384,15150,41
18342,18531,41
4218,21296,41
26800,26796,41
42515,24238,41
15919,22384,41
4871,19457,41
44627,44628,41
44628,42426,41
42426,51398,41
51398,43101,41
17184,44641,41
22267,24932,41
46951,47122,41
34648,34460,41
27534,27197,41
17888,20224,41
44867,44863,41
4139,4140,41
44863,44860,41
44860,27523,41
27529,48501,41
48501,43030,41
4140,4141,41
48457,48783,41
42621,51039,41
27197,27178,41
2609,2607,41
33971,23272,41
15599,34019,41
27092,27088,41
27088,27095,41
4138,4139,41
48783,48921,41
39159,41486,41
50950,43421,41
39840,36989,41
12346,26819,41
1187,1207,41
47145,20917,41
24720,22633,41
43100,50950,41
7827,37507,41
43421,50958,41
844,845,41
12196,12282,41
837,838,41
838,839,41
839,842,41
842,843,41
843,844,41
20878,18918,41
27095,27090,41
41486,16081,41
36839,36840,41
3155,3156,41
4004,4035,41
12195,42415,41
49464,49454,41
42576,49464,41
39063,3679,41
3365,3155,41
8871,7780,41
3156,3004,41
3679,3624,41
8305,50394,41
3968,39063,41
2630,2631,41
3678,3968,41
24034,24028,41
21782,21617,41
2631,2632,41
2527,2630,41
3624,3666,41
3677,2526,41
22927,15687,41
27090,27075,41
27075,27076,41
34090,24134,41
27076,27369,41
23696,910,41
5496,21248,41
24091,22618,41
38288,15860,41
44201,27560,41
3666,3667,41
47846,27352,41
2526,2527,41
38897,16098,41
27453,27457,41
42415,12196,41
22716,22948,41
792,15921,41
2836,2058,41
21617,175,41
20166,4185,41
16102,16163,41
4975,21092,41
16242,25399,41
21317,24850,41
51393,18452,41
36168,24763,41
39176,39177,41
44027,25701,41
19702,6715,41
37227,4098,41
4097,37227,41
4096,4097,41
27532,27481,41
35286,25328,41
22280,15922,41
933,931,41
382,381,41
15994,15997,41
15250,36997,41
19424,21123,41
5603,6118,41
18474,18413,41
15897,24856,41
39499,27590,41
39718,39499,41
2632,3678,41
20515,50388,41
15837,15505,41
23123,15372,41
1249,35633,41
51240,51234,41
5103,19733,41
51234,19411,41
36840,19421,41
17972,4188,41
12282,12281,41
47973,2657,41
15826,15837,41
19421,51240,41
44246,44206,40
47946,17621,40
44294,19303,40
301,317,40
44206,44205,40
12140,12138,40
6003,18809,40
41273,44246,40
19529,5947,40
12426,12140,40
580,299,40
40406,41273,40
6010,40406,40
39015,7030,40
25590,26268,40
40356,40357,40
7030,20372,40
44336,44339,40
13274,9046,40
2,34030,40
13567,49933,40
13152,13252,40
13580,13575,40
44545,44544,40
40353,40356,40
22086,23103,40
51550,43847,40
19579,19862,40
44547,44545,40
50645,14488,40
10498,51550,40
12138,12195,40
13595,13635,40
40358,40355,40
11986,39567,40
26760,28573,40
19658,40325,40
4141,4126,40
5094,5067,40
48502,26132,40
43773,43771,40
3040,16952,40
25888,25978,40
26314,25888,40
47908,19468,40
16952,16953,40
5093,4558,40
4577,5093,40
22080,21591,40
48093,43422,40
17488,38805,40
16953,39258,40
39258,3042,40
38805,3490,40
48518,262,40
3490,17318,40
34030,34096,40
26132,26127,40
5947,39149,40
26758,26891,40
26127,26129,40
11934,26314,40
16320,16317,40
26129,26272,40
26275,25558,40
13356,16031,40
26185,26108,40
43769,24697,40
16950,3040,40
42894,50225,40
15247,22576,40
27827,27834,40
224,42684,40
16642,16536,40
15029,15248,40
359,14751,40
3253,17318,40
16793,699,40
21392,21382,40
18313,18342,40
27767,27760,40
40351,40353,40
40346,40351,40
40350,40346,40
40355,40354,40
47829,38143,40
50189,42894,40
19576,19577,40
26198,26195,40
40354,40352,40
40352,40350,40
28598,37039,40
44659,13701,40
9085,11439,40
334,335,40
48949,28638,40
13739,13358,40
301,334,40
25994,26264,40
23357,50189,40
43743,48518,40
40306,19658,40
27572,27252,40
41959,44760,40
12386,26838,40
28346,26940,40
11843,11459,40
41838,29301,40
25765,41838,40
40134,25765,40
44757,43183,40
41960,40131,40
44760,41960,40
14060,13288,40
29358,14079,40
27813,41959,40
23462,25423,40
10995,48353,40
16159,14600,40
60,16249,40
36316,41133,40
46875,47139,40
13288,14039,40
38284,36039,40
26928,12386,40
16107,16108,40
2979,42585,40
3234,1948,40
29225,29207,40
29210,29225,40
12858,13634,40
29212,29210,40
25945,25946,40
25099,15680,40
15680,15409,40
48293,24468,40
18821,20218,40
21589,48293,40
26824,26927,40
15626,41264,40
2496,2108,40
36989,15955,40
18573,50662,40
15953,15951,40
23221,23751,40
26775,28572,40
40636,29356,40
10704,11229,40
40548,36042,40
36042,36045,40
11062,10995,40
4927,4540,40
44761,25779,40
25663,26660,40
28743,28742,40
16252,25012,40
38373,38367,40
25693,25697,40
12020,25995,40
26178,25588,40
41722,4930,40
4540,43130,40
34122,16309,40
11059,11057,40
10946,9024,40
10775,11734,40
15168,22386,40
43130,43352,40
41852,27553,40
43352,19693,40
5094,4936,40
17618,17663,40
27911,28802,40
25779,40138,40
28744,28743,40
28156,28159,40
33998,34122,40
11057,11062,40
19369,21276,40
12836,13263,40
18233,18883,40
3560,38892,40
3364,2444,40
2112,3364,40
14251,14249,40
14240,14235,40
46749,2112,40
17630,17653,40
42164,27814,40
50159,50163,40
50161,50159,40
40133,42164,40
44482,40133,40
27808,27803,40
27522,27808,40
42992,2979,40
24426,988,40
26186,44482,40
24142,21872,40
25504,40162,40
44483,25504,40
26527,25673,40
25673,46813,40
22168,22129,40
2268,44851,40
39146,18778,40
18778,20489,40
41845,44483,40
21552,24142,40
34450,51714,40
20520,18781,40
18781,20853,40
20853,19724,40
19724,44825,40
28216,26776,40
35116,48499,40
44486,43186,40
26277,28913,40
49693,28805,40
2872,1395,40
2816,50170,40
988,14657,40
25795,26872,40
42875,13214,40
23846,23658,40
3334,2570,40
11470,10021,40
11050,11048,40
2836,2819,40
25770,51484,40
51484,25763,40
20855,19710,40
2164,3732,40
50170,50172,40
23127,23128,40
20571,20577,40
26915,29217,40
29217,29228,40
29228,29301,40
41836,29212,40
18859,5821,40
3343,3340,40
50172,3343,40
8469,23145,40
23145,23147,40
22182,22183,40
14657,995,40
44484,44486,40
29207,29215,40
22205,22046,40
22046,22047,40
22047,7294,40
42574,37772,40
995,937,40
37773,42574,40
38850,37774,40
27244,27243,40
13257,12959,40
42982,38850,40
6141,6142,40
11757,9960,40
10485,9835,40
9839,39143,40
7673,7762,40
21004,6141,40
3276,3668,40
42585,42982,40
4186,19885,40
4187,4185,40
35863,35872,40
4109,42842,40
27128,25839,40
27344,27956,40
20496,20497,40
20495,20496,40
20787,20495,40
20786,20787,40
20785,20786,40
20784,20785,40
16289,16147,40
3993,42991,40
3386,1643,40
9395,9409,40
37769,37768,40
37770,42575,40
37771,37770,40
17445,37771,40
41495,21588,40
37772,36911,40
29215,40697,40
17663,17674,40
15473,44016,40
17674,7200,40
22423,22424,40
41308,41330,40
23146,41331,40
48463,28246,40
19556,49485,40
19554,19555,40
41093,19554,40
16535,16643,40
35258,41093,40
5757,19265,40
49602,35258,40
15806,16326,40
6066,6060,40
41958,41852,40
7035,6066,40
41025,29304,40
51222,39017,40
22425,22426,40
43405,41341,40
24713,23146,40
44001,50734,40
34015,16836,40
24850,14599,40
26957,39536,40
25486,42162,40
25632,25654,40
26336,25486,40
39536,50946,40
25626,25632,40
25605,26293,40
29304,26455,40
26206,26211,40
27295,26427,40
51733,13946,40
28865,9056,40
50734,25709,40
26455,26024,40
24856,22070,40
22426,22423,40
39052,5376,40
25646,25828,40
22424,22033,40
51733,13206,40
23000,34015,40
26257,26259,40
34984,44539,40
21209,51063,40
22033,23000,40
51063,51064,40
14165,14166,40
25297,16115,40
51733,13113,40
26259,26258,40
26258,12026,40
16456,43741,40
43741,16458,40
16458,16459,40
16459,16460,40
10943,10939,40
28818,28866,40
12640,28818,40
51733,42858,40
47433,5542,40
45012,41025,40
10939,10942,40
28888,45012,40
25589,26257,40
48036,48026,40
35255,35256,40
5542,35255,40
5541,47433,40
51733,13103,40
5554,39008,40
39024,5554,40
13482,13481,40
26518,28889,40
49677,49674,40
49674,36041,40
15703,25097,40
50962,26957,40
41862,34776,40
10996,11061,40
41749,50052,40
19661,19662,40
11056,11060,40
11061,11056,40
25472,25471,40
19662,40324,40
16383,16212,40
50052,16543,40
19615,4703,40
50223,44248,40
10942,10946,40
20986,5019,40
49445,21482,40
22891,49475,40
5019,5166,40
16549,16769,40
23334,21480,40
43586,48974,40
48974,50053,40
40326,19661,40
19660,40326,40
25473,41958,40
7200,17694,40
4936,5067,40
44754,44198,40
5021,4664,40
4664,4552,40
4552,4557,40
25465,44754,40
35407,3000,40
25471,25473,40
40325,19659,40
4557,4556,40
3000,1097,40
50053,49771,40
19659,19660,40
39302,50223,40
49475,49445,40
21478,23334,40
16597,16558,40
26601,26605,40
44421,13226,40
49504,51559,40
17529,6088,40
6088,6090,40
5395,5425,40
15582,15583,40
5394,5395,40
5393,5394,40
5392,5393,40
42162,26334,40
5391,5392,40
16515,16597,40
28600,27595,40
5504,5391,40
5754,6079,40
13484,13478,40
26334,25472,40
12937,13952,40
17542,17539,40
7945,34708,40
40529,38652,40
23985,23986,40
16328,25246,40
23987,23985,40
22776,24010,40
35567,2519,39
22575,14955,39
35853,3522,39
13643,12847,39
11254,11169,39
42804,24380,39
47975,1109,39
23531,22264,39
11169,11162,39
11171,11172,39
11172,11254,39
26704,26709,39
24784,33940,39
24380,24381,39
14969,39044,39
24240,24238,39
2517,2518,39
22264,22719,39
27678,27723,39
29350,41132,39
2518,35567,39
21152,36837,39
11178,11171,39
41448,41449,39
41860,8254,39
5691,5765,39
42206,41860,39
41451,42206,39
41450,41451,39
41449,41450,39
18918,18907,39
8255,34744,39
6367,5691,39
6365,6367,39
6363,6365,39
5681,6363,39
43567,44630,39
42754,41452,39
8254,8255,39
5765,5766,39
44752,24467,39
52023,13154,39
15359,25073,39
42758,42761,39
42757,42758,39
14819,49200,39
14429,14424,39
14424,14420,39
5766,5767,39
34744,8258,39
15539,41487,39
41487,39160,39
35640,35673,39
10457,10458,39
8260,40904,39
8258,8260,39
24714,22136,39
42755,42754,39
42752,42755,39
27860,27842,39
25942,25974,39
44018,25944,39
48881,23239,39
27817,11970,39
36837,36838,39
36838,36839,39
36940,36938,39
27649,22319,39
36938,19428,39
15539,15540,39
19713,6411,39
21857,23113,39
41394,11184,39
11184,11178,39
51092,34730,39
15951,36993,39
21309,46514,39
34730,51088,39
51088,34732,39
28239,51651,39
50069,41902,39
50286,50069,39
8270,8271,39
28242,12247,39
12247,26817,39
42761,42760,39
14078,29358,39
48864,48578,39
42760,42759,39
42759,41453,39
42756,42752,39
2088,2771,39
13676,12878,39
35639,35640,39
47868,47867,39
17532,17538,39
17934,17966,39
17551,17545,39
12317,12318,39
17681,17710,39
17738,49031,39
49057,51290,39
28126,39779,39
39767,28126,39
28136,39767,39
28138,28136,39
51290,17737,39
19746,5825,39
28139,28149,39
39788,28139,39
13234,13803,39
17693,17690,39
17690,17673,39
17673,17649,39
17649,5826,39
5826,7199,39
47867,6578,39
47866,47868,39
19753,6038,39
6092,47866,39
15176,15146,39
20834,34250,39
35638,35639,39
25424,23421,39
23492,23470,39
23470,23463,39
41224,39296,39
27326,37783,39
27880,27802,39
26567,27880,39
21166,21163,39
18455,18440,39
14886,14904,39
14904,14916,39
14916,14905,39
14905,14883,39
28742,12316,39
15205,15207,39
3536,3489,39
4000,3536,39
17570,6092,39
7199,44341,39
23426,23431,39
17544,17550,39
29402,22235,39
42188,12407,39
23993,24000,39
25951,29003,39
25952,28111,39
49351,11455,39
12615,42172,39
42172,44333,39
323,805,39
44333,12327,39
12327,44786,39
1411,1420,39
43598,2335,39
1413,43598,39
1261,17223,39
15426,38898,39
5048,48181,39
34538,34532,39
6627,19713,39
34532,51149,39
34638,34640,39
34640,34636,39
12407,26754,39
39018,7036,39
43136,26895,39
39632,39633,39
26056,26046,39
24430,24431,39
34635,34462,39
6090,6091,39
6091,47869,39
47869,17569,39
41556,6284,39
42093,41556,39
39631,39630,39
27505,47835,39
19551,35253,39
21550,21545,39
26414,26415,39
26413,26414,39
21537,21550,39
5882,35263,39
19694,41722,39
24767,15616,39
3436,1894,39
1894,1911,39
19752,19753,39
21798,15826,39
49241,27175,39
21700,50032,39
43615,28582,39
19575,37146,39
18805,1766,39
16137,38652,39
1457,18805,39
39810,44055,39
27175,27479,39
34616,8436,39
22235,333,39
15827,15719,39
21628,6,39
10084,41133,39
15836,15827,39
2889,3526,39
2995,2996,39
2994,2995,39
3736,2994,39
2993,3736,39
21234,21231,39
18644,21234,39
39536,43609,39
27269,39536,39
36024,36027,39
2209,2190,39
1109,1077,39
12414,12411,39
21853,26654,39
42693,44566,39
19818,18861,39
40071,28890,39
40072,40071,39
29011,28347,39
28349,11975,39
26954,51238,39
51401,27242,39
51238,27656,39
38137,35627,39
28598,44661,39
36512,9048,39
37039,50954,39
3393,38137,39
36132,3393,39
50954,44131,39
27243,51401,39
28959,12589,39
958,933,39
2085,3984,39
2486,2588,39
6038,5602,39
3657,3658,39
3656,3657,39
3655,3656,39
3672,3655,39
2066,3672,39
3654,1269,39
3150,3654,39
15844,15817,39
3200,3150,39
37236,4093,39
20958,4218,39
21325,23113,39
3092,3200,39
3199,3092,39
441,446,39
3984,3199,39
23680,24931,39
2964,2232,39
2470,35638,39
17400,2859,39
23143,884,39
1007,23143,39
3661,3151,39
2142,39749,39
3198,3067,39
2984,36132,39
3151,3198,39
5602,5994,39
2983,2984,39
3658,17466,39
2483,2983,39
2588,2483,39
2069,3661,39
2065,2069,39
3415,3321,39
3659,3415,39
3982,3659,39
17466,3982,39
12589,12413,39
18359,4701,38
20397,46399,38
20524,6956,38
4701,4859,38
13903,14015,38
48295,29350,38
22846,22847,38
24928,24535,38
23087,24768,38
22843,23226,38
23226,3,38
25673,25830,38
25708,25673,38
22849,22846,38
8467,7562,38
18234,20265,38
15799,34111,38
22842,22844,38
43313,13496,38
22361,23878,38
22845,22848,38
22844,22845,38
22847,22843,38
23227,22842,38
84,23227,38
23402,84,38
26101,25708,38
9563,9292,38
25712,50727,38
3642,1888,38
26615,27805,38
3645,2424,38
27096,27089,38
27449,27451,38
1896,3645,38
27805,26601,38
3644,1896,38
26642,28549,38
2574,1641,38
1895,3644,38
1888,1895,38
27903,26603,38
26603,27812,38
27812,49563,38
1887,3642,38
4825,40840,38
3641,1887,38
3640,3641,38
3643,3640,38
1890,3643,38
1897,1890,38
1898,1897,38
1914,1898,38
6627,17611,38
17615,17621,38
6411,17611,38
9612,10894,38
12137,12135,38
25358,38723,38
12547,12137,38
50965,39214,38
2424,3646,38
36828,13862,38
40837,40838,38
16556,16598,38
27664,27658,38
10593,10780,38
9425,11903,38
11856,10402,38
16526,25153,38
16579,16885,38
26223,26215,38
26216,26219,38
16418,43984,38
48943,28638,38
28298,12407,38
40839,50827,38
40838,40839,38
40836,40837,38
3646,2576,38
40834,40836,38
5103,40834,38
4568,4943,38
50827,4663,38
40833,5109,38
40835,40833,38
3647,3436,38
3435,3647,38
5184,40835,38
5188,5184,38
5182,5188,38
50822,5182,38
4622,50822,38
2576,3435,38
48585,49385,38
48621,48585,38
3080,3677,38
26492,26491,38
51651,44595,38
2394,42805,38
46578,17653,38
26399,40134,38
46578,17635,38
44479,26399,38
44478,44479,38
42889,44478,38
14233,14243,38
26478,26234,38
26532,26478,38
45009,26532,38
42103,45009,38
26491,42103,38
42108,26492,38
5337,48621,38
40090,42108,38
25503,40090,38
40138,40152,38
13051,13118,38
25712,50736,38
11470,11289,38
23054,22131,38
7544,7942,38
25633,26070,38
35688,25633,38
26119,25762,38
26120,26119,38
50727,26846,38
44448,2444,38
44598,28239,38
42805,17043,38
28572,44598,38
17043,1788,38
5762,5336,38
5699,5689,38
454,37114,38
5485,5486,38
43913,43912,38
25653,26277,38
26516,26517,38
16596,16513,38
28915,41087,38
15181,15192,38
22776,38723,38
24129,50550,38
41651,41652,38
42169,27398,38
27398,27421,38
27421,27436,38
27436,27439,38
27370,27083,38
27083,27085,38
25855,27986,38
27956,27960,38
27960,27958,38
27958,27073,38
27073,27350,38
47846,25938,38
15955,39843,38
39843,16712,38
17037,17038,38
1788,17037,38
41087,26527,38
51506,16237,38
23072,22189,38
33815,29507,38
6551,6552,38
6552,6553,38
29011,11986,38
18103,17989,38
42495,27791,38
27795,27920,38
14367,29433,38
533,376,38
43308,16203,38
16203,16684,38
27373,27400,38
27440,28157,38
1222,4018,38
27163,51496,38
51496,12341,38
25670,25643,38
15594,23270,38
3542,17338,38
18488,18474,38
4633,4195,38
3050,3868,38
8750,46254,38
2680,2580,38
2220,43021,38
10444,48500,38
10991,10996,38
49170,22072,38
1826,1827,38
15744,15745,38
15769,15739,38
1824,1817,38
14235,14234,38
4659,4509,38
2098,2094,38
21797,41378,38
16460,16461,38
2618,17046,38
21851,49731,38
1170,1184,38
44848,44846,38
35790,3843,38
44846,958,38
3843,3998,38
955,954,38
3213,1826,38
1818,3047,38
3047,3048,38
3048,17333,38
14897,14961,38
17333,3049,38
3049,17334,38
17334,3213,38
1043,1636,38
47885,1109,38
9081,11439,38
11587,11348,38
11346,9768,38
9505,10517,38
5120,5121,38
43485,5120,38
13246,13170,38
47256,28841,38
8996,10944,38
39561,44230,38
44230,50947,38
50947,51399,38
51399,43100,38
10944,10941,38
10941,10938,38
10938,10940,38
10940,8998,38
10677,41224,38
12162,12163,38
12626,12164,38
28150,28140,38
26185,26179,38
27915,28643,38
26256,25996,38
26260,26256,38
26125,26260,38
34657,35317,38
41955,26125,38
43904,43902,38
48944,28638,38
43476,43904,38
43274,43286,38
29647,33815,38
28140,39789,38
28137,28135,38
51846,8795,38
28574,26880,38
42498,42175,38
42175,29002,38
49336,42045,38
10083,51846,38
42033,49336,38
42034,42033,38
42044,42034,38
41642,42044,38
26761,26760,38
26765,26761,38
5119,43485,38
26880,26765,38
26767,28574,38
26875,26877,38
51560,10083,38
41132,51560,38
26879,26767,38
26766,26879,38
26764,26766,38
26762,26764,38
49375,26762,38
49378,49375,38
40920,49378,38
17047,3493,38
26876,40920,38
26877,26876,38
14245,14243,38
42772,15436,38
8148,7747,38
41744,41748,38
25869,12086,38
12092,12091,38
12093,29018,38
41392,29056,38
42400,47879,38
18703,42400,38
13749,14092,38
16119,16120,38
25965,16119,38
26007,25965,38
50515,22537,38
1753,1758,38
41745,41744,38
29245,25869,38
41746,41745,38
29190,12128,38
22537,24622,38
24622,50028,38
50028,24623,38
16102,16103,38
25030,25027,38
4870,3489,38
15482,15483,38
24168,24169,38
15476,15477,38
25677,15476,38
24495,50072,38
29056,29245,38
25675,25676,38
41892,14281,38
37113,37111,38
7453,7448,38
7448,7410,38
7410,7412,38
7413,34313,38
34313,34311,38
16157,16158,38
7492,7472,38
7394,7422,38
7443,7417,38
14271,13015,38
7484,7488,38
34312,34314,38
14017,14545,38
34314,7401,38
7402,34310,38
34310,7465,38
7371,7434,38
7436,7447,38
7447,7460,38
22598,50009,38
50009,50013,38
50013,50515,38
13863,14548,38
13180,13868,38
13902,13002,38
25676,25677,38
42842,4112,38
42972,8148,38
35427,35432,38
3339,2676,38
42157,8368,38
8297,35430,38
35430,8379,38
8379,42738,38
42737,8375,38
8375,8374,38
8374,35947,38
35947,8384,38
8384,8385,38
8385,35431,38
35431,35427,38
35432,8377,38
3344,3345,38
8377,8301,38
8301,8296,38
51025,24236,38
51318,5758,38
41778,51025,38
45,42772,38
23895,23894,38
4924,5169,38
4765,4807,38
4807,4617,38
4617,4616,38
4616,4825,38
3343,3344,38
3345,2816,38
18618,18624,38
35866,35867,38
41221,40823,38
36040,40548,38
35871,35862,38
2098,17499,38
35862,35864,38
36178,41133,38
47899,27623,38
35864,35866,38
11160,24791,38
49742,49787,38
49779,49742,38
49771,49779,38
35867,35868,38
1783,3609,38
4556,4553,38
4553,4551,38
4551,43351,38
4979,43354,38
41720,4965,38
35868,35869,38
49745,48938,38
49787,49745,38
35869,35870,38
35870,35865,38
35865,35863,38
5017,43350,38
39038,20314,38
7895,7947,38
29302,44841,38
8383,8378,38
24850,21588,38
27577,50961,38
35429,8382,38
44001,50772,38
44327,26684,38
37531,44327,38
44324,37531,38
35428,35429,38
35426,35428,38
8371,35426,38
8369,8371,38
8297,8369,38
44841,44324,38
10251,8368,38
26773,28216,38
40083,25465,38
21944,775,38
26071,25651,38
8990,8991,38
29479,13725,38
24829,24833,38
8382,8383,38
40132,25469,38
44485,40083,38
39529,48667,38
50953,50961,38
15621,23308,38
43195,16221,38
39529,51403,38
51403,42428,38
42428,39566,38
39566,11978,38
11978,28347,38
27883,27876,38
8367,35946,38
42737,8367,38
8373,42738,38
50468,44016,38
8372,8373,38
25645,26072,38
12139,42412,38
8378,8372,38
42412,12721,38
12721,12428,38
26072,26071,38
48667,39569,38
22677,23207,38
44107,44485,38
26140,26012,38
5388,5389,38
5386,5387,38
5385,5386,38
18442,18434,38
5384,5385,38
28925,25654,38
28924,28925,38
41537,4032,38
23199,24823,38
42564,40977,38
10251,42149,38
10264,10627,38
41539,41537,38
23860,22895,38
3608,42762,38
34476,34478,38
28556,12012,38
28555,28556,38
28439,28433,38
10577,8793,38
592,233,38
262,257,38
5387,5388,38
5389,5390,38
44106,44107,38
5390,42127,38
24833,25040,38
50436,51637,38
51637,51630,38
383,43745,38
348,708,38
342,348,38
341,342,38
51630,51632,38
51632,1417,38
44526,28918,38
40124,44526,38
40426,40124,38
12889,13127,38
4510,4530,38
337,341,38
335,337,38
5672,5355,38
1774,1775,38
42127,5504,38
25040,23198,38
23198,23199,38
26139,26140,38
50772,28865,38
14418,14423,38
42448,48329,38
1153,1162,38
44622,50946,38
25464,40133,38
3327,2957,38
25644,25645,38
48116,9056,38
43612,26948,38
26956,26951,38
49208,49591,38
51124,51125,38
48329,48333,38
15468,15448,38
15467,15468,38
50669,26956,38
50951,39722,38
50967,48642,38
43611,48629,38
27585,48013,38
35946,42699,38
48736,43611,38
40133,43378,38
44001,50724,38
42699,8296,38
26951,50953,38
26738,41641,38
8302,42155,38
48336,42448,37
48560,48874,37
48874,51400,37
39531,39560,37
48233,22804,37
27101,27096,37
27102,27101,37
48231,25938,37
29132,12180,37
27980,27102,37
42285,42577,37
36893,13320,37
6280,19198,37
27993,27980,37
28008,27993,37
49685,25876,37
16909,47980,37
48417,24467,37
27989,28008,37
44661,27660,37
893,24480,37
49241,11992,37
48335,48336,37
35671,35642,37
9034,41662,37
35644,35645,37
21690,33890,37
43612,48560,37
8302,11530,37
35643,35644,37
35642,35643,37
2534,35671,37
12125,12227,37
3379,2534,37
3103,3379,37
3102,3103,37
42031,5310,37
43501,43637,37
42443,43501,37
3034,3102,37
47980,49248,37
44403,40742,37
24584,808,37
2234,2963,37
51589,51587,37
42577,1848,37
11939,39508,37
39508,27500,37
27201,39397,37
39397,39557,37
29033,42246,37
2231,2234,37
4171,4175,37
43637,48335,37
27481,27143,37
27143,27193,37
27193,27192,37
27528,44859,37
12963,48295,37
35645,2468,37
5692,5693,37
51243,27581,37
23113,16909,37
44511,44514,37
19574,2387,37
38678,44506,37
44506,44508,37
44508,44510,37
44510,44511,37
27661,27868,37
12299,38959,37
4203,21097,37
23671,39764,37
20684,42605,37
14864,14886,37
19767,6722,37
27481,47835,37
23260,25116,37
29239,38678,37
29238,29239,37
25324,25318,37
240,210,37
272,582,37
583,222,37
27912,27915,37
21988,21976,37
27806,27878,37
27803,27806,37
237,240,37
19573,19574,37
6339,19673,37
18650,34256,37
11160,42845,37
35300,35308,37
39999,29238,37
234,237,37
1124,47975,37
4870,4000,37
50260,35283,37
1792,3326,37
7106,19886,37
2485,2486,37
9034,9035,37
47898,2356,37
39485,39487,37
21474,21588,37
2489,3016,37
25267,46425,37
3326,2406,37
14600,47907,37
35623,3128,37
15625,25107,37
27663,51243,37
12228,12129,37
12036,28310,37
9645,11455,37
16178,33971,37
10838,43697,37
26730,26718,37
12318,26730,37
13103,48640,37
48640,13319,37
12818,25092,37
42771,49967,37
14299,14295,37
46272,23366,37
46425,46272,37
11455,9488,37
22516,24810,37
18593,18580,37
2826,2815,37
39089,3034,37
1340,1358,37
16490,23693,37
51249,51236,37
41159,1482,37
51062,51059,37
34158,6718,37
51059,51060,37
51060,51241,37
51241,51249,37
51236,51248,37
41779,22182,37
44133,46704,37
27260,11986,37
51248,21193,37
50893,41159,37
10999,8989,37
21193,19417,37
12183,12184,37
6015,19309,37
27479,27512,37
21340,21341,37
16163,16103,37
10045,10043,37
19457,19456,37
39142,10048,37
14955,42815,37
39642,48348,37
24378,42814,37
26907,43140,37
41133,21588,37
17989,6573,37
11562,8752,37
20612,49696,37
28327,26604,37
49565,51090,37
19417,36941,37
21356,21355,37
3293,50893,37
13887,13891,37
21305,20397,37
20876,49695,37
17482,3992,37
3992,3065,37
1048,3591,37
24755,15625,37
48212,25938,37
36941,36940,37
15616,24755,37
1694,1695,37
35086,1340,37
49248,21855,37
49695,49707,37
51578,5373,37
27285,42168,37
42486,2482,37
8086,34632,37
11932,27793,37
13246,24062,37
23619,24036,37
27745,27739,37
27739,27737,37
14005,29462,37
21855,16498,37
6713,19765,37
23054,22182,37
20465,34265,37
8989,10964,37
27425,27078,37
2482,2485,37
17227,17229,37
10071,10310,37
10056,11426,37
12723,27527,37
10647,10781,37
3128,3129,37
29077,29078,37
14242,14234,37
27746,27889,37
23129,23098,37
9043,16289,37
19384,21261,37
50663,19332,37
14247,14242,37
48501,39352,37
22677,21988,37
48257,48501,37
40878,4761,37
42462,44849,37
27522,44862,37
21572,25043,37
21570,21572,37
21569,21570,37
44862,44865,37
17637,19437,37
41048,4530,37
49632,49605,37
23693,21569,37
28397,28399,37
15414,15416,37
15431,15435,37
1024,51589,37
49211,43504,37
15906,41130,37
23147,24714,37
26923,21960,37
16498,16490,37
41132,10236,37
21261,5919,37
27888,27867,37
27904,28106,37
19183,41147,37
23289,16567,37
38640,51627,37
3130,46319,37
29080,29081,37
40613,40615,37
40904,35016,37
24030,24032,37
24005,24014,37
48213,359,37
34435,34429,37
4135,4136,37
34639,34458,37
210,208,37
41452,8269,37
10310,9370,37
51030,44848,37
3129,3130,37
44849,51030,37
9370,8939,37
22045,22425,37
21960,21846,37
1124,47885,37
39271,22027,37
22027,22689,37
22310,22045,37
44868,49211,37
50726,25709,36
44001,50726,36
51490,51492,36
51492,29305,36
35886,4108,36
35931,35886,36
35874,35931,36
25109,23308,36
50913,44885,36
28577,51490,36
28696,41198,36
3867,17329,36
25610,42686,36
10985,10990,36
26229,25610,36
28905,26229,36
25662,28905,36
39688,39687,36
41198,25662,36
39686,39688,36
40741,48352,36
50062,44888,36
11080,41663,36
26501,28577,36
38861,42668,36
9013,51672,36
10865,9004,36
10607,10864,36
10606,10607,36
10847,10606,36
15563,21475,36
12959,14595,36
50919,44876,36
44885,50919,36
44880,50913,36
34635,34490,36
2836,2966,36
42715,43708,36
3111,17335,36
26242,26501,36
26873,25794,36
29218,26606,36
29227,29218,36
29302,29227,36
8899,7381,36
26529,29226,36
29214,26529,36
15380,49171,36
36290,29318,36
42005,43959,36
43958,42004,36
29208,29214,36
29216,29208,36
26528,29216,36
7392,43317,36
42686,26234,36
7433,7447,36
7371,7431,36
7409,7465,36
1394,16996,36
7436,7448,36
7445,7434,36
15526,25129,36
42280,44903,36
9043,80,36
16747,25284,36
39712,43629,36
41133,11206,36
11206,41395,36
41395,11194,36
11194,11191,36
11191,41394,36
26759,28573,36
16358,16356,36
25284,16358,36
26746,26759,36
51965,10474,36
23276,25253,36
16158,16159,36
5334,5761,36
51530,5334,36
51532,51530,36
5309,51532,36
26154,42555,36
37731,11836,36
11836,11837,36
27246,46704,36
11837,10320,36
9593,11520,36
11520,9374,36
7895,34995,36
16356,16357,36
48057,25553,36
48412,48057,36
26069,26068,36
13758,14564,36
13221,13758,36
22658,23016,36
50496,50493,36
26116,26115,36
25751,26116,36
25762,25751,36
50493,50494,36
43026,34781,36
22071,6,36
6,49170,36
13597,13129,36
13667,29490,36
18877,21282,36
26303,42100,36
28888,26303,36
25248,23280,36
26517,28889,36
16357,25248,36
26827,43140,36
26139,48410,36
48410,48412,36
9599,10078,36
10078,10738,36
10738,9594,36
16275,23275,36
17448,3179,36
3177,3051,36
3176,3177,36
41844,40163,36
2849,3176,36
40127,41844,36
40128,40127,36
40129,40128,36
40130,40129,36
40164,40130,36
44757,40164,36
28949,44105,36
28920,28949,36
25519,28920,36
25599,25519,36
25607,25599,36
26366,25607,36
28923,26366,36
25651,28923,36
16276,23274,36
26154,50634,36
12910,29479,36
25261,16276,36
23274,16275,36
42149,8040,36
9594,10012,36
40643,16205,36
46704,49422,36
23234,23777,36
74,25336,36
21730,21558,36
16422,23276,36
27395,27371,36
23924,23909,36
5713,5383,36
39059,5712,36
39058,39059,36
42127,39058,36
39060,42127,36
39051,39060,36
5317,39051,36
23275,16422,36
5718,5317,36
26606,26684,36
51374,9938,36
9946,51374,36
11593,9943,36
34654,51768,36
51768,51767,36
51767,34452,36
22761,22658,36
7719,8437,36
20851,20480,36
24243,24237,36
1957,2858,36
14251,29382,36
50696,44502,36
44502,35510,36
12586,12089,36
43711,12413,36
12414,12436,36
12432,40802,36
100,34007,36
40802,29028,36
26849,45019,36
29305,26849,36
29028,28869,36
28869,39314,36
12639,49438,36
29066,44344,36
44344,44345,36
44345,49427,36
49427,48071,36
48071,50696,36
48149,43422,36
26150,26169,36
20219,18822,36
2858,1958,36
21415,786,36
26172,26174,36
14613,23973,36
25690,25691,36
12963,41132,36
8750,10357,36
16432,16464,36
15745,16424,36
17012,19697,36
1813,17012,36
41220,7380,36
10039,10780,36
9664,10569,36
46460,9664,36
9911,46460,36
29606,14250,36
25822,38956,36
38958,12509,36
9343,11912,36
11912,10774,36
10774,11844,36
11478,10415,36
10416,10593,36
10236,10627,36
8965,8969,36
9553,11459,36
26169,26172,36
26174,25990,36
27802,28327,36
40159,40099,36
41853,40098,36
47884,41853,36
50994,42731,36
918,51045,36
950,33888,36
33888,953,36
956,955,36
22864,953,36
953,952,36
952,947,36
50995,50994,36
51004,50995,36
5185,40677,36
51006,51004,36
50990,51006,36
50991,50990,36
50999,50991,36
50997,50999,36
50992,50997,36
51213,50992,36
41340,51213,36
16084,15769,36
16289,16288,36
36441,9048,36
40099,41849,36
25990,26160,36
39848,15938,36
26160,26155,36
26155,26004,36
26004,26141,36
26141,26142,36
26142,26006,36
16087,21851,36
13091,13482,36
42731,35970,36
26006,26206,36
957,51047,36
26847,46257,36
51047,44847,36
44847,51019,36
51019,42517,36
41851,26349,36
17815,17818,36
6541,17815,36
17808,6541,36
42517,42466,36
51011,51037,36
42163,41851,36
41850,42163,36
41849,41850,36
40098,40159,36
43166,43168,36
44501,51851,36
26205,28673,36
18578,18591,36
24211,16817,36
18601,18625,36
51551,43254,36
51566,51559,36
12281,12547,36
18546,18550,36
38688,18348,36
38686,38688,36
51974,7221,36
38688,7221,36
12316,12317,36
18566,18549,36
10448,10193,36
13255,44459,36
25889,25993,36
41142,41146,36
41146,41141,36
7221,18348,36
14342,43312,36
43899,43903,36
36031,2969,36
27299,43477,36
22566,22567,36
49169,15306,36
15279,15322,36
43367,10505,36
4818,4542,36
11208,43367,36
41133,11208,36
16087,15563,36
41675,18121,36
24850,16147,36
27353,49420,36
13250,13251,36
49420,25938,36
37050,13246,36
21286,51777,36
51777,18236,36
41660,11022,36
26326,25889,36
16972,6845,36
26353,25975,36
3187,2006,36
41017,41016,36
23934,23926,36
23926,23929,36
48291,25362,36
24213,16780,36
24219,16781,36
15353,44134,36
2499,3187,36
2006,2009,36
14294,14300,36
2009,2010,36
28656,27464,36
2010,2020,36
2020,2988,36
2988,2532,36
2532,2533,36
2533,3086,36
26544,27836,36
41016,42894,36
12830,13200,36
6564,5821,36
48266,16489,36
46803,26353,36
15270,15208,36
14481,41891,36
6845,20484,36
15208,15277,36
18550,18556,36
42400,47857,36
27865,27883,36
18691,42400,36
50790,33998,36
25027,50790,36
25059,25030,36
51920,25059,36
13398,48291,36
34842,35035,36
27876,27790,36
47896,2356,36
43477,43899,36
43475,49077,36
11536,11242,36
27522,44861,36
43177,43998,36
43297,50864,36
48462,49737,36
43998,43180,36
49237,48333,36
44870,49237,36
42443,44870,36
44861,43504,36
27505,12341,36
21050,4260,36
43934,4712,36
43180,43188,36
39758,24269,36
29018,12432,36
24269,42511,36
48013,25919,36
26332,48013,36
25326,22441,36
43175,43177,36
34992,43629,36
49077,26966,36
49214,44871,36
27510,11998,36
50636,42555,36
4612,4609,36
43168,43186,36
4611,4612,36
27530,44859,36
40163,43187,36
42446,44866,36
27885,50483,36
43628,35011,36
43187,43179,36
48334,49214,36
43179,43172,36
49568,49084,36
51124,49591,36
43172,43169,36
43169,43175,36
50862,8456,36
22441,39273,36
39273,69,36
15794,15631,36
44287,28137,36
39781,28127,36
5842,5841,36
5841,5840,36
5840,5839,36
5839,34281,36
28127,44287,36
14241,14252,36
108,41374,36
41374,41376,36
26196,25541,36
41376,21338,36
153,21378,36
18034,18032,36
34281,20864,36
43054,19456,36
39775,27240,36
35821,3437,36
27285,28881,36
19487,5842,36
19489,19487,36
159,21426,36
40844,40849,36
172,171,36
26192,26195,36
26177,26192,36
26264,25806,36
169,162,36
1409,1411,36
37642,13246,36
162,161,36
48017,51465,36
48041,48017,36
50237,48041,36
48029,50237,36
48023,48029,36
26630,26636,36
161,159,36
43977,43911,36
40849,40843,36
11242,9046,36
50186,27834,36
4579,41715,36
28144,39791,36
26548,40152,36
38952,47429,36
49212,38952,36
26609,28942,36
25214,25290,36
28942,41841,36
21577,21578,36
41393,41964,36
21578,21579,36
12945,49212,36
13019,50374,36
47429,13019,36
40349,40391,36
23257,16786,36
10186,43791,36
26541,26548,36
26540,26541,36
35587,7543,36
25290,16467,36
35020,7567,36
44761,26540,36
7498,37713,36
13730,50374,36
16467,16311,36
51921,13143,36
16311,25213,36
41720,4961,36
20349,40515,36
14338,38936,36
41715,49608,36
28863,28659,36
39722,39535,36
39533,29008,36
49630,49645,36
36118,36056,36
25712,50770,36
26468,28694,36
13645,13813,36
43638,26468,36
50165,43638,36
948,22288,36
28578,28194,36
7509,7508,36
44903,46494,36
13429,13439,36
43159,42280,36
41541,43159,36
43614,41541,36
5486,5487,36
43080,51952,36
51952,26292,36
4937,4540,36
13866,13003,36
4930,41722,36
23289,16619,36
34332,20572,36
41722,4518,36
4818,4936,36
5037,43354,36
26936,35958,36
27605,26846,36
21579,21580,36
35958,26838,36
28346,26841,36
41840,42104,36
7646,7636,36
49608,49630,36
36056,17258,36
21633,21591,36
21596,21633,36
39145,39146,36
51374,10153,36
36292,13356,36
13356,26654,36
9941,9942,36
21580,21732,36
935,932,36
21732,613,36
932,957,36
613,21596,36
17499,2094,36
38936,50374,36
40504,51374,36
50967,39214,36
15598,15569,36
28554,28555,36
2445,46749,36
9942,11536,36
39490,51465,36
22933,21688,36
16331,23376,36
42883,13214,36
22943,25372,36
24623,50065,36
22930,44338,36
44335,76,36
27839,27859,36
13170,13431,36
12951,13580,36
49645,49634,36
40763,6524,36
13580,14338,36
10666,40506,36
40361,40347,36
3881,2093,36
17499,2095,36
25213,40690,36
3086,2445,36
7507,7653,36
37801,886,36
886,887,36
8489,7652,36
9933,9934,36
40347,40349,36
40690,44330,36
48415,12951,36
26648,50687,35
44123,35277,35
16914,24044,35
24055,16914,35
18696,7197,35
4077,4078,35
35277,27814,35
24369,949,35
4078,4079,35
27737,27659,35
27890,27745,35
16380,44328,35
4076,4077,35
35613,9046,35
5491,51331,35
44120,44123,35
13599,12858,35
28859,49241,35
27162,27509,35
1340,17269,35
27534,27196,35
28190,26752,35
17415,17437,35
39612,27529,35
18399,18426,35
44117,44118,35
33943,15872,35
27840,26853,35
4075,4076,35
40495,40493,35
28865,26122,35
19388,19386,35
15887,24640,35
44118,44120,35
24640,23883,35
40493,6062,35
36051,4075,35
3897,3611,35
42598,20681,35
44115,44117,35
47428,35548,35
42661,27661,35
34689,11350,35
44914,44907,35
176,21782,35
25838,49392,35
438,615,35
19087,4172,35
16793,16780,35
24219,24214,35
26668,26667,35
4036,17213,35
44913,44911,35
11048,11045,35
11052,11050,35
42892,24283,35
11350,9084,35
9084,9087,35
9087,39284,35
42091,41552,35
26120,27649,35
44907,44913,35
35707,176,35
21475,24165,35
11349,11795,35
44113,44115,35
26911,44113,35
28215,26774,35
23421,23436,35
9773,9778,35
9778,11345,35
11345,9768,35
11795,11791,35
9082,11349,35
21672,35707,35
16670,16673,35
44596,28213,35
44597,44596,35
28212,44597,35
42075,28212,35
43195,41020,35
11587,11790,35
44911,49405,35
24394,24458,35
13430,13257,35
1517,1555,35
28802,27910,35
25098,15836,35
12750,47428,35
25307,25322,35
25309,25307,35
12008,27520,35
11791,9770,35
35548,43525,35
28693,27226,35
43224,34984,35
16331,25210,35
5311,43087,35
1168,48060,35
27226,27222,35
27222,27240,35
35201,28450,35
1501,1510,35
41448,34746,35
34746,8262,35
29350,11119,35
22309,21799,35
42660,44315,35
26681,26674,35
26667,28544,35
49981,14564,35
11933,42660,35
26657,26664,35
26664,26675,35
26326,26322,35
26675,26676,35
26676,26681,35
28571,44923,35
15625,16824,35
16946,17253,35
12936,13049,35
48424,12936,35
47978,24861,35
24861,15616,35
4090,37236,35
15616,23755,35
23755,15625,35
14966,36997,35
24046,13429,35
27827,50186,35
50054,37098,35
37101,24575,35
44098,1644,35
24575,23617,35
203,23682,35
28156,27377,35
48074,48069,35
1740,40554,35
51039,41772,35
49622,49638,35
49638,40289,35
40289,40287,35
40287,21236,35
21236,21238,35
21238,21239,35
21239,40293,35
40293,18643,35
24481,24440,35
13933,13932,35
40549,36041,35
39195,51393,35
35913,4082,35
4082,4081,35
4081,4083,35
37098,37101,35
42001,22140,35
38450,35895,35
50017,50011,35
22539,24803,35
24803,24486,35
24486,24487,35
18228,18233,35
24806,50047,35
50047,50038,35
50038,24799,35
24118,21585,35
21585,21620,35
21620,24114,35
22465,35325,35
35325,37097,35
44304,24012,35
37097,37099,35
37099,50044,35
18803,19576,35
5995,20833,35
20833,20834,35
50046,50031,35
50031,24327,35
50820,50012,35
50012,24491,35
24327,50017,35
4083,4084,35
2951,35914,35
34113,22533,35
3991,1655,35
38966,42825,35
42825,2976,35
23324,16875,35
831,42313,35
50688,26659,35
5140,6254,35
26438,28194,35
35115,35116,35
29082,29140,35
830,48862,35
21731,21596,35
21584,21731,35
12012,28228,35
21594,16200,35
16200,15723,35
42845,34983,35
34983,22410,35
22410,14957,35
21575,21577,35
14431,43895,35
14432,14431,35
45047,45033,35
45031,45047,35
1655,2680,35
42210,38138,35
24242,24248,35
51618,34460,35
50058,23894,35
25043,22409,35
22409,10331,35
10331,8439,35
25916,11931,35
27955,27343,35
27959,27955,35
27957,27959,35
27351,27957,35
19800,5108,35
27458,27951,35
23208,35566,35
35086,1358,35
35631,3803,35
27996,27375,35
27084,27996,35
24044,22668,35
13320,38947,35
17459,3684,35
3684,17204,35
19855,19856,35
19854,19855,35
17204,3685,35
22533,22539,35
6117,5995,35
50818,34113,35
48026,48022,35
18677,5498,35
34869,34772,35
20907,5532,35
26648,27918,35
5532,51336,35
19410,4197,35
19407,19410,35
19409,19407,35
19408,19409,35
21002,6225,35
21032,21040,35
11081,41132,35
25019,51,35
28081,43349,35
50066,50818,35
27526,28087,35
20214,17949,35
42151,19889,35
1274,1327,35
25020,25019,35
25021,25020,35
27302,48036,35
48022,48023,35
23724,25023,35
15183,15168,35
44132,44133,35
44623,44130,35
49329,14595,35
39533,44623,35
50951,39535,35
44622,48629,35
27791,27896,35
34557,41282,35
20465,17994,35
12719,12718,35
1192,1209,35
34450,34462,35
25755,49414,35
48052,25938,35
1209,1641,35
15028,767,35
39788,39787,35
1152,1148,35
774,15028,35
15615,23252,35
4057,4058,35
25023,25021,35
28087,28081,35
23722,23723,35
36993,39848,35
29184,29024,35
29200,12595,35
12596,29200,35
42252,29034,35
28868,39314,35
29275,28868,35
12208,39313,35
38957,12207,35
38959,48070,35
51915,3371,35
14299,14296,35
12594,29237,35
1207,1231,35
3532,2374,35
18236,18861,35
20533,20303,35
12090,35510,35
23129,39128,35
29335,13398,35
12126,29190,35
14174,29401,35
15610,50066,35
29024,12594,35
39313,29050,35
6046,6703,35
23609,23722,35
22429,23609,35
8464,42503,35
15618,15627,35
29237,39999,35
19189,6382,35
19886,19200,35
34761,34762,34
48193,22658,34
10666,11534,34
23532,16099,34
12890,14339,34
16092,22034,34
20138,34246,34
44590,11865,34
15096,15904,34
15904,26632,34
20894,51322,34
15410,15876,34
23310,22396,34
26770,28554,34
18028,18092,34
48183,6118,34
5564,51086,34
20906,51304,34
19480,19808,34
33991,22895,34
14923,22899,34
1359,2872,34
22899,15554,34
51304,17706,34
15436,47873,34
25077,25083,34
35717,41492,34
51322,5891,34
37,15431,34
49083,7926,34
17653,17650,34
34757,34758,34
39728,40563,34
40564,39728,34
51936,40564,34
40563,24264,34
9048,11593,34
34756,34757,34
7926,34756,34
7199,17612,34
27522,27799,34
19908,7199,34
34758,34759,34
17650,19908,34
34762,34763,34
15479,25088,34
34759,8435,34
34183,22999,34
15361,25077,34
41490,35717,34
8435,34761,34
17729,17723,34
17664,17653,34
17612,17594,34
34763,34784,34
17720,17691,34
17691,17654,34
9931,40506,34
40504,9934,34
35716,41490,34
26243,26247,34
17654,49295,34
17572,21304,34
23073,23054,34
47238,49716,34
18618,18623,34
23310,34049,34
35989,47238,34
13268,29516,34
6096,7213,34
18649,18650,34
18651,18649,34
18658,18651,34
49765,49747,34
48940,49765,34
49748,49752,34
49755,49748,34
49738,49755,34
49761,49738,34
23062,23067,34
49758,49761,34
49747,49758,34
43885,43884,34
21009,21013,34
19414,19399,34
22242,22124,34
41340,43404,34
42729,22119,34
41306,41309,34
27325,27326,34
49716,49735,34
48413,25563,34
41767,22242,34
48411,48413,34
3741,3742,34
3238,3741,34
3237,3238,34
3740,3237,34
3739,3740,34
3235,3739,34
3966,3235,34
3763,3962,34
3963,3763,34
3751,3963,34
3088,3751,34
3750,3088,34
3089,3750,34
3749,3089,34
3252,3749,34
3748,3252,34
3965,3748,34
3747,3965,34
49732,50076,34
39225,41221,34
480,479,34
479,478,34
49728,49732,34
49727,49728,34
49735,49727,34
25930,43369,34
43369,48411,34
48758,23115,34
23047,23048,34
1867,1859,34
27213,27218,34
27540,27544,34
27542,28093,34
1260,1476,34
35080,1694,34
43878,43987,34
27190,27533,34
16288,26405,34
22237,22238,34
27518,27534,34
27170,27173,34
27513,11990,34
11990,11987,34
11987,11988,34
27159,11995,34
105,21348,34
1579,1572,34
36124,1579,34
19679,19494,34
1584,36125,34
21211,21209,34
15440,15441,34
15442,15443,34
14108,14093,34
14091,13750,34
20555,20554,34
19620,40329,34
48210,27512,34
27218,27540,34
25950,27213,34
23046,23047,34
43164,43166,34
49015,41870,34
20603,17667,34
41870,29045,34
23293,16566,34
29045,29022,34
29022,12640,34
12543,12036,34
37661,13246,34
22150,22151,34
22205,24714,34
16993,16994,34
23158,22183,34
47870,16061,34
15436,47870,34
16318,16319,34
19054,40616,34
40616,40614,34
41132,10163,34
11461,41132,34
11794,11461,34
44866,44860,34
44860,27520,34
27481,28859,34
28859,11999,34
43513,1644,34
44757,43182,34
43182,43164,34
3742,1866,34
3233,2993,34
20601,20599,34
3490,2160,34
3367,16977,34
50963,3159,34
3160,2501,34
10244,10152,34
10151,10244,34
2756,35695,34
2278,36107,34
36107,2911,34
39254,41341,34
2911,2912,34
2912,2913,34
2913,35622,34
14442,14441,34
14440,14442,34
44261,50929,34
45026,45023,34
45033,45026,34
49724,39254,34
22110,21800,34
3826,3828,34
2850,3826,34
3976,1970,34
17365,3976,34
3760,17365,34
17364,3760,34
3946,17364,34
3759,3946,34
16977,3368,34
16139,16129,34
3758,2695,34
16138,16139,34
15584,16157,34
13016,13900,34
43966,35880,34
35880,44964,34
44964,35889,34
35889,35882,34
35882,35890,34
35890,35883,34
35883,35881,34
35881,35878,34
35878,35877,34
35877,35874,34
14038,48268,34
16144,16145,34
16145,16146,34
49169,38143,34
2544,39089,34
41780,22182,34
17511,2544,34
2547,17511,34
2546,2547,34
16234,16125,34
25664,25665,34
15461,25664,34
11894,10203,34
38143,15306,34
15306,15298,34
2695,3759,34
3359,3758,34
17212,1315,34
13322,12945,34
22377,33994,34
22376,22377,34
15861,22376,34
23206,22676,34
781,23206,34
34085,781,34
50076,49712,34
811,24175,34
5366,5367,34
5396,5423,34
6381,5396,34
6380,6381,34
13632,12945,34
3491,17482,34
42991,49323,34
17477,42992,34
16949,1488,34
47908,4634,34
4214,49642,34
49642,49612,34
49612,49646,34
49646,49619,34
49619,4661,34
4589,43356,34
43355,4577,34
7681,34616,34
1282,51602,34
33994,34047,34
13113,12945,34
3944,1964,34
24775,24668,34
3359,1983,34
23655,22928,34
13015,13160,34
22177,22208,34
22208,23069,34
23069,23070,34
24398,16720,34
16720,24394,34
49712,49724,34
23070,22205,34
41767,38899,34
41866,41865,34
41865,41768,34
41768,48479,34
43895,14419,34
48479,41379,34
41379,41382,34
41382,22201,34
22201,22124,34
23061,22122,34
23564,23862,34
23852,23564,34
34112,23852,34
22122,22123,34
22123,23083,34
47853,26660,34
24668,15631,34
19900,20601,34
15441,15442,34
15443,15444,34
25506,40117,34
29318,13520,34
44457,43205,34
25646,25643,34
26655,28865,34
25617,28924,34
34470,34635,34
25608,25617,34
50466,50744,34
8328,9681,34
28922,25608,34
25535,28922,34
25521,25535,34
40117,25521,34
28916,40084,34
48268,13197,34
25459,26186,34
25465,25459,34
43228,16221,34
5898,5998,34
44703,10716,34
41011,5898,34
40365,19325,34
19324,40365,34
3668,18959,34
40524,40527,34
40513,51172,34
42101,40091,34
25505,42101,34
13605,29318,34
23500,23445,34
45008,26506,34
4713,40852,34
43892,43891,34
43891,43890,34
43890,43889,34
20599,20600,34
43888,4193,34
4627,40840,34
40843,4627,34
12063,25926,34
40850,40844,34
40845,40850,34
40851,40845,34
40846,40851,34
40852,40846,34
43934,4713,34
5976,40580,34
4761,43933,34
12007,27533,34
26565,42097,34
23453,15489,34
25416,33907,34
26556,26565,34
26321,26556,34
5698,5342,34
40137,42888,34
26398,40137,34
42104,26398,34
50636,43695,34
15487,40041,34
26506,25505,34
26480,45008,34
4626,19561,34
3708,3303,34
41882,29440,34
34985,8733,34
40906,8269,34
41448,35016,34
47943,26122,34
34464,34490,34
7768,34781,34
3921,3907,34
3709,35658,34
35658,3518,34
3518,3499,34
3499,3513,34
3513,3302,34
3303,3304,34
12740,40150,34
3304,3305,34
3305,3306,34
3306,17468,34
12963,15416,34
49405,40078,34
26809,40825,34
40825,26802,34
26802,26790,34
26790,37061,34
1656,48351,34
41931,44444,34
23129,22110,34
18825,18826,34
40122,28917,34
42170,27981,34
26479,26480,34
26182,26183,34
39184,26479,34
26872,12740,34
34156,6720,34
45016,45014,34
21074,21072,34
21072,21065,34
21065,18312,34
18312,21057,34
21015,21017,34
40153,26609,34
42889,40153,34
25712,50769,34
26183,25465,34
26180,26182,34
27361,42170,34
28917,26180,34
50563,50982,34
50982,49041,34
49041,49055,34
49055,49088,34
29211,26530,34
29226,29211,34
15187,15180,34
27438,27437,34
27437,28652,34
28652,27112,34
27112,42165,34
38508,4093,34
20988,43892,34
43889,43888,34
19561,4812,34
27789,42493,34
50747,50468,34
6356,6354,34
27802,27523,34
283,303,34
50965,48642,34
48642,48848,34
44787,37216,34
39422,27594,34
38834,44803,34
11346,9772,34
6364,6356,34
51469,39491,34
39784,48059,34
38674,44290,34
29221,35549,34
35549,47431,34
47431,27230,34
28804,39789,34
4812,4604,34
40348,40364,34
44300,44299,34
36058,36118,34
17257,36058,34
20576,20681,34
20684,20640,34
51959,18441,34
27790,27789,34
19879,20319,34
44097,1644,34
20600,20415,34
4500,21137,34
20415,37619,34
29350,11080,34
50495,50496,34
39132,42857,34
42857,14144,34
24134,21870,34
15651,15653,34
27817,50185,34
7956,34708,34
39711,7944,34
25597,27585,34
25980,26328,34
26364,12018,34
26362,26364,34
12022,26362,34
26247,12022,34
17686,17689,34
37420,39624,34
13044,21589,34
37378,37380,34
3937,3926,34
19762,18254,34
6354,5681,34
15709,38692,34
40364,40360,34
25322,25324,34
4568,4624,34
21329,21330,34
21328,21329,34
41371,16525,34
5381,5378,34
28575,26890,34
5383,5381,34
11120,9046,34
4606,4607,34
4583,4606,34
4582,4583,34
4610,4582,34
4609,4610,34
4624,4611,34
5109,4628,34
5375,5717,34
4672,5109,34
4602,4672,34
4595,4602,34
19434,21019,34
4519,4595,34
4520,4519,34
4656,4520,34
4607,43933,34
4522,4504,34
5209,5210,34
4521,4522,34
4603,4521,34
4604,4603,34
5378,5375,34
43660,43661,34
23236,23235,34
19687,4634,34
5330,51533,34
13135,14004,34
29582,13375,34
51533,51531,34
51531,51534,34
28450,28439,34
41665,11028,34
23235,23237,34
23237,23238,34
23238,25220,34
44331,25212,34
25212,25214,34
12975,13322,34
34439,34441,34
51534,5693,34
34442,34438,34
23596,47837,34
34438,34437,34
34437,34439,34
12803,28309,34
23170,23172,33
41878,22127,33
41767,23170,33
22200,22126,33
22126,38390,33
38390,41878,33
50147,47447,33
22127,22128,33
22128,22255,33
29033,27366,33
23172,23173,33
5267,5673,33
4132,41132,33
22216,22217,33
46420,48862,33
8148,42971,33
23035,22188,33
17967,17935,33
24430,24418,33
35404,48088,33
29032,27389,33
48088,48008,33
15562,16061,33
26715,12193,33
50687,26659,33
23173,23174,33
10421,11262,33
41673,18121,33
41178,34828,33
25301,16582,33
16678,21514,33
19857,19858,33
19578,19857,33
5559,19578,33
5558,5559,33
19733,37271,33
5498,18655,33
26412,12755,33
12755,26413,33
5997,37165,33
37165,19290,33
5996,20605,33
20605,20606,33
20606,19345,33
26209,25542,33
18313,41472,33
43345,50558,33
18249,7241,33
6567,6565,33
6466,6408,33
18072,6466,33
6565,6568,33
22286,24748,33
28029,27986,33
28053,28059,33
44308,13366,33
19455,20224,33
12879,38944,33
40150,26848,33
23788,34076,33
4288,4292,33
4291,20636,33
34007,22716,33
20635,4291,33
16031,36909,33
36909,36910,33
43275,43277,33
24023,44308,33
42171,28053,33
49965,49639,33
22776,24011,33
29323,29507,33
23984,23988,33
23983,23984,33
50550,23660,33
13493,43277,33
27361,28043,33
28043,27997,33
27997,28040,33
28040,42171,33
6568,39973,33
14132,14353,33
23174,41867,33
1482,1501,33
44222,44167,33
17228,1417,33
29419,14004,33
29457,14149,33
20917,18912,33
43839,14474,33
43895,13006,33
15591,15631,33
24756,25328,33
25328,33991,33
1925,1910,33
35566,14600,33
2519,2467,33
2467,2224,33
2224,2225,33
2225,2545,33
2545,2546,33
23036,22155,33
23157,22174,33
22166,23157,33
22204,22237,33
23060,22204,33
23155,23060,33
23059,23155,33
41867,23059,33
1703,35080,33
4004,1381,33
17244,1523,33
1681,1491,33
1740,1596,33
42092,41555,33
41554,42092,33
1165,1208,33
24243,24239,33
1168,47885,33
12931,12937,33
2904,1260,33
42577,1849,33
42679,42577,33
41084,42679,33
1475,1681,33
50127,44222,33
41122,4129,33
41126,41128,33
41120,41126,33
43962,41120,33
43961,43962,33
43963,43961,33
43968,43965,33
41121,43968,33
41127,41121,33
1757,41123,33
8033,7866,33
43965,43964,33
12546,12280,33
21814,21815,33
27380,27398,33
26419,26420,33
18454,5620,33
26420,26421,33
830,14603,33
24405,830,33
16292,43595,33
18625,18623,33
18599,18609,33
37216,37214,33
1642,1225,33
5754,5753,33
5637,5638,33
10927,10961,33
42859,13586,33
26604,39133,33
19916,5637,33
40000,40001,33
5751,40000,33
5752,5751,33
18421,18431,33
3951,20431,33
20431,20505,33
27658,27644,33
34543,34545,33
19467,4540,33
26418,26419,33
49797,7561,33
12787,28291,33
27398,28021,33
27995,27389,33
29032,27994,33
27009,12722,33
12722,12326,33
48800,50941,33
19577,18810,33
14482,51456,33
27649,12975,33
16673,21769,33
50404,50407,33
50408,50404,33
50965,50408,33
8494,8464,33
35041,42845,33
12321,12069,33
42504,35041,33
41656,50563,33
41654,41656,33
28168,41654,33
42247,41927,33
28158,29036,33
27440,28159,33
48120,359,33
27113,28023,33
28021,27113,33
44341,17579,33
48358,44341,33
17588,48358,33
17612,17595,33
11045,9043,33
28203,26810,33
26810,28567,33
12157,29112,33
47839,37807,33
37807,28198,33
28567,28199,33
26803,26797,33
26804,26811,33
26811,26815,33
26827,26926,33
26926,26831,33
26831,26927,33
26928,26929,33
39732,51940,33
25755,49563,33
36914,1690,33
49563,12120,33
29099,49685,33
51028,766,33
49809,49909,33
49909,29100,33
41901,50069,33
23478,23481,33
13149,13150,33
28202,28203,33
28255,28202,33
14284,29433,33
36013,38267,33
17614,17612,33
6618,44243,33
20505,17206,33
22099,16195,33
12134,12139,33
12198,12134,33
42590,38281,33
36114,42590,33
36113,36114,33
1627,36113,33
17237,1627,33
36015,36013,33
18520,4150,33
38268,36015,33
39189,38268,33
12197,12198,33
12280,12197,33
12551,12546,33
12136,12551,33
12388,12136,33
50032,35286,33
12346,28201,33
8943,11623,33
7671,7673,33
28434,28438,33
41927,28168,33
39784,44943,33
11051,11090,33
34738,7692,33
8881,8877,33
8877,41223,33
25841,28173,33
48998,48999,33
5165,5139,33
9909,11339,33
28143,39790,33
28144,28143,33
28142,28144,33
39776,28142,33
1818,1816,33
27543,27539,33
1819,1817,33
6760,20534,33
39793,39776,33
42524,49002,33
35895,2951,33
44943,44290,33
49002,40424,33
17407,1819,33
24648,25120,33
27280,26964,33
41223,11303,33
28643,27787,33
12493,29066,33
48999,49088,33
40061,48998,33
28112,28617,33
44502,48070,33
14005,12973,33
27163,47835,33
12586,12085,33
16097,38897,33
12543,28181,33
22041,48074,33
48069,39757,33
44718,44710,33
26404,26405,33
11880,8636,33
44731,4141,33
51528,13701,33
10958,10929,33
44734,44732,33
4136,44734,33
13362,47429,33
44732,44731,33
49221,51479,33
38957,12298,33
13749,13750,33
12491,27010,33
46514,47145,33
12085,12493,33
25953,12491,33
50056,42770,32
49487,49493,32
42773,36830,32
49775,49778,32
47936,49487,32
48453,49775,32
35876,35879,32
36830,36831,32
3351,17142,32
23224,21321,32
49774,49786,32
49751,49774,32
1784,37808,32
49522,50899,32
43208,3821,32
49494,49522,32
43207,43208,32
49493,49494,32
35875,35876,32
35884,35875,32
35885,35884,32
38867,44805,32
2500,3870,32
19885,4187,32
39553,39552,32
15533,16657,32
24673,24787,32
16458,15584,32
15585,16458,32
19251,21265,32
39551,43611,32
39552,50677,32
42715,49751,32
24787,25006,32
39724,39553,32
39531,39724,32
43099,51400,32
47932,49498,32
49498,49526,32
49526,49518,32
49518,49566,32
47964,3228,32
43811,42722,32
44805,43814,32
35887,35885,32
51371,4186,32
24233,42773,32
22450,24233,32
24774,22450,32
24753,22983,32
16809,21331,32
22418,23777,32
24782,22418,32
36832,36833,32
24265,24782,32
17004,35887,32
39268,24265,32
16146,16162,32
23277,16843,32
36833,39268,32
4184,51371,32
7321,43075,32
21321,15624,32
49401,41993,32
23064,23065,32
3179,3178,32
23146,23084,32
3532,19831,32
23062,23159,32
23159,23160,32
24564,24565,32
23160,23063,32
23063,23064,32
13059,14339,32
34787,34782,32
23065,23067,32
51270,29482,32
24714,40437,32
22205,42730,32
34787,7749,32
44371,16206,32
27861,27860,32
7562,49800,32
15351,15878,32
9352,11865,32
27433,28657,32
25325,23146,32
11002,11004,32
3870,3915,32
41679,22252,32
15180,15176,32
27979,27340,32
27073,27979,32
49389,27073,32
27341,49389,32
41313,41331,32
22254,41313,32
27968,27341,32
22238,22254,32
27988,27968,32
27966,27988,32
27975,27966,32
28030,27975,32
22252,25325,32
16162,16147,32
41504,34787,32
7479,34962,32
3870,1636,32
26679,44923,32
29139,43614,32
26969,27598,32
6956,2813,32
7381,7437,32
40187,40190,32
49749,49782,32
49782,51654,32
49757,49762,32
22343,16809,32
7437,7438,32
7438,7382,32
7483,34967,32
49762,49785,32
49785,42708,32
42721,43810,32
43813,44806,32
44806,38866,32
43617,26679,32
34721,43027,32
25740,43617,32
34885,41175,32
23019,22343,32
21512,23019,32
41506,41504,32
44001,50765,32
40144,43615,32
50765,25709,32
28696,25740,32
25764,40144,32
43618,12041,32
41507,41506,32
41508,41507,32
41509,41508,32
7943,41509,32
44006,7344,32
50165,43618,32
22066,12975,32
34828,34885,32
49566,48512,32
48541,43871,32
14537,13113,32
19774,20852,32
13373,43319,32
43284,43289,32
42080,43284,32
15518,42470,32
15517,15518,32
29320,15517,32
42597,20576,32
20577,42596,32
20477,20570,32
20376,20477,32
20852,20376,32
13416,13419,32
21429,21430,32
12978,13775,32
18523,18919,32
13019,14595,32
42256,50019,32
28141,44288,32
28890,43617,32
43617,26673,32
28129,28141,32
39789,28659,32
36926,44373,32
1510,1517,32
13368,29381,32
29381,29376,32
41013,19335,32
41014,41013,32
164,21428,32
16496,16514,32
16606,16496,32
12818,14596,32
16617,16537,32
26305,26302,32
26640,26637,32
26709,28517,32
3900,48900,32
15719,21799,32
49601,39015,32
28398,12803,32
36980,10840,32
50402,48800,32
19527,6761,32
19532,19527,32
19703,19532,32
44339,22839,32
7559,8457,32
16816,44336,32
19361,41784,32
49328,29482,32
41012,41014,32
18804,49485,32
39420,27298,32
39364,39420,32
4034,1186,32
39733,24261,32
27422,29036,32
24336,37415,32
25577,46601,32
46601,48012,32
48012,48008,32
2077,2063,32
3840,3588,32
3937,48898,32
26225,25921,32
27447,27457,32
27343,49392,32
39625,39623,32
39623,25562,32
25562,25563,32
48010,46712,32
18520,4963,32
39621,27390,32
27390,25585,32
12597,25588,32
24457,39732,32
25592,26295,32
47975,2657,32
19625,19620,32
17580,19625,32
39421,39364,32
19899,19900,32
12406,39421,32
27598,26427,32
39359,37214,32
37216,39359,32
17922,6564,32
39416,27280,32
13519,44458,32
39417,39416,32
39418,39417,32
39419,39418,32
27298,39419,32
13492,44459,32
44460,13492,32
13449,13450,32
13397,42865,32
48292,13397,32
13395,48292,32
43294,13395,32
51115,1600,32
28641,27911,32
14190,14198,32
14193,13029,32
15643,15351,32
21428,21429,32
15780,25364,32
50332,14537,32
8436,7329,32
17210,17209,32
43284,43290,32
44460,43274,32
43871,38883,32
27583,39721,32
36851,48541,32
36850,36851,32
1251,1238,32
51757,1251,32
51607,51757,32
7863,8428,32
7329,7334,32
21430,21593,32
51602,51607,32
21876,24163,32
34021,21876,32
27878,27909,32
38966,42584,32
15898,24200,32
33911,23500,32
23420,33911,32
16287,23294,32
25424,23420,32
3254,42285,32
17209,1210,32
43514,17419,32
16950,17496,32
17496,17446,32
29407,29403,32
13167,12952,32
787,14355,32
26784,27805,32
29140,29141,32
44665,13206,32
44664,50332,32
50375,12975,32
47835,27512,32
19308,41011,32
17352,1283,32
20608,18819,32
14338,13320,32
13574,13592,32
17203,17489,32
17489,17459,32
1668,2697,32
1665,1666,32
51604,1662,32
17513,51604,32
51643,17513,32
3042,51643,32
3376,3042,32
35287,50058,32
48066,28799,32
481,480,32
51269,25320,32
4188,4189,32
13805,13804,32
13801,13844,32
28416,28391,32
15753,15754,32
15755,15756,32
28409,28406,32
47968,42770,32
48537,47967,32
48787,48537,32
47961,48787,32
42771,47960,32
20962,19401,32
19401,19402,32
19402,19406,32
19406,19408,32
15756,15757,32
15757,15758,32
5701,5702,32
19672,5693,32
21432,21672,32
21593,21432,32
37597,13246,32
18619,7016,32
3144,1271,32
4179,21286,32
3986,3144,32
20090,41785,32
47845,44887,32
49781,49786,32
47995,2179,32
24756,16186,32
26193,26191,32
26191,25554,32
25554,26190,32
34540,34543,32
23044,23045,32
9909,9908,32
8772,10167,32
23046,23073,32
23054,23074,32
28693,27222,32
2879,2248,32
40869,20680,32
2248,51771,32
51771,17452,32
20697,18793,32
3021,4871,32
3301,3500,32
6042,5085,32
39721,43099,32
27285,27599,32
27260,27583,32
22968,25013,32
41340,41342,32
34764,34765,32
34763,34764,32
23036,23045,32
38392,54,32
54,55,32
55,61,32
61,56,32
56,57,32
57,58,32
58,23725,32
23725,25016,32
23726,22968,32
7931,34763,32
15399,15451,32
35323,64,32
64,15420,32
15420,22427,32
22427,22429,32
22154,22162,32
15426,38897,32
22151,22152,32
23809,16252,32
38375,25378,32
25378,53,32
53,37092,32
37092,38391,32
23169,22255,32
15451,15361,32
15401,15399,32
39016,49601,32
24001,24025,32
23057,23058,32
23166,22196,32
24013,24006,32
37051,13204,32
23165,23166,32
22118,23165,32
16108,16113,32
41866,41767,32
51478,49221,32
49248,21730,32
21972,49248,32
24031,24033,32
24025,24029,32
23930,23944,32
15398,15401,32
26849,44759,32
34770,34771,32
34769,34770,32
34768,34769,32
34786,34768,32
20577,20584,32
34767,34786,32
34766,34767,32
27810,27689,32
41323,43404,32
34765,34766,32
41342,41323,32
25088,15398,32
23168,23169,32
23057,23168,32
1563,17236,32
44489,43016,32
23164,22194,32
23163,23164,32
23162,23163,32
22193,23162,32
23026,23027,32
23072,23025,32
49798,7561,32
23075,22062,32
22062,22067,32
22067,22087,32
16363,44367,32
17228,1410,32
43017,44489,32
43016,3065,32
22193,22196,32
6775,6774,32
6774,6773,32
16348,15428,32
48924,49234,32
14027,13338,32
16075,16452,32
16453,15742,32
15742,35714,32
35715,35716,32
28804,39791,32
18382,18399,32
37376,37378,32
27248,27579,32
44831,50127,32
34784,34760,32
34760,34785,32
47161,44831,32
38160,7931,32
34785,38160,32
8399,8096,32
14400,14398,32
14397,14369,32
4804,4716,32
20456,20832,32
14363,14393,32
22990,25336,32
14393,29497,32
50335,40566,32
20278,19782,32
19782,19479,32
19479,19480,32
29497,14403,32
14403,14405,32
14405,14406,32
14406,14408,32
14408,14468,32
22195,22196,32
22194,22195,32
34282,50094,32
50094,46241,32
46241,46978,32
46978,46310,32
46310,46507,32
46507,47161,32
7029,39016,32
25016,23726,32
51626,51639,32
2053,2051,32
41131,41130,32
44391,46476,32
8998,50358,32
15562,47842,32
23028,22192,32
22199,22200,32
22198,22199,32
6279,19037,32
42001,22184,32
35973,36095,32
22184,22185,32
23055,22197,32
23408,23400,32
22489,22771,32
726,51257,32
19037,19247,32
22197,22198,32
364,360,32
46476,27245,32
43611,43609,32
22185,22186,32
22187,23024,32
22186,22187,32
51639,51634,32
37,34059,32
1422,51626,32
51634,1394,32
19265,19225,32
26786,26785,31
13471,43272,31
13474,13471,31
24743,23717,31
39761,99,31
22217,22218,31
6122,5885,31
22218,22219,31
26781,35610,31
39147,18779,31
27505,48210,31
21340,21501,31
34634,34466,31
10287,9046,31
6125,6122,31
34466,34491,31
24087,22396,31
26789,28263,31
19799,19456,31
21500,21341,31
12495,29108,31
14468,14469,31
34176,22716,31
13492,51418,31
29109,49878,31
5484,5485,31
26795,50564,31
43887,43886,31
50898,47102,31
51617,34634,31
48760,21504,31
23731,24123,31
50564,26789,31
43312,13492,31
21504,22758,31
22758,21505,31
24166,16006,31
99,34176,31
48054,6189,31
50683,34470,31
23551,23875,31
44785,26592,31
26592,49368,31
34499,34493,31
22131,23071,31
14409,14410,31
14469,14409,31
23158,22136,31
29483,12932,31
13882,51408,31
51408,13218,31
41784,18121,31
42512,39637,31
51275,50683,31
39637,39271,31
34073,24995,31
50923,39741,31
38898,15428,31
19706,50923,31
42524,42247,31
5243,18442,31
34501,34499,31
35018,34501,31
49368,42172,31
6762,6761,31
11424,44691,31
44691,8781,31
51717,34621,31
34621,34658,31
51277,51275,31
18022,18005,31
26785,26788,31
18047,18032,31
47912,5048,31
50468,15688,31
51935,51277,31
15898,25081,31
26427,27595,31
1656,1144,31
14413,29562,31
14412,14413,31
14372,14412,31
14371,14372,31
34158,42193,31
51274,51935,31
21744,21768,31
14411,14371,31
38947,52023,31
51769,51274,31
14410,14411,31
23188,42730,31
34658,34631,31
37279,29318,31
20372,40516,31
19675,4219,31
3785,44095,31
37783,37784,31
48010,26036,31
26036,35404,31
5767,5682,31
43053,21778,31
38774,3709,31
4141,4087,31
6226,18303,31
42905,50558,31
20721,3945,31
132,21597,31
50341,1288,31
729,787,31
48198,17623,31
137,132,31
14811,137,31
38148,7863,31
15096,26632,31
34114,50515,31
5601,4177,31
50515,16895,31
28296,43571,31
16895,48457,31
23355,1031,31
28230,26711,31
44457,13148,31
27159,51496,31
22278,22286,31
38269,39189,31
38270,38269,31
36025,38270,31
36029,36026,31
2606,36029,31
4937,4542,31
38281,1607,31
23682,24930,31
35363,4832,31
33912,15463,31
15463,23421,31
5622,44342,31
39558,39323,31
39323,27144,31
27144,12007,31
27518,28080,31
28080,28079,31
28079,27525,31
39399,39398,31
39398,27200,31
27501,39507,31
39507,11988,31
36784,9048,31
26616,26630,31
27579,51495,31
23909,23911,31
13861,12815,31
13856,12821,31
19350,19351,31
24458,23769,31
26992,29034,31
27388,26992,31
23044,22162,31
15146,778,31
14392,38955,31
14402,14392,31
14404,14402,31
26804,12247,31
29556,14404,31
29555,29556,31
26793,26797,31
46568,5570,31
23481,25153,31
28264,26793,31
40516,19575,31
39147,50110,31
40526,40525,31
39174,39176,31
26788,28264,31
39784,48030,31
23321,25280,31
48293,25093,31
35581,20139,31
21940,23997,31
5753,5752,31
13356,15315,31
22091,23108,31
19799,19457,31
18789,20680,31
3885,1764,31
3886,3891,31
48830,48592,31
38658,48350,31
44546,38965,31
14166,14369,31
2882,17506,31
48995,13339,31
42587,38138,31
41674,22182,31
22182,22249,31
17421,43513,31
43513,44098,31
19351,19352,31
27504,11999,31
7023,18627,31
42172,28100,31
13985,14054,31
19531,42653,31
15270,15269,31
2591,3754,31
24574,24502,31
3754,3353,31
1507,1495,31
28077,27195,31
28076,28077,31
6,49173,31
1515,1507,31
22086,15267,31
28658,27346,31
2531,3755,31
15335,15270,31
1549,1515,31
3018,34219,31
1559,1549,31
3755,1983,31
27976,11979,31
27529,28076,31
14809,15336,31
27388,27994,31
27967,27976,31
27977,27967,31
27969,27977,31
27342,27969,31
3944,3018,31
27074,27342,31
43818,28800,31
13521,42862,31
27689,27805,31
3945,17566,31
27665,27666,31
1197,1184,31
28859,47835,31
6024,20462,31
20462,20700,31
18246,21018,31
27514,27172,31
12674,27514,31
15928,38346,31
20700,20463,31
20463,38356,31
28429,28425,31
15932,15934,31
28056,42167,31
29400,29320,31
29376,29400,31
24573,24574,31
44892,44815,31
27181,27178,31
35724,15336,31
50957,42661,31
27516,27182,31
20535,18893,31
47838,25540,31
850,23759,31
27978,27074,31
21597,15277,31
28656,27978,31
24211,24462,31
72,22983,31
6765,4169,31
24265,72,31
24236,24242,31
9075,9658,31
1929,2873,31
15650,15458,31
34607,8207,31
22346,77,31
7318,7962,31
7869,7322,31
6764,6765,31
22418,22346,31
20373,7034,31
50248,50245,31
14580,13521,31
27909,27916,31
27916,27912,31
8207,34822,31
12812,14580,31
10836,10840,31
34822,34667,31
16958,17223,31
25335,24265,31
49417,27352,31
27505,27161,31
3374,1964,31
27161,39519,31
34219,34220,31
9749,10238,31
1953,3374,31
34220,3718,31
3953,1946,31
20390,19546,30
1950,1957,30
38346,22546,30
43194,50225,30
16582,741,30
40064,50563,30
27512,27514,30
8245,34947,30
27514,27171,30
20408,19911,30
7197,18704,30
40907,3328,30
27155,27527,30
16454,22099,30
27527,43031,30
1958,17276,30
49000,49055,30
17225,51638,30
49370,43818,30
8244,8245,30
50037,5641,30
40063,40055,30
1687,42829,30
34947,8242,30
2725,3154,30
3154,3224,30
3225,2772,30
2772,3443,30
17276,2725,30
50563,49000,30
18663,18658,30
49055,40063,30
28083,27504,30
19478,18663,30
50024,20739,30
39149,18780,30
34470,34465,30
4888,20697,30
40055,49001,30
15335,15271,30
27519,27191,30
42061,41829,30
2673,3265,30
22567,22564,30
27606,27609,30
11345,48742,30
34482,34470,30
27607,27606,30
50152,50158,30
43963,50152,30
9773,11345,30
618,604,30
11347,9772,30
41472,5238,30
27608,27607,30
47122,10716,30
26988,27608,30
44800,46951,30
10287,44800,30
26989,26988,30
18510,37180,30
22564,22556,30
50158,50078,30
525,14773,30
50073,50155,30
26779,26777,30
6985,20385,30
28119,27567,30
26781,26779,30
48204,26808,30
593,258,30
20876,20541,30
15995,15996,30
20612,20876,30
9003,10777,30
486,481,30
48426,48427,30
48425,48426,30
35917,48425,30
4109,35917,30
8636,9048,30
39284,8447,30
520,525,30
29072,26989,30
28083,48263,30
22177,23024,30
15450,15600,30
26853,27885,30
28771,28470,30
27859,27862,30
35719,42061,30
39806,35719,30
35718,39806,30
11623,11458,30
41491,35718,30
48840,41493,30
27328,27329,30
27330,27328,30
19547,20841,30
27334,27332,30
43986,28071,30
48263,43986,30
2881,2673,30
51195,46230,30
23072,22177,30
17667,19173,30
8948,38594,30
46399,46377,30
48248,48004,30
48004,26333,30
26222,26224,30
26218,12063,30
25927,26167,30
26197,26193,30
16020,25364,30
22220,42968,30
15755,15545,30
42968,22136,30
16426,15754,30
38591,8943,30
22136,22246,30
22246,22152,30
22154,22155,30
15600,15601,30
44249,43194,30
3817,3971,30
13420,13417,30
8246,8244,30
47143,21972,30
34425,34428,30
39790,39787,30
13143,49930,30
48048,48033,30
16672,16670,30
48033,48032,30
48032,48047,30
3591,1636,30
15808,16384,30
48025,48027,30
20460,19537,30
19705,20460,30
20610,19566,30
20459,20610,30
19706,19745,30
19745,19536,30
48042,48048,30
35499,34425,30
34423,35497,30
14370,49328,30
38357,40438,30
12019,26363,30
28903,43695,30
42881,13214,30
49001,41926,30
27449,27448,30
27183,48256,30
12723,27183,30
19537,19706,30
4096,35909,30
35909,35912,30
34806,40539,30
35912,35915,30
40539,34423,30
41960,28916,30
11281,10837,30
19536,19534,30
20243,20459,30
20242,20243,30
50135,19529,30
20912,19178,30
4181,20912,30
37205,19528,30
20800,18690,30
19526,37205,30
6746,6763,30
6107,6746,30
26777,28245,30
19528,19531,30
50110,50135,30
25464,41960,30
37274,36797,30
11084,11085,30
11083,11084,30
6760,6741,30
6741,6740,30
11282,11273,30
5759,5491,30
19535,20461,30
6080,20196,30
20461,20609,30
20609,6024,30
20198,20242,30
11273,11281,30
26517,44760,30
20197,20198,30
20196,20197,30
44760,25469,30
43819,49384,30
50406,50405,30
50405,50402,30
8485,8475,30
8484,8485,30
8472,8484,30
8473,8472,30
39149,50119,30
26409,26410,30
40438,19767,30
19767,38356,30
4562,43974,30
46712,27416,30
50385,13103,30
38891,8241,30
3328,2045,30
25338,43052,30
2052,3840,30
8240,38891,30
43974,43972,30
5714,5768,30
11468,11233,30
43254,11468,30
28407,28408,30
11144,11143,30
16523,727,30
10884,11746,30
18320,18308,30
8331,8246,30
5272,50568,30
16519,16495,30
39720,39719,30
13135,14002,30
523,590,30
428,429,30
11070,10430,30
18826,18830,30
39719,27530,30
51421,26738,30
2832,3609,30
6377,48711,30
3339,1776,30
5335,5342,30
5695,5328,30
270,428,30
48876,5695,30
48704,48876,30
48711,48704,30
11262,9754,30
12193,51421,30
50915,19706,30
27177,39720,30
34422,34420,30
38630,38621,30
38623,38630,30
17543,17552,30
17552,18451,30
27581,28347,30
38936,24763,30
25546,26227,30
4152,17537,30
26248,26246,30
2554,38623,30
16511,16610,30
21833,22074,30
26361,26248,30
20195,50915,30
26363,26361,30
17537,17543,30
34427,34426,30
6078,5486,30
44546,43142,30
5486,42090,30
49625,49460,30
15610,15611,30
34771,49083,30
26101,27623,30
28392,28417,30
43142,18452,30
50147,20488,30
34429,34427,30
15758,15759,30
15759,15547,30
15547,15780,30
41003,41012,30
41005,41003,30
19305,41005,30
42883,50385,30
34428,34657,30
48912,1296,30
28245,26772,30
40567,50337,30
16085,16084,30
49685,35954,30
41310,41311,30
48183,19489,30
16289,26787,30
51940,40567,30
1969,3384,30
50339,15508,30
48112,26817,30
15508,15509,30
15509,15840,30
15707,15642,30
3384,3753,30
3753,3358,30
29402,14605,30
25291,43308,30
3827,2851,30
17301,3827,30
16489,50494,30
16094,24830,30
41307,41309,30
42729,23146,30
23146,23083,30
18958,2347,30
2347,2673,30
16086,16085,30
41599,22252,30
47827,20534,30
10572,11003,30
20534,2358,30
7956,7944,30
36871,2431,30
22252,23035,30
10996,10995,30
8865,10400,30
10991,8865,30
3358,1967,30
28127,44288,30
12944,48366,30
28729,12557,30
41498,34924,30
41499,41498,30
50173,14508,30
23543,16289,30
38881,41499,30
38882,38881,30
38883,38882,30
41665,11032,30
41500,38885,30
23058,41381,30
41133,41660,30
2597,3933,30
3933,3930,30
3930,2395,30
41381,41380,30
18005,18042,30
41501,41500,30
7671,42303,30
1967,3764,30
21557,24119,30
28141,28127,30
3764,2591,30
41308,41310,30
9907,8870,30
5757,19248,30
41324,41341,30
19624,4242,30
21555,21557,30
20394,18975,30
3862,3949,30
24115,21555,30
16073,16074,30
12718,49823,30
13221,48366,30
6117,20480,30
18975,19679,30
41306,41307,30
13740,13202,30
48169,25938,30
23147,40437,30
12347,12270,30
12509,49960,30
25711,25878,30
25682,25711,30
25829,25682,30
49960,48073,30
22235,3521,30
24713,22241,30
12269,12347,30
37782,28310,30
38958,37782,30
12296,38956,30
48073,49958,30
49457,28817,30
49958,29198,30
40060,48998,30
12092,12509,30
12087,12086,30
49023,50561,30
1471,1460,30
40076,29139,30
43161,40076,30
42281,43161,30
44902,42281,30
44906,44902,30
47766,5498,30
44914,44906,30
50897,40889,30
18234,51790,30
40890,50897,30
1495,40890,30
36910,979,30
7157,6336,30
29479,29482,30
12251,39639,30
51790,18192,30
48998,49023,30
50561,41657,30
12432,49457,30
13056,13059,30
27112,27378,30
11192,11193,30
27367,49417,30
11193,51597,30
780,37018,30
51597,11208,30
13322,13004,30
10334,38591,30
27114,28020,30
43357,26807,30
38903,12279,30
43405,41324,30
19831,17610,30
9820,8781,30
41311,41330,30
25847,26820,30
28020,27112,30
15583,16086,30
41657,41655,30
19744,19483,30
4230,19810,30
19810,20278,30
41655,28170,30
28170,41653,30
11162,11253,30
6058,19744,30
11253,11168,30
41653,41926,30
11190,11192,30
11168,11170,30
27115,40053,30
28163,27377,30
11170,11173,30
28022,27114,30
11173,11180,30
11180,11190,30
14219,29394,30
15834,16220,30
19673,18940,30
16109,15481,30
23101,23147,30
7338,34719,30
25817,25843,30
25843,28584,30
28584,26935,30
26935,25844,30
25844,26836,30
26836,28171,30
28171,25841,30
16135,16161,30
34721,43026,30
16161,16136,30
16136,16241,30
21507,25113,30
25819,25817,30
23845,16759,30
42733,38899,30
43937,43939,30
1860,3416,30
3416,3417,30
3417,3418,30
3418,3967,30
3967,17325,30
17325,3700,30
13337,14023,30
6569,7240,30
18091,18022,30
23437,33912,30
23087,22723,30
25842,25819,30
3700,3701,30
48616,7590,30
6570,6569,30
6566,6570,30
7243,6566,30
16520,40646,30
16596,16610,30
37380,37378,30
44123,26911,30
4169,6762,30
1525,17245,30
37378,37376,30
15613,25328,30
21262,5928,30
5920,21262,30
6034,19800,30
25818,25842,30
26748,48616,30
25404,16040,30
26745,26748,30
26715,26738,30
15416,23222,30
39965,7243,30
39973,39965,30
40809,16496,30
16134,16135,30
10781,10328,30
9581,9910,30
42453,9915,30
9894,42453,30
15474,23437,30
16040,23534,30
7943,34787,30
17448,3178,30
43653,7830,30
14348,24217,30
16917,16904,30
23107,23126,30
8086,34546,30
7830,43654,30
22060,21720,30
41380,42733,30
12983,12835,30
21720,21560,30
40906,44538,30
23126,23129,30
3701,3419,30
21560,21962,30
767,14960,30
7144,7145,30
21962,23730,30
13730,13214,30
12835,13857,30
21145,21137,30
7139,7144,30
34697,7848,30
3420,3752,30
23446,15474,30
16543,39182,30
34076,24467,30
7848,35008,30
1741,1600,30
29420,29465,30
15938,15183,30
7564,7719,30
3752,3421,30
3635,3051,30
13274,35701,30
38283,1741,30
3421,3747,30
3419,3420,30
48045,17505,30
35008,35009,30
21895,23129,29
12283,12345,29
20143,20144,29
47827,17579,29
3320,3708,29
25264,16324,29
3302,3317,29
13880,13881,29
12270,12201,29
18655,19453,29
12480,12433,29
14167,14174,29
11092,41495,29
40866,4530,29
13684,13681,29
23376,25100,29
24720,24695,29
16942,1243,29
13259,13689,29
51529,13259,29
19349,19350,29
44136,26828,29
49657,49662,29
25693,44027,29
12345,12342,29
25691,25693,29
36040,49657,29
13884,13895,29
1656,47975,29
357,361,29
13881,13884,29
19453,18634,29
27799,27804,29
18629,18637,29
323,42786,29
28319,12480,29
25653,25829,29
20108,6707,29
5181,5187,29
34542,34539,29
13522,14579,29
14579,42861,29
42861,13438,29
49170,15372,29
432,23810,29
429,432,29
379,391,29
2528,1915,29
9526,9261,29
26520,50482,29
43746,24683,29
43758,43746,29
447,444,29
522,520,29
28121,28119,29
28125,28121,29
20408,20303,29
13775,12915,29
43285,13453,29
13413,43288,29
42471,15520,29
4774,42431,29
11367,11369,29
34464,34463,29
44595,44593,29
11035,43856,29
44342,18919,29
14489,41892,29
15520,15516,29
8752,43224,29
15516,29341,29
29341,29324,29
29324,29379,29
29379,29414,29
29414,29384,29
43555,13374,29
17003,42726,29
12008,27523,29
634,42777,29
24659,13741,29
6357,5180,29
35903,35904,29
35930,35903,29
35902,35930,29
16661,15804,29
50867,16661,29
4958,6357,29
7619,49800,29
2406,17040,29
29134,49867,29
5180,5181,29
39227,28217,29
43075,7768,29
17040,1790,29
1790,17044,29
17044,42807,29
28422,28407,29
49867,29135,29
29133,29134,29
15906,23308,29
20769,6712,29
23400,21895,29
8016,8015,29
21594,21595,29
635,634,29
24683,635,29
29141,49910,29
6712,6713,29
25095,25123,29
35904,35891,29
49910,29142,29
24189,15643,29
27998,27986,29
28041,27998,29
42167,28041,29
18440,51959,29
23935,23944,29
29135,12177,29
21281,20933,29
14311,29581,29
13086,29555,29
14870,18,29
18300,4193,29
5265,5264,29
21001,18300,29
5231,5232,29
50686,20776,29
47143,21632,29
29581,13086,29
29078,29123,29
37179,51195,29
29124,29080,29
21354,21609,29
21609,21613,29
51310,20908,29
10163,11234,29
3469,17028,29
42852,23321,29
13803,13806,29
38799,50686,29
5244,6057,29
20227,6057,29
51195,18459,29
7330,8436,29
8436,7687,29
7687,7680,29
7680,7686,29
7326,8030,29
8030,8031,29
18455,18443,29
18443,21163,29
5481,5482,29
14414,14306,29
14306,14309,29
46420,24407,29
14309,14310,29
18431,6057,29
14310,14311,29
5264,5481,29
51195,18470,29
13772,13216,29
28222,28778,29
38393,12975,29
2922,3745,29
3745,2923,29
2923,2924,29
2924,1857,29
20123,20320,29
20122,5565,29
15277,43768,29
15339,15277,29
14809,15339,29
21597,14809,29
43304,16237,29
7684,7681,29
43906,6025,29
50389,43908,29
50587,10775,29
17206,41946,29
43905,7780,29
4671,17557,29
24696,16390,29
43518,2922,29
12178,29130,29
26729,26707,29
48193,16092,29
2856,2857,29
21130,19388,29
2857,3743,29
3743,2921,29
5295,50024,29
2921,3143,29
3143,3744,29
3744,3961,29
24826,24811,29
20628,20465,29
3961,17324,29
24776,15929,29
20904,51310,29
17324,43518,29
27884,27870,29
20900,20904,29
7333,7330,29
21195,44547,29
14304,14414,29
15431,15434,29
18576,18582,29
18565,18576,29
18051,20479,29
12059,40072,29
5986,19798,29
4624,5016,29
42197,20534,29
5016,4811,29
18557,18565,29
6762,42197,29
42200,6762,29
37606,42200,29
39612,12498,29
7210,18557,29
18559,7210,29
13866,13870,29
4811,4504,29
478,459,29
4953,4780,29
36028,2969,29
18803,4171,29
43304,23259,29
12433,12250,29
22966,24175,29
25298,48278,29
4906,4905,29
41715,4239,29
47768,5065,29
5065,4906,29
4504,41935,29
4339,5986,29
28582,12059,29
13999,29462,29
48996,13946,29
48245,6057,29
4905,4904,29
47851,47858,29
37179,18421,29
12051,12283,29
5482,40002,29
18595,18589,29
18587,18595,29
18581,18587,29
18572,18581,29
35294,18572,29
40002,5483,29
4125,1758,29
18582,35294,29
5483,5484,29
47944,18459,29
1148,4045,29
40328,19656,28
19636,19637,28
149,966,28
966,49004,28
24198,39759,28
25327,24198,28
39764,22440,28
19637,19638,28
41118,40907,28
3468,41118,28
2955,3468,28
19656,19657,28
26040,26037,28
19638,19639,28
17441,38625,28
19657,40323,28
25966,26007,28
26039,26040,28
19639,40312,28
38625,3441,28
3441,38620,28
38620,38618,28
49004,145,28
41161,43805,28
38618,17414,28
17414,2554,28
9941,9943,28
20850,51615,28
43435,43443,28
25920,26227,28
44704,44706,28
1566,1574,28
26038,26039,28
25964,25991,28
41675,49978,28
50246,50248,28
40323,40306,28
50245,41675,28
19472,20647,28
2597,3926,28
20647,44395,28
55,44704,28
3923,3925,28
37612,41675,28
3925,3922,28
25963,25964,28
20927,19183,28
44395,20386,28
22440,33880,28
145,21375,28
20386,37619,28
48885,23671,28
48914,28799,28
16147,28637,28
37619,20387,28
25991,25966,28
38621,51631,28
40318,19642,28
50612,35306,28
40509,39759,28
14906,14880,28
19645,41139,28
40319,19645,28
41141,40319,28
24680,24785,28
5233,5234,28
43775,44926,28
50798,51715,28
51718,43775,28
11081,21589,28
51716,51718,28
51715,51716,28
21283,18876,28
43805,43795,28
27173,11990,28
41163,43805,28
27787,25698,28
49241,12341,28
27167,27173,28
27513,27499,28
11120,21588,28
18589,18547,28
43494,37570,28
49615,43494,28
3260,3262,28
39619,39621,28
17723,17720,28
13630,13640,28
25581,41951,28
37784,28114,28
2093,2444,28
19644,41142,28
29635,13679,28
28638,25916,28
41217,34963,28
19642,19643,28
7470,7475,28
43604,43746,28
42980,23115,28
47883,359,28
34963,7473,28
40316,40318,28
13658,13657,28
9287,9288,28
40315,40316,28
9288,9565,28
44746,10677,28
10836,10838,28
40310,40315,28
14176,14175,28
9008,9019,28
2620,2570,28
43746,432,28
432,43603,28
33876,43769,28
43769,50798,28
43804,41171,28
25326,40510,28
43705,43804,28
48038,3437,28
1615,2969,28
43795,43705,28
40510,40509,28
19643,19644,28
18409,7152,28
7152,50685,28
15266,23601,28
10973,42559,28
1886,3077,28
13288,24202,28
43965,48971,28
48968,43965,28
41127,48968,28
34689,9082,28
48984,41123,28
29106,29087,28
34421,34807,28
13354,22235,28
11348,9081,28
42514,43895,28
20000,4388,28
20532,20000,28
2563,3870,28
21596,47102,28
29109,12680,28
29107,29108,28
19862,19263,28
47102,21633,28
39729,39731,28
49173,15372,28
39727,39729,28
48971,48982,28
48982,48972,28
40797,848,28
48972,50155,28
12184,12178,28
20319,19549,28
133,22091,28
134,133,28
16896,134,28
997,991,28
35724,16896,28
44926,15210,28
41122,48986,28
991,14634,28
14634,24427,28
15657,15658,28
15658,15659,28
24995,38973,28
26614,39133,28
10647,11399,28
13896,14328,28
48991,41128,28
43961,48991,28
34420,34421,28
50161,43961,28
21921,34005,28
6355,6356,28
2849,3050,28
22130,23035,28
42192,37606,28
6765,42192,28
22129,22212,28
22213,22203,28
22203,22215,28
22215,22216,28
26185,26123,28
42196,6765,28
15380,47829,28
47829,15372,28
19831,42196,28
12968,12975,28
16147,28638,28
22080,23114,28
15254,15259,28
27904,22315,28
44804,48817,28
6080,19765,28
51469,48015,28
48015,48042,28
15259,15266,28
40735,22166,28
23026,22130,28
24263,39727,28
23024,23025,28
24407,14730,28
7974,34995,28
24462,35701,28
48438,12987,28
35498,35499,28
35497,35498,28
22219,22212,28
6740,4168,28
4169,6740,28
22213,23031,28
23033,23034,28
29339,29681,28
29681,14349,28
23188,23071,28
23071,41314,28
23027,22174,28
1813,3053,28
41336,41315,28
41315,22183,28
41314,41316,28
44706,44709,28
938,997,28
4656,41876,28
11904,10595,28
21602,21601,28
15384,21359,28
17329,2765,28
23601,15360,28
10981,10973,28
21385,15402,28
21413,21383,28
44594,40483,28
27169,27512,28
29102,12578,28
21614,21413,28
12578,29103,28
29103,29104,28
29104,29105,28
29105,29106,28
11939,27169,28
21411,21614,28
22454,21693,28
43966,35878,28
3409,2099,28
1682,17441,28
2843,1682,28
42559,10954,28
11757,11367,28
35747,942,28
11279,10990,28
43805,43706,28
43706,43804,28
150,149,28
22465,24575,28
13540,29634,28
21615,150,28
8796,9566,28
25939,27792,28
21616,21615,28
21604,21616,28
153,152,28
21611,153,28
21420,21611,28
3077,2819,28
35713,21420,28
43804,41162,28
43442,43434,28
10840,10839,28
10839,10837,28
10844,10848,28
10949,8862,28
3408,3409,28
17369,3408,28
3876,17369,28
27163,11992,28
24927,23680,28
48977,43962,28
21406,21410,28
21405,21406,28
16847,45,28
21374,21405,28
22598,25041,28
25041,21660,28
21337,34114,28
35878,48977,28
4206,18235,28
3280,2468,28
41937,50037,28
20855,38553,28
48990,17004,28
48985,48990,28
43969,48985,28
48975,35879,28
1197,1191,28
17493,1187,28
48988,48975,28
43962,48994,28
48994,48954,28
13163,13420,28
3411,3412,28
3530,3876,28
51984,2843,28
3414,3530,28
17350,3414,28
49241,11999,28
3783,17350,28
36030,1627,28
51629,1475,28
3412,3783,28
17349,3411,28
24575,34103,28
3762,17349,28
21410,21411,28
43987,39519,28
2904,16958,28
2114,3762,28
48960,43969,28
22105,23401,28
48978,48960,28
4109,48978,28
41316,23024,28
49295,17686,28
12268,12269,28
25217,16115,28
20571,42606,28
47891,27623,28
3054,40187,28
13269,13488,28
2038,1980,28
3896,35794,28
35825,3896,28
12750,27236,28
16495,16602,28
23340,16565,28
16207,25218,28
22087,980,28
350,708,28
25218,25219,28
4677,5167,28
44119,44116,28
44116,44114,28
44114,44112,28
34382,34379,28
51257,302,28
34390,34392,28
34377,34390,28
25266,48561,28
34376,34377,28
34379,34376,28
34385,34382,28
44112,44123,28
19616,4479,28
4501,18359,28
35312,4501,28
23293,16619,28
21960,26404,28
23222,21960,28
25219,25217,28
16116,16412,28
101,39763,28
27909,25941,28
7032,20920,28
23211,26403,28
18760,18763,28
48168,9056,28
18763,18761,28
37687,29310,28
41892,14294,28
10515,42300,28
10264,49168,28
49168,38834,28
14275,14279,28
44803,10627,28
26523,26379,28
26379,26391,28
26391,44477,28
42756,41452,28
5923,5759,28
5921,5923,28
6519,6520,28
877,16583,28
21013,21025,28
21025,19434,28
16105,23211,28
6506,20230,28
20230,6519,28
6520,6521,28
5924,5921,28
14094,14109,28
14101,14092,28
13236,29521,28
25129,15804,28
18713,19384,28
5919,5924,28
39763,23763,28
22306,101,28
44477,40155,28
19785,19786,28
8476,8477,28
8477,8478,28
8478,8479,28
16897,22091,28
16896,16897,28
12431,12228,28
12227,12431,28
40345,12125,28
727,16504,28
8479,8482,28
19489,19785,28
8482,8480,28
1857,3233,28
8480,8481,28
8481,8483,28
50489,8476,28
17229,3293,28
18779,39149,28
14024,14026,28
4149,16924,28
14354,29423,28
4036,1704,28
16610,16609,28
21769,15897,28
16609,16582,28
14343,13152,28
20283,20864,28
12349,49693,28
12697,12349,28
25876,12697,28
18604,7214,28
26637,26617,28
8474,50489,28
8483,8473,28
21505,15613,28
16063,22608,28
19786,20032,28
22282,15944,28
15400,15403,28
15494,15400,28
13074,14209,28
44261,49625,28
16616,16622,28
6722,6723,28
6723,20175,28
15438,15494,28
25092,35701,28
12884,13263,28
19854,40523,28
39017,47399,28
47399,7035,28
16524,41370,28
15403,15404,28
15404,15478,28
15391,41264,28
12462,12463,28
42501,48760,28
21797,42501,28
21510,21327,28
12952,49226,28
44154,12520,28
12520,12462,28
28544,49159,28
13501,50501,28
49159,26657,28
12463,12544,28
18757,18313,28
50498,50497,28
40517,40512,28
12875,12847,28
24748,878,28
16102,43053,28
878,873,28
2948,17509,28
3663,3472,28
3472,3473,28
3473,17399,28
17399,3987,28
3987,3650,28
49418,27344,28
3650,3474,28
3474,39152,28
39152,2079,28
2620,3652,28
3652,2950,28
21878,21881,28
2950,3671,28
3671,2948,28
17509,2949,28
2084,3649,28
24164,21878,28
2949,3652,28
3652,50647,28
50647,50646,28
50646,2966,28
25973,43585,28
2966,2081,28
20437,46932,28
46932,50910,28
2660,2523,28
6881,6879,28
7747,7745,28
4563,5088,28
3996,51258,28
3649,3663,28
15677,15397,28
6756,6757,28
16122,16238,28
17739,17729,28
34801,34810,28
10287,10716,28
17594,5575,28
20603,19179,28
6110,6124,28
6124,6113,28
21355,21599,28
43681,47976,28
24855,24077,28
24077,21871,28
13952,13934,28
20607,37201,28
40522,20349,28
28120,28130,28
49417,27961,28
27564,28120,28
17003,4111,28
21392,21356,28
5803,17940,28
22976,812,28
21838,152,28
21606,21615,28
7207,5803,28
45038,12881,28
29350,22070,28
34346,34408,28
42302,7663,28
7672,42302,28
9048,42845,28
6757,6758,28
16924,4093,28
8242,49386,28
25778,42097,28
26321,25773,28
40155,42888,28
43994,25667,28
25667,25657,28
34505,34495,28
25784,25778,28
25773,25784,28
3991,3064,28
2885,3785,28
3064,2885,28
6755,6756,28
12374,44155,27
16014,21847,27
16013,16014,27
40537,40885,27
44150,44149,27
44155,44150,27
44505,38679,27
44149,44154,27
5549,5544,27
44507,44505,27
36836,36014,27
12538,12374,27
29030,29240,27
29240,12591,27
1615,36836,27
26811,26813,27
38679,29041,27
29041,29026,27
29026,29042,27
36046,1624,27
29042,29030,27
28817,12298,27
43912,43909,27
34273,48481,27
26813,28200,27
28242,26811,27
43909,4162,27
13476,29634,27
22858,985,27
483,485,27
461,483,27
812,23660,27
36022,36024,27
36027,36028,27
37145,46568,27
19616,18363,27
18363,21081,27
21081,5169,27
5169,18488,27
24076,44900,27
24075,24076,27
16234,16235,27
28252,26798,27
26798,12736,27
16087,15416,27
44514,44512,27
8031,8033,27
44512,44509,27
7689,7326,27
7686,7689,27
18281,7251,27
12069,12203,27
13416,24156,27
44509,44507,27
44450,42589,27
29634,14319,27
42589,36046,27
29184,29201,27
12591,12595,27
28866,29063,27
24095,21398,27
15997,25299,27
23288,41753,27
27817,44197,27
22205,22140,27
15641,15640,27
24096,23666,27
21412,24096,27
24121,24124,27
14890,468,27
50300,38285,27
49454,49054,27
49054,28963,27
28963,28866,27
468,466,27
41683,41682,27
29063,29185,27
29185,29064,27
466,462,27
29064,29050,27
22543,21821,27
36043,40549,27
5085,19389,27
23207,779,27
13265,13806,27
779,23630,27
12866,36828,27
36828,51811,27
40551,36043,27
757,33963,27
26825,12247,27
17940,7208,27
21361,24095,27
34345,24434,27
29201,28866,27
28866,29031,27
40553,44450,27
23638,21398,27
807,23638,27
29031,28867,27
43950,807,27
25419,23316,27
24350,43950,27
28867,29049,27
28200,26818,27
34158,50119,27
19705,39741,27
20701,19566,27
24990,24350,27
36128,40553,27
26818,26819,27
28255,26822,27
26822,28566,27
13356,15342,27
50258,18383,27
15269,16896,27
34669,34556,27
15620,25099,27
23630,16006,27
1610,36128,27
16006,25398,27
7208,17932,27
35991,1610,27
41682,41681,27
20264,7198,27
20963,41683,27
3531,1834,27
2701,2700,27
26897,26729,27
26744,26897,27
17567,20854,27
872,877,27
1705,4004,27
34782,34754,27
6501,6502,27
15115,780,27
17574,17567,27
6502,7293,27
7293,6503,27
21304,18008,27
48098,16061,27
41662,41132,27
11026,11030,27
27222,27859,27
22849,3,27
43224,7942,27
10953,42558,27
10400,40742,27
14315,13240,27
34781,7337,27
28800,43761,27
4815,18401,27
8905,10400,27
10840,43801,27
19155,20907,27
37638,37640,27
1838,3531,27
1798,1799,27
7198,20259,27
20854,19570,27
20259,7292,27
16195,16412,27
36020,36022,27
36019,36020,27
40904,8262,27
51090,51092,27
6026,6523,27
17816,6026,27
39190,36019,27
36017,39190,27
7292,6501,27
6522,17816,27
6521,6522,27
36014,36017,27
10516,43852,27
8871,10516,27
4208,18195,27
10517,8871,27
20490,19847,27
8075,7544,27
7720,34754,27
1634,1225,27
19570,20490,27
24436,757,27
43910,43977,27
21097,43910,27
22343,24757,27
48214,22343,27
20467,18887,27
38742,38745,27
17995,34265,27
26181,26123,27
26655,50792,27
34388,34384,27
24530,24848,27
15314,38393,27
27463,27471,27
34384,34383,27
42255,49723,27
34383,34389,27
34391,34395,27
8029,8032,27
8428,8029,27
34395,34400,27
24094,23745,27
8305,7671,27
42253,42255,27
42251,42253,27
21291,19598,27
20166,20409,27
8055,7327,27
15473,25085,27
25085,15362,27
15362,15438,27
28163,28157,27
27422,40053,27
14165,14394,27
4260,43885,27
43884,41460,27
41456,20963,27
48499,598,27
24392,24928,27
8032,8034,27
34305,5599,27
36044,40551,27
3988,3692,27
38745,4705,27
50792,28865,27
28865,45019,27
27813,44121,27
41663,8899,27
44121,44119,27
4705,4866,27
4866,4701,27
4701,4200,27
18127,18149,27
9332,9894,27
10779,10274,27
7688,7684,27
18239,4703,27
8034,7688,27
1381,17244,27
12815,12835,27
12835,12821,27
12843,12855,27
25081,25080,27
4702,4865,27
38744,38743,27
38743,21027,27
2053,3816,27
3443,2773,27
2773,1878,27
21027,4968,27
4975,4666,27
6999,34305,27
19330,19328,27
18193,7062,27
12355,12173,27
27645,27665,27
26710,26727,27
47842,33982,27
11953,27765,27
27765,27662,27
23016,22998,27
22998,15431,27
27662,27669,27
12173,29132,27
29131,12355,27
13288,14041,27
24794,22872,27
14046,14053,27
18766,18753,27
6045,6775,27
47861,2356,27
38773,38774,27
38771,38773,27
18958,2345,27
38769,38771,27
27638,27645,27
16820,25091,27
42236,42237,27
4155,21170,27
15626,15617,27
19386,21129,27
7057,18268,27
18270,5776,27
6189,42433,27
49811,49914,27
5776,5777,27
5777,5778,27
5778,5779,27
27756,11952,27
6354,6355,27
27757,27756,27
27760,27757,27
28480,48733,27
35,24695,27
26410,26411,27
18460,18435,27
21171,18460,27
21170,21171,27
20971,21148,27
17907,41672,27
17727,17740,27
28770,28769,27
48939,48938,27
18804,20314,27
34562,34561,27
42431,35471,27
50517,35325,27
23612,50517,27
24800,24799,27
42743,24800,27
28470,28770,27
15546,15547,27
18765,18766,27
22075,49843,27
48340,1109,27
20488,20841,27
27858,26852,27
35,24785,27
15274,15267,27
15917,15928,27
23220,22633,27
10818,10811,27
27793,25699,27
27134,27375,27
1208,1176,27
621,264,27
38888,7746,27
18762,18765,27
28420,28421,27
28406,28420,27
18761,18762,27
47788,13246,27
48030,44290,27
39793,28126,27
28126,28142,27
28598,39564,27
6969,20414,27
14765,526,27
440,24721,27
5625,20696,27
43415,43417,27
43774,12004,27
5624,5625,27
44152,44151,27
431,617,27
29496,14368,27
10811,41112,27
18586,18619,27
42546,50264,27
35682,35683,27
6389,17661,27
15504,15823,27
25240,16330,27
5988,19493,27
20832,5988,27
19328,19331,27
15701,15504,27
17698,6588,27
15677,23260,27
38118,356,27
17671,17698,27
17661,17665,27
17637,19067,27
50551,50229,27
18560,18586,27
16336,38796,27
40530,50551,27
17618,20881,27
17656,17692,27
17643,17656,27
17600,19330,27
50264,315,27
18838,17739,27
17750,18838,27
49307,17643,27
41168,37273,27
20881,6389,27
18568,6139,27
48143,17614,27
17719,17722,27
42592,36035,26
6705,6706,26
3077,1878,26
19690,4907,26
44703,41976,26
11879,48462,26
21475,34085,26
23152,21475,26
22560,22561,26
41133,42845,26
4907,19691,26
19691,19688,26
14232,14237,26
14237,14219,26
43353,4972,26
37628,37627,26
19688,19687,26
19474,37628,26
13274,25688,26
9048,11289,26
27903,27812,26
41842,25767,26
44840,41842,26
29302,44840,26
39962,14595,26
14293,13015,26
2958,1976,26
2957,2958,26
23401,23418,26
21400,48758,26
2572,3327,26
3840,2050,26
51276,34476,26
34478,34546,26
44440,17969,26
17969,42151,26
14219,14218,26
27812,49414,26
11051,11092,26
22437,22434,26
27868,27866,26
24201,14039,26
19889,20214,26
18692,20637,26
27565,27567,26
6085,37612,26
18121,20499,26
41132,11289,26
37111,37108,26
19476,18690,26
22556,22560,26
20499,20237,26
24379,42803,26
2847,3636,26
7766,34729,26
16733,22535,26
24806,16733,26
37095,24487,26
20920,19168,26
34508,34652,26
1959,1956,26
34652,34443,26
27826,27834,26
27827,27826,26
25376,24534,26
3898,48886,26
5493,19253,26
22536,24488,26
16583,22268,26
27659,27660,26
19553,19879,26
48761,37095,26
48812,48761,26
48546,48812,26
10110,10166,26
15639,43783,26
42695,34713,26
39482,26968,26
26969,42693,26
22535,22536,26
24488,22758,26
3636,3637,26
1838,1834,26
3637,3638,26
3638,3118,26
37627,20850,26
3118,17336,26
17336,3119,26
40798,14603,26
14990,24378,26
15247,24379,26
24123,24120,26
3208,2890,26
2890,2891,26
34639,42301,26
12973,43314,26
49205,14961,26
51622,39250,26
16183,15644,26
14231,14232,26
1229,35993,26
22309,25137,26
830,34154,26
23598,42743,26
22758,23598,26
34154,34153,26
34153,24404,26
25767,26523,26
14238,14230,26
47983,27623,26
41224,11755,26
23731,22905,26
27125,27070,26
27070,27121,26
47896,2394,26
27121,27346,26
23185,38162,26
23035,23185,26
20583,20572,26
23013,21755,26
18136,18091,26
9636,37257,26
9063,11431,26
11755,37065,26
28757,38395,26
2574,50891,26
51190,43951,26
28758,28757,26
28753,28758,26
23644,51190,26
28760,28753,26
28761,28760,26
28762,28761,26
11302,41224,26
43585,25697,26
42503,48479,26
48479,24711,26
21412,23644,26
15865,44696,26
4180,19168,26
27365,27125,26
27970,27365,26
42811,51258,26
5279,6339,26
18940,19985,26
29496,14282,26
13482,13488,26
17033,3455,26
37292,37306,26
22074,33876,26
33876,43768,26
493,48283,26
14209,14227,26
50814,50815,26
20917,20207,26
27961,27965,26
24120,22061,26
214,40895,26
23152,21317,26
27965,27970,26
40895,40898,26
24177,22434,26
10328,43905,26
7762,7325,26
810,24101,26
43951,810,26
49395,7747,26
1642,50889,26
50889,1225,26
18768,18771,26
1634,4034,26
34662,8192,26
39133,26654,26
301,49935,26
3385,44491,26
15418,15420,26
42994,1670,26
35710,21619,26
21619,21601,26
12900,14315,26
35713,21387,26
14261,14256,26
29130,12625,26
21387,21352,26
39774,44291,26
14259,14261,26
29382,14259,26
14253,14251,26
35006,20467,26
14246,14253,26
21352,15402,26
14243,14246,26
39777,39774,26
15384,21375,26
42456,39777,26
14230,14233,26
25612,26473,26
13524,13522,26
13164,37529,26
14239,14238,26
6705,34210,26
12945,13580,26
37201,20608,26
44491,42506,26
49935,317,26
25876,29110,26
13087,13241,26
50586,10236,26
34488,34497,26
34497,51621,26
50891,1641,26
13472,13473,26
1516,1364,26
27910,26567,26
22546,15932,26
51280,51276,26
38143,48133,26
38306,40556,26
48133,21629,26
40556,38305,26
37001,37023,26
19727,6988,26
6943,19727,26
37023,39842,26
19697,6943,26
23463,23461,26
47929,25938,26
23402,22848,26
15935,15933,26
15933,15931,26
38851,1384,26
43273,13472,26
13493,43313,26
24481,24436,26
29402,29404,26
48885,34082,26
47754,8781,26
6557,44443,26
732,733,26
26411,26412,26
44443,39705,26
39705,39709,26
248,661,26
28386,28397,26
16968,3951,26
25689,25697,26
12801,28386,26
12893,47406,26
11343,10186,26
12825,12893,26
23999,23993,26
6556,6557,26
6555,6556,26
16579,44498,26
21126,4532,26
44498,41371,26
6554,6555,26
18169,6554,26
18192,18169,26
28438,28440,26
28440,28451,26
38516,38502,26
38502,38501,26
28451,35401,26
28475,28480,26
16551,16536,26
10649,9914,26
16588,16551,26
23957,23647,26
23960,23957,26
15477,15482,26
37380,37388,26
22299,23529,26
23529,23530,26
1785,1775,26
3608,3329,26
26312,26305,26
23530,23531,26
39711,8401,26
15719,21595,26
6064,7029,26
15661,38374,26
19597,4222,26
7197,47766,26
51529,14564,26
48296,1372,26
20574,20578,26
38897,15427,26
19457,6985,26
44833,8781,26
11424,44833,26
16608,16597,26
23288,40650,26
40650,16516,26
4176,17563,26
48060,1109,26
49703,9914,26
15696,23960,26
15455,15653,26
25367,40432,26
15452,15693,26
12828,12875,26
19381,18192,26
12404,12367,26
24157,42322,26
18656,18664,26
18637,18642,26
24394,50938,26
50938,24581,26
18642,18656,26
33966,24813,26
26110,26108,26
26290,25593,26
21354,21613,26
18664,5760,26
18627,18604,26
4656,5057,26
41599,23027,26
5057,4627,26
29385,14594,26
16375,15835,26
44367,16283,26
24431,835,26
835,833,26
23400,42178,26
13178,13602,26
833,814,26
42603,6883,26
44960,8710,26
1003,24393,26
24400,1003,26
814,815,26
834,14606,26
832,834,26
826,832,26
24441,826,26
815,24480,26
13173,13083,26
17229,51636,26
4111,4088,26
4146,38486,26
49835,12404,26
16563,16591,26
16972,20484,26
1028,22178,26
49203,13926,26
44442,17991,26
11534,11237,26
11289,11534,26
11234,11289,26
23839,38749,26
17961,44442,26
4090,4142,26
4142,38476,26
38476,4146,26
6107,4169,26
15473,15688,26
19523,6107,26
19535,6721,26
47925,4957,26
6553,17961,26
16540,16618,26
20195,19534,26
7290,6551,26
41502,7752,26
7752,34875,26
4211,44137,26
3950,20504,26
26201,27118,26
27118,26268,26
26308,26305,26
78,22299,26
15693,15455,26
12557,12559,26
40650,16514,26
34595,34594,26
5682,43087,26
42031,5683,26
43902,43478,26
43478,43900,26
5232,5233,26
5234,5237,26
5620,5621,26
35701,26787,26
36334,9048,26
5623,5624,26
21111,21083,26
4195,21111,26
50258,19391,26
4507,50258,26
25560,25561,26
25823,12557,26
1867,3962,26
3966,1866,26
43900,27300,26
39642,39216,26
22998,22034,26
8848,8638,26
44585,22998,26
488,474,26
26967,43476,26
41521,41997,26
51477,48077,26
41523,41521,26
48924,48546,26
4895,42405,26
23217,50065,26
35325,23617,26
33880,42651,26
17966,41673,26
22964,44398,26
42651,25327,26
22067,21737,26
44420,48582,26
35898,35900,26
35899,35898,26
35916,35899,26
48524,43525,26
18302,18309,26
39781,39771,26
4100,35902,26
4099,4100,26
4098,4099,26
33966,16847,26
26848,26502,26
20908,19155,26
39762,23763,26
20114,20115,26
1143,41523,26
48077,44585,26
12731,27286,26
46514,18715,26
41951,41953,26
35347,19676,26
28341,35197,26
18819,18820,26
19676,19677,26
24324,39754,26
35197,28355,26
1077,43512,26
47922,39624,26
27118,25591,26
22765,16847,26
16068,42513,26
25594,26326,26
42513,42511,26
26197,26194,26
34019,24324,26
22449,51477,26
41953,41955,26
26322,11945,26
46217,47150,25
14548,12840,25
26815,28201,25
46457,46217,25
19677,19678,25
26907,26827,25
47150,47323,25
47323,47152,25
19846,6998,25
34307,20290,25
43140,26929,25
47152,50127,25
50127,44013,25
44013,20283,25
15784,15745,25
42120,42115,25
4483,35311,25
35721,15784,25
35720,35721,25
12247,28273,25
48001,4565,25
13805,13200,25
42119,42120,25
35311,40631,25
28273,26815,25
10716,10776,25
14537,12880,25
26883,40151,25
44167,44223,25
44223,50094,25
42118,42119,25
50094,44830,25
44830,46457,25
15510,15511,25
43231,14548,25
15846,15512,25
26936,26841,25
10185,9290,25
43073,8016,25
19863,19349,25
2573,3437,25
39962,13004,25
28723,28706,25
8075,7564,25
19845,42198,25
49473,29401,25
42198,34159,25
23713,23551,25
49683,49882,25
42116,42117,25
28706,28722,25
42117,49905,25
49905,49683,25
37646,13268,25
9290,9286,25
49882,49890,25
28722,28719,25
13841,13839,25
15512,15510,25
24103,24990,25
3266,1296,25
15511,50340,25
13136,42858,25
20927,19182,25
48599,26747,25
22080,22081,25
24766,24103,25
20479,5832,25
13070,13133,25
6770,6792,25
1704,1275,25
9286,9287,25
28266,26792,25
37273,11030,25
7745,38887,25
4484,4483,25
25123,15460,25
17,23658,25
24537,24501,25
29641,41894,25
14293,14425,25
21695,22315,25
14426,13160,25
34981,8395,25
21851,8603,25
25974,44018,25
34749,8434,25
48272,25093,25
12837,48272,25
13692,45039,25
44474,13682,25
13661,44474,25
2381,3847,25
27472,27464,25
38614,51709,25
7559,38614,25
7619,7559,25
21191,18448,25
51809,43142,25
49418,29033,25
19847,39144,25
38887,38353,25
21167,51809,25
38353,38889,25
38965,18445,25
38889,8036,25
4673,4532,25
6878,18773,25
22901,22264,25
24281,40885,25
38357,19767,25
8036,34747,25
34747,34748,25
34748,34749,25
8434,34750,25
34750,38888,25
27462,42254,25
25980,25982,25
41452,44539,25
6326,4970,25
34984,44538,25
1722,38785,25
34960,42297,25
14256,29495,25
6059,47859,25
25982,25984,25
35846,34995,25
25986,25987,25
44816,44823,25
20151,35580,25
13781,44257,25
28719,28718,25
44893,15988,25
47988,19486,25
42707,13154,25
18770,17801,25
42254,49719,25
23779,15817,25
49719,42246,25
14428,14426,25
41893,51466,25
20883,6391,25
748,14077,25
13130,13056,25
7002,20702,25
28158,27423,25
41448,40904,25
13004,13130,25
29034,49392,25
16079,16080,25
51629,1460,25
5673,5217,25
21279,20184,25
42115,42116,25
44823,44893,25
11561,8942,25
15884,16377,25
18864,18177,25
20781,41942,25
4974,20781,25
17544,17536,25
17681,48260,25
47926,17694,25
46902,47926,25
49036,46902,25
49039,49036,25
49047,49039,25
17574,7191,25
17532,17569,25
17526,6578,25
6053,40618,25
40618,20930,25
20930,18628,25
6517,18864,25
40620,6053,25
19746,6093,25
18177,19381,25
20623,17526,25
27212,27215,25
29465,14209,25
15935,15931,25
27297,27280,25
27587,39485,25
41719,4577,25
15929,15925,25
41942,41719,25
14883,14870,25
15998,16000,25
41112,49370,25
51568,11999,25
17536,20623,25
3921,3280,25
18628,6054,25
6518,6517,25
6514,6518,25
6513,6514,25
39708,39706,25
44189,17689,25
203,207,25
44190,44189,25
14252,14250,25
44193,44190,25
44194,44193,25
44196,44194,25
14236,14241,25
17710,47930,25
6095,17710,25
17712,6093,25
19361,18116,25
17661,44244,25
17630,17661,25
39706,39704,25
17664,17635,25
14247,14244,25
24811,21690,25
5066,41715,25
41714,35363,25
23508,23503,25
39703,6513,25
16888,16882,25
15547,15548,25
16887,16888,25
27572,39563,25
16886,16887,25
16884,16886,25
39704,39703,25
21195,21224,25
21224,21229,25
21229,5007,25
27217,27212,25
37002,15924,25
17693,47931,25
16935,2663,25
50134,46504,25
3950,17050,25
50125,50134,25
26740,26744,25
41188,50125,25
47966,24920,25
3266,3276,25
3276,2534,25
28320,26616,25
26621,28320,25
17758,17744,25
17744,6500,25
39412,27297,25
6500,20264,25
26727,26889,25
2508,17120,25
11986,27664,25
27572,27254,25
27894,27891,25
757,47038,25
16097,38898,25
2633,20508,25
41187,20641,25
7197,47879,25
50128,41187,25
50109,50128,25
43569,43571,25
27891,27890,25
46709,50109,25
41195,46709,25
47179,41194,25
46504,47179,25
7057,18861,25
47840,26659,25
16934,16935,25
47931,49043,25
16933,16934,25
6405,18069,25
4047,4038,25
33963,51499,25
51499,24435,25
29002,27543,25
24584,24443,25
27539,27541,25
17529,17527,25
17570,17539,25
7191,44825,25
49024,49047,25
13679,13599,25
49064,49024,25
27541,27217,25
49043,49064,25
17527,17530,25
4038,1190,25
1190,1227,25
24779,14227,25
16932,16933,25
48733,35201,25
599,47966,25
49012,14605,25
48418,49012,25
14227,48418,25
16195,24779,25
17530,17535,25
28482,28306,25
17702,5825,25
17712,17702,25
10794,10816,25
34365,8501,25
17535,17545,25
6095,48260,25
50592,15178,25
14233,14236,25
15194,15189,25
38483,38484,25
38491,38483,25
14003,29462,25
38492,38491,25
44403,10990,25
42303,36814,25
2373,3403,25
3403,2501,25
11990,47835,25
36304,10328,25
20836,39197,25
38485,38526,25
12356,29131,25
25940,27794,25
12349,35954,25
8624,8627,25
29110,12349,25
17572,21295,25
39197,19752,25
15189,15187,25
8627,44745,25
7302,8055,25
38484,38485,25
38526,38457,25
44745,8737,25
315,313,25
38454,38487,25
34250,5930,25
20835,20837,25
38488,38454,25
20837,20839,25
38487,38486,25
24283,16115,25
302,304,25
312,38673,25
313,312,25
21400,21402,25
15701,15876,25
21615,21380,25
7300,35006,25
38529,38488,25
21600,163,25
38490,38529,25
36360,41133,25
38457,38490,25
20839,20838,25
20838,20845,25
20845,20836,25
29462,13030,25
5930,20835,25
48671,34369,25
3486,3492,25
44188,44191,25
17671,44188,25
44244,17665,25
5219,5265,25
14142,29458,25
27866,27887,25
11300,44746,25
19791,19497,25
23252,44143,25
35005,7301,25
7301,7764,25
29474,13343,25
15818,16419,25
28765,28764,25
10498,9682,25
47406,13675,25
28763,28762,25
28764,28763,25
6610,6604,25
21755,22279,25
20469,35005,25
29189,12162,25
13343,14045,25
8737,11300,25
8056,7765,25
1858,2856,25
7765,7300,25
24696,16336,25
20275,20469,25
11422,49703,25
47930,17721,25
7764,7302,25
19497,5603,25
5994,19791,25
21256,5922,25
5497,21256,25
2889,3821,25
44195,44196,25
44192,44195,25
3492,2996,25
44191,44192,25
19400,21002,24
43522,27567,24
20988,20991,24
38456,38489,24
38489,38528,24
27804,43819,24
28250,28251,24
18832,18828,24
10834,35682,24
3958,3840,24
34457,42301,24
38528,38527,24
26791,28250,24
5096,4634,24
18828,18829,24
28249,28564,24
15742,15744,24
13246,33943,24
28731,25823,24
50505,24854,24
24113,24118,24
18005,6623,24
24106,24103,24
28248,28247,24
23748,24093,24
34440,34442,24
37208,35839,24
29319,29328,24
20991,6222,24
24547,1027,24
28564,28252,24
29328,29327,24
6222,21001,24
24240,44072,24
38532,38531,24
11233,9046,24
28206,28731,24
38531,38530,24
20255,51704,24
16080,16081,24
38530,38456,24
11082,11083,24
28251,28248,24
12289,12391,24
6623,6405,24
38461,38524,24
44503,28294,24
12342,44503,24
38518,38516,24
26294,26289,24
26289,26288,24
26288,26201,24
22091,21633,24
15598,16447,24
38520,38518,24
38497,38520,24
20840,5549,24
38521,38497,24
38496,38521,24
38495,38496,24
5694,5696,24
38523,38495,24
38524,38523,24
12544,34198,24
14209,24859,24
25979,26294,24
28294,27918,24
46399,47145,24
38504,38511,24
38511,38509,24
36116,4054,24
23756,23876,24
4054,4057,24
38509,4093,24
16515,16510,24
23340,16574,24
36055,36116,24
38512,38504,24
1027,1026,24
21268,4184,24
4058,16945,24
38503,38512,24
36115,36055,24
36051,36115,24
16608,16510,24
38513,38503,24
38501,38513,24
16448,16074,24
34198,12321,24
20660,20661,24
38525,38461,24
25586,26107,24
27689,26615,24
26107,26109,24
26109,42024,24
12391,7631,24
25914,25558,24
11934,26469,24
7631,7317,24
14811,23102,24
12020,26264,24
26264,26287,24
5945,5943,24
26287,28073,24
28073,26290,24
41954,26110,24
7322,7318,24
20658,20659,24
38527,38482,24
20659,20660,24
6950,6946,24
6949,6950,24
6948,6949,24
16451,16452,24
16074,16449,24
38460,38525,24
16449,16450,24
16450,16477,24
16477,16429,24
23257,39311,24
38459,38460,24
16429,16451,24
16453,33886,24
6947,6948,24
16149,16456,24
20521,20674,24
20674,20673,24
38458,38459,24
20673,6952,24
21377,21356,24
20663,6947,24
38482,38458,24
22256,15343,24
50044,24504,24
15947,22282,24
44943,39781,24
42851,42833,24
15003,49517,24
39361,48800,24
37215,48607,24
17983,17989,24
43342,43341,24
43341,3728,24
3728,2691,24
39781,28142,24
50591,15426,24
28125,28129,24
2691,2688,24
2688,3824,24
29110,49812,24
29143,29180,24
21768,22105,24
1048,3589,24
1071,1048,24
42833,42813,24
24856,15315,24
17738,19588,24
523,519,24
28724,28723,24
44318,50396,24
28725,28724,24
28727,28725,24
3550,43342,24
21513,44318,24
17827,17829,24
49926,456,24
519,507,24
27094,28614,24
628,344,24
38119,26875,24
26746,38119,24
8877,9687,24
10167,11581,24
589,520,24
12993,13063,24
38310,22557,24
19588,6575,24
15396,23252,24
50396,44340,24
37362,37360,24
34484,34485,24
34485,34487,24
34468,35103,24
35103,35104,24
35104,35105,24
51714,34467,24
34467,51279,24
51279,51278,24
281,48497,24
163,35711,24
25258,25256,24
294,277,24
17767,17754,24
48492,48490,24
18008,40328,24
48490,47028,24
47028,331,24
38594,10335,24
34489,34484,24
51935,51280,24
48134,16061,24
34429,34657,24
16073,15780,24
15780,15569,24
22241,48480,24
11303,11302,24
17827,17828,24
37273,49251,24
34495,34493,24
51783,51714,24
41619,41620,24
34487,34488,24
41620,41621,24
41621,41622,24
41622,41623,24
41623,17754,24
17754,41627,24
25368,16212,24
35694,44250,24
51717,34487,24
22548,22540,24
44340,44317,24
39072,10393,24
18011,6805,24
22719,22948,24
6843,18032,24
18032,18007,24
2947,2793,24
20585,42596,24
18007,18011,24
17251,36050,24
2793,3554,24
6805,6806,24
11824,47982,24
6806,43621,24
35494,34365,24
34373,35494,24
23608,16192,24
16192,50011,24
36050,4066,24
34404,34373,24
8500,34404,24
5832,6843,24
50167,11229,24
43621,43623,24
10385,11096,24
11131,11102,24
11102,11099,24
11099,11098,24
42597,42606,24
17409,3323,24
3323,2791,24
11098,11097,24
11097,10385,24
2791,2947,24
9301,50167,24
11096,11134,24
11130,11129,24
11129,11128,24
11128,11132,24
9522,9292,24
46725,11809,24
8636,10446,24
11904,46387,24
18919,18310,24
43623,43625,24
436,49926,24
27909,27787,24
257,267,24
22735,34103,24
3922,3920,24
1765,3923,24
3945,1765,24
20640,41188,24
44256,44255,24
12915,44256,24
8499,8500,24
6465,5829,24
51478,39754,24
34370,8499,24
34368,34370,24
50482,27858,24
18285,7250,24
26757,49373,24
39773,42455,24
44292,39773,24
19728,20891,24
23752,22735,24
3059,3056,24
3553,3001,24
43625,43627,24
3056,3057,24
3057,3058,24
3058,2998,24
2998,2785,24
2785,3553,24
43886,5209,24
24504,34102,24
3001,2787,24
27875,27870,24
34102,50021,24
41190,41194,24
50021,50022,24
51579,5266,24
41188,41190,24
50022,23752,24
27595,27599,24
27299,28600,24
5210,19400,24
501,14890,24
41461,43887,24
23094,16295,24
47917,22658,24
16097,24315,24
50592,25034,24
25034,79,24
79,23093,24
41895,14416,24
23093,23094,24
16295,16296,24
41898,50888,24
16296,9612,24
8603,9186,24
9186,11736,24
11736,8439,24
47768,19086,24
18004,41716,24
44776,41455,24
50888,45035,24
14166,41898,24
47928,1296,24
41952,26098,24
13160,14458,24
45035,45034,24
45034,41900,24
41900,14394,24
13144,41891,24
14485,13144,24
50645,14485,24
51466,51456,24
14473,14429,24
14488,14428,24
28673,39620,24
14297,14300,24
14425,14427,24
14427,14473,24
12933,51456,24
14416,12933,24
14445,14294,24
1296,19456,24
43495,2513,24
48817,41829,24
40432,35701,24
47911,19486,24
44811,44804,24
3565,3798,24
3489,3565,24
50537,15946,24
26626,26644,24
27294,39488,24
14353,14141,24
1267,3779,24
3779,3810,24
49521,16061,24
43571,43568,24
44152,43571,24
3810,17397,24
17397,3172,24
49209,22356,24
47984,39052,24
48189,27623,24
5088,5169,24
41716,5917,24
21026,38742,24
5095,35362,24
35362,41714,24
4971,21026,24
1889,2570,24
3334,2058,24
42301,34638,24
20535,40269,24
34805,34348,24
37834,10170,24
50862,7969,24
20534,6742,24
3046,2894,24
40269,19636,24
8438,7719,24
41954,41952,24
43496,43495,24
6902,6901,24
1184,1173,24
23844,25404,24
16289,23844,24
1134,2838,24
3993,1134,24
13589,13596,24
13596,13239,24
1173,1643,24
49325,1141,24
12172,12402,24
3386,17493,24
25688,25698,24
3455,38546,24
38546,17032,24
20711,20712,24
14854,14852,24
36854,36815,24
41263,15627,24
12402,29111,24
17032,2796,24
9312,9822,24
496,497,24
455,496,24
48173,22804,24
14043,13338,24
13345,14356,24
15591,25336,24
19182,39699,24
8636,9046,24
29111,12157,24
13580,13585,24
11604,9544,24
16372,15884,24
20819,18440,24
13725,13127,24
21166,20819,24
13252,24202,24
24940,723,24
27526,48257,24
43497,43496,24
828,14730,24
26730,28207,24
15425,15427,24
15421,15422,24
986,987,24
15486,38111,24
836,14606,24
40797,846,24
26638,15486,24
22361,21921,24
50681,15998,24
39228,828,24
48065,28638,24
43374,41954,24
3881,2126,24
3507,43498,24
43498,43497,24
34005,34175,24
49209,22822,24
18198,18224,24
9983,11615,24
20203,20221,24
20221,7157,24
15645,22974,24
17764,17770,24
41223,11302,24
17770,17795,24
11615,41223,24
38395,38394,24
35710,164,24
12664,28226,24
28705,12664,24
13354,29402,24
29473,29440,24
17245,1516,24
43314,13087,24
50505,22280,24
20680,6902,24
5568,39030,24
3208,2771,24
34845,34704,24
47102,16909,24
27459,27951,24
48637,38993,24
48940,48941,24
21548,16673,24
27370,27135,24
7703,34845,24
9968,10302,24
8661,8663,24
36841,4208,24
3113,2726,24
15620,41264,24
40632,40631,24
4484,40677,24
26305,25915,24
3120,3121,24
43210,3149,24
41990,41998,24
41519,41990,24
17272,41519,24
48112,29015,24
2726,2727,24
25915,25909,24
17219,41513,24
29015,26805,24
2727,1911,24
1198,17219,24
16465,15585,24
41520,1163,24
41997,41520,24
17907,41673,24
21082,36841,24
3225,3113,24
49718,49711,24
41522,1145,24
20237,20236,24
2701,2849,24
41998,41522,24
25948,28799,24
3868,48900,24
15878,15526,24
41133,21737,24
2893,2849,24
48095,25553,24
2852,3444,24
4975,36942,24
1889,2852,24
48914,28638,24
21083,4975,24
20568,20494,24
36942,21082,24
20494,6116,24
12826,12891,24
13834,12826,24
24034,24029,24
3444,2854,24
51067,51070,24
14348,16491,24
51070,38979,24
38979,38980,24
38980,51066,24
42128,14665,24
42603,6886,24
1145,4028,24
2854,3224,24
11798,9787,24
6116,6109,24
1155,1162,24
40515,20373,24
23591,23592,24
39003,20841,24
1845,1594,24
1594,2939,24
25910,25911,24
25911,48503,24
43608,28638,24
2939,1846,24
37420,48057,24
48057,43370,24
1846,1847,24
3781,3988,24
3788,3781,24
6901,6900,24
3695,3788,24
3780,3695,24
38534,38533,24
39030,49485,24
19414,48416,24
3779,3780,24
1847,3779,24
48416,21032,24
38533,38532,24
497,501,24
26796,26791,24
21040,21050,24
21015,18248,24
18248,44776,24
49711,49734,24
6109,6108,24
3172,3540,24
1844,3777,24
3777,3778,24
1843,3030,24
3778,1845,24
25909,25910,24
23587,23588,24
49734,49726,24
16847,24812,24
3776,1843,24
23588,23589,24
23589,23590,24
24810,46,24
3030,1844,24
10886,41662,24
23586,23587,24
23590,23591,24
6900,19454,24
1574,1584,23
4211,20971,23
11469,38551,23
34722,7864,23
15928,22546,23
38551,9879,23
20749,20568,23
11539,9250,23
16712,39845,23
25370,34087,23
11756,10025,23
11575,37258,23
37258,9202,23
23158,24713,23
20748,20749,23
50138,44501,23
40025,11575,23
11369,11760,23
42804,42816,23
17913,18860,23
42816,36988,23
9202,38823,23
41137,11469,23
34058,25370,23
11760,40025,23
6573,17913,23
36994,39043,23
24466,21341,23
6662,6663,23
44501,44500,23
21646,51851,23
19381,21286,23
38823,10071,23
43563,43061,23
19856,5557,23
4125,4138,23
12944,13946,23
13212,13096,23
48495,287,23
38307,38306,23
19556,39029,23
6670,6671,23
6671,50811,23
50807,50805,23
285,48494,23
50806,50813,23
50813,50812,23
39029,20314,23
50812,50810,23
40555,38307,23
5570,19858,23
26724,26711,23
9082,9770,23
24927,24460,23
11347,48742,23
14095,14111,23
14128,14124,23
14124,14122,23
14122,14106,23
23897,24182,23
14106,14097,23
37360,37362,23
48414,1109,23
14097,14550,23
14550,14099,23
14100,13766,23
43682,43681,23
50810,50807,23
50805,49204,23
37388,37386,23
13060,13113,23
13006,45027,23
51980,11386,23
6676,6677,23
7241,6567,23
18869,18249,23
6668,40587,23
34495,34482,23
49204,49201,23
13113,13062,23
11386,8624,23
5544,47447,23
51993,49685,23
12352,29110,23
9250,9440,23
6675,6676,23
6674,6675,23
50811,6790,23
50394,7671,23
50809,50814,23
17271,35407,23
44143,24262,23
22557,22558,23
22558,41368,23
50808,50809,23
41368,41367,23
50816,50808,23
49202,50816,23
18308,18757,23
34510,34509,23
49201,49202,23
41367,40555,23
6661,6662,23
21904,24559,23
45027,45029,23
2109,1960,23
7944,7910,23
50483,27894,23
6397,18015,23
18037,6397,23
18052,18037,23
18061,18052,23
44696,15886,23
26752,12407,23
26743,28575,23
49384,10794,23
18069,18061,23
16203,51776,23
39133,27899,23
11063,11003,23
43570,43568,23
34917,7944,23
2011,2132,23
6660,6661,23
40476,40474,23
21774,21775,23
8437,34776,23
41179,29085,23
21769,36909,23
979,21513,23
21773,21774,23
40806,34073,23
21772,21773,23
24928,14355,23
24217,16203,23
6839,6393,23
16203,47843,23
21771,21772,23
17488,2835,23
48241,19486,23
44630,43599,23
6593,18005,23
49407,46494,23
28298,43567,23
40078,44918,23
35394,4774,23
43624,43622,23
43060,26890,23
49847,49857,23
43626,43624,23
43627,43626,23
5112,35394,23
37042,5112,23
44918,44912,23
35350,37042,23
5808,35350,23
35686,38904,23
44183,44185,23
44185,43563,23
26890,26854,23
43622,6622,23
26891,44630,23
44912,49407,23
6624,6593,23
15228,709,23
51809,44547,23
26856,28189,23
26889,26743,23
26704,26710,23
26855,26856,23
18567,20933,23
44470,44471,23
961,962,23
934,961,23
6597,6624,23
26854,26855,23
6622,6597,23
21775,21776,23
34457,34636,23
38304,769,23
50046,50065,23
4904,4593,23
6659,6660,23
6658,6659,23
6657,6658,23
24559,24508,23
43061,43060,23
24558,21904,23
24556,24558,23
24555,24556,23
24554,24555,23
27589,39498,23
39487,39412,23
12880,14542,23
24553,24554,23
44257,12978,23
51587,24537,23
24534,21948,23
21948,24562,23
24568,24569,23
39845,15953,23
17933,5804,23
17925,17933,23
24570,24571,23
24569,24570,23
1197,1188,23
37520,24568,23
24562,24563,23
24567,37520,23
24566,24567,23
24565,24566,23
36009,16942,23
24563,24564,23
5821,20485,23
13645,13822,23
24620,50054,23
34372,48671,23
24619,24620,23
21314,24035,23
49479,34981,23
7676,49479,23
35007,7676,23
5037,41718,23
41718,43353,23
21318,25137,23
5759,5758,23
8501,8498,23
8498,34802,23
7847,35007,23
6609,6749,23
35495,34371,23
34371,34372,23
51253,39250,23
41263,15391,23
21474,21818,23
24547,24548,23
19467,4936,23
13822,12879,23
50025,24619,23
12879,42707,23
25726,51372,23
25081,24200,23
15460,16657,23
24552,24553,23
24548,24549,23
4873,40242,23
11234,10754,23
24939,486,23
24551,24552,23
24550,24551,23
24549,24550,23
34802,35495,23
43599,43571,23
21693,23544,23
15996,50681,23
5039,35390,23
26123,43372,23
25987,26181,23
48357,25975,23
22357,34073,23
40770,40771,23
47997,18459,23
14827,14864,23
18875,19762,23
17022,2594,23
50681,750,23
23935,23931,23
1879,1878,23
22291,21938,23
1228,1197,23
38974,21695,23
38975,38974,23
5035,40252,23
39482,39498,23
51946,5035,23
27661,27678,23
11120,8494,23
35390,5040,23
38944,12889,23
23129,23099,23
25882,25883,23
3676,2642,23
21485,15719,23
2641,3676,23
3675,2641,23
1916,3675,23
12285,12388,23
12428,12051,23
25916,25588,23
27962,25840,23
27964,27962,23
27078,27964,23
27124,27425,23
27072,27124,23
27120,27072,23
27122,27120,23
27433,27122,23
13187,14182,23
14182,13195,23
7335,7328,23
19455,3996,23
25885,25887,23
11081,11094,23
19842,19843,23
2643,3664,23
29404,29467,23
51499,24434,23
13354,42858,23
19301,19303,23
22716,45,23
29418,29428,23
20532,19999,23
19999,51694,23
17748,19672,23
1396,17269,23
22637,24820,23
1794,2417,23
40964,7039,23
2417,2418,23
1799,1797,23
17023,1798,23
2775,2776,23
2774,2775,23
17120,2774,23
17021,2508,23
1795,17022,23
2595,17021,23
2594,2595,23
22065,21744,23
48053,25553,23
17381,1216,23
49436,44260,23
7039,40986,23
40986,6545,23
6882,20641,23
25941,44147,23
26964,27281,23
27281,39426,23
39426,39565,23
39565,39425,23
39425,39424,23
1877,3290,23
39424,27297,23
27297,39423,23
39423,39365,23
39365,39422,23
27602,40423,23
39249,39415,23
39415,37212,23
37212,37213,23
37213,39362,23
39362,37215,23
43510,38920,23
2642,2643,23
1561,1203,23
17953,5946,23
36771,41662,23
3104,2686,23
17706,19127,23
2686,3094,23
5943,17953,23
3774,39062,23
3943,3774,23
17326,3943,23
3094,3776,23
18507,35332,23
19127,5892,23
39062,3775,23
3775,3104,23
4733,43973,23
5892,19725,23
41147,4199,23
43973,4722,23
49236,49328,22
304,49951,22
49951,44437,22
44437,44436,22
44436,48493,22
48493,48492,22
6883,41188,22
13356,11119,22
49328,13356,22
24281,43594,22
42598,20574,22
3773,3942,22
7969,49183,22
49183,34859,22
3772,3773,22
25950,29004,22
292,304,22
28746,28745,22
29677,29495,22
22315,21851,22
3768,2687,22
6664,6665,22
37662,13246,22
6663,6664,22
20585,20576,22
41749,16543,22
2687,2075,22
303,311,22
44397,42994,22
2360,2362,22
19078,20958,22
3942,17326,22
15683,23410,22
43158,19454,22
1134,2945,22
2945,44397,22
41249,28661,22
42045,41641,22
26738,41642,22
12326,29007,22
28755,28754,22
9908,8788,22
2075,2683,22
8788,8816,22
28754,28759,22
8816,8786,22
29007,29005,22
28759,28752,22
29005,29006,22
28752,28751,22
28751,28749,22
28749,28747,22
28747,28746,22
15450,15452,22
4563,43147,22
23222,38110,22
16427,25364,22
2683,3769,22
3771,3772,22
38394,28756,22
15745,16022,22
3770,3771,22
35715,48458,22
48458,48459,22
4716,5166,22
49379,28765,22
2684,3770,22
28756,28755,22
3769,2684,22
13214,50480,22
13246,33941,22
24444,24105,22
16309,34123,22
22476,24117,22
34441,34435,22
49168,11334,22
7327,8433,22
34107,23777,22
18077,5945,22
751,727,22
29403,29450,22
47406,13154,22
16759,43937,22
22613,16796,22
35685,35686,22
13082,13081,22
16221,44248,22
15900,15853,22
81,22613,22
16629,16607,22
39174,16629,22
82,81,22
21686,82,22
48896,2143,22
7113,7094,22
7094,7095,22
16567,16509,22
28421,28416,22
16402,23343,22
14354,14355,22
27644,27639,22
36893,13354,22
12959,12823,22
38658,48419,22
27639,27722,22
38578,38577,22
14474,41888,22
48419,1170,22
47842,16061,22
15798,15903,22
16074,16075,22
16078,16079,22
16081,35714,22
35715,41488,22
38577,38576,22
13710,12890,22
12889,12841,22
3955,3954,22
40646,41753,22
19495,19496,22
4185,18876,22
39779,48030,22
13592,48082,22
28141,39779,22
43547,43549,22
13074,743,22
28144,28130,22
43549,37825,22
23534,24468,22
40187,40191,22
40191,40192,22
27869,27660,22
27867,27869,22
15623,23225,22
23225,34106,22
34106,38750,22
38750,25006,22
36832,34107,22
37001,39842,22
22872,16649,22
29503,29383,22
16846,22713,22
26641,26640,22
28517,26641,22
34168,11294,22
11294,9048,22
35326,21675,22
22713,35326,22
16504,16608,22
13645,12854,22
39114,39115,22
22719,24812,22
34459,34649,22
26475,26848,22
26121,26120,22
13004,13645,22
34794,8069,22
5783,20648,22
19798,19495,22
19496,6851,22
12126,28744,22
6851,19740,22
14279,43840,22
43840,14381,22
43535,50890,22
23552,34125,22
34125,34126,22
34126,23558,22
14381,41884,22
33993,23665,22
41884,41886,22
41886,29617,22
23665,23765,22
7240,18251,22
7234,18234,22
23765,23766,22
23766,23779,22
18234,19381,22
15817,15860,22
22820,23908,22
50894,44398,22
50890,18563,22
43539,43546,22
43546,21004,22
2755,2085,22
48005,26046,22
29496,14390,22
14390,14388,22
17138,1243,22
26084,26080,22
41709,41710,22
41713,41709,22
39225,41713,22
14388,14386,22
29439,14275,22
16705,35172,22
25226,25206,22
16815,642,22
25229,25226,22
34325,28977,22
14386,14384,22
49283,22372,22
14384,29466,22
44398,41597,22
41597,41598,22
41598,16705,22
18573,43531,22
37824,6125,22
5885,18573,22
12316,26730,22
28744,12316,22
3648,1946,22
1946,17402,22
1948,2427,22
2427,2883,22
49833,29127,22
17799,19583,22
29127,29128,22
29128,29129,22
43531,43535,22
34807,34805,22
47799,18695,22
15904,23223,22
28106,15904,22
7335,7333,22
21744,17200,22
23920,44303,22
24753,22989,22
25133,38752,22
74,15795,22
15795,16823,22
16823,16699,22
16699,16701,22
16701,16702,22
16702,22826,22
22826,34175,22
43519,25133,22
38752,38751,22
23885,23755,22
38751,23767,22
23767,23768,22
47863,2392,22
23768,23576,22
23576,38749,22
23559,34133,22
34133,25032,22
25032,23553,22
41893,14286,22
26046,46601,22
46601,47138,22
18946,18947,22
4720,4864,22
3766,2073,22
4637,4720,22
2767,3766,22
20089,18995,22
20073,20089,22
43422,26170,22
18947,20073,22
3860,2767,22
41737,41736,22
19985,18946,22
51073,38992,22
48813,48824,22
37113,37110,22
17818,6046,22
38992,25896,22
25896,38985,22
38985,38978,22
41736,4177,22
41739,41737,22
38986,38977,22
16011,16013,22
37386,37392,22
37392,41293,22
6758,6759,22
2074,3768,22
47145,21295,22
19547,39024,22
44138,20958,22
4244,19337,22
49601,40513,22
27052,27325,22
14044,29432,22
51172,51218,22
51218,40516,22
40516,5558,22
3767,2074,22
40524,19579,22
2073,3767,22
19263,40360,22
38978,38986,22
24861,35287,22
23125,22071,22
10833,10834,22
41883,14491,22
14491,41881,22
14387,14389,22
957,22858,22
836,24438,22
14389,14391,22
14391,14271,22
850,846,22
26028,35404,22
985,24248,22
14285,41894,22
1760,4895,22
47138,26028,22
981,986,22
41781,22182,22
22066,22067,22
22068,22069,22
22069,23125,22
41885,41883,22
24245,23018,22
38977,38989,22
3021,42406,22
38989,38988,22
15430,22034,22
37825,43553,22
10847,41161,22
38988,38987,22
43553,43552,22
38990,48637,22
23223,23534,22
18140,18198,22
25314,25315,22
42406,4871,22
43552,37824,22
41290,3381,22
3075,41290,22
48031,3368,22
14293,41887,22
25315,25316,22
41887,41885,22
38987,38990,22
9682,9909,22
37306,37292,22
13200,13788,22
33942,34119,22
33993,17,22
11470,41133,22
48079,3368,22
1734,2689,22
2689,1733,22
44151,28285,22
1733,2342,22
2342,3727,22
3727,43343,22
23865,34117,22
51476,22449,22
43343,2875,22
34057,51476,22
22999,34057,22
22494,23596,22
22884,15968,22
15969,22884,22
27893,26520,22
22879,15964,22
15963,15962,22
15962,22880,22
22880,22888,22
27892,27893,22
15926,15925,22
22888,15959,22
15958,15969,22
15959,15961,22
15961,15960,22
15960,22881,22
15931,15929,22
13246,16186,22
22881,15958,22
2875,3545,22
3545,3546,22
3546,2789,22
48280,27525,22
6912,6914,22
34500,34659,22
34659,34503,22
51278,51935,22
29221,48522,22
43030,48280,22
15905,15529,22
34492,34498,22
28741,28740,22
28740,28739,22
28739,28738,22
475,489,22
48283,35115,22
21087,21095,22
34498,34500,22
21349,21497,22
2789,2790,22
12408,12268,22
2790,17409,22
8328,10193,22
34348,34345,22
19466,19465,22
6356,19606,22
41047,21302,22
35345,20397,22
48481,43297,22
19465,19462,22
18294,18320,22
18286,18294,22
7251,18286,22
19462,19870,22
19870,6912,22
27889,27892,22
22877,22879,22
28007,28025,22
16448,15548,22
25016,51,22
18859,18860,22
18859,17922,22
8146,8438,22
24539,24540,22
15359,25070,22
16020,16447,22
25353,22431,22
48089,15746,22
24540,24541,22
39224,10400,22
37003,15917,22
24541,24542,22
15934,792,22
44709,25016,22
26874,28727,22
1026,44838,22
34471,34481,22
41375,23896,22
25355,23930,22
23930,23933,22
23933,23934,22
42112,17750,22
34481,34494,22
34467,34471,22
16253,16254,22
7338,43026,22
41801,34467,22
34781,34719,22
21808,25355,22
24034,24026,22
28224,28771,22
49933,13482,22
44838,1024,22
28025,27990,22
19189,6277,22
24417,24430,22
23585,23586,22
41557,42093,22
41559,41557,22
5489,41559,22
6277,5488,22
19191,19200,22
5755,42084,22
22876,15966,22
15966,22877,22
27367,28614,22
27990,27367,22
42087,19240,22
39630,42087,22
6284,41552,22
42084,42081,22
24431,837,22
40798,858,22
2823,38617,22
1685,2823,22
38629,1685,22
1186,4033,22
845,23759,22
49504,49640,22
39279,34058,22
42081,41548,22
48077,39279,22
4033,4032,22
3847,1267,22
41551,6078,22
41549,41551,22
41548,41549,22
13269,13481,22
51868,42657,22
12818,12837,22
14532,13030,22
473,461,22
27865,27876,22
34539,34541,22
6391,18770,22
44317,21769,22
49032,24928,22
4675,43913,22
13358,13751,22
43392,3190,22
15434,16062,22
24861,21507,22
4533,4832,22
13942,48366,22
25113,22377,22
49200,14897,22
22377,23596,22
3265,20503,22
25697,27794,22
23445,37829,22
37043,37044,22
50380,25258,22
38494,38492,22
38462,38494,22
21059,21069,22
48416,21002,22
21070,18203,22
29378,14111,22
23855,23840,22
599,47963,22
6812,5831,22
41300,24711,22
13509,50639,22
50639,29514,22
42182,41300,22
17381,1217,22
14111,13126,22
359,15233,22
42468,934,22
20630,47364,22
24120,24111,22
38723,23998,22
24121,24131,22
24110,24121,22
50485,29450,22
6811,6812,22
6403,6811,22
15219,49032,22
5831,18042,22
51572,20630,22
38463,38462,22
23860,23855,22
38534,4149,22
38500,38517,22
27847,27851,22
38466,38500,22
38467,38466,22
4090,38508,22
38508,38507,22
38468,38467,22
36815,7672,22
15699,775,22
22099,16684,22
38470,38468,22
38507,38506,22
1213,1223,22
38506,38505,22
1207,1213,22
16002,23478,22
38471,38470,22
38505,38471,22
1133,42991,22
14897,42815,22
16882,51269,22
474,470,22
23909,23910,22
470,473,22
38499,38463,22
24025,24035,22
12180,49809,22
38517,38499,22
22060,24121,22
21019,21006,22
9048,15884,21
14096,14098,21
41626,41618,21
13179,13049,21
42658,44501,21
41616,41617,21
987,958,21
41615,41616,21
106,42658,21
40297,40295,21
6486,18002,21
41614,41615,21
14098,14107,21
21499,106,21
17749,41627,21
42726,1758,21
17767,41614,21
13072,13208,21
23895,108,21
50138,44500,21
40299,49648,21
13221,12936,21
6059,51579,21
5801,5793,21
27974,27093,21
27373,27395,21
48474,49251,21
5803,5801,21
893,24443,21
34232,34429,21
24244,24248,21
5804,5803,21
34061,34062,21
49618,40299,21
4927,4542,21
49648,40297,21
22256,15367,21
50996,17919,21
6840,50996,21
44473,12862,21
6839,6840,21
48294,16786,21
35312,4717,21
12920,14101,21
14101,14096,21
47061,9794,21
9791,9786,21
13935,13920,21
12936,13117,21
29424,39132,21
14081,12973,21
40302,49618,21
18046,18070,21
4579,5917,21
5830,5200,21
17722,17727,21
24414,24435,21
29617,14294,21
37625,37624,21
7062,37625,21
37609,18155,21
37610,37609,21
37611,37610,21
50175,37611,21
18121,50175,21
37613,37612,21
27537,25953,21
17785,41619,21
41631,17785,21
6770,6777,21
17692,17719,21
44232,10776,21
7294,44232,21
21264,5491,21
12932,12824,21
39073,10421,21
15813,15868,21
15835,15803,21
51331,5496,21
27654,27276,21
12132,12232,21
29117,29118,21
29119,29120,21
27840,44292,21
12232,38903,21
12279,12285,21
29118,29119,21
6588,49307,21
6777,5830,21
5200,5201,21
4931,4961,21
5201,5202,21
34109,15886,21
43585,25701,21
18068,18054,21
1296,23129,21
18070,6402,21
21231,5007,21
6402,6403,21
23583,22876,21
22235,2092,21
21217,18665,21
41618,6392,21
34060,16839,21
16839,34061,21
40295,18644,21
48184,5017,21
25328,34109,21
6400,18068,21
50638,8056,21
7189,7190,21
14385,14387,21
29440,14385,21
41880,41882,21
41881,41880,21
5202,7188,21
7188,7189,21
7190,18030,21
7328,50638,21
7334,8433,21
18030,6625,21
42509,24237,21
6625,18059,21
18059,18067,21
18067,6400,21
6468,6469,21
21354,51113,21
14642,348,21
23453,40035,21
33907,15492,21
33906,33907,21
48257,27530,21
39637,39757,21
19352,20933,21
33904,33906,21
1553,45005,21
35994,1553,21
1542,35994,21
1538,1542,21
1531,1538,21
1523,1531,21
33896,23448,21
18829,18824,21
23320,24201,21
37829,33896,21
26617,28525,21
6467,6468,21
40870,43859,21
28525,26620,21
15489,33871,21
23429,23426,21
23438,23429,21
26633,28526,21
28526,26650,21
26647,26643,21
28400,28403,21
25414,15487,21
26619,26629,21
39779,44943,21
28206,28801,21
28801,28741,21
28738,28736,21
17806,6210,21
20948,17806,21
38184,20948,21
20952,38184,21
11824,9339,21
41132,11824,21
5928,21287,21
21259,5920,21
5922,21259,21
36896,13322,21
40041,23407,21
25123,24200,21
50867,24189,21
14233,14244,21
29435,29423,21
28374,28368,21
28399,28408,21
38631,38624,21
38645,38631,21
28309,12798,21
19361,41639,21
23407,33895,21
41725,41727,21
44689,26619,21
26629,26623,21
8242,49395,21
35471,5048,21
2792,2797,21
680,681,21
15946,39840,21
2798,3454,21
3454,2799,21
5005,21003,21
5003,5005,21
5002,5003,21
17020,1794,21
18213,21018,21
18246,18213,21
2418,2420,21
35393,5808,21
682,15222,21
13358,13700,21
37041,35393,21
5114,37041,21
42433,5114,21
48170,25938,21
2420,2421,21
2421,1795,21
25358,24010,21
23987,25356,21
25356,23996,21
23996,24014,21
6470,18162,21
681,682,21
15222,14605,21
26693,28529,21
43039,28975,21
14423,43839,21
38588,26663,21
26663,26658,21
26658,26653,21
26653,28530,21
28530,26661,21
26661,26668,21
15414,44892,21
26674,26662,21
26662,26656,21
26656,12054,21
12058,26666,21
41489,41829,21
26622,26624,21
24054,24784,21
41485,15539,21
15540,15541,21
15541,15542,21
15545,15546,21
39339,43039,21
47969,3549,21
48221,17623,21
20963,21017,21
21316,24054,21
28545,26694,21
26694,26692,21
49741,49632,21
49605,48864,21
48578,49306,21
8612,9043,21
6666,6667,21
519,505,21
23643,25035,21
24571,24542,21
23092,23643,21
16291,23642,21
6665,6666,21
22379,16291,21
80,22379,21
13482,29634,21
41935,20739,21
10649,10498,21
11416,11414,21
2175,3181,21
11418,11416,21
11420,11418,21
11421,11420,21
11422,11421,21
27995,28007,21
27380,27106,21
25859,27093,21
27360,25858,21
27983,27360,21
27666,27581,21
28349,51495,21
27984,27983,21
4735,4742,21
6469,6470,21
1220,35993,21
4717,4678,21
19722,19846,21
42814,49503,21
484,482,21
482,460,21
49503,36994,21
26737,51390,21
41447,43028,21
7766,7720,21
10108,35302,21
39769,39779,21
51159,7559,21
41784,4179,21
24160,24149,21
51113,51112,21
24109,24160,21
24120,24109,21
24125,24120,21
22966,24125,21
25035,50591,21
526,519,21
20200,20275,21
21918,22548,21
22540,37003,21
12797,28373,21
5048,4659,21
40360,19324,21
27361,27984,21
27441,27986,21
7013,37612,21
48495,284,21
40758,40769,21
40769,40759,21
41007,41008,21
41008,41009,21
41009,41010,21
6543,40987,21
49425,49471,21
35696,1296,21
40987,40966,21
40966,40965,21
40965,40964,21
20892,19134,21
288,48494,21
28233,28560,21
44700,291,21
44435,44439,21
47303,44435,21
48491,47303,21
47204,48491,21
585,47204,21
42546,585,21
9242,8916,21
20583,20574,21
24199,15909,21
25092,23320,21
14053,14044,21
40772,40758,21
40757,40772,21
40773,40757,21
47878,48898,21
39748,7013,21
42609,39748,21
20643,42609,21
20618,7283,21
27985,27441,21
27982,27985,21
50565,27982,21
4201,40492,21
40492,6711,21
23697,23708,21
27359,50565,21
24854,22280,21
25969,27359,21
29382,29656,21
15924,15923,21
6711,20175,21
15923,16655,21
15219,29450,21
27094,25968,21
28650,27378,21
29656,29677,21
27386,27366,21
27368,27386,21
49419,27974,21
27512,27154,21
28529,38588,21
41617,41626,21
19039,20928,21
19437,19067,21
16104,25404,21
35734,41178,21
40603,40608,21
11410,8631,21
40608,40609,21
40623,40622,21
8631,11398,21
29419,29457,21
11398,8629,21
29283,29284,21
24850,21799,21
8629,8628,21
18092,18140,21
8628,8626,21
5036,5119,21
40601,40603,21
40609,40613,21
28728,49379,21
28729,28728,21
6225,6226,21
14012,13871,21
1249,2175,21
51430,26724,21
19060,40623,21
20929,19060,21
13246,16147,21
5128,5129,21
5124,42311,21
11302,11410,21
4741,4879,21
13087,13135,21
5147,5133,21
42845,11119,21
5127,5128,21
5125,5127,21
5129,5131,21
41096,7827,21
37507,35734,21
42311,5125,21
7825,41096,21
12090,12509,21
41133,39262,21
41855,49056,21
19798,19894,21
49056,49030,21
5131,5132,21
1355,3395,21
6054,6055,21
49030,49005,21
49005,49018,21
49018,41868,21
41868,49438,21
5132,5147,21
41095,7825,21
7717,41095,21
4879,5036,21
4177,20390,21
20121,19551,21
4666,18383,21
5121,5124,21
8626,11387,21
6108,20784,21
40254,40255,21
40252,40250,21
40614,40610,21
19040,19054,21
3292,51628,21
17366,3292,21
20737,42199,21
3861,17366,21
40250,40254,21
44001,50688,21
17479,3861,21
25644,25828,21
28903,50634,21
18237,6583,21
17451,17415,21
37729,51199,21
1438,17479,21
37386,37388,21
42199,19842,21
12353,12154,21
20928,20929,21
6056,51084,21
12154,49812,21
48423,24928,21
24529,24530,21
40615,19039,21
19331,19285,21
51628,17451,21
6055,6056,21
40626,40601,21
51642,51984,21
5133,5134,21
40889,51633,21
17437,40889,21
51984,51612,21
37314,37312,21
6067,40975,21
51084,4197,21
40605,40626,21
51633,51642,21
29457,29458,21
48809,28222,21
40610,40605,21
40033,40036,20
13714,12841,20
9255,46951,20
13129,13033,20
49480,7676,20
11338,9258,20
39629,48090,20
38110,16107,20
34870,49480,20
46712,39629,20
17082,17086,20
34080,23193,20
27418,46712,20
35404,27418,20
6945,20658,20
34776,8270,20
34985,42757,20
41453,8935,20
7676,7845,20
769,37000,20
34777,34778,20
40430,40033,20
34778,8277,20
22386,38304,20
34780,34777,20
3858,3974,20
20760,20761,20
8277,40903,20
7991,34780,20
8275,7991,20
8271,8275,20
7845,7847,20
40903,34779,20
34779,8264,20
24049,24052,20
7675,44393,20
14370,15719,20
39348,27176,20
27520,27533,20
34001,24843,20
24843,23615,20
23615,50025,20
44666,15553,20
1615,2606,20
21268,19217,20
34083,23763,20
19217,6281,20
6281,41547,20
41547,41546,20
20769,40495,20
41546,42088,20
42088,39632,20
39633,19239,20
27176,27173,20
23612,34001,20
37324,37326,20
28708,26705,20
15562,47875,20
47875,16061,20
16061,22719,20
22948,24813,20
39751,22689,20
22310,39752,20
28717,28716,20
28716,28715,20
28715,28713,20
28713,28712,20
28712,28711,20
28711,28710,20
28710,28709,20
28709,28708,20
40267,6795,20
39761,100,20
6796,6797,20
26686,26680,20
13373,13375,20
24018,24042,20
24042,24047,20
24047,24049,20
13592,14338,20
24052,24078,20
24078,13381,20
13381,13378,20
12589,39639,20
19239,39631,20
44393,34918,20
18809,19298,20
23937,24000,20
24025,24026,20
23958,23966,20
23966,23954,20
23973,23745,20
24012,24018,20
40036,33902,20
1572,1563,20
25357,23988,20
15562,47917,20
35944,2299,20
2739,35944,20
2275,2739,20
2288,2273,20
28560,28561,20
33903,33904,20
33902,33903,20
17084,17082,20
47917,22760,20
22760,24826,20
50801,50802,20
24013,22737,20
22737,50393,20
50393,25357,20
16128,16129,20
48254,48251,20
11470,10754,20
39008,49588,20
50600,50593,20
4388,7156,20
7156,20222,20
40048,40050,20
40522,37146,20
37145,20349,20
7034,51222,20
39017,50601,20
50601,50602,20
50602,50595,20
50595,50594,20
50594,50090,20
50090,50597,20
50597,7035,20
20840,49602,20
20318,20840,20
40051,40048,20
50598,50600,20
18985,4347,20
50097,50598,20
41730,50122,20
19849,40525,20
5557,40515,20
40515,40517,20
40512,51222,20
37631,41725,20
24974,24975,20
47417,41730,20
50122,50112,20
40050,663,20
50112,19545,20
20122,5551,20
5551,20488,20
20488,49602,20
20318,20720,20
6064,50596,20
50596,50097,20
19547,20720,20
49588,39006,20
43254,11456,20
39006,39019,20
5546,35247,20
51528,13740,20
35247,35248,20
35248,35243,20
35243,5548,20
23103,22075,20
43772,21597,20
4864,4761,20
980,43775,20
21736,15342,20
38393,21588,20
22068,21736,20
18691,18700,20
15278,23122,20
24383,22576,20
43163,44198,20
65,16253,20
5545,5546,20
27058,41183,20
5540,5545,20
20336,20337,20
39019,39023,20
39023,39026,20
39026,19553,20
19553,20340,20
20340,20341,20
20341,47425,20
47425,20336,20
20337,35261,20
35246,5540,20
35261,20338,20
20338,20339,20
15029,24870,20
20339,19556,20
39038,39030,20
39030,5883,20
18804,35246,20
40359,19849,20
37203,40359,20
23748,23747,20
28417,28422,20
23508,40430,20
17088,17090,20
25416,23508,20
38332,38333,20
40433,25416,20
28195,26745,20
15221,680,20
40035,40433,20
39008,47419,20
47419,47437,20
47437,20422,20
5908,40617,20
18621,5908,20
20932,18621,20
6052,20932,20
20949,6052,20
20962,20949,20
15877,41226,20
29413,29418,20
17086,17088,20
37392,37386,20
51566,43254,20
41293,37392,20
8072,34833,20
7813,8070,20
7938,7813,20
37523,28224,20
51421,26737,20
40486,48254,20
28233,48809,20
51390,28794,20
28794,28791,20
28791,28787,20
28787,28786,20
26636,26641,20
26641,26642,20
13247,29413,20
20422,20841,20
37631,39002,20
39002,39036,20
41740,35314,20
46881,47427,20
47427,46942,20
46942,47445,20
47445,5565,20
5566,38995,20
38995,39034,20
39034,39012,20
18957,42890,20
35256,35257,20
37631,20114,20
20115,5555,20
20318,39024,20
50099,27314,20
13087,14533,20
23958,23962,20
15219,15218,20
35257,46881,20
35253,5541,20
39036,39001,20
35250,35251,20
39001,41098,20
41098,38996,20
38996,39033,20
39033,47287,20
4246,4244,20
50147,47407,20
47407,35250,20
35251,5550,20
19444,4337,20
5550,5541,20
35256,35244,20
35244,19545,20
20319,47418,20
47418,47426,20
47426,39018,20
19928,20138,20
24538,1028,20
48210,12007,20
16088,16029,20
19296,40414,20
1066,17220,20
1068,1066,20
17820,6215,20
47851,47912,20
6215,20947,20
44055,44057,20
20947,17822,20
42962,42965,20
42961,42962,20
42958,42961,20
42956,42958,20
9498,9488,20
42954,42956,20
42914,42954,20
42917,42914,20
50692,750,20
42912,42917,20
17220,1087,20
38952,12949,20
1087,1095,20
20286,5564,20
1091,44358,20
22357,40806,20
1086,1091,20
1095,1086,20
468,22732,20
22732,468,20
19809,20286,20
51086,5580,20
11225,11227,20
22288,940,20
5580,19796,20
19796,19797,20
28403,28401,20
954,22864,20
19797,34246,20
12949,13091,20
49362,5781,20
5781,5782,20
5782,51228,20
40367,44295,20
40388,40393,20
40393,44203,20
44203,40407,20
40407,40404,20
40404,40406,20
19323,40363,20
40363,40367,20
44295,44245,20
40384,40390,20
44245,38920,20
40418,40378,20
40378,44247,20
44247,41275,20
41275,44202,20
44202,6002,20
18809,41272,20
40390,40388,20
41278,40384,20
51228,5783,20
40386,18812,20
44294,40403,20
40403,40402,20
40402,40394,20
40394,40392,20
40392,40389,20
40389,40385,20
40385,40386,20
19323,40358,20
44296,41278,20
40357,40359,20
40359,40361,20
40391,44299,20
19310,40348,20
40360,40358,20
40357,18814,20
44300,44296,20
44358,4030,20
4030,4042,20
4042,4041,20
51694,20254,20
24970,15174,20
15184,24970,20
28527,44689,20
26625,28527,20
742,727,20
24973,15184,20
44420,29465,20
24979,24973,20
26623,26631,20
24976,24979,20
6951,40283,20
25941,25948,20
26620,26633,20
24972,24976,20
44680,12823,20
13354,12918,20
15174,24974,20
26631,26639,20
38936,44681,20
40811,16587,20
44498,16769,20
41370,44498,20
17083,17084,20
41749,41764,20
16511,16513,20
16571,23338,20
6341,5662,20
40651,40811,20
17089,17087,20
16535,40651,20
49975,12990,20
10816,10820,20
17085,17083,20
17087,17085,20
37210,26970,20
50690,750,20
50332,13214,20
24977,24972,20
27935,27065,20
41076,41075,20
23257,44135,20
38556,38558,20
12963,35701,20
35701,23418,20
38565,38556,20
29503,14161,20
35570,41076,20
14607,14355,20
38558,3703,20
41075,35571,20
35317,34436,20
6964,38565,20
34648,34459,20
15416,21778,20
21778,23751,20
18712,19809,20
35569,35570,20
41134,35569,20
50693,750,20
17061,17081,20
3193,2393,20
4175,19263,20
50691,750,20
19746,17684,20
50694,750,20
38562,17089,20
17081,38562,20
38567,2968,20
25328,29342,20
38570,38567,20
13104,12900,20
29347,13104,20
16520,16582,20
48131,26659,20
3264,38570,20
29342,14039,20
41272,19298,20
40414,44207,20
4086,4135,20
44207,41280,20
17146,17079,20
17075,17146,20
13774,12992,20
13603,13246,20
17074,17075,20
34201,17074,20
34203,34201,20
44181,44183,20
34208,34203,20
17143,34208,20
17072,17143,20
44179,44181,20
17290,17072,20
17291,17290,20
44178,44179,20
9213,9221,20
9221,9222,20
17079,2601,20
2753,17124,20
42505,37774,20
12945,48816,20
17822,6216,20
6216,17823,20
15564,25398,20
14852,14863,20
14863,14860,20
24207,50495,20
15385,24207,20
37388,37380,20
44347,42505,20
1348,1695,20
6963,6964,20
4160,21087,20
27788,26567,20
17127,17293,20
17124,17127,20
42506,44347,20
9222,9125,20
9125,9247,20
9247,9246,20
19460,19466,20
42188,28191,20
41187,42604,20
3894,2409,20
11979,28658,20
6562,6563,20
40994,6562,20
40992,40994,20
49181,40992,20
51016,51020,20
40991,49181,20
6910,19460,20
19458,6910,20
19556,5881,20
6883,6881,20
33895,15499,20
34918,36850,20
938,51016,20
51020,24392,20
9246,9245,20
17288,17286,20
9245,9243,20
9243,9242,20
43564,44178,20
43566,43564,20
17286,17291,20
43132,43566,20
43135,43132,20
41195,42601,20
17069,17134,20
43136,43135,20
17122,17288,20
42601,41189,20
44707,44705,20
28191,43136,20
41189,41187,20
17134,17122,20
48816,12935,20
490,488,20
476,490,20
42937,42940,20
42906,42910,20
42952,42906,20
39820,42952,20
42942,39819,20
42940,42942,20
43301,23259,20
13066,38952,20
42935,42937,20
40362,18814,20
42934,42935,20
35729,7717,20
7825,35729,20
19583,17771,20
35735,7825,20
40545,42934,20
39823,40545,20
42910,42912,20
40366,40362,20
37507,35735,20
6013,6014,20
41280,44205,20
40406,40413,20
40413,41281,20
41281,41279,20
41279,40415,20
40415,40410,20
40410,6013,20
6014,19325,20
44208,40366,20
6015,41277,20
41277,41270,20
41270,41276,20
41276,40381,20
40381,6000,20
19308,40374,20
40374,44208,20
50544,39829,20
39828,50558,20
44062,44056,20
39792,39776,20
42911,42909,20
42918,42911,20
42916,42918,20
42953,42916,20
42955,42953,20
12935,13066,20
39776,39779,20
42957,42955,20
740,48,20
42960,42957,20
48459,44810,20
42963,42960,20
42966,42963,20
40547,42966,20
44056,44054,20
14348,14227,20
48,436,20
545,449,20
38635,38637,20
42936,40544,20
24428,48255,20
40544,39822,20
787,29503,20
915,24420,20
28409,28401,20
917,915,20
963,917,20
42938,42936,20
517,516,20
42939,42938,20
42941,42939,20
42928,42941,20
39821,42928,20
42904,39818,20
964,963,20
42909,42904,20
38375,65,20
41727,47417,20
43165,43163,20
27868,27887,20
14228,29503,20
1820,3934,20
41596,16824,20
16824,25332,20
23769,14228,20
3900,48887,20
4665,4507,20
13872,14012,20
46429,26892,20
4507,4675,20
1143,1153,20
38149,41006,20
39682,39685,20
7771,39682,20
50398,10790,20
28678,26084,20
44330,43308,20
34207,17073,20
3809,3692,20
2478,6998,20
43138,43570,20
48273,28638,20
21566,21567,20
16479,16230,20
26151,26148,20
17073,17071,20
26148,28678,20
21347,21348,20
7444,10790,20
17474,3170,20
16205,16454,20
3542,17485,20
3539,17475,20
17475,3809,20
19154,20906,20
5891,20903,20
29092,29093,20
29093,29094,20
39066,39064,20
49333,21514,20
49343,49333,20
49331,49343,20
48247,49331,20
16678,48247,20
29280,29287,20
29287,29285,20
29285,26896,20
26896,46357,20
46357,43059,20
43059,43132,20
43132,44186,20
44186,44184,20
44184,44182,20
29279,29280,20
43063,29279,20
43136,43063,20
39088,39065,20
29094,12398,20
39685,39686,20
11814,37834,20
29116,29117,20
38792,1721,20
26892,26754,20
38778,39088,20
17071,17070,20
38775,38778,20
38786,38775,20
39064,38786,20
44101,43017,20
21378,21357,20
12119,49413,20
21567,21568,20
48086,49031,20
24323,333,20
15498,48864,20
48987,46902,20
39991,19148,20
19148,39996,20
46902,47069,20
38745,6230,20
48881,23264,20
17067,17125,20
51282,5006,20
23264,51656,20
5006,5004,20
17125,2968,20
6230,20995,20
37689,12945,20
20995,6231,20
6231,20976,20
17586,48987,20
28977,25675,20
34205,34207,20
38743,38745,20
17128,17065,20
17065,17067,20
39228,830,20
24442,24440,20
48883,17586,20
15412,15465,20
15465,15466,20
21427,35711,20
15466,15467,20
33943,15817,20
24995,33943,20
50894,25335,20
25335,22964,20
44398,25360,20
25360,34175,20
17061,17062,20
21195,49636,20
11120,12975,20
20152,50389,20
3904,2765,20
47024,48086,20
3046,2700,20
43167,43165,20
17352,3164,20
43569,44630,20
44152,43600,20
43600,43138,20
12876,12829,20
12824,12876,20
34199,34200,20
36541,13632,20
12828,12847,20
34200,34204,20
34204,34205,20
17145,34199,20
17076,17145,20
15642,23261,20
24263,25075,20
47069,47024,20
17121,17078,20
17078,17077,20
48870,25070,20
17077,17076,20
15393,25117,20
25075,25072,20
15840,15707,20
49636,49606,20
49606,40302,20
25072,39732,20
50337,50336,20
41462,16391,20
50336,50339,20
44182,44180,20
23102,22086,20
1168,47975,20
5454,5728,20
40489,40488,20
14190,14193,20
17123,17069,20
14008,14533,20
14181,14151,20
14151,14150,20
14150,14147,20
14147,14005,20
13993,13991,20
14137,13236,20
14350,14129,20
29377,14093,20
18823,18825,20
40488,40486,20
5444,5445,20
19713,40489,20
5709,5425,20
6387,50682,20
37465,5709,20
5366,5364,20
5364,5363,20
5363,5361,20
5361,5359,20
5359,5357,20
23534,16147,20
27010,27007,20
5357,5424,20
48349,21786,20
41133,20224,20
5424,5373,20
5373,5715,20
38278,48981,20
5430,5722,20
21291,20917,20
5445,5447,20
5447,5449,20
5449,5727,20
49476,13758,20
42075,44600,20
44600,44599,20
14161,14594,20
48655,14161,20
14107,14123,20
14123,13054,20
29377,13183,20
48807,48655,20
29435,48807,20
48252,7191,20
48251,48252,20
28651,49414,20
37685,29310,20
47951,15233,20
13893,12937,20
4589,4965,20
29419,14002,20
14008,13135,20
14006,14007,20
13758,24659,20
14094,14111,20
22544,23698,20
14353,14136,20
13992,13990,20
14003,14006,20
14007,14148,20
14200,14193,20
14148,29333,20
29333,14182,20
20171,20409,20
5066,4661,20
48582,29461,20
42529,14200,20
50682,5423,20
39053,6387,20
37396,37394,20
23596,47833,20
23575,23479,20
15683,23575,20
12719,12183,20
25186,25182,20
25182,50095,20
50095,50120,20
25653,25830,20
50120,25183,20
23087,23756,20
23086,23087,20
22592,23086,20
22789,22592,20
22591,22789,20
22589,22591,20
16802,22589,20
23479,15593,20
47833,22803,20
6725,40495,20
15866,16802,20
44180,44177,20
44177,43139,20
43139,43565,20
43565,43563,20
11237,11235,20
17070,17287,20
23221,23543,20
35603,41289,20
43563,43133,20
43133,43134,20
43134,28190,20
12273,41902,20
24500,24501,20
46420,830,20
5491,5496,20
13362,13319,20
17287,17123,20
47945,47949,20
47949,19713,20
17940,17927,20
48981,35872,20
6677,6685,20
6678,6679,20
6679,40595,20
40595,6680,20
6680,40596,20
40596,40599,20
40599,40598,20
40598,40597,20
40597,40676,20
40676,40714,20
40714,40586,20
39174,16557,20
6724,6725,20
13727,13113,20
15968,42187,20
42187,22887,20
12852,14542,20
21818,24178,20
25081,25123,20
18753,18768,20
51863,50187,20
18470,18544,20
12183,12165,20
13644,13639,20
13295,13042,20
13639,12975,20
24850,23551,20
24646,23871,20
37694,47432,20
12356,12171,20
12172,12495,20
17064,17128,20
5492,50640,20
33906,23465,20
43171,43173,20
43180,40122,20
38570,38568,20
25329,40037,20
50163,50078,20
24638,23839,20
43173,43180,20
38555,38554,20
50073,50161,20
38557,38555,20
48840,41491,20
2753,38570,20
17121,2601,20
47139,44053,20
44068,46875,20
17080,2600,20
43174,43171,20
43176,43174,20
50542,42908,20
40037,40431,20
23455,23450,20
39699,39700,20
35918,17004,20
16424,41485,20
37245,16202,20
21485,15679,20
21548,49332,20
49332,49341,20
49341,49334,20
21798,22935,20
15964,15963,20
38744,38742,20
40431,40032,20
23465,23455,20
18359,4865,20
40312,19640,20
10886,41495,20
44106,43185,20
49334,49348,20
49348,49344,20
49344,16673,20
40001,19916,20
23470,23461,20
38568,38567,20
19218,6271,20
3123,2891,20
19241,19218,20
3214,3123,20
3112,3214,20
28918,43187,20
19245,19221,20
25328,23148,20
5570,40523,20
6271,19220,20
19216,19217,20
28800,27520,20
38566,38559,20
19220,19245,20
2607,15206,20
38561,17080,20
36895,13320,20
3862,1946,20
17090,38561,20
19217,19241,20
43187,43178,20
43178,43176,20
38559,38557,20
50163,50162,20
42417,37362,20
663,23436,20
47139,44050,20
44052,46875,20
44017,44052,20
50162,50157,20
15996,750,20
5756,42090,20
19221,6382,20
6483,7232,20
19023,5756,20
17962,19023,20
6382,17962,20
19198,19196,20
37108,25340,20
25340,24939,20
19196,19216,20
48430,35918,20
50157,43964,20
29354,13182,20
12858,14338,20
13898,13905,20
17054,38566,20
27037,27036,20
43185,43167,20
23860,23854,20
35193,28425,20
15861,23876,20
23242,23864,20
48262,22672,20
24627,34119,20
6965,6175,20
48517,48883,20
21510,34047,20
23596,48262,20
13857,13862,20
18224,18228,20
29426,45028,20
18624,18593,20
48429,48430,20
48262,22803,20
11160,22966,20
36334,41133,20
22803,24627,20
43053,15657,20
13895,13898,20
38370,38369,20
6482,7207,20
38369,44708,20
27319,41182,20
19640,40310,20
28424,35194,20
13910,29346,20
10356,35846,20
24381,24383,20
48428,48429,20
6984,6965,20
38554,6984,20
38567,3256,20
44708,44707,20
14338,48438,20
14945,493,20
47923,20881,19
10083,10261,19
15000,39043,19
39012,39037,19
39037,39011,19
2528,1914,19
22569,22571,19
3665,3080,19
3664,3665,19
49503,22569,19
39011,39010,19
14484,14420,19
985,23018,19
18309,18319,19
29415,40799,19
48069,39637,19
7221,5238,19
41747,41746,19
34015,48074,19
958,934,19
24381,49603,19
24236,51046,19
50644,35300,19
7215,41747,19
29641,50644,19
39009,37631,19
21696,12042,19
37631,42890,19
20881,17650,19
39010,39009,19
15972,25190,19
49603,49503,19
23660,11161,19
51046,24242,19
14483,14484,19
17650,48958,19
48958,17589,19
37414,22899,19
16054,16052,19
16068,45020,19
9695,11847,19
17589,48810,19
12831,12983,19
25188,8448,19
21972,21632,19
7215,18592,19
15220,679,19
679,14598,19
942,24369,19
7191,44826,19
44826,48253,19
5622,51974,19
41748,7215,19
48253,48250,19
48250,40487,19
28294,28295,19
981,42462,19
22041,7,19
25190,25188,19
24159,24108,19
39428,39470,19
47946,47945,19
49880,48061,19
48516,49880,19
34537,34510,19
48810,48516,19
24121,23660,19
24108,24121,19
27628,27626,19
24242,981,19
7,24819,19
41890,14483,19
35400,12800,19
35196,35195,19
18588,7215,19
24819,34015,19
14600,47890,19
14457,14293,19
14445,14457,19
14295,14458,19
38915,6016,19
40039,23459,19
15218,15220,19
27900,27689,19
2608,2969,19
23454,23450,19
44458,13356,19
23458,23454,19
6791,6792,19
18028,18090,19
39029,37514,19
18804,39029,19
12042,22315,19
42177,42183,19
14544,13694,19
13731,14544,19
20405,19446,19
23429,40434,19
23464,23458,19
5807,6791,19
5805,5807,19
33905,23464,19
40435,33905,19
18692,18668,19
17236,1562,19
40049,40435,19
1562,1569,19
14161,29383,19
13424,13116,19
40434,40436,19
2655,3080,19
4210,19937,19
13268,13079,19
41726,42890,19
5548,35249,19
18875,41094,19
44332,27009,19
48248,25975,19
13601,13268,19
1555,1563,19
13356,13178,19
41094,19762,19
37112,37115,19
13056,13354,19
41665,48474,19
16305,15697,19
40242,4878,19
26639,26693,19
2155,39749,19
17400,2144,19
41738,41739,19
41735,41738,19
4668,20740,19
5601,41735,19
50256,39018,19
46545,50256,19
49593,46545,19
39022,49593,19
39027,39022,19
20317,39027,19
4980,4668,19
35249,19879,19
40436,40051,19
41728,41726,19
16363,23380,19
2778,17023,19
49388,8241,19
23459,15507,19
2797,38545,19
23653,24861,19
43540,43541,19
29113,29114,19
38545,2798,19
43541,43542,19
43542,43543,19
43543,43544,19
43544,6135,19
6135,43545,19
38898,24315,19
43545,43547,19
13992,13219,19
8331,8242,19
18960,41741,19
37631,18959,19
20320,42890,19
20321,20123,19
20841,19555,19
40038,40039,19
6382,5756,19
14880,14853,19
23490,40038,19
38553,2501,19
16376,16375,19
7890,34909,19
11219,11208,19
41729,41728,19
11210,11219,19
47414,41729,19
50079,47414,19
29394,14218,19
19938,19936,19
50084,50079,19
17927,5805,19
43682,47976,19
41731,50084,19
35253,41731,19
40032,40049,19
11897,9914,19
21073,43532,19
3365,3560,19
25330,25329,19
17941,17940,19
5824,17941,19
43532,43533,19
50599,49601,19
15507,25330,19
43533,18579,19
18293,18285,19
18319,18293,19
6384,5812,19
50593,50599,19
18579,43540,19
17915,5824,19
5798,17915,19
21116,19416,19
21847,16016,19
29112,29113,19
6574,17747,19
19242,39631,19
43550,43548,19
6136,43550,19
43554,6136,19
8271,34776,19
845,848,19
34837,8270,19
6798,6799,19
12129,12132,19
2681,2682,19
19345,5997,19
39710,3356,19
7993,34837,19
3357,2153,19
39630,39632,19
41453,34984,19
2153,2154,19
43224,42608,19
27634,27627,19
24442,808,19
35579,20144,19
44147,25855,19
40490,17611,19
42608,42757,19
19381,20621,19
6800,39877,19
24437,837,19
41045,40820,19
8263,8265,19
48920,13356,19
43548,43539,19
39633,19191,19
34836,7993,19
8267,34836,19
20143,35579,19
24048,24019,19
41365,38805,19
11073,41168,19
15930,15932,19
6111,43551,19
6113,6111,19
12128,28744,19
43534,6110,19
37326,37324,19
43530,43534,19
6538,6537,19
9244,11361,19
6537,40995,19
9062,10687,19
40995,40993,19
43551,43554,19
24019,24016,19
2682,2019,19
8266,8267,19
2019,2026,19
2026,3731,19
3955,41362,19
41362,3954,19
2164,41361,19
41361,41365,19
40487,40490,19
10319,10062,19
48824,15618,19
47900,26122,19
40902,8266,19
15948,39840,19
15946,15948,19
8265,40902,19
20533,20409,19
3356,3357,19
49192,40990,19
22261,69,19
37616,37615,19
7822,7672,19
42142,42144,19
42144,42140,19
42140,42129,19
20643,37616,19
42129,42130,19
24394,42465,19
38627,38629,19
51645,38627,19
42130,42135,19
38626,51645,19
38619,38626,19
38616,38619,19
24247,981,19
40875,41222,19
42132,42131,19
37615,37614,19
27786,27633,19
37614,38915,19
14787,42313,19
6016,37613,19
24535,51586,19
27633,27638,19
1359,17269,19
19467,4929,19
51586,1025,19
1025,24573,19
18122,6615,19
35368,43350,19
5095,35368,19
18115,18122,19
42135,42132,19
42131,42136,19
38272,42840,19
38274,4117,19
23401,34084,19
37617,34306,19
18041,37617,19
4114,4115,19
4115,38275,19
38275,38274,19
4117,4118,19
34306,20643,19
4118,48611,19
48611,48676,19
48676,48869,19
48869,48659,19
48659,4119,19
4119,38272,19
40622,40620,19
25690,26027,19
38624,38616,19
11415,11417,19
51627,38645,19
49871,48517,19
10781,11430,19
51115,40554,19
11430,10648,19
10648,11415,19
11417,11419,19
26027,25691,19
42136,42143,19
29016,12589,19
12203,12289,19
13225,12991,19
11419,11399,19
48062,49871,19
40993,49192,19
21073,43530,19
38805,3699,19
13641,13133,19
722,704,19
723,722,19
18072,6406,19
6406,6407,19
16875,24278,19
6407,6408,19
12875,13644,19
43814,41163,19
13819,12875,19
13929,13838,19
13032,14477,19
24930,23681,19
48801,47114,19
5116,4880,19
15702,15898,19
47925,4635,19
3849,1828,19
44148,12387,19
3531,1835,19
2698,17352,19
22531,15928,19
12375,44148,19
44162,22099,19
477,472,19
15192,15194,19
2150,17442,19
18883,6641,19
28962,28961,19
1889,1864,19
1294,3870,19
2148,39710,19
17442,2148,19
12387,12539,19
42231,42230,19
2159,2150,19
18625,18609,19
47114,47156,19
47156,47923,19
29090,29091,19
29091,29092,19
6526,6045,19
18531,6057,19
18591,18601,19
48129,18544,19
4251,4246,19
5812,5493,19
19416,21127,19
9248,9126,19
42228,42220,19
11361,9248,19
29120,29077,19
42465,24928,19
39735,24457,19
39732,51936,19
20721,1766,19
18310,18302,19
3544,1916,19
15856,15832,19
15677,15378,19
3234,3949,19
4875,4895,19
35464,4505,19
48054,35464,19
2154,2155,19
42229,42228,19
42230,42229,19
5121,5116,19
1833,3531,19
42416,42417,19
3875,3849,19
49057,48801,19
1373,1707,19
4035,17214,19
3920,1437,19
1437,3918,19
28657,28030,19
12373,44153,19
29194,12373,19
26636,26642,19
29193,29194,19
3685,1645,19
44101,42314,19
24050,24048,19
1048,1042,19
18773,6882,19
14235,14244,19
3834,36914,19
24081,24079,19
13379,24081,19
29246,28962,19
39758,40508,19
40508,37714,19
48644,13374,19
40975,40976,19
37714,25327,19
25327,42510,19
42510,42512,19
17639,5497,19
3699,17439,19
35683,11065,19
43761,27520,19
38851,1688,19
44153,12375,19
3249,17348,19
3934,17347,19
24155,24157,19
22817,22667,19
3868,3875,19
27571,48524,19
28841,27571,19
16052,16055,19
39791,28841,19
17348,3868,19
42455,39789,19
17347,3249,19
636,40897,19
40897,40896,19
22546,15930,19
40896,213,19
25130,40699,19
51943,51947,19
15035,15045,19
14014,51943,19
275,278,19
278,48497,19
24893,15198,18
50394,7675,18
20456,34282,18
51303,51330,18
15198,15200,18
51339,51353,18
51297,51339,18
15192,24891,18
23449,23446,18
15200,15194,18
51344,51297,18
43960,41501,18
23450,23449,18
51330,51344,18
38373,38372,18
37028,37029,18
24891,24892,18
40699,48615,18
1048,1082,18
21325,21404,18
37304,37296,18
34924,34949,18
24892,24893,18
34949,43960,18
37302,37304,18
25880,49421,18
24975,24971,18
41629,41628,18
19031,19191,18
19191,19012,18
19012,19013,18
19013,19015,18
19015,19199,18
19199,4184,18
4184,6283,18
6283,41565,18
16309,49322,18
50478,10775,18
27216,49078,18
49078,27215,18
17740,41629,18
38158,34753,18
8096,49083,18
48578,49965,18
49639,15873,18
49776,25109,18
16288,26402,18
13360,13358,18
37172,6695,18
15862,15841,18
3731,2046,18
5520,37618,18
37618,18085,18
15835,16282,18
34753,7798,18
5014,5048,18
24311,24310,18
24247,23631,18
22079,48758,18
23322,43261,18
43261,23324,18
22458,21328,18
21512,22458,18
48194,22803,18
23596,48194,18
34109,23596,18
34123,34109,18
48054,4630,18
4630,34293,18
34293,4794,18
8423,7902,18
18789,19799,18
34521,51148,18
7702,34905,18
13112,13044,18
38380,13268,18
21290,43536,18
43536,43537,18
43537,43538,18
43538,6133,18
6133,18571,18
34751,34752,18
34752,38158,18
4173,1764,18
23344,24311,18
24310,16219,18
43003,43005,18
36035,35991,18
43592,24384,18
24384,24385,18
24385,43591,18
13251,12898,18
6392,18760,18
23841,23853,18
23853,23856,18
22361,15563,18
22262,34082,18
24920,24922,18
14245,14236,18
14236,14219,18
14144,14524,18
25185,25187,18
14524,14155,18
14155,14156,18
14156,14203,18
14203,14190,18
11294,12962,18
49062,49042,18
43915,43914,18
43917,43915,18
49042,49022,18
49022,49010,18
49010,49038,18
13356,15719,18
43594,43592,18
25183,25185,18
49330,2657,18
6817,18016,18
39899,5892,18
4095,4132,18
39904,39899,18
39891,39904,18
11239,40777,18
39907,19124,18
38658,47885,18
6802,6803,18
6803,6813,18
24931,253,18
15664,16103,18
6813,6817,18
18016,6399,18
13221,12910,18
6399,17977,18
17977,17968,18
17968,6396,18
6396,6395,18
6395,6398,18
6398,5827,18
20888,19095,18
5533,19133,18
19133,19136,18
35111,21302,18
5827,6393,18
19136,5534,18
50657,50663,18
43005,43007,18
11148,11151,18
41975,9681,18
23123,49170,18
50238,43585,18
10328,44259,18
485,720,18
720,718,18
718,14945,18
25701,48421,18
48421,12110,18
19861,19579,18
19860,19861,18
27570,28864,18
48522,27570,18
47956,21369,18
25092,16542,18
6879,6877,18
20571,20574,18
5194,40211,18
5171,5194,18
4933,5171,18
1261,16958,18
50019,35087,18
35087,3832,18
16958,1260,18
1703,37103,18
37103,35080,18
15193,15187,18
43514,43656,18
6118,19489,18
4934,5306,18
44003,13423,18
11166,11148,18
51329,51303,18
43305,38652,18
38652,16335,18
11164,11166,18
11163,11164,18
11165,11163,18
11167,11165,18
11152,11167,18
13863,12836,18
12975,29482,18
29482,13438,18
1656,49330,18
33894,23491,18
13416,43756,18
10021,49640,18
25419,35694,18
24392,42492,18
42492,49803,18
49803,24467,18
16335,48561,18
1048,43513,18
23443,23449,18
23449,23447,18
23462,33905,18
33905,33907,18
5306,4933,18
4803,4934,18
43007,43009,18
37822,37823,18
40283,6953,18
6953,20675,18
49386,34505,18
34739,34741,18
37812,34582,18
34584,41248,18
38333,25163,18
37818,37819,18
16055,16053,18
37819,37820,18
37820,37821,18
37821,37822,18
37823,37825,18
23788,48418,18
37825,37824,18
37824,50650,18
50650,50666,18
27322,40066,18
733,40646,18
50666,50657,18
42997,1207,18
43000,42997,18
2697,43000,18
43013,1668,18
43011,43013,18
43009,43011,18
43075,7337,18
7719,43653,18
21402,48758,18
15323,15367,18
7604,8612,18
43142,51393,18
41555,41558,18
41558,6278,18
6278,41561,18
41561,42085,18
42085,19265,18
5756,21265,18
15207,2608,18
15273,15270,18
45001,48974,18
48974,48939,18
742,16491,18
47003,14960,18
24099,23739,18
785,24150,18
24149,791,18
791,24102,18
17227,2663,18
51627,38635,18
38637,38634,18
38634,38633,18
38633,38645,18
38645,1491,18
34776,8274,18
51984,40889,18
28772,37523,18
965,14623,18
26614,27901,18
1527,1525,18
42399,5641,18
18130,18125,18
18125,18119,18
44712,44714,18
44714,44716,18
44716,50307,18
50307,44718,18
44710,35913,18
25807,25920,18
407,409,18
21606,21383,18
21385,21380,18
21366,21368,18
21368,22085,18
44025,18907,18
4658,42399,18
6599,6610,18
14345,13773,18
1537,1527,18
13201,13330,18
16169,25298,18
6505,17764,18
15481,16113,18
16108,16109,18
1547,1540,18
13192,13193,18
24779,13192,18
15598,15741,18
15745,15598,18
14623,42462,18
42467,14623,18
1540,1537,18
18170,6606,18
6606,6599,18
25936,25807,18
25136,15683,18
14949,24253,18
51036,14949,18
35489,35480,18
15444,15648,18
4895,35937,18
13123,50332,18
23347,12962,18
13215,16777,18
47799,18677,18
12916,13926,18
15412,15440,18
22116,25137,18
7444,7543,18
43879,7588,18
7588,7581,18
17563,3945,18
39702,39697,18
35480,35481,18
23112,23113,18
15648,15467,18
51015,51034,18
51037,51036,18
51038,51011,18
24421,51038,18
25133,33942,18
51026,919,18
51034,51026,18
33942,22357,18
15649,16120,18
51017,51015,18
42466,51017,18
23128,23129,18
38393,23126,18
22070,38393,18
15372,22070,18
13645,13814,18
25963,34325,18
36995,49506,18
24035,23975,18
35227,35225,18
41226,35227,18
41232,41226,18
15579,41232,18
2838,1670,18
17508,3386,18
18859,20485,18
20485,41785,18
47987,50747,18
15832,47987,18
3385,17508,18
21921,35172,18
43512,42314,18
43002,17271,18
43004,43002,18
23965,23941,18
24032,24035,18
21223,39195,18
35225,15708,18
49488,42813,18
47003,14961,18
14990,42817,18
15035,36997,18
42466,985,18
14665,957,18
51045,42128,18
23002,22069,18
15323,23106,18
8881,9244,18
35232,35223,18
35231,35232,18
4035,17213,18
22667,24032,18
15630,35231,18
43006,43004,18
43008,43006,18
43010,43008,18
43012,43010,18
38936,15988,18
39698,19171,18
39697,39698,18
26225,25547,18
51471,24200,18
4026,43003,18
24462,23257,18
14532,12973,18
18643,18644,18
42314,44097,18
21231,21228,18
45005,1548,18
1548,1547,18
47862,25540,18
21228,21223,18
15540,16463,18
15460,15643,18
16463,39160,18
35220,15785,18
1666,43012,18
42999,1665,18
42998,42999,18
50744,47985,18
4018,42998,18
25854,27375,18
35226,35220,18
41492,43661,18
1232,1228,18
41233,35226,18
6738,6739,18
15853,41227,18
44135,15386,18
50494,44135,18
23123,15306,18
16022,35722,18
35722,35714,18
23914,23908,18
41226,15607,18
15708,24464,18
15377,23252,18
23319,16292,18
16131,16132,18
39731,39733,18
7023,18629,18
6382,5489,18
24013,23998,18
24053,16914,18
24057,24053,18
6851,20394,18
4796,4737,18
4755,4776,18
4776,4836,18
24182,24184,18
24184,24185,18
39876,6798,18
24185,24183,18
49229,46,18
50001,16131,18
6249,18507,18
6735,6736,18
18561,6249,18
5942,5944,18
6736,6737,18
20108,20152,18
16791,16794,18
17953,5942,18
24213,699,18
25291,15639,18
23953,24389,18
17958,17953,18
6646,17958,18
24261,40565,18
21401,48758,18
16132,16133,18
40565,40567,18
8851,7381,18
18210,38172,18
23702,21947,18
21947,21559,18
21559,21581,18
21581,24119,18
51427,10879,18
18938,18939,18
18939,6341,18
6689,6738,18
11249,51427,18
9754,11249,18
19933,4282,18
4229,6851,18
50030,6481,18
38172,38175,18
38175,18219,18
10879,10878,18
11746,11144,18
40567,44656,18
44656,15394,18
4836,4792,18
16133,16134,18
48214,34014,18
6737,6689,18
43238,10884,18
34014,16011,18
51987,5063,18
43483,43238,18
46520,42981,18
51804,22079,18
43482,43483,18
10878,43492,18
18599,18618,18
27499,26604,18
27370,25972,18
7562,7567,18
19439,19440,18
43521,22966,18
49707,49696,18
20876,20628,18
19472,7014,18
7014,20232,18
20746,20748,18
19296,19301,18
7575,7557,18
7557,7559,18
7559,51199,18
25058,22357,18
19440,19441,18
19441,19442,18
4181,17605,18
18509,6057,18
24229,15605,18
7566,7575,18
34338,34340,18
15382,15349,18
15350,15370,18
7581,8487,18
8487,8493,18
34343,34341,18
34341,34338,18
23267,25206,18
15594,16207,18
8493,7566,18
50819,48893,18
50072,50819,18
37108,487,18
25266,23376,18
18505,18527,18
25899,25900,18
25900,26096,18
18624,6096,18
26096,26149,18
25207,25240,18
16180,25207,18
16122,16123,18
21681,21682,18
15795,22470,18
16123,15651,18
16125,16128,18
23885,24755,18
6249,37180,18
18510,6249,18
48129,46230,18
19851,19852,18
50912,46701,18
19850,19851,18
46701,20848,18
25240,16332,18
18488,21103,18
16272,16215,18
16235,15457,18
37346,37344,18
26149,26170,18
39701,39702,18
51114,153,18
39700,39701,18
37300,37326,18
15457,15458,18
6713,20855,18
38965,21191,18
25665,25666,18
25666,25894,18
25894,25675,18
15483,40909,18
40909,15486,18
49506,49488,18
41227,41233,18
27663,51118,18
13062,13000,18
46748,41510,18
41510,41513,18
12824,13128,18
14549,13585,18
10814,10810,18
10812,10814,18
13083,13095,18
13810,13200,18
12838,13263,18
15879,15354,18
22738,22339,18
28328,51391,18
28780,28779,18
22604,22738,18
95,22604,18
22981,23776,18
12925,29476,18
6134,6135,18
13265,12983,18
13056,13713,18
29385,29402,18
14422,14307,18
14307,14305,18
14305,29562,18
14400,51462,18
43955,43975,18
43975,43953,18
27808,27806,18
27805,27808,18
25335,22981,18
43953,45031,18
25124,25099,18
8731,11532,18
12837,16489,18
23776,22983,18
44137,20963,18
22234,42654,18
16403,15834,18
26650,26651,18
29138,29102,18
29137,29138,18
27195,27516,18
930,931,18
12129,43682,18
929,930,18
14645,929,18
921,14645,18
16533,24704,18
22413,34021,18
25255,46350,18
51018,24251,18
37251,11291,18
46350,25260,18
26651,26647,18
953,42463,18
26643,26635,18
43698,44261,18
34234,34233,18
15722,25126,18
14439,14432,18
17050,2534,18
35720,15744,18
12639,48422,18
601,758,18
26635,26625,18
45029,29454,18
45023,45030,18
45030,45045,18
45045,14368,18
787,29383,18
24981,38704,18
6135,21004,18
51269,25314,18
51042,51027,18
50557,42908,18
6136,6126,18
6126,6114,18
29479,12890,18
6114,6129,18
38945,13113,18
5416,5430,18
5417,5416,18
5419,5417,18
5421,5419,18
5422,5421,18
5397,5422,18
1177,46628,18
50219,1154,18
5368,5365,18
21715,23355,18
6111,6136,18
50651,6111,18
25316,25318,18
50664,50651,18
12132,42227,18
42227,42226,18
47976,42216,18
42226,38903,18
17136,3452,18
21073,18563,18
18563,21051,18
28191,26895,18
26755,28191,18
43570,26755,18
13601,13354,18
21051,18583,18
50662,50665,18
50665,50664,18
49889,29120,18
1031,35281,18
5371,5368,18
39052,5371,18
5370,5768,18
5397,5399,18
1125,44364,18
44364,50213,18
5362,5365,18
39054,39053,18
39055,39054,18
3958,3839,18
5410,39055,18
5723,5409,18
29516,13629,18
6140,6134,18
6672,6674,18
13131,13236,18
6790,6672,18
38725,15582,18
5399,5400,18
5400,5401,18
5401,5402,18
4988,6140,18
5369,5370,18
5367,5369,18
5718,6380,18
6129,6127,18
6127,6128,18
6128,4988,18
5723,5430,18
5402,5403,18
5452,5453,18
5408,5431,18
5406,5407,18
5405,5406,18
5404,5405,18
5403,5404,18
51027,51018,18
34143,42036,18
12670,29077,18
16853,965,18
36129,41219,18
51045,765,18
22066,21744,18
27649,28475,18
44755,28865,18
28429,28400,18
11226,11224,18
44161,16205,18
35840,3470,18
22288,22527,18
24480,24430,18
24482,808,18
24982,24369,18
965,964,18
34408,34806,18
8466,8467,18
46399,20603,18
11093,11091,18
26782,26792,18
37640,37639,18
14623,987,18
42216,12132,18
21537,16672,18
37639,26773,18
44593,39227,18
16179,25221,18
48462,9048,18
48205,26809,18
25221,23236,18
34541,34445,18
765,965,18
26597,26613,18
34168,48462,18
16000,25156,18
7980,8366,18
926,23662,18
29086,29087,18
953,956,18
22069,12975,18
39115,413,18
35730,7827,18
25220,16764,18
38785,2337,18
41175,35730,18
35223,36129,18
42893,43830,18
43830,25292,18
7590,34976,18
41641,26745,18
5998,20607,18
25301,16614,18
25291,44331,18
12670,12671,18
48574,28481,18
35198,28356,18
954,42468,18
41179,29086,18
960,16853,18
26604,12408,18
959,960,18
13090,14577,18
934,959,18
23894,21699,18
28356,35196,18
21699,24466,18
21350,44764,18
44764,153,18
21354,44765,18
44765,21497,18
18174,18150,18
987,956,18
6480,7230,18
51037,51035,18
924,962,18
1907,1905,18
29477,29432,18
26774,37641,18
51035,51646,18
51041,51011,18
37806,26784,18
23662,924,18
51043,51041,18
37641,37638,18
51646,42482,18
42482,51042,18
51023,51043,18
37061,37806,18
3486,41084,18
3369,3486,18
16994,2705,18
51044,51023,18
24426,51044,18
35610,44594,18
1905,16993,18
3489,3548,17
18591,6096,17
20915,20918,17
50874,50881,17
50881,50882,17
20914,20915,17
50882,50877,17
28173,26835,17
49621,39195,17
35905,37232,17
50877,18578,17
26900,26673,17
24034,24031,17
6525,6526,17
16087,25399,17
26796,43357,17
28567,26805,17
18643,40294,17
40294,40296,17
18454,18416,17
4357,4356,17
20227,18470,17
4356,4210,17
25846,28567,17
40296,40298,17
7213,18601,17
26832,26828,17
28174,26832,17
40298,49609,17
49609,40300,17
38393,16031,17
35891,35905,17
40300,40301,17
20916,20911,17
40301,49621,17
20918,20916,17
4080,35913,17
18365,51974,17
41553,41552,17
7962,7866,17
15224,14751,17
13322,13320,17
7317,7869,17
12352,25876,17
36894,13322,17
49200,14961,17
48196,3549,17
12885,13638,17
4018,1188,17
3549,3021,17
3021,41132,17
34029,35287,17
23322,23324,17
2337,38793,17
23859,34029,17
1219,1227,17
48083,13226,17
18634,7016,17
19198,6382,17
18696,18677,17
25739,27918,17
37232,35901,17
35901,16936,17
16936,4080,17
18580,50884,17
36037,36039,17
5829,6802,17
6284,41553,17
16397,16481,17
6382,19036,17
19036,6275,17
19225,6279,17
19247,6291,17
6291,42093,17
15841,25261,17
7213,18593,17
22561,22559,17
41369,38310,17
14171,14399,17
29439,29438,17
15640,15846,17
50340,50338,17
41892,29466,17
50338,50335,17
21177,21174,17
40566,39733,17
39733,15674,17
15674,15902,17
15902,15675,17
15675,24264,17
14153,39132,17
14154,14153,17
35080,1310,17
16655,22278,17
18365,18919,17
1243,1476,17
14157,14154,17
18599,18624,17
15722,15641,17
27481,51568,17
24933,41369,17
24441,24436,17
24083,13429,17
7100,7101,17
7101,7102,17
7102,7103,17
7103,7104,17
7104,7105,17
7105,41582,17
41582,41580,17
41580,41581,17
570,35115,17
29310,12945,17
24436,24434,17
4069,16937,17
48893,50820,17
23974,24034,17
14399,14422,17
2607,50781,17
14613,24722,17
6728,20152,17
4123,4089,17
48079,3228,17
18552,18560,17
14286,14486,17
14435,14440,17
18877,17972,17
13136,29480,17
25210,16278,17
42734,15193,17
14441,14439,17
18953,20409,17
41662,11091,17
38793,38792,17
18420,18426,17
7221,18357,17
50781,15206,17
50811,50806,17
17935,18077,17
26807,12247,17
50880,50883,17
50884,50880,17
24031,24046,17
22559,24933,17
16278,16279,17
14433,14435,17
21470,24787,17
18627,18625,17
14296,24239,17
25116,15394,17
25074,25073,17
14204,14157,17
51456,14418,17
14197,14204,17
18431,18489,17
48245,18421,17
7022,7017,17
35271,35272,17
51452,14378,17
39532,39567,17
45023,51452,17
14239,14235,17
14423,14433,17
24438,24443,17
35273,7020,17
35272,35273,17
48106,17623,17
50390,37066,17
49821,49806,17
762,51040,17
51032,51024,17
51024,51013,17
20207,20892,17
51013,24427,17
24425,920,17
18277,18281,17
16549,41371,17
14633,762,17
15393,39738,17
4269,19048,17
19048,5904,17
5904,5903,17
5903,5902,17
40211,4750,17
20054,20405,17
49413,26628,17
1208,4029,17
766,51032,17
906,51028,17
44934,34405,17
51033,37717,17
19937,19939,17
37717,51031,17
6641,18277,17
491,477,17
51031,51029,17
34509,34457,17
41230,41229,17
51029,906,17
41231,41230,17
41219,41231,17
39967,39966,17
51717,34482,17
34367,35492,17
35492,34801,17
24390,14633,17
39738,44656,17
14304,14177,17
51448,14397,17
48074,51477,17
51477,48069,17
16712,15953,17
15708,15406,17
49854,49870,17
49918,49821,17
30,31,17
49377,15621,17
1092,4134,17
41131,48813,17
15410,41264,17
51445,51448,17
5311,5310,17
4090,4091,17
1562,42821,17
26655,50766,17
16834,15435,17
16833,16834,17
29416,43954,17
15353,15607,17
44656,40566,17
40566,39735,17
28779,28328,17
22449,39271,17
1274,1375,17
1384,1687,17
39271,22425,17
42829,42828,17
42828,42256,17
39775,27842,17
38904,10863,17
13286,14043,17
22425,16069,17
43954,45031,17
22489,16833,17
911,51033,17
489,491,17
24250,911,17
27861,27841,17
8475,8471,17
35910,4084,17
8471,11215,17
11215,11221,17
11221,11212,17
11212,11210,17
29221,26852,17
29178,48574,17
471,475,17
2034,2960,17
38148,7867,17
4018,1197,17
49460,10818,17
34147,37802,17
34976,34871,17
48225,18544,17
26774,26772,17
42621,24236,17
5487,5489,17
41370,16885,17
15076,15074,17
24879,15076,17
31,32,17
15073,24879,17
15065,15073,17
15057,15065,17
24878,15057,17
15042,24878,17
24894,42459,17
17667,20913,17
18227,18223,17
18232,18227,17
6583,18232,17
1569,4124,17
50488,8474,17
12456,41643,17
26747,12456,17
34976,48599,17
18197,18136,17
20936,20934,17
20934,17812,17
17812,20937,17
20937,20943,17
20943,38201,17
38201,38203,17
2573,2092,17
41778,24239,17
379,662,17
14348,50491,17
21166,18440,17
51336,20207,17
704,484,17
460,469,17
469,471,17
6212,20936,17
19373,6212,17
39312,34976,17
6211,19373,17
14328,13900,17
13899,13896,17
27848,27851,17
13904,13899,17
8907,8908,17
8908,8910,17
8910,11414,17
13810,12830,17
37352,37302,17
37354,37352,17
37356,37354,17
37360,37356,17
14497,13911,17
14044,13345,17
17809,6211,17
14177,51445,17
15074,30,17
4125,4135,17
48072,28866,17
5154,5153,17
27481,11999,17
5153,5152,17
16053,16051,17
50082,25946,17
38636,51631,17
8015,7321,17
50036,12495,17
49878,12680,17
37067,35438,17
25945,50082,17
37296,42416,17
49836,29081,17
8060,49565,17
40503,40502,17
48422,48072,17
37066,37067,17
29140,49861,17
49861,49844,17
41168,43856,17
49844,29123,17
21127,4251,17
5152,5151,17
5151,5150,17
6476,6609,17
29130,49835,17
5150,5118,17
27722,26555,17
12411,28181,17
39781,43522,17
29083,49836,17
38632,38636,17
50909,50911,17
50911,50922,17
26130,28915,17
26654,26130,17
11936,27899,17
7725,8071,17
38351,8148,17
38352,38351,17
8039,38352,17
16205,22099,17
38621,38632,17
5146,5149,17
16932,38621,17
51624,38617,17
1260,1702,17
5149,5156,17
29101,50036,17
5156,5155,17
5155,5154,17
47003,14966,17
27888,27871,17
51636,51624,17
34869,34697,17
37069,37070,17
37068,37069,17
28701,27674,17
27688,27673,17
35438,37068,17
6336,20322,17
20610,6721,17
50922,20610,17
5118,42310,17
42310,5119,17
21457,10894,17
48121,21972,17
23931,25354,17
21322,21324,17
21807,23910,17
21325,22082,17
4282,4210,17
21368,48121,17
21558,24694,17
24167,24734,17
24694,21448,17
38305,15205,17
21448,21449,17
24025,42542,17
21449,21455,17
42542,24035,17
23950,23925,17
3900,3875,17
23660,38642,17
14444,14285,17
14284,43955,17
49806,49688,17
49688,49874,17
49823,12183,17
19829,20255,17
49659,35347,17
14434,14432,17
3956,3934,17
14436,14434,17
21366,23112,17
14441,14436,17
14433,14440,17
35306,14433,17
45028,50612,17
21455,21457,17
5145,5146,17
28745,28744,17
34985,7381,17
20222,20204,17
12367,29101,17
8399,42150,17
42503,24711,17
38642,23697,17
48256,27177,17
28114,27052,17
26552,27786,17
2776,2778,17
11030,41662,17
23885,24756,17
22851,25363,17
1572,1559,17
3933,2395,17
5207,5208,17
50776,2608,17
15207,50776,17
22241,42504,17
11158,11157,17
37036,11158,17
3875,3933,17
21064,5207,17
21919,22851,16
13851,13861,16
44213,5603,16
12905,13801,16
4756,4738,16
16379,40537,16
44217,44216,16
21726,14957,16
16380,16379,16
16850,22608,16
49974,13143,16
20032,44215,16
44216,44213,16
24784,13439,16
14545,14588,16
43058,26890,16
28285,28286,16
12093,29052,16
25363,21920,16
21920,22637,16
19263,50475,16
42905,50556,16
39262,49229,16
49974,12946,16
34253,19500,16
34248,34253,16
1296,1636,16
42821,4008,16
13191,14347,16
48122,21512,16
21512,21328,16
26891,43567,16
28575,43058,16
48796,21338,16
21744,2392,16
44388,43636,16
42901,44388,16
2881,3194,16
21337,48796,16
44226,44217,16
21334,21660,16
12985,12905,16
15853,15702,16
5576,44226,16
16188,21334,16
40345,42901,16
19793,5576,16
21331,24757,16
23974,24784,16
19500,19793,16
6739,6480,16
41712,41222,16
12918,13921,16
40418,6004,16
21104,18413,16
34288,34290,16
1698,34288,16
17436,1698,16
21190,47903,16
47903,51809,16
1699,17436,16
17472,1699,16
18223,18197,16
50744,48578,16
38170,38168,16
38171,38170,16
38182,38171,16
7746,49388,16
49388,8240,16
19335,5997,16
6004,40361,16
22264,15435,16
50575,42489,16
12990,13237,16
15623,35284,16
35284,35285,16
35285,21688,16
2357,2179,16
39877,18127,16
41892,14280,16
27627,27743,16
38852,1690,16
4793,4837,16
27740,27750,16
34290,38852,16
19312,6004,16
40391,6009,16
24394,50575,16
16820,44135,16
4132,39133,16
39616,17472,16
8217,7897,16
7758,38348,16
38348,7754,16
7754,7756,16
7756,7755,16
16272,25265,16
16875,16204,16
46432,20711,16
4843,4844,16
38173,38182,16
4644,4645,16
38183,38173,16
38174,38183,16
50395,4644,16
6479,50030,16
7230,6479,16
43243,7758,16
18995,46432,16
43244,43243,16
42489,24390,16
43628,38389,16
1697,39616,16
17486,1697,16
19747,5605,16
1688,17486,16
34575,34607,16
48864,50747,16
51577,5267,16
48592,48864,16
49605,48830,16
15671,49632,16
24279,42852,16
25267,24318,16
16347,16282,16
2563,43513,16
42872,13354,16
29402,24920,16
21763,21764,16
3295,19922,16
5522,18596,16
26747,26746,16
35701,41132,16
15815,15808,16
15300,47829,16
2093,15233,16
40538,15815,16
23299,23359,16
29463,29462,16
41710,41711,16
16523,35320,16
35320,50520,16
50520,50519,16
41711,41712,16
15420,16248,16
23291,16521,16
16523,25304,16
6118,6058,16
15435,37414,16
44215,44214,16
44214,44218,16
44218,19808,16
16412,16380,16
41133,35694,16
19139,20893,16
20851,6117,16
20893,20894,16
20224,20397,16
28555,28229,16
26770,28555,16
20280,6117,16
19493,19494,16
50519,47184,16
21764,21765,16
51313,16582,16
25280,48278,16
51324,51351,16
51332,51324,16
16788,16789,16
25299,16542,16
16390,16354,16
36084,49083,16
49083,42971,16
7294,8456,16
12932,14549,16
51311,51332,16
51323,51311,16
51320,51323,16
51309,51320,16
51325,51309,16
51269,51325,16
51351,51315,16
51315,51352,16
51352,25308,16
47184,16521,16
19335,20607,16
19336,19305,16
5998,19336,16
21765,21766,16
19314,19309,16
21766,21767,16
13595,12858,16
8096,36084,16
25303,51313,16
51350,16884,16
51305,51350,16
51316,51305,16
51302,51316,16
25313,51302,16
36135,18008,16
14944,21726,16
4882,4793,16
15455,15456,16
5611,5613,16
19003,5611,16
39805,15185,16
15185,38975,16
34582,34583,16
34583,34584,16
13603,50875,16
15456,15651,16
15454,15455,16
37356,37360,16
40978,40773,16
40936,20556,16
40959,40936,16
40957,40959,16
40956,40957,16
15453,15454,16
16238,15453,16
15601,15649,16
4333,20816,16
37354,37356,16
19074,21253,16
37294,37300,16
51040,937,16
16377,25268,16
23734,21338,16
41375,23894,16
24466,106,16
106,128,16
16029,16645,16
43711,12590,16
37362,42417,16
37352,37354,16
37296,37304,16
15444,15445,16
15445,15446,16
15446,15447,16
15447,15448,16
37304,37302,16
37302,37352,16
4090,37237,16
18570,21073,16
9035,41664,16
42569,20553,16
756,34342,16
2194,3632,16
2181,2194,16
3281,2181,16
35830,3281,16
3599,35830,16
34337,754,16
754,755,16
755,756,16
34342,34344,16
40951,42569,16
34344,34343,16
35508,35070,16
35070,38695,16
16491,4124,16
50474,10236,16
34445,34440,16
34426,34422,16
28514,26552,16
2206,3915,16
44501,50139,16
42045,41643,16
128,44501,16
40950,40951,16
40948,40950,16
40945,40948,16
2566,2050,16
39832,39833,16
45016,45013,16
45013,26309,16
26309,25798,16
25798,28939,16
28939,26307,16
26307,41609,16
41609,28938,16
28938,26914,16
26914,29217,16
29217,37531,16
37531,42160,16
28195,41642,16
24252,14627,16
14627,51022,16
49325,1134,16
40848,18847,16
11081,10236,16
16582,787,16
873,867,16
34418,34417,16
34168,11291,16
19589,40857,16
40857,18846,16
18846,40848,16
14488,41879,16
40606,40611,16
41879,41888,16
18848,6969,16
18818,19863,16
893,24481,16
24430,24584,16
21572,14944,16
20414,49659,16
40615,19040,16
10236,11880,16
3894,3820,16
1941,2722,16
2722,2723,16
1243,1261,16
50534,29350,16
23676,23193,16
15560,15562,16
22905,24131,16
21881,21815,16
49914,49890,16
8105,34849,16
2715,2716,16
29124,49811,16
47925,5048,16
2714,2715,16
19760,40847,16
1904,2714,16
16994,2807,16
38136,16993,16
40847,19589,16
40611,40613,16
920,921,16
1656,49325,16
41228,15634,16
992,24422,16
996,992,16
50643,17639,16
903,996,16
47985,49377,16
42681,50495,16
42680,42681,16
24210,42680,16
39563,27865,16
927,926,16
41229,41228,16
766,903,16
2027,2443,16
3105,2695,16
51022,51028,16
2025,2026,16
2345,17566,16
3785,44097,16
5886,50643,16
39159,16081,16
42689,520,16
348,351,16
935,927,16
47890,15988,16
48003,4635,16
35401,29178,16
28308,12801,16
24607,42467,16
662,15228,16
43744,14659,16
793,24794,16
28355,28360,16
28313,28341,16
914,24607,16
44852,36926,16
24730,914,16
918,24730,16
7559,44852,16
35020,7559,16
26912,28514,16
25691,26912,16
39833,39834,16
39057,5425,16
5347,5348,16
5348,5351,16
5351,5352,16
5352,5353,16
5353,5355,16
5313,5365,16
4181,7139,16
5397,39057,16
37465,5395,16
13727,12890,16
5395,6380,16
41137,34240,16
9931,11534,16
9946,9938,16
9937,9929,16
5367,5714,16
40504,9937,16
9923,40506,16
5346,5347,16
5345,5346,16
5268,5345,16
5730,5460,16
19663,19664,16
40321,19663,16
40322,40321,16
40327,40322,16
40324,40327,16
2847,2844,16
44096,1644,16
1644,17203,16
19582,19584,16
16494,50851,16
3046,2849,16
39182,16002,16
25151,25252,16
2844,2845,16
2845,2846,16
7145,20912,16
5326,5461,16
10541,9923,16
8093,8074,16
1715,38790,16
36894,13354,16
22984,22985,16
22985,23001,16
23001,22472,16
11880,49737,16
13004,13637,16
22472,22507,16
36896,13354,16
29479,13319,16
11090,41663,16
13239,13639,16
41663,36797,16
47997,18523,16
22507,16803,16
16803,15865,16
16034,23477,16
23544,39805,16
21692,22454,16
23477,24733,16
19265,19251,16
23885,22984,16
25395,24736,16
24740,25395,16
13059,12889,16
13638,13130,16
13056,12903,16
13676,45041,16
29050,12543,16
39683,8093,16
13648,13113,16
39684,39683,16
39687,39684,16
34436,34440,16
24502,16650,16
12830,13173,16
5312,5717,16
5717,5356,16
5356,5358,16
5358,5360,16
5360,5362,16
19664,21294,16
1097,17203,16
39834,39831,16
16159,47907,16
19703,42238,16
42238,50924,16
50924,42201,16
42201,42200,16
42200,6740,16
34161,50900,16
50900,50921,16
25948,26131,16
23121,22089,16
38994,13246,16
14809,43771,16
23002,23126,16
19634,21150,16
19633,19634,16
4510,41045,16
18945,18938,16
20712,19933,16
4364,19943,16
42194,20458,16
50917,42194,16
42202,50917,16
42192,42202,16
7232,6646,16
40190,20524,16
20675,40187,16
21908,16147,16
5676,5675,16
23208,21908,16
16024,23208,16
16022,16024,16
25364,16022,16
16148,25364,16
16016,16019,16
50920,39741,16
39741,20194,16
38358,50905,16
50905,50916,16
50916,34158,16
6107,42192,16
20291,20203,16
47887,5048,16
3685,1077,16
20747,19749,16
2213,2757,16
2536,3490,16
3979,2536,16
36065,36069,16
23208,16147,16
26037,16107,16
28977,16138,16
19474,20747,16
34309,19968,16
1365,48297,16
6085,19899,16
7969,8456,16
7294,7969,16
8948,10335,16
49707,20541,16
6999,5599,16
20618,20749,16
20749,20784,16
35270,35271,16
7021,35270,16
18624,18619,16
7214,18551,16
1169,48351,16
27794,27802,16
16006,24850,16
36363,13246,16
21255,21254,16
48245,18544,16
21254,21287,16
24850,14600,16
21696,24663,16
2617,2090,16
50388,35581,16
3984,46987,16
3878,3984,16
15561,49521,16
2141,2142,16
49615,3917,16
15884,9046,16
18713,19074,16
2716,2733,16
21253,5759,16
13601,13632,16
25846,37807,16
26822,26820,16
26907,26822,16
25847,26819,16
16254,15419,16
1555,1566,16
28173,44136,16
48941,49752,16
1231,1232,16
6027,5996,16
26842,26940,16
52030,15604,16
18831,6027,16
25126,16396,16
16392,16180,16
25208,24318,16
25282,25252,16
37807,26809,16
11661,9194,16
12730,37216,16
9194,11662,16
23972,15694,16
9205,11658,16
11656,9205,16
11657,11656,16
11655,11657,16
9715,11655,16
11227,9715,16
16181,25261,16
16397,15812,16
12825,49930,16
11664,11227,16
9716,11664,16
11663,9716,16
10698,11663,16
9195,10698,16
9220,9195,16
11662,9220,16
40530,50229,16
27604,11936,16
27332,27604,16
27329,27334,16
50802,25040,16
33969,50801,16
22765,16848,16
25391,42094,16
2608,1615,16
24771,15926,16
15929,24771,16
48355,43435,16
15947,15944,16
43223,43222,16
43222,43339,16
28769,28705,16
21459,21460,16
39788,42456,16
50603,10775,16
50604,10775,16
27654,27699,16
25040,41132,16
6463,42112,16
15181,25391,16
37306,37396,16
27333,27330,16
29071,27333,16
27613,29071,16
34741,34735,16
27618,27613,16
27615,27618,16
27609,27615,16
40190,20521,16
17840,6463,16
27673,28701,16
27870,27678,16
8988,10727,16
27564,39769,16
26784,35694,16
28311,28211,16
14282,29434,16
23909,23936,16
11658,9631,16
24036,24784,16
49199,14866,16
44346,1133,16
19270,19138,16
20890,19270,16
42991,48340,16
16212,44331,16
44330,16259,16
16221,43829,16
43829,23236,16
25220,16177,16
16267,47254,16
47254,25256,16
40496,20890,16
5531,19043,16
5530,5531,16
5529,5530,16
47885,1098,16
14788,37115,16
42996,44346,16
42995,42996,16
3116,42995,16
19138,40497,16
5496,21243,16
21164,21290,16
44373,8463,16
8463,7619,16
6267,17718,16
1753,42840,16
40497,6267,16
34728,38886,16
1604,3116,16
37773,42575,16
37769,44348,16
44348,44492,16
44492,42993,16
42993,2972,16
3385,42993,16
42993,1604,16
14825,49199,16
19437,21250,16
24783,15699,16
22817,33943,16
37607,37625,16
25986,25996,16
28307,12080,16
12080,28294,16
11660,11661,16
11659,11660,16
9631,11659,16
16125,15650,16
15412,16234,16
48067,48914,16
23763,97,16
97,100,16
34007,35326,16
35326,15558,16
37061,28265,16
16629,40650,16
24145,24159,16
37625,20265,16
18158,37622,16
37622,37621,16
29243,27689,16
48139,22804,16
4132,748,16
27792,27920,16
1708,1327,16
42495,27875,16
1274,1708,16
48480,42504,16
27809,49563,16
37621,37620,16
16227,16226,16
16172,16228,16
12406,27945,16
27778,26557,16
19472,19899,16
50171,19361,16
37620,50171,16
27699,27591,16
43434,11274,16
35580,50389,16
34581,34579,16
26553,28587,16
26555,26553,16
34623,34655,16
732,16514,16
25257,16264,16
25255,25257,16
29402,22234,16
10236,50399,16
16521,25324,16
15828,25124,16
25324,25319,16
25319,51328,16
51328,51327,16
15703,15828,16
51327,51326,16
51326,51300,16
51300,25320,16
28587,25944,16
34585,34581,16
25309,51306,16
34587,34585,16
3456,17030,16
17030,3457,16
3457,17029,16
17029,17026,16
17026,17025,16
28975,43878,16
50211,41660,16
50194,50211,16
34443,34808,16
18347,21069,16
23210,15571,16
21045,18347,16
34599,34595,16
34594,34593,16
34593,34591,16
34591,34590,16
34590,34587,16
41133,11028,16
51306,51329,16
11058,11053,16
2024,2681,16
34347,34664,16
34664,34378,16
34378,34381,16
34381,34386,16
34386,34385,16
34392,34388,16
51343,51299,16
51299,51269,16
34389,34391,16
34400,34415,16
34415,34414,16
34414,34397,16
34397,34399,16
34399,34479,16
34479,34394,16
16424,35714,16
16465,16456,16
51353,51343,16
2023,2024,16
11030,41663,16
2015,2023,16
11288,11030,16
42794,41366,16
41366,41364,16
41364,41363,16
41363,41360,16
10830,10828,16
41360,41359,16
28781,28780,16
28782,28781,16
28783,28782,16
28784,28783,16
41359,2164,16
3733,3731,16
2046,2016,16
2016,2013,16
2013,2014,16
2014,2015,16
10854,10834,16
24733,25120,16
11077,11076,16
11108,11109,16
24247,24246,16
17807,20942,16
50567,9046,16
5302,6354,16
32,33,16
33,34,16
6210,17807,16
6208,20952,16
20956,6208,16
20965,20956,16
5187,5191,16
18235,20965,16
43911,43913,16
5304,5196,16
19173,20913,16
5301,5302,16
5173,5304,16
20942,17809,16
19606,5303,16
3309,17033,16
27864,27654,16
11076,11075,16
5175,4958,16
21269,36135,16
17028,3309,16
774,15034,16
39496,26427,16
5191,5173,16
1203,1566,16
48474,11030,16
5303,5175,16
34276,11906,15
5488,19225,15
15397,25117,15
6285,5487,15
11819,34276,15
37817,37818,15
37816,37817,15
9910,8768,15
51666,11819,15
10015,51666,15
12428,12271,15
19129,19121,15
6260,39890,15
19374,41673,15
21235,21230,15
37815,37816,15
17865,21232,15
19285,18832,15
21233,21240,15
18830,19863,15
21240,21241,15
21241,21235,15
11278,10926,15
21232,21233,15
47976,12275,15
26655,50770,15
21220,17865,15
37814,37815,15
35572,20556,15
43080,26292,15
50259,831,15
14600,47894,15
21230,21226,15
21226,21221,15
43650,43649,15
4998,37813,15
37813,37814,15
19225,19251,15
43052,50335,15
19251,6292,15
21809,22181,15
11746,8899,15
37312,37314,15
48578,48830,15
24132,786,15
22292,51152,15
22405,49991,15
24145,21868,15
17788,20107,15
42416,37296,15
42417,42416,15
15610,34140,15
5804,6018,15
48592,49965,15
49639,15670,15
50072,50820,15
6691,6690,15
6690,6688,15
6688,6692,15
12590,35276,15
37324,37290,15
44502,12091,15
37290,38643,15
38643,39260,15
24131,23717,15
49989,24986,15
6292,19214,15
41673,18110,15
19214,19215,15
50475,7032,15
19215,19031,15
42091,41554,15
40566,51936,15
43372,16087,15
41555,42085,15
51227,13632,15
42085,19248,15
19225,19227,15
19227,6279,15
19247,5490,15
21264,6272,15
6272,19250,15
13181,29339,15
19250,19028,15
19028,19251,15
37394,37396,15
19251,41565,15
18254,18869,15
43649,43648,15
43648,43647,15
24146,34090,15
11178,11160,15
10990,10995,15
14416,29426,15
6213,19372,15
20944,20941,15
20941,6214,15
6214,17820,15
17823,17824,15
17824,17825,15
17825,20981,15
41326,39254,15
41781,22254,15
27689,21851,15
1071,4134,15
2387,2813,15
19730,19573,15
19729,19730,15
37003,22531,15
15932,792,15
50537,51214,15
51214,15946,15
27649,27689,15
14430,14429,15
42514,14430,15
34691,34870,15
41089,18210,15
38169,41089,15
7382,7384,15
18225,38169,15
44276,18225,15
38178,44276,15
37000,778,15
38165,38178,15
19372,20944,15
17817,6213,15
50217,43979,15
20935,17817,15
16237,701,15
22462,22339,15
26618,44690,15
44690,26585,15
28278,26649,15
26649,26634,15
26634,26621,15
48615,41130,15
25083,15853,15
15702,15354,15
22889,22865,15
23810,441,15
24684,23810,15
34530,34538,15
34445,34435,15
26544,27856,15
27856,27836,15
26433,27859,15
3310,38547,15
7911,8415,15
24931,593,15
39175,40809,15
14814,14808,15
14808,15252,15
15252,42457,15
38203,38202,15
38202,20940,15
20940,20939,15
20939,20935,15
38877,38876,15
38876,49185,15
44275,38165,15
49185,49194,15
18883,44277,15
38168,18228,15
23493,23491,15
33906,23470,15
23461,37829,15
37829,40044,15
29568,29398,15
979,15897,15
44503,12408,15
21537,16670,15
48640,14370,15
49417,27358,15
11980,25969,15
39914,39913,15
20897,39914,15
20898,20896,15
17754,17753,15
18771,20883,15
25970,28049,15
28049,41648,15
44101,1644,15
1124,48414,15
25942,25947,15
27701,27851,15
34652,34511,15
20152,35581,15
43733,43730,15
43735,43733,15
51405,21217,15
44277,44278,15
34608,34605,15
8209,34608,15
18225,38181,15
43846,43845,15
43845,43844,15
43844,43843,15
43843,43842,15
10455,10474,15
8059,49565,15
38167,44275,15
20132,3266,15
7766,7718,15
38179,38167,15
38180,38179,15
43382,34635,15
38181,38180,15
18224,18225,15
34667,8209,15
38176,18224,15
38166,38176,15
44281,38166,15
44282,44281,15
44285,44282,15
44286,44285,15
35317,34435,15
44284,44286,15
44283,44284,15
34435,34431,15
44280,44283,15
44279,44280,15
44278,44279,15
43979,16388,15
43595,50217,15
12278,42226,15
5488,19251,15
19476,20637,15
20800,18668,15
18700,18695,15
18248,44138,15
19517,18248,15
21074,19517,15
20195,50909,15
6717,20195,15
50921,38359,15
19606,6354,15
20761,20220,15
11333,11334,15
27649,28270,15
27154,27531,15
10574,11002,15
10575,10574,15
10995,10575,15
11806,10452,15
44719,44712,15
44711,44719,15
44721,44711,15
44723,44721,15
44725,44723,15
44729,44725,15
35914,44729,15
4091,38508,15
37237,4091,15
44728,35915,15
44730,44728,15
35594,37191,15
332,15233,15
23295,16292,15
21799,21322,15
42226,42227,15
42227,12277,15
12277,42216,15
13638,13071,15
29479,13060,15
29310,13004,15
18241,6670,15
18204,18241,15
5779,18204,15
48342,24390,15
24202,24462,15
3449,17137,15
38973,34217,15
22927,22974,15
24583,787,15
42476,42477,15
42477,42479,15
42479,42478,15
42478,8920,15
8920,51931,15
51931,48822,15
24407,830,15
19172,19183,15
19171,19172,15
38922,1099,15
38923,38922,15
1107,38923,15
18887,48444,15
48444,6034,15
44727,44730,15
44726,44727,15
44724,44726,15
4081,44724,15
5847,20159,15
24525,24526,15
24526,24527,15
6493,5933,15
18182,6493,15
6492,18182,15
6491,6492,15
24527,24528,15
24528,24529,15
11590,9261,15
39883,39889,15
6667,39883,15
18129,6608,15
18114,18115,15
43679,18114,15
25855,25857,15
45,23531,15
15416,23211,15
23211,12042,15
27370,25855,15
27371,27370,15
12004,27395,15
28158,27138,15
40061,28169,15
20254,19828,15
19828,4400,15
25948,21588,15
48129,6057,15
24281,16293,15
5798,5793,15
18240,18215,15
12800,12798,15
6733,6734,15
44720,4081,15
44710,44720,15
44713,44718,15
44715,44713,15
44717,44715,15
44719,44717,15
4099,44719,15
37230,4099,15
4098,37230,15
37231,4094,15
4093,37231,15
50871,6732,15
6732,6733,15
37689,29310,15
17771,19587,15
42991,42989,15
27884,28598,15
13320,42877,15
38936,41132,15
28735,37522,15
37522,28734,15
28734,28733,15
48920,13103,15
28733,28732,15
28732,26718,15
13596,13599,15
12858,13329,15
28306,28313,15
24848,831,15
22254,41326,15
20204,20205,15
48301,39543,15
42145,42138,15
44940,40941,15
40941,40939,15
40939,40937,15
5143,4717,15
40937,40938,15
40938,44899,15
44899,44898,15
44898,44558,15
44558,44557,15
44557,44556,15
44556,44555,15
44555,44554,15
44554,20139,15
1849,2803,15
42138,42137,15
40943,44940,15
42137,40968,15
40947,40945,15
22268,21918,15
43207,41084,15
42561,42568,15
42568,40949,15
40949,40947,15
40767,40766,15
40763,40767,15
40968,40969,15
43906,40942,15
40970,20513,15
40942,40944,15
42139,40970,15
40944,40943,15
40969,42139,15
26418,48301,15
39543,39542,15
20108,40770,15
39542,39376,15
21711,21708,15
283,292,15
21708,21707,15
21305,20917,15
36491,13322,15
21707,44501,15
20878,44025,15
27889,27747,15
50138,128,15
27747,27715,15
21648,21701,15
51868,21648,15
21347,21700,15
128,42657,15
105,21500,15
38904,10855,15
26706,26714,15
27769,27066,15
20823,44561,15
40967,42145,15
44553,40967,15
44897,44553,15
44559,44897,15
44560,44559,15
44561,44560,15
5085,4150,15
18117,20435,15
40977,20823,15
18830,18831,15
38324,16038,15
16038,43640,15
43640,43642,15
43642,38318,15
40771,20141,15
40760,20108,15
19945,19947,15
18507,47944,15
4937,4929,15
4634,42541,15
12180,29133,15
29106,29107,15
29090,29106,15
12401,29137,15
12169,12401,15
29136,12169,15
12175,29136,15
12177,12175,15
18984,34307,15
4346,18984,15
44199,50186,15
41348,40754,15
18703,47879,15
4239,4977,15
38939,13287,15
48498,43484,15
18815,19293,15
18,24945,15
24945,24946,15
43052,50336,15
24946,14900,15
40864,41222,15
7870,7868,15
7296,7324,15
43484,43221,15
11249,39073,15
10393,11249,15
39070,10880,15
43633,12226,15
43241,43491,15
43221,43241,15
40752,41348,15
40750,40752,15
40762,40760,15
35505,40750,15
40961,40960,15
40960,40952,15
40952,20551,15
40976,40963,15
40963,42563,15
42563,40958,15
2724,1907,15
40754,40753,15
40753,40751,15
3228,37808,15
40751,35474,15
35474,6046,15
34210,40764,15
21404,22082,15
40764,40762,15
40962,40961,15
20143,40962,15
16300,25274,15
42082,42083,15
35473,35505,15
20113,35473,15
6045,20113,15
6078,41550,15
41550,6274,15
6274,42082,15
42083,42090,15
40766,40765,15
5623,20695,15
42090,41554,15
5510,6045,15
6526,5510,15
40765,6524,15
2723,2724,15
21700,108,15
40759,40763,15
26713,26857,15
24183,21320,15
23896,21470,15
19943,19945,15
26857,26719,15
5134,4873,15
20435,20236,15
19939,19941,15
26858,26722,15
19946,5215,15
4288,44955,15
44952,44951,15
43651,13732,15
19948,19946,15
26720,26858,15
21646,23895,15
37525,29310,15
8457,8458,15
44955,44954,15
19941,4364,15
44951,4292,15
51704,20532,15
44954,44953,15
37271,48444,15
20635,20636,15
26719,26720,15
19940,19938,15
44953,44952,15
26714,26712,15
26712,26713,15
13716,43651,15
48188,25553,15
21797,23880,15
4362,19940,15
19942,4362,15
12881,13716,15
5215,19942,15
25282,24319,14
19147,20900,14
49878,29140,14
29160,29161,14
29112,12495,14
15660,38370,14
12177,12171,14
36895,13354,14
499,502,14
34494,8240,14
20900,35348,14
5490,5491,14
14928,24980,14
27689,27809,14
15659,15660,14
29142,49899,14
14176,14369,14
49899,42118,14
9114,9115,14
20245,35356,14
4794,20245,14
15903,977,14
7771,8467,14
39962,13056,14
13056,38944,14
38944,13730,14
9126,9223,14
27653,27851,14
9223,9114,14
27792,27875,14
20891,19147,14
18441,19078,14
27793,25940,14
9115,9119,14
27659,27871,14
20084,20083,14
34540,34545,14
44973,44971,14
26784,21851,14
60,15664,14
19678,19728,14
29161,29162,14
8366,34976,14
29162,29165,14
29165,29167,14
12351,29189,14
39951,39955,14
34424,34422,14
29180,12351,14
43156,19457,14
29179,29143,14
39950,39951,14
39958,39950,14
39957,39958,14
49855,29179,14
29142,49855,14
6364,6355,14
19827,4401,14
15039,51211,14
51211,14906,14
38372,55,14
23809,15661,14
44260,43697,14
23809,38375,14
38150,7821,14
38152,38150,14
16248,23723,14
23723,25013,14
34394,38663,14
38663,34234,14
757,42176,14
42176,34347,14
5975,4480,14
4829,5975,14
12163,29130,14
34426,34424,14
34547,34539,14
38371,38391,14
29167,29168,14
29168,40462,14
40462,40463,14
20011,18086,14
35356,5039,14
18777,4174,14
26638,25404,14
6879,6878,14
26402,26638,14
24539,1024,14
50259,42488,14
49653,24467,14
44705,38371,14
4111,4132,14
34542,34547,14
9233,9232,14
9232,9230,14
9230,9229,14
9229,9120,14
9120,9217,14
9217,9215,14
9215,9121,14
9121,9213,14
38392,55,14
4706,4862,14
4927,4936,14
19689,4576,14
4979,19086,14
690,15066,14
417,14771,14
5040,44517,14
24514,24515,14
13725,13129,14
13129,49938,14
18824,20218,14
50041,50042,14
7145,20913,14
19173,7139,14
41147,17667,14
20081,4375,14
6686,6487,14
50336,43253,14
50815,50811,14
50209,50194,14
13871,14013,14
47036,50209,14
50218,47036,14
11043,50218,14
48891,11043,14
11087,48891,14
11079,11087,14
41662,11079,14
49252,41664,14
43253,39733,14
24261,15396,14
28434,35198,14
6685,40592,14
40592,6678,14
10163,10776,14
24513,24514,14
24515,24516,14
27646,44001,14
50003,16237,14
28055,27133,14
24520,24521,14
24519,24520,14
28004,27085,14
28002,28004,14
28026,28002,14
41646,28026,14
6503,6505,14
17795,6506,14
6523,19582,14
19584,17788,14
12889,13713,14
23081,21944,14
24027,24035,14
23647,24027,14
13166,13580,14
23929,23942,14
23938,23934,14
21817,23013,14
41472,18357,14
41648,41646,14
42404,42402,14
11951,42404,14
11952,11951,14
35701,26710,14
12841,13127,14
41264,15409,14
28402,28479,14
37109,37112,14
15861,23885,14
18441,21152,14
37290,37324,14
37300,37294,14
37344,37346,14
40173,40175,14
40172,40173,14
40166,40172,14
40167,40166,14
35374,40167,14
87,36831,14
23224,24740,14
39644,39646,14
51382,39644,14
4529,21113,14
21113,21100,14
21100,21090,14
47799,18704,14
18704,7282,14
21090,19392,14
51570,27572,14
18736,20794,14
27868,27886,14
44517,35374,14
409,410,14
27431,27428,14
7321,43074,14
43028,7321,14
4401,19829,14
38643,37290,14
15186,15181,14
25826,47864,14
24889,15186,14
26849,25826,14
4086,4138,14
413,414,14
15228,540,14
20912,4199,14
19361,41673,14
724,662,14
19293,19580,14
16003,16002,14
15993,23493,14
35378,5044,14
27886,27862,14
50492,35378,14
27864,27844,14
1271,2083,14
27844,27654,14
12165,49812,14
12273,49685,14
26740,26897,14
26897,26707,14
4891,4734,14
5042,50492,14
44516,5042,14
51576,5373,14
462,476,14
42564,20151,14
40175,44516,14
27128,27431,14
8429,38156,14
27428,27427,14
26638,15989,14
26381,28966,14
28966,41841,14
8892,8890,14
8890,8888,14
8888,8887,14
6010,44296,14
8887,8885,14
44296,40348,14
27649,42877,14
12916,13330,14
40360,19314,14
13330,13333,14
13333,13290,14
27903,49563,14
2126,2100,14
49365,26875,14
42703,1624,14
18882,18237,14
5497,21255,14
21264,5497,14
18279,18882,14
29037,28157,14
28162,29037,14
28160,28162,14
28161,28160,14
27443,28161,14
44999,49772,14
25952,25953,14
27649,40136,14
45018,27649,14
27427,27132,14
34057,48077,14
43417,43418,14
27609,43415,14
27619,29072,14
27616,27619,14
27617,27616,14
27614,27617,14
27611,27614,14
27331,27611,14
27329,27331,14
27332,27330,14
27610,27334,14
27603,27610,14
34056,34057,14
28270,27603,14
50166,45018,14
14919,14936,14
34087,15430,14
23310,22945,14
22945,22941,14
22941,34050,14
34050,34052,14
26121,27623,14
34052,34049,14
16846,98,14
98,39762,14
4407,20412,14
26120,50166,14
48225,18523,14
43654,7720,14
18108,41784,14
18082,18108,14
15659,25012,14
7531,7638,14
7553,7531,14
7545,7553,14
35678,35679,14
35677,35678,14
11633,35677,14
41386,41384,14
35614,11633,14
19454,6971,14
41175,39312,14
41387,41386,14
29496,29434,14
6971,20574,14
10834,35687,14
16542,41764,14
41389,41387,14
38374,23723,14
13207,13985,14
42408,41389,14
42411,42408,14
16928,1561,14
16929,16928,14
13920,42411,14
14509,13920,14
29311,14509,14
42858,29311,14
19949,19447,14
21744,21295,14
41384,13963,14
7638,7570,14
7570,7587,14
7587,7582,14
17995,18082,14
41650,49420,14
25859,41650,14
7250,18279,14
28050,25857,14
41649,28050,14
41647,41649,14
28027,41647,14
20864,34282,14
19894,20283,14
5994,19798,14
34250,19752,14
14086,14181,14
14181,14193,14
51086,20138,14
48068,17623,14
20736,5564,14
34417,34419,14
20735,20736,14
42691,48440,14
13963,14315,14
40022,11478,14
18707,20735,14
35615,40022,14
11090,8899,14
35679,35615,14
7582,8064,14
43418,43817,14
43817,43767,14
43767,43413,14
41869,49033,14
13197,13603,14
7962,7303,14
40901,7869,14
42894,16221,14
24201,16777,14
38155,38157,14
38153,38155,14
38154,38153,14
38151,38154,14
24027,23971,14
23971,23954,14
49053,49015,14
49033,49053,14
50908,50920,14
7821,38151,14
50907,50908,14
20461,50907,14
49009,41869,14
20701,20461,14
28515,26886,14
4790,51946,14
14350,12943,14
12943,14113,14
49474,49009,14
3054,20521,14
49061,49474,14
49454,49061,14
23954,24450,14
20137,20280,14
5991,20137,14
21309,46399,14
34249,5991,14
4940,4829,14
27132,28055,14
4938,4940,14
38156,38152,14
43302,16237,14
23128,41132,14
43026,36943,14
41543,39980,14
48481,10321,14
10321,11843,14
34567,34568,14
11843,9733,14
34565,34562,14
9733,50780,14
15533,13197,14
50780,39680,14
23592,23593,14
29,19,14
39680,51923,14
51923,41133,14
19,14864,14
25095,15351,14
7303,7866,14
20832,5989,14
5989,5990,14
5990,34249,14
19178,19179,14
25764,43615,14
18365,18953,14
43413,28468,14
29006,28093,14
40977,20151,14
39216,48642,14
8831,8669,14
9161,38841,14
27852,26409,14
4432,19979,14
38843,9161,14
9237,38843,14
20025,4420,14
42172,44332,14
44332,42236,14
42237,27009,14
18717,6058,14
19345,19305,14
6952,20663,14
43475,28600,14
39491,43903,14
23148,34134,14
14870,14825,14
47871,33982,14
4230,44221,14
44221,6118,14
20002,19830,14
14205,13187,14
13195,12973,14
22761,34064,14
34064,34056,14
41030,41031,14
7909,7945,14
49083,36084,14
36084,42971,14
48708,7909,14
21693,21695,14
41132,9553,14
6946,6945,14
8448,25189,14
6117,40688,14
40688,44220,14
8680,8682,14
5750,42430,14
13704,13127,14
11239,11242,14
11242,10776,14
13127,48601,14
44220,44219,14
24521,24524,14
25189,16054,14
24713,22252,14
44219,19483,14
9933,10153,14
20769,6724,14
4201,20768,14
35009,34772,14
18967,4333,14
29004,42172,14
38842,9238,14
38840,38842,14
18090,18098,14
38841,38840,14
27133,27426,14
8885,10782,14
40502,5535,14
18282,18281,14
41133,3489,14
49195,14607,14
27177,12498,14
50485,49195,14
38617,51644,14
291,282,14
51612,38617,14
12055,12056,14
6121,43655,14
425,426,14
28223,28228,14
12054,12055,14
5185,4484,14
426,450,14
24695,24691,14
50640,50642,14
450,452,14
1671,4018,14
16039,16037,14
28767,28225,14
27714,27689,14
28226,28767,14
43305,16237,14
39992,39991,14
50300,50267,14
50267,50277,14
50277,50276,14
48948,28638,14
40343,40342,14
40342,40339,14
40339,40338,14
1656,49326,14
29402,15224,14
4010,1153,14
50461,50407,14
420,425,14
28150,12750,14
50186,50461,14
41533,4028,14
26666,51117,14
34453,34454,14
34454,34455,14
2697,1671,14
17696,20906,14
51117,28545,14
5891,17696,14
14943,24897,14
18679,21177,14
43914,43916,14
43916,43919,14
4023,14943,14
51644,51640,14
12271,12202,14
12202,12693,14
41225,34451,14
26421,27850,14
34449,41225,14
20676,17010,14
2563,3265,14
3463,17133,14
35694,23320,14
7944,7981,14
20072,5654,14
18935,5657,14
20068,18935,14
36782,9048,14
26644,26651,14
50388,6707,14
24180,22434,14
353,359,14
25265,23367,14
26635,26626,14
20039,5659,14
28546,26618,14
36036,36037,14
36080,36036,14
26585,26635,14
39993,39992,14
17930,17933,14
17933,17941,14
17941,5804,14
21798,12975,14
42892,23322,14
5535,5536,14
20466,6716,14
25351,37245,14
5536,5537,14
5537,5538,14
22566,42734,14
20887,4268,14
22545,21722,14
26624,28546,14
26839,26940,14
48586,48865,14
26842,26938,14
27810,26615,14
15035,15037,14
7954,7955,14
21519,24071,14
16773,25204,14
7975,7954,14
50276,50271,14
50271,50278,14
50278,50275,14
5534,19047,14
20207,20894,14
26692,26645,14
43919,43918,14
26651,28278,14
14576,13088,14
35283,24083,14
50300,42592,14
48909,3934,14
26645,26622,14
48641,48875,14
50275,1596,14
4268,5539,14
48875,48751,14
48751,48586,14
45049,14728,14
19178,4199,14
48914,25561,14
48800,39213,14
2693,17020,14
27535,43040,14
27486,27535,14
27487,27486,14
28048,28003,14
43038,27487,14
27489,43038,14
27492,27489,14
20695,18691,14
48535,48689,14
3464,3461,14
27495,27492,14
27485,27495,14
49325,2657,14
1187,2656,14
3461,3888,14
2656,1665,14
28003,28027,14
51625,1421,14
15571,15573,14
27458,27459,14
15569,23210,14
15538,15569,14
48689,48555,14
16869,24831,14
1666,17502,14
48555,50325,14
24831,24834,14
24834,15429,14
48648,48535,14
43040,28089,14
17502,1668,14
28089,39339,14
27426,27430,14
34451,42109,14
33965,14720,14
1279,1252,14
40324,43917,14
5196,5195,14
12056,12057,14
47210,46399,14
203,14612,14
4837,4777,14
36588,41133,14
2969,48648,14
42475,42476,14
34109,15563,14
20397,47210,14
17437,51625,14
51336,35345,14
15577,34109,14
27430,27129,14
27084,27082,14
27082,28001,14
34511,34538,14
21917,15575,14
13701,44660,14
28001,28048,14
27522,27804,14
28309,28482,14
25810,40146,14
15536,15538,14
27945,11962,14
14883,48776,14
26717,26716,14
5753,40783,14
25363,42312,14
3973,1233,14
3839,3973,14
24820,25363,14
2395,2143,14
12057,12058,14
17133,17132,14
50642,50641,14
3888,3463,14
18,14906,14
48776,14870,14
48779,48713,14
9127,9149,14
48713,48597,14
40146,26883,14
27078,27341,14
48597,50334,14
27433,27425,14
50334,48641,14
20661,6944,14
28029,44145,14
42521,28059,14
49772,42521,14
45000,49772,14
27458,41918,14
27450,27458,14
48756,48779,14
51640,51625,14
8926,46823,14
36025,48695,14
23209,15536,14
16242,23209,14
16087,16242,14
15430,22999,14
34457,34638,14
14474,42515,14
50325,36026,14
22999,34087,14
51625,17415,14
42109,41982,14
42473,42475,14
26919,26717,14
34087,34059,14
830,37416,14
26870,26919,14
48695,48756,14
46823,8921,14
18001,18024,14
8921,42473,14
9149,51980,14
5538,20887,14
43242,37734,13
37734,8833,13
11343,48851,13
37091,37089,13
37089,37087,13
28657,49718,13
37087,37085,13
49726,28030,13
39469,39468,13
48851,43849,13
17025,3469,13
8779,8781,13
27576,44475,13
19134,19046,13
48766,37091,13
47754,8779,13
40044,40045,13
44475,39535,13
39533,44130,13
38537,38538,13
12128,28728,13
15189,25391,13
48722,10916,13
10916,48596,13
48596,10910,13
16649,51499,13
39260,37314,13
16018,16019,13
25589,25883,13
10910,10917,13
47918,44503,13
11932,25940,13
13339,13152,13
12693,51208,13
51208,12538,13
23503,33871,13
10918,48722,13
35610,39226,13
10821,10818,13
41103,39325,13
27762,27927,13
27927,27064,13
10816,10819,13
27804,28819,13
42094,22567,13
37079,37077,13
35264,18804,13
14839,14827,13
6759,18129,13
25419,23419,13
37081,37079,13
34561,34650,13
16098,24315,13
10933,10918,13
6649,6650,13
6648,6649,13
23462,23508,13
27876,42493,13
40045,40047,13
38535,6105,13
23403,23404,13
15561,47842,13
7372,7374,13
34968,7372,13
10919,48699,13
38538,38535,13
9035,41662,13
27141,11999,13
23459,15492,13
874,884,13
16315,42852,13
10861,10860,13
43859,3456,13
11039,11082,13
37085,37083,13
44132,39564,13
23404,23459,13
25414,23453,13
8906,8897,13
23455,15487,13
40042,40044,13
40429,40042,13
25173,25175,13
40040,40429,13
25179,25173,13
40041,40040,13
25177,25179,13
25181,25177,13
23463,23455,13
25180,25181,13
34686,8399,13
7873,34686,13
34685,7873,13
8399,34685,13
10917,10919,13
27867,27871,13
8833,8906,13
48205,26808,13
8897,8894,13
27705,27713,13
27711,27707,13
27707,27681,13
27681,28699,13
27685,27038,13
27038,26960,13
26960,27684,13
4426,4435,13
6708,20766,13
27683,27668,13
29482,50875,13
27668,27674,13
27674,50847,13
4503,4508,13
4508,5172,13
18919,44025,13
6392,41632,13
5172,5678,13
4416,19975,13
5678,19873,13
19873,4958,13
35993,1038,13
27713,27711,13
27703,27705,13
5187,5677,13
27945,27703,13
41766,15995,13
49413,26613,13
15563,24738,13
38547,17136,13
22386,24745,13
19374,6334,13
13287,29344,13
5679,5189,13
14175,14369,13
22306,34007,13
22719,21689,13
21689,33890,13
4530,4980,13
19929,19928,13
38790,38789,13
46729,46861,13
46861,46627,13
46627,9239,13
9239,9237,13
50966,39214,13
39213,27945,13
38790,38779,13
5677,19606,13
8894,8892,13
19897,19898,13
26864,26865,13
26726,26864,13
26863,26726,13
26862,26863,13
26723,26862,13
29404,13086,13
26861,26723,13
50483,49376,13
26860,26861,13
26721,26860,13
37677,13322,13
20088,19950,13
26722,26721,13
24499,24505,13
5671,5771,13
17253,36049,13
48207,9056,13
34656,34629,13
8219,44054,13
34436,34444,13
8503,34436,13
27505,27142,13
5668,5671,13
17051,43392,13
39611,43989,13
19975,4413,13
14612,29450,13
39461,39387,13
39465,39466,13
39467,39465,13
16004,15998,13
22633,24785,13
39930,39608,13
39931,39930,13
39932,39931,13
39579,39932,13
26868,26869,13
26867,26868,13
26866,26867,13
28579,26866,13
26865,28579,13
43410,43988,13
43412,43410,13
39610,43412,13
43411,39610,13
43989,43411,13
19833,17972,13
15413,26403,13
40219,5679,13
19446,19949,13
47895,47143,13
16348,16097,13
6336,20532,13
28786,28785,13
28785,28784,13
51391,28230,13
18024,50051,13
7250,18282,13
10808,10809,13
4131,35906,13
48608,1028,13
35679,35675,13
41544,35679,13
41505,41544,13
48803,41505,13
10381,48803,13
29420,29461,13
14274,41882,13
10759,10381,13
9046,50399,13
6503,6574,13
28826,26971,13
14245,14234,13
47981,25553,13
39160,41829,13
27905,49563,13
17966,41639,13
7692,44073,13
43848,43852,13
472,465,13
465,22732,13
22732,467,13
27018,39593,13
467,499,13
16493,25153,13
34738,34739,13
34729,8072,13
27264,39532,13
27265,27264,13
39556,27265,13
27263,39556,13
8070,8437,13
27584,27263,13
39444,39443,13
42301,34368,13
14101,29340,13
19587,17758,13
48025,48055,13
48015,48047,13
43028,43073,13
50853,16493,13
20485,4179,13
28473,43419,13
17028,38539,13
43419,43766,13
38539,38541,13
43766,43816,13
43816,43415,13
43417,43416,13
20891,6257,13
43416,29072,13
35900,17001,13
4824,40219,13
17003,42840,13
6257,39898,13
39787,27229,13
39898,19128,13
19128,6260,13
38541,38543,13
38543,2792,13
2799,3310,13
10818,10812,13
6598,6497,13
6497,18206,13
35937,35486,13
27302,48015,13
6523,17799,13
27700,27591,13
1753,42842,13
42840,1758,13
17002,35916,13
19953,20291,13
27715,27629,13
35900,1760,13
35486,35934,13
18206,7248,13
35934,35487,13
18208,37181,13
7247,18208,13
18215,7247,13
35487,35488,13
35488,35489,13
35481,35479,13
18216,18218,13
7248,18216,13
27761,27762,13
37083,37081,13
37076,37078,13
48499,48282,13
41182,27058,13
41183,48983,13
6489,50068,13
42404,50099,13
9075,11502,13
47422,47452,13
48983,27060,13
27060,27621,13
27621,41180,13
21095,18425,13
44291,47422,13
41180,26979,13
26979,26985,13
27317,42404,13
28138,42456,13
27230,28149,13
47402,47421,13
2796,38544,13
14419,13008,13
27318,27319,13
50511,27670,13
51118,27664,13
9156,11297,13
11297,11760,13
11760,11371,13
11371,9129,13
39409,39473,13
27926,26990,13
38540,38547,13
38544,38542,13
28294,28296,13
47452,47441,13
34541,34540,13
16491,21270,13
27767,27766,13
27766,27318,13
38542,38540,13
9129,9128,13
49709,49736,13
40860,40859,13
26985,41181,13
15233,264,13
44072,51261,13
26978,11951,13
36111,17256,13
28772,28223,13
28225,28778,13
49823,29133,13
37384,37382,13
41293,37384,13
18958,2673,13
48922,44552,13
23101,22046,13
41219,23316,13
50338,41219,13
11952,26978,13
43252,50338,13
51940,43252,13
35958,44136,13
49714,28979,13
48099,24404,13
48049,47444,13
9128,9127,13
13870,13872,13
44574,8881,13
13879,13866,13
5682,5683,13
19580,3945,13
47444,47402,13
35739,35300,13
11951,27317,13
14900,24947,13
44552,39411,13
24947,14938,13
19915,19916,13
40001,19915,13
39784,48050,13
28864,27567,13
28481,27899,13
12290,29196,13
15397,24457,13
37326,37300,13
27314,50115,13
7628,34173,13
48007,22889,13
47038,48007,13
35914,35910,13
43227,24414,13
41108,27926,13
42313,21951,13
24360,43227,13
24358,24360,13
24356,24358,13
743,24356,13
39771,28135,13
27868,27860,13
27864,26547,13
43229,13828,13
12845,13827,13
50115,26977,13
5307,19675,13
5320,5324,13
13008,35739,13
27672,27327,13
39177,39180,13
48272,25092,13
12818,48272,13
27670,27037,13
27327,27687,13
49356,49355,13
27687,27764,13
34580,34581,13
27764,27934,13
50506,27670,13
27934,27769,13
50848,27034,13
27034,41107,13
41107,41108,13
4210,4358,13
26547,27849,13
13827,29319,13
39470,50828,13
29327,13807,13
27512,39557,13
20205,20082,13
8026,34857,13
34857,8027,13
8027,34858,13
34858,8025,13
27579,51570,13
38536,38537,13
28479,28424,13
28831,27638,13
38547,38536,13
27778,49709,13
9154,9066,13
4504,41939,13
41939,20739,13
9066,9156,13
21270,19672,13
11259,11069,13
16940,36010,13
36112,16940,13
12626,12180,13
27849,27854,13
13805,12983,13
27873,27817,13
12983,13856,13
48523,44290,13
1688,1687,13
12180,29100,13
10820,49436,13
39399,12674,13
12163,12625,13
42829,3834,13
1396,1340,13
49460,26787,13
29085,12162,13
35079,36112,13
8999,11282,13
7094,7113,13
28195,41643,13
27036,27672,13
40607,40602,13
4453,4455,13
27760,27936,13
50510,27670,13
40621,40624,13
40624,19055,13
19055,19061,13
19061,19054,13
20290,19003,13
40614,40612,13
40612,40607,13
7095,17601,13
50508,27670,13
40602,40604,13
26903,43357,13
40604,40606,13
41969,39328,13
39329,39516,13
41966,39329,13
1243,35083,13
44548,44550,13
34369,34367,13
41967,41966,13
34810,34353,13
27065,27756,13
27756,27761,13
44549,44548,13
742,728,13
5577,20808,13
15533,51871,13
22279,42152,13
39226,37221,13
40066,43877,13
2899,2898,13
24502,24538,13
27313,27322,13
51587,24505,13
42402,27313,13
9119,9233,13
18141,18193,13
26807,48205,13
27936,27757,13
27757,27935,13
27007,42172,13
18810,19342,13
21013,19434,13
42237,27007,13
40617,40621,13
37221,35609,13
27010,42236,13
35609,38983,13
39976,39967,13
42152,801,13
29002,27537,13
29090,29107,13
38983,12557,13
13200,12885,13
9820,8947,13
44550,48922,13
4345,19988,13
3452,3325,13
8475,50488,13
42876,13320,13
42403,27754,13
49471,49426,13
10334,8943,13
42451,3469,13
4175,19850,13
18150,40267,13
6355,5681,13
49458,39326,13
27754,27758,13
5851,5847,13
27758,27759,13
27759,11953,13
49551,43865,13
50507,27670,13
5601,35117,13
24262,24264,13
49426,49458,13
43877,49551,13
25846,26813,13
6650,6651,13
6654,37183,13
6653,6654,13
6652,6653,13
6651,6652,13
6655,6656,13
43514,1636,13
26813,28262,13
41903,41967,13
44551,44549,13
12327,28651,13
37183,6655,13
43641,38321,12
48339,73,12
42397,4515,12
43731,43732,12
43865,28997,12
28997,41104,12
18092,6467,12
2957,17362,12
19824,19827,12
10688,11750,12
2334,1081,12
41104,35621,12
18948,18945,12
17353,3119,12
43732,43734,12
1495,1365,12
43734,43737,12
42314,44101,12
35283,13429,12
20082,20081,12
20076,18948,12
40533,16168,12
48438,13092,12
38319,43641,12
23016,48339,12
1365,1636,12
3404,2975,12
13088,14086,12
38374,15664,12
644,40532,12
17362,3404,12
43643,38319,12
4375,4372,12
2975,17359,12
17801,41631,12
39219,19824,12
3785,42314,12
7747,8148,12
9980,47311,12
10703,10781,12
9787,10065,12
17753,17750,12
9786,9882,12
10156,10406,12
10406,10201,12
11557,9970,12
5020,4573,12
21776,21857,12
18665,43731,12
3699,3274,12
17359,2497,12
12847,13113,12
43718,43722,12
51401,48867,12
47810,19896,12
50835,50841,12
40477,40476,12
45014,45017,12
48753,27269,12
6471,18140,12
20903,17696,12
42160,43993,12
2048,3731,12
50962,43096,12
41628,17785,12
43096,43098,12
17785,6419,12
43098,26958,12
50841,50833,12
50833,50832,12
26958,39527,12
45017,41964,12
41840,28941,12
43722,43723,12
43723,43726,12
20075,20076,12
7604,50773,12
26916,45011,12
29218,26916,12
18956,19897,12
3253,2151,12
43736,43735,12
8457,8614,12
6575,17758,12
43713,43736,12
43739,43713,12
45011,40139,12
43727,43740,12
18749,50838,12
50838,50835,12
40139,40140,12
19896,18956,12
40140,40141,12
43993,29218,12
48867,48753,12
40141,36937,12
36937,45014,12
43726,43727,12
39527,50677,12
39551,48560,12
28941,41610,12
41355,2048,12
18675,19253,12
43730,18675,12
16482,24273,12
43717,21292,12
20709,20710,12
6749,18062,12
19932,20709,12
43719,43717,12
43720,43719,12
2151,3699,12
43721,43720,12
43724,43721,12
43725,43724,12
20408,4185,12
20078,20075,12
21324,21646,12
43728,43725,12
43738,43728,12
45015,41247,12
43714,43738,12
43737,43714,12
44623,51397,12
50832,43246,12
2497,1993,12
2784,2569,12
43716,43718,12
18659,43716,12
2569,41355,12
51404,51401,12
41261,38806,12
26500,39184,12
25748,26654,12
25611,25532,12
48720,51404,12
41199,25611,12
1993,17300,12
47406,13710,12
48080,13597,12
48560,27577,12
17404,2334,12
19898,39219,12
51397,48720,12
2028,2784,12
26654,45015,12
17300,2028,12
27244,44623,12
22418,86,12
40480,40477,12
41143,41149,12
17237,36030,12
48865,38267,12
41034,41032,12
41032,42703,12
50139,50138,12
50138,42657,12
1615,50297,12
4894,4746,12
19922,20128,12
20128,20129,12
41945,41944,12
11905,34275,12
35465,4569,12
17705,7219,12
4569,5014,12
20129,20130,12
50297,36836,12
12504,12538,12
23099,39128,12
36836,48828,12
34275,11820,12
11820,46635,12
50406,50409,12
21061,5143,12
20130,20685,12
20685,20686,12
20686,41144,12
18754,38964,12
1739,36128,12
27623,29243,12
4124,1758,12
21184,5193,12
43952,14416,12
3110,3165,12
41039,41040,12
29426,14417,12
41037,41039,12
14417,35740,12
50281,41037,12
41035,50281,12
35740,29665,12
4549,35465,12
29665,14418,12
38964,6644,12
7747,49386,12
50273,41035,12
27269,39562,12
39562,39560,12
24938,14921,12
39563,44131,12
14921,14928,12
24980,974,12
41033,50273,12
36128,41033,12
17730,38962,12
3214,3110,12
27918,27623,12
41144,41143,12
48828,48712,12
40461,40480,12
3215,3214,12
7317,40901,12
50409,50454,12
50454,50185,12
47979,830,12
48538,48856,12
48856,48613,12
42405,4894,12
17047,2612,12
37570,3602,12
1609,2969,12
48792,1609,12
48804,48792,12
49611,3437,12
50289,48804,12
16289,28800,12
48729,50289,12
23593,23583,12
34847,34716,12
48613,36024,12
36027,48569,12
4893,4796,12
4737,4755,12
4792,19571,12
16679,16672,12
48752,48729,12
12352,49693,12
48569,48752,12
48588,48538,12
36344,9048,12
39294,8947,12
48567,48683,12
41149,5607,12
27007,44333,12
5607,20774,12
28112,25953,12
20774,5606,12
5606,41134,12
51066,44027,12
35571,42970,12
13141,13589,12
38993,51067,12
48712,50321,12
50321,48567,12
12042,22454,12
48679,48588,12
48683,48673,12
42172,27216,12
27851,27839,12
47912,19821,12
39049,8399,12
38890,39049,12
39521,38890,12
39487,43476,12
48673,48530,12
43902,39490,12
7864,39521,12
48530,48679,12
7981,7703,12
42587,42825,12
42825,1586,12
34704,8322,12
21578,44894,12
41133,48935,12
44894,44895,12
11160,8494,12
44895,21562,12
20740,4763,12
86,87,12
14128,14351,12
1523,1528,12
21583,21732,12
21732,21584,12
21210,38965,12
38965,18437,12
42094,15205,12
17297,1649,12
37800,37797,12
37797,8178,12
8178,8179,12
8179,7795,12
7795,7786,12
42988,42990,12
50003,38652,12
1649,17404,12
41042,41041,12
41041,41038,12
3485,3337,12
3337,3338,12
15660,15661,12
3201,2084,12
36124,41042,12
34581,34586,12
17520,17521,12
17519,17520,12
17518,17519,12
7747,49388,12
50815,6668,12
40463,40461,12
17517,17518,12
17429,40178,12
3490,3977,12
19095,19139,12
17406,17429,12
17439,3490,12
3139,17439,12
1528,17243,12
34586,34588,12
34589,34592,12
2168,3139,12
3274,2168,12
1043,1041,12
44099,1057,12
42314,43017,12
3331,17297,12
21568,21578,12
40856,40853,12
43218,40855,12
17243,1525,12
7786,34818,12
50269,36039,12
1620,36030,12
5755,5753,12
50757,50759,12
50755,50757,12
13113,13362,12
34062,24169,12
24168,34060,12
2679,2976,12
6644,38963,12
13062,13071,12
38321,38322,12
25935,25996,12
41038,41036,12
41036,50281,12
4482,4484,12
50096,50760,12
38322,38323,12
4738,4797,12
25165,16050,12
24930,24460,12
19447,20084,12
37111,40662,12
41040,41043,12
21141,21148,12
18446,51572,12
40662,37108,12
47364,21191,12
50281,41034,12
50759,50096,12
50760,50752,12
34818,34820,12
1176,1177,12
3338,2416,12
34820,8332,12
34849,50656,12
50656,50655,12
2416,51611,12
50270,50269,12
50279,50270,12
50280,50279,12
50655,34811,12
34811,34814,12
34814,34815,12
34815,8334,12
8334,37800,12
50752,50751,12
50898,16909,12
378,376,12
1168,47973,12
377,378,12
379,377,12
50268,50280,12
40554,50268,12
41043,36125,12
533,532,12
26402,15486,12
15486,23534,12
42882,38945,12
21562,21583,12
43740,43739,12
24361,24363,12
5088,21093,12
16962,3059,12
17356,16962,12
3554,17356,12
2713,17046,12
37084,37086,12
25167,25171,12
37086,37088,12
37088,37090,12
19380,21061,12
25166,16270,12
25171,25169,12
12847,13204,12
39260,38643,12
25169,25168,12
25168,25170,12
25170,16057,12
16057,16056,12
17137,42451,12
37082,37084,12
37080,37082,12
37078,37080,12
28272,37076,12
24959,17270,12
14828,24959,12
3054,20676,12
11452,11534,12
47038,22889,12
42810,4882,12
22165,22166,12
12245,12756,12
25693,44026,12
23068,22172,12
40047,40052,12
40052,23438,12
44026,40061,12
16280,16284,12
16284,16058,12
16058,16060,12
16060,25167,12
16056,25166,12
24434,24361,12
24956,24957,12
274,248,12
37734,41150,12
48365,37734,12
26752,28210,12
23491,16003,12
376,361,12
360,329,12
310,302,12
282,274,12
714,10236,12
16241,16162,12
540,15233,12
49330,1141,12
50133,50107,12
414,50133,12
28291,28308,12
28399,28402,12
35791,35459,12
35826,3368,12
41150,11890,12
11890,11891,12
11891,39289,12
39289,11481,12
16270,16271,12
16240,16134,12
16271,16339,12
16144,16240,12
16339,16389,12
15461,16138,12
16389,16223,12
5373,5376,12
48918,13725,12
16223,16285,12
12990,51641,12
47975,1141,12
14822,455,12
6608,18139,12
47966,359,12
37077,12780,12
11481,9887,12
17270,24956,12
24957,24958,12
35460,35790,12
49875,12671,12
21758,21761,12
21757,21758,12
8217,8457,12
21753,21754,12
29120,49847,12
19862,4176,12
49857,49807,12
49807,49875,12
29085,12351,12
16611,16506,12
12351,12496,12
12496,29095,12
29095,12353,12
49812,29131,12
44124,42969,12
42969,44128,12
44128,44129,12
44129,29008,12
8018,50864,12
21761,21762,12
49191,8018,12
34859,49191,12
10893,10892,12
20813,51065,12
51065,20814,12
19856,51216,12
51216,5557,12
5557,19575,12
37145,5570,12
40515,7034,12
7034,40513,12
51172,40524,12
25634,27560,12
24582,23608,12
20814,18728,12
26242,25734,12
23347,24202,12
26883,25794,12
19046,5533,12
18139,6607,12
20159,35598,12
27792,27870,12
40030,40046,12
41133,13320,12
33906,23508,12
487,493,12
14901,37109,12
25348,14901,12
23503,23461,12
23436,23433,12
23433,40030,12
492,25348,12
19845,20269,12
19278,19284,12
37364,37362,12
40046,23443,12
23448,23501,12
21696,22315,12
23501,23403,12
15489,40428,12
40428,23462,12
24939,14947,12
15156,655,12
34482,34476,12
34478,34632,12
20194,19767,12
5870,5861,12
5874,5870,12
5880,5874,12
20090,18835,12
7002,44440,12
42523,25973,12
28056,42523,12
27850,27851,12
27851,26544,12
26544,27839,12
27841,27871,12
44146,27981,12
19843,19710,12
22284,37115,12
23325,16413,12
22742,16493,12
3367,35826,12
35290,264,12
10889,41249,12
38885,38884,12
16164,25252,12
7282,18736,12
44392,7663,12
34926,44392,12
34925,34926,12
34924,34925,12
34920,36850,12
38884,34920,12
25251,25206,12
97,34088,12
34667,34897,12
15667,15178,12
34897,34608,12
2,15667,12
16348,2,12
50802,24335,12
23201,50802,12
99,24813,12
14315,13230,12
24318,23367,12
18634,18627,12
18161,6471,12
34447,34448,12
48240,17623,12
5517,19545,12
4733,19760,12
25328,13178,12
13601,13322,12
29322,48363,12
4022,4023,12
674,4022,12
2788,3550,12
2787,2788,12
3554,3059,12
10647,10193,12
18736,20795,12
18735,18736,12
675,674,12
18162,18161,12
34088,99,12
21817,21811,12
34601,35509,12
11280,11278,12
24072,24137,12
11411,9154,12
15993,23257,12
10925,11279,12
22136,23054,12
8981,11276,12
11276,11277,12
11277,11280,12
34448,34449,12
21881,22819,12
48472,49165,12
49165,49167,12
49167,48614,12
48614,673,12
673,670,12
670,671,12
671,677,12
23830,24618,12
9150,11411,12
9275,9150,12
24110,22209,12
22209,23010,12
44147,49772,12
24743,24179,12
12109,44147,12
13230,13088,12
672,675,12
676,672,12
24600,50033,12
24582,24600,12
23608,24582,12
677,676,12
50065,23608,12
21814,34021,12
22279,21810,12
49234,50065,12
11379,9275,12
21756,23013,12
23010,21756,12
34446,34447,12
34602,34601,12
37396,37306,12
24516,24522,12
7444,8733,12
8733,10281,12
11478,8750,12
8750,11725,12
11725,10490,12
46387,11226,12
11224,11146,12
11146,11131,12
11134,11133,12
10873,10875,12
11133,11130,12
11132,11136,12
11136,11144,12
11143,10885,12
10885,51377,12
51377,39072,12
10393,39074,12
39074,11135,12
8899,7444,12
43481,43482,12
43492,43481,12
10393,10421,12
5197,5198,12
40255,4781,12
4781,4735,12
4742,40575,12
40575,50041,12
50042,40235,12
40235,4839,12
4839,40228,12
40228,40229,12
40229,40231,12
40231,40237,12
10515,8750,12
8750,7444,12
7444,48498,12
43491,10881,12
10881,39070,12
10880,39072,12
11135,10873,12
10875,11125,12
24524,24525,12
728,34668,12
18887,6034,12
42252,27366,12
40069,40058,12
8636,8750,12
41924,40069,12
6338,6388,12
43197,41924,12
37182,6657,12
37181,37182,12
34441,34444,12
5779,18240,12
24522,24523,12
24523,24579,12
24579,24580,12
24580,24519,12
27341,43197,12
735,17248,12
17248,800,12
34444,34538,12
11145,11225,12
44424,11145,12
11134,44424,12
11125,11127,12
11812,11478,12
8733,46254,12
11127,11126,12
11126,10870,12
10870,10871,12
10871,10869,12
10869,10872,12
10872,10874,12
10874,9754,12
9754,51427,12
51427,39071,12
39071,10882,12
10882,10884,12
11143,10886,12
10886,11130,12
11132,11131,12
10892,10889,12
28471,46813,12
17696,19154,12
35715,39159,12
8015,43075,12
19625,40329,12
48947,43374,12
16162,16087,12
15416,38111,12
39597,39596,12
39595,39597,12
38993,44018,12
51868,21706,12
17988,6483,12
24787,23897,12
50742,21710,12
51066,51073,12
44026,51067,12
25974,44026,12
8070,7938,12
7321,43073,12
2387,3053,12
37676,13322,12
9547,10767,12
20989,18290,12
20675,20524,12
18812,19314,12
18810,43510,12
24057,13429,12
38642,812,12
4132,16929,12
41447,7768,12
20996,20989,12
20987,20996,12
34511,34530,12
27834,50462,12
47905,324,12
34871,41178,12
17012,19573,12
21706,50742,12
44312,44311,12
13825,13824,12
42978,44390,12
41031,26402,12
26402,25726,12
12987,12827,12
40192,40190,12
51372,42617,12
22865,792,12
13274,16186,12
6534,37272,12
34366,42301,12
6563,18860,12
40997,40991,12
40999,40997,12
17961,40999,12
44390,12274,12
25339,715,12
20215,17961,12
24745,38304,12
41573,18757,12
14542,13813,12
12890,14542,12
34369,34366,12
34833,8072,12
8072,8437,12
20224,35345,12
18911,20224,12
6916,18910,12
18914,6916,12
20207,18913,12
16147,26131,12
7766,43653,12
8060,34960,12
42297,34735,12
971,43519,12
34217,39638,12
50546,39830,12
18290,20961,12
13824,12879,12
6553,41007,12
9879,10770,12
11294,10131,12
11291,11294,12
43996,42012,12
11871,43996,12
42013,11871,12
8321,7703,12
34704,7958,12
10770,11539,12
28156,28155,12
9440,11239,12
40777,11242,12
11242,10754,12
15576,15577,12
43254,10662,12
9946,9921,12
10667,11237,12
4676,4261,12
51947,13868,12
14589,14014,12
34374,34345,12
17251,4066,12
4066,36049,12
47989,18116,12
37362,37364,12
3125,17353,12
3182,3125,12
19631,19632,12
19632,19633,12
10131,9498,12
13039,13345,12
14356,14497,12
34392,34394,12
34394,34380,12
34380,41119,12
41119,34374,12
15575,15576,12
28155,28164,12
38944,13354,12
15573,21917,12
15601,28977,12
5605,19984,12
12823,13320,12
8146,7819,12
20997,6223,12
21019,20997,12
20117,5555,12
34781,43027,12
28164,28165,12
48340,47885,12
2876,1311,12
1178,1177,12
48188,25540,12
6221,20951,12
20961,6221,12
37811,37810,12
2077,3321,12
15477,16109,12
15481,15482,12
15483,26038,12
28165,42665,12
24404,24400,12
42665,27446,12
49611,51258,12
15606,15683,12
13074,727,12
2846,3046,12
21218,19068,12
39176,41812,12
5675,5674,12
6356,5676,12
2813,17012,12
19068,5886,12
9255,38834,12
15414,13204,12
41010,20215,12
24618,24582,12
20212,6551,12
19526,5515,12
15436,47874,12
49180,23671,12
42232,41974,12
41974,41975,12
39559,41543,12
36041,42592,12
8608,8609,12
8607,8608,12
8606,8607,12
8605,8606,12
19072,6121,12
8604,8605,12
21453,21454,12
21452,21453,12
21451,21452,12
14965,21451,12
752,420,12
21446,21447,12
21445,21446,12
42223,19845,12
47874,16061,12
37360,37372,12
16061,22760,12
14757,37117,12
47974,4339,12
12406,27279,12
40581,40582,12
21750,21752,12
9914,8871,12
8871,42232,12
26531,41261,12
25611,25612,12
25612,12041,12
48215,22804,12
23998,24027,12
23619,24015,12
13348,23619,12
25095,15526,12
21589,15643,12
13602,21589,12
5515,20458,12
51227,13602,12
21444,21445,12
21443,21444,12
14976,21443,12
21442,14976,12
51830,10472,12
6972,19461,12
10473,8751,12
8751,8935,12
8935,9063,12
11431,9062,12
19461,6909,12
20585,20574,12
5271,5506,12
50836,50837,12
50837,50832,12
50832,43245,12
6870,6868,12
21747,21749,12
14813,14827,12
15909,15907,12
21746,21747,12
21745,21746,12
21751,21745,12
6904,6972,12
21749,21750,12
6575,6505,12
2787,3550,12
48115,26659,12
42208,42223,12
42241,42208,12
34803,34407,12
34405,34803,12
20216,20306,12
268,752,12
39514,39356,12
20808,41703,12
19463,6904,12
41703,41702,12
39357,39514,12
39404,39357,12
18687,5237,12
18786,6913,12
6913,18787,12
18787,6905,12
6905,19463,12
37376,37374,12
24015,23998,12
39642,27701,12
20382,19003,12
21741,21742,12
21742,21743,12
20106,19584,12
15255,51805,12
2088,3164,12
23972,33943,12
14297,14301,12
44539,42756,12
29438,14270,12
23646,48401,12
21740,21741,12
807,23646,12
16484,25205,12
37716,15833,12
29350,41660,12
15380,49170,12
15832,37715,12
28625,27031,12
20032,34309,12
48182,19489,12
48138,22804,12
48401,24093,12
21739,21740,12
19947,20054,12
20290,20382,12
4229,20394,12
21738,21739,12
39440,39442,12
39442,39441,12
50823,39570,12
28272,28271,11
18338,18303,11
27154,27518,11
19404,4196,11
50580,50579,11
34954,34950,11
27177,39352,11
6229,20996,11
39352,12498,11
37044,34953,11
27854,27714,11
41970,50580,11
34953,34951,11
17981,17976,11
18203,5002,11
34951,34954,11
28360,28433,11
20996,18338,11
12963,50534,11
41971,41970,11
21003,48416,11
21069,4160,11
7728,34838,11
42472,7965,11
34433,34511,11
51378,19404,11
8125,42472,11
51379,51378,11
28114,27011,11
8291,8115,11
19413,51379,11
12539,12504,11
19392,21070,11
5004,21059,11
27518,48256,11
21002,51282,11
43911,4924,11
26716,26711,11
41663,11082,11
41972,41950,11
41950,41971,11
27011,26405,11
39560,27576,11
36859,37043,11
34952,36859,11
27851,27836,11
40718,18904,11
48399,48385,11
48672,48399,11
4878,5145,11
48376,48672,11
48377,48376,11
37091,48377,11
28306,28304,11
24405,14603,11
28304,12799,11
48373,48383,11
27836,27839,11
12799,35200,11
35200,28290,11
34537,34540,11
35306,43839,11
43260,25298,11
2573,3939,11
28290,12788,11
16910,16384,11
48385,48373,11
50210,16910,11
39333,39540,11
21022,4259,11
29401,29383,11
18203,21039,11
37044,42472,11
42472,8318,11
21039,21022,11
8318,8131,11
1036,36111,11
17256,1068,11
8132,34703,11
4259,21002,11
48645,50210,11
40475,40476,11
21002,19399,11
7965,37043,11
4658,41978,11
48382,40475,11
23339,24942,11
48383,48382,11
24942,24708,11
23299,48645,11
34950,34952,11
28331,25462,11
51930,11379,11
8984,8985,11
7444,34984,11
7354,7444,11
7351,7353,11
12247,28198,11
12736,26810,11
26810,26815,11
7493,7351,11
7475,7493,11
34969,7475,11
7430,38912,11
7398,7404,11
7396,7398,11
8983,8984,11
8985,10400,11
35608,39227,11
39432,39321,11
39321,39431,11
8882,10744,11
10744,8884,11
8884,8886,11
8886,44958,11
27817,27814,11
44958,8889,11
8889,8891,11
7109,7097,11
7097,7099,11
18876,35518,11
35518,35519,11
3869,17425,11
37221,35608,11
35520,35523,11
35529,35541,11
29175,29176,11
29176,29177,11
24873,24874,11
24874,24875,11
24875,690,11
35537,35534,11
35539,35537,11
42623,41249,11
28661,10889,11
42623,25726,11
21701,21771,11
51372,12042,11
35541,35539,11
18691,35542,11
3996,2356,11
39966,35546,11
12067,12201,11
39328,41968,11
47863,2356,11
38303,38304,11
3532,19087,11
10952,10955,11
34468,34546,11
34492,34494,11
11990,51568,11
22268,21919,11
28728,38984,11
38984,37221,11
35519,35520,11
35523,35524,11
29170,29172,11
28699,27685,11
4373,4374,11
43028,43075,11
36943,43028,11
20977,48416,11
6226,18339,11
8044,34772,11
8069,8044,11
18339,4259,11
4259,21032,11
21040,21059,11
7819,7820,11
36296,13322,11
27823,27825,11
27684,27683,11
7780,7671,11
39458,39457,11
39387,39458,11
757,34346,11
46923,16909,11
21621,21366,11
21378,21621,11
21322,21646,11
13246,23975,11
13802,13112,11
20397,46514,11
35177,16149,11
25463,28334,11
28334,25468,11
29371,16491,11
39716,50553,11
35524,35525,11
7692,34960,11
35525,35526,11
8891,8893,11
8893,8895,11
35526,18877,11
35507,34227,11
34227,34337,11
34340,35508,11
38695,51396,11
51396,34229,11
34407,34406,11
44933,34800,11
34800,34801,11
34810,34352,11
34352,35493,11
26214,27822,11
35493,34368,11
8895,8896,11
8896,8898,11
21744,23401,11
8898,37733,11
37733,8854,11
10517,9909,11
48946,43374,11
22956,16209,11
16205,24296,11
34353,34800,11
28368,12798,11
50462,26557,11
29172,29175,11
29169,29170,11
9274,51930,11
28441,28451,11
18792,40847,11
40857,18792,11
40848,40857,11
18791,40848,11
20414,18790,11
19759,6969,11
19678,19759,11
42840,4111,11
20106,17787,11
17787,17799,11
28983,28984,11
28981,28983,11
28451,28981,11
35401,29160,11
10823,10826,11
4671,19090,11
28454,28441,11
28446,28454,11
16946,4070,11
36051,4076,11
28448,28446,11
4076,4078,11
19090,18441,11
28426,28268,11
34561,34653,11
28500,28410,11
25468,28331,11
28499,28500,11
40847,6853,11
28387,28394,11
28491,28498,11
28367,12794,11
11380,9274,11
39888,39886,11
39886,39884,11
39884,39882,11
39882,6648,11
18119,18114,11
18114,39671,11
18619,18629,11
12793,28364,11
9181,8749,11
8749,10446,11
1296,19799,11
28364,28367,11
12794,28299,11
28376,28387,11
5857,5851,11
6608,6607,11
6607,7245,11
7245,18174,11
6795,39879,11
39879,6796,11
17935,43679,11
6615,6755,11
18488,21117,11
748,29378,11
28299,12797,11
28373,28375,11
28375,28376,11
28498,28499,11
28490,28491,11
40464,29169,11
16289,27778,11
26847,26503,11
17257,17258,11
17251,17250,11
26058,28531,11
17250,36049,11
28865,26058,11
4068,4069,11
28438,28442,11
28442,40481,11
40481,40482,11
35975,35977,11
21776,21646,11
21469,21771,11
17652,19067,11
21987,25397,11
16288,26403,11
13810,13806,11
13808,29319,11
29327,12866,11
12888,43230,11
43230,42276,11
42276,42272,11
42272,13837,11
13837,13826,11
13826,13825,11
47856,3999,11
28661,42617,11
44259,38716,11
27674,50849,11
25397,21991,11
28507,28490,11
28276,28275,11
28506,28507,11
28505,28506,11
28504,28505,11
28503,28504,11
28501,28503,11
37090,48556,11
28594,28501,11
28430,28594,11
28502,28430,11
12784,12782,11
28275,12784,11
23205,24738,11
23207,23205,11
28291,28482,11
36048,4065,11
7714,7665,11
51119,27656,11
27666,51119,11
27626,51382,11
4066,4068,11
4062,4066,11
4063,4062,11
4061,4063,11
4060,4061,11
4058,4060,11
27876,25940,11
28394,28397,11
4065,4057,11
24250,24254,11
48556,48766,11
39944,39943,11
15564,21880,11
27311,27312,11
20283,20832,11
39641,39643,11
19493,34248,11
1026,24573,11
11204,11202,11
11202,11205,11
14225,29472,11
14217,14218,11
29331,14217,11
14215,29331,11
14252,29382,11
14239,14241,11
21471,24787,11
12833,42877,11
38791,1735,11
4029,3798,11
16940,1208,11
17268,16940,11
23408,23300,11
27644,28832,11
28832,27635,11
27635,27634,11
37070,12557,11
15151,24977,11
28295,28296,11
27743,27742,11
40803,37003,11
29050,29052,11
27842,41604,11
3152,38791,11
43912,43977,11
26889,28575,11
17236,17235,11
1722,38795,11
38776,1722,11
41282,34669,11
39945,39944,11
1721,38776,11
17902,6478,11
39943,39942,11
39942,39614,11
1723,38785,11
39065,1731,11
26977,26982,11
39614,39615,11
39615,28088,11
28088,29122,11
36009,16941,11
18140,18202,11
16940,36009,11
1702,16940,11
4078,42256,11
3825,39066,11
51704,20322,11
38576,1403,11
1372,38578,11
38576,1397,11
1203,1559,11
39941,27323,11
6473,6750,11
6617,6473,11
18183,6617,11
18202,18183,11
28210,44630,11
26710,26889,11
34233,34387,11
44043,44042,11
44977,44976,11
44976,44973,11
20357,20358,11
29406,14605,11
8317,43244,11
7755,47881,11
47881,51159,11
40711,28771,11
28772,28222,11
40700,28222,11
28226,40702,11
44040,44039,11
44041,44040,11
44042,44041,11
44044,44043,11
22253,50518,11
16030,16676,11
34604,34575,11
39376,39475,11
39475,49267,11
40587,49362,11
40586,6668,11
49267,39375,11
39375,51080,11
51080,26412,11
27278,39422,11
15998,34346,11
24394,49653,11
42065,42068,11
24237,14297,11
50518,44977,11
6628,6629,11
9879,11539,11
4127,1752,11
27742,27740,11
20740,19821,11
4111,4086,11
23582,24794,11
4086,4132,11
25081,15878,11
9440,11238,11
11238,11230,11
4132,1495,11
22887,23585,11
27750,27642,11
8073,8040,11
8040,7865,11
7865,34722,11
1752,1758,11
12326,28111,11
17002,4894,11
4894,35111,11
21302,18844,11
18844,4677,11
5167,18195,11
39804,38975,11
39805,38969,11
7232,50008,11
47810,18695,11
50008,18022,11
7746,8148,11
11216,8474,11
19478,20369,11
20369,20357,11
38795,1724,11
34387,38663,11
42068,42067,11
8899,35697,11
23973,23705,11
35283,23973,11
3854,3852,11
42020,7289,11
29606,14249,11
14240,14219,11
29394,14213,11
13203,14315,11
49726,28658,11
11979,49718,11
6695,39957,11
50015,50070,11
35914,35911,11
35911,35910,11
35697,51199,11
18189,6657,11
8044,34794,11
35479,35477,11
8069,8001,11
35477,35478,11
35478,35482,11
35482,35483,11
35483,35484,11
35484,35934,11
35934,35485,11
35485,35939,11
35939,19821,11
19821,35892,11
35892,35916,11
18149,6490,11
23731,24175,11
17967,35572,11
25883,25885,11
20086,5948,11
28961,49829,11
49829,49805,11
49805,49865,11
29129,49809,11
12163,49833,11
49907,29189,11
29284,49907,11
29085,29283,11
49900,12671,11
4913,5028,11
10107,51830,11
10319,10107,11
47122,9553,11
5948,35191,11
18727,20086,11
49236,29482,11
49865,49889,11
12670,49847,11
49857,49811,11
49914,49865,11
49865,42118,11
12214,12348,11
12348,12215,11
12215,12143,11
37314,39260,11
12143,12350,11
17572,48767,11
48767,46377,11
12350,12145,11
40582,40583,11
18098,18127,11
29202,48504,11
38663,34664,11
1724,38777,11
17623,17710,11
4413,19972,11
19972,4409,11
16093,22783,11
22783,22784,11
4409,4407,11
22784,22785,11
20412,20298,11
22785,26,11
26,16869,11
20298,20255,11
38782,2338,11
3824,38782,11
38777,1730,11
20133,20134,11
19830,20023,11
20134,20132,11
28682,39603,11
39603,39602,11
39602,39613,11
34389,34385,11
34479,34388,11
34401,34479,11
17769,7227,11
34403,34401,11
34416,34403,11
34413,34416,11
34398,34413,11
34400,34398,11
34664,34391,11
20023,4416,11
20024,20002,11
26669,26120,11
12185,12359,11
50473,13339,11
29234,29202,11
29273,29234,11
12361,29273,11
12643,12361,11
50388,20105,11
38921,43510,11
14328,13878,11
12360,12643,11
12220,12360,11
12219,12220,11
12217,12219,11
12186,12217,11
12359,12186,11
12147,12185,11
4420,20024,11
12146,12147,11
50068,6488,11
29350,23596,11
6488,6686,11
12150,12146,11
6692,6693,11
4932,4824,11
4639,4932,11
4800,4639,11
1031,23401,11
23419,16003,11
19979,4430,11
4430,4429,11
4429,20025,11
44466,13269,11
49854,29246,11
12170,29126,11
13892,13888,11
21595,29342,11
13603,29591,11
10171,10169,11
25938,27361,11
22976,811,11
27505,12007,11
52029,15604,11
24167,51585,11
38318,16039,11
51585,24163,11
43231,12836,11
40165,7731,11
49900,12680,11
22478,807,11
10169,11813,11
24536,16650,11
18771,41634,11
21624,21356,11
29082,49900,11
3035,3449,11
1792,3035,11
41634,41633,11
14165,29404,11
811,23702,11
12158,29125,11
12398,12158,11
42067,42072,11
7111,7112,11
3560,3029,11
29129,12183,11
13086,50612,11
21633,46240,11
21608,21624,11
12168,12170,11
29125,12168,11
23713,14600,11
24183,21594,11
15413,14600,11
13118,13358,11
29126,49833,11
23300,23337,11
16392,15697,11
24273,33910,11
16480,16396,11
48208,9056,10
16042,16044,10
410,33929,10
15416,15417,10
16045,16046,10
17042,43815,10
16046,16042,10
25832,26121,10
6693,37172,10
708,14661,10
11274,10912,10
16273,25265,10
43815,2794,10
11969,25647,10
48370,48368,10
33929,411,10
27825,27827,10
4863,4721,10
487,24940,10
6346,19611,10
19611,6029,10
6029,6344,10
26700,26715,10
50389,6025,10
26715,26906,10
6344,6343,10
5502,6360,10
11348,11790,10
6359,5502,10
11879,8636,10
10716,41976,10
51823,10061,10
35362,35365,10
10775,49168,10
50469,48850,10
50471,50469,10
727,16608,10
28356,35193,10
28355,28356,10
370,662,10
8733,47982,10
35194,28341,10
5491,5492,10
27700,50966,10
11873,10790,10
6358,6359,10
2794,17035,10
17035,17033,10
39574,39573,10
39573,39576,10
39576,39572,10
39572,39589,10
25195,51583,10
51583,25198,10
28071,39559,10
28639,28477,10
51196,5001,10
11161,11173,10
25806,25555,10
25547,25805,10
39589,39588,10
25093,25119,10
37810,44934,10
25198,51582,10
51582,51581,10
42430,41132,10
28626,12040,10
5591,50871,10
51581,51580,10
35331,35328,10
20409,42430,10
17795,19582,10
29403,14325,10
50443,7321,10
10852,50443,10
10855,10852,10
49941,49928,10
39874,39875,10
35118,41802,10
16044,799,10
799,25159,10
25156,38324,10
13239,13154,10
15884,25192,10
44010,49168,10
49954,44010,10
44007,49954,10
49928,44007,10
10193,49941,10
39577,39574,10
5814,6358,10
4816,39874,10
4698,4816,10
5199,4698,10
5198,5199,10
4726,5197,10
29099,29132,10
35195,35400,10
16037,16666,10
11986,27584,10
25192,25195,10
11738,51823,10
9064,8732,10
40646,44175,10
44175,39178,10
10824,10633,10
48303,48302,10
48302,48304,10
44605,44603,10
13274,8703,10
28217,26787,10
8703,8708,10
6902,19799,10
2084,2081,10
20815,43120,10
48095,43422,10
43120,4335,10
4335,4333,10
37271,20200,10
41463,16484,10
40809,16603,10
20816,20044,10
37630,49062,10
20044,19931,10
19931,18965,10
25691,44026,10
20177,20180,10
44603,44601,10
34444,34541,10
34657,8503,10
44026,51073,10
44601,42075,10
10827,10824,10
35505,5591,10
17092,2931,10
22,97,10
43790,38349,10
43788,43790,10
8408,43788,10
24680,22633,10
38161,8408,10
10251,38161,10
34348,34409,10
10034,10251,10
10798,10797,10
21323,21325,10
39781,27567,10
37374,37376,10
19337,19631,10
25795,26475,10
34409,34345,10
34345,15995,10
750,748,10
16203,16205,10
34073,23906,10
745,24403,10
48346,25635,10
21686,24739,10
22835,23777,10
17572,46399,10
25832,25763,10
49038,17749,10
18969,5982,10
44599,44595,10
13800,13216,10
2387,1814,10
20891,20900,10
6349,18934,10
29115,29116,10
29114,29115,10
3921,3928,10
4750,4947,10
4947,4801,10
4801,4754,10
16047,16048,10
3932,1446,10
10687,9064,10
19697,19573,10
16048,16045,10
28517,26640,10
29131,12171,10
40702,40701,10
20328,44343,10
1372,4122,10
27932,27688,10
47856,3937,10
1225,35993,10
9362,9627,10
18934,6346,10
16372,25270,10
36198,13632,10
16281,15834,10
6352,6349,10
5673,5717,10
16043,16047,10
3604,49611,10
41920,27459,10
18965,19929,10
47893,49615,10
49615,3185,10
3185,48434,10
48434,50750,10
50750,2812,10
26869,26918,10
26918,26870,10
12792,12793,10
14947,486,10
2812,3604,10
43655,18570,10
4983,4686,10
27728,27696,10
24411,46420,10
39563,37039,10
27696,27690,10
19342,18818,10
4662,5050,10
4688,4662,10
4684,4688,10
4683,4684,10
5098,4683,10
16509,16597,10
4686,5098,10
50154,7032,10
40720,40719,10
19263,50154,10
12982,13822,10
40192,20524,10
28363,12791,10
12401,12403,10
4512,48001,10
1166,1259,10
12403,12364,10
1259,16996,10
42222,12284,10
28365,28363,10
42216,43682,10
50955,19004,10
20978,20993,10
39998,39993,10
6207,20978,10
37372,37374,10
13320,14339,10
40712,40711,10
6481,6482,10
39779,47751,10
41291,41293,10
41292,41291,10
28366,28365,10
12364,12399,10
12399,29102,10
16273,16354,10
721,39114,10
12796,28366,10
13822,13354,10
26582,26580,10
37348,37346,10
34083,46,10
25743,25744,10
25741,25743,10
40713,40712,10
12787,35199,10
34843,7822,10
28271,12780,10
12644,29296,10
4797,19821,10
47849,43422,10
4777,4756,10
10456,10458,10
9048,22234,10
29296,12235,10
18983,4344,10
12235,12236,10
21150,21148,10
28641,27786,10
12786,28276,10
12790,12786,10
12236,12214,10
28293,12790,10
20287,18985,10
19773,20287,10
12791,28293,10
43854,34735,10
26580,26581,10
51090,44073,10
37292,37348,10
39099,25339,10
35199,12795,10
46285,51499,10
27809,27043,10
8146,34697,10
20950,51200,10
23705,51190,10
4334,20815,10
51190,806,10
806,22474,10
39547,41204,10
41204,50528,10
27043,28114,10
6799,6800,10
27805,27498,10
50528,39571,10
50476,4176,10
17605,50476,10
48183,4339,10
39571,50823,10
19740,4229,10
51200,51196,10
37374,37372,10
37384,41293,10
28441,28439,10
28443,28441,10
41293,41291,10
41291,41292,10
37382,37384,10
39779,48523,10
21507,23884,10
35301,19928,10
39095,39099,10
5949,35301,10
21269,748,10
19057,19132,10
28368,12796,10
37344,37342,10
25155,15972,10
44001,50769,10
19132,19444,10
25162,25203,10
28377,28374,10
2066,1271,10
28385,28377,10
28388,28385,10
28398,28388,10
35009,8438,10
4337,34307,10
5613,19444,10
4337,18985,10
4347,20439,10
20439,18983,10
18983,34285,10
34285,34284,10
34284,18978,10
18978,18979,10
18979,18976,10
18976,18977,10
18977,5949,10
7768,34719,10
12326,28617,10
25704,25949,10
35328,43643,10
26972,34978,10
41390,42409,10
41388,41390,10
48116,26660,10
46908,48432,10
41385,41388,10
41383,41385,10
13960,41383,10
8067,7321,10
14315,13960,10
40701,40700,10
7612,41177,10
7598,7612,10
43155,35978,10
8035,8366,10
39075,11114,10
11788,39075,10
11123,37036,10
11786,11788,10
11141,11786,10
8560,11123,10
11147,11141,10
20993,20999,10
2091,1296,10
11149,11147,10
11151,11149,10
34225,12189,10
12189,12166,10
42409,42410,10
34978,40440,10
20577,19769,10
42410,13919,10
34537,34445,10
2563,1372,10
6734,6735,10
40719,40718,10
5652,5653,10
1186,1183,10
6601,18197,10
18902,40720,10
18441,18901,10
47364,21190,10
29282,12494,10
12494,29143,10
38900,29407,10
13006,38900,10
51383,28619,10
42265,43229,10
42273,42265,10
13834,42273,10
42261,13260,10
12880,42261,10
13730,38945,10
11157,11161,10
18435,51572,10
5193,18428,10
18820,18818,10
29180,29283,10
29284,34225,10
6952,6951,10
19722,42239,10
12795,28303,10
12239,12273,10
5946,17988,10
49068,26520,10
28460,28448,10
5944,17934,10
28457,28460,10
28456,28457,10
28444,28456,10
28436,28444,10
28431,28436,10
29073,12124,10
27656,28639,10
28268,28431,10
50586,9048,10
12800,12801,10
16212,16196,10
24229,15808,10
15639,51776,10
12124,12644,10
18307,18758,10
43654,8437,10
28222,40713,10
5308,5338,10
28305,12800,10
25956,51209,10
51210,25956,10
25951,25952,10
28303,28305,10
48089,15582,10
41289,12239,10
12166,12401,10
14600,15746,10
42239,42240,10
42240,42241,10
51331,21248,10
2378,1267,10
11154,11152,10
11156,11154,10
11222,11156,10
49640,11222,10
14081,13348,10
25550,29342,10
35675,35676,10
35676,9720,10
9720,9713,10
50828,28831,10
15233,14355,10
424,422,10
422,797,10
12510,29251,10
16087,44892,10
15455,16129,10
16120,15452,10
15427,24830,10
29251,29073,10
16149,15585,10
42220,12274,10
14600,15582,10
25541,25542,10
16470,16473,10
48395,48457,10
50589,18999,10
25589,25556,10
44333,28651,10
20955,6207,10
44604,44606,10
37090,48370,10
19047,20888,10
48378,37090,10
48374,48378,10
35923,35927,10
48375,48374,10
12287,29193,10
552,24345,10
48721,48375,10
4035,36071,10
36071,1248,10
48372,48384,10
1248,36119,10
36119,36078,10
4501,18358,10
4716,4501,10
36078,36072,10
36072,36073,10
36073,36074,10
35927,35926,10
35926,35924,10
48384,48721,10
35924,35922,10
35922,35920,10
35920,35897,10
17322,2105,10
20812,20350,10
44602,44604,10
553,552,10
14603,827,10
25081,15460,10
5623,18419,10
48225,18421,10
15460,15849,10
43591,43593,10
17932,17974,10
551,553,10
15642,16264,10
25187,15707,10
15840,25186,10
20219,18823,10
43252,50339,10
18955,18703,10
40565,43252,10
25116,40565,10
15377,23260,10
42405,5020,10
26557,26409,10
3371,1279,10
20107,6706,10
34173,12288,10
17197,2104,10
2104,17322,10
14720,29450,10
44599,44602,10
41788,41599,10
35897,35918,10
48398,48372,10
35989,23190,10
25175,16088,10
15654,16147,10
16238,15455,10
37340,37338,10
25278,16454,10
41219,44250,10
50337,41219,10
25665,26007,10
42286,37306,10
27860,26434,10
14946,14895,10
39731,51940,10
16289,27899,10
16105,21696,10
44610,28213,10
48381,48398,10
27692,27733,10
14973,14946,10
39617,4079,10
1271,2771,10
35364,35363,10
5001,20955,10
25116,15396,10
21213,21301,10
6944,20663,10
6946,6951,10
19092,6916,10
16846,22606,10
22606,101,10
37292,37340,10
1760,4893,10
37368,37366,10
6637,5939,10
35605,34718,10
34718,36863,10
35918,42726,10
27429,44146,10
36863,36846,10
36846,8172,10
27365,27346,10
8172,8184,10
44389,27365,10
40476,48381,10
27342,44389,10
11230,11239,10
40474,40476,10
44606,44607,10
23592,42064,10
44607,44610,10
43201,27342,10
40422,43201,10
40065,40422,10
40421,40065,10
18833,18825,10
35263,5552,10
42064,23585,10
22887,23582,10
37372,37370,10
16147,43373,10
37370,37368,10
604,624,10
7673,7325,10
5860,5857,10
20970,20990,10
29516,29476,10
28272,48369,10
28455,28447,10
48369,37091,10
19124,39906,10
15640,25186,10
16268,15641,10
18657,18689,10
34909,34604,10
5208,5209,10
5210,5002,10
20953,20970,10
47924,24404,10
23769,14355,10
34853,34839,10
13332,13915,10
3984,2069,10
34594,34597,10
34597,34599,10
20990,20997,10
20997,20988,10
26585,26626,10
40763,20106,10
38161,11530,10
34710,38161,10
7934,34710,10
20069,48542,10
43789,7934,10
36541,13268,10
29476,12831,10
13534,13268,10
13223,13534,10
16493,15994,10
48368,12780,10
13589,13675,10
13675,13710,10
28985,28982,10
28982,28980,10
28980,28450,10
28450,28442,10
5892,4205,10
14282,14283,10
24079,24050,10
12998,13580,10
28442,28455,10
19457,43156,10
28890,41199,10
28582,40072,10
459,14919,10
39905,39891,10
12017,25918,10
26359,12017,10
39911,39905,10
39906,39911,10
26373,26359,10
7798,34505,10
35195,48380,10
49386,34751,10
48380,35400,10
22002,41464,10
34839,34854,10
49870,49918,10
34557,34669,10
29120,49900,10
49840,29116,10
49874,49840,10
16472,16461,10
28445,28435,10
8071,8317,10
16473,16472,10
8148,7725,10
7256,7257,10
16050,38332,10
42972,8039,10
17198,17197,10
42726,35917,10
29479,24763,10
34854,8008,10
35917,35896,10
35896,35919,10
35919,35921,10
28435,28432,10
39962,14475,10
28432,28429,10
41318,22253,10
41337,41318,10
35921,35923,10
41319,41337,10
7780,7673,10
23190,41319,10
12876,13642,10
19834,20792,10
8169,8170,10
28478,28445,10
28458,28478,10
8008,34855,10
38350,43789,10
38349,38350,10
34856,8012,10
8012,39725,10
2103,17198,10
39725,8010,10
8010,8011,10
8011,8013,10
10810,10816,10
43750,27918,10
16466,25400,10
48542,20065,10
28447,28449,10
20065,48661,10
28424,28502,10
48661,4453,10
28429,28424,10
29177,35201,10
40460,40464,10
28449,28459,10
40479,40460,10
43857,36771,10
36225,7780,10
40478,40479,10
28459,28458,10
40475,40478,10
3073,43018,10
37372,37360,10
5861,5860,10
34808,34434,10
12042,41030,10
40887,40886,10
34161,6720,10
34434,34433,10
37521,1028,10
41674,22241,10
42845,11161,10
11459,9566,10
21115,18474,10
35195,28333,10
28597,35195,10
18474,21099,10
40990,5973,10
25466,28597,10
25461,25466,10
10629,34268,10
34268,9694,10
36909,24856,10
6573,6538,10
8749,10775,10
10775,41133,10
6526,35505,10
13244,14206,10
17801,18760,10
17976,6482,10
28384,28379,10
4895,4918,10
42074,42077,10
28391,28382,10
28415,28416,10
28413,28415,10
12789,28288,10
10889,10892,10
39604,39606,10
39605,39604,10
42069,42065,10
5974,17946,10
27530,27522,10
16491,17303,10
35514,42071,10
10892,10893,10
19002,19992,10
18753,41631,10
20360,19002,10
28405,28413,10
5973,5974,10
28406,28405,10
28335,35193,10
19393,21125,10
28333,28335,10
37187,6567,10
27722,27915,10
7241,37187,10
18236,18249,10
9141,9198,10
14860,14836,10
28390,28392,10
28381,28390,10
28383,28381,10
28380,28383,10
11981,27347,10
9198,9200,10
35185,35186,10
25091,12815,10
41604,27652,10
4653,4984,10
27652,27732,10
42114,20883,10
21310,35185,10
35184,21310,10
3832,36914,10
37630,42114,10
35323,16251,10
5661,6339,10
11615,39296,10
6361,4803,10
9134,11615,10
27802,26604,10
9269,11380,10
28417,28414,10
28378,28380,10
4194,19388,10
50586,10775,10
42071,42074,10
41639,4179,10
41672,41639,10
35194,25463,10
15583,15736,10
15736,15737,10
15737,15778,10
15778,15738,10
15738,15739,10
28414,28412,10
20485,41672,10
35188,20811,10
28404,28407,10
28412,28404,10
43107,18503,10
18503,18415,10
44579,8881,10
35186,35188,10
11387,9130,10
9130,9269,10
42077,42066,10
28382,28384,10
27531,27522,10
10803,10804,10
12781,12783,10
39179,44174,10
25400,16468,10
44608,44605,10
28215,42069,10
16468,16469,10
37029,19087,10
28373,28370,10
28370,28378,10
44611,44608,10
50398,10716,10
35532,35531,10
10804,10801,10
44174,16629,10
16582,29383,10
2362,37028,10
35534,35532,10
10801,10802,10
28379,28369,10
8468,12962,10
20319,20840,10
35117,40305,10
44778,8928,10
23763,48078,10
1230,36009,10
10144,10452,10
101,34088,10
44748,10144,10
34088,39762,10
27806,25941,10
9050,44748,10
28291,12797,10
23577,23707,10
44801,9050,10
18514,4195,10
24129,24173,10
42522,27361,10
42210,42584,10
22905,24129,10
40305,5880,10
8967,44801,10
8928,8967,10
4372,20088,10
10721,10747,10
9200,9134,10
50842,50834,10
50839,50836,10
50840,50839,10
2069,3512,10
27748,27735,10
19799,43156,10
42066,42076,10
50834,50840,10
29370,13040,10
43156,19454,10
27732,27748,10
26775,44611,10
12785,12789,10
28288,12792,10
6872,50842,10
8943,10097,10
19992,18964,10
11045,8613,10
11081,11091,10
19984,18718,10
40877,20680,10
41932,44446,10
43108,43107,10
43110,43109,10
42076,28237,10
12783,28274,10
28369,28374,10
39175,16629,10
24283,25104,10
16684,37472,10
37472,40537,10
21458,21459,10
28274,28277,10
7320,11480,10
28277,12785,10
8613,21458,10
16469,16470,10
26992,42246,10
27995,26992,10
43109,43108,10
9526,29342,10
4992,4994,9
15169,24900,9
34508,34509,9
16623,39981,9
44023,44051,9
41371,16594,9
12367,29282,9
16595,41370,9
12356,49835,9
24958,14834,9
44051,44054,9
6151,6110,9
24900,46722,9
6113,4992,9
46722,15156,9
12718,12183,9
12184,28805,9
655,46339,9
44017,44023,9
656,15169,9
37760,29322,9
28598,46476,9
50669,44475,9
14895,14838,9
47104,43097,9
18368,4665,9
27257,47104,9
19072,19438,9
28832,39428,9
44475,27257,9
454,24932,9
6119,21306,9
14839,454,9
48842,26592,9
14875,14860,9
38659,14875,9
42989,1098,9
29114,29281,9
43619,15024,9
29281,12353,9
43097,43095,9
12188,12157,9
4994,4995,9
4987,6146,9
6146,6144,9
6144,6119,9
6133,21056,9
48651,44124,9
4990,6133,9
4995,4990,9
27294,26427,9
49812,12625,9
51665,48651,9
39534,51665,9
48675,39535,9
16289,27692,9
694,42502,9
43095,48675,9
15007,14973,9
2838,42991,9
12357,12188,9
47861,2392,9
24964,24961,9
24962,24963,9
24963,24966,9
24966,24965,9
7665,7666,9
24965,24964,9
39560,39569,9
22129,23068,9
24961,24960,9
1228,4018,9
24960,15161,9
15161,44019,9
34510,34508,9
7731,8024,9
48282,24940,9
34838,34789,9
34789,34829,9
10446,41133,9
9564,9547,9
12167,12357,9
8140,8145,9
29188,12167,9
29187,29188,9
29186,29187,9
1643,2838,9
12398,29186,9
8146,8733,9
8441,8107,9
49421,48842,9
11562,47098,9
48736,26948,9
1184,1643,9
19438,19439,9
21056,4987,9
14838,14828,9
51965,10727,9
4018,1184,9
42502,43619,9
24953,14718,9
16127,15650,9
45001,52026,9
42869,26654,9
11000,9032,9
10965,8981,9
10922,10934,9
10934,10931,9
10931,10953,9
10956,10957,9
8982,11001,9
11016,11020,9
22742,16524,9
14482,41889,9
41133,11207,9
11207,11204,9
15611,24861,9
52026,52027,9
11037,11032,9
52027,48939,9
11205,11203,9
11203,11200,9
29243,42415,9
42415,49812,9
11200,11197,9
49268,15931,9
49297,49268,9
49262,49297,9
49280,49262,9
49266,49280,9
49277,49266,9
49273,49277,9
34655,34508,9
11019,11015,9
49250,11037,9
17637,21250,9
36086,34650,9
12985,13793,9
51584,24738,9
24162,51584,9
25097,15821,9
23731,24130,9
34087,16093,9
22976,23731,9
42987,1097,9
39613,39601,9
4260,21045,9
5004,21050,9
39601,29121,9
29121,39945,9
34571,36086,9
24861,24755,9
6471,18136,9
4129,1758,9
44935,9151,9
9151,9280,9
9280,9279,9
9279,9153,9
9153,9271,9
9271,9152,9
9152,9206,9
9206,9207,9
9207,9180,9
9180,51980,9
9009,9004,9
9018,11258,9
18197,6467,9
34443,34511,9
44343,49750,9
5565,20123,9
18401,21145,9
28671,25561,9
26117,28671,9
47981,26170,9
37306,42286,9
37330,37332,9
37338,37330,9
6438,6441,9
6441,6636,9
24323,14751,9
18041,17983,9
11847,10773,9
18195,4924,9
19391,19385,9
19385,18401,9
21145,4671,9
7063,39975,9
602,24684,9
456,458,9
13287,13252,9
34107,22462,9
24922,14729,9
14729,45050,9
45050,14876,9
14834,50804,9
50804,50105,9
50105,49677,9
2609,15206,9
10394,10444,9
10444,11824,9
37690,13322,9
28285,12408,9
49563,15420,9
15420,15428,9
4454,4452,9
39975,7064,9
7064,7066,9
7066,7068,9
7068,7067,9
7067,7070,9
7095,21281,9
37370,37372,9
23450,23441,9
27910,27643,9
16062,15611,9
23300,23400,9
11080,41665,9
20122,5555,9
35245,4177,9
15428,16062,9
27915,27787,9
40559,42094,9
27909,27912,9
25391,40559,9
24971,24889,9
10863,10832,9
15934,793,9
42463,42468,9
945,950,9
940,945,9
37368,37370,9
37366,37368,9
42872,13103,9
41133,40543,9
18818,18832,9
19259,21242,9
16126,16127,9
6202,51295,9
21227,6200,9
41901,12226,9
6201,21220,9
25299,15993,9
16007,15994,9
5757,5756,9
5758,5757,9
41256,5759,9
41254,41256,9
41258,41254,9
5919,41258,9
21221,21214,9
21214,43650,9
43647,21208,9
51295,21198,9
21201,21215,9
21188,51245,9
42218,12228,9
42219,42218,9
12227,42219,9
42220,12125,9
51245,51250,9
51250,51239,9
51239,51235,9
51235,50371,9
40345,42231,9
12239,12226,9
50371,50368,9
50368,50370,9
50370,50363,9
21215,21227,9
19421,21201,9
41665,11035,9
24366,24483,9
16125,16126,9
16124,16125,9
22280,793,9
7762,7714,9
16649,46285,9
16235,16124,9
16051,25162,9
16049,25155,9
12465,34172,9
43237,12465,9
42224,43237,9
43235,42224,9
42225,43235,9
24363,24366,9
43233,42225,9
19419,19421,9
38903,43233,9
20966,20950,9
4041,1067,9
42459,14807,9
1067,1040,9
42457,24894,9
1040,1034,9
1034,1036,9
14836,14814,9
24945,29,9
14880,24945,9
34,15039,9
12279,42222,9
13117,13072,9
50363,50367,9
50367,41072,9
12802,28418,9
40741,11060,9
38305,42734,9
332,14750,9
14750,14736,9
14736,24920,9
24922,14725,9
14725,14729,9
18218,49362,9
6656,6598,9
14729,24955,9
24955,24953,9
14718,14709,9
17425,3852,9
3181,1296,9
4870,4008,9
41173,11030,9
28418,28422,9
41073,41252,9
49750,41073,9
41163,10848,9
10843,44409,9
10949,41170,9
43434,10847,9
43801,43810,9
10985,10949,9
78,21673,9
21673,22264,9
11015,11000,9
11284,11067,9
1618,2899,9
1617,1618,9
42734,40559,9
40559,15193,9
15193,15192,9
19581,41638,9
41072,41069,9
51246,51247,9
35348,17706,9
19725,35347,9
51247,19417,9
19417,19420,9
19420,19419,9
18306,20966,9
18305,18306,9
42707,29480,9
14538,42707,9
13920,14538,9
19414,18305,9
13867,13880,9
6487,6687,9
6687,6691,9
4786,4503,9
24971,15176,9
4802,4786,9
13358,13136,9
39671,17934,9
6759,18130,9
6604,6755,9
18149,18170,9
15180,24977,9
15186,15180,9
15187,15186,9
39878,6800,9
6799,39878,9
44355,44365,9
34829,40165,9
27716,27890,9
18474,18480,9
18162,6471,9
39830,1585,9
50545,39830,9
43911,4665,9
26954,39567,9
27248,11975,9
39563,27245,9
3208,1283,9
41663,11071,9
38975,23538,9
23538,38391,9
38391,23223,9
38791,2341,9
2760,38791,9
39065,1732,9
34796,8219,9
6750,6748,9
6748,6476,9
1585,43346,9
43346,16929,9
34509,11080,9
19629,19630,9
19628,19629,9
27066,27768,9
19627,19628,9
51864,3911,9
2392,51864,9
1480,38578,9
16928,17235,9
42821,16928,9
19936,4360,9
24184,21635,9
4360,19934,9
19934,19932,9
16929,42821,9
34834,34796,9
4374,20079,9
20079,19953,9
39215,50940,9
24065,24051,9
27534,27531,9
24066,24065,9
7222,35332,9
37191,17934,9
24079,24066,9
18861,18876,9
6067,35594,9
21282,20648,9
18443,18446,9
18446,43142,9
27527,27186,9
51393,21186,9
27805,39557,9
21186,5085,9
50940,11961,9
50751,37638,9
1602,4025,9
27712,27704,9
24051,24050,9
24538,37521,9
48180,17623,9
40672,1026,9
40671,40672,9
24565,40671,9
24595,24564,9
24594,24595,9
24593,24594,9
24591,24593,9
42313,38117,9
27682,27680,9
27680,27706,9
27706,27710,9
27710,27712,9
51636,3293,9
10995,41170,9
4839,40232,9
8001,34794,9
8427,41136,9
41136,7980,9
7768,43027,9
25360,35172,9
43248,43247,9
43249,43248,9
43250,43249,9
8427,8001,9
41170,40740,9
41138,8427,9
8366,41138,9
34976,7980,9
36927,35060,9
38553,2661,9
46951,44011,9
7887,34772,9
8001,8427,9
5237,18357,9
8146,8044,9
39963,26972,9
17995,7002,9
39596,48431,9
48431,48433,9
16426,33886,9
16471,15767,9
15767,16461,9
23211,21960,9
14843,14866,9
1504,4048,9
1530,1504,9
51786,4261,9
21589,48275,9
27623,26665,9
26784,49436,9
47124,39963,9
7919,7887,9
44011,44009,9
44009,51979,9
20218,20766,9
1723,38776,9
38795,1723,9
1729,38795,9
38777,1729,9
1731,38777,9
20102,21280,9
7059,20102,9
25160,15972,9
7057,7058,9
50098,25160,9
8449,50098,9
38782,2490,9
2340,38782,9
8935,11806,9
13274,21799,9
38776,2337,9
4435,4432,9
51979,44012,9
1314,3934,9
44012,49931,9
49931,51929,9
51929,51925,9
51925,11414,9
17907,18103,9
43251,43250,9
330,38118,9
4422,4296,9
23494,15492,9
5497,5920,9
42823,43251,9
19968,19969,9
9259,38845,9
38845,51928,9
51928,50471,9
29085,49812,9
4150,4507,9
34062,23919,9
48210,28071,9
7046,7047,9
4456,4458,9
49377,15833,9
4455,4456,9
42693,44563,9
19849,19850,9
39363,42693,9
27510,12341,9
38798,29085,9
23306,15889,9
23305,23306,9
821,23305,9
23304,821,9
23303,23304,9
23302,23303,9
23301,23302,9
4458,39166,9
18829,19581,9
50006,7046,9
27079,25840,9
4763,19821,9
19821,17003,9
13358,29479,9
18876,18881,9
20792,41472,9
34790,34711,9
34829,34790,9
21624,21598,9
21371,21624,9
22081,21608,9
15380,22072,9
15347,15380,9
15370,15346,9
49038,17746,9
17754,49062,9
15838,23301,9
111,184,9
184,182,9
5167,4479,9
47894,21921,9
23713,21588,9
39764,21971,9
15562,33982,9
4894,21302,9
29350,21921,9
4127,1758,9
4124,4127,9
4122,4124,9
6505,42142,9
42143,17764,9
23534,13178,9
44357,38575,9
38575,44355,9
44356,38574,9
21302,4677,9
4815,21145,9
182,180,9
21145,18428,9
180,179,9
48444,20275,9
20739,4515,9
5295,20739,9
40543,41132,9
4123,40543,9
1231,1372,9
26271,27833,9
28471,26271,9
28915,25734,9
48420,2657,9
17200,2090,9
37597,13322,9
18437,20819,9
18429,21210,9
17740,17749,9
16976,2393,9
42312,22278,9
8351,8003,9
22889,22886,9
8352,8354,9
8354,43826,9
43826,8356,9
23584,23583,9
51709,8339,9
8339,7935,9
7935,8429,9
20265,18158,9
17935,17914,9
17914,18077,9
5946,6483,9
7107,7108,9
7255,41573,9
19455,6985,9
8003,8352,9
38873,8351,9
24755,21595,9
8363,38873,9
33970,34060,9
12715,38798,9
4507,43147,9
43147,4676,9
12708,12715,9
12475,12708,9
12502,12475,9
38661,12502,9
26649,26621,9
26644,26649,9
26618,26585,9
4678,20740,9
43898,26618,9
38157,8348,9
8348,8363,9
21595,12975,9
4678,4744,9
23401,23419,9
13830,13811,9
13857,13858,9
13637,12886,9
751,16521,9
26579,49714,9
6483,17976,9
8436,34615,9
34613,34607,9
34576,34612,9
11727,9997,9
42157,8399,9
8399,7702,9
34905,7890,9
36086,34562,9
34909,7702,9
34905,8399,9
13858,13830,9
13811,12836,9
41581,4189,9
51996,12226,9
4188,7100,9
4744,20740,9
16289,35694,9
11221,11216,9
11211,11221,9
11214,11211,9
11220,11214,9
11217,11220,9
107,21700,9
41375,107,9
13246,41378,9
39962,29482,9
41133,11217,9
49421,26592,9
26592,44332,9
34729,8070,9
17235,1561,9
4048,4050,9
48054,4505,9
41000,42151,9
40998,41000,9
40990,40998,9
43655,6120,9
18859,6538,9
6795,6796,9
6797,39876,9
29243,39133,9
28327,29243,9
25704,28327,9
4763,4877,9
41010,20214,9
47849,25553,9
11205,41132,9
4888,3996,9
1569,4871,9
50548,39830,9
4729,4980,9
11199,11204,9
11245,11199,9
37342,37294,9
17818,6703,9
19889,41007,9
17947,6543,9
38829,11306,9
244,275,9
11381,11383,9
11383,8767,9
20911,19155,9
19046,4269,9
8767,11385,9
11385,9197,9
9197,9133,9
9133,8770,9
8770,11384,9
592,244,9
11384,11305,9
25888,26328,9
11305,11304,9
11304,10677,9
5902,19049,9
36782,11235,9
20017,20217,9
20217,44967,9
19997,44968,9
44968,20216,9
11294,49737,9
19049,40503,9
4877,4868,9
37380,42507,9
40582,40581,9
6132,6125,9
15919,15150,9
6749,39661,9
39661,6747,9
34568,34565,9
34577,34567,9
41248,34577,9
34579,37812,9
22540,15917,9
1563,1562,9
5885,19332,9
4993,6132,9
27689,4124,9
4991,4993,9
6131,4991,9
6130,6131,9
4989,6130,9
21051,4989,9
18570,21051,9
19442,19443,9
19443,18568,9
6145,18570,9
6147,6145,9
2,23537,9
23537,23485,9
23485,34030,9
17884,17872,9
24820,42312,9
40583,40582,9
9647,9694,9
4281,51574,9
34268,9647,9
10774,34268,9
10321,10774,9
19003,20027,9
14338,48415,9
15741,33886,9
16017,16018,9
34339,42301,9
6442,18018,9
20301,20625,9
19988,4346,9
18018,7192,9
7192,6455,9
6455,6443,9
16016,16017,9
44365,44356,9
34030,24838,9
11306,11381,9
6120,6147,9
5032,51987,9
40227,40225,9
39797,39799,9
2111,1960,9
22336,23543,9
44581,8881,9
5034,48181,9
23543,39832,9
40571,40574,9
38699,34688,9
35376,40175,9
34781,43028,9
40255,4782,9
42301,35507,9
27733,26434,9
27671,27676,9
2162,35822,9
39795,23221,9
5043,35374,9
1536,17394,9
40804,1536,9
10171,37834,9
17394,40914,9
502,498,9
50070,40571,9
498,495,9
40239,50015,9
37834,43338,9
40914,1522,9
11303,38829,9
40171,40170,9
40174,40171,9
36943,7321,9
40170,35376,9
40225,40239,9
35374,40174,9
12247,47844,9
4795,4620,9
11906,9740,9
40569,5032,9
35356,20384,9
35388,35356,9
40175,5046,9
4736,51946,9
27679,27718,9
5046,5041,9
40240,40230,9
34406,44933,9
40232,40240,9
4782,49977,9
38739,8907,9
4886,4795,9
40230,40227,9
5040,35388,9
4050,4049,9
40574,40569,9
27718,27716,9
5041,5039,9
47119,7381,8
7646,7504,8
7498,7508,8
8725,8726,8
16816,44338,8
44335,43937,8
23734,43941,8
43941,43938,8
43938,38970,8
38970,44336,8
44339,45021,8
27719,28513,8
35296,5238,8
29368,29369,8
22099,43783,8
29363,29365,8
21594,25137,8
9526,51199,8
50130,21594,8
22943,94,8
36928,7529,8
14938,24877,8
8639,7562,8
10831,10835,8
39517,41969,8
7133,7134,8
7129,7130,8
26614,27778,8
10828,10831,8
28979,27719,8
13268,13354,8
14167,29504,8
24877,15042,8
10835,10833,8
50478,9048,8
1701,1702,8
27777,26579,8
49736,27777,8
18961,18955,8
42662,7561,8
12203,12290,8
8013,7721,8
7278,7279,8
26604,39517,8
39516,26604,8
13601,52023,8
48481,41133,8
11085,11082,8
11082,41660,8
1627,1624,8
29196,12289,8
14104,13134,8
11824,7619,8
8815,7562,8
12945,14595,8
8664,8662,8
12898,16233,8
1624,40551,8
51208,12394,8
43493,49611,8
39927,43493,8
41581,4187,8
19885,7100,8
7108,4186,8
37018,38302,8
38302,38301,8
12394,12067,8
12539,51208,8
28513,27873,8
44969,44972,8
44972,44974,8
36069,1274,8
1275,36065,8
15783,16466,8
35379,5045,8
3878,2069,8
22886,23584,8
37802,23325,8
15219,29581,8
38298,38297,8
28701,27677,8
6254,41047,8
1274,17462,8
13118,13072,8
47851,47914,8
4791,4510,8
42405,19821,8
40640,37364,8
37366,40640,8
27676,28701,8
3201,3984,8
36,22633,8
25697,27792,8
42459,14819,8
29581,29450,8
27792,27896,8
40312,40310,8
27629,27932,8
871,874,8
38301,38298,8
38297,38295,8
18962,18961,8
36068,36065,8
41317,41338,8
41338,45043,8
45043,23189,8
48215,14600,8
9946,11534,8
23596,48215,8
23189,35970,8
39326,41903,8
17462,36068,8
6255,19488,8
39890,19129,8
21320,50126,8
24370,15956,8
38283,1596,8
36041,38285,8
4400,19825,8
19825,18962,8
40551,40549,8
41339,41317,8
50220,41339,8
8871,35605,8
5681,5691,8
44564,50941,8
48973,35872,8
44974,44975,8
44975,50255,8
38295,15919,8
15533,15643,8
5045,5042,8
50255,50257,8
5691,5690,8
27845,27654,8
5690,5682,8
5042,5043,8
5692,19675,8
15925,15924,8
36068,1705,8
36069,36068,8
50257,50220,8
38278,48973,8
48290,29350,8
19155,5529,8
11832,9352,8
10819,10823,8
7867,7961,8
7961,7296,8
7324,7870,8
7868,7628,8
39471,27071,8
44055,17294,8
39811,39810,8
10826,48355,8
37241,39811,8
25091,48290,8
37239,37241,8
37234,37239,8
42923,37234,8
4123,42821,8
20363,4357,8
20048,18996,8
49355,11045,8
80,43213,8
27016,27018,8
41811,41751,8
44309,27544,8
6865,20011,8
6869,18749,8
18311,6869,8
18087,18311,8
4174,18087,8
27007,27216,8
19817,18777,8
13226,48640,8
18086,19817,8
24663,50417,8
22742,16642,8
50417,48439,8
50583,10775,8
13166,49210,8
48439,49228,8
49228,42173,8
27649,27810,8
14325,13074,8
13074,22742,8
16603,40650,8
18904,19392,8
16515,16504,8
41202,47884,8
27810,27805,8
44857,44854,8
44854,44853,8
27550,25500,8
44853,8956,8
16571,39182,8
40810,39176,8
39179,39180,8
27014,41202,8
16652,15717,8
27012,27014,8
39593,27012,8
48822,44778,8
1779,3483,8
1778,1779,8
13274,25918,8
16572,16613,8
16003,16573,8
25500,48873,8
1777,1778,8
16508,23289,8
48873,27549,8
16665,16652,8
34141,16665,8
25095,34141,8
24190,25127,8
49162,28990,8
28991,49162,8
49166,28991,8
49376,49166,8
39443,27885,8
16508,16613,8
3868,3900,8
16412,16232,8
16232,44372,8
39174,39177,8
39178,39175,8
27559,48346,8
27549,27559,8
27542,27537,8
12841,13129,8
15207,2969,8
10634,10818,8
16694,14867,8
14867,45049,8
10863,10835,8
14728,33965,8
11962,27851,8
10835,10832,8
10832,10830,8
10828,10634,8
17718,19046,8
13112,15831,8
19047,4269,8
5902,40503,8
17718,19139,8
20903,5529,8
10810,10815,8
10815,10817,8
12912,13112,8
10817,10808,8
27865,25940,8
15831,15721,8
42498,44309,8
19043,20907,8
16505,16513,8
8704,7562,8
19121,20900,8
17188,3792,8
17189,17188,8
2124,17189,8
16380,22956,8
49662,50085,8
23291,16607,8
15498,15833,8
39169,41750,8
19134,40496,8
50085,38659,8
7279,7280,8
14365,14167,8
34855,34856,8
34084,22002,8
23136,16031,8
10809,10811,8
19043,17696,8
10811,10793,8
18772,6874,8
51611,1777,8
6978,20097,8
1702,16943,8
43112,43111,8
6981,6978,8
27922,27016,8
40715,40716,8
5092,4585,8
18775,6881,8
17706,5522,8
50340,43253,8
43253,39735,8
39735,25117,8
43246,18775,8
15615,15378,8
48703,43594,8
43591,25297,8
40716,40717,8
20097,6873,8
13083,12975,8
12975,13042,8
13042,13512,8
13629,12912,8
36894,13268,8
8462,43129,8
10793,10807,8
18596,19118,8
19118,19119,8
19119,39907,8
19124,39891,8
5892,21308,8
43128,8465,8
7280,7281,8
21308,39998,8
7275,42134,8
43074,8067,8
25187,15846,8
42134,43112,8
13083,13319,8
43129,43128,8
5656,20068,8
18258,19818,8
2406,17039,8
50000,49987,8
49987,49998,8
49998,46729,8
4809,20739,8
9238,38839,8
38839,9260,8
9260,9259,8
20175,20758,8
17039,3083,8
1038,1217,8
5507,5301,8
27534,27499,8
27187,27534,8
5250,5251,8
37336,37338,8
37338,37336,8
39983,5250,8
20105,40770,8
40771,6045,8
6773,6524,8
11334,50000,8
3083,49733,8
50108,11333,8
34668,34652,8
1373,1361,8
38779,1719,8
19993,4327,8
38787,1715,8
1728,38787,8
39923,39922,8
5261,39923,8
19916,5261,8
5260,19916,8
5257,5260,8
49733,17042,8
6388,5257,8
38781,1230,8
39188,38781,8
5255,6338,8
1217,39188,8
4284,4286,8
5253,5255,8
5251,5253,8
48902,3867,8
17329,17407,8
22782,24825,8
39166,38266,8
39453,39454,8
27240,39453,8
7900,37160,8
8106,7900,8
38114,38214,8
4448,4446,8
20256,4448,8
39167,38253,8
38266,39167,8
21679,21680,8
11488,11490,8
22934,21676,8
42837,14339,8
5305,4803,8
20026,4229,8
18970,20026,8
24968,24969,8
14923,15562,8
38720,8935,8
15562,49521,8
39454,39463,8
39463,39467,8
38214,38211,8
38211,38210,8
10281,34273,8
10444,10281,8
9533,10444,8
11229,9533,8
9334,11229,8
44424,11225,8
11073,44424,8
8558,11073,8
5373,5768,8
715,14762,8
8419,8131,8
11066,11286,8
11269,11228,8
10101,11269,8
37160,36860,8
38206,38205,8
4443,38206,8
39466,39461,8
38210,4443,8
4332,19993,8
4333,4332,8
11674,11488,8
6042,4150,8
38794,38788,8
1726,38794,8
36045,1624,8
16946,1726,8
16943,16945,8
5195,5305,8
38780,16943,8
26026,43764,8
20408,5237,8
16876,26026,8
19969,18967,8
4150,21135,8
21135,4963,8
4963,18429,8
21195,43143,8
38965,19427,8
19427,51959,8
51959,19078,8
20958,20917,8
2904,38780,8
38788,1727,8
10831,10833,8
10820,10831,8
10821,10820,8
18022,18000,8
18000,17975,8
16195,16233,8
11742,10124,8
16657,15849,8
15885,15717,8
408,14757,8
410,408,8
50081,409,8
15817,15799,8
42842,4111,8
38789,1719,8
50107,50081,8
1727,1715,8
25129,15885,8
10887,10890,8
10890,10805,8
41206,16593,8
10805,10821,8
20917,23129,8
50739,750,8
34800,37811,8
39865,4752,8
35462,7094,8
39860,39863,8
39859,39860,8
4919,39859,8
19486,19809,8
5561,4820,8
4820,4810,8
17813,20106,8
15492,23453,8
11673,11486,8
40763,17813,8
25423,23494,8
11486,11487,8
23460,25423,8
23436,23460,8
19809,34309,8
11487,11674,8
24483,787,8
4531,4919,8
39863,39865,8
4752,4843,8
11931,25882,8
47916,19486,8
20295,4412,8
4412,19973,8
6018,17950,8
40242,4880,8
4645,4873,8
4788,50395,8
6620,6465,8
5795,7207,8
4844,4788,8
9085,35582,8
35582,35564,8
35564,38699,8
20397,47044,8
47044,35342,8
35342,35341,8
40817,40869,8
2796,6105,8
35341,21309,8
21309,47145,8
16061,22782,8
24825,34054,8
37330,37338,8
50898,21633,8
35286,21507,8
23221,35286,8
28106,25864,8
39348,27526,8
12007,39348,8
43829,25274,8
21460,21461,8
21461,613,8
613,21584,8
21633,23110,8
7116,7117,8
25369,43829,8
18916,18310,8
18310,18307,8
21367,21591,8
11120,21744,8
34084,23421,8
5658,20039,8
39646,27634,8
49189,7056,8
25113,23879,8
23879,21589,8
15878,25092,8
43818,39133,8
173,51229,8
38117,24514,8
24994,831,8
24510,24529,8
35674,3787,8
16206,15639,8
3787,2538,8
2538,2465,8
37007,49273,8
2944,3387,8
16735,37007,8
37010,16735,8
36992,37010,8
22546,36992,8
2087,2402,8
38340,15928,8
37003,38340,8
3877,2086,8
27689,43819,8
7056,20648,8
7117,7118,8
34054,16831,8
42430,748,8
41133,35286,8
43046,43044,8
37110,14836,8
601,599,8
43044,43042,8
43042,41103,8
39325,41109,8
41109,49425,8
37340,37292,8
6343,5651,8
5657,5658,8
4452,48852,8
49471,49425,8
48852,48643,8
48643,48528,8
6452,18252,8
48528,4191,8
18252,7205,8
7205,6453,8
37338,37340,8
38898,15427,8
26745,12457,8
12457,26748,8
39980,43046,8
7118,7119,8
7119,7120,8
50538,50541,8
9006,9008,8
28520,26545,8
23419,15883,8
15807,16220,8
44096,1057,8
19374,41784,8
5654,5655,8
5653,20072,8
5651,5652,8
40444,7600,8
43339,40444,8
48210,27507,8
29082,12680,8
28961,29080,8
26748,43223,8
29078,29246,8
169,173,8
729,16004,8
47143,171,8
50266,21634,8
16098,38930,8
21270,4221,8
37029,17566,8
19950,19948,8
3945,37028,8
41047,4759,8
21558,14846,8
5879,4177,8
5871,5879,8
20354,5871,8
34668,34508,8
37346,37292,8
5843,5844,8
20158,5843,8
17048,50817,8
42507,37380,8
19740,18973,8
7240,18857,8
6563,17922,8
7288,40991,8
38930,38928,8
38928,38932,8
38932,38934,8
38934,16070,8
24967,24968,8
15171,24967,8
11431,38720,8
44827,8947,8
16831,47071,8
26654,26665,8
34419,34806,8
47071,48077,8
50168,34442,8
34440,50168,8
9035,21589,8
2356,2357,8
25138,15351,8
13246,48395,8
42872,13214,8
47856,2356,8
26784,27498,8
16455,35177,8
16074,23210,8
20212,17946,8
6550,20212,8
7290,6550,8
24400,16720,8
49065,41132,8
21921,23713,8
27786,44551,8
6345,6352,8
39473,27788,8
6347,6345,8
6342,6347,8
18507,18459,8
40923,18320,8
40925,40929,8
37292,37346,8
22018,24591,8
44415,24505,8
25376,44415,8
41611,41612,8
41612,27475,8
27475,42250,8
42250,27458,8
24514,24532,8
38375,15660,8
40654,40653,8
1730,39066,8
40653,40644,8
8668,8669,8
38785,1724,8
8684,10792,8
18995,20711,8
10356,7562,8
37465,5708,8
5744,5727,8
37344,37294,8
13220,13241,8
5767,5683,8
22173,22130,8
42028,42029,8
20037,42028,8
22668,13220,8
21865,22668,8
35580,6707,8
4201,20769,8
43486,21865,8
40644,40652,8
5659,5660,8
21556,21972,8
42469,14132,8
27842,27748,8
38916,6458,8
6458,6460,8
5525,39915,8
38918,38919,8
39915,19044,8
19044,39897,8
39897,19110,8
19110,39896,8
34159,50119,8
6459,38917,8
27748,27689,8
39896,19045,8
19045,5528,8
5528,20897,8
39913,5522,8
46936,46908,8
18596,20901,8
4643,4531,8
38917,38916,8
20896,5525,8
24167,34085,8
23128,21738,8
27901,26654,8
38323,41766,8
21767,23337,8
26604,27901,8
34507,36086,8
21768,21763,8
21752,21768,8
21743,21751,8
49386,34507,8
17706,20898,8
13601,13730,8
17696,20914,8
6607,7244,8
20911,19154,8
39861,4643,8
7336,7768,8
41447,7336,8
40440,39716,8
48436,28826,8
15326,23126,8
42739,40447,8
27788,27911,8
35683,11058,8
11053,11065,8
11073,11077,8
6773,40744,8
15993,33893,8
15997,15993,8
13071,29483,8
11075,41168,8
11030,11021,8
20901,39912,8
28802,26567,8
11021,41663,8
25203,8449,8
25163,16049,8
25156,25165,8
40744,6508,8
40208,11208,8
40207,40208,8
10860,10854,8
10862,10861,8
10853,10862,8
10857,10853,8
39912,39892,8
39892,39909,8
39909,39907,8
13731,13722,8
13722,13724,8
21265,4184,8
49171,22072,8
50679,27529,8
1267,2066,8
11060,10996,8
6490,18181,8
50532,50531,8
50531,50444,8
50444,10859,8
10859,10858,8
10858,10857,8
18181,6491,8
12990,14339,8
14339,13916,8
17605,50164,8
29006,27543,8
27751,27752,8
27752,27741,8
27741,27744,8
26991,42497,8
35474,6703,8
6717,34158,8
44310,26991,8
27539,44310,8
29004,44332,8
27478,47835,8
50414,608,8
48440,50414,8
42174,42691,8
20561,20558,8
17975,50996,8
20558,20559,8
20559,19092,8
1384,3832,8
27643,27751,8
6919,20561,8
7183,6919,8
7181,7183,8
15817,15816,8
40870,6928,8
6928,6927,8
6927,6922,8
25120,15592,8
6922,19681,8
19681,7179,8
15592,22895,8
7179,7180,8
7180,7181,8
23859,15866,8
15866,23869,8
23869,23882,8
23882,24765,8
17738,17756,8
824,16003,8
35287,42182,8
10716,8703,8
8497,50444,8
13051,13126,8
16589,24708,8
42883,29482,8
15887,15715,8
34875,43846,8
51709,41502,8
15858,15887,8
8997,8999,8
7692,10685,8
8059,34735,8
10457,37732,8
50444,10854,8
7749,8935,8
7589,28583,8
28583,43223,8
43339,12457,8
12457,26747,8
5702,5705,8
16572,16611,8
7244,7245,8
43842,38877,8
49194,49187,8
7601,7589,8
39138,28538,8
48060,2657,8
27744,27628,8
5539,20888,8
43372,15416,8
15416,21851,8
21851,41663,8
41662,16289,8
27626,27636,8
27636,28831,8
16289,23534,8
16565,24704,8
16640,16773,8
25204,23478,8
47944,18544,8
1071,1646,8
1646,1051,8
7600,7601,8
4762,4863,8
40204,40207,8
16505,16609,8
15417,15418,8
35349,20491,8
35382,35349,8
52025,43584,8
52028,52025,8
47163,35340,8
48941,52028,8
2164,2046,8
49421,28183,8
15418,15657,8
9202,11769,8
23724,25024,8
34408,34232,8
26596,26590,8
9277,44935,8
9155,9277,8
9278,9155,8
9158,9278,8
9159,9158,8
20491,20492,8
51967,2556,8
1811,51967,8
15122,990,8
566,266,8
50260,15988,8
567,566,8
11075,11072,8
695,567,8
36797,11077,8
11021,11028,8
49729,17043,8
41904,27304,8
27335,41904,8
14994,15014,8
28113,27335,8
24866,15070,8
24867,24866,8
15068,24867,8
15071,15068,8
990,15118,8
11769,9159,8
9190,9202,8
17132,1809,8
24674,15772,8
34450,35105,8
36491,13246,8
732,16516,8
24757,15715,8
16604,16599,8
15898,24207,8
818,16032,8
817,818,8
39179,41760,8
11370,9190,8
15568,16035,8
41760,43220,8
24133,16591,8
51794,15568,8
23353,51794,8
23354,23353,8
15565,15566,8
15566,15567,8
12016,50477,8
12018,12016,8
18097,18091,8
11039,41660,8
9203,11370,8
11389,9203,8
9204,11389,8
17043,17042,8
41935,5561,8
17042,17038,8
51709,47882,8
44079,41759,8
41759,39180,8
50456,50455,8
16606,16607,8
50459,50456,8
23400,21763,8
21767,21751,8
41660,11021,8
38736,42189,8
42189,28549,8
459,14936,8
1815,3464,8
16609,16521,8
27642,26567,8
41802,19747,8
6615,18129,8
41803,35118,8
48085,37274,8
7717,35732,8
40817,40870,8
43859,2792,8
2799,17036,8
51223,40520,8
11114,11110,8
40507,51223,8
40525,40507,8
16520,16521,8
17036,44451,8
26617,26611,8
26611,26583,8
44451,17039,8
5106,5108,8
41177,41176,8
41176,7596,8
11247,11252,8
11252,11191,8
36909,21753,8
21754,16678,8
20349,5558,8
16678,21757,8
40512,39015,8
21762,16682,8
40520,40517,8
40203,40204,8
40202,40203,8
7034,39017,8
40201,40202,8
40197,40201,8
16002,23481,8
7798,49388,8
34494,34751,8
13070,12886,8
11191,40193,8
5107,5106,8
11110,11108,8
17039,49729,8
41932,41930,8
11787,11140,8
1271,3164,8
11140,11147,8
11147,11142,8
11142,11150,8
11150,11152,8
11160,11090,8
41663,41168,8
27642,27909,8
11109,11105,8
24133,16571,8
19582,17788,8
40646,39176,8
43303,23259,8
11054,35686,8
11053,11054,8
17010,2813,8
35685,11058,8
39077,11787,8
34605,34604,8
11789,39077,8
39076,11789,8
11105,11112,8
11112,39080,8
39080,11256,8
11256,11106,8
11151,11153,8
11153,11156,8
11156,11223,8
11105,11256,8
34604,34576,8
11256,11107,8
11107,11106,8
11106,50239,8
50239,11111,8
11111,11108,8
11109,39082,8
39082,39076,8
16051,25154,8
39638,49322,8
16666,35331,8
34073,39638,8
11085,41660,8
414,417,8
48699,10932,8
11022,10933,8
4645,4843,8
4844,4787,8
11030,11022,8
41660,48474,8
11080,11039,8
44894,23693,8
1252,44364,8
20306,20018,8
21568,21569,8
20018,20301,8
20625,20203,8
6070,20133,8
20977,6226,8
40756,40755,8
19733,5162,8
5162,5106,8
43349,27173,8
18185,6601,8
23693,21566,8
4878,4874,8
4874,50395,8
40859,18887,8
6747,18185,8
18063,6476,8
411,414,8
22261,22262,8
37271,40860,8
43761,27523,8
10932,10912,8
5106,5107,8
49283,22357,8
27516,43031,8
6960,6070,8
41259,6960,8
41148,41259,8
5607,5606,8
35571,5607,8
1209,1642,8
1642,4035,8
17907,41639,8
19762,18869,8
6226,18246,8
49213,43633,8
41496,11090,8
11093,41496,8
21574,47910,8
47910,35982,8
35982,43155,8
35978,42503,8
41140,19646,8
42970,41134,8
1200,1209,8
21582,21574,8
20128,41148,8
14957,21582,8
44366,36005,8
36005,43348,8
39608,39611,8
39606,39579,8
43348,44334,8
44334,1036,8
4041,1074,8
17515,20128,8
1074,17222,8
20775,17515,8
5606,20775,8
40578,40580,8
17222,1200,8
21569,21576,8
21576,21572,8
10825,10821,8
21565,44894,8
7385,7483,8
41783,22241,8
38368,38367,8
51096,48355,8
34304,34298,8
10898,51096,8
10084,10264,8
3956,35696,8
35696,48889,8
48480,35975,8
35367,35362,8
35977,35981,8
35981,47938,8
47938,21728,8
40576,40577,8
21728,46574,8
46574,21572,8
21575,21576,8
24691,23220,8
22633,24695,8
15664,15421,8
40821,40823,8
6877,17053,8
5976,4640,8
4640,40579,8
40579,40576,8
24851,24852,8
14128,42469,8
42469,14350,8
29521,42469,8
20149,42564,8
24852,25127,8
25138,24189,8
17235,1562,8
20717,43385,8
4388,20717,8
40823,40864,8
21576,21566,8
10897,10898,8
17675,20924,8
685,689,8
687,688,8
15066,687,8
4741,40242,8
26906,26782,8
40864,40821,8
14846,14847,8
14847,14858,8
14858,14861,8
14861,21561,8
22859,24937,8
21561,14893,8
14893,21565,8
10912,10825,8
18887,40863,8
24937,407,8
688,685,8
689,684,8
20924,21305,8
26433,39469,8
10902,10897,8
4008,1585,8
1585,43345,8
41102,27049,8
39388,41102,8
39389,39388,8
10905,10902,8
4761,5641,8
20712,19997,8
10909,10905,8
39255,10909,8
16251,16252,8
6909,19775,8
19624,17777,8
39468,39389,8
7483,7487,8
40577,40578,8
15567,23354,8
11250,11119,8
39862,39861,8
16386,43980,8
17952,18001,8
25719,25720,8
43980,50207,8
50207,25288,8
19652,40313,8
19651,19652,8
40311,19651,8
40314,40311,8
50993,17952,8
8611,8978,8
21986,25396,8
8978,8604,8
5805,50993,8
40317,40314,8
8609,8613,8
11119,11095,8
8786,11883,8
25718,25719,8
25735,25898,8
19655,40268,8
19654,19655,8
18893,4243,8
19653,19654,8
253,255,8
40313,19653,8
11883,8782,8
42113,17746,8
26403,49421,8
1208,1205,8
39254,35286,8
25730,25735,8
19285,18831,8
4787,39864,8
39864,39862,8
25396,21976,8
41633,42113,8
16293,16115,8
39775,27859,8
40268,18893,8
11095,11093,8
24767,23884,8
23884,23297,8
8613,21456,8
21461,21584,8
21447,21461,8
23297,15865,8
25717,25718,8
15865,15709,8
21460,21442,8
25135,25133,8
19646,19647,8
21454,21459,8
25898,25732,8
21458,14965,8
21456,21458,8
19649,39838,8
39838,40317,8
19648,19649,8
19647,41142,8
41141,19648,8
34711,34838,7
35611,41786,7
37334,37338,7
37194,35611,7
41181,26985,7
27669,50507,7
26978,42403,7
5189,4802,7
42401,26978,7
27317,42401,7
4753,4800,7
41786,18833,7
34838,17517,7
26986,26983,7
41105,27317,7
50092,50091,7
27621,27059,7
22904,811,7
49976,5033,7
49187,38877,7
49194,43846,7
26980,27621,7
23707,21318,7
24932,14355,7
15207,38310,7
15956,24862,7
738,603,7
27059,26986,7
24460,23680,7
17811,6589,7
823,23707,7
41632,18768,7
50091,50108,7
26985,26980,7
9043,23543,7
11052,9043,7
40165,34829,7
40263,40264,7
27314,41105,7
26977,50099,7
26983,27058,7
26982,26977,7
19866,4753,7
20702,49695,7
17750,17739,7
38300,38303,7
12625,12164,7
17849,17840,7
38299,38300,7
17861,17849,7
38296,38299,7
34875,51159,7
19367,20992,7
7935,41502,7
43842,7935,7
20992,18235,7
49835,12625,7
6018,40263,7
40264,5797,7
37294,37344,7
39254,21584,7
47102,23108,7
801,22904,7
39564,51495,7
16465,16471,7
7731,40165,7
8024,7731,7
1669,48340,7
16431,16464,7
40740,35686,7
35686,51199,7
1256,1228,7
27868,27862,7
2965,4132,7
12164,12150,7
21470,21472,7
40178,2965,7
17521,17406,7
20321,47447,7
21393,21469,7
50996,17902,7
51495,11978,7
546,601,7
5033,4938,7
35530,35533,7
36125,38284,7
49870,49886,7
14970,24914,7
15431,15433,7
39801,26403,7
41108,41107,7
2229,3907,7
39511,39403,7
35546,35530,7
1457,4172,7
21695,39797,7
27926,41108,7
35536,35538,7
39972,7060,7
39803,39801,7
14914,24951,7
24951,24950,7
24950,24948,7
35533,35535,7
27030,27926,7
27784,27030,7
41157,27784,7
26990,41157,7
27036,50506,7
42848,42847,7
42849,42848,7
80,23642,7
23642,15426,7
39964,39970,7
47834,39404,7
38109,38392,7
38392,39805,7
39969,39964,7
39512,39511,7
17303,20408,7
39968,39969,7
7060,7055,7
11317,8583,7
11090,41665,7
39356,39513,7
2501,2362,7
8574,11317,7
23094,9612,7
24315,23094,7
16089,16092,7
22264,16089,7
33969,78,7
42850,42849,7
22765,22042,7
24811,22299,7
15434,24811,7
35535,35536,7
35538,35540,7
41183,27319,7
4699,51987,7
19630,21116,7
49414,25864,7
19434,21006,7
21006,19399,7
40617,44138,7
21558,42182,7
39799,39795,7
21857,22081,7
23751,22336,7
41182,41158,7
2345,2358,7
4742,4699,7
27662,27037,7
5490,5497,7
51991,12164,7
20920,20604,7
4480,4735,7
14112,12974,7
23491,15884,7
21799,23897,7
22561,24933,7
3898,1330,7
12974,14351,7
24933,15207,7
41158,11953,7
27669,50511,7
27768,48652,7
4241,19627,7
49886,49918,7
49874,49889,7
38969,39803,7
27327,27662,7
44800,11333,7
10647,44800,7
27765,27327,7
26638,39804,7
35540,35529,7
27934,27765,7
36803,36804,7
5033,4736,7
36804,36805,7
4480,5033,7
5063,4938,7
48652,27934,7
48275,24468,7
24863,24864,7
24862,24863,7
35542,50010,7
50010,35529,7
51148,34509,7
603,446,7
49703,50092,7
44311,12118,7
13088,13030,7
12685,12421,7
12691,12689,7
12689,12690,7
10108,8733,7
10455,9600,7
34792,10685,7
27564,39779,7
39441,27886,7
8059,34792,7
49565,44073,7
12690,12694,7
12694,50614,7
50614,26674,7
42297,51092,7
39330,39510,7
12054,12058,7
7377,7379,7
26666,28545,7
26692,26622,7
49812,51994,7
39510,39402,7
39402,12117,7
27629,27688,7
49247,12274,7
12421,12691,7
16000,24411,7
44390,49247,7
16202,24296,7
25196,25197,7
25191,25196,7
34228,34339,7
38694,34228,7
34843,7325,7
21013,35578,7
18536,18414,7
48085,11028,7
42312,21918,7
7666,34843,7
34340,38694,7
1365,1228,7
9048,10163,7
18535,18536,7
21110,18535,7
16645,25191,7
36225,10328,7
21109,21110,7
29099,43633,7
12542,12685,7
35836,21109,7
11204,11205,7
21095,35836,7
27677,27679,7
26624,43898,7
7325,38159,7
27900,21851,7
4801,20370,7
14165,22234,7
12699,50616,7
50616,28810,7
44578,8881,7
40445,40448,7
28810,12534,7
12534,12476,7
12476,12468,7
12468,50615,7
724,14661,7
280,303,7
50615,38807,7
7297,7318,7
38807,12469,7
7322,7297,7
12469,42211,7
42211,38661,7
20792,41575,7
41575,41574,7
25840,28614,7
41574,18916,7
26971,48436,7
38819,9845,7
18442,7222,7
12117,44312,7
4750,4801,7
39403,39330,7
26707,43528,7
48432,39595,7
7374,7377,7
43528,27900,7
36802,43818,7
26972,39963,7
40441,26972,7
7484,7486,7
36811,40441,7
42740,36811,7
7482,7484,7
16105,38109,7
40906,44539,7
8437,42205,7
34833,8437,7
8070,8072,7
27887,39440,7
39570,27887,7
51994,49213,7
42979,44390,7
48433,46903,7
26707,35694,7
17876,17880,7
17857,17876,7
38294,38296,7
40783,5485,7
7868,7629,7
34588,8230,7
8230,34619,7
495,14800,7
34619,34589,7
34464,34465,7
40901,7870,7
7324,40901,7
38698,8907,7
4327,4422,7
49414,21696,7
8146,7887,7
4085,4127,7
7887,7919,7
19551,5601,7
23543,21851,7
51230,19592,7
25194,15883,7
35910,50329,7
49384,43663,7
50329,4084,7
43663,7919,7
25193,25194,7
41248,34580,7
7820,34772,7
16095,25193,7
4922,5070,7
38292,38294,7
38291,38292,7
38290,38291,7
38289,38290,7
22386,38289,7
49232,49835,7
24408,830,7
41982,34453,7
47852,26122,7
16000,37804,7
42314,44099,7
12273,49232,7
34796,34834,7
8218,34796,7
33942,22356,7
15867,15722,7
51264,42908,7
4286,4426,7
4296,4284,7
40640,37366,7
25984,25986,7
37364,40640,7
4509,4728,7
4876,35111,7
41133,40210,7
35578,5203,7
7590,7598,7
28642,27754,7
27692,27697,7
4736,4791,7
44259,38721,7
19471,18085,7
6643,17857,7
12145,12151,7
6697,50870,7
20319,39024,7
3920,3918,7
7323,7961,7
38283,36124,7
22956,44371,7
38284,38285,7
8060,44073,7
7867,7323,7
12151,49812,7
38159,38148,7
47991,27623,7
27754,27935,7
27065,27936,7
27936,11953,7
27669,50510,7
6640,6643,7
17866,6640,7
40210,40209,7
6695,6697,7
17756,17769,7
7227,37195,7
16096,16095,7
17805,17832,7
40209,40206,7
40206,40205,7
7297,7296,7
40205,39835,7
39835,40200,7
40200,40196,7
40196,40195,7
40195,11192,7
11192,11196,7
11196,11251,7
7961,7297,7
25197,16096,7
19867,51230,7
17832,17851,7
25153,25150,7
11251,11247,7
17851,6600,7
38721,38698,7
6600,17866,7
44055,8218,7
47799,18687,7
39513,39512,7
18831,18816,7
26421,27714,7
11160,21589,7
37713,7568,7
51149,34520,7
2713,3950,7
4252,4255,7
8959,44855,7
18816,19343,7
28544,26657,7
19343,19293,7
8924,8959,7
6526,6508,7
49338,18130,7
8925,8924,7
48822,8925,7
12044,25880,7
27523,27529,7
18269,4968,7
28071,47835,7
15284,15285,7
49540,49542,7
11999,27509,7
10695,9889,7
9889,9890,7
9890,11514,7
15283,15255,7
15285,15283,7
15286,15284,7
47916,4339,7
15287,15286,7
11514,37733,7
37733,48360,7
22078,15287,7
12145,12352,7
18883,18237,7
18692,49540,7
25880,26404,7
6604,49338,7
44164,34508,7
24785,24856,7
34431,34348,7
34539,34602,7
28473,11936,7
7126,7127,7
28819,36801,7
34455,34446,7
48225,18459,7
51962,51809,7
34655,44164,7
21148,51962,7
13195,13053,7
47890,15989,7
34605,34576,7
34612,34571,7
39787,48524,7
42455,39787,7
51148,34537,7
17976,6489,7
34615,34613,7
20146,42567,7
39676,6610,7
47955,47143,7
39674,39676,7
39672,39674,7
6604,39672,7
42405,748,7
19894,34286,7
34286,20253,7
20253,4343,7
4343,4345,7
5933,18170,7
6490,6491,7
28622,26975,7
23686,751,7
27031,28622,7
17788,17808,7
11481,10695,7
20027,50960,7
6238,21036,7
19446,19948,7
18149,18189,7
19950,20054,7
6239,18269,7
39546,39545,7
21036,6239,7
18757,20878,7
21023,6238,7
4124,1745,7
6234,21023,7
25176,25178,7
18276,6234,7
6233,18276,7
6204,21011,7
21012,6233,7
6232,21012,7
39281,23783,7
5829,18036,7
9885,11481,7
7035,7036,7
34258,34260,7
44856,9225,7
34264,34258,7
4400,34264,7
41785,18177,7
20893,43054,7
20917,20893,7
4316,4315,7
41464,39281,7
6206,4252,7
7106,7107,7
6205,6206,7
21011,6205,7
16645,25174,7
25174,25176,7
44090,39503,7
6073,18650,7
20742,6073,7
4674,6232,7
2470,3582,7
4256,18322,7
11183,11188,7
43884,4256,7
37011,24776,7
36990,37011,7
4258,4256,7
49542,49543,7
35287,41132,7
25178,25180,7
5208,43885,7
1583,1617,7
6046,20149,7
44855,44856,7
4254,4258,7
4255,4254,7
49205,14966,7
49543,18668,7
24776,38341,7
38341,37002,7
4256,21014,7
43886,21045,7
39500,41203,7
18322,6204,7
41203,39978,7
6072,20742,7
18649,6072,7
49547,18649,7
3582,3920,7
47978,15886,7
20358,49547,7
19306,43887,7
21033,21030,7
15709,25033,7
21014,21033,7
15924,40803,7
38760,38755,7
35509,34453,7
41982,35490,7
11387,9132,7
19879,20317,7
39917,39916,7
38252,40691,7
39918,39917,7
8071,8039,7
39919,39918,7
37332,37330,7
20896,39919,7
40442,40443,7
14017,14014,7
28246,25770,7
44580,8881,7
9132,9131,7
19577,19321,7
9131,9204,7
22249,22062,7
39129,22064,7
13637,13639,7
46936,47124,7
36801,46936,7
11124,8560,7
11157,11124,7
21768,25062,7
25062,16678,7
41702,35292,7
4358,50589,7
39831,23543,7
40930,40924,7
41107,27674,7
39916,20897,7
25766,26849,7
15898,15908,7
20908,20914,7
39554,39555,7
39723,39554,7
27584,39723,7
20087,4373,7
16491,50681,7
39796,21693,7
17303,20374,7
47844,26808,7
39913,20900,7
39798,39796,7
41573,18302,7
21144,4590,7
459,24938,7
20300,20019,7
13871,13868,7
47807,4634,7
35490,778,7
39800,39798,7
16289,39800,7
51947,13872,7
6474,43602,7
39936,39935,7
37116,37114,7
11159,37036,7
35292,20813,7
21518,21538,7
50948,27584,7
39902,39901,7
28865,43749,7
39901,39910,7
39910,19129,7
19121,5523,7
20384,4886,7
44164,34656,7
5523,19122,7
52029,15671,7
38756,38760,7
48523,39781,7
767,14836,7
20056,20252,7
19122,5524,7
21150,21144,7
15092,774,7
778,15092,7
1757,4086,7
34511,34445,7
50960,20056,7
27674,50848,7
39530,39532,7
601,50485,7
39555,39530,7
41115,51357,7
48942,43374,7
22516,50802,7
38759,41114,7
4791,4728,7
5524,19123,7
41114,47004,7
19123,20898,7
41133,11159,7
47004,41115,7
39935,39934,7
18971,20891,7
39890,39920,7
18700,7197,7
51357,38758,7
39920,39902,7
21517,21518,7
51039,51261,6
33917,407,6
20528,51687,6
27306,48436,6
5856,5858,6
14762,721,6
5858,20162,6
14757,33917,6
50707,750,6
34653,34580,6
8587,11309,6
37801,873,6
867,24397,6
15414,42877,6
10703,10193,6
451,427,6
34443,34433,6
47863,1296,6
42297,49565,6
827,15996,6
405,410,6
28819,27306,6
16599,39176,6
8060,10685,6
750,16524,6
22189,23185,6
43854,49565,6
43645,12301,6
10847,41162,6
26971,46936,6
1364,4035,6
20830,7137,6
20829,20830,6
8579,38386,6
19936,4357,6
40667,40666,6
3045,2700,6
24859,16491,6
3276,18829,6
42884,13354,6
38896,40667,6
15151,15177,6
40668,38896,6
20162,5868,6
29455,13179,6
46964,8579,6
34419,34805,6
1870,2559,6
38386,8576,6
2559,1891,6
38821,8587,6
7137,7138,6
17007,6955,6
2110,2111,6
39166,20062,6
12288,12287,6
5305,6361,6
2496,2110,6
11308,38821,6
5849,5855,6
8591,11308,6
8583,8591,6
1913,1956,6
8576,8574,6
6360,5305,6
1902,1913,6
1891,1902,6
34807,34418,6
38818,9848,6
13054,29377,6
10226,11071,6
37326,37328,6
17010,17009,6
11135,38904,6
10832,10818,6
23534,28638,6
14612,14325,6
16306,8439,6
28543,26616,6
28542,28543,6
7794,34847,6
8332,7794,6
7663,8332,6
4984,4756,6
3193,16968,6
40543,4133,6
51580,25180,6
1863,1870,6
19546,19547,6
11375,38818,6
11372,11375,6
5868,20354,6
51476,39271,6
29377,29371,6
22449,51476,6
4191,20069,6
28729,50390,6
21632,21672,6
13740,29339,6
26572,28542,6
9158,11372,6
50184,50185,6
11369,9158,6
8863,9023,6
20062,4454,6
37328,37332,6
17009,17007,6
5855,5856,6
11443,11365,6
4767,5056,6
40854,40856,6
42990,42992,6
1645,42988,6
19340,20608,6
20607,19340,6
47903,43142,6
18446,47903,6
28561,28217,6
26906,28561,6
10113,9609,6
5195,5814,6
4395,20093,6
17268,2872,6
17223,17269,6
1243,17223,6
1209,1243,6
17222,1209,6
2563,17222,6
35,23220,6
15176,780,6
24923,33965,6
21713,21343,6
21342,21713,6
37149,24370,6
8460,35962,6
8459,8460,6
1396,1358,6
47997,6057,6
10219,10161,6
27491,27493,6
48271,15696,6
15696,23974,6
23974,24028,6
24028,43486,6
43759,42647,6
42644,43759,6
15833,42644,6
41074,41235,6
35963,22232,6
35962,35963,6
27493,27496,6
43036,27491,6
3956,17352,6
43037,43036,6
39349,43037,6
44937,39349,6
39322,44937,6
43041,39322,6
39338,43041,6
29013,39338,6
39980,29013,6
41235,49750,6
49750,20328,6
11549,10219,6
17132,1812,6
35960,8459,6
15889,16088,6
9741,11905,6
15621,25109,6
9193,9141,6
1876,3962,6
10084,29342,6
14276,14272,6
14222,14276,6
41783,41599,6
22205,22249,6
22110,185,6
43337,10169,6
10169,10170,6
34464,51714,6
23264,23239,6
800,802,6
185,111,6
41974,9213,6
736,735,6
14719,736,6
14704,14719,6
14702,14704,6
15998,16043,6
14709,14702,6
22111,22225,6
179,22111,6
23368,23264,6
15620,15504,6
14272,29438,6
14728,24924,6
22231,35960,6
22227,22231,6
22226,22227,6
22225,22226,6
24924,24923,6
1958,1901,6
1901,2568,6
2568,1874,6
25159,16000,6
9915,11905,6
11906,9915,6
1874,1871,6
1875,1876,6
24954,45049,6
14747,24954,6
14715,14747,6
1871,2870,6
2870,1875,6
14696,14715,6
14703,14696,6
24925,14703,6
24934,24925,6
47145,21304,6
802,24934,6
42647,48824,6
48824,42641,6
452,39095,6
40855,4727,6
4778,5176,6
43131,4778,6
4723,43131,6
4898,4723,6
4810,4898,6
11365,9047,6
9047,8929,6
8929,44779,6
17566,3229,6
44779,8931,6
8931,8926,6
14278,14226,6
17594,44243,6
14279,14278,6
14274,14275,6
14268,29472,6
14263,14268,6
918,42128,6
36048,4069,6
14569,14263,6
24535,44416,6
14164,14569,6
14178,14164,6
7619,38614,6
28294,27805,6
42875,15988,6
3900,17352,6
27482,27527,6
10145,10146,6
10716,10321,6
44827,39294,6
5845,5849,6
39135,37641,6
37641,50755,6
5844,5845,6
22864,942,6
5054,4767,6
5176,5054,6
8132,8420,6
11715,10145,6
23829,22864,6
40666,21894,6
49788,49770,6
12305,37071,6
37071,37073,6
27520,27482,6
39996,6255,6
36905,23829,6
47177,47112,6
10146,44749,6
14226,14223,6
44749,11443,6
38963,17686,6
38614,41502,6
44416,48815,6
1252,1165,6
35965,21800,6
14264,14266,6
36035,42703,6
14265,14264,6
27633,28832,6
39411,27633,6
14267,14265,6
1959,1957,6
29438,14267,6
47435,47403,6
44852,8463,6
21800,44852,6
22232,35965,6
44243,5575,6
15504,15843,6
42631,15698,6
42628,42631,6
42627,42628,6
15411,42627,6
42625,15409,6
15524,42625,6
42637,15632,6
42624,42637,6
42639,42624,6
42641,42639,6
43870,19455,6
52019,12226,6
44669,51919,6
4029,17254,6
14266,14178,6
34875,8026,6
36006,1166,6
38574,36006,6
36004,44357,6
7374,7376,6
7376,7379,6
43347,36004,6
36003,43347,6
1036,36003,6
17254,1068,6
50891,1208,6
50774,8439,6
24856,22087,6
4036,50891,6
24785,36909,6
24680,36,6
42620,39257,6
26887,26710,6
39257,1595,6
42506,42505,6
42505,37768,6
10687,11806,6
16670,16682,6
51687,4290,6
13062,12975,6
43075,36943,6
16807,22964,6
23713,24468,6
13341,13040,6
14051,40638,6
48194,23242,6
23242,25120,6
25120,25033,6
25033,22934,6
34813,34812,6
37799,34813,6
37796,37799,6
8337,37796,6
18810,38921,6
40652,40645,6
34999,8337,6
7791,34999,6
7801,7791,6
23724,40654,6
34819,7801,6
13286,13252,6
12963,21921,6
24416,24430,6
48206,26659,6
17725,17705,6
44398,35172,6
26709,38737,6
7079,7081,6
38737,38736,6
24691,24680,6
43492,43482,6
17261,17262,6
15832,15790,6
17260,17261,6
17245,17260,6
42876,38945,6
7081,7082,6
50659,34847,6
19635,20177,6
50661,50659,6
7082,7083,6
20180,18969,6
7083,7080,6
34412,34411,6
7080,37192,6
5982,19965,6
19965,19964,6
11143,35697,6
19964,18970,6
35697,7381,6
34812,50661,6
38962,17725,6
34821,34819,6
8332,34821,6
17861,6751,6
51293,43053,6
5014,48181,6
21084,18908,6
38901,21084,6
41756,41755,6
4949,35470,6
44515,42166,6
42166,41611,6
43976,8033,6
729,727,6
39457,39449,6
39449,39452,6
16623,16617,6
5674,5668,6
41811,41810,6
16619,16623,6
16515,23293,6
41349,43870,6
41810,41758,6
41758,39179,6
39179,16557,6
16557,16596,6
16596,23293,6
16565,717,6
47897,4505,6
18908,21077,6
21013,21000,6
4984,4755,6
51285,51293,6
16871,51285,6
40786,16871,6
40787,40786,6
40658,40787,6
40647,40658,6
40656,40647,6
40661,40656,6
47119,51199,6
4792,18788,6
26952,39549,6
21000,19365,6
26955,26952,6
51119,26955,6
4737,4653,6
40886,4796,6
4893,40887,6
50948,51119,6
19366,19367,6
19364,19366,6
4918,4893,6
19365,19364,6
17262,1493,6
5308,19675,6
41764,39180,6
851,850,6
17006,17008,6
20710,20078,6
51251,51244,6
51244,5913,6
23759,854,6
41828,41827,6
41827,41805,6
41805,23534,6
17836,41635,6
41635,41631,6
41631,42112,6
21805,15330,6
15331,21805,6
17739,17730,6
6341,5280,6
5295,42397,6
48444,20200,6
7327,7333,6
17853,21209,6
39249,27587,6
15766,15767,6
854,855,6
51062,43650,6
6955,17006,6
39482,27598,6
1493,17263,6
44565,42694,6
50362,50369,6
50369,51237,6
51237,51242,6
899,852,6
852,851,6
51242,51251,6
894,899,6
863,894,6
41071,50362,6
41070,41071,6
15405,48870,6
15688,25083,6
41069,41070,6
50608,12862,6
12834,13129,6
42883,49236,6
35026,8325,6
39974,7072,6
12879,12889,6
7072,7074,6
44568,44565,6
7074,37188,6
7070,39974,6
855,856,6
15765,15766,6
15764,15765,6
15328,15293,6
42008,42006,6
42006,42007,6
42021,42022,6
4450,38252,6
2619,3897,6
14325,14209,6
14209,14355,6
3897,2040,6
4449,4450,6
12890,13319,6
17266,1602,6
17265,17266,6
24400,1013,6
24774,22346,6
22346,24741,6
44303,34073,6
11133,39073,6
12945,49210,6
17264,17265,6
1499,17264,6
38725,15416,6
7078,7079,6
17263,1499,6
1013,863,6
42009,42016,6
51060,51246,6
43647,51059,6
15763,15764,6
15762,15763,6
15761,15762,6
856,857,6
15760,15761,6
15329,15328,6
857,860,6
15747,15760,6
10328,7780,6
17008,3054,6
51059,21220,6
8469,22062,6
860,862,6
862,865,6
865,745,6
7062,7063,6
40691,39166,6
7076,37167,6
4025,1587,6
37167,7146,6
21221,51060,6
7146,7078,6
16595,16769,6
23419,16542,6
48909,3900,6
41588,41587,6
22110,7619,6
8439,8464,6
23222,21696,6
44329,16379,6
15794,25360,6
3867,48886,6
2771,3867,6
3974,2378,6
35041,7604,6
42457,42458,6
27674,50850,6
14599,15794,6
10163,11239,6
12570,25823,6
19952,19951,6
21282,7109,6
7099,17970,6
12639,12640,6
18365,5623,6
47851,48001,6
12069,12287,6
12288,12321,6
41212,41206,6
41589,41588,6
41587,41586,6
6244,21021,6
5666,5301,6
413,417,6
6419,17842,6
14771,14800,6
23713,23878,6
6245,21010,6
21010,21009,6
44967,19933,6
38326,38332,6
14771,455,6
38327,38326,6
38328,38327,6
38330,38328,6
20115,50147,6
38331,38330,6
48886,2392,6
18957,20114,6
16050,38331,6
19863,19278,6
33893,23408,6
12128,50390,6
41586,41590,6
13937,13920,6
16379,14576,6
507,520,6
37509,20417,6
7219,17729,6
41944,17720,6
42983,3427,6
42989,42987,6
49794,7561,6
43594,728,6
40670,24555,6
24555,24558,6
24558,40669,6
40669,16862,6
16862,40668,6
34792,44073,6
20501,2673,6
5280,20039,6
5659,5281,6
5281,20068,6
5657,5282,6
5283,20072,6
5654,5652,6
5652,5286,6
5286,6342,6
14773,14814,6
43654,7718,6
41447,36943,6
3956,48909,6
21074,21078,6
21078,18906,6
7561,23147,6
7114,7095,6
50553,42739,6
40447,40442,6
4366,21273,6
5587,19350,6
41213,41212,6
16537,41213,6
16604,16558,6
19350,7111,6
7112,7113,6
7113,7114,6
7095,19352,6
18906,4267,6
3521,16977,6
19352,21285,6
21285,7096,6
4267,38901,6
49295,18754,6
29488,13591,6
775,49327,6
24061,24060,6
24070,24061,6
13221,24063,6
21021,6245,6
17842,17848,6
16769,16576,6
42143,19587,6
5054,4768,6
4768,5163,6
18508,18469,6
19968,41724,6
18469,18500,6
41724,35118,6
5163,43131,6
43131,4779,6
4779,4757,6
4757,4809,6
37521,22178,6
7613,7594,6
36344,8667,6
26583,28519,6
24539,40674,6
7594,7626,6
7626,7963,6
7963,8052,6
10086,11293,6
40674,40673,6
40673,40670,6
11294,8636,6
4655,6240,6
5056,5054,6
7223,18508,6
42726,4111,6
17771,42142,6
41133,21744,6
10448,11734,6
44446,11449,6
19456,41349,6
20759,6062,6
20758,20759,6
13274,9658,6
1028,37521,6
49720,27689,6
50116,49703,6
50087,50116,6
50118,50087,6
50123,50118,6
7559,12962,6
38834,50123,6
51872,3956,6
49980,9255,6
51977,49980,6
9238,51977,6
3830,51872,6
35580,20105,6
19584,17787,6
17787,6506,6
34608,34606,6
6240,21038,6
17848,17861,6
6868,18777,6
19002,19993,6
34657,34431,6
40586,50806,6
22859,39114,6
19993,20360,6
20933,7122,6
29441,14294,6
6685,6678,6
21038,6241,6
24507,48423,6
48423,37110,6
7122,7123,6
7123,50538,6
6875,6878,6
6877,6875,6
50541,7121,6
7121,7124,6
7124,7116,6
35906,4127,6
7120,21285,6
1753,42726,6
42458,24894,6
6241,6244,6
18964,19002,6
20016,18964,6
5605,20016,6
24897,1110,6
1077,44100,6
6361,4802,6
7041,17934,6
5189,6361,6
35732,34772,6
42991,49330,6
3994,1133,6
42994,3994,6
1131,42994,6
1110,1131,6
7042,7041,6
7444,35680,6
18689,6870,6
1440,3830,6
34576,7890,6
2606,2609,6
43245,18657,6
48182,19486,6
6850,18724,6
14936,24939,6
24926,14907,6
24980,24926,6
17723,41945,6
40853,43218,6
13599,42860,6
44049,44048,6
4509,4790,6
22692,24787,6
39509,39324,6
26573,39509,6
44803,11897,6
2105,2084,6
11452,10548,6
4834,41715,6
19083,5065,6
4904,4577,6
50579,26573,6
39540,41972,6
48485,39333,6
12116,48485,6
44316,26851,6
41636,17836,6
19265,6382,6
26587,44316,6
10716,51199,6
51786,4655,6
21288,21274,6
28661,41249,6
11131,35072,6
11224,11131,6
3061,2066,6
16005,22094,6
3986,1271,6
6350,50589,6
41048,5165,6
18845,41048,6
25744,12326,6
44039,6417,6
44045,44044,6
6629,44045,6
6630,6628,6
21655,21656,6
1506,17244,6
43324,43258,6
43762,16147,6
43763,43762,6
51209,43763,6
25953,51210,6
49545,41047,6
5020,41047,6
4968,5143,6
50386,25741,6
43764,50386,6
21656,24,6
4358,6350,6
24,22692,6
48914,16876,6
2018,3731,6
5134,5145,6
4706,17999,6
20945,20957,6
18239,5168,6
14840,14898,6
25131,817,6
16035,25131,6
41133,17303,6
38724,48472,6
48354,10901,6
11274,48354,6
42677,10954,6
41628,6392,6
44100,1644,6
34309,51053,6
51053,19890,6
19890,34294,6
17477,1134,6
2838,3116,6
3116,1108,6
1108,38724,6
34294,19891,6
10896,10903,6
19891,19893,6
19893,4345,6
19988,20439,6
11936,28475,6
12959,13354,6
20439,4346,6
5613,19057,6
21798,16031,6
21473,25137,6
37804,15995,6
827,37804,6
38706,873,6
10901,10896,6
10903,10904,6
10716,11734,6
15788,15810,6
2701,3050,6
15929,15926,6
10818,27778,6
27499,26787,6
26412,26413,6
41632,41636,6
33987,23148,6
23846,23839,6
24181,23551,6
24785,22092,6
26711,28231,6
26784,28230,6
4150,21126,6
10904,10908,6
21126,19389,6
19389,19264,6
43147,4675,6
4675,4861,6
4861,19093,6
19093,5143,6
37348,37292,6
37346,37348,6
27591,27594,6
41174,36797,6
37274,41174,6
10908,39255,6
6417,44049,6
44048,44047,6
42121,42397,6
44047,44046,6
608,26638,6
662,376,6
48440,608,6
21177,19920,6
19920,18667,6
18667,21202,6
21202,21206,6
21206,18675,6
18675,21218,6
49253,11071,6
10995,11059,6
11059,8862,6
19067,21250,6
21250,5492,6
27689,10820,6
44258,9609,6
22130,41599,6
9346,10264,6
11843,9346,6
34159,19529,6
36003,43823,6
43823,46505,6
46505,1111,6
40777,11593,6
11593,50689,6
50689,9940,6
7028,7029,6
48152,25968,6
7054,49189,6
376,726,6
26638,15904,6
21018,35578,6
5203,21018,6
37191,17935,6
19587,6574,6
29363,14078,6
10716,7381,6
50474,10775,6
24713,11177,6
7561,24713,6
25887,25889,6
15904,15486,6
25968,27371,6
17639,17640,6
18662,7054,6
17640,21251,6
21251,21249,6
21249,21244,6
21244,21243,6
50641,21217,6
1330,1296,6
3868,3867,6
18665,21203,6
21203,18669,6
12756,28866,6
18669,21179,6
21179,18662,6
20372,19575,6
797,270,6
423,424,6
21650,21639,6
34138,16709,6
34137,34138,6
34136,34137,6
34135,34136,6
24838,34135,6
8636,41133,6
23249,25143,6
17859,17861,6
17242,1506,6
15894,23249,6
15772,15894,6
5926,40858,6
21639,21641,6
42026,42025,6
37176,17859,6
44046,37176,6
21641,21643,6
21643,21653,6
7444,10452,6
50032,23880,6
21672,35710,6
21653,21654,6
21654,21655,6
15753,15742,6
4785,4789,6
38936,14600,6
42027,42026,6
15436,47875,6
404,423,6
19575,19858,6
403,404,6
402,403,6
401,402,6
200,401,6
199,200,6
201,199,6
196,201,6
399,196,6
37635,399,6
37634,37635,6
37117,37634,6
15884,23493,6
9513,9740,6
47875,16062,6
14762,39114,6
452,14762,6
591,268,6
18363,4479,6
4676,21048,6
11223,43254,6
11233,11289,6
27622,27646,6
8851,51199,6
48415,49236,6
13356,11161,6
11289,11452,6
42035,38706,6
48342,49012,6
16022,16023,6
4031,1167,6
25918,25982,6
20710,46769,6
26216,27109,6
50764,26846,6
26454,44001,6
44001,50764,6
3790,2103,6
1806,51967,6
51967,1806,6
17370,3464,6
441,445,6
44709,51,6
1177,1179,6
1192,1205,6
15658,25012,6
438,24684,6
602,438,6
603,444,6
1041,4134,6
27643,39641,6
39643,27752,6
27752,39941,6
1048,1636,6
27323,27324,6
27324,27311,6
27312,28682,6
29122,27628,6
636,14612,6
26372,26373,6
46769,20078,6
19584,6506,6
15599,38931,6
16019,15546,6
35176,15752,6
35175,35176,6
15586,35175,6
1554,40804,6
1522,1546,6
1546,1535,6
1535,17238,6
17238,1539,6
50870,5592,6
17950,6489,6
1539,1530,6
48640,49226,6
4049,17239,6
5539,5533,6
19095,40496,6
40495,6728,6
35009,7338,6
17239,1532,6
6723,6724,6
18822,6723,6
41671,18833,6
1532,42823,6
26784,26779,6
24228,16384,6
28539,26570,6
35322,24823,6
35707,21782,6
27049,39434,6
37338,37334,6
44342,18341,6
18341,18360,6
18360,7272,6
36124,1583,6
7272,7278,6
4036,1376,6
37776,28296,6
50051,6483,6
5944,17914,6
17914,17934,6
28295,37776,6
39434,39432,6
37292,37334,6
748,14165,6
16640,748,6
43987,43035,6
43035,43034,6
43034,39395,6
35191,20809,6
20809,5577,6
36909,24791,6
24791,15373,6
34537,34443,6
11899,10286,6
15373,24720,6
37334,37292,6
18964,19747,6
4447,4449,6
48808,48303,6
37134,37133,6
27849,27852,6
11962,27849,6
39955,39956,6
39956,6735,6
37135,37134,6
37136,37135,6
1149,1153,6
1183,1149,6
1216,4034,6
1702,16941,6
1334,17269,6
48305,48808,6
37137,37136,6
39702,48305,6
48311,39702,6
48313,48311,6
48315,48313,6
48317,48315,6
48318,48317,6
48321,48318,6
48323,48321,6
48325,48323,6
48327,48325,6
19183,48327,6
48304,19171,6
1148,4031,6
1568,1554,6
15903,43519,6
38931,38935,6
18965,20044,6
20044,18967,6
20816,4334,6
49275,15931,6
49291,49275,6
49258,49291,6
49265,49258,6
37003,49265,6
49288,22540,6
16713,40803,6
37005,16713,6
11431,7662,6
20251,20030,6
20030,50955,6
19004,19773,6
4347,18983,6
37009,36990,6
49270,37009,6
51670,42064,6
22886,51670,6
793,22886,6
4344,4342,6
4342,20248,6
20248,44013,6
44013,19679,6
20042,18993,6
34210,6706,6
19969,18965,6
5984,4229,6
5950,5984,6
17722,17730,6
18973,41694,6
41694,41695,6
41695,41693,6
41693,41685,6
41685,41692,6
41692,41691,6
42301,51992,6
41691,20563,6
49012,599,6
599,48340,6
7219,17727,6
38962,17705,6
41944,17719,6
5977,5950,6
17692,41945,6
38963,49307,6
6588,18754,6
4148,4149,6
40912,4148,6
6743,40912,6
16926,6743,6
20563,6030,6
6030,20566,6
1381,16926,6
20566,5563,6
5563,5977,6
21589,48265,6
11120,10236,6
4712,4762,6
19488,20891,6
2771,3898,6
51331,5492,6
1167,1190,6
265,268,6
40927,40923,6
40929,40927,6
38121,38122,6
38120,38121,6
40979,40925,6
26665,40150,6
39996,39994,6
39994,6255,6
38376,38120,6
35687,11136,6
44099,48060,6
42821,1566,6
38377,38376,6
38378,38377,6
16015,16016,6
21847,16015,6
22633,13354,6
16428,15571,6
1566,1568,6
38929,15426,6
38933,38929,6
38935,38933,6
1190,1225,6
10820,10833,6
36064,4036,6
4868,4883,6
17345,36064,6
5979,18991,6
41696,5979,6
1255,17345,6
4016,1255,6
20740,4895,6
36075,4016,6
1236,36075,6
1234,1236,6
1245,1234,6
7665,34843,6
14898,24898,6
6667,49349,6
1225,1217,6
40584,40581,6
42507,40584,6
20694,5237,6
49349,6755,6
19530,39146,6
50906,19530,6
4883,4983,6
5050,5024,6
29350,39133,6
14355,13361,6
37473,14355,6
17224,1340,6
35578,4193,6
15829,16005,6
48117,27512,6
4634,47791,6
15089,15075,6
36865,8328,6
36864,36865,6
36847,36864,6
8185,36847,6
8413,8185,6
15877,24207,6
43874,694,6
24207,13188,6
23363,24281,6
15075,24873,6
43594,742,6
15066,37016,6
37016,24912,6
24872,15089,6
20070,20273,6
6419,17841,6
17845,17843,6
17843,6445,6
15024,15007,6
37026,37025,6
37025,37027,6
48089,15412,6
15452,15650,6
26573,27792,6
6445,6421,6
26591,26573,6
6421,6420,6
25204,16642,6
15101,24872,6
15107,15101,6
24912,14860,6
667,43874,6
6925,6926,6
7184,20655,6
24931,592,6
14607,29581,6
25201,824,6
19331,19278,6
4725,41046,6
7182,7184,6
20655,20656,6
44019,667,6
20656,6923,6
6923,6925,6
40855,40856,6
8878,8916,6
43074,8497,6
4771,43218,6
19686,7182,6
29401,29336,6
15993,25201,6
19684,19686,6
6917,19684,6
23287,16534,6
6916,6917,6
40853,40854,6
526,42689,6
46339,24962,6
49414,28106,6
9142,9187,6
9143,9142,6
28106,12120,6
42923,1632,6
1632,44038,6
15997,16773,6
15109,15107,6
15146,15109,6
18773,6872,6
50850,27671,6
757,34418,6
6435,6436,6
17997,6435,6
47768,5017,6
9145,9185,6
16475,15783,6
7052,7053,6
40977,6025,6
7051,7052,6
39810,44052,6
24467,868,6
35365,5926,6
6433,17997,6
6592,6433,6
38658,42988,6
14876,38658,6
25024,25013,6
16251,38370,6
44705,38368,6
16254,16104,6
23534,38725,6
35531,39976,6
14866,14876,6
14800,14843,6
21786,14800,6
14227,21786,6
14008,13053,6
19763,6865,6
9185,9143,6
5017,35367,6
20713,19842,6
6432,5934,6
6431,6432,6
14945,492,6
38658,49330,6
43245,6870,6
18311,18777,6
10928,10922,6
20513,20139,6
10927,10928,6
40742,10950,6
11063,39224,6
17846,17871,6
15461,28977,6
5674,5275,6
6423,6424,6
4174,18776,6
18776,20011,6
18086,19763,6
1141,1170,6
47791,47768,6
6424,6425,6
6425,6426,6
5341,6356,6
5340,5341,6
6591,6430,6
50384,41105,6
10446,11289,6
10503,10108,6
10474,10457,6
44577,39294,6
38594,9183,6
9183,9182,6
9182,9148,6
9148,9145,6
42433,4773,6
6868,18311,6
16023,16024,6
9187,9193,6
4001,6878,6
51318,5497,6
18507,18458,6
39617,4003,6
10084,9828,6
6926,40817,6
48475,11035,6
25060,25140,5
25140,23250,5
27675,27667,5
27671,27675,5
6213,39310,5
13274,15831,5
39133,47918,5
15847,48881,5
48881,24674,5
23783,34853,5
39309,39305,5
50847,27671,5
25143,25060,5
39310,39309,5
42859,47406,5
39305,39308,5
49337,49288,5
27704,27945,5
13274,23418,5
37004,16718,5
38338,37004,5
47872,39408,5
40803,38338,5
39408,39331,5
39331,39407,5
15153,15151,5
39308,39307,5
39307,39306,5
49350,37005,5
7099,21283,5
16718,49337,5
1231,1257,5
23352,23300,5
20361,6442,5
37682,29243,5
18315,18301,5
27697,26941,5
28541,28539,5
34433,34510,5
39489,27295,5
7258,18315,5
15924,49269,5
18324,7258,5
50442,50532,5
35552,35551,5
20224,20893,5
20893,21304,5
35553,35552,5
7721,8026,5
33894,23493,5
39496,40423,5
39484,28881,5
2953,17406,5
23248,15779,5
25142,23248,5
15836,25142,5
15776,15836,5
23250,15776,5
39978,27728,5
26587,44312,5
44311,26851,5
34455,34602,5
26851,47872,5
1745,2953,5
10797,10795,5
49269,49350,5
49271,49274,5
49278,37002,5
24887,24888,5
38200,38198,5
23593,23582,5
20148,20149,5
27899,26887,5
35509,34540,5
25389,24887,5
39455,39386,5
49274,49278,5
17600,7094,5
6212,38200,5
39306,6212,5
41452,8250,5
8588,11307,5
462,475,5
47871,16097,5
1195,1207,5
23217,47871,5
14853,29,5
16186,23217,5
27726,39500,5
10795,28660,5
502,14890,5
723,499,5
23481,16494,5
50436,51005,5
37342,37344,5
47999,16186,5
37294,37342,5
570,24940,5
39545,27726,5
38198,38196,5
22546,49320,5
49320,49301,5
49301,49317,5
28477,27663,5
18861,7109,5
39541,39547,5
49261,49271,5
24882,15153,5
25390,24882,5
49272,49261,5
22546,49272,5
485,25340,5
10786,8960,5
43053,25704,5
18081,20361,5
16097,43053,5
39407,39406,5
5939,18081,5
39406,39479,5
49317,49294,5
39464,39455,5
9401,9437,5
46430,10477,5
10556,11496,5
39479,39405,5
39405,39404,5
39356,26613,5
24888,25390,5
11933,28639,5
8879,8878,5
489,461,5
9682,8871,5
49286,49270,5
49294,49286,5
35565,35553,5
10860,10852,5
10856,50442,5
8140,34870,5
39934,43819,5
7919,43662,5
11081,23418,5
51984,1485,5
44836,8947,5
10735,10309,5
34698,8140,5
24508,24509,5
8109,34866,5
8750,34772,5
27644,51383,5
15487,15491,5
27639,44551,5
28831,27639,5
26421,27854,5
43819,27022,5
43662,49370,5
21551,21895,5
16673,21551,5
27022,27020,5
17847,17840,5
19372,38197,5
51115,35991,5
17872,17847,5
27017,27023,5
6456,17884,5
6443,6456,5
2898,1584,5
27023,27005,5
22264,16063,5
7260,18324,5
37332,37328,5
28619,28832,5
16063,21675,5
21744,34346,5
5336,5307,5
17227,17283,5
47882,43244,5
27015,27013,5
17283,1475,5
7755,7743,5
20121,20122,5
27013,27018,5
7743,8316,5
8316,7725,5
44039,6414,5
25278,43830,5
43830,44251,5
23257,25123,5
15460,50534,5
39593,27017,5
29350,23878,5
23878,23885,5
24756,35287,5
35287,21692,5
22835,86,5
27801,27523,5
20320,20698,5
27525,27531,5
20698,44343,5
21686,22835,5
42821,1569,5
27531,27481,5
7047,17966,5
18329,7260,5
24859,743,5
24510,24530,5
10858,10856,5
7679,7678,5
51198,21001,5
27690,49531,5
7684,7677,5
16218,25268,5
7678,7684,5
28233,48277,5
7683,7679,5
28539,26572,5
27187,27181,5
8034,7683,5
27003,27802,5
25340,486,5
4183,21281,5
7881,8034,5
23158,38162,5
23147,23158,5
51206,51198,5
22262,23671,5
7677,7681,5
14165,24467,5
34875,42662,5
8025,41502,5
7334,7613,5
44391,39564,5
38199,6213,5
10855,10853,5
10853,10861,5
24829,35565,5
27868,39541,5
16494,23686,5
10852,10858,5
27207,27003,5
27205,27207,5
8032,7881,5
27043,28113,5
42301,34652,5
23481,23686,5
6752,44044,5
18917,42430,5
44025,18917,5
6754,6752,5
6753,6754,5
6751,6753,5
23401,23446,5
36413,43905,5
42303,7673,5
7561,22062,5
28439,35198,5
1574,1583,5
21537,21545,5
41905,27205,5
12040,27644,5
7444,11081,5
24856,15719,5
7762,7666,5
7666,7325,5
8428,43976,5
38197,38199,5
43976,41091,5
27658,28626,5
44367,16215,5
41091,8032,5
27304,27052,5
478,24938,5
28114,41905,5
14938,35116,5
20083,20088,5
34538,51149,5
39325,41110,5
7590,8035,5
34871,12582,5
12582,12549,5
16290,16295,5
27904,39607,5
39607,39605,5
16295,16487,5
43051,39339,5
16487,16296,5
41110,43043,5
43043,43045,5
43045,43047,5
43047,43051,5
16296,9736,5
10984,10969,5
8502,38909,5
18308,41573,5
28197,12064,5
39652,43715,5
39575,39652,5
39588,39575,5
28106,39577,5
49563,28106,5
41605,49563,5
48210,27479,5
34592,34595,5
34588,34589,5
10969,10966,5
39326,41103,5
10966,10972,5
10972,10975,5
9736,9439,5
28745,50390,5
47788,47999,5
41064,43601,5
48011,14602,5
827,15995,5
41644,27716,5
34592,34593,5
34593,34595,5
28648,28645,5
9212,11360,5
28211,12084,5
11360,9211,5
9211,41974,5
51497,48813,5
10800,10814,5
27716,27892,5
25098,51497,5
28645,28646,5
10802,10800,5
40814,23133,5
15821,15824,5
4175,19849,5
9023,10947,5
49229,78,5
28646,26405,5
27743,28682,5
25275,16303,5
43988,39579,5
39608,39605,5
39606,26628,5
7257,18285,5
24411,48862,5
9439,9737,5
28975,28071,5
28330,28197,5
16526,16491,5
10975,11024,5
27323,27311,5
27735,44090,5
48582,29465,5
9124,9122,5
10817,10812,5
10809,10817,5
27742,39941,5
27312,27740,5
43321,9612,5
27750,39641,5
18310,41573,5
10815,10808,5
10794,10815,5
11255,10794,5
27514,27154,5
10820,10830,5
11048,49356,5
49352,11050,5
49361,49352,5
11052,49361,5
49360,11052,5
27878,27643,5
19374,18103,5
29122,27742,5
11091,49360,5
49250,11091,5
28481,28270,5
13103,42877,5
28524,28330,5
19581,4179,5
28270,28468,5
23448,23459,5
27479,27514,5
9122,9212,5
34614,34616,5
26853,39444,5
10894,49356,5
39516,49425,5
49355,11046,5
11047,49352,5
49352,11049,5
11049,49361,5
49361,11051,5
11051,49360,5
49360,11090,5
11090,48474,5
41906,41903,5
41968,41906,5
11024,10982,5
39411,27722,5
34606,34614,5
10515,34273,5
10982,11031,5
28643,39409,5
51205,51203,5
37328,37326,5
7257,18301,5
18289,7256,5
39643,27642,5
18288,18289,5
39473,27787,5
10796,10803,5
18287,18288,5
7251,18287,5
51203,51001,5
10797,10796,5
10819,10893,5
10893,10823,5
10823,10827,5
14174,29475,5
27656,42660,5
3452,17018,5
47438,44464,5
40581,40584,5
13557,47438,5
27725,27726,5
27794,39409,5
38188,38187,5
6734,35554,5
17018,17019,5
42564,35580,5
18288,7256,5
27726,27728,5
38194,38192,5
27735,27725,5
27746,27907,5
19847,39147,5
28627,27723,5
35352,35386,5
35386,5108,5
27678,28627,5
39386,28153,5
28153,28592,5
16285,16281,5
5939,6438,5
51001,51204,5
21513,23401,5
22914,15183,5
38192,38190,5
38190,38188,5
40980,40979,5
13356,24791,5
17019,17020,5
6636,6637,5
10038,10068,5
51005,17227,5
47901,27015,5
18301,18296,5
27689,21589,5
18296,18288,5
6790,6674,5
11826,10444,5
9313,9539,5
9063,9062,5
9797,9787,5
35115,15039,5
27725,39546,5
38196,20945,5
44659,13259,5
50216,27940,5
6211,38194,5
20945,21288,5
39977,27725,5
28660,25816,5
39503,39977,5
19371,6211,5
780,15172,5
15172,35491,5
12846,44472,5
47736,8947,5
35491,34446,5
47447,35274,5
25121,23352,5
27907,50216,5
4754,4791,5
43601,17902,5
20055,20813,5
27892,39448,5
43236,42225,5
12523,39318,5
39318,42224,5
37226,36001,5
36127,37226,5
42224,43236,5
39437,49068,5
42225,43234,5
20092,20055,5
27795,39471,5
27071,42495,5
39474,39427,5
26852,41645,5
41645,27861,5
43234,12278,5
38187,17820,5
17823,51205,5
34172,12523,5
49318,34172,5
42213,49318,5
39439,39437,5
34568,37812,5
34653,34567,5
39446,39439,5
25814,28648,5
7044,7045,5
10895,10933,5
34649,34565,5
10826,10895,5
6712,18821,5
10633,10826,5
39448,39446,5
6711,6712,5
42216,43681,5
47976,43682,5
50579,39333,5
35189,20092,5
20350,35189,5
51049,20812,5
7259,51049,5
7258,7259,5
39324,41973,5
25816,25814,5
41973,26564,5
26564,39335,5
39335,41972,5
18301,7258,5
40922,40980,5
40924,40922,5
7045,50006,5
40928,40930,5
20768,6711,5
20107,20108,5
39540,26577,5
41663,11039,5
12117,44316,5
44316,12118,5
37000,15151,5
18165,6637,5
7096,18925,5
18108,41673,5
48699,48474,5
40926,40928,5
18309,40926,5
6450,18165,5
6707,20768,5
5324,6373,5
24861,22723,5
39970,42850,5
9102,9257,5
14659,14644,5
49717,49720,5
39392,39469,5
3302,3708,5
8360,8361,5
9257,46729,5
38844,9102,5
348,372,5
9094,38844,5
51927,9094,5
50470,51927,5
48563,50470,5
11347,48563,5
39468,27220,5
27776,49717,5
19328,20014,5
42419,37316,5
43715,39652,5
51204,51197,5
38674,43522,5
27232,26433,5
39652,39651,5
8362,38874,5
27862,41645,5
8361,8362,5
7112,19328,5
41645,27840,5
49376,39438,5
7096,18926,5
17600,7114,5
7114,7094,5
7094,7111,5
48904,1314,5
1720,38790,5
39438,39436,5
8581,8573,5
8359,8360,5
38878,8359,5
20014,5587,5
43826,38878,5
51118,27657,5
15014,15017,5
8582,8581,5
44273,43408,5
24995,34217,5
7629,7628,5
34873,43826,5
14988,14994,5
8357,34873,5
4573,5026,5
15844,33942,5
16462,90,5
15017,695,5
266,14997,5
14997,15071,5
15070,15122,5
34173,12290,5
15118,44273,5
49736,12802,5
6773,20106,5
42565,6775,5
28407,28402,5
29350,11161,5
11070,41174,5
41174,36771,5
41662,41495,5
41495,11161,5
39393,39392,5
27736,39393,5
34229,34230,5
20100,39968,5
40066,27313,5
41599,49800,5
27310,39433,5
7055,20100,5
17904,5805,5
44364,44366,5
202,325,5
39653,12044,5
18098,40267,5
503,202,5
615,503,5
325,303,5
6487,6691,5
23544,21695,5
50802,41599,5
27313,50384,5
15558,24826,5
41133,23401,5
51056,7276,5
7276,43110,5
39588,25880,5
18373,43110,5
50567,10775,5
46903,28826,5
8792,8726,5
40717,18373,5
10886,43771,5
44926,21591,5
24787,24185,5
48265,24468,5
13191,14227,5
12044,39577,5
20811,51056,5
34230,34231,5
22067,11119,5
17813,17808,5
34210,17813,5
8350,8429,5
38874,8350,5
41102,27736,5
6985,6902,5
35062,34337,5
39651,39653,5
38694,35062,5
35069,38694,5
34672,35069,5
38695,34672,5
34672,35508,5
34231,34672,5
17818,40773,5
40759,6707,5
38157,8365,5
3705,6878,5
41106,41102,5
20761,20219,5
19581,41796,5
41796,18827,5
18827,37164,5
37164,37161,5
21895,22067,5
35182,35184,5
15233,14325,5
39433,41106,5
12979,14227,5
449,445,5
50051,17988,5
39436,39435,5
8592,8582,5
12885,13640,5
4963,21210,5
18401,4963,5
38780,17223,5
7692,43577,5
1243,38780,5
43577,8437,5
10819,10822,5
43027,34869,5
38965,51959,5
21210,44547,5
10822,10806,5
10806,10891,5
1038,1216,5
44547,43145,5
44541,44546,5
39457,39467,5
40685,38738,5
39450,39461,5
9126,9123,5
39451,39450,5
24371,22280,5
37233,17234,5
39452,39451,5
37240,37233,5
34800,44934,5
34405,34407,5
37223,37240,5
9123,9249,5
9249,9124,5
40443,40445,5
5623,18953,5
4517,18401,5
10891,25815,5
25815,42691,5
15970,16054,5
40448,39716,5
39963,46903,5
23445,23408,5
18441,748,5
29344,13274,5
13274,50473,5
50553,42740,5
23400,23129,5
1124,47973,5
10272,8942,5
34172,49390,5
45041,13318,5
49390,42213,5
28421,28419,5
43346,42821,5
46903,36802,5
12531,12542,5
39317,12531,5
23418,25421,5
33893,23418,5
729,22742,5
20080,20085,5
51778,22278,5
42312,51778,5
41702,35293,5
35385,35353,5
39466,39464,5
44575,8881,5
20019,20017,5
35181,5577,5
35183,35181,5
35293,35182,5
18953,42430,5
37242,37223,5
14936,14988,5
40881,48036,5
11307,8592,5
18415,51055,5
51055,35184,5
48436,36802,5
38779,1718,5
1718,38787,5
48026,48017,5
42661,27663,5
20811,35183,5
8356,8357,5
48017,46859,5
46859,27301,5
27815,42161,5
42161,28902,5
27891,27747,5
39447,27891,5
42690,10887,5
13641,12886,5
13060,13641,5
48439,42690,5
41978,20739,5
4504,41978,5
40859,19800,5
40861,40860,5
20275,40861,5
40863,20200,5
24663,48439,5
51921,13060,5
39445,39447,5
39435,39445,5
21960,21696,5
26873,26475,5
38787,1716,5
8059,34739,5
40193,40194,5
12549,12582,5
12582,39312,5
34976,8035,5
8366,48599,5
39168,41809,5
40809,16601,5
40194,40197,5
37039,27678,5
18150,18128,5
17294,44054,5
7666,7763,5
8451,15970,5
44054,1632,5
1632,37242,5
25163,41766,5
8059,51092,5
25165,38332,5
17352,3201,5
37675,13322,5
27306,43818,5
17988,17981,5
16049,25165,5
25154,16049,5
35937,35489,5
8448,8451,5
38781,1229,5
21851,10894,5
10894,11051,5
39187,38781,5
16941,39187,5
36802,27306,5
14227,50605,5
27222,27862,5
23133,25124,5
11001,11016,5
26975,27884,5
12229,42219,5
39441,27888,5
4404,4410,5
42218,12229,5
12275,42218,5
19299,19301,5
7088,7089,5
19296,19299,5
27841,39440,5
35461,7125,5
27638,51383,5
7125,7126,5
37174,40715,5
9029,9031,5
28619,28626,5
11060,10400,5
4402,4404,5
10847,41050,5
2337,38790,5
27636,39428,5
38189,38191,5
23217,16192,5
16192,16193,5
7087,7088,5
16193,16194,5
16194,16013,5
20254,4402,5
7086,7087,5
20220,7086,5
27884,28625,5
37801,885,5
26589,39138,5
34652,51149,5
26595,26589,5
26581,26595,5
26578,26582,5
28660,10798,5
28649,28660,5
25814,28649,5
28803,25814,5
26569,26578,5
26562,26569,5
4410,20295,5
28645,28803,5
25481,28645,5
27809,25481,5
18415,37174,5
48914,27399,5
38186,38189,5
10633,10825,5
12291,42231,5
10912,10827,5
27031,37039,5
4122,4895,5
39570,27867,5
27888,39547,5
51197,20952,5
6210,38185,5
884,37802,5
25099,42632,5
12040,27665,5
38185,38186,5
42219,12430,5
6629,6630,5
39646,27636,5
35191,20806,5
18090,50459,5
20350,51051,5
15491,33894,5
38191,39304,5
39304,38193,5
2478,2659,5
13062,14595,5
51051,51052,5
51052,18329,5
38193,38195,5
47900,45019,5
38195,19373,5
27560,48345,5
40953,20550,5
17918,17902,5
48345,27561,5
17882,6628,5
19373,19372,5
27561,27548,5
13056,14339,5
27548,27547,5
14751,38927,5
19447,20087,5
684,15115,5
37017,24873,5
14885,37017,5
23054,24713,5
49198,14885,5
25467,47901,5
27799,39936,5
50455,18098,5
21635,50266,5
35190,20812,5
21495,24184,5
23543,21692,5
11080,51199,5
6414,17882,5
42903,37026,5
34539,34530,5
7127,7129,5
7130,7131,5
7131,7133,5
17522,7728,5
17521,17522,5
13717,45040,5
16663,37149,5
28639,27663,5
37039,28625,5
792,16663,5
27905,47834,5
39645,27628,5
20806,20092,5
20092,51050,5
51050,35190,5
18128,18097,5
40178,17517,5
37027,50871,5
23408,11080,5
28519,28539,5
23438,25419,5
51201,51207,5
51207,51206,5
23461,23438,5
33894,23470,5
10825,10893,5
24748,874,5
50060,18687,5
1716,1726,5
24131,22434,5
24123,24127,5
29679,29415,5
18334,18759,5
45029,35300,5
37364,37366,5
985,24246,5
6481,7231,5
18759,7275,5
42468,22858,5
21474,22966,5
51231,20976,5
5103,5104,5
534,662,5
43111,18327,5
1726,38788,5
18327,40715,5
21280,39972,5
42629,25068,5
20252,4281,5
51574,4447,5
38788,38794,5
43559,43557,5
17966,18116,5
38794,1725,5
43558,51422,5
35353,35395,5
43556,43558,5
43557,43556,5
35353,35385,5
35529,50060,5
35386,35353,5
20409,36134,5
5105,35386,5
21695,16288,5
5104,5105,5
35395,35352,5
28538,28586,5
7281,18334,5
21678,24756,5
16850,15558,5
5774,7059,5
7231,7232,5
14901,40662,5
28991,49068,5
26581,26566,5
26637,48740,5
48740,26596,5
26590,39136,5
6220,51201,5
37039,39564,5
38789,1718,5
28477,27661,5
39136,26594,5
42630,42629,5
26594,26582,5
28589,39769,5
10802,10799,5
19973,4414,5
10799,10798,5
28586,26630,5
28990,28991,5
17634,17724,5
10893,10821,5
23136,24720,5
37292,37338,5
27867,39541,5
7058,5774,5
50482,39444,5
26566,26562,5
39443,26852,5
42632,42630,5
16363,25267,5
10813,10803,5
39431,27310,5
10814,10813,5
26570,28520,4
38253,4462,4
42640,25130,4
15714,25088,4
25088,42636,4
17303,4222,4
42636,42638,4
51391,26906,4
26537,28521,4
11081,34652,4
42638,42640,4
3122,17353,4
701,43258,4
7176,7177,4
21457,8603,4
28521,26507,4
26545,26537,4
37316,42419,4
8603,8604,4
4682,4689,4
21456,21457,4
27904,49414,4
25067,42634,4
42634,15714,4
22235,14710,4
41706,39234,4
21558,21442,4
11880,50399,4
21447,14965,4
4462,20256,4
4446,51573,4
8609,8978,4
51573,20251,4
26494,28524,4
26507,28522,4
21455,21456,4
4681,4682,4
40864,41710,4
2457,2458,4
18224,18233,4
4888,2392,4
28572,28239,4
49414,22315,4
25482,27522,4
17353,3291,4
34509,42301,4
23221,17303,4
51932,37138,4
27196,25482,4
19494,20480,4
29450,14077,4
3687,2448,4
41105,42401,4
16298,25208,4
17867,17839,4
17891,41064,4
4438,7173,4
17839,6478,4
17893,17891,4
3688,2449,4
8956,8926,4
11070,36771,4
42401,42403,4
16328,25210,4
37308,37316,4
34445,34441,4
2455,3688,4
39804,41030,4
39236,37142,4
42646,15788,4
37314,37308,4
15821,25121,4
25208,16347,4
2450,3687,4
27804,21851,4
2448,2454,4
4777,4653,4
2454,2711,4
37133,41704,4
39149,5518,4
7444,35683,4
4679,4680,4
8956,52020,4
29406,15224,4
52020,8926,4
11387,9209,4
39234,39235,4
39235,39236,4
2449,2457,4
17747,40756,4
11160,751,4
37142,37141,4
43125,5666,4
25940,25942,4
27790,25940,4
2647,2456,4
38371,39805,4
38372,38371,4
2459,2647,4
2458,2459,4
17192,2157,4
21972,21730,4
4680,4681,4
8978,8611,4
729,50738,4
16163,16249,4
44055,8219,4
3121,3122,4
4888,4882,4
38969,39804,4
14348,51149,4
2157,3510,4
3510,2455,4
37138,37137,4
43760,42646,4
42648,43760,4
2456,2450,4
51580,16088,4
10743,8669,4
34805,34412,4
34411,34348,4
8831,10743,4
37141,51932,4
729,11161,4
50738,750,4
16087,13178,4
40699,42648,4
21454,21455,4
40077,40079,4
6997,7176,4
21462,21463,4
46984,35384,4
49470,46984,4
20698,20328,4
35314,20698,4
48767,46514,4
35340,48767,4
46399,47163,4
14809,43772,4
43772,21462,4
35340,47145,4
21463,21465,4
4218,35382,4
17457,35659,4
17572,47163,4
44343,18960,4
28325,26493,4
28324,28325,4
21291,4220,4
43914,40306,4
4446,38114,4
35659,35661,4
43918,43917,4
35384,4218,4
20492,21296,4
19449,20069,4
46517,47291,4
23102,14826,4
48764,49025,4
27865,38944,4
27583,27572,4
27841,27660,4
12750,27237,4
50940,44568,4
47907,13204,4
16432,16465,4
47291,49470,4
13246,28598,4
14826,14809,4
35344,46517,4
13362,13019,4
12945,13362,4
42869,13060,4
49025,28234,4
21307,35344,4
20492,21307,4
21295,35382,4
35345,21295,4
21296,20917,4
38253,20256,4
21465,21466,4
6430,6592,4
6909,6908,4
3916,1249,4
2345,3923,4
35663,2742,4
22091,16909,4
19455,18786,4
19010,50955,4
41901,12239,4
19958,19010,4
20030,19958,4
48282,492,4
25303,16614,4
35661,35663,4
38312,38311,4
43644,38312,4
12975,42877,4
16037,43644,4
34158,19529,4
5592,35474,4
20364,20030,4
40581,42507,4
42507,40581,4
17841,17846,4
19004,20382,4
21597,16896,4
21466,21351,4
18993,18983,4
4435,19449,4
7166,4426,4
4414,7166,4
5981,4229,4
21351,21468,4
18992,5981,4
18991,18992,4
4344,41696,4
17834,17839,4
21468,43772,4
4347,20042,4
20874,35343,4
20382,19773,4
39237,41708,4
17735,40756,4
43158,19457,4
43772,15338,4
35701,23543,4
35343,20874,4
20874,17675,4
21304,20873,4
20873,20874,4
18085,18041,4
49021,48764,4
49040,49021,4
20740,42405,4
18918,20917,4
9048,4936,4
25159,15996,4
15995,16043,4
42301,34367,4
16087,14600,4
7619,36927,4
41599,7619,4
11178,41599,4
48277,48809,4
7910,8614,4
49177,37570,4
18416,18389,4
6463,6392,4
17790,6463,4
44576,39294,4
8049,7873,4
6589,17790,4
39294,8781,4
11343,8870,4
8871,40685,4
17761,17834,4
20917,7562,4
48434,49177,4
36491,13268,4
874,37802,4
41541,40077,4
26431,41541,4
26432,26431,4
25791,26432,4
25788,25791,4
50523,16521,4
50527,50523,4
44683,50527,4
50852,44683,4
750,50852,4
866,874,4
51565,48434,4
16720,866,4
16525,15998,4
50584,9048,4
40079,40081,4
49174,49178,4
40081,26428,4
49178,49175,4
49175,49073,4
26428,26677,4
49073,51565,4
5933,18189,4
18189,6598,4
39149,42193,4
4840,21117,4
28536,49714,4
27714,28536,4
27834,27714,4
42025,5674,4
48189,9056,4
5675,42027,4
27905,49414,4
48143,17623,4
19606,5676,4
41639,18116,4
21117,19391,4
18218,18241,4
8644,8641,4
7444,8667,4
47956,14811,4
18964,41803,4
10263,9820,4
49063,49035,4
11576,11739,4
2105,2090,4
2090,2103,4
49035,49040,4
28979,27782,4
27782,27783,4
5284,5652,4
27783,27776,4
5674,5276,4
18241,40587,4
7254,17811,4
16491,42405,4
5094,4542,4
20779,4558,4
4973,20779,4
20800,18357,4
41718,4972,4
13056,14549,4
13640,13056,4
4790,20370,4
4634,41718,4
7444,10225,4
8826,8827,4
8675,8824,4
17756,7254,4
48809,49045,4
19802,5301,4
8639,8839,4
49045,49063,4
17871,6591,4
6436,18048,4
26779,27498,4
2316,35662,4
12342,28294,4
4162,18368,4
10730,9866,4
10224,9863,4
37716,44016,4
51574,38114,4
6931,2777,4
6930,6931,4
4694,4695,4
51577,5217,4
6929,6930,4
29243,16349,4
16010,16011,4
35662,35664,4
14609,16010,4
17015,6929,4
34121,14609,4
24627,34120,4
28977,51808,4
51808,16138,4
24765,24627,4
34123,34029,4
28294,29243,4
16349,25252,4
15572,15573,4
9209,11390,4
48103,2392,4
19922,6962,4
6962,20675,4
6956,3053,4
9048,42405,4
12356,49812,4
17839,6474,4
43602,41063,4
16021,16022,4
11665,11671,4
11671,11672,4
25252,24507,4
11672,10731,4
10731,9853,4
16249,16251,4
25963,34324,4
18655,42055,4
4695,4696,4
34324,34325,4
9853,11673,4
11490,10730,4
24507,48342,4
25059,33998,4
15571,15572,4
18048,18100,4
7178,18796,4
5226,4305,4
47851,4659,4
34429,34540,4
47851,4957,4
757,34232,4
34431,24434,4
38549,3451,4
4947,4800,4
4753,4947,4
34539,34657,4
5082,4753,4
16155,16019,4
38550,38549,4
24864,24371,4
18801,18802,4
18802,6997,4
4689,4690,4
22042,50801,4
20856,19523,4
41766,24411,4
50802,9046,4
41063,17893,4
50260,14600,4
35660,17458,4
5217,39983,4
1492,1500,4
15753,16427,4
35664,35660,4
37338,37292,4
42418,37336,4
42419,42418,4
9031,10591,4
9027,9029,4
9025,9027,4
35694,24201,4
1500,17242,4
1498,1492,4
3451,3449,4
34509,23129,4
1560,1498,4
1575,1560,4
18795,7178,4
48817,35720,4
4025,1575,4
41493,44804,4
25950,29003,4
21960,26403,4
2776,17015,4
25419,23400,4
23400,41132,4
4696,4697,4
37597,13268,4
11667,11666,4
11666,11665,4
4108,4111,4
4104,4105,4
4116,4104,4
4103,4116,4
35871,4103,4
4109,4112,4
4738,40887,4
42840,4109,4
40886,4797,4
13915,13060,4
44684,50851,4
50525,44684,4
50526,50525,4
50524,50526,4
50522,50524,4
35320,50522,4
25301,35320,4
25324,25301,4
15414,15872,4
4797,4895,4
9862,11667,4
9860,9862,4
23400,15897,4
24398,24394,4
18100,18083,4
18083,6438,4
6636,6450,4
6450,7204,4
7204,6451,4
6451,18243,4
47406,13354,4
18243,6452,4
6453,7250,4
47919,25553,4
24394,50605,4
11490,9860,4
3956,1314,4
3900,2765,4
26403,12044,4
9867,9864,4
9864,11224,4
11224,9856,4
9856,9857,4
9857,9858,4
9858,11673,4
4948,4949,4
4918,4894,4
9196,9141,4
36805,12718,4
19599,4754,4
38318,38316,4
25163,38324,4
5339,5340,4
37372,37376,4
17963,6483,4
5310,5339,4
40584,42507,4
25319,16050,4
16523,25324,4
12504,12247,4
20409,19598,4
18703,47766,4
20695,20637,4
11390,11391,4
5044,35379,4
19672,5309,4
15414,14600,4
47894,21589,4
40530,643,4
22264,16092,4
40755,17738,4
41707,41706,4
38316,16039,4
2633,16972,4
27714,7562,4
11391,9196,4
569,35115,4
12719,36803,4
570,569,4
4697,4516,4
19740,19758,4
19758,18970,4
18970,19963,4
19963,18969,4
5982,20177,4
20180,19635,4
35118,41723,4
41723,19969,4
18724,41803,4
6873,6872,4
41286,41285,4
21744,22105,4
18773,6981,4
6874,18773,4
6878,18772,4
41708,41707,4
41285,41283,4
8219,7728,4
42878,13354,4
5665,43125,4
6456,6423,4
6443,6431,4
27450,12005,4
12005,41613,4
41613,38981,4
1727,1722,4
1722,2689,4
2689,3521,4
38981,27476,4
50202,6452,4
44137,20258,4
20258,40620,4
6054,6056,4
18281,50202,4
6056,4197,4
42491,24239,4
24420,918,4
3368,3825,4
5934,6456,4
6426,6635,4
2337,1725,4
50537,22914,4
794,22282,4
14839,37114,4
22865,15922,4
47963,14751,4
22912,794,4
698,22912,4
38284,36040,4
2606,36030,4
22556,15207,4
34579,34577,4
34577,36086,4
36086,34565,4
34565,8152,4
8152,34562,4
6420,17840,4
17872,17845,4
6635,17884,4
3825,2337,4
16937,3021,4
25720,25946,4
427,424,4
409,405,4
411,50133,4
50133,414,4
414,721,4
39115,417,4
417,39095,4
715,453,4
453,451,4
21924,21925,4
21925,21927,4
21927,15973,4
19168,39696,4
17601,4182,4
15973,15974,4
15974,21928,4
4181,20829,4
20604,4181,4
797,264,4
409,406,4
3021,49677,4
39105,14757,4
8874,8875,4
8875,8879,4
47979,24404,4
36943,7768,4
4207,21222,4
21222,50869,4
14665,36905,4
22527,23325,4
265,35170,4
18277,18282,4
18278,18277,4
22854,16651,4
49662,16945,4
16651,24761,4
600,42546,4
35290,248,4
50107,39105,4
37114,48417,4
25723,25717,4
47890,41828,4
26604,27692,4
27530,50680,4
27690,27689,4
18043,18050,4
18050,18071,4
18071,6447,4
6447,6448,4
6448,6449,4
41782,22182,4
22066,21589,4
48522,28804,4
48418,24467,4
37366,37364,4
42990,3994,4
3994,42992,4
42992,17493,4
1187,1213,4
1213,1231,4
27525,43031,4
44147,25854,4
44052,44024,4
50019,1688,4
4221,5706,4
34298,17748,4
6692,37172,4
35554,37172,4
26574,12327,4
25940,26574,4
19284,19349,4
17575,17610,4
26087,28674,4
28674,26046,4
13246,15988,4
20273,44825,4
38615,20070,4
27848,27654,4
27579,26538,4
25859,28614,4
27375,25859,4
50558,42908,4
44024,44059,4
26017,25723,4
48307,48310,4
15949,22282,4
48306,48307,4
48868,48306,4
22282,50539,4
48304,48868,4
50505,793,4
22872,751,4
16650,41132,4
25953,25749,4
25749,25954,4
25954,25955,4
25955,51210,4
51209,25730,4
25732,25961,4
25961,25725,4
25725,34316,4
34316,26017,4
39842,15949,4
48310,48312,4
44036,44060,4
16655,21919,4
44752,48418,4
16302,25279,4
21270,34304,4
17993,4227,4
18859,6564,4
6573,18860,4
18925,17983,4
37002,40803,4
39699,48303,4
48326,20927,4
48324,48326,4
48322,48324,4
48320,48322,4
48319,48320,4
6461,38918,4
48314,48316,4
48312,48314,4
4181,20920,4
6387,37465,4
37465,5710,4
27927,28642,4
34630,34450,4
39567,42661,4
51622,34495,4
7091,6708,4
7090,7091,4
42301,43382,4
16629,42301,4
41750,41756,4
41757,41750,4
5024,4983,4
39178,41757,4
23288,39180,4
34117,23596,4
16574,24708,4
15683,34117,4
23711,16573,4
16592,16535,4
6360,4503,4
43381,42301,4
16580,16579,4
27064,27927,4
21184,4500,4
21137,21145,4
3668,4171,4
20210,19909,4
7136,20210,4
4182,7136,4
34810,34800,4
16004,50739,4
8146,7717,4
7820,7717,4
4802,5814,4
5072,38764,4
4470,4922,4
4957,5165,4
4573,4957,4
14348,5020,4
261,636,4
16579,16594,4
5050,4884,4
14497,22235,4
21490,21491,4
21493,24183,4
21320,21646,4
41834,41831,4
41835,41834,4
41833,41835,4
41832,41833,4
41830,41832,4
41826,15989,4
41815,41826,4
41824,41815,4
41817,41824,4
41818,41817,4
41821,41818,4
41823,41821,4
41813,41823,4
41804,41813,4
41819,41804,4
21491,21493,4
50263,21490,4
4884,4869,4
22329,50263,4
4869,4876,4
4549,48181,4
35285,15606,4
15623,35285,4
21682,21685,4
4854,48054,4
7089,7090,4
35173,15795,4
34005,35173,4
17120,1798,4
22805,21679,4
21676,24736,4
16375,15881,4
23436,23447,4
23460,22046,4
15884,23429,4
21634,22329,4
18452,21184,4
43144,18452,4
44547,44544,4
27729,27727,4
20508,20484,4
20484,17050,4
12064,26495,4
27727,27734,4
3601,39927,4
35815,35632,4
26495,26507,4
26507,28540,4
28540,28520,4
43385,20718,4
20718,7157,4
26545,28541,4
3401,3399,4
1678,3401,4
3400,1678,4
3397,3400,4
3396,3397,4
3950,2391,4
26941,27729,4
21295,20971,4
7175,43385,4
7503,7652,4
7638,7518,4
22241,35041,4
16871,16872,4
16872,40659,4
40659,40655,4
40655,40657,4
40657,40660,4
40660,15535,4
15535,15536,4
15536,15537,4
15537,15745,4
15571,34326,4
34326,16156,4
16156,16157,4
11080,41168,4
43880,36925,4
3630,3277,4
1326,3396,4
3726,3630,4
43028,8016,4
8580,46720,4
9841,38819,4
9845,11378,4
11378,11376,4
11376,11373,4
11373,38823,4
38823,38825,4
38825,11426,4
42023,28206,4
26700,42023,4
13354,29475,4
25654,25828,4
28466,28924,4
19909,19910,4
2813,3054,4
20521,20522,4
20522,20132,4
8578,8580,4
8575,8578,4
8573,8575,4
49800,7294,4
15233,29401,4
16977,1636,4
51258,3521,4
27733,27736,4
27736,27655,4
27655,27839,4
22110,49800,4
7910,50399,4
8586,8588,4
2563,3521,4
29475,22235,4
16592,41211,4
41211,41207,4
41207,41206,4
41206,16540,4
11309,8586,4
5706,5708,4
18758,18321,4
44025,20792,4
412,39105,4
409,14757,4
7245,6490,4
52018,12226,4
49170,21629,4
26155,27424,4
27424,26136,4
26874,26715,4
47906,324,4
23682,23681,4
22265,24982,4
39673,6608,4
39675,39673,4
919,24419,4
6607,39675,4
14612,14607,4
29450,14166,4
4136,4138,4
39105,407,4
5933,18174,4
17791,6459,4
14771,421,4
23217,24826,4
21678,16186,4
25716,25717,4
24726,24184,4
25097,7562,4
15792,15703,4
16219,15884,4
15834,16218,4
21669,15802,4
24393,24397,4
16183,15796,4
21778,7562,4
25399,21778,4
25715,25716,4
25689,25715,4
20479,6465,4
421,455,4
37195,17791,4
6460,38918,4
18129,49349,4
17054,3705,4
17081,17089,4
17062,17081,4
17093,17062,4
49339,6608,4
11022,11275,4
10986,10999,4
49349,49339,4
2934,17093,4
2930,17100,4
36993,15938,4
15938,15940,4
15940,15183,4
22386,38303,4
42064,23593,4
23582,15922,4
17107,17104,4
48342,24928,4
17089,17054,4
3705,4089,4
38919,17838,4
4091,37236,4
26715,40444,4
38758,18778,4
21754,36909,4
21769,21753,4
18778,38756,4
21762,16673,4
16670,21757,4
21628,49171,4
22068,21627,4
38755,20489,4
20520,38757,4
21676,35288,4
35288,24736,4
16807,15625,4
21743,22067,4
36861,8177,4
34849,36861,4
22516,7562,4
8464,24711,4
35504,35474,4
28509,12802,4
48283,598,4
35531,39967,4
35561,35529,4
1583,2899,4
2898,1617,4
35545,35561,4
35528,35545,4
35542,35528,4
5498,18691,4
21111,18413,4
2846,3050,4
3699,3998,4
13136,42877,4
25732,25741,4
25744,25746,4
6878,6882,4
6877,6878,4
485,487,4
8755,49466,4
47844,12100,4
9362,9352,4
28360,28438,4
44061,50557,4
42902,44038,4
39830,42902,4
50558,39830,4
34838,8219,4
37338,37298,4
10264,9658,4
9362,8755,4
48447,8844,4
9476,48447,4
28407,28401,4
34443,34510,4
34509,34656,4
46616,34546,4
9362,10775,4
10370,8799,4
6874,6879,4
18775,18772,4
6873,18775,4
43246,6981,4
5264,5259,4
5263,5264,4
28114,9046,4
25848,25849,4
39922,5263,4
25725,25848,4
25724,25725,4
25721,25724,4
25720,25721,4
34345,23129,4
34729,43577,4
43577,34735,4
34741,7692,4
15575,15577,4
15573,15575,4
27842,27689,4
12100,12504,4
5259,5258,4
5258,6338,4
6388,5256,4
27704,39215,4
18689,18749,4
6869,18657,4
18087,6869,4
18777,18087,4
25746,28616,4
28616,25749,4
25749,12326,4
43460,1279,4
5256,5254,4
27849,26409,4
25729,25730,4
25728,25729,4
25849,25728,4
11940,12063,4
5252,5636,4
5254,5252,4
16964,17115,4
21752,21738,4
18365,44342,4
4816,4758,4
39872,4813,4
39867,39872,4
39875,39867,4
27499,28217,4
26810,26826,4
26421,27859,4
16349,25209,4
11234,11239,4
16110,16297,4
27730,27690,4
17706,20900,4
5269,5271,4
19139,20894,4
25240,16329,4
16329,15594,4
5272,5274,4
6290,19047,4
4813,4816,4
4758,4698,4
18959,20698,4
4698,4785,4
18996,19938,4
43054,18788,4
19940,20048,4
20309,19940,4
20310,20309,4
19961,20310,4
18994,19961,4
18911,43054,4
35365,4202,4
6102,18994,4
21299,6102,4
19957,21299,4
18940,19957,4
47859,5266,4
5266,5269,4
41481,41482,4
4789,4890,4
20698,6290,4
20320,18959,4
26178,28671,4
2607,16698,4
16929,1203,4
5318,21271,4
11070,48465,4
8905,11060,4
14209,743,4
14104,29340,4
5313,5315,4
13179,13232,4
51529,13179,4
5709,5714,4
7417,7393,4
7061,21177,4
20100,7061,4
21280,20100,4
28804,42456,4
7058,7059,4
41672,18121,4
1566,1584,4
16698,15206,4
5544,5565,4
3847,2378,4
1447,1449,4
20349,20373,4
19850,19852,4
50164,19849,4
15594,16199,4
20488,20720,4
5534,18957,4
22528,15925,4
51336,20892,4
15929,22528,4
15947,50539,4
15150,698,4
2771,3868,4
4224,40343,4
34298,4225,4
4219,34304,4
21271,4219,4
15428,22034,4
22034,39278,4
19936,20363,4
21851,10236,4
40976,35594,4
18077,43679,4
7245,18189,4
16159,47890,4
24713,22254,4
1624,36031,4
41783,22136,4
23351,15565,4
42121,20739,4
43126,262,4
265,40899,4
15150,15171,4
24969,15172,4
15183,15171,4
24969,691,4
691,15168,4
257,260,4
48085,11032,4
12800,28308,4
41474,41478,4
28399,28406,4
27654,27591,4
51997,42412,4
29243,12975,4
42412,29243,4
25404,23208,4
7559,25404,4
26415,27654,4
6623,18072,4
39261,34412,4
34417,34806,4
18022,18034,4
39133,12408,4
37804,46420,4
866,34146,4
34146,42036,4
34649,34668,4
28419,28509,4
17950,7232,4
43434,10840,4
43801,41162,4
9681,10647,4
35685,8905,4
8905,8899,4
20255,20322,4
14812,14806,4
14806,14817,4
14817,24906,4
24906,14797,4
14797,14782,4
14782,14778,4
14778,14776,4
14776,14779,4
14779,14765,4
35464,47851,4
6254,42431,4
41480,4736,4
41477,41480,4
41478,41477,4
14823,14812,4
14852,14823,4
14866,14854,4
385,662,4
50477,12019,4
14850,16691,4
14854,24913,4
24913,14970,4
24914,24908,4
24908,24909,4
24909,24910,4
24910,24911,4
20572,20426,4
24911,39,4
39,14914,4
24948,24912,4
24912,14866,4
6019,35364,4
18972,6019,4
19571,18913,4
23534,41819,4
48316,48319,4
18758,7255,4
15725,15726,4
15726,15727,4
7227,17747,4
15727,15728,4
15728,15729,4
15729,15730,4
20020,4366,4
604,438,4
16720,868,4
15730,15731,4
15731,15732,4
15732,15733,4
15733,15734,4
15734,15735,4
15735,15583,4
16438,16439,4
40755,17737,4
38725,15725,4
15193,50777,4
15181,15189,4
5928,40328,4
7048,7049,4
5920,5928,4
5922,5920,4
8465,35041,4
7049,50006,4
17206,16972,4
19575,46568,4
21218,17639,4
49485,20317,4
18662,21218,4
6151,18680,4
21073,6151,4
6462,17769,4
43302,38652,4
16439,16440,4
20410,4310,4
19315,18814,4
6337,20410,4
1641,1166,4
14819,49199,4
5232,42437,4
41570,41571,4
19831,4168,4
19842,19710,4
43113,41570,4
14281,29434,4
41572,43113,4
19937,20048,4
22062,23461,4
42011,42017,4
20166,42021,4
41578,41579,4
41577,41578,4
42872,27901,4
34260,4319,4
4319,5213,4
16442,16443,4
16440,16441,4
19954,6337,4
20019,19954,4
16441,16442,4
4312,20300,4
4315,4312,4
4322,4316,4
5213,4323,4
16443,16444,4
16444,16445,4
16445,16446,4
49199,14897,4
4323,4322,4
27901,26906,4
25391,15193,4
21294,40343,4
42007,20166,4
21744,34652,4
43125,5277,4
20280,19494,4
5276,43125,4
17880,5937,4
34431,34540,4
5937,6603,4
19833,21282,4
41171,10848,4
7035,6060,4
6603,5938,4
3887,2419,4
460,488,4
1799,38550,4
49770,17583,4
44926,43832,4
50147,19550,4
20043,18941,4
2414,3950,4
19985,20043,4
1680,1394,4
24247,23018,4
39232,49611,4
50577,48708,4
1460,1680,4
40283,20675,4
42514,29573,4
41133,24499,4
974,24980,4
14907,14919,4
486,484,4
29573,43895,4
25419,12884,4
42029,5278,4
5277,20037,4
43832,11080,4
5938,17911,4
49563,25404,4
19006,49788,4
47768,4634,4
17911,17915,4
25419,24201,4
24201,12979,4
15917,22531,4
14895,14837,4
48449,14973,4
15007,48449,4
42502,15007,4
20306,20020,4
43874,42502,4
44019,43874,4
46339,44019,4
41132,10776,4
17563,19576,4
4202,47177,4
19293,4171,4
493,598,4
38898,16098,4
21588,12962,4
14316,13230,4
474,472,4
27684,27682,4
4310,20017,4
6255,19006,4
21308,39993,4
50187,15831,4
14890,14945,4
47112,18971,4
13230,40636,4
34183,16093,4
499,501,4
501,14945,4
43093,41577,4
3916,39232,4
20288,42008,4
20754,49499,4
19962,21299,4
41556,41589,4
17721,17629,4
40858,35364,4
20752,20753,4
20753,20754,4
49499,49557,4
6721,18821,4
49557,51934,4
51934,51926,4
51926,49512,4
49512,49508,4
49508,20755,4
20755,6076,4
17799,42142,4
24182,24726,4
37416,48011,4
44763,21498,4
22234,593,4
19947,19949,4
15767,15768,4
39159,15770,4
15770,16081,4
21499,21700,4
5752,41585,4
24726,21495,4
19831,20380,4
41590,6285,4
21356,966,4
258,261,4
20358,18658,4
18650,20752,4
6076,34256,4
15819,15898,4
41592,41593,4
15589,34327,4
38919,17794,4
15177,3956,4
769,15151,4
5663,20037,4
42029,5664,4
15583,15589,4
2853,1916,4
35363,35368,4
34327,16018,4
16020,16021,4
3664,2528,4
16024,40661,4
15938,22386,4
41710,41221,4
21349,44792,4
21381,21382,4
20417,4370,4
4370,20481,4
20481,4373,4
15776,15837,4
20079,19952,4
1358,36914,4
17794,6459,4
21382,21430,4
21430,9046,4
6460,6462,4
38851,1373,4
1183,4011,4
19951,19953,4
35368,5096,4
21470,23897,4
29503,14165,4
161,21356,4
15771,15783,4
34541,51149,4
801,22180,4
16446,38725,4
21273,4368,4
37336,37322,4
15824,25121,4
7328,8056,4
37298,37338,4
25302,25305,4
7763,36814,4
7047,7044,4
18994,19962,4
7822,7665,4
25303,25302,4
25121,15565,4
20310,18994,4
14125,13051,4
18941,18945,4
4368,37509,4
37308,37314,4
20022,20310,4
50164,4176,4
17563,20501,4
29588,13054,4
37316,37308,4
42418,42419,4
37336,42418,4
3896,2039,4
19939,20022,4
2402,36133,4
42016,5627,4
34917,8322,4
14751,543,4
16032,23418,4
3611,3896,4
18958,3956,4
18996,19939,4
25313,25314,4
21701,21470,4
13358,14564,4
2039,2031,4
25316,25317,4
25317,25318,4
7334,7328,4
8322,35846,4
24884,24885,3
50589,4364,3
48881,15505,3
19943,20051,3
35117,5880,3
49366,44016,3
20051,20052,3
10484,10727,3
15239,24884,3
16431,16079,3
18227,38169,3
15505,15873,3
43854,34792,3
16462,14600,3
34612,34575,3
20204,20206,3
16149,16471,3
1587,1602,3
28794,28784,3
20052,19945,3
20206,4391,3
41487,35177,3
4391,4395,3
20093,4394,3
28470,28234,3
16080,41487,3
4394,20366,3
15843,40699,3
16471,16461,3
18279,50925,3
18177,18861,3
20366,4274,3
48615,48881,3
44151,37776,3
4868,20246,3
15241,24886,3
24885,15241,3
14603,24413,3
16032,15829,3
35551,35552,3
4894,4877,3
29373,14111,3
38169,18210,3
47920,24404,3
25154,41766,3
22092,15828,3
24413,24430,3
50925,18278,3
18282,18279,3
16337,50,3
50,35515,3
20246,20245,3
23408,23351,3
42406,19455,3
4001,42406,3
7197,47810,3
21505,16189,3
37776,28285,3
35515,49,3
35552,35553,3
18362,18395,3
22254,22133,3
41599,22136,3
19945,19445,3
14111,13052,3
9547,9898,3
19997,20216,3
42454,5641,3
4658,42454,3
4626,4946,3
20245,4726,3
22133,24711,3
39974,7063,3
11143,48498,3
44016,15879,3
18058,18082,3
4725,20740,3
42184,23351,3
23351,21998,3
21998,15829,3
10767,10632,3
10632,11702,3
14819,14843,3
18082,18099,3
13177,13083,3
19910,19909,3
20193,18041,3
13216,13177,3
13197,13216,3
39282,23300,3
41464,39282,3
23784,41464,3
7596,7595,3
7595,48599,3
25155,25154,3
34076,48342,3
14856,14840,3
50804,49677,3
38122,26687,3
26709,26640,3
26640,12035,3
12035,26596,3
26590,39137,3
29434,14378,3
39137,43674,3
27870,27660,3
14293,14281,3
36031,2606,3
43674,43672,3
43672,43670,3
43670,43669,3
43669,43667,3
43667,43665,3
43665,43678,3
18819,18818,3
636,22235,3
7721,23784,3
8025,34853,3
12043,7562,3
14851,14850,3
42495,28028,3
28028,27791,3
27791,27057,3
27057,27316,3
27316,28687,3
28687,27946,3
27071,11932,3
51694,4406,3
4406,4407,3
19324,19325,3
20412,4408,3
4408,20295,3
24914,14851,3
8704,9046,3
9553,8468,3
19973,4415,3
48400,1517,3
7070,7075,3
29681,13126,3
1510,48400,3
29349,29681,3
12042,38975,3
1098,50804,3
1645,1098,3
1072,1068,3
1061,1072,3
24854,24371,3
36000,1061,3
40915,36000,3
43348,40915,3
46662,43348,3
3216,46662,3
43513,44101,3
4134,43513,3
24886,15240,3
1090,3216,3
15240,25389,3
26685,38378,3
27690,27778,3
41249,42691,3
24983,24865,3
9900,9339,3
10890,10893,3
10893,10805,3
20648,17907,3
21851,11051,3
14149,14186,3
11052,16289,3
10805,10823,3
11131,37273,3
19909,20210,3
39074,11131,3
11262,39074,3
10880,10393,3
24865,15121,3
15121,15122,3
43491,39070,3
15564,21987,3
37338,37332,3
10892,10890,3
10887,10892,3
10888,10887,3
10889,10888,3
42691,25726,3
25726,608,3
28183,44785,3
44785,27215,3
49414,25949,3
25950,44786,3
44786,41605,3
41605,25864,3
24663,25726,3
25726,42690,3
42690,28661,3
41249,10889,3
25191,15838,3
25124,15876,3
26486,26490,3
26490,28324,3
26493,26494,3
37388,41293,3
633,21482,3
22891,633,3
14378,40799,3
39818,39822,3
39828,39830,3
4133,16930,3
16930,38617,3
1422,1388,3
17228,1411,3
48297,17447,3
20313,17668,3
20210,20313,3
2638,1168,3
1669,1109,3
254,203,3
9,14,3
14,15,3
15,16,3
16,22773,3
22773,10,3
10935,41665,3
10826,10935,3
15118,51653,3
41133,21672,3
51653,15071,3
15070,14994,3
15014,695,3
266,494,3
494,24939,3
14936,14901,3
40662,37112,3
21478,21480,3
24185,50266,3
26643,26625,3
26650,26647,3
4573,4509,3
21427,641,3
641,35711,3
35711,22101,3
22101,41132,3
12570,43645,3
24883,15239,3
185,23076,3
15238,24883,3
4315,4313,3
25033,24628,3
24628,17,3
4297,4300,3
50260,34217,3
29243,12408,3
15424,39807,3
15179,50591,3
27864,27849,3
39779,27864,3
26559,26552,3
26552,27911,3
26520,27858,3
26536,48300,3
8094,8614,3
4313,4297,3
16751,22849,3
23875,22360,3
22964,25360,3
15082,15081,3
27004,27206,3
4274,4398,3
37322,37336,3
27002,27004,3
27803,27002,3
4398,4395,3
5636,5716,3
24668,15625,3
4303,5631,3
4301,4303,3
28323,28324,3
4300,4301,3
25335,23776,3
23776,24668,3
27851,49624,3
36134,19456,3
15237,15238,3
26421,27851,3
41062,41061,3
44547,44543,3
44542,43142,3
39489,26427,3
16675,16677,3
39182,33893,3
16540,16545,3
16594,16540,3
27791,28115,3
28115,27896,3
43678,43664,3
27896,28685,3
15102,15100,3
15193,15189,3
50779,15193,3
21195,21210,3
24838,34096,3
39877,18128,3
17710,17735,3
19456,3489,3
18321,7255,3
34260,4316,3
37149,15921,3
792,37149,3
20878,20792,3
24757,16186,3
18128,50459,3
18549,18561,3
15591,15858,3
50187,15591,3
15100,15082,3
43602,41062,3
50455,18097,3
27206,27204,3
37172,39957,3
27204,42728,3
42728,28114,3
7271,18356,3
18332,7271,3
7281,18332,3
7273,7278,3
18328,7273,3
43111,18328,3
18375,7275,3
40717,18375,3
20624,20300,3
44967,19932,3
50606,9609,3
9505,8131,3
7905,7907,3
7805,8415,3
27747,41644,3
18356,41472,3
27298,28600,3
27700,27278,3
35317,8503,3
20222,20202,3
6483,17981,3
5013,49976,3
5072,5013,3
4477,4527,3
47887,4957,3
34444,34443,3
27654,27700,3
3208,3201,3
34509,44164,3
27822,27825,3
44199,26557,3
26557,26419,3
26419,27654,3
8183,8184,3
18428,21195,3
4041,36127,3
37784,27011,3
47798,13322,3
39563,44662,3
27869,11933,3
39541,27869,3
27304,25481,3
27011,28113,3
34579,36086,3
26873,26502,3
34561,34564,3
34564,34507,3
34507,49395,3
8052,35004,3
35004,8213,3
8213,35006,3
26869,26870,3
9048,23543,3
36001,36003,3
4671,18428,3
1739,36080,3
36080,36037,3
49551,43866,3
43866,27322,3
49662,38658,3
38658,42987,3
27669,50508,3
37070,28728,3
43408,15132,3
15132,43409,3
43409,24983,3
6481,17963,3
25175,25191,3
28728,28765,3
50784,50779,3
28685,28608,3
49680,50784,3
49213,49812,3
14549,13591,3
21778,27901,3
305,326,3
326,23418,3
18365,20695,3
18690,18953,3
12289,12519,3
37510,35089,3
35089,35091,3
35091,35093,3
11095,11092,3
11081,11095,3
11085,11081,3
27911,44523,3
44523,39526,3
7173,37510,3
11094,11250,3
14166,14176,3
48638,38680,3
24823,43771,3
44926,22069,3
22069,16031,3
39532,27581,3
17972,20409,3
46232,9339,3
35965,23075,3
23185,41599,3
23075,111,3
48141,1296,3
179,185,3
19830,19978,3
4390,20291,3
29402,35170,3
39526,39600,3
39600,28802,3
26567,39581,3
20801,20802,3
34571,34612,3
15115,15148,3
27850,27654,3
27598,39497,3
47835,27479,3
6108,20801,3
20802,20803,3
34566,34571,3
20803,6065,3
6065,20804,3
20804,6115,3
6115,20784,3
15148,15157,3
15157,15237,3
48721,48766,3
34649,34566,3
39581,39580,3
10687,8936,3
7232,18022,3
39580,42248,3
11576,10707,3
15877,15688,3
48824,40814,3
15081,15079,3
7662,9062,3
6583,18227,3
15079,15115,3
27849,26415,3
27945,27849,3
12405,27945,3
22,23675,3
34128,23092,3
41059,5805,3
29110,49213,3
20740,14355,3
41060,41059,3
9501,9681,3
18401,4529,3
51748,49680,3
43875,51748,3
42500,43875,3
15010,42500,3
43673,43675,3
43675,43677,3
43677,39138,3
28538,26610,3
26610,26636,3
26642,26707,3
9053,8703,3
14977,15010,3
48449,14977,3
9681,11742,3
13067,13096,3
13232,13100,3
43668,43671,3
28608,27336,3
43664,43666,3
15105,15102,3
51393,4500,3
43666,43668,3
41947,2578,3
4500,18401,3
15037,777,3
10167,8947,3
24881,15105,3
684,24881,3
22368,23393,3
43671,43673,3
777,690,3
24898,48449,3
34128,23094,3
26899,35698,3
22265,24981,3
25948,29342,3
28439,28400,3
21615,966,3
21497,21499,3
20093,4393,3
4393,4390,3
885,873,3
27871,25940,3
41061,41057,3
38122,26686,3
41057,41054,3
41054,41060,3
290,277,3
241,714,3
35698,38378,3
27859,27888,3
23094,16290,3
307,304,3
8710,8796,3
9053,10281,3
10281,9896,3
12151,35948,3
44364,44357,3
38574,44366,3
326,510,3
16896,22091,3
510,509,3
21853,23543,3
29179,12145,3
29142,29179,3
29141,29142,3
36910,21513,3
4415,20002,3
47973,1109,3
19978,20025,3
44802,11396,3
11397,44746,3
23686,16491,3
38213,38215,3
9048,12408,3
29416,14416,3
45028,35306,3
35306,14474,3
49791,23543,3
24244,981,3
4191,19450,3
37639,26772,3
50751,37639,3
37640,50755,3
27792,27868,3
14227,24467,3
11396,11397,3
11465,44802,3
40586,50811,3
8618,11465,3
34833,8070,3
41862,8274,3
38204,38208,3
34539,51149,3
38208,38212,3
38212,38213,3
38715,40686,3
40686,8874,3
51148,34540,3
11302,8621,3
8621,8620,3
8620,8623,3
8623,8618,3
34431,34538,3
42884,13154,3
3266,23129,3
10634,10819,3
10970,10980,3
38812,11404,3
11404,38811,3
38811,11432,3
20372,5558,3
11432,38819,3
9845,9848,3
9848,11407,3
11407,11408,3
7028,49601,3
25550,16031,3
11408,11409,3
11409,38813,3
38813,11401,3
4298,4314,3
4314,50588,3
4317,34259,3
36041,38283,3
38814,38812,3
10832,10634,3
36079,2606,3
51422,26906,3
35681,38904,3
35680,10886,3
24363,24483,3
12193,43559,3
50758,50756,3
50753,50758,3
50754,50753,3
28559,50754,3
40556,42734,3
21556,47143,3
20604,17829,3
7138,7032,3
22567,38306,3
38808,38814,3
6003,19298,3
10980,11007,3
34257,19827,3
787,25297,3
12963,24208,3
14784,14798,3
18244,6454,3
18257,18244,3
6453,18257,3
14780,14784,3
14775,14780,3
24901,14775,3
14770,24901,3
11897,10114,3
14751,14770,3
6951,2813,3
35673,2666,3
37467,35673,3
37468,37467,3
16196,13361,3
748,787,3
17501,37469,3
4111,4130,3
27657,27721,3
27721,27730,3
17025,17136,3
2796,3456,3
14820,14863,3
40,14820,3
17137,3469,3
14816,40,3
14815,14816,3
24902,14815,3
14798,24902,3
17764,42903,3
43866,50384,3
28998,43866,3
47925,4505,3
37469,37468,3
37073,37074,3
11017,11006,3
12316,43645,3
34828,34827,3
34827,12549,3
12549,37777,3
36805,49809,3
42821,1559,3
37777,50103,3
50103,37779,3
37779,28217,3
11005,11016,3
10977,11005,3
10968,10977,3
10965,10968,3
10971,42559,3
10978,10971,3
11006,10978,3
43645,12317,3
4693,4687,3
2649,17501,3
34537,34232,3
2648,2649,3
3501,2648,3
4877,4867,3
2651,3501,3
37074,37075,3
4867,4495,3
4495,4692,3
16673,42062,3
49809,36803,3
4692,4693,3
7165,19998,3
37075,29190,3
37070,28744,3
34345,750,3
48060,44095,3
34259,34257,3
20082,20080,3
18040,18078,3
14348,29503,3
29479,13127,3
38143,6,3
15316,15314,3
14370,23098,3
23158,23072,3
23185,24713,3
22129,22203,3
22219,22213,3
22213,23068,3
15320,15316,3
15319,15320,3
15318,15319,3
15310,15318,3
41796,18833,3
41638,41796,3
13596,12833,3
14047,33862,3
37192,20091,3
41638,41786,3
51770,3706,3
2250,2880,3
303,327,3
831,24513,3
7050,7051,3
18662,7050,3
50245,41639,3
50242,50248,3
17991,50242,3
8365,7935,3
7935,51159,3
7559,42662,3
37192,20090,3
18834,7076,3
41786,18834,3
20091,41638,3
48504,12510,3
3517,3709,3
15604,24674,3
15837,23258,3
15309,15329,3
50247,44440,3
26555,26554,3
28651,49563,3
50246,50247,3
41784,50246,3
40193,40197,3
15293,15331,3
15376,15776,3
37188,7074,3
15330,15376,3
7074,7073,3
7073,39974,3
7075,20265,3
23258,15604,3
15772,15331,3
49685,12150,3
6021,7076,3
51998,12625,3
27912,26555,3
15308,15310,3
15307,15308,3
9356,8756,3
9553,9356,3
8851,9553,3
37676,13004,3
9446,9443,3
24695,24680,3
15293,15307,3
15330,15329,3
15315,15317,3
15317,15321,3
15321,15309,3
17476,51770,3
5294,5560,3
50777,656,3
37163,7223,3
18500,18538,3
18538,7223,3
48225,18538,3
22234,207,3
7822,7666,3
41117,43976,3
24458,14325,3
35948,29100,3
29100,29137,3
25323,25324,3
25322,25323,3
25321,25311,3
25320,25321,3
16882,25320,3
1534,40804,3
18538,37163,3
1522,17340,3
22190,22191,3
17340,1556,3
26707,26686,3
5557,20373,3
7034,7035,3
39003,5549,3
7613,8021,3
7594,7613,3
7626,7594,3
8053,7626,3
28106,21696,3
8052,8053,3
49531,27692,3
18500,18531,3
8019,7613,3
8021,8019,3
1556,1572,3
23028,22190,3
22191,23031,3
5560,4712,3
10356,8095,3
1457,18803,3
19342,6027,3
6027,20605,3
20605,5998,3
17240,17238,3
43247,17240,3
18804,19879,3
26687,26709,3
26570,28521,3
28521,28522,3
20695,18692,3
20408,20695,3
19597,20408,3
20370,19597,3
4227,7096,3
34431,51149,3
10402,8743,3
22192,23034,3
10097,10402,3
4049,1534,3
23034,23035,3
22188,22182,3
18365,18918,3
20151,50389,3
24116,23730,3
20219,19581,3
17238,1530,3
51148,34541,3
27667,27682,3
19581,41797,3
37274,11133,3
48475,37274,3
7130,7126,3
7134,7129,3
6454,7203,3
20202,20624,3
38933,36907,3
37630,17749,3
41633,18770,3
17801,17785,3
17875,17852,3
6590,17875,3
7444,7662,3
7039,7040,3
17785,6605,3
7253,6590,3
43929,43928,3
27000,27116,3
26999,29236,3
43930,43929,3
39427,27000,3
48364,43930,3
6602,7253,3
16525,16491,3
43925,48364,3
4880,4736,3
29236,39474,3
7038,7039,3
17753,37630,3
43927,43926,3
7662,51199,3
21435,21439,3
14842,21435,3
24958,14832,3
21441,14842,3
19374,47989,3
21672,21441,3
18779,42193,3
14987,14992,3
14832,14840,3
3868,3898,3
6391,17801,3
14975,14987,3
49250,11028,3
24898,14977,3
14977,43619,3
26996,26999,3
17801,41619,3
43818,26710,3
17967,7038,3
43926,43925,3
4510,4980,3
47975,1098,3
38755,20490,3
34084,23419,3
20490,38759,3
41985,41986,3
667,694,3
43619,15007,3
14973,14984,3
14984,24898,3
11136,11746,3
15024,15010,3
6605,17811,3
6589,17796,3
27839,26434,3
27749,27733,3
21696,12043,3
27734,27749,3
17796,6462,3
35680,11746,3
11746,10886,3
24328,34057,3
6462,17747,3
14863,14885,3
21715,23255,3
15015,14970,3
15179,43927,3
43920,39807,3
6638,6602,3
37633,43920,3
7040,7042,3
42019,42018,3
17880,6638,3
24948,14975,3
27875,28598,3
16537,16595,3
13199,50332,3
16536,16537,3
36907,37633,3
42405,41132,3
39280,38933,3
41987,41988,3
41984,41987,3
41986,41984,3
14885,14914,3
38659,14828,3
38758,19847,3
1173,1187,3
8465,8464,3
44696,22672,3
15005,24907,3
4425,4287,3
8734,48481,3
19818,18876,3
41133,8494,3
17735,17756,3
4421,4328,3
8494,8462,3
38658,47975,3
14992,15005,3
4328,19992,3
19992,19931,3
21439,21437,3
658,14895,3
35977,43155,3
19931,19929,3
37195,17761,3
657,658,3
1797,3891,3
47975,1170,3
729,741,3
5750,19598,3
7203,6450,3
13250,13252,3
4304,4302,3
15010,694,3
35481,17000,3
694,42500,3
42500,667,3
667,43875,3
43875,24962,3
4305,4304,3
24907,15015,3
44019,15156,3
655,51748,3
51748,656,3
37396,42286,3
4420,19980,3
42286,37396,3
19980,4431,3
4431,4432,3
1485,4122,3
19928,5580,3
8464,35975,3
34057,39280,3
27498,11990,3
669,666,3
27482,27518,3
27518,27526,3
27635,51382,3
47989,4179,3
27792,26996,3
42847,7061,3
19570,38756,3
4754,4880,3
7061,7051,3
666,657,3
38757,19570,3
27627,39645,3
17852,17850,3
17850,17804,3
7050,21177,3
7053,7050,3
21437,21436,3
51568,12007,3
21436,21438,3
21438,14831,3
50828,27635,3
5580,18717,3
19598,4754,3
21440,14835,3
4238,19447,3
14831,21440,3
19949,4238,3
24898,669,3
14835,35707,3
35291,21099,2
7177,6940,2
18441,19627,2
9971,9972,2
7444,36771,2
43905,35605,2
20273,44826,2
17574,20070,2
19264,35291,2
29401,48920,2
28840,39781,2
49624,28840,2
18796,18798,2
6940,18795,2
18798,17005,2
20252,41145,2
44826,38615,2
41252,41074,2
40643,16202,2
22264,51199,2
16977,51258,2
15521,15703,2
7444,22305,2
24862,24864,2
15809,15521,2
24428,24928,2
22633,23220,2
49796,26557,2
14271,14294,2
24371,22876,2
19293,20501,2
44343,18957,2
48920,22633,2
7127,4183,2
17005,4173,2
1860,1868,2
49798,26557,2
41145,4281,2
16489,15908,2
22527,15978,2
5492,19253,2
19630,21128,2
34364,34458,2
35067,34364,2
25549,2444,2
35066,35067,2
18677,5760,2
35065,35066,2
34639,35065,2
34668,34656,2
50060,18677,2
51618,34459,2
27399,11931,2
35555,50060,2
35560,35555,2
5648,19603,2
5646,5648,2
25560,27399,2
50588,4317,2
35562,35560,2
35529,35562,2
19707,17457,2
21127,19631,2
19337,21116,2
51157,4244,2
4246,51157,2
4250,4251,2
25091,29350,2
43194,39302,2
18724,19747,2
4212,18385,2
47119,11581,2
11785,10644,2
9435,8638,2
28239,28216,2
38959,12509,2
19603,5649,2
15938,15168,2
28222,28224,2
28238,26775,2
15955,16712,2
877,22548,2
2777,2778,2
2418,1795,2
38333,16884,2
38323,25165,2
38313,35331,2
38311,38313,2
51391,51430,2
34650,34647,2
26711,28727,2
7444,9658,2
36797,51199,2
21634,50263,2
8688,8813,2
23543,36797,2
50263,24185,2
24185,21322,2
21322,21325,2
866,872,2
12962,14227,2
8192,34488,2
51278,51280,2
21186,4590,2
26402,26403,2
38969,26402,2
1298,17233,2
22278,22854,2
23544,38969,2
4302,4299,2
700,51199,2
44251,43194,2
49801,27692,2
1404,38578,2
17233,1380,2
16582,25297,2
21928,22278,2
42312,21924,2
36771,23543,2
7120,7123,2
7123,7121,2
8684,9891,2
7121,50538,2
42809,43776,2
42807,42809,2
50541,7122,2
51157,4247,2
4245,51157,2
21112,4245,2
21102,21112,2
7122,21279,2
15678,37715,2
19280,21102,2
19415,19280,2
21128,19415,2
6621,19713,2
7115,7116,2
37332,37338,2
42847,7054,2
16582,14594,2
11637,11574,2
9526,11581,2
10313,11450,2
16582,29503,2
4299,4298,2
1285,3884,2
23113,43768,2
43321,16290,2
21853,22336,2
43321,23642,2
7053,42850,2
2085,2083,2
7054,39968,2
16247,16097,2
2080,2085,2
39970,39972,2
7055,49189,2
24761,22286,2
43772,11136,2
16604,40650,2
16493,16642,2
7444,21788,2
726,700,2
7002,4227,2
18926,7115,2
4248,4250,2
4247,4248,2
19713,17581,2
21928,21919,2
17608,6621,2
19679,20851,2
49790,21304,2
14348,3265,2
49210,13019,2
5214,4416,2
2402,1296,2
2091,2402,2
16268,25258,2
16263,16268,2
44448,3939,2
16766,16775,2
14348,2534,2
24201,13037,2
28114,35694,2
19998,5214,2
15405,15407,2
35701,28114,2
26404,28327,2
42869,13103,2
7167,7165,2
43026,7321,2
35093,7167,2
4451,4438,2
4454,4451,2
8192,34482,2
4364,20049,2
13246,15416,2
3029,3939,2
40818,4762,2
16317,16315,2
39211,39212,2
39210,39211,2
39207,39210,2
40898,29450,2
27530,28114,2
16689,16387,2
27690,39133,2
29401,29378,2
2881,14077,2
3668,19576,2
19576,19321,2
48896,2402,2
20205,19952,2
10820,51199,2
36133,17505,2
27945,26415,2
49795,2090,2
49790,2392,2
49791,2534,2
21634,24726,2
21635,21322,2
21322,24335,2
11070,10225,2
36771,2090,2
2091,41168,2
20049,19943,2
25083,15405,2
20054,19446,2
417,453,2
20085,20081,2
16103,16105,2
19,48285,2
7444,10818,2
3021,19455,2
49421,49368,2
14665,933,2
15975,15911,2
15976,15975,2
15981,15976,2
15979,15981,2
359,2563,2
662,359,2
15978,15979,2
931,22288,2
48285,598,2
9990,9986,2
37115,417,2
40662,37115,2
459,40662,2
49368,44332,2
28222,37523,2
486,480,2
25348,24939,2
704,492,2
26415,27591,2
4372,20084,2
5196,6361,2
17458,19846,2
2693,1794,2
26906,28234,2
5561,50037,2
4774,47851,2
49366,25083,2
24335,16097,2
994,24390,2
14827,14870,2
20083,20087,2
7282,6512,2
6512,18736,2
20794,39237,2
4374,20080,2
20085,20079,2
14900,19,2
5489,41556,2
15830,15788,2
19886,5489,2
7108,19886,2
16097,16103,2
5641,18890,2
15982,24629,2
15911,15982,2
4238,19950,2
20088,4238,2
39212,39209,2
16387,50229,2
12504,12394,2
5298,5646,2
12982,12875,2
43749,25878,2
50174,5748,2
22268,21924,2
25837,26122,2
24761,22268,2
25825,25837,2
47891,25825,2
885,877,2
16583,22854,2
48009,24404,2
37086,37090,2
37082,37086,2
987,36905,2
40622,19065,2
19065,51085,2
42412,51208,2
51085,40620,2
4542,748,2
28685,27876,2
51208,11734,2
15252,24894,2
27876,28115,2
28115,27790,2
51993,49232,2
14152,29458,2
18091,18024,2
40444,40445,2
27336,28685,2
8814,8700,2
10018,9996,2
51148,14077,2
18796,18801,2
17613,17608,2
48198,17613,2
43831,43768,2
50771,26846,2
11081,43831,2
15380,15372,2
3548,2803,2
2776,17023,2
572,35115,2
20740,23418,2
20740,35060,2
35060,49800,2
6937,18795,2
9996,8824,2
9814,10069,2
2777,17023,2
17005,6937,2
6936,17005,2
18793,6936,2
43777,2394,2
50051,6646,2
49232,29110,2
40448,42740,2
47941,25553,2
26906,26787,2
21273,4369,2
35274,20841,2
17950,17963,2
4371,4366,2
20417,4371,2
42207,19710,2
42209,42207,2
20713,42209,2
42055,18691,2
37368,37376,2
27316,27790,2
5749,50383,2
5643,5816,2
18890,5642,2
39204,39203,2
39206,39205,2
27790,28028,2
28028,42493,2
42493,39471,2
20483,37509,2
1358,18829,2
47906,585,2
39185,20483,2
4375,39185,2
50229,44352,2
47918,43749,2
27020,49370,2
39963,46908,2
4369,20019,2
50534,16489,2
46903,48436,2
5318,5480,2
5818,5298,2
5480,5745,2
5745,5746,2
5746,5747,2
5747,50174,2
27116,39460,2
39460,39474,2
39427,29235,2
39934,28800,2
29235,26998,2
5647,5818,2
26998,26997,2
5816,5647,2
43818,39936,2
27022,43818,2
26997,27793,2
27946,28687,2
5748,5749,2
28687,27316,2
43368,25944,2
44018,43368,2
49370,27022,2
19951,20082,2
4222,20408,2
15519,15793,2
23783,8026,2
26960,27686,2
27667,27685,2
25274,16454,2
15862,16417,2
13191,14076,2
15522,16416,2
16375,15803,2
15793,16377,2
49793,15823,2
5958,7262,2
23408,22002,2
40432,23438,2
25366,25367,2
43783,25366,2
50587,11292,2
9048,49229,2
23531,21690,2
21690,24321,2
8025,34856,2
27686,27769,2
27066,27774,2
8013,34853,2
13191,14576,2
23713,12979,2
23713,25918,2
25550,21921,2
13361,21921,2
14966,15045,2
709,364,2
14575,13361,2
13195,14577,2
27928,29308,2
13362,49329,2
381,15228,2
51570,26538,2
27577,27576,2
27775,27928,2
34855,7721,2
27774,27775,2
24321,33890,2
7262,5960,2
733,16603,2
948,22527,2
21286,41592,2
38110,15484,2
15484,25962,2
25963,16138,2
16146,16876,2
43764,43763,2
36835,945,2
945,947,2
22527,24932,2
5960,19669,2
24928,21994,2
24535,24537,2
24483,742,2
742,22742,2
25299,16565,2
16536,15991,2
15991,16572,2
16572,16506,2
41593,18236,2
459,37112,2
19886,41556,2
24927,629,2
19669,19668,2
19668,19667,2
19667,44449,2
21269,35060,2
41555,7107,2
41590,41555,2
41554,41589,2
5486,41554,2
41585,5484,2
18309,40925,2
5325,5327,2
41571,19834,2
18905,41572,2
41579,18905,2
18881,43093,2
47944,44025,2
20740,42430,2
14576,14086,2
24859,728,2
5234,20695,2
16978,1908,2
38547,3450,2
2797,2798,2
34408,34412,2
34411,34418,2
34436,34441,2
1046,1048,2
5325,5326,2
4219,23418,2
15177,39261,2
42017,5233,2
27522,28114,2
3378,16977,2
41831,16073,2
16071,41830,2
41831,15599,2
15547,41830,2
23534,14600,2
15414,41828,2
3450,17136,2
2492,17020,2
4510,5139,2
50115,26982,2
43451,43452,2
43449,43451,2
43447,43449,2
43444,43447,2
43458,43444,2
43460,43458,2
43462,43460,2
43464,43462,2
43466,43464,2
43468,43466,2
43470,43468,2
44359,43470,2
44679,44359,2
51919,44679,2
22241,8462,2
22252,22241,2
50384,50115,2
936,15414,2
41813,936,2
41983,41813,2
16433,16434,2
16491,4936,2
540,2444,2
3029,541,2
541,662,2
47799,5498,2
18687,5624,2
5624,42011,2
42017,5625,2
5625,42437,2
42437,20696,2
20696,42009,2
42022,20408,2
20408,42008,2
42007,20303,2
19911,42009,2
42016,5231,2
42437,42011,2
16432,16433,2
16434,16435,2
41821,41983,2
16435,16436,2
41819,41821,2
41816,41819,2
41824,41816,2
41814,41824,2
41825,41814,2
15355,41825,2
50577,10775,2
9048,161,2
16437,16438,2
21092,18532,2
18532,21100,2
21100,19392,2
19392,21074,2
16157,16437,2
18715,41741,2
41741,41739,2
16436,16157,2
16506,23291,2
16603,40646,2
5897,19290,2
18915,49788,2
41801,34635,2
14947,481,2
49210,49328,2
48924,89,2
1579,1563,2
17236,1569,2
1745,2951,2
1800,3891,2
38621,38635,2
36813,36802,2
21298,39998,2
1569,4089,2
1569,3956,2
3371,50436,2
4205,47177,2
47112,18972,2
3956,2765,2
2765,17352,2
34662,51621,2
34494,49395,2
10264,9682,2
36815,7673,2
43465,43467,2
43463,43465,2
44362,43463,2
16996,44362,2
43457,16996,2
43446,43457,2
43448,43446,2
43450,43448,2
44363,43450,2
43453,44363,2
43455,43453,2
44669,51915,2
4028,1128,2
8177,7781,2
7781,8332,2
8332,7675,2
38885,7671,2
17352,42830,2
36811,36813,2
16558,16555,2
28688,26377,2
38118,662,2
1636,358,2
22987,16803,2
34029,22987,2
34002,25059,2
50720,34000,2
39156,50720,2
16308,39156,2
27483,28688,2
35015,36811,2
26385,27483,2
26386,26385,2
26387,26386,2
26384,26387,2
26383,26384,2
22294,16308,2
3029,25975,2
6004,19315,2
16803,15869,2
14354,42182,2
29460,14354,2
29457,29460,2
8001,35015,2
2069,2071,2
2071,3512,2
28114,27529,2
39146,38759,2
50100,39145,2
26112,26110,2
26185,26113,2
15990,26373,2
28779,28329,2
28329,28473,2
28401,12803,2
26375,15990,2
26377,26375,2
44669,51918,2
35915,4088,2
14081,29457,2
43467,43469,2
43469,44361,2
44361,44360,2
2381,2378,2
17090,17080,2
17080,17063,2
2931,2932,2
2932,17101,2
17101,2350,2
2350,2933,2
2751,3975,2
3975,2381,2
33917,411,2
44360,51915,2
35978,8462,2
42845,41132,2
10776,10515,2
26779,26770,2
26770,26737,2
26737,27810,2
27810,42877,2
974,14928,2
6877,17090,2
4132,6877,2
35895,35914,2
38323,25155,2
14244,14256,2
21095,4924,2
14273,14270,2
14293,14280,2
18414,21087,2
1153,1159,2
1159,17254,2
17254,36127,2
36001,44334,2
44334,36111,2
14185,13195,2
14084,14532,2
14532,40636,2
40639,13182,2
17048,2393,2
25164,25165,2
25154,25164,2
19456,4000,2
3275,1296,2
2347,3275,2
12290,12288,2
6633,17932,2
17352,2094,2
18034,5828,2
37726,43334,2
43334,37720,2
37719,16316,2
16316,16322,2
16322,16323,2
16323,16334,2
16334,16337,2
49,35551,2
3956,3045,2
4210,4353,2
4353,19937,2
1295,3371,2
43473,1295,2
51915,43473,2
17915,6633,2
29196,12290,2
18826,2347,2
34173,29196,2
36771,20503,2
20503,2713,2
18103,18825,2
35327,43643,2
827,35327,2
48002,14602,2
14907,459,2
486,14901,2
40662,37109,2
265,22235,2
2067,2071,2
3877,3984,2
3938,3877,2
3940,1283,2
2094,2083,2
39617,4001,2
12070,34173,2
43452,43454,2
43454,1252,2
1252,1154,2
49819,14095,2
6427,6428,2
6428,6591,2
6430,6431,2
18972,21276,2
5934,6592,2
33818,50343,2
50343,14117,2
14117,49819,2
27669,50850,2
18894,4809,2
6436,18043,2
41105,42403,2
6449,18048,2
18048,18104,2
15355,15416,2
15417,38111,2
15422,15425,2
19687,35367,2
6426,6427,2
17871,6423,2
6420,17846,2
26769,37221,2
4742,50041,2
27715,27931,2
27931,27629,2
50042,50027,2
50027,4785,2
4789,4889,2
4761,4941,2
4941,40844,2
40843,4622,2
4623,4626,2
41876,5561,2
4810,18894,2
25549,15355,2
2083,2088,2
3860,3898,2
17841,17845,2
37221,27918,2
21690,22516,2
7444,27692,2
4026,1124,2
4712,4863,2
4609,4616,2
39666,39662,2
39662,39654,2
18104,18153,2
18153,6437,2
39654,39665,2
39665,6609,2
4616,4942,2
27689,42877,2
4663,4611,2
36040,768,2
768,698,2
34457,35507,2
35507,34339,2
42301,48671,2
34353,44934,2
4902,5197,2
42878,14339,2
39655,39666,2
41268,39655,2
41269,41268,2
39663,41269,2
48733,29160,2
18024,17988,2
18047,5828,2
17915,17932,2
18099,19374,2
40463,48653,2
48653,40478,2
40478,48844,2
48844,48534,2
48534,48721,2
17935,5945,2
35621,28998,2
5946,50008,2
50008,18028,2
6617,6748,2
6748,39664,2
39664,39663,2
41480,4735,2
41479,41480,2
41476,41479,2
51257,47362,2
27689,51199,2
28294,43571,2
26740,26707,2
26122,27623,2
26568,28633,2
3868,1296,2
1296,16929,2
2670,2554,2
47362,41168,2
41484,41476,2
2765,1283,2
3878,2067,2
2067,3512,2
2669,2670,2
7822,7714,2
17360,2669,2
38164,34843,2
38159,38164,2
43697,49625,2
10818,27692,2
16387,43328,2
27692,26434,2
26886,26710,2
27605,26886,2
28512,27605,2
27814,28512,2
27835,44197,2
26419,27873,2
27849,26419,2
11961,27849,2
27279,11961,2
39485,39412,2
27842,27591,2
38637,3037,2
3037,2663,2
49791,21270,2
3983,2066,2
2378,3983,2
17225,37208,2
7866,38159,2
50068,6686,2
17417,17360,2
5946,17981,2
3266,2534,2
2392,3266,2
47897,35465,2
40975,35594,2
42433,5165,2
20553,6067,2
20550,20552,2
42564,20139,2
5944,35572,2
7230,50030,2
27579,27870,2
27875,39564,2
8177,8332,2
8332,50394,2
38879,34843,2
4790,41481,2
41482,41484,2
16035,817,2
25148,15891,2
17413,17417,2
15893,25148,2
3903,17413,2
25141,25149,2
38624,3903,2
25149,15773,2
38636,38645,2
3037,38636,2
17283,3037,2
6750,6476,2
18202,6617,2
18223,18202,2
18092,18198,2
17952,18028,2
19587,17761,2
15773,15892,2
29350,14600,2
820,15716,2
15716,15893,2
16538,41764,2
38373,38371,2
38371,38975,2
41799,41800,2
18057,20223,2
20484,14077,2
34354,34350,2
34804,34354,2
17206,14077,2
2881,2713,2
20504,41168,2
41800,34804,2
41798,41799,2
14765,601,2
49662,34650,2
34650,34494,2
34495,34649,2
34649,49677,2
36943,7337,2
41101,44091,2
44091,39506,2
39506,27046,2
17206,20484,2
51292,16871,2
15420,51292,2
38375,16253,2
34545,34544,2
4305,4302,2
4302,4298,2
34511,34540,2
34462,34465,2
51992,34668,2
51992,34638,2
10591,11286,2
37760,12932,2
36771,17303,2
18069,18064,2
18064,18057,2
21352,21383,2
21385,21379,2
24787,25137,2
40645,40654,2
40652,25013,2
27046,39539,2
39539,39367,2
34356,41798,2
365,379,2
50681,34232,2
51992,42846,2
19456,43869,2
43869,4870,2
4000,42256,2
20223,18020,2
50738,751,2
34436,34442,2
39237,39236,2
18748,39237,2
19984,18727,2
41802,5605,2
19489,34309,2
48241,19489,2
28522,26494,2
35497,35499,2
34412,34418,2
379,384,2
38118,365,2
24102,910,2
601,358,2
21938,24059,2
24059,24069,2
24064,13946,2
48436,46936,2
48433,47124,2
40440,42739,2
40447,40446,2
40446,28583,2
28583,26711,2
26711,26871,2
42846,34356,2
34420,34807,2
34807,34417,2
34419,39261,2
34412,15176,2
15146,15092,2
15092,767,2
47878,20675,2
46704,27865,2
21695,39795,2
4411,4403,2
662,540,2
540,21270,2
10226,41133,2
18810,18818,2
19450,20004,2
20004,4432,2
4413,20296,2
20296,4411,2
4403,19829,2
26410,26412,2
18735,6512,2
39236,18735,2
3050,1296,2
1296,15176,2
28114,27523,2
27886,27842,2
27842,26409,2
2898,1579,2
41482,41474,2
5063,41481,2
50070,51987,2
50018,50015,2
24229,24228,2
16205,24336,2
16491,49677,2
27476,28068,2
28068,35690,2
35690,35689,2
10084,41137,2
10021,34240,2
10154,9940,2
26121,28472,2
28472,26665,2
5498,5760,2
42055,5498,2
14193,14206,2
6512,20795,2
5198,46470,2
46470,50018,2
21275,39237,2
19739,21275,2
2881,1296,2
27522,49731,2
45037,14174,2
13086,24467,2
24393,745,2
48003,4505,2
37132,37131,2
37133,37132,2
41704,37137,2
4875,4893,2
19571,1294,2
17923,35572,2
39671,17923,2
41284,41286,2
41283,35379,2
6604,18130,2
6656,18170,2
1376,17226,2
1485,1501,2
14365,45037,2
37131,19738,2
410,14757,2
2881,17206,2
22859,39107,2
39107,24937,2
24937,33917,2
5861,35097,2
35097,5851,2
20159,17572,2
17572,46377,2
39696,17829,2
6139,21029,2
39696,17828,2
19178,21309,2
46514,20158,2
5844,5849,2
5849,20162,2
20162,20354,2
5883,5552,2
19738,19739,2
8467,22062,2
49770,21298,2
5997,5897,2
41571,18907,2
28230,43559,2
51422,26724,2
2240,2234,2
15863,16802,2
16802,22342,2
40924,40923,2
18308,18307,2
18918,41572,2
18907,43093,2
48827,48617,2
41579,18917,2
18857,41592,2
41593,18234,2
22342,22987,2
22987,34014,2
34014,16010,2
16010,22553,2
22553,22351,2
48617,28228,2
48726,48827,2
10226,43297,2
50756,50761,2
44034,44053,2
10166,10097,2
11173,11179,2
26923,26403,2
5325,5473,2
5473,5471,2
5471,43946,2
21269,541,2
50761,50762,2
48775,48726,2
50762,50763,2
50763,28555,2
12012,48882,2
48882,50675,2
50675,50674,2
50674,49011,2
49011,48764,2
48764,48775,2
10647,10226,2
8468,23145,2
28800,27523,2
4690,4694,2
16003,23478,2
5518,6718,2
20534,19524,2
2523,2362,2
4690,4691,2
4691,4694,2
21294,4220,2
34805,24434,2
4516,4710,2
10776,40778,2
4710,4886,2
42018,18955,2
18961,42019,2
41988,18961,2
18962,41985,2
39283,18962,2
49793,5020,2
27170,25482,2
4885,4679,2
11161,10776,2
23145,22062,2
50719,22294,2
22062,22065,2
22066,48935,2
22351,38586,2
38586,22293,2
22293,34121,2
34121,25030,2
25027,39156,2
39156,50719,2
48100,23193,2
35041,11161,2
16089,16091,2
41031,39804,2
38975,54,2
54,38368,2
20484,2534,2
43324,43330,2
24336,43324,2
4794,4885,2
44032,44034,2
44066,44032,2
44067,44066,2
26433,26434,2
50080,24525,2
24529,24848,2
12889,13730,2
3201,2069,2
13358,13730,2
13730,14595,2
39487,27297,2
25974,25947,2
39775,27220,2
24845,15915,2
39790,12750,2
9048,28114,2
25549,47907,2
47907,21921,2
23713,16377,2
16373,16371,2
16375,15884,2
15884,23418,2
15915,50080,2
22276,24845,2
44069,44067,2
24856,25918,2
3489,1636,2
15233,14607,2
49386,34653,2
12975,12945,2
12945,13591,2
26900,28865,2
12886,13265,2
26707,26900,2
15420,15422,2
50093,22276,2
26638,26632,2
24501,24574,2
24502,24503,2
24516,24517,2
24517,24518,2
24518,24519,2
24524,21905,2
21905,50093,2
25419,325,2
325,725,2
374,662,2
16604,16557,2
12525,12528,2
12528,12699,2
495,25339,2
14762,413,2
414,412,2
34018,14939,2
26887,26685,2
49179,23671,2
16598,16510,2
47838,25553,2
34406,37811,2
37810,44933,2
23193,16064,2
16066,21971,2
21971,21889,2
7873,8049,2
50558,39829,2
44052,44069,2
33880,25327,2
18041,18825,2
28295,43571,2
20237,20190,2
9362,10444,2
12941,12900,2
29348,13364,2
13334,29348,2
13037,33862,2
34533,34510,2
12533,12471,2
12471,12698,2
12698,12527,2
12527,39319,2
39319,12523,2
12523,12464,2
12464,12542,2
26740,26729,2
27689,23418,2
47997,18458,2
48000,18121,2
27196,27170,2
12121,12044,2
48000,18116,2
15578,34119,2
16455,15770,2
7952,7562,2
49794,9658,2
7294,10775,2
25337,15591,2
16824,25333,2
34029,24767,2
34119,25059,2
15577,15578,2
16022,15782,2
15574,21917,2
15573,15574,2
47894,15582,2
15414,13178,2
47894,15872,2
16159,47894,2
15585,15584,2
16078,16432,2
15770,16080,2
48598,774,2
48459,43660,2
43053,25404,2
18993,19988,2
4345,20042,2
5981,4345,2
18991,5981,2
37376,37372,2
18973,41696,2
14600,25975,2
23534,25975,2
23532,16103,2
15782,39161,2
16097,23532,2
43832,22101,2
43772,43832,2
25409,43768,2
24856,25409,2
50802,24823,2
15421,15427,2
25549,15416,2
16429,15588,2
41931,10220,2
12044,25864,2
16099,16102,2
2898,1608,2
36035,1740,2
37110,455,2
10615,8828,2
5650,6342,2
20346,5650,2
42525,20346,2
16092,16094,2
305,26330,2
27737,28627,2
23534,15990,2
15990,25975,2
726,305,2
14653,385,2
25597,725,2
26328,25597,2
27945,27220,2
12406,11958,2
28627,27659,2
11972,27745,2
9526,7562,2
16523,16582,2
50576,24467,2
37803,15996,2
49792,24713,2
18129,49338,2
49338,6648,2
24713,49229,2
37316,37314,2
37338,37316,2
29014,26486,2
27940,11972,2
26490,29014,2
778,48598,2
28322,28323,2
1608,1584,2
28522,28321,2
26887,26687,2
6656,18174,2
25134,33942,2
41145,20251,2
51573,41145,2
38215,51573,2
35481,19821,2
19979,7169,2
20917,19456,2
4870,707,2
707,26654,2
28699,27683,2
26546,27836,2
15416,25704,2
37682,15416,2
39955,35554,2
4287,4422,2
4542,9046,2
5693,6385,2
5302,19606,2
42025,5302,2
5301,42027,2
29308,27928,2
27928,27773,2
27773,27066,2
7169,4425,2
4296,4421,2
48471,34082,2
21299,18938,2
48456,13178,2
41112,28800,2
44261,10818,2
18999,4283,2
4283,6350,2
8999,50358,2
6350,6351,2
6351,20363,2
5662,5664,2
15436,37414,2
5668,5672,2
9509,9915,2
23220,36,2
35566,15988,2
16027,23208,2
16025,16027,2
16024,16025,2
16069,15780,2
6377,5308,2
27768,27770,2
27770,26960,2
37292,37294,2
22835,24775,2
12015,26046,2
20326,20364,2
37294,37292,2
6437,18144,2
18144,18043,2
6449,6442,2
42876,13354,2
43870,43255,2
26960,27040,2
43255,19457,2
19011,20326,2
50960,19011,2
19010,50960,2
6853,4541,2
4562,19760,2
15621,48813,2
20027,19010,2
24787,24740,2
47895,21369,2
36134,40343,2
34917,7952,2
27040,27684,2
4219,36797,2
14075,13361,2
14090,14075,2
40639,29356,2
40913,6744,2
17995,3580,2
2881,7562,2
6744,16925,2
16925,1516,2
16238,16128,2
28977,15649,2
28424,28434,2
28402,28424,2
49801,34917,2
38389,7950,2
7950,34917,2
43054,4870,2
10444,8960,2
4871,20224,2
6343,5287,2
10816,44260,2
4878,20370,2
4735,4878,2
4790,4735,2
51148,34232,2
27522,35694,2
27804,10794,2
2563,3021,2
41226,15820,2
15678,49377,2
49741,15670,2
48813,40814,2
24856,23099,2
7294,34988,2
34868,7950,2
17303,18876,2
18876,18905,2
1799,2493,2
27689,7562,2
39802,39804,2
22315,39797,2
5592,35504,2
28234,39134,2
39134,28217,2
28473,12535,2
12405,27854,2
6641,18278,2
12535,50472,2
18548,18523,2
47944,18489,2
18458,47944,2
18690,18357,2
18278,18282,2
7981,8458,2
8458,8093,2
8093,8466,2
39545,27727,2
11585,10315,2
14083,14086,2
2091,7562,2
26941,39500,2
39978,27729,2
27729,39546,2
27727,39979,2
10004,9659,2
39979,44090,2
39503,27734,2
39954,6480,2
6739,39954,2
10886,8905,2
8905,11065,2
9659,40021,2
9658,10004,2
8466,7958,2
23400,22067,2
34860,7773,2
34989,8468,2
16618,16622,2
16622,16567,2
16509,16513,2
39182,23408,2
22067,41132,2
10328,9658,2
4797,4894,2
23543,7562,2
11450,9661,2
10659,9526,2
9526,10193,2
11070,44258,2
608,39802,2
42174,608,2
21635,21634,2
16460,15771,2
3974,3847,2
3898,2392,2
2392,18959,2
42532,42533,2
26382,26383,2
27145,26382,2
452,14771,2
27810,15418,2
15767,15748,2
15783,15777,2
29447,14149,2
15777,15769,2
15575,15608,2
34978,35015,2
195,14612,2
21173,19411,2
15609,15610,2
15684,25084,2
47894,15746,2
34539,34232,2
43304,43689,2
43689,644,2
644,24284,2
24278,16318,2
25084,15473,2
19411,5912,2
15473,49377,2
15787,15618,2
25097,23136,2
19584,17799,2
19583,42903,2
36134,42736,2
15608,15609,2
21798,24791,2
24787,24726,2
36134,42430,2
35095,35094,2
35094,35092,2
35092,35090,2
23223,15418,2
15418,15421,2
15421,24830,2
36807,28671,2
13286,29343,2
757,34347,2
24830,25040,2
18690,20409,2
24402,24405,2
17303,5020,2
25040,24787,2
44333,49563,2
43935,5641,2
36801,34978,2
35732,7819,2
20408,18876,2
20792,18342,2
18342,18544,2
35332,18459,2
18459,18442,2
34394,34234,2
4871,43870,2
40878,43935,2
47887,4773,2
11785,10264,2
50849,27671,2
27677,27932,2
27932,27679,2
4864,40878,2
36771,19672,2
26727,26890,2
5287,20346,2
34711,7728,2
21786,37115,2
41288,41284,2
49795,21786,2
700,7562,2
21795,700,2
318,21795,2
51256,318,2
329,51256,2
1296,7562,2
17050,3266,2
41283,41288,2
5044,41286,2
21790,327,2
20370,4222,2
4222,20374,2
17268,2574,2
7736,8021,2
34612,7736,2
7695,34613,2
34615,7695,2
7940,7688,2
37115,21788,2
40011,40009,2
40007,40011,2
40015,40018,2
48188,43422,2
15601,51808,2
19831,34159,2
51808,28977,2
19278,19277,2
19281,19284,2
19277,40003,2
40003,40015,2
28977,34324,2
19590,19281,2
16248,16249,2
40018,40012,2
40012,40005,2
8024,7730,2
40014,19590,2
40016,40014,2
34324,25675,2
21788,21789,2
21789,21790,2
40005,40007,2
1641,2945,2
7731,34829,2
50940,48642,2
5299,20689,2
34582,34584,2
10931,10955,2
34578,37812,2
5815,5292,2
34579,34578,2
5817,5815,2
20690,5817,2
5300,20690,2
20689,5300,2
14325,29336,2
5293,18890,2
29340,14165,2
4895,4894,2
5297,5299,2
5289,5297,2
19603,5289,2
42526,19603,2
20346,5288,2
7730,40165,2
34653,34579,2
2945,24932,2
19284,19285,2
41248,39164,2
24932,7562,2
22319,7562,2
27885,27894,2
25399,23751,2
29479,12834,2
12834,13679,2
18890,5294,2
14591,33843,2
40637,14083,2
12833,13354,2
9056,27822,2
27476,44515,2
44037,17234,2
44061,44037,2
51093,34540,2
39164,51093,2
15992,24411,1
12342,28311,1
5886,5758,1
5954,5955,1
50472,28328,1
24248,24241,1
12067,12051,1
47865,5266,1
44025,42430,1
12293,12268,1
12082,29017,1
7678,7679,1
27652,37832,1
27842,27652,1
27866,27842,1
27791,27875,1
49637,27791,1
27476,49637,1
28067,27476,1
28065,28067,1
12005,28065,1
38849,8328,1
28310,28292,1
7779,38849,1
12693,12504,1
12270,12271,1
27459,12005,1
26493,26495,1
26495,28540,1
28540,28541,1
5971,7232,1
28307,12293,1
5953,5954,1
37039,27870,1
19588,6505,1
26707,28865,1
17927,17908,1
6747,18233,1
10099,11610,1
320,307,1
249,241,1
27649,24711,1
50707,15998,1
7686,7683,1
26644,28278,1
16000,16049,1
15968,22887,1
22872,46285,1
24394,50578,1
50578,24390,1
17804,19588,1
27657,28634,1
7266,5953,1
18024,17981,1
7265,7266,1
27466,27459,1
27352,27466,1
47929,27352,1
5951,7265,1
17976,5951,1
25859,47929,1
28634,27721,1
6693,35554,1
44449,6686,1
39085,5958,1
18826,1359,1
28633,27730,1
27721,26568,1
7679,7686,1
37830,39382,1
7683,7881,1
26625,26586,1
42437,5626,1
5626,20696,1
21695,23221,1
23751,23543,1
23543,23418,1
25419,2090,1
2091,23418,1
23408,11173,1
11179,10446,1
10101,8728,1
5961,5952,1
5959,5961,1
26620,42282,1
42282,26633,1
26586,26558,1
47810,5498,1
26558,26623,1
7268,5959,1
27673,27674,1
7269,7268,1
25419,20503,1
37243,1028,1
2713,17487,1
7270,7269,1
44449,7270,1
14227,24390,1
5628,39204,1
20320,41725,1
28328,26906,1
47839,26808,1
18953,5232,1
42437,20694,1
7881,8030,1
16039,15992,1
5972,5971,1
39209,39206,1
5970,6483,1
5969,5970,1
39286,39207,1
39208,39286,1
44784,50849,1
16491,21148,1
19580,2673,1
3275,1314,1
27674,44784,1
37077,26579,1
13152,29352,1
1314,2765,1
25154,38324,1
39201,5231,1
25163,25155,1
5968,5969,1
5967,5968,1
5962,5967,1
17950,5962,1
5952,17950,1
13638,12975,1
50849,27670,1
27054,41101,1
39205,39288,1
42402,43865,1
39288,39204,1
27732,27054,1
39203,39201,1
20625,20204,1
4312,20301,1
41727,41730,1
16343,37718,1
19998,7166,1
4414,7165,1
20531,20322,1
5956,5957,1
5955,5956,1
5267,5274,1
12119,26404,1
20322,4380,1
5710,5267,1
35553,16346,1
37078,37082,1
12798,28272,1
26710,26890,1
37718,37722,1
35400,12798,1
4298,4312,1
35198,35196,1
28268,28439,1
28402,28268,1
39382,27732,1
6483,5972,1
37831,37830,1
39384,37831,1
37832,39384,1
26486,29014,1
29014,26490,1
26490,28323,1
16340,16343,1
49,16340,1
8030,41117,1
7166,35095,1
35090,4438,1
7173,4439,1
39285,39208,1
5710,5217,1
19445,19947,1
5276,19933,1
17050,23418,1
23430,663,1
5267,5276,1
5713,5267,1
39203,39202,1
5710,5713,1
41730,41734,1
41734,41732,1
41732,35245,1
5880,5857,1
39202,39200,1
39200,39206,1
39205,39287,1
20159,46377,1
4282,4357,1
39287,39207,1
19673,19933,1
39209,39285,1
7267,5958,1
28327,27778,1
26597,28327,1
26404,26597,1
5276,6339,1
4439,4453,1
5957,7267,1
5274,5276,1
24583,37243,1
22101,34181,1
27630,27666,1
46371,46528,1
46873,46773,1
46773,22873,1
22873,46702,1
46702,46204,1
46204,39840,1
36989,48460,1
48460,39841,1
15949,46590,1
46590,46344,1
46344,46710,1
46710,47288,1
47288,33948,1
33948,47120,1
47120,47070,1
47070,47194,1
47194,46917,1
46917,46215,1
46215,46824,1
46824,22961,1
22961,46864,1
46864,47117,1
47117,46753,1
26405,28327,1
26404,26628,1
12044,26404,1
46528,46873,1
46600,46371,1
14355,38939,1
46782,46600,1
21919,51779,1
16055,25162,1
827,25155,1
51779,23474,1
830,24409,1
23474,22851,1
48002,830,1
39134,26776,1
39135,39134,1
28233,28222,1
50472,28794,1
28327,50472,1
39226,49379,1
51651,39226,1
28238,28572,1
28327,26906,1
26659,28741,1
27622,26849,1
26604,26654,1
46270,22827,1
22827,47148,1
47148,46997,1
46997,47168,1
47168,46427,1
46427,46782,1
44025,4791,1
11068,36771,1
18365,20637,1
28671,17303,1
28225,28766,1
12012,28226,1
28581,28214,1
28239,44595,1
28226,28234,1
28771,28226,1
48277,28222,1
50472,28780,1
28270,28473,1
28438,35401,1
28268,28438,1
28479,28268,1
47944,18458,1
18917,17972,1
25893,25919,1
25941,43374,1
27003,27806,1
19879,7036,1
39003,19549,1
20121,20488,1
19553,4175,1
19854,19856,1
19856,19575,1
28324,26504,1
26486,28322,1
28766,28223,1
28229,26737,1
51390,28780,1
24430,24412,1
20800,42430,1
15702,15688,1
35090,4191,1
4286,35095,1
4327,4284,1
4287,4421,1
35093,4425,1
19450,4438,1
40691,20062,1
16677,16679,1
18365,18692,1
24400,24394,1
26718,34287,1
24458,29407,1
14166,50888,1
50888,14365,1
39155,42177,1
42183,23401,1
23401,23351,1
16032,820,1
15891,25141,1
15892,15829,1
15829,16031,1
34287,28475,1
38117,21951,1
29378,12974,1
28321,26490,1
28188,26758,1
51765,42023,1
44323,51765,1
26665,26915,1
47840,26122,1
37237,38508,1
17734,17684,1
15151,4089,1
15149,769,1
15168,15149,1
22281,22914,1
22915,22281,1
50537,22915,1
38346,15932,1
3847,3061,1
3061,1271,1
2088,3868,1
1330,2392,1
3276,19576,1
25147,25139,1
25139,15676,1
15676,22332,1
22332,25144,1
25144,15826,1
15826,15772,1
25143,23250,1
42023,26887,1
26891,43568,1
12974,14132,1
28527,50652,1
15883,16217,1
16372,21921,1
22070,43775,1
43772,21591,1
24182,21495,1
21634,15837,1
15837,51497,1
51497,25097,1
15821,23352,1
23352,23418,1
7231,6483,1
17963,7231,1
7444,17303,1
7375,7444,1
7378,7375,1
7372,7378,1
28321,28322,1
28324,26490,1
43373,17303,1
42417,37296,1
22101,49229,1
49229,34181,1
41293,37386,1
37386,41293,1
50652,44689,1
23250,25048,1
25048,15776,1
15837,15905,1
15711,29342,1
37296,42417,1
41604,27689,1
26964,27279,1
25092,23418,1
36363,13322,1
15434,37414,1
14594,14591,1
37688,13004,1
33843,29383,1
28222,40711,1
40702,40700,1
8021,8022,1
8022,34612,1
34612,41090,1
41090,34604,1
34606,7695,1
36363,13004,1
37362,37368,1
37376,37362,1
37362,37376,1
748,14355,1
27646,48131,1
14577,40450,1
14186,51271,1
14139,14149,1
18826,14077,1
48129,18458,1
18918,23418,1
9119,9112,1
37181,18174,1
40587,18240,1
26707,43819,1
19898,39283,1
41988,19897,1
18956,41985,1
42018,18956,1
19896,42019,1
4324,19896,1
7340,8456,1
47810,4324,1
37368,37362,1
26639,28528,1
9112,38714,1
37829,23460,1
21551,23418,1
21513,21551,1
25419,20792,1
11179,23418,1
11824,11173,1
26683,26680,1
42282,26621,1
26600,26693,1
28528,26600,1
28114,27003,1
38168,18883,1
28634,27630,1
51462,14365,1
13192,29503,1
16196,13192,1
23259,24279,1
12535,27069,1
28468,12535,1
44612,28572,1
25363,22637,1
21918,41111,1
41111,22548,1
15951,39848,1
37221,26769,1
47853,37221,1
8869,8873,1
8880,8869,1
43657,8880,1
8881,43657,1
11394,8881,1
11425,8878,1
8868,11425,1
8867,8868,1
8873,8867,1
29177,29178,1
48819,40464,1
40477,48819,1
48831,40477,1
14161,14166,1
27069,27937,1
18881,19834,1
27937,27067,1
2093,17488,1
3108,2093,1
2573,3108,1
3562,3563,1
2446,3562,1
3029,2446,1
15956,15957,1
15957,48937,1
48937,48936,1
48936,7892,1
7892,8453,1
8453,50113,1
50113,50101,1
27649,35694,1
47983,26122,1
35701,26654,1
17303,18691,1
9048,17303,1
21282,3437,1
18907,19833,1
18507,47997,1
40443,35297,1
40444,40442,1
27925,40444,1
27067,27925,1
48562,48831,1
48672,48562,1
37090,48672,1
38820,8574,1
8597,8596,1
8598,8597,1
8600,8598,1
8610,8600,1
15877,15354,1
15354,39311,1
8616,8610,1
39133,28206,1
8615,8616,1
8601,8615,1
8599,8601,1
39133,28328,1
15824,25141,1
27657,39133,1
39133,28794,1
22092,15821,1
979,24791,1
28360,28439,1
28403,28406,1
28419,27776,1
49720,27692,1
27692,26584,1
26584,26568,1
28633,27731,1
27731,28634,1
8596,8595,1
8595,8594,1
8594,11314,1
28997,28998,1
11321,38820,1
11463,11321,1
38816,11463,1
11464,38816,1
11323,11464,1
11322,11323,1
11320,11322,1
11319,11320,1
11318,11319,1
8573,11318,1
35621,28997,1
27669,44944,1
15892,820,1
44944,27671,1
27676,27677,1
28598,27578,1
27578,27865,1
11314,8588,1
50870,37026,1
37027,17771,1
42184,42062,1
16032,23300,1
17734,17629,1
15891,25121,1
17488,18881,1
14348,18829,1
19979,19449,1
44755,44925,1
50462,29183,1
29183,29149,1
29149,29153,1
29153,29156,1
29156,29157,1
29157,28480,1
38215,4447,1
23593,23584,1
20062,38251,1
22886,23585,1
38251,38245,1
38245,38248,1
38248,4454,1
4452,6098,1
6098,6099,1
41065,41064,1
6478,17804,1
6099,38221,1
38221,38223,1
38223,38224,1
17747,17734,1
38224,38225,1
17684,17610,1
38225,38216,1
38216,38217,1
44925,9056,1
44025,4754,1
19581,18040,1
23075,23147,1
19449,4191,1
6583,18223,1
18022,17975,1
50996,41068,1
41068,41067,1
41067,41055,1
4524,4475,1
41055,41056,1
41056,41066,1
49977,5092,1
37416,48002,1
41066,41065,1
2347,3295,1
18825,2347,1
17989,18825,1
20617,17983,1
19968,35118,1
35118,19969,1
18041,20617,1
18110,19840,1
21282,18116,1
18918,21282,1
18919,18918,1
22254,26654,1
23147,24713,1
38217,38239,1
38239,38235,1
38235,38233,1
28114,26405,1
26859,26711,1
28196,26859,1
49393,28196,1
49403,49393,1
49410,49403,1
49391,49410,1
28580,49391,1
26922,28580,1
39390,26941,1
39391,39390,1
49298,39391,1
27697,49298,1
18687,20409,1
18690,18687,1
11068,11073,1
20408,18692,1
19827,19829,1
4319,4317,1
50588,4319,1
5225,4305,1
5217,5222,1
5717,51577,1
5710,5717,1
20234,7286,1
18078,7284,1
20370,20408,1
20408,18916,1
18916,35332,1
18905,20792,1
26405,27529,1
27196,27531,1
27522,23418,1
19707,2661,1
25419,15883,1
25419,27778,1
38233,38232,1
38232,40911,1
29434,29415,1
46722,46339,1
50777,46722,1
40675,28330,1
27734,39504,1
26494,40675,1
28519,26570,1
26709,26617,1
26886,26687,1
26438,26886,1
48206,26438,1
27050,27733,1
27308,27050,1
39367,27308,1
49289,41101,1
39504,49289,1
37310,37314,1
