from_stop,to_stop,trip_frequency
13341,13037,771
29432,13174,628
47411,10742,627
49737,8636,619
29342,13341,595
11292,47411,592
8756,8757,590
13174,13043,587
47982,37251,571
13227,13032,570
8757,49466,569
44590,10514,560
8793,8794,553
8703,8706,550
8707,8705,535
8705,8704,535
9352,8707,534
8961,8962,529
9959,8793,528
13249,13250,517
8708,8710,516
9433,10237,515
44465,44466,514
8706,8708,514
10742,9445,512
13358,12910,509
10757,8617,500
13979,13285,496
11574,10789,494
13481,13089,489
10165,10263,473
9884,10136,473
13985,13036,472
9699,9659,467
13250,13286,467
10004,9699,467
14347,13227,465
14077,14347,461
13285,13249,460
37251,10644,459
10514,10775,458
13032,13120,458
10402,10168,456
13120,12900,454
45039,13679,452
9435,9054,451
13290,13985,446
13575,13572,440
37785,49737,439
13043,13120,438
9659,11899,438
9445,44960,431
10263,9884,431
10519,9820,426
10644,8960,424
8794,9352,424
13247,13207,421
8710,8756,411
10790,10791,409
8671,8672,408
10109,8671,408
13207,13979,407
24017,24020,404
10784,10785,403
7382,7383,403
10791,10792,401
9485,9623,399
29483,48363,393
10715,11785,392
9644,9645,388
34269,9574,387
9469,11637,387
11792,34269,387
10746,9469,387
11785,10716,385
8659,8661,384
8657,8659,384
16206,16203,384
8651,8653,383
13274,12963,383
8649,8651,383
8653,8655,382
8655,8657,382
40638,40637,382
8614,10715,381
10716,47982,380
22099,16212,380
8673,8674,379
16203,15639,379
8647,8649,378
10712,8647,378
29623,24021,378
10659,11446,378
13103,13206,377
8661,11864,377
8674,8675,376
10733,9434,374
9524,10659,374
10655,10318,373
9645,9487,373
10316,10317,372
10317,10655,372
10237,10628,371
13565,13664,370
10628,10492,369
13582,13575,368
9450,8648,367
8652,9450,367
8654,8652,367
10775,10757,366
8648,8646,366
13089,50499,365
9574,10519,364
8656,8654,363
8658,8656,363
8662,8836,362
8664,8835,362
8835,8662,362
8836,8658,362
13207,13290,361
15639,16205,360
47423,47398,360
9687,9690,360
7397,7398,359
10642,10643,359
9697,10642,358
8619,9697,358
8962,10720,357
43294,48644,357
16212,16195,357
10720,10721,357
13040,29432,356
16209,16206,356
25593,25594,355
7396,7397,355
10315,10654,354
9464,8877,354
10654,10316,354
13036,14054,353
11581,9464,351
16195,16196,350
11755,9983,350
29355,40638,350
9983,9687,350
8877,11755,349
51284,13103,349
3521,3367,348
24217,16209,347
13375,13382,347
8940,8941,345
48644,13372,344
10681,10711,344
8939,8940,343
9820,11581,343
9181,10515,342
8678,8680,341
8676,8678,341
16205,16202,341
13037,13038,341
8992,8993,340
8993,8994,340
8994,8995,340
8991,8992,340
8743,8744,336
8744,8745,336
9414,10335,336
9443,8851,332
43288,43285,332
7381,7382,331
8663,9443,329
24020,13371,328
23908,23923,327
10792,10356,326
16196,24779,326
13652,13033,326
37528,13198,325
44961,44962,324
12898,24217,323
8405,9529,321
9730,11792,321
13252,13274,321
12900,44307,321
9529,11585,321
13101,38940,321
11864,8663,320
24779,14077,320
11585,11573,320
14054,12898,319
13181,13067,318
9623,9700,318
10789,9553,316
43285,43275,315
12900,14316,314
28241,26799,313
26799,28242,313
45042,10784,313
10786,9589,312
9589,9485,312
8681,8679,312
8679,8677,312
49354,10786,312
12910,13136,310
12771,28241,310
7429,7430,310
44963,44960,310
7405,7429,310
7404,7405,310
7418,7404,310
9503,9504,309
45040,45039,309
7386,7387,308
11715,11562,307
13694,45040,307
7398,7418,307
8645,10712,306
9712,9429,306
43274,43284,305
13288,13274,304
9504,9505,304
13494,14342,304
13075,13512,303
8646,8644,303
5712,5713,303
16202,16198,302
8667,8664,300
11637,49784,298
13322,29483,298
10947,9025,298
51368,9399,298
13037,13040,297
8820,8821,296
16207,22099,296
8819,8820,296
40636,40639,295
8725,40027,295
10192,9428,295
13404,43288,294
23998,23994,294
9025,9026,294
8724,8725,293
8691,8800,293
48438,49210,293
42125,35592,293
10683,11610,292
39523,43880,292
25883,26308,292
9027,9028,291
8806,8687,291
9026,9027,291
8690,8691,291
9024,10947,291
8688,8689,291
8687,8688,291
41545,42125,291
8800,8693,291
8689,8690,291
8642,8645,289
14535,43291,289
10119,8642,289
4598,4566,289
8722,8723,289
8723,8724,289
8644,8643,289
8643,8641,289
43291,43294,289
49236,49226,288
43284,14535,288
5713,5714,288
8694,8695,286
7384,7385,286
5711,5712,286
8693,8694,286
8695,8696,286
8697,8801,286
8699,8700,286
8696,8697,286
10722,11574,286
10458,37732,286
8801,8699,286
11632,10587,286
43792,8806,285
43271,13496,285
13372,29623,285
25978,25979,285
13111,13228,284
9749,10004,283
10318,11449,282
8718,8719,282
8719,8720,282
8720,8721,282
8721,8722,282
9658,9749,281
10588,9560,281
50937,51564,279
10356,7771,279
7353,7354,279
14332,13252,279
5710,5711,278
9445,44963,278
9652,9644,278
13033,13561,278
44469,44465,277
41234,10848,277
9429,10710,277
10456,10457,276
7390,7391,276
7391,7490,276
7389,7390,276
25881,25882,275
8938,8939,275
9487,9484,274
44405,44407,274
13332,50332,274
9484,8961,274
49997,7320,273
9661,49997,273
25886,25887,273
13286,13251,273
8636,50399,273
8131,8132,273
13382,13404,273
8997,8998,273
13122,12952,272
7602,7603,272
10765,8828,272
8388,7602,272
9054,37785,271
9810,11877,271
11877,9811,271
44265,44263,271
7320,8404,271
14346,29370,271
38939,14346,271
11931,25881,271
25885,25886,271
45038,45041,271
48363,13320,271
10477,10465,270
8949,8950,270
7378,7379,270
7377,7378,270
44402,44405,270
7373,7374,269
7374,7375,269
44444,10220,269
10653,11450,269
10222,10313,269
10220,10221,269
10221,10222,269
10313,10653,269
13136,29479,268
13371,13375,268
7771,48708,268
13226,48438,267
7372,7373,267
50385,51284,266
44473,44472,266
44472,13649,266
13649,44469,265
10168,11576,265
8641,8639,265
8764,8765,264
7387,7480,264
25887,25888,264
29352,14056,264
12952,39962,264
51564,10192,264
8762,8763,263
35060,8486,263
25889,25593,263
46254,10357,263
13108,50639,263
50332,50385,263
26469,25986,263
8805,43794,262
10229,8805,262
8804,10229,262
14056,14057,262
11832,9959,262
8998,8999,262
13679,13129,262
13330,13140,261
44464,44470,261
8851,10776,261
49938,13582,260
10644,8961,260
25888,25889,260
8803,8804,259
16199,16207,259
10029,8762,259
8726,11832,259
8760,10029,259
12890,37528,259
47934,48515,259
50639,13494,258
26308,25885,258
41242,41239,257
47119,10226,257
29370,13287,257
9023,9024,257
9575,11567,257
8704,44961,257
41239,41243,257
11567,9355,257
11576,10121,256
10747,11878,256
8636,10790,255
13199,13332,255
8812,8813,255
8702,8815,255
8813,8814,255
13029,13028,255
8811,8812,255
48512,50356,255
8814,8802,254
8802,8803,254
35046,35048,254
9684,9457,254
25405,15816,254
10228,8811,254
35048,41545,254
9609,9494,254
13243,13244,254
9527,9661,253
8809,10228,253
8808,8809,253
8807,8808,253
11833,9954,253
8758,11833,253
10785,49354,253
25594,25891,253
8715,8717,253
8074,8614,253
10031,8715,253
25987,36807,253
8713,10031,253
8712,8713,253
8711,8712,253
13583,13565,253
8863,9022,252
49731,11292,252
7383,7384,252
13926,13330,252
51387,48513,252
9022,9023,252
13660,12846,252
8701,8702,251
21800,7619,251
8700,8701,251
9353,9575,251
50497,13540,251
9959,9353,251
10136,10681,250
36807,26181,250
8950,10735,250
8799,10372,250
44468,44464,250
48514,47935,250
42863,13523,249
7354,7355,249
5165,4509,249
50501,50498,248
10372,8807,248
8936,10464,248
44471,12862,248
8941,11561,247
8830,8831,247
13512,50497,246
29336,13358,246
10032,8764,245
8763,10032,245
44307,40775,245
10742,10748,245
10710,10626,245
13198,13926,245
50356,48511,244
25982,25983,244
48511,44265,244
13658,13652,244
10335,8949,244
13112,12981,243
44262,44264,243
8745,9435,243
48640,49236,243
9434,9435,243
8765,9959,243
8831,9994,242
43849,9501,242
4566,4854,242
4854,47851,242
10735,8952,241
13632,13322,241
35846,8467,240
12846,44473,240
41161,41162,240
14339,37528,240
12849,13660,240
5708,5709,240
43851,43848,239
13606,13609,239
13602,13606,239
9660,9723,239
9423,9636,239
47451,11880,238
24660,13419,238
8672,8673,238
10661,9660,238
10452,8936,238
9501,9502,237
43853,43849,237
43852,43853,237
43850,43851,237
11446,9526,237
7490,7392,237
47438,44465,236
8457,7910,236
43847,43850,235
10464,8938,235
7603,7389,235
7379,7380,235
13554,47438,235
11878,11293,234
14316,13247,234
5709,5710,234
48515,48512,233
12969,13082,233
13946,13220,233
13607,13603,232
261,265,232
43486,24006,232
13442,43283,232
13345,14043,232
10465,11715,232
7376,7377,231
7375,7376,231
22110,22111,230
7458,7459,230
29353,29354,230
22111,21800,230
41237,12900,229
8995,8996,229
7619,7562,229
47442,47423,229
28243,28244,229
49372,14206,229
14043,14356,228
7569,7570,228
14046,29353,228
13081,13162,228
11610,8639,228
8639,37785,228
47952,7393,228
7392,47952,228
14021,14040,228
10286,8405,228
8683,8684,227
8730,10394,227
23923,23917,227
7457,7458,227
7456,7457,227
7455,7456,227
40021,10286,226
25882,25556,226
7480,34971,226
25135,25132,226
29477,14045,226
49784,11574,226
8682,8683,225
13138,12984,225
10777,10845,225
10134,49466,225
26829,26830,225
24468,29342,224
7385,7386,224
4509,4511,224
12984,12985,224
8952,10477,224
9505,43847,224
40026,9181,224
11573,10315,224
13307,13085,223
25893,25597,223
13308,13307,223
35053,8470,223
11805,40024,223
13161,13081,223
13085,14472,223
13615,13617,223
9430,9431,223
11293,11294,223
8977,8730,223
13082,13161,223
50498,50503,222
14031,14021,222
7454,7455,222
23913,23937,222
11878,47451,222
11899,40021,222
13572,13567,221
7587,8502,221
50503,13055,221
9577,9365,221
13617,13610,221
35592,7587,221
13484,13481,221
10847,43801,221
7645,7509,221
7644,7645,221
26826,26829,221
9365,10134,221
13240,13247,221
23270,24296,221
13509,13164,221
10446,11724,220
8728,8969,220
13287,14332,220
43282,13440,220
10264,10225,220
40027,8726,220
2090,2092,220
13572,13570,220
16217,16218,220
43275,43271,220
7643,7501,219
9812,11622,219
43393,9812,219
7501,7644,219
264,257,219
9820,10402,219
48513,48514,219
9954,8760,218
16373,16376,218
16220,16217,218
23937,21940,218
11497,10101,218
14342,43274,218
11724,11497,218
44467,44468,217
8740,8741,217
8960,8740,217
26819,26908,217
26908,26909,217
7551,7552,217
7314,39523,217
13683,13688,217
8638,10119,217
10237,10746,217
36931,7314,217
13688,14472,217
8815,47119,217
44264,44266,216
13488,44467,216
50499,13509,215
7552,7553,215
7553,7554,215
49212,13042,215
10111,10113,215
7315,36931,215
8965,8728,215
25977,25978,215
10591,11070,215
9364,9577,215
13567,38952,214
7419,7420,214
11899,10661,214
7420,41220,214
13670,13683,214
29490,13670,214
26830,28243,214
28205,26824,214
9046,44961,214
25934,25987,214
38940,13199,214
7549,7579,213
9725,9524,213
4729,4915,213
9048,41133,213
26448,25977,213
9002,9003,213
8854,8855,213
37256,9725,213
9724,37256,213
8496,7315,213
5706,5707,212
5707,5708,212
13321,13632,212
10370,10371,212
10371,8799,212
41049,43699,212
14104,14101,212
49074,9364,212
7487,7486,212
44470,51963,212
7558,7545,212
26841,26844,212
8855,9503,212
7543,7558,212
10789,8703,212
51963,44471,212
7370,7371,211
7446,7419,211
8960,9433,211
26909,26907,211
26817,26826,211
7633,7549,211
8797,10370,211
13389,13369,211
9481,9433,211
12999,13095,211
13348,13221,211
10121,10707,210
25980,26322,210
23969,23967,210
5696,5697,210
12981,12969,210
13793,13794,210
13770,13793,210
12985,13770,210
13206,48438,210
9494,8854,210
13030,13241,209
10588,50937,209
7461,7446,209
7460,7461,209
23971,23969,209
23975,23971,209
15816,23415,208
13616,13614,208
13540,13483,208
12945,48403,208
13038,29352,208
29514,13499,208
8828,9810,208
9990,9892,207
13608,13616,207
9000,9001,207
9973,9456,207
9001,9002,207
44962,45042,207
35049,35591,207
35591,35435,207
16371,16375,206
35055,8388,206
10114,10112,206
34971,35055,206
7452,7453,206
24021,772,206
10865,10777,206
13164,29514,206
7430,7452,206
33862,29432,205
12816,12837,205
43140,12386,204
13560,13565,204
16376,16371,204
9003,10866,204
29354,29355,204
7632,7633,204
16375,16374,204
10152,36798,204
8755,9352,204
12386,26841,204
45041,44589,204
36979,43697,204
38909,7582,204
7368,7369,203
21940,43486,203
10136,9586,203
7367,7368,203
13154,13181,203
7294,35613,203
7366,7367,203
13800,13112,203
8827,10069,203
13251,13287,203
25556,25883,203
10702,10151,203
23970,23974,203
40776,13203,203
10151,10152,203
16214,16220,203
9432,10789,203
41132,11234,203
14081,14008,203
10460,10458,203
9814,8827,203
4635,4565,202
8969,8768,202
8768,8972,202
13664,29490,202
8972,8973,202
44795,44798,202
25274,25273,202
9384,9385,202
23968,23970,202
23991,23914,202
8824,8825,202
9892,9986,202
37484,43697,201
7365,7366,201
7364,7365,201
13794,13800,201
36983,38869,201
10721,10722,200
333,358,200
44406,44403,199
8617,8619,199
10116,11479,199
48708,35846,199
26907,43140,199
26824,12346,199
359,332,199
8996,8997,198
17306,35821,198
43374,25916,198
9636,10165,198
34707,8126,198
10643,10733,197
26179,11931,197
3731,17319,197
17319,17306,197
11284,11071,197
44408,44406,197
10700,10243,197
43283,43281,197
25979,25980,197
9028,10990,196
13178,13601,196
43281,43280,196
13618,13615,196
13370,13388,196
24734,24850,196
13368,13370,196
44466,14319,196
29479,29480,196
15594,24279,196
13361,13215,195
10747,10639,195
24014,24030,195
7349,7530,195
44795,44793,195
13603,42863,195
9492,10703,195
48360,9492,195
8114,8410,195
11865,10747,195
12736,12771,195
12346,26819,195
9432,11574,195
16403,16282,195
24036,24038,195
44466,13481,195
24114,24116,194
44960,8703,194
12862,13308,194
49210,49212,194
10707,10647,194
9381,9382,194
8862,10844,194
9428,9414,193
13220,13153,193
26123,28671,193
13140,13207,193
5714,5717,193
9355,8755,193
10275,9437,192
9690,10097,192
44266,51387,192
9711,9465,192
13448,13445,192
13228,13574,192
23931,23908,192
49397,44531,192
9399,10275,192
44531,41215,192
13092,13000,191
41216,41214,191
41214,44530,191
44530,49401,191
10168,8743,191
28244,28205,191
34267,9609,191
11623,10402,191
13422,13420,191
25986,25934,191
10519,50373,191
3367,3522,191
44412,44408,190
9690,11623,190
50372,9430,190
50373,50372,190
43957,49397,190
13724,13719,189
13719,44687,189
24053,24055,189
13052,14104,189
13588,49938,189
13523,13501,189
9457,9633,189
23994,23991,188
7380,7381,188
50398,47982,188
9465,9820,188
13040,14046,188
44307,13088,188
13215,13274,188
24279,16199,188
41244,41240,188
13206,48640,188
41240,41241,188
8502,7586,188
9964,9969,187
13614,13619,187
10444,10445,187
13445,43282,187
24038,24054,187
10514,40026,187
8704,10757,186
13055,13111,186
43697,44262,186
13259,12849,185
10226,10716,185
11511,10733,185
43882,39522,185
8064,43882,185
10792,8681,185
49226,51270,184
9848,9844,184
48932,11448,184
24756,24765,184
9876,9877,184
10097,10165,184
13120,13101,184
29368,14052,184
9877,9964,184
9851,9848,184
9850,9851,184
41163,41171,184
25975,26448,184
13581,13589,184
24054,23975,184
44960,9048,184
9875,9876,183
8677,10109,183
23952,24450,183
7453,7454,183
10457,11612,183
36798,10004,183
11291,11292,183
9412,9712,183
28242,26810,183
4915,4510,182
8680,8614,182
9633,10460,182
47424,44468,182
26904,12736,182
9054,8638,182
7567,35589,182
7910,8074,182
3977,17318,182
35589,36928,182
13669,13658,181
23974,24053,181
9029,9030,181
11032,11027,181
44793,44795,181
5697,5698,181
44798,44795,181
12898,14348,180
29474,29477,180
13684,13669,180
38869,37484,180
13488,47424,180
9474,9711,180
13306,13689,180
8741,9474,180
14032,14029,180
23954,23952,180
23965,23954,180
10722,8619,179
13287,13288,179
23494,23490,179
14052,14044,179
10225,8797,179
9988,9891,179
8639,10644,178
24030,24036,178
14100,14349,178
26803,26904,178
13474,13469,178
7609,7610,178
10999,8990,178
9700,9658,178
7608,7609,178
14030,14031,178
28198,26803,178
15817,25405,178
14349,13145,178
12910,13734,178
7362,7363,177
16281,25267,177
7360,7361,177
10037,10054,177
7361,7362,177
10054,10055,177
13028,13245,177
7568,35046,177
13245,14081,177
10639,11878,177
9533,11266,177
24722,15696,177
41050,41049,177
24005,23998,176
7636,7514,176
9836,9843,176
9849,9850,176
9498,9500,176
9500,9488,176
10748,10722,176
9843,9849,176
1144,1170,176
8821,41242,176
7345,7346,176
7491,7345,176
14025,14030,176
44961,48510,175
8668,8824,175
11622,9814,175
47398,13075,175
36928,7531,175
48080,13595,175
7579,35586,175
42654,40899,175
10845,41049,175
35821,17317,175
11649,11741,175
38866,36983,175
9046,10776,175
13585,13583,174
23421,25421,174
7369,7370,174
35822,35823,174
4659,5165,174
381,385,174
17318,35822,174
40637,13088,174
10334,9412,174
29343,29344,174
13129,13588,173
26810,26817,173
13391,13442,173
13320,51641,173
7515,7638,173
7514,7515,173
13388,13391,173
11799,11510,173
13237,14339,173
13679,13127,173
15696,23964,173
14344,14027,173
11574,10776,172
10990,10996,172
49210,13362,172
23447,23460,172
4847,4849,172
4849,5160,172
5160,4846,172
7371,7372,171
13440,13390,171
15802,16403,171
9412,9423,171
51360,9411,171
51170,38866,171
35586,36928,171
26787,28198,171
8456,8457,171
16006,21317,171
10711,10746,170
5693,5694,170
9586,11799,170
16419,16417,170
13067,13179,170
13390,13389,170
11850,9973,170
8818,8819,170
7538,7511,170
49466,10576,170
8672,8668,170
7511,7512,170
13496,47442,170
10492,11511,169
385,724,169
15557,15558,169
14057,14347,169
13733,13067,169
12898,13361,169
11851,51360,169
15492,25414,168
15796,15867,168
13250,13345,168
4855,21145,168
23441,23430,168
9727,9590,168
47398,13122,168
35435,35047,168
8675,10018,168
26118,26123,167
24155,24660,167
7512,7651,167
11770,11771,167
10789,8667,167
10515,9432,167
16062,16063,167
5266,5268,167
48082,13226,167
51199,7396,167
4963,4964,166
35456,35829,166
4964,4671,166
39224,10995,166
11070,11286,166
5705,5706,166
51965,10456,166
23490,23489,166
15531,15722,166
51641,13237,166
23430,33897,165
36929,42126,165
44261,47934,165
21145,4963,165
9954,8718,165
13419,13421,165
7509,37713,165
33897,663,165
21588,21589,165
9523,9425,165
15868,15855,165
15855,15845,165
39962,29483,165
35829,35460,165
15867,15531,164
13723,13733,164
7582,8496,164
13487,13488,164
11793,10588,163
10776,9181,163
8733,10775,163
9603,9402,163
13039,13040,163
10051,9847,163
9846,10050,163
10050,10051,163
25423,23491,163
13954,13201,163
9847,9842,163
14653,381,163
23925,23935,163
10643,9468,162
13595,13597,162
35459,35458,162
16215,16214,162
13242,13243,162
10685,10452,162
13718,13723,162
14477,13101,162
9468,10519,162
9407,51368,162
16338,25126,162
13420,24156,162
43280,13449,161
9914,8870,161
14054,13182,161
11480,9524,161
10996,10591,161
9584,9375,161
7459,7460,161
4665,4815,161
9413,9407,161
10846,10236,161
9845,9846,161
49901,49877,161
24003,24013,161
12962,12979,161
50502,50500,161
13241,13242,161
24033,24003,161
24055,24037,160
7350,7351,160
23967,23965,160
7351,7352,160
9546,48664,160
8680,51267,160
7574,7556,160
5700,5701,160
23964,23968,160
13063,13627,160
9841,9845,160
13483,13488,160
5048,4635,160
10236,10790,159
10790,10765,159
13053,13090,159
12973,13053,159
25132,25133,159
15563,15564,159
11450,9527,159
8404,11480,159
7355,7396,159
9030,9031,159
1249,3854,159
13838,13835,159
35458,35457,159
11600,8964,158
10775,40026,158
7477,7478,158
12979,13191,158
29339,29340,158
10616,9990,158
11562,10497,158
43242,48360,158
9819,10616,158
10562,9827,158
13042,13108,158
9827,9818,158
9502,43242,158
7478,7349,158
10613,10562,158
10843,10838,158
9818,9819,158
10173,46254,158
10012,10739,158
10587,9574,158
23445,23447,158
40044,23441,158
14472,13700,158
16278,16181,157
11479,10702,157
10123,10124,157
10739,9395,157
12925,13629,157
7576,7577,157
38940,13026,157
25100,37415,157
9621,9695,157
23436,23445,157
11744,11884,157
11069,11285,157
7573,7574,156
7572,35061,156
34678,7572,156
10785,10683,156
35061,7573,156
13191,14077,156
25267,15803,156
13182,12898,156
11512,34267,156
13427,49697,156
9490,11512,156
9824,9825,156
9825,9408,156
13562,13554,156
3852,3181,155
9976,9977,155
2175,3852,155
25891,25893,155
9795,9976,155
10002,10700,155
9977,9978,155
10790,10613,155
9978,9797,155
9797,11798,155
10035,10002,155
9437,9684,155
11798,9875,155
9794,9795,155
34969,7472,155
12878,45038,155
13367,13365,155
10326,10324,155
10325,10326,155
7575,7576,155
9694,10325,155
15558,23307,155
10323,9621,155
14079,14078,155
11495,9550,155
9489,9490,155
9550,10483,155
16205,25278,155
9802,9794,155
8487,7516,155
29506,13119,155
7657,7547,154
7343,7344,154
43698,36980,154
40639,14054,154
14613,23925,154
13412,13418,154
13703,13739,154
11771,10237,154
13701,13703,154
27523,27528,154
7577,7578,154
13418,13420,154
13033,13562,154
44407,44410,153
35852,16978,153
40637,40775,153
11080,41660,153
11459,11826,153
11742,10123,153
10626,11792,153
7383,7416,153
11752,10527,153
33871,25416,153
2179,1469,152
49559,4598,152
25983,25984,152
41164,40792,152
12851,13742,152
13870,14013,152
25414,23450,152
13140,13333,152
13333,13207,152
16180,16277,152
44699,44431,152
7550,7548,152
7548,7657,152
23450,40044,152
11839,37261,151
11475,11519,151
13561,13582,151
11026,11031,151
8636,10264,151
9997,10251,151
23872,25135,151
11519,10621,151
5025,4848,151
11448,11475,151
10658,10036,151
7557,7546,151
10053,10658,151
16277,16182,151
9488,11649,151
26181,26178,151
37261,11908,151
44468,13556,151
3854,2175,150
4570,4572,150
24092,24089,150
13743,13744,150
10149,10239,150
10482,9549,150
10238,10149,150
5702,5703,150
13744,13747,150
10150,10241,150
49466,8711,150
9272,11495,150
9549,9272,150
23193,15557,149
4846,5025,149
14370,13019,149
18428,18429,149
10003,10034,149
13610,13607,149
11616,10035,149
26320,25982,149
11479,10000,149
13130,12987,149
4572,4847,149
10000,10003,149
43593,40885,149
25091,12884,149
23418,23421,149
7648,7537,148
9511,9522,148
9510,9511,148
7647,7648,148
10721,9445,148
22259,22260,148
15564,21475,148
7561,23075,148
10936,42559,148
10759,46254,148
12865,12851,148
13067,29339,148
7537,7498,148
33841,13413,148
47451,11294,147
11234,11734,147
8467,43297,147
24006,24012,147
10481,10482,147
2626,1982,147
9551,10584,147
16324,16331,147
10353,11496,147
10400,8991,147
10449,8975,147
10483,11809,147
18066,18041,147
48933,10532,147
12988,13083,147
13357,13602,146
13685,13692,146
10703,34266,146
34266,11691,146
24088,24091,146
27528,27529,146
11691,9497,146
5717,6059,146
23491,23494,146
44263,43698,146
8486,7568,146
10618,10619,146
43297,8468,146
23099,23101,146
7566,36929,146
13339,14047,145
10674,9475,145
35460,47854,145
8669,10109,145
10976,10973,145
16181,16279,145
25133,25134,145
13095,13130,145
2437,2025,145
10733,10674,145
9560,8734,145
23489,15492,145
10239,10150,144
3812,3894,144
24151,24149,144
1906,1851,144
7534,7533,144
37251,10131,144
9743,10015,144
7562,36927,144
13067,13751,144
23869,23885,144
3368,2803,144
15869,23869,144
13773,13785,144
15866,15869,144
13366,13368,144
44960,9553,144
47855,35459,144
1851,35853,144
10049,9837,144
9840,10049,144
7395,7353,144
10048,9840,144
10647,10114,144
13419,33841,144
8710,8795,144
25273,22099,144
23972,25352,144
9837,10045,144
3368,3096,143
10973,10936,143
48906,48894,143
10754,11632,143
16518,16520,143
40026,40778,143
14356,13338,143
15433,15434,143
13203,13247,143
25352,15694,143
7484,7487,143
13435,12812,143
26335,25975,143
14347,29355,143
621,591,143
13433,13435,142
44302,23998,142
10179,10173,142
8755,8756,142
13432,13430,142
13843,13953,142
43801,41050,142
10445,11824,142
9811,43395,142
49093,49150,142
21475,24738,142
16517,16518,142
16516,16517,142
24157,22817,142
49149,49093,142
4565,4668,142
13561,13592,142
1169,17271,142
9007,9008,141
9385,9584,141
11294,11880,141
9019,9020,141
2655,1914,141
16282,16283,141
13436,13432,141
9020,10851,141
2025,2027,141
13002,12906,141
12906,13180,141
10851,9021,141
2500,3899,141
13628,13272,141
42558,10972,141
48898,48906,141
2092,2093,141
13675,45038,141
13272,13225,141
11478,8733,140
49109,49149,140
10780,9893,140
25279,25276,140
46717,47094,140
5315,5316,140
13362,14370,140
5314,5315,140
262,261,140
49146,49117,140
90,15817,140
10241,10700,140
1247,2402,140
13438,13436,140
17505,2143,140
13938,13959,140
15645,15844,140
11446,10238,140
9006,9007,140
11080,36797,140
15434,15435,140
13897,13889,139
10205,10206,139
47016,46976,139
16063,22259,139
7359,7360,139
10208,10209,139
16190,23217,139
5241,5242,139
5240,5241,139
10207,10208,139
275,280,139
10206,10207,139
10117,10111,139
7358,7359,139
49134,49135,139
10243,10117,139
49145,49146,139
42300,48481,139
7357,7358,139
25416,25423,139
13421,13256,139
49150,49145,139
25278,25279,138
14564,13717,138
13570,13567,138
9539,9552,138
13609,13608,138
13936,13938,138
13921,13936,138
27529,27195,138
13739,13743,138
23316,23257,138
12815,13263,138
16363,16281,138
11612,11613,137
25922,25923,137
18058,18078,137
10769,10630,137
10630,48638,137
13717,13694,137
5313,5314,137
11613,11850,137
23953,25353,137
7482,7483,137
18040,18058,137
21317,24734,137
29365,29366,137
13049,13100,137
10068,9963,137
16377,16373,137
3733,2443,137
16418,16183,137
25421,23436,137
9963,9871,137
9871,9873,137
49989,49988,137
13431,13433,137
13212,13358,137
9560,11849,137
16189,16190,137
3732,3733,137
10047,9839,137
9838,10047,137
9968,10068,137
10044,9838,137
9796,9803,137
16850,23193,137
10972,10979,137
14508,14507,136
8990,10985,136
13429,13178,136
48915,48903,136
10711,10733,136
43278,13448,136
14507,13474,136
48917,48915,136
13469,43278,136
13710,12833,136
15678,50466,136
2356,3869,136
12844,12843,136
48900,48917,136
9428,9413,136
44411,43434,136
10531,10427,136
11071,39224,136
7638,7569,136
27182,27181,136
23460,33871,136
5242,5243,136
49135,49100,136
9834,10044,136
10844,41234,136
9835,9834,136
48638,43607,136
8732,11738,136
7545,7551,136
42720,42721,136
25275,25274,136
25277,25275,136
10724,10351,135
12959,13178,135
8684,8832,135
13596,13675,135
5698,5700,135
24150,24159,135
10714,10724,135
6167,5076,135
9679,9319,135
1914,1892,135
23075,23076,135
7581,35049,135
43607,9709,135
13449,13473,135
23298,23299,135
14044,13251,135
2357,3803,135
257,44699,135
24012,24017,135
11454,10692,135
14104,13205,135
25288,16686,135
24021,24016,135
10692,10353,135
1784,1849,135
10352,11454,135
9700,10647,135
10351,10352,135
9483,9481,135
47406,12878,134
7356,7357,134
35454,35456,134
4590,4500,134
9994,8673,134
7344,7491,134
49100,49109,134
3869,2357,134
13143,12893,134
12987,13056,134
1246,1247,134
13145,14126,134
43595,24291,134
274,35290,134
13120,41237,134
3891,3885,134
9009,9019,134
7346,7347,134
35787,35454,134
7347,7608,134
10515,8749,133
7522,7521,133
7525,7524,133
3953,2655,133
43697,44261,133
10716,37729,133
772,24014,133
7520,7517,133
7524,7522,133
3234,3953,133
25916,26179,133
9678,9679,133
7521,7520,133
13734,13724,133
17271,1124,133
18085,18066,133
34944,44534,133
9487,9483,133
11561,9412,133
44534,43958,133
25984,26469,133
43436,10840,133
13158,13156,133
16183,15841,133
35784,35787,133
9008,10864,132
4530,4512,132
15715,23297,132
8113,8114,132
44407,44411,132
3190,3191,132
9677,9678,132
10043,10194,132
8717,11737,132
48353,44402,132
48403,48080,132
9434,9478,132
14015,14019,132
24131,24177,132
9456,9388,132
48510,47449,132
13689,13684,132
13801,13846,132
14019,14020,132
27187,27182,132
10194,10056,132
9811,43394,131
16766,16767,131
2092,3108,131
16767,16775,131
13487,13549,131
2443,2047,131
13692,13708,131
16219,16372,131
24291,16388,131
1191,1184,131
12831,12818,131
16091,16092,131
4150,4506,131
35613,8456,131
3939,2091,131
29401,14325,131
10716,10264,131
11496,11477,131
44687,13694,131
43394,10009,131
10009,38124,131
9388,9683,131
11738,8733,131
3916,3931,131
11822,10449,131
1892,1893,131
38124,8830,131
13591,13581,131
23999,43486,131
1893,1869,131
1141,1144,130
7583,7525,130
10848,10843,130
11282,44412,130
13846,13850,130
18116,18117,130
12998,13226,130
40637,14316,130
23098,23099,130
13151,13339,130
7352,7417,130
48363,13204,130
13839,13886,130
13501,47423,130
9377,9381,130
7806,8112,130
7529,7583,130
16686,16293,130
34943,34944,130
24061,24058,130
50637,13560,130
26970,26969,130
9373,9377,130
8112,8113,130
15863,15865,129
15530,15645,129
8750,10759,129
15872,15687,129
13597,47406,129
23297,15863,129
8981,10931,129
14029,13339,129
13128,13062,129
24072,24061,129
23911,23913,129
13038,13040,129
49431,50903,129
24763,24167,129
13162,13618,129
13496,50501,129
10954,10951,129
8963,11822,129
25923,25924,129
3194,17051,129
17302,3365,129
10931,10954,129
2444,17302,129
29362,29363,129
42559,8981,129
12833,12890,129
9017,9018,129
11530,11616,129
35786,35785,129
13553,50637,129
9018,10865,129
13267,12978,129
13549,13553,129
13473,13476,129
13369,29384,128
9046,9553,128
29360,14075,128
13850,13851,128
8491,8490,128
8493,8491,128
13244,49372,128
16089,16090,128
13163,13422,128
1873,1899,128
8132,34707,128
11750,8935,128
6611,18158,128
13420,43756,128
8490,8489,128
16090,16091,128
8962,11770,128
7349,7352,128
23257,25091,128
7404,7430,128
16218,16219,128
19468,4706,128
41218,38913,128
12885,12828,128
49936,13122,128
38913,34943,128
7352,7353,128
35455,35786,128
5326,5327,128
35457,35455,128
15406,25086,128
34966,7349,128
20265,6611,128
18117,18110,128
22078,15255,127
7500,7502,127
7653,7499,127
9995,9826,127
2080,2755,127
7502,7503,127
11068,11259,127
9723,10315,127
35791,47855,127
34699,7581,127
7499,7500,127
47116,8681,127
23299,48703,127
10675,9485,127
47935,44260,127
10614,10716,127
9826,10614,127
9526,9652,127
10167,8917,127
35823,3732,127
2476,2500,127
3962,1863,127
9281,10675,127
43958,42003,127
3007,3070,127
1869,1862,127
8980,11275,127
42003,43957,127
3070,3600,127
44403,10960,127
9844,10048,127
13062,13092,127
50332,12889,127
27195,27187,127
25086,15473,126
1849,3521,126
8614,8682,126
34942,41218,126
1872,1873,126
2558,1872,126
11119,11093,126
9434,9281,126
9382,9684,126
13354,13181,126
13026,13199,126
10283,9446,126
1900,1915,126
11028,11032,126
48341,14108,126
14090,29360,126
7571,34677,126
4671,4596,126
7555,7571,126
7623,7555,126
601,333,126
8795,49074,126
13752,12910,126
13574,13581,126
9986,8819,126
22076,22078,126
15989,15990,126
1863,2558,126
38589,38590,125
10689,10531,125
23380,16324,125
21595,21474,125
20642,18085,125
8964,10569,125
5316,5317,125
37729,9046,125
49877,8496,125
13937,13935,125
8495,38908,125
13720,13714,125
48481,9048,125
2666,3497,125
10166,10167,125
47854,35790,125
11477,10685,125
15803,15522,125
11270,9618,125
13113,13128,125
13714,13712,125
13569,13228,124
42777,264,124
14018,14017,124
10587,10588,124
2141,3626,124
44533,44532,124
44532,34945,124
38914,38911,124
11448,11839,124
14125,13052,124
24089,15530,124
3910,3908,124
1437,3910,124
12823,14549,124
7580,34699,124
2140,2141,124
11630,9363,124
7625,7623,124
9553,11630,124
29361,29362,124
13198,12916,124
9695,9342,124
13226,48363,124
13958,13937,124
13960,13958,124
3626,2142,124
24037,24033,124
29363,14079,124
51803,51801,124
9372,10779,124
1899,1900,124
7541,35053,124
25084,15406,124
9903,9694,124
34945,34946,124
34946,38914,124
25353,23973,124
9363,9356,124
48701,15405,124
15464,48701,124
24156,24154,124
25083,15464,124
13589,13590,124
25839,25840,123
7588,8495,123
14080,14090,123
29358,14080,123
10528,10691,123
9839,9841,123
10723,10528,123
10529,10723,123
24783,24059,123
35436,7535,123
11579,10529,123
15723,15794,123
7532,49901,123
35170,275,123
21808,23908,123
13099,13219,123
10394,9442,123
18082,20843,123
4510,6254,123
13256,13257,123
13090,13203,123
22474,22475,123
13042,13075,123
10848,8863,123
24660,24157,123
10101,9738,123
43959,44533,122
10349,11728,122
1435,1436,122
3920,1435,122
7641,7526,122
18078,18082,122
7554,34678,122
13997,13030,122
15697,16419,122
11728,11729,122
12834,45039,122
12899,13997,122
14207,14202,122
10259,10189,122
13359,49981,122
13093,12899,122
21186,21184,122
21184,5085,122
1436,1437,122
7526,7527,122
7475,7476,122
10045,11805,122
10345,10346,122
11911,11909,122
11909,11681,122
11689,10349,122
10346,11689,122
7476,7493,122
10532,9835,122
14076,29361,122
9564,9546,122
15432,15433,122
15431,15432,122
38684,11911,122
50631,51803,122
15593,22825,122
10427,10345,122
35853,3521,122
14057,12898,122
24071,21528,121
9339,9539,121
7430,34969,121
34969,34966,121
51528,13259,121
8821,10792,121
49946,13091,121
24147,24146,121
10253,10234,121
8751,8752,121
4706,5097,121
13894,13896,121
35072,11284,121
10132,9053,121
13836,13839,121
24059,24071,121
11702,10629,121
9544,9339,121
22260,22261,121
9816,9817,121
9710,11702,121
9709,9710,121
3191,16974,121
9817,9995,121
49996,24147,121
14026,14343,121
10629,9674,121
14661,43745,121
49466,10259,121
13157,13002,121
29450,29401,121
745,24402,121
24402,24403,121
12915,13132,121
13097,13099,121
773,22755,121
22755,22474,121
5268,5673,121
2115,2140,121
10364,10253,121
10255,10364,121
10254,10255,121
3600,35632,121
11285,11284,121
18793,17888,121
18913,18914,121
39522,36930,120
24986,49996,120
38868,36984,120
35056,7641,120
13246,13428,120
14008,13097,120
13088,13087,120
36930,7313,120
7313,35436,120
9674,11507,120
2583,2363,120
24145,24150,120
13179,13208,120
41162,43810,120
13619,13138,120
8976,8977,120
36985,38872,120
40792,40791,120
40791,51170,120
1170,1191,120
11476,11517,120
9456,46430,120
7622,7646,120
7508,7506,120
11517,10714,120
16176,16173,120
29398,13359,120
7506,7622,120
40639,29368,120
23928,23917,119
269,270,119
14205,13029,119
280,283,119
9960,10485,119
10619,11752,119
708,14653,119
23883,23884,119
10261,10190,119
10497,10689,119
9586,10588,119
12843,13836,119
9815,9816,119
38912,34969,119
24767,21507,119
10252,11580,119
24117,24112,119
265,269,119
43744,14667,119
49226,13277,119
11580,10254,119
13786,13774,119
10262,9959,119
11809,10252,119
23941,23928,119
3068,3069,119
12818,12816,119
10190,10262,119
13423,13412,119
13413,13424,119
13263,12830,119
9891,9815,119
12824,12827,118
16293,23295,118
43698,36985,118
13203,13240,118
42126,7550,118
36925,36929,118
8410,8115,118
9547,9312,118
5336,5337,118
14047,13152,118
14022,14018,118
38642,22966,118
7530,7350,118
51199,7397,118
51270,37040,118
11681,11752,118
13928,13843,118
10096,10083,118
13922,13928,118
13917,13922,118
13204,13354,118
7397,7404,118
15611,15612,118
15612,15613,118
10952,10953,118
37528,13917,118
3857,2618,118
50932,11742,118
14198,14193,118
44248,44252,118
34966,7477,118
24159,24161,118
5703,5704,118
10226,10790,118
3493,3857,117
9562,9523,117
10838,36979,117
13229,29398,117
41946,3194,117
9409,9562,117
36927,7567,117
26322,26320,117
43810,43813,117
10084,10095,117
13205,13766,117
25549,25550,117
29568,13229,117
43699,43709,117
16386,25215,117
10124,10166,117
8717,8718,117
8486,36924,117
10189,10260,117
10260,10084,117
36924,35057,117
22477,22478,117
8669,8676,117
35476,3979,117
13170,13163,117
367,369,116
17310,17309,116
48887,48886,116
369,370,116
35820,35819,116
35819,35791,116
17309,35831,116
1296,3999,116
16267,16263,116
27181,27499,116
8975,8976,116
25840,25838,116
48886,48912,116
370,373,116
24685,16267,116
35850,2626,116
10691,11477,116
35831,35833,116
24108,24110,116
22478,22756,116
35833,35476,116
35793,35820,116
13203,13960,116
13246,24763,116
51271,13029,116
14338,12824,116
16263,50380,116
3979,35793,116
22756,24766,116
24161,24108,116
8935,10452,116
17487,16975,116
48478,367,116
24765,16186,116
355,48478,115
43652,13721,115
3563,2132,115
13627,12999,115
13365,24022,115
16790,16791,115
24022,24008,115
5704,5705,115
43699,49672,115
24008,44304,115
10056,9836,115
3599,3068,115
29482,13246,115
7523,35056,115
41662,11081,115
11884,11455,115
35020,35060,115
9680,10135,115
9676,9680,115
9747,9676,115
8751,9747,115
2132,2445,115
18914,18915,115
10532,10043,115
17312,17310,115
23101,39128,115
17314,17312,115
11727,9914,115
9431,9414,115
50499,49936,115
29488,48082,115
17316,17314,115
35832,3813,115
17299,35832,115
10678,9727,114
3918,3916,114
48461,48462,114
35792,35854,114
4532,4507,114
3999,2394,114
24850,21318,114
21298,19488,114
11455,10678,114
35854,17299,114
10492,11793,114
2256,2253,114
8675,8676,114
21868,21477,114
8392,7599,114
7599,8389,114
11844,10769,114
13424,29506,114
13119,50502,114
9618,9910,114
14020,14022,114
7472,7475,114
26684,26669,114
10775,10236,114
9674,10773,114
2253,2254,114
8829,8830,114
13509,13357,114
51553,35302,114
9980,9796,114
9979,9980,114
9798,9979,114
9789,9798,114
9788,9789,114
9882,9788,114
9873,9882,114
26689,40150,114
11561,10334,114
8470,7543,114
4668,49545,114
42257,42461,114
17051,3190,114
13244,48911,114
48894,48907,114
48664,9547,114
3885,18793,114
42461,35338,114
48907,48913,114
48913,48887,114
23376,15594,114
12829,12886,114
12498,27522,113
772,44302,113
35772,35773,113
8999,9000,113
11848,9730,113
10956,42558,113
10953,10956,113
11286,8558,113
16175,16178,113
16174,16175,113
23864,23860,113
13228,13573,113
38952,13509,113
5695,5696,113
5694,5695,113
2429,3090,113
13127,13598,113
35773,35802,113
22804,16034,113
36797,11069,113
49715,13647,113
14332,13288,113
25544,25545,113
23935,23936,113
42722,9451,113
13354,13154,113
48249,23941,113
8126,8291,113
13598,29488,113
25078,48870,113
17888,18913,113
3698,35792,113
35824,17311,113
15858,24757,113
3813,35824,113
35818,3698,113
35790,35818,113
2021,2022,113
2027,3731,113
24013,24017,113
35849,2627,113
4538,4615,113
14349,13054,112
15841,15806,112
42860,14338,112
43486,44305,112
44305,24017,112
1469,3915,112
8063,35046,112
8468,22062,112
8415,8183,112
10028,43393,112
11752,11579,112
10027,10028,112
14109,48341,112
7639,7640,112
14472,44660,112
7640,7523,112
8825,10027,112
9424,9421,112
42300,9181,112
10615,10765,112
10321,11844,112
9553,10321,112
17313,17315,112
13942,13946,112
7518,7639,112
8404,34835,112
17311,17313,112
12827,12876,112
7559,7561,111
49994,24986,111
8995,8997,111
1461,2359,111
21872,13429,111
10962,10986,111
16978,35851,111
41171,41234,111
13338,14497,111
3532,3229,111
11073,36771,111
24160,24151,111
16404,16406,111
23994,24000,111
29345,13337,111
15687,24088,111
23272,24678,111
11027,10981,111
11268,11267,111
13153,13951,111
13895,13897,111
10759,10176,111
29399,29588,111
7423,7424,111
13202,29399,111
11478,10759,111
7422,7423,111
7424,7425,111
50500,50501,111
13939,13140,111
24678,23273,111
24167,16006,111
13573,13581,111
4479,18488,111
37263,10657,110
8391,7597,110
18915,21298,110
7519,7518,110
21477,22405,110
11450,9724,110
8390,8391,110
10288,37263,110
49848,49887,110
15491,15499,110
43768,43773,110
13126,13118,110
277,274,110
2130,2124,110
1184,1168,110
2129,2130,110
2128,2129,110
24122,24118,110
17506,35849,110
35335,35381,110
35381,42435,110
15522,16405,110
10657,10289,110
13450,43276,110
23307,22760,110
11729,10610,110
41243,8676,110
24296,44370,110
16374,16363,110
24134,24136,110
13580,13591,110
9497,9644,110
13320,12890,110
10866,10850,109
2428,2429,109
10569,10039,109
10200,11835,109
13003,12950,109
24086,24158,109
44961,10747,109
21195,4155,109
25134,15872,109
10424,10200,109
7483,7484,109
10850,9016,109
22760,16089,109
13750,14100,109
10069,10716,109
13592,42860,109
13476,13479,109
13916,13921,109
48343,3563,109
10775,44961,109
7425,7426,109
13664,13659,109
25700,25839,109
283,15235,109
36097,2409,109
3560,48343,109
24011,24023,109
11835,10425,109
4852,4853,109
25073,23256,108
16237,43596,108
25264,23380,108
9399,9603,108
49151,49094,108
24077,24072,108
2402,3870,108
44418,9432,108
9664,9744,108
13681,13658,108
9064,8731,108
11636,8818,108
38952,13108,108
12838,12815,108
15435,16062,108
36984,38867,108
1188,1169,108
24136,15700,108
24110,24122,108
15700,24143,108
12978,13773,108
50358,10847,108
13251,14332,108
38872,38868,108
44887,8862,108
13258,13348,108
24154,24077,108
8842,8843,108
13590,13596,108
9994,11636,108
29357,14059,108
9623,9489,107
15794,15591,107
44370,24295,107
8846,8847,107
10981,10976,107
3912,3914,107
21092,4665,107
8982,10999,107
10986,8982,107
10627,11479,107
2127,2128,107
3108,2127,107
49466,8758,107
8847,8848,107
9580,10704,107
2364,2360,107
9579,9580,107
1448,3909,107
3909,3913,107
3913,3912,107
11071,11003,107
16894,23116,107
23115,16894,107
23116,23117,107
16329,23376,107
49124,49123,107
7585,37712,107
14077,38939,107
13117,13360,107
21589,24468,107
3914,3921,107
26808,26784,107
11269,11268,106
11267,11228,106
11910,9593,106
10210,10211,106
15355,15413,106
13636,13143,106
24278,16418,106
49887,36925,106
303,308,106
20508,20509,106
292,303,106
10704,11228,106
9829,43393,106
15235,292,106
24113,24119,106
282,277,106
16198,24278,106
51863,25087,106
2627,2654,106
8841,8842,106
44960,9181,106
29340,13134,106
3158,35623,106
28915,27624,106
8617,10414,106
26795,26903,106
13953,13270,106
36980,43436,106
29346,29474,106
10773,10322,106
11880,11551,106
10322,10514,106
13845,13802,106
8617,45042,106
7442,7443,106
3016,3158,106
7441,7442,106
9442,9566,106
13853,13864,106
11551,34166,106
2124,2118,106
8412,35035,105
7879,8412,105
26846,27647,105
13741,13738,105
16974,20508,105
47429,48437,105
8393,38910,105
23259,15594,105
9842,9960,105
13134,29371,105
49137,49136,105
12841,12834,105
13849,13845,105
18435,21190,105
9375,9372,105
7546,35020,105
8750,8751,105
25916,26184,105
49094,49101,105
7393,8393,105
25852,35404,105
28663,25852,105
13129,13667,105
7486,34968,105
14549,42859,105
40899,42777,105
13524,42862,105
13058,13059,105
48437,13357,105
291,290,105
51615,18141,105
8733,9564,105
18141,18155,105
10754,9181,105
9312,9409,105
11031,49251,104
4827,4634,104
13201,13934,104
23978,23976,104
17277,35825,104
24093,23972,104
51418,13422,104
8844,8845,104
8845,8846,104
13219,13258,104
26328,25596,104
25596,25597,104
3915,2583,104
23871,23864,104
12858,13635,104
7363,7364,104
13707,13710,104
49110,49137,104
49136,49124,104
5071,5072,104
10160,10116,104
2445,2573,104
3004,3005,104
10112,10160,104
27646,25833,104
49095,49151,104
43750,27646,104
43372,28671,104
15806,25100,104
49123,49092,104
13090,40636,104
27624,43750,104
13132,13138,104
12951,12997,104
302,291,103
13016,13157,103
4124,4125,103
3335,1784,103
28671,26131,103
1780,3335,103
44258,10328,103
11590,9658,103
9437,9384,103
13219,13348,103
5337,5307,103
28677,28663,103
13129,13587,103
4500,4150,103
25276,16177,103
253,258,103
50903,47934,103
13337,29346,103
23431,23443,103
23461,23446,103
35756,3431,102
3431,35770,102
2116,2117,102
10990,10949,102
35770,35768,102
267,203,102
2144,2116,102
7527,7642,102
24006,24011,102
12830,12885,102
23923,23953,102
25574,25576,102
35768,35758,102
25576,25577,102
26018,25574,102
10291,10296,102
13360,13072,102
11293,47451,102
11731,10085,102
1848,1842,102
35765,35763,102
3228,1848,102
25573,26018,102
10085,10086,102
13274,7294,102
24007,24005,102
44589,13718,102
8839,8841,102
40776,40636,102
23914,23912,102
23912,21808,102
9742,11625,102
12889,13725,102
10775,9048,102
9284,9441,102
7531,7529,102
27186,27177,102
9053,49737,102
49101,49110,102
24101,24104,102
10112,11714,102
10296,11676,102
37732,10727,102
38867,40793,102
25358,24007,102
12299,12242,102
4548,4549,102
11714,10156,102
9441,10366,102
28637,26131,102
43751,25878,102
12242,12093,102
14037,14034,102
27647,43751,102
29017,12084,102
48902,48900,102
43801,41161,102
9967,9968,101
21368,46923,101
4571,4817,101
18357,18355,101
18355,18362,101
10038,9967,101
13206,12951,101
35834,3977,101
18395,18394,101
7439,7440,101
13540,14319,101
13072,13358,101
7440,7441,101
18397,18409,101
29591,13246,101
22405,49989,101
13722,13733,101
35790,35834,101
4220,21270,101
13120,14477,101
307,302,101
28211,29017,101
25860,29050,101
18099,18108,101
20843,18099,101
14143,14140,101
9785,9874,101
10214,37786,101
41049,8905,101
26022,28677,101
49401,42002,101
10485,11805,101
41132,9046,101
1949,1950,101
1440,3918,101
1948,1949,101
9011,9012,101
22102,23978,101
37274,43856,101
9874,10038,101
9012,9013,101
8488,7636,101
3611,17277,101
10212,10214,101
14038,14037,101
10211,10212,101
15473,15678,101
42002,43959,101
4476,4469,101
35766,35765,101
35758,35766,101
50466,37715,101
35760,35783,101
35783,35784,101
11035,37274,101
3908,1440,101
35763,35760,101
13813,12829,101
9564,11910,101
26052,26022,101
391,392,100
392,386,100
10775,10754,100
27183,27186,100
41396,9276,100
49697,43205,100
9852,11732,100
10705,9739,100
25354,21807,100
44900,24142,100
13886,13894,100
35774,35771,100
11732,9799,100
43652,13722,100
13713,43652,100
10264,44258,100
8734,34273,100
386,384,100
9276,9284,100
13178,14595,100
21528,24076,100
13919,13198,100
25892,25893,100
9458,51368,100
8973,11600,100
10866,9010,100
15430,15431,100
23944,23947,100
48708,8466,100
309,307,100
34166,34168,100
1644,1645,100
24023,13366,100
2142,2144,100
604,14731,100
24076,21552,100
16286,16280,100
40437,24713,100
13100,14104,100
29377,14109,100
13260,13834,100
11849,50150,100
12997,13580,100
4957,4659,100
27499,42868,100
23446,23438,100
16262,25260,99
16264,16261,99
16261,16262,99
23438,25424,99
3005,3560,99
4507,4924,99
18394,18390,99
18390,18397,99
14014,13873,99
11904,10058,99
10058,9285,99
9285,41396,99
2394,42806,99
42806,1479,99
24404,24401,99
11562,9064,99
8862,9006,99
1187,1188,99
24861,24767,99
10700,10287,99
25260,16266,99
9520,9521,99
29366,29367,99
13519,13438,99
8399,8073,99
13247,13290,99
1982,3075,99
16400,25294,99
23936,23913,99
10526,11614,99
2071,2072,99
37713,35053,99
15529,15619,99
15591,15795,99
10524,10526,99
10530,10524,99
24397,745,99
7586,43391,99
43391,43389,99
25296,16285,99
16401,16400,99
12887,12814,99
25294,25296,99
16283,16215,99
23980,22102,99
10426,10530,99
16326,16328,99
36929,35588,99
8123,8422,99
35588,35587,99
9683,9384,99
5763,5266,99
24058,23980,99
47937,47940,99
16179,25277,99
2147,2139,98
43773,43772,98
2146,2147,98
33938,24201,98
8832,11785,98
24201,13341,98
48909,48902,98
8941,11851,98
2145,2146,98
24401,24400,98
12084,12299,98
23947,24001,98
10864,9011,98
35785,35782,98
49698,14186,98
10627,9997,98
13078,13177,98
13169,13078,98
25938,25939,98
41241,8682,98
18121,51615,98
48889,48909,98
24396,24397,98
35801,35774,98
42807,42811,98
27197,27183,98
22103,24783,98
23979,22103,98
9319,9804,98
9804,9805,98
9805,9852,98
49385,6377,98
14599,15723,98
13032,13979,98
24094,24093,98
25891,25892,98
13162,13267,98
9831,10716,98
4122,4123,98
7610,34966,98
9565,10705,98
15429,15430,98
9515,9520,98
18429,21195,98
43814,43811,98
34452,34450,98
14710,2563,98
35837,35501,98
46430,8939,98
825,23357,98
2859,2145,98
13499,13165,98
13251,29352,98
16775,24685,98
14693,14710,98
13587,13033,98
26843,26842,98
2093,2444,98
13223,13111,98
36098,37207,97
9010,10865,97
18413,21083,97
14093,48564,97
14131,14128,97
12932,13320,97
41930,41928,97
22046,7294,97
29428,13250,97
9627,8755,97
17317,35835,97
12408,28311,97
15428,15429,97
11928,9503,97
8870,11928,97
18110,19471,97
13165,13423,97
26322,25982,97
48462,11292,97
36771,11081,97
2117,2151,97
1860,1861,97
35782,35761,97
3075,1996,97
4239,19083,97
593,253,97
35844,1246,97
8422,8124,96
48441,16789,96
49455,43814,96
8121,8122,96
47432,13295,96
50929,49455,96
24135,24717,96
8136,8420,96
8124,34693,96
34693,8421,96
21820,24160,96
13290,13036,96
28566,26821,96
16280,25293,96
25295,16399,96
25293,25295,96
21190,18437,96
25126,16481,96
43813,49431,96
35767,35769,96
8133,8134,96
8324,8133,96
13089,13055,96
13704,13676,96
38685,38683,96
8414,8106,96
4959,4957,96
8120,8121,96
13979,13249,96
4158,4532,96
8135,8136,96
3932,3917,96
18442,18431,96
34998,8117,96
15873,49776,96
25594,26328,96
13083,12999,96
8134,8135,96
16398,16402,96
16399,16398,96
1645,1656,96
14149,49698,96
11573,9724,96
13167,48897,96
11737,8792,96
9421,9544,96
2434,2499,96
16325,16272,96
8420,8120,96
27530,12498,96
16975,16968,96
16481,16479,96
8119,35037,96
12884,12838,96
8118,8119,96
13906,13016,96
8117,8118,96
4573,4959,96
34968,7364,95
13601,13321,95
16313,16314,95
36928,7532,95
25272,16313,95
10437,11554,95
16314,23346,95
16198,23270,95
27598,27294,95
12854,13260,95
22475,24114,95
10436,10437,95
13213,12927,95
13575,12998,95
26842,35958,95
29322,12932,95
25270,25272,95
35762,35764,95
14127,14131,95
35769,35837,95
15795,15631,95
28881,12405,95
34706,34993,95
35755,35757,95
48564,14091,95
35761,35762,95
35757,35767,95
25350,40528,95
7899,7912,95
7913,7899,95
8795,8796,95
8126,7913,95
10318,41932,95
29378,29336,95
15631,15858,95
23363,25350,95
25597,26390,95
13772,13801,95
35837,50942,95
24116,23660,95
13177,13173,95
12916,13939,95
14113,14127,95
16319,25255,95
13053,40636,95
1267,3860,95
3931,3007,95
34631,34336,94
14316,13240,94
13204,38947,94
12927,13210,94
4133,1495,94
29482,29591,94
10083,51826,94
22062,21744,94
19471,20642,94
21685,21686,94
8731,10424,94
9574,10681,94
21474,15563,94
51826,10261,94
13774,12915,94
13766,13213,94
2172,3970,94
8792,9954,94
3588,2172,94
27451,27339,94
49634,4239,94
9866,10224,94
3365,3004,94
24111,24109,94
42811,1294,94
18910,18911,94
23493,23492,94
8796,11459,94
14064,14060,94
23443,23448,94
10224,9867,94
14027,29474,94
13287,14064,94
8675,41244,94
9723,9527,94
23861,23865,94
42785,359,94
23914,23931,94
18362,18371,94
13103,48415,94
24109,21820,94
13210,13212,94
11279,44402,94
29345,14025,94
24640,24756,94
35404,25573,94
24757,24640,94
10791,8818,94
35764,35755,94
18409,18420,93
10324,8749,93
3917,1446,93
11265,11264,93
27177,27530,93
1446,3911,93
3911,1448,93
8745,9433,93
8749,10514,93
42859,13585,93
11637,9445,93
13274,29350,93
12855,12852,93
7948,34860,93
44410,50358,93
13052,13051,93
37207,3815,93
1097,1077,93
51000,23259,93
5325,6373,93
7773,34867,93
34867,34706,93
48719,14094,93
16178,16179,93
5324,5325,93
14092,48719,93
3970,3979,93
41132,11734,93
11228,9510,93
7947,7948,93
9356,8755,93
7394,7395,93
19672,5693,93
38764,38765,93
11807,10732,93
21178,18435,93
26181,26118,93
10710,10588,93
18551,18549,92
24424,24426,92
14040,14032,92
46240,23110,92
3998,3958,92
3894,36097,92
25983,26469,92
24141,24135,92
2360,3532,92
373,391,92
22817,43294,92
1482,4122,92
12812,13520,92
5618,5619,92
13286,14332,92
13935,13919,92
25256,16320,92
10082,10096,92
11648,10082,92
10199,11699,92
13000,13628,92
10408,10116,92
13096,13232,92
7570,7538,92
10435,10436,92
7517,7569,92
9552,8750,92
49903,18395,92
18371,49903,92
13843,13954,92
11699,10016,92
35051,7496,92
10407,10408,92
29476,12912,92
24403,24405,92
4815,4163,92
12912,12980,92
9402,9405,92
42714,42717,92
42717,42720,92
9342,34238,92
8115,8125,92
26813,12771,92
25255,16370,92
16173,16319,92
13816,13818,92
13885,13838,92
9405,9396,92
28638,43374,92
25424,25419,92
48415,48640,92
10840,10847,92
9738,8965,92
40776,13247,92
5319,5320,92
28273,26813,92
8684,9988,92
255,261,92
15623,16801,92
23940,23942,92
10626,9560,91
8106,7806,91
13197,13098,91
10979,11026,91
10131,48447,91
24421,24424,91
8142,34691,91
7416,7417,91
41928,44446,91
10198,10199,91
13639,13133,91
5617,5618,91
20981,18238,91
48447,9498,91
2118,2115,91
23731,24174,91
8141,8142,91
2143,35790,91
2244,2255,91
18158,18146,91
2499,2564,91
8147,8141,91
19379,18193,91
13241,13243,91
49933,49946,91
40898,42654,91
24467,24393,91
7816,7773,91
14023,14589,91
13851,13853,91
34880,7816,91
39128,22110,91
25926,25927,91
34860,34880,91
24284,23322,91
40151,26684,91
4585,4584,91
2243,2244,91
8871,8131,91
14613,25354,91
2738,2733,91
1257,1372,91
50385,13636,91
10209,10407,91
22167,22168,90
26807,26808,90
14472,13740,90
11270,11807,90
16536,16539,90
10534,9958,90
10025,10534,90
823,23697,90
11616,10287,90
14017,14016,90
14659,14653,90
16369,16368,90
29356,29357,90
12298,12245,90
12093,28817,90
10414,10784,90
10515,9730,90
25215,25288,90
21683,22338,90
2038,17506,90
5266,5372,90
11226,9866,90
4848,42434,90
25947,25948,90
26903,26807,90
9958,10532,90
20957,20981,90
10584,10481,90
49117,49102,90
9566,11605,90
9896,11604,90
9566,10432,90
5076,5077,90
11507,9903,90
23756,22661,90
10432,10433,90
35958,26828,90
26828,28566,90
44050,44033,90
43312,43274,90
9619,10722,90
15887,15861,90
22338,21685,90
26821,28273,90
13043,12900,90
9478,8743,90
19372,20945,90
9301,10079,90
11022,8980,89
50625,50631,89
2233,2239,89
34967,7485,89
26654,27622,89
2564,2007,89
7497,35051,89
40643,22099,89
24400,24398,89
16266,23272,89
4511,41743,89
8073,11530,89
10515,10323,89
2008,1959,89
13199,13123,89
258,255,89
25921,25922,89
24239,24250,89
8140,8147,89
21807,23911,89
3033,2008,89
10036,11616,89
14139,14142,89
18912,4173,89
14062,14065,89
34973,7479,89
5072,5073,89
4780,4827,89
7485,34973,89
37713,7497,89
14065,13038,89
372,371,89
24106,773,89
371,368,89
7586,7585,89
2360,3422,89
13842,13927,89
5077,5078,89
13927,13923,89
2007,3033,89
50468,25083,89
15493,15684,89
10025,11757,89
13923,13918,89
368,366,89
1959,2428,89
13247,13979,89
14013,14015,89
5026,4790,89
16331,16329,89
24118,24106,89
13071,12945,89
21276,19372,89
8617,10747,89
13238,12903,89
21552,24155,89
11288,49251,89
16565,16533,89
9574,11511,89
7447,38912,89
18155,19379,88
21083,4676,88
13732,12918,88
7378,7444,88
2612,2613,88
9048,11080,88
13180,13870,88
2613,2539,88
15296,15363,88
20945,20946,88
2618,2612,88
49776,15847,88
532,534,88
194,192,88
20946,20957,88
14108,14111,88
13339,14038,88
49649,49634,88
4213,49649,88
15684,25073,88
2414,17487,88
16093,16094,88
2539,2414,88
15405,25078,88
16092,16093,88
10995,8991,88
16970,17048,88
14101,12865,88
15224,22234,88
22339,22805,88
28242,26795,88
23322,25351,88
10480,10434,88
10434,10435,88
43313,43273,88
46923,22085,88
29370,13039,88
13742,13741,88
9508,9509,88
11510,42300,88
9507,9508,88
9506,9507,88
9614,9506,88
13256,13431,88
1231,48296,88
11826,9738,88
44065,44035,88
16388,16387,88
44033,44065,88
48438,49236,88
7562,7543,88
15301,15296,88
16368,25256,88
23702,24115,88
9475,10683,88
16320,16174,88
24174,24130,88
9324,9373,88
16186,16188,88
13268,13612,88
13612,13079,88
2240,2238,88
4565,4573,88
17583,18910,88
9593,9324,88
13640,13643,88
24130,24131,88
5074,5075,87
10689,10426,87
5809,5810,87
35655,2256,87
24784,33941,87
23973,23747,87
25080,15460,87
11826,8965,87
5073,5074,87
14356,14026,87
24721,431,87
13221,13752,87
5810,4586,87
2264,35655,87
1479,3891,87
4561,6167,87
15392,15620,87
24296,25100,87
4935,5809,87
5078,4935,87
40781,8394,87
22096,24103,87
14325,29378,87
22061,22096,87
40780,40781,87
40779,40780,87
42528,42529,87
374,372,87
15847,15856,87
8394,8138,87
43434,36979,87
5028,4852,87
18547,18551,87
38118,362,87
41162,41164,87
10621,11476,87
11614,11448,87
15845,15862,87
15292,15297,87
2263,2264,87
16177,16176,87
37040,29482,87
7471,7492,87
24156,44900,87
8818,9988,87
13182,38939,87
35624,35622,87
5770,5702,87
42923,39810,87
16513,23291,87
10753,11648,87
5329,5330,87
10095,10753,87
27355,27353,87
27091,27098,87
14128,13052,87
27340,27355,87
19083,19468,87
7535,7588,87
7387,34970,87
7384,7387,87
7394,7384,87
15297,15300,87
26872,40151,87
24104,22059,87
22059,22060,87
37716,50468,87
27089,27091,87
5328,5329,87
37273,11288,87
11229,11265,87
27098,27100,87
18146,19361,87
270,621,87
27622,27918,87
25269,25270,87
2540,2883,87
1946,2540,87
49102,49127,87
34962,7471,87
29516,12925,87
2837,1773,86
5716,5266,86
2238,2236,86
19006,17583,86
27553,25467,86
14294,14296,86
2415,2837,86
13959,13963,86
21308,19006,86
50353,14095,86
4944,4585,86
10193,10226,86
9321,9902,86
3354,2415,86
35500,22430,86
35794,2038,86
10472,10198,86
18911,18912,86
43397,43399,86
27498,27197,86
5715,5716,86
644,16386,86
2816,3557,86
9411,9423,86
8749,8750,86
37466,2756,86
20509,20484,86
22805,21678,86
23945,23938,86
15881,16352,86
26178,26123,86
44035,44068,86
5322,5323,86
48296,1257,86
43932,43397,86
4173,3886,86
3557,3354,86
24149,21868,86
21369,46240,86
6373,5326,86
40776,13090,86
4517,4855,86
42015,11879,86
42012,42015,86
4945,4944,86
40899,618,86
9445,11734,86
19488,4205,86
18972,4213,86
8917,10165,86
25699,25700,86
47449,11293,86
13430,13163,86
195,593,86
36928,8488,85
9803,8751,85
4510,35337,85
15294,15290,85
10960,9029,85
14189,14152,85
14152,29464,85
13918,50332,85
17557,18428,85
43277,43279,85
13038,13039,85
18420,5240,85
20484,3193,85
10107,10472,85
356,354,85
24237,42514,85
589,507,85
25918,25975,85
5743,5744,85
5744,5705,85
34633,34648,85
42786,355,85
34490,34633,85
42862,13602,85
44962,9619,85
16097,16098,85
15594,25125,85
14045,29432,85
26261,26262,85
13334,29347,85
14202,14198,85
24855,24155,85
13329,12990,85
5762,5696,85
15290,15289,85
24099,24101,85
25125,15818,85
14091,12865,85
11510,9432,85
5323,5324,85
12837,48265,85
25093,15351,85
5479,5478,85
3368,3228,85
42708,42714,84
2786,2316,84
24393,24396,84
24119,24111,84
15908,15878,84
26103,26104,84
9600,10320,84
9320,9321,84
13581,13557,84
51281,23104,84
10236,8468,84
19086,18004,84
11625,8963,84
29383,29378,84
366,356,84
12886,12831,84
25268,25269,84
26405,27523,84
21686,15623,84
4746,4548,84
15844,90,84
38723,24005,84
5714,5715,84
13179,13096,84
10034,10037,84
13975,29428,84
16520,16495,84
10716,11292,84
34630,34452,84
11467,9533,84
3886,3887,84
10071,11756,84
25349,37245,84
7486,7372,84
18707,18712,84
15883,15807,84
34970,7486,84
50485,14607,84
27350,27357,84
9738,10444,84
7516,8493,84
235,601,84
9505,10517,84
16204,23270,84
590,235,84
34632,34630,84
13934,13026,84
25351,25349,84
34646,34335,84
362,365,84
365,532,84
22825,23596,84
8489,7504,84
13570,49933,84
11294,10790,83
1915,3862,83
48269,24722,83
1961,1962,83
1950,1960,83
1960,3163,83
3163,1961,83
4502,4913,83
4728,4502,83
13747,13750,83
13963,44307,83
8467,8468,83
4655,4971,83
1962,1963,83
48361,8751,83
48362,48361,83
1963,2560,83
2560,2561,83
24116,23731,83
5701,5770,83
9509,9615,83
50380,16268,83
24178,24129,83
13046,13906,83
35337,42257,83
13231,13046,83
1996,3897,83
13834,13836,83
15841,16180,83
9411,9712,83
39169,39168,83
43443,43441,83
327,330,83
25467,49279,83
14497,13151,83
47051,43442,83
13369,13367,83
4791,4729,83
18366,5168,83
35694,23316,83
13123,13332,83
37608,37607,83
48703,40536,83
265,42654,83
18425,4517,83
13270,13231,83
290,282,83
17999,21276,83
43275,43313,83
24420,24421,83
41133,11160,83
13039,33862,83
27622,28915,83
25833,44001,83
13835,12826,83
12826,13829,83
13567,13534,83
5307,6385,83
6385,49385,83
18451,18452,83
10716,37251,83
25543,25544,83
21520,24141,83
25930,37420,83
25657,25712,83
16405,16278,83
5429,5430,82
50491,15224,82
15833,15787,82
4471,4472,82
4472,4470,82
40740,42460,82
9395,9822,82
9522,9551,82
10063,11700,82
10033,11467,82
8905,44888,82
35685,40740,82
13635,13329,82
3612,2171,82
3970,3612,82
7444,10886,82
4475,4471,82
3547,1774,82
1773,1772,82
11543,11848,82
11612,51942,82
51942,10467,82
10517,8871,82
9793,48362,82
13000,29516,82
9970,10063,82
34677,7575,82
5058,4547,82
4547,4546,82
4546,4538,82
7372,7375,82
14545,13902,82
25838,28614,82
4980,4598,82
10647,10627,82
13609,13063,82
9615,9915,82
7493,7386,82
13151,14025,82
13153,13093,82
13931,13929,82
16328,16330,82
25107,22309,82
10443,10101,82
9969,9970,82
358,599,82
7375,7378,82
3974,2381,82
29352,14556,82
18041,17995,82
23256,25084,82
15288,15291,82
10039,11821,82
13218,13907,82
5327,5336,82
13019,29482,82
23924,23920,82
10754,44419,82
35848,9552,82
11738,10061,82
10779,35848,82
13682,13685,81
34273,10846,81
9468,9586,81
10237,9468,81
35851,35850,81
3096,35852,81
13148,13149,81
4087,4088,81
16417,16315,81
41754,39169,81
43857,37273,81
13036,13182,81
13920,13731,81
15460,51863,81
25138,15711,81
24142,49994,81
14773,14819,81
4514,4613,81
41753,41754,81
1495,1480,81
16279,15697,81
5097,17999,81
35795,35797,81
18480,4650,81
42529,14198,81
257,254,81
10492,10519,81
18401,4855,81
38858,43857,81
12481,28315,81
12436,12481,81
11275,10962,81
43272,43312,81
7556,7632,81
44425,4514,81
1842,1782,81
17315,35794,81
4205,18972,81
13318,13701,81
11897,10193,81
13037,13039,81
11161,41132,81
15851,15618,81
16478,16480,81
9394,9401,81
23860,15593,81
24001,23999,81
24250,24252,81
23658,23779,81
24254,24420,81
12946,13239,81
9620,10012,81
13629,13786,81
13657,29635,81
9582,9583,81
9408,9394,81
9583,9624,81
24296,16326,81
15787,15851,81
28671,43373,81
5701,5702,81
18452,21186,81
9514,9579,81
14004,29457,81
13629,29476,81
9624,9514,81
19295,18815,80
2022,2437,80
11604,9824,80
10155,10111,80
15711,13197,80
23873,23874,80
27472,27340,80
8899,51199,80
4614,5058,80
4613,4614,80
4971,4206,80
25545,25546,80
42865,29323,80
22063,22065,80
16259,43195,80
772,21865,80
21865,24040,80
10747,47449,80
25948,43374,80
24177,21821,80
12930,29424,80
29371,29385,80
13840,13843,80
18387,18386,80
591,636,80
13989,13219,80
18712,18717,80
11060,11055,80
23977,23979,80
25588,25589,80
22261,21675,80
14202,14200,80
14200,14197,80
2473,2474,80
16198,16204,80
6718,20534,80
12917,13920,80
13925,12917,80
8750,10472,80
41243,10109,80
10161,10162,80
11055,10400,80
506,333,80
10162,10155,80
3843,3998,80
3897,17316,80
16279,15806,80
15806,15594,80
2654,1906,80
21389,23977,80
35802,3016,80
42100,26207,80
643,644,80
10159,10161,80
10158,10159,80
9331,9332,79
27238,26536,79
13637,13070,79
9502,8857,79
44370,16305,79
42435,5141,79
27225,27238,79
9972,10775,79
23973,24092,79
37528,13916,79
4744,4725,79
13166,13071,79
18845,4744,79
14036,14039,79
9592,9331,79
9295,9592,79
10274,9295,79
13836,13840,79
14040,14033,79
14033,14035,79
27547,27553,79
14035,14036,79
605,604,79
5428,5429,79
617,621,79
23459,15491,79
16188,16189,79
21318,14599,79
13557,13554,79
10216,10292,79
50480,13103,79
10292,10293,79
10293,10294,79
662,708,79
29310,13322,79
47449,47451,79
29480,51284,79
7504,7566,79
21507,23883,79
15856,15603,79
14095,14093,79
25206,41463,79
2582,35625,79
35945,3115,79
41995,42005,79
7481,8390,79
13785,12988,79
5081,4571,79
2266,2267,79
43395,43932,79
2267,2582,79
4853,4850,79
4850,5081,79
14094,13183,79
23910,23982,78
23982,23986,78
10433,10480,78
14193,51271,78
1953,1955,78
10455,10456,78
10289,10290,78
2883,1947,78
1947,1953,78
7533,7580,78
18718,18707,78
15644,16362,78
10294,10291,78
22179,23158,78
3922,1433,78
10425,11738,78
13844,13772,78
22065,22066,78
13439,13604,78
19749,19750,78
13028,14081,78
4634,19086,78
23071,22179,78
10473,9802,78
2381,1267,78
16611,16613,78
24112,24114,78
10290,11894,78
18717,18723,78
44589,13318,78
15818,15796,78
18723,20480,78
11008,10984,78
7607,7343,78
10472,10473,78
24040,24045,78
44419,42300,78
44260,43698,78
2017,2018,78
5141,5165,78
13667,50608,78
40905,41448,78
8468,22110,78
22252,22164,78
22164,22165,78
16783,16784,78
12950,13158,78
4648,18425,78
4647,4648,78
11502,11897,78
254,267,78
16362,24296,78
7469,7607,78
1433,3920,78
13363,29418,78
37245,40643,78
9693,9376,78
38123,9693,78
5760,18691,78
11018,11009,78
11009,11008,78
23357,44249,78
10984,10980,78
1776,2832,78
1223,1231,78
24427,24425,78
7530,7482,77
10204,10652,77
4678,18845,77
14193,49372,77
51528,13306,77
11286,11068,77
13891,13893,77
29052,12436,77
2358,1461,77
7417,7392,77
14667,14659,77
10203,10204,77
10610,10618,77
15688,15527,77
10191,9972,77
13208,13209,77
13209,12928,77
12928,13211,77
13211,12920,77
43811,41163,77
24251,24240,77
9971,10191,77
24426,24428,77
24000,24025,77
10868,9017,77
25280,16689,77
6254,4530,77
5425,5426,77
5426,5428,77
22430,23972,77
13835,12855,77
13734,13720,77
43708,43700,77
13118,13117,77
7343,7394,77
323,353,77
13173,13787,77
2114,2119,77
11070,38858,77
16268,16338,77
24252,24254,77
34491,34631,77
22235,2563,77
10236,10264,77
34110,24638,77
23885,23756,77
5091,5092,77
35592,38909,77
29344,29345,77
8964,9743,77
10652,10205,77
13026,13925,77
13581,13583,77
1782,3336,77
9552,10179,77
1288,1304,77
3336,1783,77
15255,16891,77
812,23702,77
16891,22079,77
20621,20265,77
1397,1365,77
2287,2288,76
26536,27237,76
22966,24115,76
24091,24093,76
9046,40026,76
2286,2287,76
2285,2286,76
10848,11282,76
3887,17148,76
1910,2738,76
34463,34468,76
16799,24639,76
29349,29336,76
2427,3234,76
44260,51674,76
15862,15644,76
13595,47406,76
2963,3922,76
41603,27361,76
25698,25699,76
3972,35852,76
3096,3972,76
21818,24743,76
23316,23320,76
16789,33938,76
18728,18718,76
9986,8832,76
18235,21289,76
13382,25362,76
21289,20954,76
250,35170,76
44068,44051,76
43519,25405,76
25878,27623,76
44051,44053,76
4156,21178,76
24115,22477,76
13725,12841,76
2167,2170,76
41171,41050,76
13556,13561,76
13889,13885,76
35623,2331,76
2331,2328,76
8731,10617,76
2329,2504,76
2504,16988,76
3090,2427,76
23259,44370,76
14125,29568,76
5468,5467,76
43856,38857,76
5469,5468,76
40793,40794,76
16182,16404,76
2328,2329,76
27814,27815,76
9893,9564,76
8870,8871,76
4154,4156,76
4155,4154,76
13647,13821,76
26968,39249,75
5761,5762,75
13067,24659,75
1783,3329,75
16182,25207,75
7570,8063,75
23287,23711,75
16533,717,75
717,24704,75
9558,9556,75
35057,7653,75
35798,35796,75
2534,2666,75
22073,22074,75
11136,8899,75
21191,4152,75
3584,2229,75
29350,23098,75
3583,3584,75
311,327,75
13228,44421,75
7426,8392,75
18004,4214,75
24143,21872,75
3497,3280,75
1228,1222,75
9015,9009,75
24423,24422,75
9513,9614,75
9512,9513,75
9302,9512,75
24425,24423,75
10335,10564,75
9013,9014,75
9014,9015,75
3280,3583,75
44692,23924,75
15694,44692,75
27815,11966,75
24096,21389,75
14114,14112,75
4088,4132,75
13662,13661,75
50608,44473,75
14130,14114,75
5318,5319,75
5317,5318,75
46526,50803,75
47341,46526,75
46901,47341,75
14129,14130,75
10564,10025,75
47173,46901,75
13338,13151,75
13879,13863,75
9863,9864,75
4725,5020,75
5020,49559,75
9864,11227,75
35334,35335,75
25697,25698,75
34073,24995,75
38947,13354,75
12952,12945,75
24115,24113,75
20954,21288,75
9296,11226,75
4805,4678,75
11228,9296,75
203,198,75
9352,10084,75
4512,4980,75
21274,19369,75
3431,3402,75
23938,23931,75
16407,15802,74
51800,51802,74
16406,16407,74
13274,49731,74
431,430,74
12848,13700,74
18738,18728,74
16977,3368,74
13751,13942,74
23415,23873,74
3020,2732,74
42514,14297,74
10987,9033,74
430,617,74
9032,10987,74
16514,16515,74
24016,772,74
22803,15866,74
22072,22073,74
26349,25522,74
19911,5231,74
15625,22964,74
13216,13234,74
9031,9032,74
23893,16799,74
49988,21872,74
9431,9413,74
13239,13713,74
2719,3020,74
4596,17557,74
17444,2719,74
7545,7632,74
12968,13328,74
615,48521,74
29384,43555,74
5735,5736,74
9526,11502,74
23920,23909,74
5734,5735,74
26403,25880,74
48521,589,74
1271,42830,74
35402,26052,74
35464,4630,74
44252,16766,74
19369,4780,74
49939,14661,74
4549,47851,74
18747,18738,74
41542,26970,74
13357,42863,74
13357,13109,74
8073,8399,74
13109,13167,74
2731,17444,74
18488,18480,74
18737,18747,74
2709,2731,74
20794,18737,74
12828,13816,74
2863,2709,74
48403,13580,74
2149,2859,74
48083,13575,74
13518,13519,74
13522,13518,74
42863,13522,74
13556,13560,73
7380,7444,73
48911,14207,73
24129,811,73
44375,40637,73
13091,14319,73
24638,23839,73
40778,9730,73
11426,10071,73
11511,9434,73
34987,34989,73
15861,15715,73
22340,15887,73
12245,25860,73
9663,9635,73
10157,11617,73
8163,34727,73
41006,8157,73
1365,1256,73
27819,28512,73
42696,8162,73
17550,17542,73
12920,14349,73
9046,10754,73
8162,8163,73
18385,21111,73
7804,7805,73
28512,27831,73
2910,36108,73
21388,21600,73
27831,11969,73
7401,7402,73
15613,21506,73
21506,24861,73
4523,4524,73
7805,7911,73
16781,16782,73
15799,15797,73
18544,18547,73
24253,24251,73
11259,11073,73
1478,42807,73
12862,12839,73
12839,12848,73
18550,18561,73
11966,27819,73
10011,9599,73
49359,9663,73
8418,7804,73
35010,34987,73
9442,10444,73
9635,9481,73
9374,10011,73
35035,34864,73
34864,7973,73
7973,8418,73
10156,10157,73
801,24120,73
24024,23999,73
46555,46717,73
14075,29365,73
23711,16534,73
21507,15616,73
22476,24119,73
43771,42664,73
23147,23071,73
9425,9426,73
9426,9555,73
9555,9557,73
9557,9559,73
24083,24158,73
724,374,73
24105,22476,73
37730,38682,73
25688,25689,73
24766,24105,73
42664,43770,73
16761,16760,73
9559,9730,73
13339,14344,73
24743,24178,73
9822,37730,73
9560,9561,73
13421,13427,73
10101,9566,73
50559,46555,73
13328,12975,73
9561,9558,73
47935,50929,72
51255,41161,72
48297,1228,72
2803,3370,72
21270,17748,72
11880,10790,72
42024,41955,72
44059,44036,72
4620,5034,72
10780,8750,72
507,590,72
49784,10747,72
16372,16377,72
13893,13954,72
3807,3348,72
10954,11279,72
29463,14005,72
11878,10712,72
13610,13063,72
3348,3352,72
3952,2167,72
3352,2970,72
3370,2863,72
46288,46661,72
13150,13357,72
2158,2159,72
14165,29402,72
50560,50559,72
33943,90,72
12975,47432,72
28884,47884,72
46490,50560,72
50930,46288,72
11094,11120,72
44471,50609,72
23217,16850,72
46925,50930,72
18238,18239,72
10226,8703,72
775,24145,72
10084,10236,72
16824,25107,72
21470,21471,72
10775,8667,72
29462,12973,72
10959,40742,72
10844,51255,72
50150,44418,72
44060,44062,72
46976,46490,72
16770,16761,72
4910,4476,72
7535,49848,72
3487,2149,72
25656,26138,72
4876,6864,72
4108,4109,72
23294,16207,72
26138,25657,72
6864,4746,72
25130,15830,72
2159,3487,72
4911,4910,72
38908,35049,72
12932,13204,72
11610,10119,72
15617,25130,72
13864,13001,72
18450,18451,71
16116,44329,71
43319,13368,71
8942,10334,71
42460,44887,71
16315,16199,71
2047,2028,71
9292,9291,71
44470,44471,71
14297,14295,71
7516,7519,71
9402,51369,71
23976,24095,71
38857,11071,71
15860,15859,71
24736,22339,71
16800,24736,71
13089,49925,71
23122,23123,71
41680,35010,71
332,506,71
7597,7439,71
35011,41680,71
25929,25930,71
10101,8965,71
14112,29377,71
24202,24211,71
190,191,71
13054,14129,71
191,193,71
11264,9533,71
17182,41946,71
193,195,71
15407,25076,71
1269,2066,71
15618,15392,71
1207,1223,71
44881,44879,71
2094,2617,71
44697,15866,71
22075,22076,71
1861,1868,71
11090,11080,71
2323,2910,71
11605,11628,71
15427,15428,71
13635,12946,71
13820,12844,71
2139,2114,71
29339,14100,71
42762,1780,71
19321,18806,71
24095,24094,71
48270,24722,71
24704,16536,71
24755,24666,71
9590,10132,71
7427,7428,71
9021,8863,71
44879,44878,71
21288,19371,71
4200,18235,71
8794,8795,71
7344,7394,71
811,812,71
19371,21274,71
2617,3782,71
9553,50399,70
4491,4486,70
4486,4489,70
33861,13255,70
18431,18470,70
8488,7647,70
4489,4490,70
9031,11004,70
37607,20621,70
16230,23362,70
7505,7507,70
14731,438,70
13747,14092,70
13814,13820,70
23465,33899,70
26255,26279,70
7652,7621,70
26279,41961,70
33899,23461,70
7578,7557,70
9451,42718,70
4490,5028,70
42718,42715,70
25925,25926,70
23217,34140,70
27520,27481,70
8828,8829,70
33905,23465,70
13523,33861,70
48200,5266,70
4511,4728,70
34168,34169,70
23492,33905,70
34169,11873,70
7621,7505,70
3858,3975,70
384,49939,70
13428,49994,70
2477,2586,70
2586,2298,70
2298,2296,70
25325,41599,70
44873,44880,70
24738,21476,70
14364,29416,70
1109,1097,70
23885,23882,70
15830,22095,70
28817,12298,70
4759,4677,70
1987,1988,70
11003,8983,70
20739,4656,70
11756,11563,70
40778,38681,70
1985,1986,70
2303,2477,70
22070,22071,70
23882,24756,70
13055,13569,70
29384,13367,70
24158,43756,70
48294,25092,70
14602,14603,70
3423,3009,70
3009,2305,70
35290,40898,70
21476,21880,70
38681,9896,70
16480,15812,70
2305,2302,70
2302,2303,70
1986,1987,70
2085,1271,70
16147,43374,70
42161,26266,70
24920,14693,70
8646,47411,70
709,376,70
48903,48896,70
22095,15788,70
29483,12932,70
3512,3858,70
11292,10742,70
2072,3512,70
11563,8942,70
14316,40636,70
4524,4570,70
3725,3726,70
38112,42161,70
19361,41675,70
5717,5763,70
13156,13218,70
39129,22063,70
14295,14293,70
23448,15487,69
15798,977,69
13817,12829,69
5330,5335,69
20534,4168,69
26104,25694,69
13004,14475,69
38682,50150,69
26301,26103,69
38683,10618,69
13475,13503,69
14296,42515,69
7355,7444,69
21111,21117,69
43273,13475,69
207,194,69
15487,23459,69
25694,41246,69
15831,15871,69
10846,37260,69
13180,13159,69
5085,4590,69
34989,50860,69
41929,41931,69
25515,38112,69
15800,15798,69
37785,9053,69
3815,3611,69
9301,11229,69
48870,15407,69
13503,13505,69
17994,18040,69
34546,34489,69
15722,16369,69
7459,38912,69
17148,1478,69
7498,8487,69
10716,9046,69
25092,44250,69
9392,9677,69
9391,9392,69
16289,21692,69
1256,48297,69
9457,46430,69
12914,13596,69
18549,18550,69
3956,48889,69
15990,25918,69
23415,23871,69
44759,25712,69
4615,5059,69
11726,11744,69
636,35170,69
14343,29345,69
13225,13608,69
3382,3895,69
13505,13511,69
13511,49936,69
45041,12881,69
47843,23363,69
24200,25080,69
15426,15427,69
10440,10441,69
13133,29476,69
26969,27589,69
24398,24395,69
2755,2090,69
18822,6713,69
2044,2868,69
24666,15625,69
24422,24419,69
3895,2044,69
12890,38945,69
12990,12890,68
2046,2434,68
25924,25925,68
9791,9785,68
24419,24253,68
12828,12982,68
43220,44088,68
44088,44086,68
44086,44083,68
44083,44400,68
44081,44079,68
25551,15355,68
25550,25551,68
7486,41216,68
25975,26330,68
16305,16180,68
10225,47016,68
5312,5313,68
9790,9791,68
34695,8414,68
8187,34695,68
35036,8187,68
21675,15611,68
13232,13049,68
25254,16687,68
13901,13903,68
13044,15831,68
10502,10503,68
51811,43748,68
49934,13540,68
16594,16592,68
13586,13575,68
8132,8123,68
24032,21314,68
25362,24086,68
8421,8131,68
8132,34998,68
13601,29310,68
25918,25919,68
34993,39712,68
13708,13707,68
24162,24165,68
25150,25151,68
8122,34707,68
15499,33894,68
5673,5312,68
2970,2816,68
4842,4841,68
18704,20796,68
1774,1776,68
1772,3547,68
10236,44258,68
50150,10846,68
13634,14338,68
9382,9458,68
24016,25358,68
4677,4804,68
18844,4759,68
4724,18844,68
15616,24768,68
12221,27350,68
25940,25941,68
13251,13288,68
49357,8977,68
29371,14165,68
3381,3382,68
9799,9790,68
20796,20794,68
47094,47119,68
4841,4513,68
41977,42013,68
26369,26372,68
36090,26369,68
12029,36090,68
4506,4529,68
12946,13704,68
42013,42012,68
11879,11291,68
41976,41977,68
50398,41976,68
8935,10689,68
42300,10846,68
13565,12914,67
7907,34842,67
8293,8294,67
8294,7905,67
7905,36845,67
36845,7907,67
11873,8636,67
9294,9563,67
8291,8292,67
10328,10627,67
16387,16168,67
42796,42799,67
8292,8293,67
2070,2078,67
22060,24117,67
3986,2070,67
24119,22061,67
2078,2080,67
44446,41929,67
43399,9831,67
25996,26185,67
46976,46717,67
13225,13607,67
22964,16824,67
41463,24497,67
49843,15273,67
2482,2503,67
42798,42796,67
51635,13636,67
18437,21272,67
8183,8105,67
26115,25707,67
13184,33818,67
358,42786,67
2229,2235,67
24405,14602,67
25367,23316,67
10439,10440,67
51714,34465,67
10438,10439,67
11554,10438,67
7492,7487,67
43276,43271,67
23875,23872,67
50007,21368,67
21366,50007,67
25585,25586,67
46838,46206,67
41243,10018,67
8156,34934,67
12847,12823,67
34934,34935,67
24179,24164,67
26262,35688,67
4492,4487,67
34935,34712,67
34712,34936,67
34936,34728,67
46373,46838,67
4487,4494,67
24177,24179,67
4494,4912,67
4912,4591,67
25707,26261,67
332,522,67
13279,13184,67
12847,49387,67
21272,21166,67
21472,24787,67
21471,21472,67
49633,49614,67
4214,49633,67
4473,4474,67
8226,35034,67
35034,35036,67
24039,24015,67
13070,13639,67
10995,10400,67
13410,13407,67
13405,13409,67
15391,15617,67
42801,42798,67
14078,44375,67
17181,17182,67
17180,17181,67
50250,43519,67
7186,17180,67
3951,7186,67
13407,13405,67
2695,3804,67
34861,8226,67
8326,34861,67
44543,44542,67
8751,11750,67
9334,9301,67
25338,15493,67
11227,9334,67
9028,9029,67
4469,4473,67
22172,22173,67
21588,29342,67
13802,13844,67
13087,13030,67
8325,8326,67
13417,13410,67
9552,9894,67
13193,12930,67
44659,13259,66
43317,43315,66
33818,50353,66
27595,28881,66
43315,44537,66
6377,5693,66
13676,13129,66
46635,9664,66
16506,16505,66
5069,4491,66
25153,25152,66
13322,29322,66
43389,7534,66
27460,27449,66
27477,27460,66
27357,27477,66
7533,49850,66
49850,49822,66
49822,38909,66
18561,18507,66
47411,10745,66
4586,4842,66
34277,13849,66
26848,25810,66
26659,26438,66
48903,2395,66
21880,12959,66
41048,4659,66
15271,15275,66
11922,9362,66
15275,15360,66
19831,6719,66
18971,21308,66
3803,2179,66
25548,25549,66
7547,7557,66
16687,16688,66
9362,9442,66
49545,21302,66
21302,4724,66
25151,25264,66
4894,4876,66
13453,29647,66
10500,10501,66
43700,8862,66
4735,4741,66
49976,4735,66
2676,1786,66
42929,39819,66
3329,1785,66
4015,42929,66
8945,10710,66
10097,8945,66
39821,4015,66
4586,5013,66
13277,29482,66
2018,3732,66
12881,13318,66
16034,23861,66
10951,11279,66
7430,7447,66
7606,7469,66
11266,11270,66
42697,8302,66
8296,42697,66
34964,7606,66
15604,15906,66
10499,10500,66
4493,5069,66
18193,6063,66
50649,41930,66
35047,8487,66
24164,24162,66
10647,9609,66
50382,188,66
8734,11543,66
3521,16977,66
15358,15439,66
13320,49715,66
14549,12825,66
188,190,66
12888,12844,66
4913,4493,66
4529,4704,66
14497,14023,66
43387,7535,66
39522,43387,66
13659,13682,65
43743,41022,65
22062,39129,65
7605,34965,65
8368,42698,65
42698,8297,65
13785,13787,65
15686,15799,65
1952,3234,65
44413,23115,65
24180,24178,65
9053,10790,65
2737,2258,65
41022,262,65
44410,9000,65
2257,2737,65
18815,19321,65
42193,6718,65
14612,50485,65
16008,16007,65
47982,11880,65
14010,14532,65
2501,3423,65
2255,2257,65
25917,25918,65
25134,50260,65
4511,5026,65
21330,21331,65
17468,2263,65
13619,13267,65
15990,25917,65
858,24404,65
49466,9959,65
24163,24180,65
38910,7605,65
12876,13813,65
40528,25280,65
2330,35624,65
34495,51617,65
42721,41164,65
34714,34996,65
8160,34714,65
8157,8160,65
20503,16970,65
9808,10108,65
13173,12988,65
8184,8185,65
25712,50730,65
8185,35033,65
41932,50649,65
35033,8211,65
11177,11175,65
8211,35054,65
35054,35022,65
35022,35026,65
35026,34715,65
34715,8325,65
34996,42696,65
2327,2330,65
11175,11287,65
11706,11924,65
10961,10963,65
42689,505,65
14836,14807,65
10113,50932,65
14807,14765,65
10256,10233,65
34213,10256,65
11924,34213,65
3611,3812,65
11629,11706,65
2488,2327,65
2868,3611,65
14184,14181,65
3722,2322,65
2503,36130,65
17048,3493,65
36130,2326,65
2326,2488,65
47940,8168,65
34727,47937,65
14144,29460,65
29340,29371,65
26347,26349,65
26207,43488,65
14101,29336,65
8851,11734,65
29344,14038,65
14335,13502,65
43488,26347,65
13502,43272,65
9446,8851,65
10745,10283,65
28311,28211,65
13512,14335,65
13056,13058,65
10243,10409,65
9416,9904,65
13636,12946,65
9904,9545,65
13152,14062,65
11174,11176,65
11287,11174,65
5722,5721,65
10409,43209,65
2395,2402,64
23884,25113,64
9401,9665,64
25113,23876,64
8677,10018,64
3378,16977,64
27830,27820,64
10247,8668,64
26477,25513,64
13186,13004,64
23158,40437,64
48438,13186,64
8832,10247,64
3804,2665,64
11821,10780,64
29378,29373,64
7651,7643,64
11007,11010,64
11010,11017,64
9893,10179,64
7570,7508,64
4909,5190,64
8999,10847,64
38132,38130,64
43793,38134,64
38134,38132,64
4704,4649,64
15859,15686,64
24738,12959,64
2363,2364,64
5085,18370,64
7473,7474,64
7474,7470,64
14013,14545,64
10617,9802,64
321,323,64
48061,44243,64
34157,34158,64
319,321,64
9748,9808,64
24455,23981,64
40742,10952,64
7912,8415,64
23983,24455,64
43314,50625,64
13374,13379,64
44304,38723,64
38128,10216,64
38130,38128,64
13088,43314,64
27833,27830,64
4132,4133,64
13214,13103,64
23876,23877,64
23110,21367,64
3367,3378,64
16592,16540,64
14060,29343,64
11294,29342,64
14038,13274,64
2563,3797,64
22168,22129,64
14269,29435,64
7836,34862,64
34862,34823,64
13019,13268,64
34823,35030,64
48912,1296,64
16354,16008,64
35030,34878,64
34878,35032,64
35032,7879,64
10394,11266,64
11001,11014,64
25941,25947,64
26266,26265,64
14751,14773,64
25152,25150,64
26265,25496,64
13136,13730,64
13520,13517,64
8843,9498,64
16505,16608,64
11014,11016,64
16613,16506,64
16622,16625,64
9899,9900,64
25709,25672,64
25672,25650,64
41809,39174,64
16524,16594,64
10621,50484,64
4790,49976,64
38911,7347,64
13053,13203,64
25538,26488,64
26488,42099,64
11072,35685,64
361,360,64
16299,16300,64
29480,50480,64
13228,12998,64
23865,23872,64
16417,16299,64
4163,18401,64
4152,18448,64
3931,1249,63
505,48520,63
29425,14354,63
29460,29425,63
17538,17551,63
49106,49152,63
10424,9677,63
2045,3817,63
14342,13465,63
25927,25928,63
9744,10013,63
35825,3812,63
48520,509,63
10013,10102,63
13889,13891,63
10102,9542,63
8704,8667,63
14078,29365,63
10921,10927,63
16968,3951,63
13465,43277,63
591,264,63
7562,35060,63
8677,41244,63
4527,4525,63
10951,10950,63
4470,4909,63
2501,2358,63
10950,10924,63
10924,10921,63
6378,43945,63
10514,11865,63
5343,6378,63
11532,9391,63
10016,11532,63
5342,5343,63
29385,14165,63
11800,10073,63
9740,10780,63
24029,24031,63
9542,11800,63
9650,9338,63
10073,10074,63
8826,9810,63
8734,48481,63
4485,4492,63
43395,9830,63
24208,25081,63
7877,7878,63
13156,13895,63
7878,7836,63
35622,3724,63
3724,3324,63
11923,10416,63
8825,8826,63
16794,24213,63
3324,35801,63
26345,28603,63
28603,28604,63
28604,12029,63
39494,39493,63
39493,39490,63
3265,20503,63
10489,11923,63
10074,9649,63
7432,7433,63
9649,9337,63
9337,9650,63
28863,39790,63
47884,27550,63
9338,11922,63
509,440,63
27822,27823,63
8040,38149,63
14045,13251,63
24295,15697,63
16608,16513,63
7431,7432,63
2909,3723,63
10415,10486,63
10486,10487,63
10487,10488,63
16603,16604,63
5034,35465,63
10488,10489,63
43435,44409,63
50260,33942,63
43689,643,63
14085,14086,63
14083,14085,63
44054,17234,63
35047,7541,63
14185,14183,63
13796,13797,63
1107,3491,63
14009,14083,63
14183,13195,63
13195,14084,63
14533,14009,63
1294,3956,63
13671,13685,63
19769,19457,63
14084,14010,63
10034,38589,63
38590,10037,63
34879,7895,63
7840,34879,63
7894,7840,63
7953,7894,63
7952,7953,63
8139,8140,63
14086,14184,63
13907,13048,63
49988,24855,63
41462,25266,63
24763,16006,63
23839,23665,63
13055,13223,63
23665,34217,63
16287,50554,63
13286,13287,63
21390,21391,63
25132,15860,63
19455,4888,63
13428,21520,63
10309,10025,63
50554,43689,63
8395,8139,63
25210,16298,63
299,301,63
24240,24237,63
13797,12929,63
24768,24755,62
29464,14143,62
16330,16325,62
27589,27598,62
7412,7413,62
8851,8703,62
12952,49226,62
43981,43982,62
24157,759,62
9385,9378,62
7498,8063,62
8419,8324,62
8458,8074,62
21669,43981,62
24020,13375,62
11844,9674,62
14186,14190,62
25126,21669,62
16570,16571,62
15413,15414,62
24146,24145,62
10036,38589,62
9378,9380,62
23884,15715,62
38127,38129,62
23104,15305,62
2561,2017,62
192,189,62
11894,38127,62
9379,9630,62
12824,13113,62
1222,1197,62
11999,27507,62
37040,13319,62
1636,14707,62
15273,15274,62
9617,9318,62
9318,9302,62
38129,38131,62
2966,2080,62
15305,23122,62
34968,7445,62
38131,38133,62
24178,801,62
38133,43793,62
9380,9379,62
43793,10205,62
13863,12816,62
15876,15391,62
11093,11080,62
43982,15802,62
21588,24468,62
38590,11616,62
43209,10210,62
37786,43793,62
14283,14286,62
43931,9424,62
49131,49157,62
22249,22110,62
13971,13913,62
2402,51258,62
27283,27298,62
27281,27283,62
27277,27278,62
44542,43144,62
44544,44543,62
27276,27277,62
13913,13977,62
5243,18442,62
3915,2285,62
49116,49122,62
14182,14185,62
24390,24429,62
24429,24427,62
34465,41801,62
23877,23879,62
13517,13521,62
9966,9335,62
13521,13523,62
9335,9336,62
9336,11719,62
11719,9313,62
47828,5048,62
9313,9314,62
9314,9539,62
26503,28231,62
12944,13202,62
49152,49095,62
13768,13781,62
10716,10446,62
13098,12905,62
22359,21887,62
16801,23893,62
27509,28071,62
324,320,62
13082,13768,62
35826,3368,62
35037,8419,62
49121,49116,62
13234,13169,62
12905,13216,62
11908,38685,62
4817,4527,62
29373,29349,62
3899,1249,62
38911,7389,62
14135,14137,62
34027,22359,62
9595,10484,62
13991,14135,62
4922,44425,62
2803,3486,62
27820,27822,62
9618,9616,61
3818,2410,61
2384,3970,61
13048,12931,61
8752,51199,61
13318,13740,61
2410,2384,61
39712,35011,61
7472,34967,61
13040,33862,61
49754,49757,61
14057,14076,61
40794,41165,61
43775,43768,61
3862,1948,61
27823,27813,61
3328,2021,61
7479,34966,61
7434,7435,61
26496,26689,61
22661,21682,61
1928,1929,61
15865,23596,61
21682,21683,61
7910,8458,61
16370,15868,61
13057,13113,61
11757,9836,61
13664,13671,61
16604,40646,61
24995,39638,61
23956,48249,61
25990,25930,61
27228,26433,61
10874,11136,61
43596,25210,61
2472,2240,61
27298,27299,61
10886,11135,61
27232,27228,61
27567,27232,61
5435,5436,61
24309,23880,61
34493,34491,61
11824,10790,61
26502,26503,61
13118,12944,61
7435,7436,61
44250,16766,61
2956,3328,61
27096,27089,61
4509,5026,61
10016,11750,61
18108,19374,61
10740,10283,61
3821,2804,61
9420,9416,61
16545,23287,61
11003,10999,61
4649,4673,61
9910,46460,61
46460,46635,61
4848,4914,61
4914,4488,61
4488,4499,61
4499,4485,61
14111,14113,61
29465,13193,61
27280,27279,61
751,728,61
49138,49112,61
42894,41020,61
49103,49104,61
7958,7945,61
8401,7982,61
7982,7952,61
10042,10071,61
10563,10042,61
40024,10563,61
10287,9652,61
48543,51471,61
15910,48543,61
16489,15910,61
37529,13524,61
48601,49938,61
17004,38278,61
50521,4620,61
13051,14104,61
10664,11452,61
41045,41048,61
2392,3265,61
4086,4087,61
39249,39484,61
1951,1952,61
1954,1951,61
34489,34662,61
10201,10217,61
1984,1954,61
9289,10491,61
10366,9289,61
10217,10203,61
9366,9393,60
9393,10688,60
10135,9366,60
9894,9742,60
15814,15503,60
2079,2620,60
49112,49154,60
9395,9544,60
12918,13919,60
13135,29419,60
10108,51553,60
24002,23945,60
24000,24002,60
9728,9381,60
9368,9369,60
29348,13956,60
10176,9894,60
3931,2179,60
6254,41045,60
12815,13856,60
7416,7422,60
43946,43944,60
43944,50872,60
50872,5699,60
14187,14190,60
29478,13136,60
13733,29478,60
5705,5727,60
21887,34118,60
5266,6059,60
7385,7482,60
16115,16116,60
25087,12884,60
49104,49119,60
5719,5718,60
9369,9728,60
14008,12973,60
6155,6314,60
42434,4597,60
49120,49131,60
49142,49120,60
49141,49142,60
2235,2964,60
3921,2229,60
14286,14289,60
29335,42864,60
5231,20694,60
18691,7197,60
20695,5760,60
42515,24239,60
20694,20695,60
75,22361,60
44409,44412,60
29588,14126,60
49090,49121,60
12963,29350,60
14054,38939,60
9553,7381,60
9891,10615,60
10715,8818,60
41241,10715,60
40026,11632,60
26108,26205,60
41664,41662,60
41639,18121,60
7554,35586,60
13088,50631,60
13643,13645,60
51621,51622,60
10727,11715,60
23112,21393,60
49153,49125,60
34118,75,60
49111,49153,60
13873,13003,60
4923,44425,60
13642,13641,60
13841,13838,60
1785,2676,60
34513,34516,60
3346,3347,60
34518,34521,60
36107,3722,60
7642,7643,60
13818,12888,60
1786,3346,60
19750,20850,60
34526,34513,60
4657,5027,60
22166,22167,60
26472,44759,60
13726,43652,60
5027,4923,60
16504,16508,60
26151,37420,60
35625,2476,60
11534,9922,60
39497,39494,60
34527,34517,60
13712,13238,60
34517,34518,60
2091,2085,60
9688,9689,60
3486,3821,60
16535,16545,60
14016,14014,60
15812,16264,60
49675,8862,60
3347,3806,60
14181,14187,60
34516,34527,60
13140,41237,59
42868,27498,59
29355,29356,59
2316,2314,59
9521,9301,59
35835,35791,59
14040,14042,59
5721,5720,59
49122,49134,59
5720,5719,59
13372,24021,59
7444,10775,59
14059,14076,59
34090,22291,59
10864,11258,59
23343,23345,59
28840,28146,59
24708,16572,59
29323,29337,59
4125,4126,59
29337,13442,59
13821,13814,59
39490,39489,59
18370,21165,59
21165,4590,59
29480,13103,59
13644,13642,59
3353,2531,59
18446,21191,59
7876,7877,59
16593,16595,59
16537,16593,59
13896,13157,59
44053,44059,59
16689,16292,59
19457,19455,59
21120,21115,59
10113,9652,59
14141,14144,59
1989,3353,59
49144,49090,59
7408,7409,59
8668,10743,59
22356,22357,59
21367,23112,59
49114,49144,59
27101,27096,59
27102,27101,59
27980,27102,59
27993,27980,59
41743,4657,59
23734,22934,59
16297,25240,59
42965,42923,59
7942,7943,59
9475,49354,59
9616,9617,59
9408,51002,59
13534,47429,59
8966,9733,59
13149,13524,59
25207,16297,59
10745,10740,59
5689,5761,59
51003,10012,59
2151,3977,59
49147,49111,59
8999,43801,59
9376,9373,59
51002,38123,59
13274,15989,59
11785,50399,59
42158,27547,59
49253,11035,59
49113,49103,59
34161,34156,59
18780,34161,59
2314,2479,59
16007,16009,59
9599,51003,59
9021,11282,59
11258,9009,59
44630,44152,59
49126,49138,59
16212,16259,59
18418,19424,59
34754,8075,59
16186,16189,59
44036,44038,59
14472,13701,59
44038,44060,59
24021,25358,59
49096,49126,59
26371,26370,58
8750,43224,58
10319,51116,58
15372,38393,58
28607,26342,58
26370,36091,58
5238,18382,58
36091,28605,58
28605,28607,58
13956,13364,58
12025,48397,58
1398,1391,58
13693,13686,58
13686,13684,58
13561,13586,58
21398,21414,58
10131,8839,58
21414,21415,58
14338,13206,58
2061,2966,58
27278,27281,58
48363,12824,58
49252,11028,58
10106,9688,58
44135,24208,58
14028,14497,58
16542,16544,58
26404,26405,58
39180,39178,58
48397,26353,58
8794,9971,58
4741,4878,58
15342,22256,58
16792,16793,58
5168,4968,58
26251,12025,58
16791,16792,58
41961,29303,58
46548,9973,58
46743,46548,58
16332,16325,58
44687,13693,58
13883,13878,58
13878,13879,58
23031,23032,58
23032,22192,58
23878,21330,58
89,15611,58
10501,10458,58
13371,43319,58
37264,11600,58
10449,37264,58
8973,10449,58
12987,12823,58
13036,29355,58
1862,1860,58
51654,48452,58
14188,14182,58
14197,14188,58
25597,25549,58
9842,11426,58
37624,37623,58
10840,47400,58
10251,8073,58
318,300,58
1868,2061,58
27449,27451,58
15503,50229,58
11093,11090,58
9449,11731,58
25297,25104,58
14589,14024,58
27594,12731,58
13257,24763,58
8752,7381,58
9448,9449,58
49387,13206,58
11864,9448,58
13951,13991,58
1636,15233,58
12889,13726,58
34168,49731,58
1168,1669,58
2230,3719,58
26405,27801,58
26890,28332,58
3719,2470,58
34522,34526,58
28332,28189,58
28189,28190,58
25104,40643,58
35290,249,58
2028,3327,58
3402,2786,58
43555,29623,58
21365,21366,58
2435,2436,58
2050,2572,58
11030,41664,58
15639,47843,58
23273,825,58
50627,50633,58
1877,3962,58
9830,9831,58
6719,34159,58
3327,1995,58
51759,50627,58
3367,35826,58
47119,44258,58
13721,13724,58
29521,14350,58
13902,13158,57
25353,24389,57
13001,13870,57
25271,23344,57
26526,26255,57
7488,7489,57
4126,4127,57
4127,4128,57
13687,13691,57
13691,13718,57
4129,1752,57
10185,9551,57
14218,14213,57
16004,50681,57
23747,24096,57
13708,43652,57
48363,14549,57
24468,12962,57
8468,21588,57
4924,4666,57
22633,35,57
5070,5071,57
9739,10481,57
10584,9565,57
4008,43345,57
49119,49114,57
17542,17569,57
16067,16068,57
13721,13732,57
43945,43947,57
17558,17550,57
49154,49113,57
17571,17558,57
17579,17571,57
10688,10424,57
9902,10185,57
22097,21412,57
16285,16363,57
49322,33943,57
2657,1187,57
26489,26516,57
16780,24216,57
13659,13683,57
1937,1938,57
1939,1937,57
2733,1939,57
10441,10442,57
10442,10443,57
22234,592,57
11445,10193,57
2309,2310,57
10320,9809,57
2310,2501,57
24216,24219,57
41200,26489,57
9016,10868,57
16573,16574,57
28839,28840,57
20370,19867,57
13059,50385,57
25240,25246,57
11081,41495,57
43983,16416,57
16416,15813,57
51619,34635,57
10457,10502,57
1938,2431,57
9828,9829,57
2581,2269,57
44063,44061,57
13406,48757,57
48757,13408,57
17317,2158,57
13408,13411,57
13411,13416,57
42456,39792,57
49139,49147,57
49118,49139,57
14115,14116,57
1752,1753,57
33819,14115,57
50345,33819,57
13434,13426,57
50648,44444,57
25685,28927,57
17,23658,57
26106,25685,57
40449,26477,57
42123,40449,57
41931,50648,57
2269,2266,57
25514,25530,57
3373,17200,57
24166,24163,57
7489,41217,57
13896,13883,57
49128,49140,57
49140,49141,57
8037,8217,57
13116,13256,57
33942,49283,57
3734,3731,57
3732,3734,57
3632,2206,57
14045,33862,57
14027,29477,57
25941,25942,57
41672,18116,57
22934,16770,57
25557,25558,57
25556,25557,57
5694,5696,57
25205,41462,57
9605,9604,57
23997,23983,57
18443,18444,57
22079,16892,57
23345,16312,57
16312,25271,57
13689,13681,57
13160,14294,57
7463,7464,56
7360,7463,56
7445,7372,56
39825,39823,56
49697,13148,56
9446,8664,56
13990,13994,56
12405,12406,56
7403,7360,56
37260,10775,56
44466,13483,56
7464,7408,56
14707,14692,56
34336,34632,56
12982,12847,56
13380,13387,56
13387,25362,56
46257,48463,56
22071,38143,56
27850,27848,56
34971,34970,56
39790,39788,56
34970,7473,56
13473,13477,56
13483,29634,56
15619,49741,56
16508,16507,56
11011,11019,56
35291,18418,56
20581,20582,56
23280,24273,56
20582,20583,56
7402,7403,56
15224,22235,56
28838,28839,56
39484,27587,56
10964,10958,56
16817,16818,56
16818,16819,56
16819,16820,56
10135,10016,56
35687,10874,56
13379,13380,56
7400,7401,56
7909,8321,56
8466,7909,56
3806,3807,56
1480,1397,56
25273,23363,56
41660,11028,56
11027,11034,56
11019,11018,56
8038,8099,56
16784,16790,56
21872,13170,56
16778,16794,56
37257,10106,56
7399,7400,56
11814,10170,56
7398,7399,56
9522,9320,56
10062,9809,56
7470,7484,56
244,250,56
237,244,56
26304,25934,56
18423,5617,56
18434,18423,56
23902,24995,56
23898,22709,56
8100,8037,56
8099,8100,56
16777,16778,56
37065,9690,56
16496,16516,56
11034,11011,56
34529,34525,56
42003,41993,56
17580,17777,56
13862,13880,56
17777,4226,56
21600,21390,56
24057,33940,56
550,549,56
51149,34529,56
44197,27814,56
15988,15989,56
3296,17449,56
17449,3424,56
16272,16354,56
554,550,56
23698,43521,56
13742,13358,56
34525,34522,56
4594,4631,56
8848,10132,56
50229,43328,56
3424,1305,56
21668,16418,56
16303,21668,56
25278,16303,56
41993,34962,56
21851,49731,56
13596,12887,56
13919,50332,56
13781,13779,56
13998,13999,56
1661,3296,56
13994,13998,56
44429,44430,56
20580,20581,56
46254,11814,56
42005,42003,56
20579,20580,56
41742,4729,56
20578,20579,56
21331,23885,56
42485,42483,56
11700,10065,55
1053,3785,55
3422,3532,55
7062,37624,55
21692,16288,55
14960,14836,55
15499,23493,55
22668,24046,55
24020,29582,55
2317,2587,55
13972,13975,55
15351,24199,55
27842,27864,55
23739,785,55
29418,13972,55
2479,2317,55
10514,10776,55
10452,10455,55
23363,43260,55
10491,9515,55
26123,12026,55
26122,43749,55
49117,49128,55
1936,2769,55
17208,1053,55
1042,17208,55
4878,4872,55
1975,1936,55
4872,5082,55
13787,13638,55
40426,44758,55
10065,10066,55
10066,9793,55
10430,11068,55
27236,28591,55
9438,9603,55
9396,9620,55
28591,28693,55
10179,10415,55
15343,15344,55
15344,15345,55
34226,34881,55
2587,2309,55
34881,7772,55
15345,15348,55
7772,34868,55
13255,51418,55
21419,22097,55
13420,24157,55
16988,2908,55
14039,29345,55
13354,13067,55
2701,2894,55
15898,15354,55
2894,3182,55
9375,9374,55
15905,15856,55
23927,23940,55
27237,29221,55
15313,15366,55
14603,24410,55
16900,51281,55
23103,16900,55
15366,15365,55
14351,14132,55
13738,13306,55
3372,3521,55
13036,12898,55
15360,22076,55
42004,41994,55
14075,38939,55
26557,27850,55
16798,23892,55
49155,49118,55
23114,44413,55
13174,13290,55
2650,2651,55
26519,25494,55
15315,15313,55
12900,40775,55
25494,42100,55
18448,18449,55
5621,5622,55
23119,23121,55
15365,15381,55
23117,23119,55
24410,24413,55
14348,22235,55
18470,35332,55
13683,13687,55
4632,4667,55
9733,49074,55
24413,24416,55
14613,23927,55
13306,12849,55
1908,1910,55
13479,29634,55
44061,44017,55
1974,1975,55
25692,26106,55
16797,16798,55
23344,16377,55
24416,24417,55
1973,1974,55
41495,11094,54
42694,39482,54
4504,41876,54
10926,10920,54
5741,5742,54
2742,2315,54
4633,18481,54
42099,26292,54
10920,10923,54
41843,26511,54
11792,50937,54
13959,13961,54
37720,23375,54
49600,49599,54
27591,12730,54
13332,13916,54
13483,14508,54
48897,13569,54
27240,28838,54
13961,14000,54
49582,49586,54
198,207,54
49586,49600,54
8990,48353,54
10925,10952,54
10923,10925,54
23375,23370,54
24500,24499,54
5739,5740,54
34468,46616,54
27284,27280,54
10929,10926,54
4157,4151,54
3548,3521,54
9733,9627,54
16538,16543,54
16555,16538,54
16559,16555,54
41162,42722,54
16558,16559,54
24126,23660,54
13257,13428,54
25686,26263,54
10097,37257,54
25705,25686,54
28928,25705,54
10061,51553,54
5742,5743,54
11813,10176,54
13198,13924,54
13783,13775,54
13779,13783,54
4676,4655,54
21151,4157,54
26330,25978,54
37723,37722,54
18824,18822,54
27135,27137,54
24711,41599,54
37721,37720,54
21166,20819,54
27297,27284,54
18449,18450,54
13499,51418,54
34995,8038,54
27522,27904,54
37722,37721,54
27294,39497,54
10985,8991,54
13780,44255,54
42971,8399,54
11015,11013,54
11013,11000,54
13784,13780,54
13777,13784,54
12893,48083,54
21117,43147,54
7543,7545,54
21314,24028,54
14197,14189,54
2297,2299,54
2363,2535,54
13295,12952,54
23779,25134,54
9681,11726,54
43279,13448,54
3181,3870,54
4111,1757,54
39962,12945,54
2232,2230,54
25540,27415,54
2740,37466,54
49226,13322,54
15351,15877,54
21627,21628,54
21115,18413,54
27801,27520,54
28671,25688,54
26567,27802,54
25566,25567,54
2535,2297,54
14368,14283,54
13183,50345,54
3369,3521,54
21375,21607,54
13479,13487,54
23273,25367,53
9910,8977,53
51809,44547,53
41955,43372,53
14343,14047,53
12893,48601,53
23346,16401,53
9053,8750,53
34450,34490,53
9305,9740,53
15909,48656,53
13035,38940,53
9538,9305,53
3881,3939,53
35632,3602,53
2091,2084,53
10079,9538,53
14607,15219,53
29634,13488,53
14214,14217,53
14210,14214,53
14041,14032,53
9686,9370,53
10087,9686,53
20722,20308,53
23912,23910,53
23986,43148,53
13159,13865,53
44374,44376,53
13865,13852,53
12963,23418,53
21391,21392,53
25650,25640,53
25640,28906,53
741,25205,53
43286,13453,53
23113,23114,53
26293,25626,53
19596,19597,53
19593,19596,53
39052,5313,53
19867,19593,53
12980,12929,53
5271,5272,53
23905,23898,53
701,23294,53
18456,21167,53
14378,29415,53
2028,2045,53
23936,23912,53
308,319,53
48656,15907,53
29461,29436,53
21126,4158,53
9590,8844,53
12929,13112,53
24091,23747,53
15606,25136,53
44590,10775,53
34868,7775,53
2300,2301,53
2299,2300,53
44888,35686,53
35686,35687,53
9741,9297,53
3491,1092,53
7775,7776,53
13638,13166,53
9894,9741,53
7950,7951,53
14047,13040,53
14497,13339,53
13932,13363,53
15622,15621,53
24028,24024,53
29482,13356,53
13120,13035,53
26538,11978,53
13880,13882,53
15409,15411,53
13478,13474,53
50378,16287,53
22360,16751,53
2301,2674,53
24722,23950,53
9306,9510,53
9298,10704,53
10233,11904,53
2674,2360,53
9297,9298,53
7951,7974,53
22895,23859,53
16618,16616,53
13378,13373,53
3069,3932,53
9545,11847,53
10686,10089,53
2832,42762,53
2474,17468,53
4763,4875,53
2279,2274,53
15395,15393,53
25070,15395,53
11537,10686,53
9390,10087,53
10089,9389,53
43147,4665,53
2274,2272,53
9389,9390,53
21790,38673,53
23320,48441,53
3322,3981,52
16382,23277,52
7504,7643,52
46616,51620,52
23362,16382,52
3981,2157,52
320,309,52
13500,47442,52
2160,3322,52
4202,18971,52
27550,28891,52
9519,9306,52
9530,9519,52
51804,23115,52
438,49949,52
9518,9530,52
13667,13652,52
22966,23731,52
3115,2739,52
13320,13354,52
49949,615,52
25530,25598,52
25558,11934,52
783,823,52
49105,49156,52
13712,13727,52
35105,51618,52
23106,15327,52
17581,17574,52
24124,811,52
49234,89,52
17569,17581,52
13574,42146,52
42146,13585,52
16814,16754,52
25598,25606,52
21946,22292,52
49993,21946,52
49327,24099,52
24146,49327,52
9016,9017,52
23117,49843,52
49156,49155,52
51569,12007,52
13730,13319,52
49108,49105,52
25606,26306,52
6063,7062,52
13127,29488,52
16540,16535,52
2882,3381,52
24395,24394,52
16061,16062,52
13787,13630,52
12910,13730,52
1170,1207,52
39791,47256,52
2294,2295,52
2585,2294,52
2296,2585,52
15722,16338,52
27499,26608,52
27590,26968,52
11725,11813,52
10071,10272,52
76,22943,52
592,237,52
14047,29352,52
25252,25251,52
47825,5048,52
47858,5048,52
2572,2021,52
40646,16557,52
27286,27287,52
5012,4570,52
27287,26967,52
4650,18385,52
25090,15479,52
15411,25090,52
4596,18428,52
26215,25543,52
23962,23647,52
13951,13990,52
51116,10107,52
12924,12990,52
4506,21126,52
39827,39825,52
29464,29463,52
13247,14477,52
24120,24117,52
14024,13151,52
18458,18442,52
38939,29370,52
24045,24032,52
14293,14291,52
16610,16504,52
27300,27297,52
5011,5012,52
10732,9518,52
21678,21679,52
29416,13189,52
3019,2623,52
2623,17443,52
17443,2624,52
9553,10446,52
48862,858,52
9488,49359,52
2624,17440,52
17440,2864,52
2864,2865,52
2865,3369,52
7355,7356,52
27899,26654,52
25565,25566,52
24443,24441,52
2706,3019,52
19597,4220,52
23960,48249,52
5269,5270,52
43373,28637,52
9803,8732,52
12963,25092,52
23967,23960,52
5270,5271,52
13079,12925,52
16394,16392,51
13740,13179,51
12432,29047,51
7776,7950,51
26592,26591,51
16036,15683,51
25246,701,51
11969,27605,51
4924,50258,51
38673,309,51
43290,42865,51
11742,8743,51
16396,16394,51
9371,9999,51
41660,11022,51
13201,13932,51
12543,29052,51
16787,16788,51
9999,9998,51
9998,9367,51
5740,5741,51
251,250,51
16786,16787,51
43148,43486,51
43316,44006,51
44535,43316,51
25930,43370,51
43289,13412,51
44536,44535,51
49614,4202,51
3602,3603,51
13661,44474,51
22235,24920,51
13924,13933,51
246,251,51
245,246,51
2469,2231,51
9832,11537,51
243,245,51
5335,5700,51
10088,9832,51
9367,10088,51
11135,35681,51
5459,5328,51
2468,2469,51
21594,21473,51
9405,11624,51
1915,1946,51
5082,20370,51
11624,9646,51
35420,4548,51
6315,35420,51
2066,3986,51
13107,13500,51
1858,1854,51
1669,17477,51
12852,12879,51
8274,7766,51
29304,25538,51
3186,2841,51
2272,2581,51
16330,16332,51
23874,23878,51
21880,13170,51
14029,13337,51
51564,43931,51
40423,39363,51
29482,42863,51
22092,22094,51
8734,10846,51
12931,13955,51
37211,37210,51
13955,13842,51
2258,2473,51
10176,9564,51
37214,37211,51
16595,16525,51
2964,2233,51
1854,1855,51
44960,10236,51
2920,1858,51
25809,26848,51
1456,1447,51
23003,16814,51
11270,11269,51
16813,23003,51
13523,13150,51
16811,16813,51
43984,15841,51
4151,18376,51
42470,43287,51
51116,10062,51
43287,42080,51
20190,19840,51
4123,4008,51
49584,49582,51
39815,39813,51
21993,37719,51
4968,4479,51
3290,2920,51
21473,21595,51
4128,4129,51
37719,37718,51
37718,34128,51
23370,21993,51
39813,42965,51
40150,26531,51
16525,16526,51
5470,5469,50
5471,5470,50
5473,5472,50
5472,5471,50
43770,43769,50
11275,10954,50
10668,10542,50
10324,8734,50
5736,5737,50
8639,10131,50
18407,20722,50
18389,18407,50
10131,8844,50
5737,5738,50
5738,5739,50
8731,8732,50
1804,1806,50
10775,10776,50
39620,35402,50
41165,41163,50
50500,47442,50
5474,5473,50
10535,10536,50
24097,786,50
26437,27225,50
42484,42486,50
29629,13378,50
42721,41163,50
10845,10844,50
10136,11793,50
16619,16624,50
16624,16623,50
3193,17050,50
47136,49357,50
47116,8614,50
24345,601,50
13409,13418,50
14356,14343,50
35682,42460,50
16751,34027,50
1304,1320,50
3119,17337,50
46319,42484,50
17337,3170,50
10075,37833,50
10015,47136,50
24100,24097,50
10014,9743,50
24102,24100,50
11921,10014,50
9541,11921,50
22929,22930,50
10588,51564,50
24639,22929,50
2288,2289,50
37833,9541,50
2289,2268,50
3223,2666,50
41751,39170,50
39170,41809,50
2892,2893,50
13418,13421,50
35413,35411,50
7503,8488,50
49115,49108,50
2502,35837,50
14613,23944,50
40531,643,50
5599,20618,50
40530,40531,50
3497,3920,50
40529,40530,50
12007,27522,50
3341,3342,50
2711,3373,50
2157,2711,50
20641,20578,50
16791,42894,50
3342,3343,50
35411,4598,50
13143,13634,50
48435,29512,50
10671,10541,50
13127,48083,50
1855,1853,50
1853,2056,50
2056,3074,50
3074,2057,50
2057,2071,50
2191,2208,50
2189,2212,50
27507,27509,50
28926,41956,50
16752,24646,50
14198,49372,50
23730,783,50
16336,701,50
25266,16336,50
49983,49993,50
49991,49983,50
34662,34492,50
2208,2189,50
10540,10671,50
10536,10537,50
300,299,50
15670,25098,50
10537,10672,50
35587,7559,50
308,318,50
25591,25592,50
44458,13439,50
44421,48080,50
43434,43436,50
22117,22236,50
10672,10538,50
13189,14367,50
34736,34738,50
21270,19672,50
38955,14364,50
25581,25582,50
23762,15592,50
14290,14285,50
23076,23147,50
40535,43593,50
42147,34736,50
42148,42147,50
10538,10539,50
10539,10540,50
20438,19703,50
2359,2306,50
22236,22118,50
11847,11844,50
10542,10543,50
20848,20438,50
9427,9424,49
20437,20849,49
34492,51621,49
26531,25809,49
1320,1350,49
42653,19704,49
20849,39145,49
4131,4086,49
51471,15908,49
18020,18015,49
9556,9427,49
51617,34493,49
39144,20848,49
9543,9648,49
3181,51258,49
20458,20437,49
51270,13319,49
20850,41639,49
13604,13619,49
10949,11059,49
21362,21374,49
13163,44003,49
42460,43699,49
43699,42714,49
40792,51170,49
1403,1482,49
4505,6326,49
6004,37203,49
36797,11072,49
19524,20267,49
9415,9523,49
4168,19524,49
2589,2176,49
21607,21363,49
2176,3599,49
9648,9415,49
34265,20703,49
9681,50932,49
14039,14344,49
14059,29358,49
1163,1155,49
19704,20458,49
26162,25929,49
25949,25950,49
22162,22163,49
2470,2615,49
18507,35332,49
11289,10664,49
2615,3223,49
48352,11060,49
25833,26849,49
2052,3588,49
49756,49773,49
34728,41006,49
38149,8156,49
11727,10647,49
28117,26471,49
26130,27622,49
26471,26472,49
24791,22092,49
34720,34721,49
49421,25949,49
3860,3983,49
4658,4504,49
34719,34720,49
34159,18780,49
25689,27794,49
16352,35694,49
16917,23106,49
13356,41132,49
15886,15709,49
48709,12858,49
15813,15812,49
15694,24722,49
25584,25585,49
49161,9829,49
18239,18366,49
36102,3932,49
3899,36102,49
3159,3160,49
1447,1432,49
1432,1422,49
49981,13049,49
14205,14207,49
25102,15630,49
16479,16482,49
27575,27572,49
27583,27575,49
26435,26437,49
50379,23259,49
2906,2323,49
15877,15898,49
2907,2906,49
2908,2907,49
8145,8441,49
8107,8108,49
8108,8146,49
12837,48294,49
9915,9582,49
28680,25902,49
14475,13637,49
8832,41242,49
10069,9990,49
15631,24757,49
3878,3201,49
25583,25584,49
5382,5384,49
29499,14167,49
14287,14290,49
25546,25547,49
27873,27835,49
7604,9043,49
44473,12862,49
35613,8457,49
5373,5313,49
20776,18389,49
5321,5322,49
16384,16383,49
5733,5734,49
9738,9651,49
16307,15806,49
5380,5382,49
10320,10108,49
7443,7395,49
16100,16101,49
16101,16102,49
27904,28106,49
24319,16172,49
7901,7914,49
7914,7803,49
7803,34696,49
34696,8423,49
39168,41810,49
13392,29335,49
13440,13392,49
785,21868,49
24103,23739,49
742,751,49
1350,3142,49
2481,2483,49
41992,42002,49
22640,23704,49
25928,26162,49
41217,41992,49
13088,13135,49
3142,1360,49
42002,42004,49
21722,22640,49
15363,15370,48
2212,2213,48
2218,2181,48
2181,2193,48
2193,2197,48
2197,2196,48
10124,9711,48
47857,18704,48
21037,4857,48
15327,23002,48
41020,39302,48
16598,16596,48
24214,16779,48
16779,16795,48
13091,13483,48
35796,2243,48
1052,1047,48
12891,12845,48
10209,10158,48
3340,3341,48
13822,13648,48
2466,2218,48
3726,3786,48
21675,49234,48
247,242,48
238,236,48
211,238,48
240,211,48
242,240,48
21679,22340,48
14285,14284,48
9934,9935,48
3793,2102,48
2102,3811,48
3811,3881,48
9935,9936,48
13060,13057,48
3786,2466,48
24046,24083,48
249,247,48
9936,10666,48
40506,40505,48
40505,40504,48
618,49924,48
2391,2633,48
49924,605,48
2480,2484,48
2213,2944,48
236,243,48
24158,13419,48
14234,14231,48
26331,25922,48
25226,16390,48
11294,16289,48
11878,11294,48
47449,11878,48
42670,42676,48
42676,51956,48
3949,3544,48
27806,27909,48
5467,5466,48
5466,5465,48
5465,5459,48
34735,42148,48
16491,16004,48
15991,16622,48
8439,41132,48
13619,51966,48
42674,42670,48
16482,16230,48
9056,27833,48
37260,8750,48
27361,25971,48
35681,35682,48
13829,13819,48
14765,24345,48
37110,14800,48
48481,37260,48
23084,23055,48
16099,16100,48
42668,42671,48
38806,26872,48
24035,24784,48
26333,26331,48
16105,23222,48
16218,16401,48
51966,43787,48
25540,25541,48
24497,742,48
13762,13764,48
44878,51387,48
34647,34654,48
14121,14365,48
25582,25583,48
25589,25590,48
13208,13762,48
13764,12920,48
44884,44881,48
2580,1099,48
2069,2067,48
28231,41843,48
13083,12968,48
29588,13052,48
34217,17,48
25292,25291,48
44877,44884,48
25247,25254,48
22357,34073,48
25250,25247,48
33910,25250,48
44243,17623,48
11059,41170,48
35302,8733,48
19555,19556,48
15848,25138,48
8446,8395,48
15842,15848,48
18814,19295,48
43205,50502,48
26068,28926,48
15859,977,48
41135,8446,48
40150,26873,48
42671,42674,48
25223,25226,48
22085,16909,48
27352,27354,48
14291,14492,48
4584,38762,48
38762,38761,48
38761,6167,48
21591,21469,48
14492,14489,48
3894,3819,48
3819,2959,48
6863,35419,48
35419,6159,48
6159,35415,48
35415,35413,48
2959,2956,48
2089,2086,48
38765,4945,48
41046,41048,48
2086,2087,48
49545,41046,48
24015,24017,48
14352,29521,48
14355,14077,48
29407,29450,48
14605,15224,48
11813,10177,48
39820,39817,48
39817,39815,48
22817,13386,48
13386,29629,48
25092,25102,48
14142,14149,48
44681,44695,48
26434,26435,48
27354,28656,48
2661,2373,48
2306,2476,48
3975,3974,48
15298,15301,48
21589,29342,48
2084,2079,48
3173,3174,48
17338,3173,48
13761,13212,48
21317,21818,48
10979,11007,48
16202,24336,48
13763,13761,48
29432,13334,48
35302,11725,48
25229,25223,48
8262,8263,48
27293,39718,48
42546,324,48
14603,24409,48
24409,827,48
2067,2068,47
44053,44054,47
51672,38861,47
18195,21062,47
42738,42737,47
13933,13931,47
27288,27285,47
26966,27288,47
11234,9046,47
43396,49161,47
44882,44883,47
22315,23221,47
2571,42438,47
3921,2650,47
26511,38806,47
39830,40543,47
13499,48435,47
2068,2071,47
15671,15873,47
40543,43346,47
3061,1269,47
3983,3061,47
23261,15868,47
43398,43396,47
29435,29465,47
15274,15270,47
35823,3952,47
15603,15529,47
13054,14351,47
2807,2720,47
2720,2721,47
39177,39179,47
12876,13644,47
16539,16537,47
18470,18544,47
16479,24273,47
10086,11878,47
16606,16603,47
2567,3563,47
27136,27134,47
13988,13993,47
10287,11897,47
24374,16606,47
16602,24374,47
38162,22252,47
16566,24133,47
44876,44270,47
44270,44268,47
44268,44263,47
9425,10710,47
10790,43400,47
43400,43398,47
14556,14057,47
15378,15900,47
2769,1928,47
28588,28589,47
19314,6004,47
1360,17212,47
2855,3308,47
3308,3032,47
17551,17565,47
17570,17538,47
44152,44151,47
41045,41047,47
41047,49559,47
43147,21092,47
39638,22822,47
26413,26414,47
24717,775,47
11002,10591,47
786,24057,47
24738,21880,47
11031,11030,47
38763,5071,47
14024,13911,47
10927,10955,47
10955,10961,47
23697,23707,47
23707,23708,47
7392,43317,47
8426,8114,47
8425,8426,47
49283,22356,47
8424,8425,47
13265,12831,47
17565,17578,47
17578,6618,47
13274,11291,47
42711,42715,47
23942,23962,47
26700,26874,47
24031,24044,47
24044,24039,47
9048,16289,47
18481,4194,47
4194,19264,47
42840,17004,47
13731,13720,47
13712,12841,47
3785,1644,47
42712,42711,47
20267,20713,47
1372,1403,47
42719,42712,47
4206,4200,47
14644,14642,47
26414,26415,47
49133,49115,47
49148,49133,47
49091,49148,47
49099,49091,47
2523,2501,47
6887,20639,47
7835,8424,47
10281,8734,47
16623,16621,47
49986,44163,47
25110,15842,47
15528,25110,47
24038,21316,47
25101,15532,47
25122,25101,47
16795,23347,47
49741,25122,47
43521,43520,47
22181,21945,47
21945,49982,47
49982,49986,47
39713,34992,47
23697,21722,47
23295,24284,47
29344,14344,47
27835,27817,47
25092,25338,47
48265,25092,47
14042,13341,47
15592,34134,47
36095,36096,47
15816,25120,47
25120,23762,47
26516,43616,47
15746,15747,47
25404,23534,47
7902,7834,47
5476,5475,47
16110,16278,47
16112,16110,47
25209,16112,47
16345,25209,47
27809,27904,47
27522,27809,47
24127,24131,47
5285,5671,47
5671,5672,47
5478,5477,47
5477,5476,47
5475,5474,47
7651,7504,47
5696,5729,47
5729,5732,47
5732,5733,47
5327,5328,47
34140,16850,47
5372,6059,47
48275,29350,47
25547,25548,47
7578,7632,47
17629,44341,47
25553,25554,47
15532,15528,47
49415,27974,47
23892,16800,47
19550,19551,47
14213,14220,47
15295,15294,47
14220,14222,47
14222,14225,47
35797,2240,47
15289,15349,47
15349,15350,47
15350,15292,47
23747,22520,47
14394,38955,47
2254,35795,47
13056,49715,47
27825,44199,46
12866,12888,46
22822,49322,46
16094,16097,46
14002,13996,46
13996,13988,46
1758,17002,46
13852,13861,46
17200,2090,46
14819,49205,46
4243,19877,46
21304,4243,46
3166,3167,46
3167,34296,46
43210,3169,46
3860,2855,46
3169,3112,46
27481,48117,46
25810,46257,46
14350,13052,46
1862,3694,46
3694,3290,46
25068,25067,46
16288,26405,46
27353,27989,46
28614,12221,46
39829,39827,46
7546,7559,46
11812,10171,46
5723,5722,46
5726,5725,46
10171,11813,46
9289,9292,46
20224,21304,46
34772,8109,46
1047,1043,46
8109,40779,46
15812,15868,46
12975,14595,46
8138,34866,46
4875,19821,46
27459,27450,46
16283,16286,46
34866,34698,46
34698,41135,46
18108,20435,46
20435,19749,46
41215,34969,46
27660,11933,46
11477,9064,46
16289,16147,46
2373,2660,46
27989,27993,46
15478,25089,46
27339,27472,46
25089,25068,46
11552,9361,46
39311,13188,46
27371,27376,46
47442,37529,46
22188,22220,46
241,661,46
3470,1997,46
11741,11726,46
13127,12858,46
2478,2502,46
3229,2478,46
11066,11070,46
27356,27351,46
11785,10615,46
11235,41133,46
22062,22063,46
2756,36107,46
9651,9359,46
3389,3390,46
24713,41599,46
4806,4203,46
21062,4806,46
38143,22072,46
16168,43978,46
43978,16137,46
22165,40735,46
16892,22080,46
34650,43382,46
364,361,46
36108,35945,46
11004,11070,46
29415,14363,46
13501,13494,46
23153,23154,46
23083,23153,46
9359,10122,46
10122,11552,46
48664,9310,46
9361,10076,46
10076,10075,46
50639,29514,46
14140,13236,46
13509,50639,46
4815,4647,46
16489,44135,46
14081,13053,46
21363,21364,46
8969,9911,46
34648,34647,46
44883,44876,46
13658,13657,46
34649,34457,46
29635,13679,46
3815,2040,46
2040,2042,46
2042,2043,46
2043,2438,46
2438,2439,46
2439,2882,46
16782,16783,46
16917,15343,46
33940,970,46
2502,3402,46
48242,5048,46
811,23730,46
9563,9515,46
2509,1802,46
1569,4133,46
1802,1803,46
7556,7557,46
7547,7551,46
9291,9294,46
1803,1804,46
50238,43584,46
43388,43390,46
16282,16215,46
9878,9581,46
10121,9914,46
10704,9303,46
9303,9878,46
622,48959,46
48959,541,46
9316,9317,46
6895,19769,46
9451,42719,46
9311,9315,46
18807,19323,46
9898,9707,46
14167,51436,46
2419,2509,46
2239,35798,46
9310,9311,46
43390,7580,46
4859,21009,46
9315,9316,46
4734,4805,46
25973,50238,46
44400,44081,46
13221,13306,45
13079,13628,45
2254,2880,45
8250,40905,45
26114,26171,45
26070,26069,45
7026,6863,45
4549,4505,45
6314,7026,45
15394,25069,45
6326,6155,45
25069,25074,45
42318,51116,45
27987,27128,45
15790,25138,45
2119,2761,45
25087,48268,45
26851,12116,45
8183,8104,45
26591,26587,45
24995,38973,45
38973,34217,45
9052,11292,45
13103,13319,45
5673,39052,45
44372,44371,45
27813,27825,45
35790,3843,45
24439,24442,45
49097,49095,45
27079,27987,45
43190,44369,45
43787,13618,45
14325,29383,45
8848,9498,45
40790,35973,45
35421,4549,45
8189,34795,45
10177,42318,45
8144,8145,45
4123,4124,45
22234,22235,45
49098,49130,45
27307,26345,45
11294,21588,45
16759,16816,45
661,714,45
21469,21470,45
25597,25919,45
44163,49989,45
51596,15604,45
353,355,45
3839,36098,45
4943,4826,45
26605,27498,45
48396,28750,45
27585,48396,45
3882,3881,45
2762,3882,45
10055,10057,45
10057,10128,45
382,49939,45
383,43745,45
34691,8144,45
2880,2472,45
14136,13992,45
41810,44080,45
1109,1107,45
38945,12880,45
44403,10959,45
16226,16345,45
14653,383,45
49939,14644,45
10129,10702,45
10108,10107,45
42749,10129,45
9539,9748,45
24094,24092,45
23911,23931,45
14606,24456,45
10128,42749,45
13042,13509,45
48269,25353,45
13469,13450,45
44073,8059,45
10069,10791,45
24717,24132,45
4597,4903,45
9744,8963,45
41504,34787,45
3277,35815,45
2203,2211,45
2202,2203,45
35627,2202,45
10445,48500,45
34991,39713,45
34990,34991,45
34988,34990,45
10467,10477,45
27854,27873,45
34335,34495,45
27846,27852,45
7532,8064,45
27849,27846,45
3782,2090,45
39564,27579,45
25246,40529,45
17748,4221,45
34217,15872,45
16760,16759,45
12963,48275,45
51956,50062,45
1931,1932,45
23076,22046,45
49484,49584,45
25207,25208,45
43656,1042,45
5316,5425,45
2188,2209,45
12884,12815,45
5075,5091,45
2211,2188,45
48024,3368,45
4217,5706,45
1057,1052,45
4221,4217,45
34238,10768,45
48328,34646,45
2761,2762,45
38765,4561,45
7943,41509,45
19711,19707,45
8312,8407,45
1969,1968,45
8407,8225,45
28035,41603,45
8104,8189,45
34217,22357,45
43346,1569,45
41508,41507,45
41509,41508,45
2236,2232,45
1968,2430,45
41507,41506,45
21821,15564,45
2430,1973,45
34795,8312,45
41506,41504,45
2851,1969,45
44777,27447,44
11020,11012,44
8973,8964,44
21393,23113,44
39363,27590,44
27599,26970,44
23134,23136,44
1995,2961,44
2961,2960,44
2960,3815,44
10569,10780,44
22204,23061,44
2166,3731,44
34458,34650,44
44880,44882,44
49171,21629,44
26178,26118,44
4615,38763,44
38771,38773,44
21364,21365,44
38769,38771,44
29514,51418,44
43972,4734,44
26390,26333,44
2616,2468,44
29419,14004,44
39289,9887,44
50356,44873,44
14101,44455,44
44455,44454,44
2171,2166,44
35586,7532,44
11617,10210,44
15270,23103,44
2893,2700,44
35038,7835,44
15322,15323,44
7834,35038,44
18382,18387,44
7564,7718,44
34782,7564,44
3558,2191,44
3593,3558,44
11012,11033,44
1997,1998,44
16515,16610,44
4957,35334,44
3254,3690,44
2651,3222,44
16574,16563,44
1998,1999,44
1999,2000,44
9493,34272,44
3595,3594,44
44134,15688,44
26177,25990,44
3594,3593,44
2000,2001,44
13145,29568,44
2099,2101,44
48365,9493,44
27097,27092,44
34272,39289,44
25097,23134,44
11017,11020,44
335,337,44
337,341,44
341,342,44
41811,44227,44
342,348,44
348,708,44
3222,2616,44
25972,25973,44
5243,7222,44
970,24034,44
36335,11865,44
28612,26009,44
26063,28612,44
11033,11026,44
12945,13595,44
9494,48365,44
29457,14149,44
22256,980,44
9355,8796,44
11622,8829,44
3959,3731,44
20316,20321,44
47287,20316,44
2659,2374,44
44252,25367,44
14205,42528,44
25950,26592,44
25880,12119,44
16289,16288,44
8667,11731,44
26673,25739,44
260,262,44
19322,18807,44
28209,28292,44
42560,42557,44
44703,49731,44
46725,10595,44
42713,42720,44
42710,42713,44
977,50250,44
4226,4220,44
16689,40533,44
20576,6887,44
2196,3595,44
13627,12968,44
6855,35421,44
4630,6855,44
7387,7608,44
20639,20640,44
47762,21507,44
1982,3470,44
4500,21137,44
16754,16752,44
48919,50385,44
17269,17268,44
437,24721,44
440,437,44
16968,16976,44
2390,2391,44
3989,2390,44
23704,24126,44
39792,39776,44
14005,29462,44
39819,39820,44
12963,50187,44
9590,8839,44
8843,10132,44
10132,10644,44
14982,14969,44
8962,10683,44
41660,41665,44
33941,24783,44
4674,19615,44
12903,12924,44
24295,25261,44
12837,48266,44
42557,35464,44
12920,13126,44
330,49932,44
13188,12962,44
5518,42193,44
4632,4631,44
49932,38118,44
12845,12840,44
49530,4632,44
49538,49530,44
43314,13053,44
2101,3793,44
3877,3878,44
8321,7958,44
35338,49538,44
43939,43940,44
40643,25278,44
15906,15905,44
4631,42431,44
18821,18823,44
42431,35424,44
534,379,44
43940,24309,44
2402,2356,44
3332,3333,44
13236,14352,44
35424,4948,44
4948,42560,44
29647,42471,43
16300,16302,43
1124,48340,43
14512,14513,43
23012,22098,43
10281,10323,43
9553,10281,43
1422,1398,43
16788,48441,43
15221,14605,43
733,16519,43
16302,25274,43
22098,22228,43
49143,49098,43
13054,12943,43
22806,16768,43
48911,42528,43
9739,9289,43
22614,22806,43
18823,19581,43
22839,22614,43
2721,1904,43
1124,1109,43
15845,16419,43
43441,43440,43
750,22742,43
43440,46630,43
46630,43438,43
43438,46380,43
17272,1163,43
46380,47051,43
5718,5710,43
23239,51656,43
4673,4158,43
44005,43317,43
47934,47932,43
14353,14139,43
43798,43800,43
1930,1934,43
43800,43802,43
13815,13822,43
24121,24127,43
5372,5373,43
24085,24152,43
16916,43775,43
522,42689,43
24273,16478,43
14289,13160,43
2732,2807,43
22672,33915,43
2239,2471,43
4666,19391,43
8857,9909,43
22292,23012,43
26427,27595,43
50865,34988,43
14190,14202,43
10490,46387,43
25227,25225,43
27623,26120,43
12243,28310,43
28181,12243,43
1372,1482,43
40162,41956,43
25237,25238,43
28927,26496,43
16539,16618,43
541,537,43
16285,44367,43
24067,24074,43
43260,24281,43
1856,1857,43
21348,21349,43
1852,1856,43
36860,7901,43
14514,42855,43
25238,25239,43
28837,28153,43
28836,28837,43
28835,28836,43
42727,28835,43
25239,16227,43
7900,36860,43
2055,1852,43
29582,13374,43
2054,2055,43
13740,13946,43
5451,5479,43
23981,23911,43
27852,27854,43
7392,44005,43
10101,8966,43
5727,5453,43
50577,10791,43
8733,10446,43
3032,2054,43
24133,16570,43
43856,11071,43
4505,4970,43
22673,23242,43
11016,11066,43
16228,16184,43
33915,22673,43
25076,23316,43
16184,16185,43
26587,26851,43
1155,1152,43
42855,14512,43
16185,25237,43
40533,16386,43
12910,29480,43
16686,16870,43
16768,16776,43
40636,29358,43
13270,13892,43
14099,14100,43
16870,43593,43
35170,272,43
23998,23997,43
49129,49097,43
8389,41995,43
25586,12597,43
44454,13054,43
42438,2435,43
13993,13989,43
44329,44372,43
4113,38277,43
38278,4113,43
18041,20748,43
15630,25103,43
28671,16087,43
25103,15854,43
16418,15796,43
15854,15493,43
6742,19831,43
10792,51267,43
39826,39828,43
21851,9046,43
39824,39826,43
10062,9595,43
39822,39824,43
25421,23429,43
17234,40547,43
14138,14136,43
13322,12932,43
28231,26883,43
24154,24153,43
9581,9533,43
48510,11878,43
43381,34649,43
34465,43381,43
15228,380,43
44003,29506,43
15527,25083,43
28864,28863,43
24062,22667,43
44539,8250,43
43276,44460,43
22771,47842,43
2322,2909,43
35695,3011,43
44825,17575,43
17575,17570,43
3723,2905,43
2905,2482,43
15697,15796,43
22667,23619,43
11081,9046,43
27376,27370,43
26353,27307,43
34641,34639,43
4584,4587,43
34629,34623,43
27590,42693,43
34623,34637,43
41049,38865,43
21553,24067,43
5218,5219,43
34637,34641,43
4587,4586,43
40532,24284,43
2436,3105,43
21599,21388,43
16388,40532,43
4513,4729,43
24153,21553,43
12880,12854,43
5217,5218,43
23367,16164,43
9332,9564,42
10548,11534,42
7510,7538,42
12929,13801,42
22131,22249,42
27623,27649,42
27338,27453,42
24012,772,42
9564,10274,42
10547,10546,42
10546,10545,42
28845,26012,42
7642,7566,42
10545,10548,42
11284,38858,42
21324,21325,42
26969,27598,42
23909,23911,42
49092,49099,42
2916,1324,42
7285,7286,42
48897,13223,42
41599,22131,42
19707,19708,42
9692,9489,42
13274,7562,42
19708,19832,42
18426,18477,42
18477,18484,42
25225,25228,42
25336,25337,42
25577,35403,42
35403,39619,42
19832,2661,42
9691,9692,42
9485,9691,42
18484,18454,42
8301,8296,42
20234,7285,42
27229,27236,42
13287,29343,42
7036,39003,42
11065,35072,42
5190,4922,42
7945,8401,42
48518,262,42
334,335,42
2782,2783,42
8217,7947,42
13868,13867,42
540,542,42
47851,47858,42
13892,13894,42
29047,25822,42
18386,5621,42
23247,22493,42
49306,15790,42
18416,20776,42
536,540,42
35830,2217,42
301,334,42
34117,23247,42
6853,4891,42
13483,13089,42
16597,23288,42
36980,43435,42
50973,3431,42
1364,1704,42
24281,43593,42
16374,15881,42
18790,18791,42
1909,1906,42
15900,25084,42
41289,12273,42
48463,26502,42
14034,14031,42
49107,49129,42
25332,50894,42
43743,48518,42
35057,7510,42
44430,21790,42
44428,44429,42
44427,44428,42
48487,44427,42
48486,48487,42
14642,48486,42
14667,382,42
50258,35291,42
23415,22360,42
16978,1908,42
10711,9434,42
49130,49107,42
12888,13831,42
42830,3877,42
19710,19711,42
23346,16373,42
22493,22494,42
354,42546,42
7346,34942,42
35604,41289,42
15425,15426,42
5075,4561,42
9387,11851,42
11071,10572,42
50830,13895,42
3828,2604,42
15634,15628,42
11080,11022,42
2944,2199,42
13520,44457,42
4871,19455,42
34462,51714,42
4712,40818,42
11739,9639,42
22235,2092,42
7547,7625,42
26849,25656,42
15803,43983,42
11119,11080,42
6373,5689,42
35603,35604,42
13882,50830,42
16221,25292,42
9478,11739,42
3391,3392,42
5320,5479,42
3979,2536,42
26874,26706,42
7545,7625,42
18445,18446,42
2200,2201,42
21316,24784,42
2536,35844,42
25569,25570,42
11574,9181,42
25928,25929,42
13414,13406,42
39776,39779,42
33841,13414,42
51257,310,42
15628,24210,42
9639,49351,42
15255,42981,42
12274,35603,42
329,51257,42
43345,50558,42
2170,2053,42
17595,17588,42
2638,1187,42
3521,3522,42
13740,13942,42
23666,51389,42
10713,11471,42
23959,23968,42
24659,13743,42
27129,28035,42
11471,9387,42
3090,2426,42
25993,25994,42
2426,3681,42
3012,3145,42
11176,11183,42
1184,1195,42
22372,22373,42
7417,7491,42
23854,23843,42
29488,13226,42
5999,40418,42
19290,5999,42
25567,25568,42
25568,25569,42
7444,8731,42
2665,3828,42
23955,23959,42
23942,23955,42
11183,11181,42
11181,11185,42
18429,18521,42
5673,6059,42
11185,11186,42
11186,11188,42
15621,15529,42
21353,24094,42
10757,11632,42
21540,21353,42
8750,10319,42
51389,21540,42
22309,21595,42
27656,27661,42
8466,35846,42
9031,11001,42
5088,21092,42
2199,2200,42
17317,2160,42
42714,42716,41
42716,42710,41
2409,3818,41
19396,19616,41
16164,24319,41
9820,10097,41
13365,25010,41
21871,24073,41
12273,49812,41
40697,45014,41
24073,24068,41
3996,3870,41
50551,49957,41
49957,37415,41
5013,4911,41
51962,51809,41
4625,4626,41
23929,23951,41
2374,19722,41
21148,51962,41
24068,24084,41
13679,12887,41
4634,37410,41
25010,24020,41
16172,16226,41
23951,23952,41
25513,40094,41
3596,3627,41
40094,42158,41
15870,15634,41
20584,20473,41
14961,14954,41
11468,11233,41
43254,11468,41
21870,21869,41
3559,3596,41
10236,50399,41
10985,44402,41
9809,9552,41
303,311,41
1082,2580,41
19703,42652,41
22129,23068,41
44425,5070,41
49994,50002,41
50002,49991,41
11933,27663,41
22228,24124,41
34966,7481,41
26184,11931,41
7597,34942,41
23068,22172,41
15219,14598,41
27215,25755,41
26390,48013,41
3402,2659,41
9033,9034,41
22899,16067,41
24315,50592,41
27587,27286,41
11081,11120,41
26967,39412,41
39412,27300,41
24084,24085,41
13157,13901,41
28310,28209,41
24713,22252,41
16098,24315,41
22928,971,41
971,15859,41
1372,1402,41
34461,34464,41
44459,13519,41
26206,26209,41
20586,6895,41
1402,1405,41
15683,25135,41
1405,1413,41
20587,20586,41
43195,39302,41
24199,15878,41
3958,3840,41
24112,22477,41
2209,3559,41
24074,24075,41
1859,3233,41
22074,22089,41
44269,44271,41
51184,44269,41
7517,8493,41
23291,733,41
33982,22761,41
29507,29508,41
38880,38879,41
22742,50853,41
10366,9565,41
8297,8369,41
29508,13389,41
44262,51184,41
47006,47213,41
34708,34917,41
26170,26117,41
50971,3159,41
22196,22197,41
7337,41447,41
10419,10420,41
40027,8760,41
9516,9517,41
10418,10419,41
11548,10418,41
9517,10033,41
10665,11548,41
11516,10665,41
11067,11015,41
10417,11516,41
44271,44877,41
2206,2205,41
10287,11726,41
8138,8107,41
9307,9308,41
47959,3368,41
12943,29377,41
27986,27079,41
14838,14834,41
41050,9006,41
10112,10116,41
10116,9997,41
9308,9309,41
9309,9329,41
16168,50551,41
3233,3526,41
3526,3254,41
8441,40779,41
7509,7510,41
9329,10033,41
8225,35029,41
4804,4733,41
35029,35024,41
35024,35025,41
35025,35027,41
35027,35028,41
37216,37214,41
28575,26890,41
16776,16797,41
2236,2963,41
7531,7643,41
16607,16600,41
22089,15271,41
9300,9307,41
728,42301,41
34460,34461,41
14133,14353,41
23879,23875,41
13040,13345,41
11070,43857,41
16402,16373,41
49132,49143,41
49760,48940,41
1284,43471,41
13819,13815,41
14132,14133,41
25663,26846,41
36516,13321,41
12975,13319,41
8558,11072,41
27137,49760,41
38857,11286,41
16843,16844,40
13422,33841,40
3499,3513,40
25580,25581,40
3518,3499,40
3985,17343,40
20854,19570,40
20490,19847,40
2126,3761,40
19570,20490,40
13547,13571,40
3513,3302,40
3761,2100,40
13364,13952,40
16232,44328,40
39818,39821,40
22182,22205,40
7493,7350,40
13571,13228,40
48060,1141,40
25590,25591,40
16844,23280,40
9808,9595,40
3313,2065,40
41675,18116,40
23843,23841,40
27296,27292,40
16461,16462,40
28210,44630,40
44328,16384,40
7430,7431,40
47850,51654,40
47847,47850,40
2064,3313,40
49564,49519,40
18806,19322,40
1955,2695,40
38773,38774,40
19843,20855,40
38774,3709,40
7428,7382,40
8389,7477,40
17343,2064,40
3709,35658,40
35658,3518,40
16520,16514,40
3935,1285,40
12814,12924,40
2063,3985,40
4183,35462,40
17567,20854,40
15721,15498,40
26409,26410,40
42707,13730,40
25496,29304,40
11000,10999,40
50851,16491,40
26292,26293,40
7663,7779,40
16510,23293,40
29221,48522,40
9521,9300,40
9300,9516,40
13582,51074,40
40741,11065,40
28994,25692,40
41246,28994,40
23076,22062,40
9560,50150,40
2113,2514,40
2514,3789,40
7749,8733,40
19879,47430,40
3789,2515,40
15347,15288,40
25626,26301,40
16509,16511,40
44590,11865,40
47430,20317,40
3576,3577,40
17574,17567,40
15363,15346,40
44758,28466,40
4857,4674,40
13648,13058,40
22284,37110,40
48500,8750,40
3938,3884,40
3577,3578,40
43797,43798,40
21192,21186,40
16395,16397,40
18833,18824,40
3575,3576,40
43520,812,40
24210,23257,40
16393,16395,40
22105,23401,40
23577,23698,40
41750,44499,40
25261,16393,40
15871,15721,40
29475,29402,40
13220,13093,40
22989,22990,40
46281,47051,40
43879,36925,40
21605,21375,40
13095,13166,40
15370,15292,40
46414,34236,40
24464,15377,40
7465,7370,40
34236,10639,40
27339,27467,40
27901,27899,40
14190,14198,40
10639,10745,40
27834,26557,40
22361,23871,40
22817,24062,40
51369,46373,40
4891,43972,40
3574,3575,40
22571,15011,40
1283,3935,40
24056,23081,40
16945,16946,40
15011,15247,40
29367,13227,40
51152,22413,40
24787,50788,40
41742,4728,40
50788,21594,40
44961,46414,40
8241,8331,40
27467,27472,40
11897,10226,40
43439,46281,40
17332,3212,40
17331,17332,40
43437,43439,40
43441,43437,40
34158,5518,40
17330,17331,40
3211,17330,40
3210,3211,40
14256,14245,40
24417,24431,40
24431,24438,40
50633,43314,40
24318,25282,40
3209,3210,40
10464,10468,40
24428,24467,40
49489,49504,40
24765,35287,40
3178,3209,40
1417,1424,40
25372,22932,40
22932,22933,40
21673,22901,40
1424,1449,40
49925,13547,40
33941,24056,40
5015,5029,40
29303,26519,40
28923,40104,40
3403,2523,40
40104,26526,40
17106,2933,40
12119,49421,40
48640,49210,40
42799,49483,40
4525,5015,40
12116,26575,40
26575,26573,40
26573,26563,40
26563,26559,40
44538,42756,40
21374,21606,40
25522,42106,40
16098,23532,40
42106,40095,40
40095,42123,40
1197,1169,40
5029,4475,40
8423,7876,40
23027,23028,40
3690,3372,40
8127,8402,40
8402,34824,40
27909,25941,40
34824,8128,40
11160,11119,40
44250,825,40
43224,34782,40
35688,28923,40
3803,3931,40
43231,12815,40
43374,42024,40
24175,823,40
13874,43231,40
46206,9712,40
29402,29467,40
13831,13874,40
23952,23953,40
3264,2968,39
48078,23675,39
20475,20587,39
2968,2747,39
8125,42472,39
3263,3264,39
2344,17060,39
42472,7965,39
35771,50943,39
17053,3703,39
23675,23676,39
20269,19523,39
4946,4658,39
13903,14014,39
13873,13180,39
2747,2344,39
49245,13752,39
26752,28210,39
2171,3959,39
13852,13847,39
44004,7344,39
15856,15833,39
3105,2012,39
44006,44004,39
28190,26752,39
44017,44050,39
35803,35801,39
20474,20475,39
14000,13960,39
4198,19774,39
34951,34954,39
13847,13848,39
38908,7587,39
29050,29052,39
7638,7519,39
20473,20474,39
11739,11741,39
34953,34951,39
21869,24150,39
35771,35501,39
24093,25352,39
14692,14720,39
44151,28285,39
20748,7001,39
17063,17092,39
17061,17063,39
35338,4530,39
3703,17055,39
17055,17056,39
17056,3260,39
3262,3263,39
17060,17061,39
13848,13849,39
13358,13259,39
5454,5451,39
10779,9808,39
7414,7415,39
42096,28943,39
29301,42096,39
12000,27505,39
15807,15835,39
12985,13044,39
44258,11590,39
7415,7377,39
7413,7414,39
21286,18236,39
26295,25980,39
49773,48453,39
49786,49756,39
14231,14215,39
38393,24791,39
13163,13427,39
51802,50627,39
28943,41836,39
9921,10535,39
14343,14038,39
14225,14269,39
16620,16617,39
16621,16620,39
10505,11646,39
42750,10490,39
4623,4625,39
2084,3332,39
10544,10547,39
10543,10544,39
18834,20090,39
35700,10668,39
10670,35700,39
10669,10670,39
10541,10669,39
10467,8938,39
13597,13129,39
19581,18834,39
3797,3548,39
13601,47432,39
11647,11794,39
10215,10216,39
12845,13817,39
9048,11235,39
10061,10062,39
10497,43854,39
15581,15833,39
37786,11584,39
11584,10215,39
8796,11826,39
7911,7806,39
1904,1908,39
10572,39224,39
37203,18814,39
10960,10990,39
39810,44050,39
38862,38860,39
13953,12937,39
35835,1246,39
29347,29348,39
27299,26966,39
39250,34646,39
50627,13053,39
13187,14197,39
44871,42446,39
47432,12952,39
10236,10225,39
37210,41542,39
21322,21323,39
34335,34494,39
19291,6003,39
14363,49473,39
9689,9983,39
9656,11227,39
12983,12818,39
43749,26121,39
26665,26689,39
6002,19291,39
11646,11647,39
13428,24855,39
12814,13239,39
26559,25872,39
13701,13700,39
13934,13140,39
15413,29342,39
26706,26715,39
12109,25697,39
25872,12109,39
25366,44248,39
22819,21817,39
15806,15814,39
24119,24121,39
41980,26115,39
36988,36996,39
36996,36995,39
7587,49841,39
7490,7394,39
17419,17420,39
25251,16391,39
15439,15870,39
642,16811,39
15619,15670,39
16765,44248,39
42893,16765,39
16764,42893,39
2633,41946,39
4817,4475,39
5460,5459,39
10503,9600,39
24505,24507,39
50385,51635,39
9319,9802,39
2678,2679,39
1590,2678,39
10790,9828,39
23941,23929,39
23986,23993,39
9929,9941,39
28292,28307,39
21415,21944,39
27385,42169,39
16391,25224,39
12207,12208,39
27417,27385,39
3288,3628,39
25878,25733,39
41652,27403,39
27403,27417,39
5080,4523,39
5478,43948,39
5079,5080,39
44199,27827,39
3627,3288,39
15788,15832,39
13559,13141,38
47827,17579,38
49927,49950,38
13751,13946,38
5431,5432,38
24480,24481,38
5432,5435,38
5430,5431,38
25419,23408,38
1285,3938,38
26067,26041,38
26041,26062,38
35035,7902,38
49950,13559,38
37828,23431,38
1276,42985,38
26062,26063,38
19722,19568,38
10980,10976,38
48267,12838,38
44341,48062,38
12838,13862,38
17983,44440,38
22066,21588,38
13677,13707,38
19568,19569,38
14198,51271,38
7779,8328,38
48703,25297,38
14839,14822,38
50150,9432,38
23429,37828,38
29350,24181,38
34825,7879,38
26184,26179,38
10958,10929,38
48271,24722,38
1179,1194,38
8130,34825,38
35423,42433,38
7578,7625,38
14361,14356,38
13977,14361,38
34677,35586,38
23859,44697,38
20856,19845,38
16762,16763,38
44249,16762,38
43422,26150,38
8755,10084,38
11945,26312,38
15423,15424,38
10086,10742,38
15422,15423,38
10225,47173,38
50803,35318,38
35318,8799,38
9711,9884,38
14367,14368,38
4474,5079,38
2359,2476,38
24028,23956,38
25513,25503,38
7579,7575,38
34788,8130,38
8128,34788,38
1194,1198,38
273,274,38
21417,21355,38
21359,21417,38
24103,24102,38
22413,22819,38
27471,27466,38
27466,27338,38
51122,10430,38
38856,51122,38
38858,38856,38
27351,27345,38
10997,11002,38
19424,21120,38
10994,10997,38
8987,10994,38
19569,19846,38
271,273,38
2231,2233,38
11970,44197,38
43370,28854,38
7381,7427,38
41341,41769,38
43506,44867,38
50610,43506,38
42446,50610,38
2100,3312,38
3312,2097,38
27605,27918,38
2097,2098,38
19877,17580,38
26411,26412,38
8270,8271,38
41099,22820,38
22357,22444,38
34336,34477,38
13929,13841,38
16233,16380,38
13856,13857,38
1955,1985,38
1988,2028,38
4729,4510,38
16650,24538,38
3437,17488,38
7436,7372,38
20637,4204,38
27134,25855,38
14813,14825,38
2753,3256,38
2936,17059,38
2600,2936,38
17062,2600,38
17091,17062,38
17093,17091,38
2752,17093,38
2934,2752,38
17100,2934,38
2598,17100,38
7480,7481,38
2930,2598,38
2746,2930,38
17104,2746,38
2745,17104,38
12750,27229,38
4130,4131,38
1757,4130,38
17107,2745,38
17118,17107,38
17115,17118,38
13641,12828,38
4204,20798,38
39638,22372,38
21680,16807,38
15289,15380,38
34528,51148,38
34524,34528,38
7830,43654,38
34523,34524,38
15300,15294,38
34512,34523,38
34514,34512,38
38886,8399,38
14876,14856,38
42803,42801,38
25550,15355,38
5268,5269,38
8496,39523,38
3731,2046,38
43653,7830,38
2583,2364,38
8125,9681,38
49887,8064,38
27945,27701,38
7582,49848,38
23299,25297,38
50126,21652,38
827,24414,38
20798,20799,38
24123,22180,38
20799,20800,38
4656,4515,38
22943,43939,38
45021,76,38
23731,24173,38
24173,23577,38
10465,11562,38
22930,45021,38
812,24125,38
24125,24123,38
22180,22209,38
27295,40423,38
22209,51155,38
51155,22181,38
14042,24202,38
29366,44375,38
25592,25593,38
20971,21148,38
24757,24756,38
7375,7360,38
7363,38912,38
49529,49544,38
25093,15643,38
7564,7719,38
10405,9328,38
2271,2273,38
35777,35775,38
16553,16554,38
35805,35803,38
16554,16556,38
25919,25920,38
9327,10405,38
2268,2270,38
2270,2271,38
10137,11867,38
3544,3202,38
9328,9306,38
8016,8015,38
8815,47016,38
11867,10138,38
16557,16558,38
15043,15250,38
25805,25806,38
2750,17106,38
10138,11869,38
9480,11770,38
44409,44410,38
44410,8863,38
2273,2275,38
15807,16214,38
17101,2349,38
2350,2750,38
16292,16686,38
17102,2350,38
2349,17102,38
23295,43595,38
35778,35777,38
35775,35805,38
16543,16573,38
51254,41161,38
44476,40421,38
3303,3304,38
10846,9048,38
9734,9330,38
14165,29475,38
15248,15046,38
9330,9326,38
15046,15056,38
9048,10095,38
19454,4198,38
15056,15061,38
15061,15060,38
15060,15053,38
14044,13286,38
44466,14508,38
25092,15883,38
15053,15043,38
34724,34725,38
38947,13730,38
16688,16478,38
43801,51254,38
3708,3303,38
16541,16553,38
34725,42695,38
9326,9327,38
24062,24038,38
10732,9734,38
14243,14248,37
14248,14251,37
43700,8905,37
9418,46206,37
23460,23462,37
16763,25277,37
35683,40739,37
49303,22817,37
26530,41962,37
13788,13173,37
41962,29213,37
41165,42722,37
29213,29302,37
44888,35683,37
11173,11177,37
15845,43984,37
26669,27622,37
42301,729,37
22291,24134,37
12208,28181,37
25822,12207,37
12411,29018,37
5229,19911,37
15797,24088,37
12990,13730,37
23034,25325,37
219,271,37
15291,15301,37
26669,28928,37
5228,5229,37
13647,13822,37
22118,22119,37
12822,12866,37
2291,2292,37
46206,9423,37
20374,20408,37
43382,51619,37
15613,24861,37
11596,9418,37
44472,44471,37
16352,15884,37
21323,21324,37
15498,15581,37
11065,11073,37
36814,49182,37
50609,13652,37
15382,15288,37
13822,12854,37
9809,9546,37
26306,26300,37
15381,15382,37
2143,3490,37
8706,51846,37
16102,16163,37
13952,13931,37
25502,25514,37
5048,4505,37
16567,16566,37
1991,17301,37
17301,1989,37
1929,1909,37
10251,42157,37
25479,44423,37
44423,26354,37
16534,16573,37
26354,25474,37
25474,43616,37
2771,2701,37
13373,29623,37
47094,47173,37
50803,43794,37
9606,11596,37
8437,8274,37
21357,21358,37
22145,22146,37
13929,13842,37
14202,14193,37
25531,25515,37
13104,12941,37
26300,25531,37
9410,9606,37
27571,12750,37
14199,14202,37
27566,27571,37
28841,27566,37
13100,14349,37
49182,38880,37
39807,15179,37
14190,14199,37
9665,9410,37
9553,51199,37
21358,21604,37
21604,21605,37
11903,11856,37
24378,22571,37
9396,9401,37
7450,7412,37
24440,24437,37
2292,2584,37
13249,13334,37
16616,15991,37
28891,25502,37
12430,12291,37
50556,39830,37
15865,15886,37
2307,2308,37
5501,5322,37
46941,46244,37
11908,46941,37
42080,13459,37
23963,24028,37
15687,15800,37
17668,4183,37
3229,2307,37
2308,2311,37
16769,16693,37
23961,23963,37
20617,7002,37
7000,20617,37
7001,7000,37
15747,15771,37
5881,5882,37
23960,23961,37
20504,3266,37
5444,5501,37
17422,17421,37
46244,11476,37
16227,23367,37
15805,15873,37
13133,13786,37
2660,35837,37
24207,15907,37
1090,1125,37
3331,1090,37
21290,18563,37
25276,16764,37
2393,2396,37
42864,43289,37
26410,26411,37
2396,2713,37
22454,21693,37
13116,13422,37
13461,13116,37
13459,13461,37
2409,2050,37
2311,2318,37
13221,14564,37
13929,13843,37
9495,48360,37
9608,48359,37
43386,39523,37
8496,43386,37
7646,7647,37
35057,7508,37
48359,9487,37
44452,44453,37
44453,14099,37
14100,13126,37
24412,24408,37
24415,24412,37
24418,24415,37
27886,27860,37
5109,4946,37
16374,16281,37
44367,16286,37
12291,12274,37
9497,9608,37
10748,9445,37
13930,13929,37
11619,9495,37
13933,13930,37
43769,16917,37
9043,16289,37
18788,19799,37
27399,26114,37
2318,2312,37
23964,23960,37
24026,23958,37
29457,14143,37
37251,8638,37
10474,37731,37
35649,2262,37
17092,38784,37
14124,44452,37
20688,20269,37
9885,10695,37
10695,11619,37
15580,15805,37
13422,13427,37
38389,34226,37
16576,16611,37
25111,25112,37
15850,25111,37
15849,15850,37
17610,5575,37
11811,10593,37
42581,4026,37
9566,10444,37
35286,24767,37
26669,28915,37
44292,43525,37
27870,27868,37
13567,38976,37
8741,10110,37
38976,13042,37
2338,2339,37
2339,2760,37
23950,23940,37
37732,10474,37
5076,50479,37
49326,1141,37
34969,7488,37
26433,27842,37
50479,49529,37
17471,2220,37
7603,7349,37
16693,16576,37
5059,4945,37
26263,41980,37
29347,13971,37
29466,51459,37
35046,41545,37
18905,19834,37
43486,24014,37
25112,15580,37
51459,29439,37
16643,16640,37
12941,41237,37
15699,24134,37
23401,23418,37
24783,24060,37
24060,15699,37
17438,2706,36
27345,27343,36
39492,39495,36
14720,15233,36
13001,13003,36
17510,3633,36
18110,7012,36
48000,41672,36
3634,3635,36
39495,39496,36
3633,3634,36
27522,27806,36
25971,25972,36
44251,25366,36
2931,2748,36
13992,13989,36
2932,17186,36
28670,39620,36
34799,8281,36
21295,20971,36
12015,28670,36
8281,34515,36
39128,22046,36
3635,3051,36
18861,21283,36
29424,13155,36
13155,13131,36
23055,22204,36
2748,2932,36
14137,14139,36
19523,6742,36
24158,24156,36
49303,24083,36
26117,43372,36
28843,28844,36
17186,17101,36
3077,1877,36
3051,17448,36
7012,20190,36
10400,48353,36
21184,4500,36
11285,38854,36
38854,39083,36
39083,38855,36
38855,38857,36
13113,13166,36
21137,21145,36
4928,19694,36
27279,26965,36
41100,41099,36
34636,34629,36
8639,9053,36
44960,8710,36
4518,4928,36
10992,10991,36
23366,25254,36
27447,27451,36
17721,19746,36
20317,20319,36
15435,15436,36
2620,3077,36
8986,8987,36
18452,21184,36
17829,17668,36
13737,13753,36
27343,25938,36
14249,14240,36
3069,1249,36
24044,24046,36
19840,7170,36
24037,24044,36
44547,44544,36
43144,18452,36
10995,8986,36
20618,18040,36
35319,46925,36
25971,27135,36
13736,13737,36
43792,46925,36
41133,11173,36
19847,39144,36
22082,21368,36
18925,17994,36
13589,13596,36
46661,47119,36
46661,47016,36
26121,26665,36
13733,13736,36
34515,34514,36
3792,2107,36
25709,28908,36
23051,22143,36
1154,1111,36
16230,33910,36
34787,34782,36
4026,1144,36
10302,11810,36
11810,10304,36
49877,7588,36
43879,49901,36
35825,17316,36
10304,11557,36
11557,9968,36
20314,49514,36
49514,20315,36
20315,47287,36
23717,21810,36
8389,34971,36
7347,8392,36
10617,8732,36
3591,17419,36
13043,13985,36
2106,3790,36
3765,2106,36
28347,28349,36
2516,3765,36
1488,1496,36
50722,49822,36
49822,7581,36
35435,7541,36
36863,36846,36
4628,4629,36
3423,1461,36
43471,44669,36
12837,48293,36
23050,23051,36
4622,4623,36
10021,49489,36
12886,13788,36
14548,13817,36
35605,34718,36
34718,36863,36
36846,8172,36
15233,50485,36
8172,8184,36
23856,38692,36
12821,12822,36
4666,35291,36
39785,39784,36
39765,39785,36
21349,21350,36
7719,43653,36
43948,43946,36
8075,7564,36
49841,43388,36
1496,3071,36
44160,16205,36
2515,2516,36
2083,3940,36
35828,35808,36
35808,35781,36
35781,35778,36
28286,12408,36
12082,28211,36
36997,36998,36
36998,15034,36
13751,48366,36
25352,24450,36
25916,11931,36
2653,1784,36
3940,2088,36
35814,35812,36
2088,1283,36
3361,2513,36
873,870,36
17321,3361,36
3883,17321,36
35047,7538,36
7531,8488,36
3311,2099,36
2096,3311,36
2107,3883,36
2095,2096,36
35812,35828,36
2217,35814,36
23935,23944,36
8984,8985,36
39823,39821,36
51074,49943,36
49943,49934,36
25698,27792,36
10236,47982,36
7610,41995,36
7409,7454,36
24648,25135,36
5459,5336,36
8983,8984,36
8857,9681,36
8985,10400,36
6889,20571,36
3256,17183,36
17183,3257,36
3257,3258,36
3258,3259,36
3259,17057,36
20091,18833,36
17057,17054,36
17054,3702,36
3702,3705,36
20640,20641,36
51418,13256,36
4629,4663,36
28307,28294,36
12963,16489,36
43205,13493,36
43280,13450,36
19545,19546,36
2182,2183,36
13803,12983,36
13339,14028,36
14034,14032,36
44376,29358,36
44378,44374,36
13203,44378,36
21629,15326,36
41321,41340,36
2183,2185,36
49730,41321,36
2185,2186,36
41769,49713,36
48452,49754,36
2186,35627,36
44474,13681,36
43205,13107,36
27699,27700,36
27709,27699,36
13999,14003,36
25828,25669,36
28906,26341,36
42886,28888,36
28908,25663,36
13285,13250,36
29350,11090,36
16563,24708,36
29352,14057,36
11737,8726,36
34986,8060,36
34733,34986,36
14856,14838,36
11071,11067,36
13038,14056,36
15323,980,36
34732,34733,36
14822,454,36
10515,44418,36
43073,8016,36
22189,38162,36
26846,28968,36
16544,16541,36
5620,18387,36
28889,42886,36
27654,27709,36
25669,26101,36
26351,25515,36
3817,36098,36
28899,26351,36
26341,28899,36
23081,24098,36
34238,9674,36
24098,24099,36
21285,18925,35
44422,45016,35
8399,42972,35
3958,3839,35
7466,7406,35
23642,23092,35
7406,7407,35
18399,5240,35
35462,21281,35
11452,9923,35
5883,5881,35
7407,7446,35
22,48078,35
27479,27499,35
17569,6411,35
39560,44625,35
20933,21285,35
25074,15358,35
8192,51717,35
8700,35319,35
23110,21608,35
27599,41542,35
5436,5437,35
26195,26196,35
5437,5440,35
5440,5442,35
5442,5444,35
45016,26528,35
44625,44627,35
16874,16228,35
25208,16874,35
29332,42470,35
43283,29332,35
34635,34463,35
8438,7720,35
2234,2963,35
23220,22633,35
7446,7450,35
3039,35850,35
11282,44411,35
7495,7494,35
7494,35057,35
39794,39775,35
43523,39794,35
15527,15678,35
8470,7567,35
12879,50385,35
5226,5227,35
14588,14024,35
50499,13122,35
28693,43523,35
17611,17615,35
20232,6082,35
15542,15543,35
40538,14576,35
23359,40538,35
15632,15524,35
25968,25969,35
8492,7495,35
7556,7551,35
50609,13657,35
5225,5226,35
27498,27478,35
14354,29461,35
8669,41244,35
7449,7466,35
14396,14175,35
7448,7449,35
40739,40741,35
3798,1636,35
14111,12974,35
23342,23339,35
14223,14221,35
14221,14210,35
12974,14124,35
29635,13677,35
43857,41173,35
38888,7746,35
51871,51863,35
35851,3039,35
51802,51759,35
2143,3843,35
23074,23072,35
19264,5088,35
7720,7544,35
1111,1081,35
14955,14960,35
41448,41449,35
41449,41450,35
41450,41451,35
23048,23049,35
42761,42760,35
41451,42206,35
42206,41860,35
16383,16212,35
1857,3962,35
39491,39492,35
16406,15802,35
41860,8254,35
8254,8255,35
22065,21744,35
25123,15909,35
42754,41452,35
14489,14287,35
25545,26236,35
5227,5228,35
2602,17115,35
42759,41453,35
15405,24464,35
26965,27945,35
16431,16432,35
42756,42752,35
42755,42754,35
16775,43190,35
22143,36095,35
50223,44248,35
5616,5617,35
39302,50223,35
42760,42759,35
42752,42755,35
8255,34744,35
34744,8258,35
23222,23211,35
8258,8260,35
34156,20194,35
7379,7356,35
16640,25153,35
22017,22453,35
4084,4085,35
12980,13803,35
23049,23050,35
1125,1165,35
13477,13481,35
13026,13933,35
10484,10499,35
4825,4624,35
13483,13478,35
13059,42707,35
39810,44052,35
26236,26332,35
48645,23359,35
13857,51811,35
643,42892,35
24201,14041,35
2491,2338,35
8260,40904,35
12730,37216,35
41599,22182,35
5461,5462,35
5462,49363,35
22496,22771,35
49363,5730,35
2690,2491,35
16092,22999,35
3824,2690,35
39788,42456,35
22030,22496,35
22029,22030,35
22674,23234,35
48918,37528,35
22999,23017,35
23017,22029,35
13911,13904,35
6716,6717,35
24213,16780,35
29434,14377,35
16599,40810,35
21628,49169,35
14562,13366,35
42613,3425,35
24021,14562,35
15835,16349,35
24219,16781,35
16349,24318,35
1305,42613,35
24149,34090,35
2584,2583,35
23016,22998,35
35470,35423,35
13592,48082,35
9809,11910,35
23647,24029,35
29424,29447,35
10595,11811,35
11628,9343,35
22658,23016,35
22761,22658,35
13354,29339,35
46430,49223,35
15865,44696,35
35465,35466,35
42433,4636,35
4636,49556,35
49556,49562,35
49562,49561,35
49561,35335,35
10416,10593,35
42862,13601,35
38692,15593,35
35468,35470,35
35466,35468,35
3628,3629,35
49956,364,35
10473,9804,35
9804,8751,35
35281,35280,35
9741,9582,35
23777,24775,35
42652,42193,35
24765,23881,35
14544,13694,35
13731,14544,35
376,49956,35
8782,8780,35
23734,35286,35
1760,4894,35
18791,18792,35
18792,6853,35
13829,12891,35
49223,9371,35
25939,25940,35
14605,50491,35
1801,1800,35
16821,22839,35
1622,1739,35
1627,1622,35
1805,1801,35
1077,1057,35
17149,1805,35
2556,17149,35
9941,9942,35
1811,2556,35
3631,3632,35
29472,29473,35
18881,18905,35
9545,9694,35
25136,16036,35
29440,29441,35
3630,3631,35
3629,3630,35
42985,1288,35
37648,13321,35
3011,2278,35
10593,9741,35
19725,19759,35
16816,16821,35
8786,8782,35
19759,18790,35
15879,15898,35
1823,1821,34
16625,16567,34
17370,1812,34
2431,1971,34
49485,19879,34
41017,16785,34
8172,8413,34
7416,34964,34
1808,17370,34
1807,1808,34
8190,8172,34
8174,8190,34
14188,50440,34
8228,34948,34
17710,17724,34
22074,22075,34
44016,15880,34
35888,4108,34
35873,35888,34
29447,29464,34
4526,4523,34
38883,38882,34
1812,1813,34
38882,38881,34
17724,17735,34
38652,38655,34
4469,4526,34
725,311,34
48640,49329,34
21960,26404,34
35028,8228,34
51846,8756,34
8752,43224,34
25137,15679,34
1816,1822,34
13122,14370,34
1821,44242,34
7895,34995,34
17991,17993,34
11824,10775,34
44242,1824,34
42168,27599,34
14475,12987,34
24437,14606,34
3900,48900,34
10490,11809,34
50568,5285,34
22709,23902,34
9553,48482,34
13864,12837,34
48482,11459,34
16298,16404,34
8780,8772,34
1806,1807,34
25882,25590,34
1970,2850,34
1972,1970,34
1971,1972,34
15679,21798,34
2315,2660,34
15834,15881,34
13413,43290,34
1822,1823,34
12837,25093,34
9332,8750,34
38881,41499,34
3306,17468,34
1920,1922,34
49579,49581,34
49581,49564,34
24444,773,34
1922,3106,34
3106,3107,34
10595,11812,34
3107,1927,34
1927,1923,34
1923,1925,34
13087,13135,34
14045,14046,34
5619,5620,34
21744,21768,34
21768,22105,34
26161,25493,34
26518,26161,34
8159,8169,34
34713,8159,34
25398,23151,34
47940,34724,34
36243,41133,34
8168,47937,34
7426,34942,34
34965,7422,34
1917,1920,34
26604,26787,34
23308,41125,34
25081,15908,34
15436,47876,34
25541,26206,34
5219,39983,34
1586,17471,34
1315,1303,34
1303,17246,34
29476,13265,34
17246,1282,34
25920,25921,34
50440,43956,34
34134,22895,34
34782,34754,34
3204,1917,34
26412,12755,34
12755,26413,34
7557,35020,34
41124,41131,34
12278,38902,34
43956,14532,34
49088,40064,34
41125,41124,34
3202,3203,34
41660,8980,34
3203,3204,34
16785,16817,34
3305,3306,34
35872,35873,34
3304,3305,34
35632,3601,34
12135,12687,34
27446,27442,34
27442,27445,34
35797,35799,34
35799,35748,34
12277,12276,34
27464,27462,34
35748,35750,34
51121,10992,34
10998,51121,34
8983,10998,34
7718,34869,34
41500,38885,34
41501,41500,34
12137,12135,34
1071,1051,34
40027,9954,34
35750,35752,34
18386,18399,34
35752,42705,34
41665,11028,34
41498,34924,34
4736,49977,34
41499,41498,34
35169,41651,34
27402,35169,34
27412,27402,34
21744,2392,34
37570,3599,34
544,545,34
34622,8086,34
34472,34622,34
34645,34472,34
16034,23854,34
34477,34645,34
516,544,34
12284,12278,34
38902,12277,34
14800,14813,34
13267,13624,34
27384,27412,34
448,516,34
13624,13621,34
13621,13626,34
446,448,34
13851,13852,34
41755,39175,34
12687,12284,34
39178,41755,34
13626,14345,34
14345,13777,34
42165,27384,34
17737,17734,34
14186,14188,34
28898,25609,34
1030,16675,34
10679,9727,34
3153,2653,34
38784,2931,34
47002,9437,34
9544,9898,34
13708,13712,34
2933,2751,34
2751,1747,34
46803,48004,34
46430,10309,34
9707,9903,34
23337,1030,34
46986,47110,34
44243,17614,34
5619,18416,34
35457,35830,34
9401,47002,34
10272,46986,34
24646,24647,34
38973,25058,34
13727,13154,34
24503,24505,34
16218,23343,34
24647,24648,34
15722,16264,34
9064,47098,34
9482,10679,34
18193,19381,34
37292,37350,34
8871,35605,34
26342,12031,34
13804,13169,34
2341,3153,34
19846,19709,34
12275,12229,34
9435,11682,34
12031,25918,34
7911,8415,34
25918,27585,34
34842,7877,34
9683,9386,34
35037,8324,34
25522,28898,34
2908,42485,34
15797,15530,34
9386,9438,34
47110,9683,34
12276,12275,34
39981,16549,34
47098,8733,34
40885,48645,34
25609,28117,34
21009,19396,34
11682,9482,34
22220,22182,34
13263,13804,34
10687,10452,34
4888,20385,34
15479,15632,34
48004,26335,34
22356,38973,34
12281,12547,34
20308,18345,34
830,828,34
34965,7395,34
9940,11533,34
28531,26847,34
38920,19290,34
9943,9944,34
18345,18365,34
16246,16247,34
17002,1760,34
10457,9456,34
12229,12430,34
9944,9945,34
9945,9940,34
11533,9946,34
15524,15626,34
14834,38658,34
25253,16747,34
2170,3839,34
12547,12137,34
17212,1661,34
24482,24584,34
9900,9824,34
14175,14174,34
10647,10781,34
51623,51783,34
1217,1230,34
26167,26197,34
28656,27471,34
23222,21960,34
16680,16679,33
21815,21867,33
6862,6859,33
35418,6862,33
16675,16671,33
16677,16680,33
16671,16677,33
21867,24151,33
35412,35414,33
18410,4195,33
35414,35417,33
2093,3507,33
14377,14378,33
35417,35418,33
35410,35412,33
5555,5566,33
4565,35410,33
27478,51569,33
10943,10939,33
10939,10942,33
10942,10946,33
24137,24140,33
10946,9024,33
13257,12959,33
16679,21537,33
7780,8305,33
23976,23666,33
24140,24135,33
4880,5063,33
2549,17225,33
7848,35008,33
21778,16105,33
34697,7848,33
2312,2313,33
2313,2742,33
5063,4736,33
50968,3431,33
2022,2571,33
1460,2549,33
48522,27570,33
27570,28864,33
35008,35009,33
23676,69,33
19264,43147,33
4548,6858,33
27654,27699,33
41247,26130,33
43152,43150,33
43150,38684,33
13088,13241,33
38871,38870,33
38863,8862,33
3507,17488,33
10963,9031,33
1641,1154,33
19488,19725,33
48006,25597,33
49752,43584,33
41353,41352,33
48513,47936,33
4631,4632,33
50899,47935,33
50484,43149,33
35471,5014,33
27699,27591,33
49519,50356,33
17499,2094,33
27802,27523,33
12938,13955,33
23894,24466,33
25995,25996,33
43748,13877,33
13877,13887,33
22688,830,33
26272,26275,33
23708,22543,33
51479,45020,33
49968,44307,33
13955,13841,33
27700,27276,33
11237,10163,33
47208,26372,33
41352,2437,33
24296,23267,33
42126,7575,33
7544,7749,33
48181,4957,33
12026,43372,33
18479,21107,33
22608,22306,33
47091,9841,33
13888,13876,33
18444,18445,33
354,42785,33
40547,39812,33
39812,39814,33
39814,39816,33
46720,47091,33
39816,39818,33
22309,22116,33
44258,34267,33
3427,3428,33
23747,22519,33
48945,43374,33
20520,18781,33
20489,20520,33
42149,8040,33
22192,23033,33
15832,49306,33
18778,20489,33
11897,9652,33
22519,21549,33
13753,13754,33
13754,13941,33
13941,13944,33
21853,16289,33
33890,22516,33
38367,38375,33
6859,6315,33
43149,43152,33
42705,42702,33
10468,11850,33
16709,22017,33
4936,4664,33
38889,8036,33
38353,38889,33
49981,48366,33
38887,38353,33
51596,15671,33
16094,2,33
6858,50521,33
16789,16790,33
6713,19702,33
457,458,33
7745,38887,33
23211,26923,33
12981,13044,33
51369,51364,33
15860,972,33
39628,26218,33
35683,40741,33
7197,47857,33
51370,9420,33
16495,16599,33
21318,21799,33
40636,29356,33
29367,29368,33
8036,34747,33
23123,6,33
9417,51370,33
34747,34748,33
51364,9417,33
43810,49431,33
49977,4791,33
456,457,33
9787,9785,33
23136,24856,33
3162,35626,33
27510,12000,33
40536,25288,33
16495,24372,33
13246,13170,33
9908,8786,33
35756,35772,33
18858,18859,33
40534,43595,33
41133,12975,33
44371,24779,33
18835,18858,33
15880,15879,33
8502,38909,33
3161,3162,33
23295,40534,33
24372,16602,33
47311,9787,33
23779,15817,33
28311,12082,33
15627,15714,33
9792,47311,33
10067,9792,33
9799,10067,33
15714,15478,33
6717,34157,33
9048,11119,33
9370,46743,33
47298,38684,33
22360,642,33
14596,34277,33
13867,13863,33
40528,16689,33
10263,10136,33
4085,4086,33
7651,7652,33
17734,17721,33
14224,14223,33
13828,12845,33
980,16916,33
35813,3277,33
13580,13065,33
20583,6886,33
36995,36994,33
7507,37713,33
13065,12935,33
25924,11940,33
35811,35813,33
34749,8434,33
13782,13767,33
44255,13782,33
35332,48129,33
23338,23342,33
8434,34750,33
34750,38888,33
35780,35809,33
11940,26219,33
12935,13568,33
35263,35264,33
10096,9046,33
35779,35780,33
39779,44943,33
25944,25946,33
37724,37723,33
2713,3493,33
35626,35837,33
35815,35456,33
37725,37724,33
13794,13796,33
37726,37725,33
3428,17445,33
13742,39046,33
360,359,33
13935,13920,33
39046,14564,33
13767,12985,33
34748,34749,33
6009,19310,33
24058,23081,33
9695,9543,33
46303,47298,33
14250,14247,33
26883,26872,33
13833,13828,33
14270,14224,33
7503,7566,33
42126,34678,33
42758,42761,33
8750,8935,33
42757,42758,33
43748,13833,33
10610,46303,33
48039,17505,33
14332,29343,32
1230,16942,32
51579,5217,32
16942,16943,32
23223,23534,32
22983,24774,32
2359,2740,32
1988,2437,32
23930,23936,32
5223,5224,32
16557,16598,32
1225,1220,32
48450,48451,32
23534,24468,32
22373,83,32
5222,5223,32
16077,16078,32
44369,16176,32
40115,40116,32
26024,25605,32
16944,16945,32
10226,10776,32
5224,5225,32
2531,1984,32
11593,9943,32
48423,24390,32
34654,34462,32
16462,16159,32
39983,5222,32
28106,15904,32
39133,27901,32
26613,26628,32
29476,12885,32
48996,13202,32
13337,14023,32
10289,10298,32
10298,10741,32
15416,23222,32
41911,44476,32
18692,20637,32
8244,8245,32
419,14788,32
454,419,32
13818,36828,32
12893,13129,32
13037,29343,32
16801,50130,32
7965,34953,32
8246,8244,32
25864,26638,32
8331,8246,32
10741,10299,32
8240,38891,32
10299,10201,32
38891,8241,32
9969,10302,32
16572,16509,32
42702,35784,32
42890,37631,32
15603,25109,32
7718,7338,32
43367,10505,32
5059,5091,32
29455,29339,32
10963,8990,32
13181,29455,32
50481,4538,32
2705,17438,32
5097,4862,32
26784,27805,32
16543,16565,32
35287,23880,32
39302,16783,32
21846,26403,32
9526,11897,32
3803,3932,32
22661,21680,32
16625,16611,32
34947,8242,32
8245,34947,32
2832,1780,32
41764,41807,32
16941,1229,32
41807,39180,32
15904,23223,32
16943,16944,32
21678,23883,32
29350,11119,32
3165,3111,32
3362,3165,32
9683,9458,32
13288,14039,32
14060,13288,32
14078,29358,32
44159,16205,32
27701,11961,32
11961,11962,32
11792,10588,32
11962,27653,32
14969,14955,32
49517,42851,32
25542,25543,32
34520,34519,32
15354,24207,32
34519,34799,32
35802,35804,32
35804,35806,32
35806,35807,32
42830,2083,32
35807,35776,32
35776,35779,32
24499,24503,32
17050,2534,32
15210,15209,32
50961,50952,32
50952,39529,32
13756,13755,32
13940,13756,32
3111,3166,32
34296,3540,32
9630,11838,32
36850,36851,32
9628,9629,32
9629,10274,32
16390,25265,32
42845,7604,32
9425,10192,32
232,234,32
197,232,32
229,197,32
233,229,32
34268,9543,32
39789,39791,32
16796,23845,32
9633,11612,32
16137,16237,32
6715,6716,32
3540,3217,32
14289,41892,32
7443,34964,32
12840,13261,32
13261,12877,32
12877,12836,32
12836,12818,32
13648,13057,32
3126,17510,32
3112,3126,32
43878,27510,32
13239,13710,32
3219,43210,32
3218,3219,32
3217,3218,32
51766,13940,32
14598,29407,32
38277,4114,32
9570,9571,32
2125,2120,32
37358,37350,32
37350,37358,32
10328,11590,32
20841,19553,32
2120,2121,32
2121,2122,32
2122,2123,32
28285,12408,32
867,869,32
26330,48006,32
25893,26330,32
3115,2279,32
2123,3939,32
39290,9570,32
4576,5037,32
9537,39290,32
11720,9537,32
9304,11720,32
10079,9304,32
26000,26001,32
26091,26000,32
27458,41907,32
26205,26091,32
27103,25587,32
26111,27103,32
42024,41954,32
24456,24418,32
41907,41909,32
41909,41911,32
3791,3892,32
3892,3792,32
34738,7692,32
22165,22166,32
27252,27247,32
27247,27246,32
2760,2341,32
7554,7550,32
15348,15278,32
15278,22075,32
13679,13599,32
8733,10173,32
10727,11441,32
11441,46419,32
46419,46720,32
35809,35810,32
35810,35811,32
48870,15358,32
8399,8096,32
5771,5673,32
1328,16996,32
17232,1328,32
1318,17232,32
9342,9899,32
1195,16950,32
23959,23965,32
23958,23959,32
24027,24026,32
24025,24027,32
3563,2133,32
2119,2125,32
22080,21404,32
25919,25805,32
11838,9628,32
7395,7384,32
27092,27374,32
5441,5439,32
21325,21857,32
22315,21851,32
23890,22674,32
29512,13116,32
5438,5726,32
5439,5438,32
7841,7975,32
7898,7841,32
5443,5441,32
27081,27099,32
11062,10995,32
7897,7898,32
41810,43220,32
11057,11062,32
11059,11057,32
44377,49968,32
6021,20091,32
41133,11080,32
23889,23890,32
25570,25571,32
5764,5443,32
16575,16580,32
22264,22719,32
23289,16575,32
7955,7956,32
7352,7416,32
23531,22264,32
23686,50851,32
17421,43656,32
16526,23686,32
23223,38111,32
44375,44377,32
12812,44458,32
10096,44961,32
44962,10747,32
980,16917,32
24152,24155,32
27099,27097,32
47451,48462,32
3072,3073,32
27445,27401,32
20855,19710,32
7535,49887,32
44960,10095,32
27794,26567,32
50187,29350,32
8996,10944,32
43871,38883,32
48408,48407,32
9585,9437,32
48407,48406,32
10748,44963,32
48541,43871,32
12929,13795,32
36851,48541,32
13568,49934,32
23320,16789,32
40904,8262,32
50534,24468,32
35675,35676,32
1758,4894,32
50150,9181,32
1238,17211,32
22544,22545,32
10944,10941,32
39154,42062,32
50591,15426,32
23061,23062,32
5703,5764,32
48406,48409,32
22177,41336,32
10941,10938,32
16807,23889,32
9646,9585,32
15709,15606,32
9720,9713,32
39140,48408,32
35676,9720,32
10940,8998,32
10938,10940,32
3073,2976,32
49553,49534,31
7428,7355,31
22094,15828,31
35587,35060,31
24696,25206,31
14866,14873,31
16692,14876,31
19774,20570,31
14873,16692,31
41170,11065,31
18860,18862,31
5384,5314,31
25934,25935,31
24442,24482,31
29305,44001,31
303,725,31
21380,21379,31
3071,3072,31
49532,42257,31
868,866,31
49536,49532,31
51618,51623,31
11562,9063,31
22475,24113,31
5139,49536,31
4915,5139,31
20750,34331,31
4537,41742,31
16103,43053,31
10590,11059,31
49544,4537,31
10949,10590,31
43442,44409,31
16084,15586,31
42605,42598,31
34331,34332,31
11562,8731,31
34333,20750,31
16392,16307,31
16482,16151,31
16151,16150,31
16150,25231,31
13914,13970,31
25231,16152,31
16152,16396,31
13976,13914,31
11633,35677,31
12829,13265,31
37713,7568,31
6998,20856,31
748,741,31
18459,18458,31
14359,13976,31
27778,26557,31
35614,11633,31
14358,14359,31
16292,43595,31
49555,6300,31
6155,49555,31
21412,24094,31
25938,42522,31
21589,50534,31
5161,6155,31
6169,5161,31
16914,24044,31
8975,9531,31
9531,9532,31
9532,9362,31
9362,9566,31
17315,3611,31
42522,41603,31
43947,43949,31
43949,5743,31
15449,15450,31
24055,16914,31
11477,8731,31
22252,23027,31
10425,10473,31
50484,38684,31
19427,18443,31
15552,15553,31
49550,41048,31
624,738,31
41048,35334,31
39476,39765,31
39143,39141,31
39141,39140,31
17225,1364,31
49984,15449,31
738,456,31
548,551,31
29474,14358,31
3437,3735,31
14556,38939,31
24428,24392,31
23534,16147,31
4608,35423,31
35465,4608,31
545,546,31
41599,23036,31
21549,21361,31
13755,13735,31
13735,13734,31
546,548,31
24438,24482,31
6300,6310,31
6310,49528,31
35677,35678,31
11459,48448,31
11291,47411,31
29467,29406,31
38783,38772,31
3516,38783,31
15907,25092,31
35657,3516,31
3515,35657,31
3514,3515,31
3500,3514,31
13865,34277,31
1210,2638,31
16621,39981,31
77,22345,31
10781,10328,31
13795,13792,31
13792,13082,31
38772,38768,31
12884,13865,31
20187,20642,31
8603,8439,31
23002,21627,31
7170,20187,31
34917,39711,31
11227,46725,31
21397,21623,31
49483,42801,31
21623,21399,31
24787,21594,31
15312,15314,31
23052,22139,31
21399,21400,31
10999,8989,31
8989,10964,31
44669,51813,31
44304,24005,31
310,305,31
726,329,31
2529,1926,31
2873,3445,31
3445,2625,31
2625,1924,31
29050,12543,31
1924,2530,31
2530,2529,31
1926,1921,31
22345,16805,31
1921,1918,31
1918,1919,31
1919,3307,31
9356,49074,31
3307,2853,31
2853,2809,31
10703,11445,31
37350,37292,31
2409,3971,31
8170,38886,31
13247,12940,31
41173,37273,31
33907,15491,31
1925,1909,31
44411,43443,31
8998,11282,31
2663,17282,31
19845,20688,31
42471,29430,31
16805,23891,31
43374,27399,31
29430,43282,31
27794,27788,31
21396,21397,31
15311,15312,31
25507,25514,31
14212,14218,31
15380,15364,31
4916,4827,31
44659,13662,31
15396,15378,31
15393,15396,31
16848,22042,31
14215,14212,31
13426,13163,31
22633,23220,31
14549,13595,31
21799,21319,31
9323,9368,31
10017,9323,31
19374,41639,31
13430,13434,31
44290,44289,31
22081,22082,31
50380,23261,31
19693,5094,31
14038,48268,31
2804,1860,31
5020,4573,31
41472,18357,31
2969,1620,31
2699,2698,31
16370,16338,31
3182,2896,31
2896,2897,31
29358,14079,31
2897,3164,31
3164,3362,31
2733,2626,31
9322,10017,31
11910,9322,31
50863,50866,31
15607,15708,31
9696,9605,31
9417,9696,31
9419,9417,31
42799,42802,31
9422,9419,31
27369,27367,31
44249,25369,31
13277,37040,31
49936,47429,31
22063,22064,31
22064,22065,31
9431,9422,31
49925,49927,31
15364,15311,31
22998,15431,31
9023,10943,31
9604,9405,31
786,24783,31
42802,42804,31
26873,26848,31
20920,17829,31
4574,18413,31
19551,35245,31
47213,10455,31
21944,24134,31
24143,24855,31
35264,5552,31
34159,42653,31
2072,16964,31
13645,12847,31
12829,13640,31
40091,25507,31
43783,44251,31
50946,43612,31
2005,3471,31
8302,11530,31
2732,38136,31
40418,6002,31
2029,41354,31
25503,25487,31
3471,41290,31
2047,2029,31
12031,47160,31
8614,41242,31
15326,15342,31
9636,10402,31
37358,37362,31
19303,6009,31
7912,7900,31
2784,2052,31
16519,16516,31
39221,1176,31
3343,3547,31
17735,17738,31
47160,47208,31
26246,26244,31
37306,37358,31
16009,15994,31
40344,40345,31
2432,2433,31
50349,11269,31
26001,26098,31
2001,2432,31
34948,8174,31
48013,12031,31
2002,2003,31
12226,40344,31
2003,2004,31
1152,4028,31
48448,50349,31
22470,21681,31
15788,15622,31
2433,2784,31
2004,2005,31
25750,41247,31
8125,10226,31
26128,25750,31
21321,21322,30
28674,28675,30
12889,13127,30
18376,4150,30
21320,21321,30
39619,28674,30
27649,27900,30
28592,28588,30
16092,16097,30
21319,21320,30
27220,28592,30
27375,27372,30
27570,27565,30
27394,43774,30
27401,12004,30
49599,49596,30
21868,49552,30
26848,26700,30
27372,27394,30
27230,27570,30
9909,10186,30
47403,49358,30
8264,8279,30
8,16244,30
28047,28022,30
28045,28047,30
27439,28045,30
16244,9,30
9,10,30
10,16246,30
16247,15428,30
25,8,30
8279,40905,30
35016,40906,30
3899,3007,30
18229,4861,30
4860,18229,30
8269,34985,30
49572,49564,30
28569,26933,30
11908,43149,30
3387,3388,30
8468,8469,30
49596,49572,30
48462,10790,30
3229,2502,30
44440,17989,30
16148,16020,30
15602,15422,30
34992,38389,30
332,14751,30
43149,43151,30
34128,23642,30
43030,27195,30
1934,1931,30
9048,29342,30
6411,17570,30
48353,10959,30
43151,38685,30
25247,46513,30
46825,47006,30
14825,14836,30
15397,15394,30
27203,27501,30
27200,27203,30
21744,17200,30
5243,18458,30
16572,16619,30
34505,34495,30
49594,49584,30
49358,48049,30
5314,5316,30
12125,12227,30
222,221,30
34721,43026,30
221,215,30
215,217,30
12950,13901,30
7347,7439,30
15643,51871,30
15377,15397,30
47256,27567,30
218,224,30
47421,44292,30
618,605,30
11120,9046,30
26266,25479,30
42434,5916,30
5916,5976,30
51436,14398,30
2513,2115,30
25887,11945,30
24336,24786,30
9922,11237,30
26278,25883,30
26243,26249,30
26249,26251,30
14731,624,30
25362,759,30
20702,20612,30
49492,49594,30
217,218,30
12852,13648,30
12998,13580,30
21866,21416,30
16976,3950,30
1410,1417,30
24991,24698,30
24697,24991,30
18527,18509,30
13051,13118,30
23277,25247,30
7910,8614,30
22260,21675,30
9844,46964,30
46964,46825,30
6618,5575,30
11562,8752,30
27579,51491,30
25228,25229,30
38692,23861,30
16390,25264,30
21416,51152,30
24150,21866,30
14235,14234,30
26069,26068,30
12228,12129,30
14240,14235,30
14251,14249,30
14245,14243,30
43321,37726,30
25100,43324,30
3121,3363,30
3363,3208,30
14284,29434,30
3208,2890,30
41932,41930,30
2890,2891,30
2891,2892,30
2277,3012,30
2700,17463,30
17463,17464,30
24698,16917,30
249,248,30
25563,25564,30
27531,27532,30
13743,13746,30
20853,19724,30
2295,3725,30
49534,50481,30
6319,49553,30
41743,6319,30
16153,24449,30
26438,28186,30
26308,26314,30
6181,4509,30
5140,6181,30
49537,5140,30
15828,15843,30
10264,10627,30
4107,4108,30
18781,20853,30
48129,18459,30
38276,4107,30
11507,9899,30
25233,16153,30
25232,25233,30
35338,41045,30
16571,16542,30
49541,49539,30
49548,49541,30
49546,49548,30
41048,49546,30
13603,47432,30
358,38118,30
43306,23270,30
16397,25232,30
48897,49946,30
21097,18199,30
10767,9966,30
7877,8127,30
41241,10792,30
9900,10767,30
23491,40031,30
42435,49537,30
26314,26320,30
4630,6169,30
4106,38276,30
13875,43231,30
5097,4780,30
39176,39177,30
33876,15279,30
13876,13875,30
43967,43969,30
35785,42701,30
42701,42706,30
42706,35759,30
35759,35751,30
35751,35749,30
35749,35800,30
35879,43967,30
44474,13308,30
12862,44474,30
13957,29413,30
10186,11726,30
302,282,30
7338,34719,30
24449,16230,30
16317,16418,30
39819,39822,30
12719,35949,30
8169,8156,30
4105,4106,30
25098,51656,30
25984,26305,30
26305,26304,30
2053,2566,30
41921,41920,30
12940,13957,30
44303,23905,30
39178,41812,30
41812,41811,30
23121,33876,30
663,25424,30
13886,13888,30
24093,24389,30
14016,14588,30
26171,26151,30
51366,47253,30
4853,5011,30
35622,2333,30
9630,10499,30
51362,51368,30
2739,2364,30
47253,51362,30
2333,2489,30
1355,1318,30
18812,19312,30
22139,23188,30
9413,51366,30
15564,24738,30
23841,23552,30
9423,9428,30
10251,8368,30
4089,4090,30
1391,1355,30
593,258,30
39155,39154,30
283,303,30
26889,28575,30
11934,25885,30
48266,25093,30
23291,16516,30
48418,21786,30
42858,14537,30
7747,7745,30
25564,25565,30
5672,5771,30
2755,2085,30
23654,23655,30
3069,2179,30
20819,18440,30
83,23654,30
42062,39155,30
16580,23290,30
506,14751,30
1099,42581,30
23290,16579,30
43873,37570,30
26710,26889,30
23067,22167,30
44079,41751,30
6299,35420,30
22545,23698,30
27646,26849,30
5014,47851,30
19724,44825,30
42157,8040,30
47825,6189,30
35423,35471,30
6189,35424,30
6298,6299,30
39154,42177,30
6311,6298,30
6309,6311,30
16402,25268,30
46543,16403,30
35424,5030,30
5030,35464,30
25543,26230,30
26230,25544,30
3129,3130,30
3130,46319,30
50853,16524,30
35623,3128,30
13802,13796,30
46513,46543,30
353,42785,30
44865,44868,30
29406,15221,30
3128,3129,30
3160,2741,29
10170,10490,29
3979,35844,29
24870,15000,29
3840,3588,29
14576,13203,29
50379,16287,29
48727,24500,29
37619,5520,29
50343,50350,29
10193,10225,29
43279,13473,29
22178,48727,29
36994,24378,29
50350,49699,29
13960,13937,29
20577,34333,29
15448,49984,29
46387,50361,29
47094,8797,29
2841,2473,29
25969,25970,29
2840,3186,29
39499,27590,29
23253,15702,29
49699,14116,29
2596,17355,29
2741,2596,29
2012,1984,29
13905,13910,29
37362,37358,29
15853,23253,29
20268,6895,29
14174,14394,29
37358,37306,29
3937,48898,29
50767,25709,29
10328,10114,29
6161,6863,29
13775,12992,29
13295,48897,29
23426,23431,29
23891,22347,29
34096,16709,29
6863,6860,29
49528,6161,29
10156,10406,29
22174,22130,29
29123,29124,29
21107,4666,29
22130,25325,29
35973,22144,29
2135,2162,29
49539,49559,29
4566,6861,29
6861,6862,29
6862,6160,29
6160,49533,29
49533,6309,29
16789,24201,29
13806,13808,29
6998,18821,29
13337,29474,29
10503,9368,29
9684,9683,29
25739,26655,29
9683,51367,29
51367,51359,29
26696,28578,29
51359,11851,29
40810,41753,29
50974,35772,29
24373,16496,29
8948,9412,29
44001,50767,29
3549,3798,29
27848,27847,29
51529,14564,29
25761,26128,29
26126,25761,29
41246,26126,29
15280,15322,29
28466,26301,29
22723,21683,29
15279,15280,29
27533,27482,29
2320,35674,29
2323,2320,29
9690,8948,29
16500,24373,29
3603,2177,29
4627,4943,29
2483,2323,29
41132,10236,29
16988,2481,29
51620,34546,29
45014,44422,29
34842,7876,29
23071,23158,29
6721,6722,29
16617,16535,29
41675,19472,29
23288,16607,29
16601,16500,29
22141,22142,29
22140,22141,29
15381,15298,29
5320,5324,29
29350,41132,29
20321,50147,29
43596,16330,29
41505,41544,29
8781,8783,29
16298,16278,29
24394,48423,29
44563,44564,29
18559,18547,29
15871,15849,29
15178,15425,29
19702,20701,29
15530,22928,29
22042,33969,29
47203,46420,29
22520,21398,29
24434,47203,29
36039,36040,29
1607,36080,29
10420,10176,29
23347,13341,29
7369,7448,29
13725,13238,29
41994,8388,29
26089,26094,29
25899,26089,29
16335,25206,29
9659,10661,29
7895,7947,29
10406,10201,29
22178,24500,29
18348,38689,29
8939,10309,29
16006,24734,29
2047,2571,29
40143,40697,29
23121,51281,29
48409,39142,29
4861,4858,29
526,37538,29
547,526,29
549,547,29
551,554,29
15486,23223,29
41220,7396,29
8704,10754,29
27100,27077,29
34007,22716,29
27339,27456,29
38689,38686,29
27456,27474,29
27474,27469,29
25939,27129,29
40145,40143,29
41836,40145,29
7284,20234,29
27220,27225,29
26547,27845,29
24089,15800,29
13970,13974,29
13974,13975,29
29428,13174,29
47400,8863,29
23972,23941,29
25555,25556,29
5328,5332,29
44288,39766,29
17553,17560,29
26093,26080,29
11056,11060,29
5332,5334,29
5334,5335,29
8105,8184,29
44329,15605,29
16684,16116,29
40450,40537,29
11028,11035,29
6619,17553,29
17545,6619,29
8871,7780,29
35274,19547,29
21589,25093,29
48279,43308,29
1471,1456,29
26012,37420,29
5463,5460,29
5464,5463,29
1268,3140,29
40537,23299,29
9553,10179,29
10176,10775,29
24441,24430,29
11617,51555,29
51555,10037,29
15569,15781,29
5917,5066,29
17560,48061,29
4957,41045,29
7531,7636,29
1624,36079,29
49323,2657,29
10991,10996,29
10996,11061,29
40536,43595,29
42184,39154,29
24135,21870,29
5026,4911,29
3140,1277,29
10113,10226,29
724,15228,29
34552,34554,29
14039,14047,29
4780,4916,29
34548,34552,29
34545,34548,29
21404,22081,29
21394,21395,29
21395,21396,29
2879,2243,29
47441,47448,29
47448,47435,29
5724,5723,29
12195,42415,29
22956,15808,29
4474,4477,29
21591,21470,29
4728,4476,29
34554,34557,29
6057,18421,29
13787,13640,29
18659,21164,29
26213,25543,29
7002,17983,29
1470,1471,29
1441,1470,29
1421,1441,29
14575,40450,29
24044,22668,29
21608,21371,29
21371,21372,29
24046,13429,29
2471,2879,29
21372,21373,29
21373,21362,29
16009,16494,29
21174,18659,29
40742,10953,29
25979,26295,29
10226,9046,29
11061,11056,29
50332,42877,29
11616,50622,29
14011,14180,29
14533,14011,29
16272,16273,29
43629,50863,29
18437,18456,29
27249,27583,29
13766,13763,29
24855,24154,29
9056,44201,29
21812,24177,29
23729,21812,29
21817,23729,29
2660,2523,29
50622,51548,29
12990,38947,29
4650,4633,29
12282,12281,29
38903,12279,29
3797,3021,29
14140,14141,29
4717,4805,29
12431,12228,29
28153,27220,29
12227,12431,29
39478,39476,29
40345,12125,29
29460,14514,29
39477,39478,29
39766,39477,29
14513,14158,29
44158,16205,29
5725,5724,29
12196,12282,29
26705,26871,29
5335,5326,29
1158,39221,29
17555,17544,29
1092,1071,29
1077,44095,29
17559,17555,29
51548,10158,29
48062,17559,29
26711,26705,29
17694,17681,29
35800,35798,29
12924,13143,29
26849,27918,29
14180,14187,29
42415,12196,29
17539,17529,29
14187,14189,29
17333,3049,28
3048,17333,28
5552,18804,28
25333,25335,28
1817,1818,28
9048,44887,28
10176,10281,28
18421,7216,28
49535,10464,28
3049,17334,28
17334,3213,28
15907,16786,28
26852,27861,28
15907,39311,28
3213,1826,28
3047,3048,28
42904,42951,28
1818,3047,28
42951,42923,28
49329,13319,28
22080,21591,28
444,602,28
49473,14166,28
28327,26604,28
13295,13042,28
15878,24200,28
7766,34729,28
8322,7910,28
27802,28327,28
25291,15639,28
10452,49535,28
3145,35666,28
24132,21419,28
29350,11080,28
27374,27373,28
42908,42904,28
35613,9046,28
17224,35086,28
25994,25995,28
27462,27468,28
543,518,28
5825,17693,28
44003,13425,28
51253,34495,28
8966,9627,28
27810,27689,28
25840,27344,28
8899,7381,28
10110,11739,28
26134,48503,28
16347,15834,28
27468,27454,28
48438,48640,28
27454,27455,28
27455,50464,28
50464,27338,28
35245,5601,28
25265,16345,28
16380,24229,28
24535,24536,28
10710,11792,28
27863,27881,28
1826,1827,28
34635,35105,28
26302,26135,28
19391,21125,28
11792,9560,28
35791,48898,28
9046,11734,28
27864,27863,28
9674,34268,28
38796,51506,28
27881,27844,28
3132,3133,28
27917,26547,28
21125,18410,28
26135,26134,28
27400,27444,28
1077,44101,28
10113,11726,28
27444,27443,28
38143,49171,28
21320,21322,28
23035,22188,28
44258,10114,28
13589,13127,28
250,40898,28
26871,28231,28
13095,13637,28
15416,16105,28
13738,13700,28
714,14612,28
1051,1048,28
9442,8966,28
12963,15416,28
3845,17275,28
16688,16482,28
17275,34218,28
18418,4633,28
41947,2046,28
17200,17499,28
21099,21096,28
36079,36031,28
49558,49549,28
5467,5464,28
49560,49558,28
4668,49560,28
6860,4565,28
1043,3591,28
8917,9430,28
42299,48481,28
51409,5708,28
29081,29082,28
44928,51409,28
43905,8131,28
5453,44928,28
48481,43905,28
3149,3120,28
23154,23034,28
24158,13417,28
25762,25751,28
8148,7747,28
1165,1642,28
20697,19572,28
19872,20697,28
20385,19872,28
48117,27479,28
8421,8125,28
8122,8123,28
8115,34998,28
8148,42971,28
22235,14693,28
18251,18258,28
29436,14270,28
42483,3131,28
3131,3132,28
42972,8148,28
26268,26278,28
48515,47936,28
25633,26070,28
25751,26116,28
26116,26115,28
15368,16916,28
16507,23289,28
10416,42750,28
35688,25633,28
36131,2986,28
47936,49482,28
2986,2987,28
44864,39612,28
44867,44864,28
1754,4105,28
50155,1754,28
49482,49492,28
49549,49550,28
701,37415,28
3816,36098,28
2566,2051,28
1216,1219,28
44227,41810,28
40424,40061,28
23909,23930,28
11072,48352,28
3181,48898,28
25109,23368,28
598,572,28
35568,35648,28
13152,13288,28
12890,14339,28
49401,41993,28
10251,42149,28
48995,13339,28
21350,44792,28
13904,13897,28
13132,13618,28
13623,13132,28
24075,24072,28
11004,10591,28
35666,35668,28
13581,48709,28
13288,13252,28
23028,23029,28
360,726,28
35668,35568,28
13620,13623,28
22990,23721,28
23029,23030,28
23030,23031,28
23721,74,28
12992,13625,28
13625,13620,28
44792,21381,28
7479,34962,28
18552,18559,28
27111,26136,28
26009,26010,28
8467,7562,28
14860,14839,28
43969,43966,28
39179,41749,28
26136,26067,28
25995,25987,28
26010,26139,28
48008,27111,28
26332,26335,28
248,241,28
11120,11161,28
16173,16317,28
41948,41947,28
7354,7427,28
15300,15380,28
39828,50556,28
16760,94,28
7483,34967,28
17050,20504,28
94,95,28
2220,1488,28
13425,43286,28
35420,50521,28
1753,1758,28
2027,41948,28
5452,5451,28
5436,5452,28
16507,16613,28
7438,7382,28
7437,7438,28
7381,7437,28
28866,29293,28
27844,27917,28
13630,13640,28
37420,26160,28
20703,5599,28
11978,39561,28
51491,26538,28
26160,25540,28
4219,4225,28
5317,5319,28
43374,25908,28
48001,4635,28
47406,12890,28
7503,7529,28
43294,13395,28
5167,51786,28
42483,46319,28
11266,9618,28
50894,25333,28
8749,10179,28
10173,10177,28
7566,7532,28
25924,26222,28
25908,25916,28
26196,25928,28
25367,25338,28
29293,25860,28
18431,35332,28
4163,4647,28
13183,50343,28
1732,3824,28
3265,3295,28
41933,9301,28
41664,11081,28
25979,47186,28
14577,14575,28
47186,46940,28
46940,25883,28
13230,14577,28
13937,50332,28
29480,51635,28
48268,12838,28
40068,41922,28
24262,24263,28
28246,26691,28
2755,2089,28
41922,41921,28
9034,41664,28
6886,20577,28
6578,17532,28
7581,38909,28
43880,43879,28
36925,7531,28
13963,13230,28
26203,25921,28
26199,26203,28
40421,40068,28
8825,9814,28
12030,25593,28
16087,21851,28
3660,2063,28
27109,26215,28
9306,41933,28
26190,27118,28
15233,14612,28
5016,4845,28
9553,11459,28
4663,5016,28
8965,8969,28
21306,4998,28
12279,12285,28
25554,25555,28
10039,10780,28
48938,49764,28
12232,38903,28
4845,4568,28
1098,38659,28
39358,39642,28
2139,2113,28
49764,27136,28
12132,12232,28
12918,13921,28
12129,12132,28
46460,9664,28
51418,44003,28
9664,10569,28
21692,22454,28
9911,46460,28
45038,13708,28
27453,27448,28
13643,12847,28
26280,12030,28
18563,21056,28
26312,26469,28
18015,18002,28
3321,3660,28
8750,10357,28
4477,4570,28
25986,26280,28
12032,26402,28
49420,27352,28
12285,12388,28
16288,12032,28
36512,8667,28
16782,41017,27
2425,1943,27
49467,49451,27
16904,23107,27
1943,1944,27
49461,49467,27
1933,2425,27
44291,43589,27
1944,1931,27
20556,20555,27
15843,15876,27
13286,13345,27
37114,22267,27
22147,22148,27
22148,22149,27
22149,22150,27
27416,26052,27
21338,21339,27
16590,16588,27
16591,16590,27
21339,21340,27
50341,42986,27
3319,3320,27
42888,26524,27
22099,48646,27
4926,4518,27
10838,43697,27
23252,24262,27
27572,27578,27
42672,42667,27
20554,42561,27
25806,26177,27
13599,48083,27
23671,16850,27
13746,13749,27
38136,37775,27
16104,21778,27
22576,15029,27
3365,3560,27
28157,28168,27
21103,19422,27
10491,9320,27
13604,13615,27
16249,35323,27
43188,41845,27
22347,22470,27
43351,4576,27
3426,3427,27
12991,14345,27
42183,23337,27
50341,3426,27
4998,19072,27
19853,19854,27
35711,35707,27
35707,173,27
3971,2052,27
48051,3368,27
38879,36854,27
41610,28952,27
27689,27805,27
5266,5267,27
28168,29199,27
42673,42672,27
42669,42673,27
42675,42669,27
1081,1071,27
51104,42675,27
50049,51104,27
42460,50049,27
17318,2567,27
25083,15579,27
14954,14963,27
4970,4763,27
4862,4654,27
27415,25541,27
48040,3368,27
15372,23125,27
37775,37470,27
27482,39348,27
43588,47421,27
49981,13117,27
26119,25762,27
34470,34465,27
34482,34470,27
34495,34482,27
272,276,27
276,581,27
26120,26119,27
21597,22086,27
581,220,27
16273,25252,27
13015,14287,27
17573,17568,27
19560,17589,27
17604,19560,27
20696,5627,27
18238,18366,27
17596,17604,27
5168,4479,27
17628,17596,27
17635,17628,27
18488,18418,27
17683,46578,27
43407,43821,27
26156,41200,27
17589,17573,27
28949,41200,27
41302,41306,27
47405,43588,27
4942,4712,27
1704,1711,27
51194,44877,27
51125,49208,27
44264,51194,27
8999,10843,27
5048,4659,27
49413,26597,27
9028,48353,27
18258,5929,27
48049,47404,27
47404,47405,27
15739,15542,27
40116,28949,27
3201,2090,27
34703,8114,27
5929,19818,27
25224,25227,27
12026,42024,27
25558,25559,27
25559,25560,27
47951,3549,27
27847,27654,27
25612,25611,27
17568,17564,27
26292,40115,27
43821,41302,27
220,582,27
42986,42984,27
2260,2261,27
22689,22044,27
17468,35649,27
2262,2259,27
25215,50207,27
23125,15315,27
1051,4134,27
49169,15372,27
42984,42983,27
2259,2260,27
22027,22689,27
16078,16431,27
19312,19314,27
18376,21145,27
22044,22310,27
21145,21151,27
2261,2256,27
15212,15254,27
3681,1946,27
46520,15212,27
23115,46520,27
2133,2434,27
12667,12668,27
12668,29083,27
2531,1985,27
14347,29368,27
37470,1910,27
4168,6742,27
22310,22045,27
41309,42729,27
17700,17707,27
48057,37420,27
41290,17506,27
17699,17683,27
582,583,27
2278,35945,27
9983,37065,27
4515,4628,27
35667,35695,27
17708,17699,27
17711,17708,27
22426,22423,27
17707,17711,27
22425,22426,27
22045,22425,27
35669,35667,27
9996,8824,27
10018,9996,27
2862,35669,27
2740,2862,27
2744,2740,27
2743,2744,27
16405,25207,27
2284,2743,27
17355,2284,27
5698,5689,27
18847,18848,27
1359,1340,27
12918,49203,27
43589,43587,27
24034,24028,27
29433,14271,27
27653,27849,27
26932,28569,27
11628,9733,27
525,38927,27
11824,38680,27
38680,46232,27
46232,9824,27
43587,47441,27
50225,48279,27
46206,9414,27
524,525,27
41331,41308,27
38683,11752,27
41535,41536,27
29473,14274,27
10619,11839,27
40504,9937,27
5026,4922,27
20713,19843,27
9937,9929,27
41999,41535,27
25902,25553,27
3318,3319,27
25818,26932,27
11700,9786,27
15390,15387,27
13119,44459,27
28319,12433,27
12433,12411,27
16288,26402,27
19799,19454,27
22516,24810,27
25946,25948,27
518,515,27
11978,11986,27
11986,27656,27
17748,19672,27
44459,13178,27
25076,44250,27
29438,14269,27
48837,43405,27
43406,48837,27
13259,13306,27
49723,27140,27
27140,27463,27
4500,21151,27
43822,43406,27
9982,9793,27
47061,9982,27
9786,47061,27
41330,43822,27
9844,11715,27
15439,15390,27
16573,23338,27
24536,24537,27
41643,28230,27
4045,41999,27
2190,2589,27
8783,8787,27
28573,26757,27
34984,44538,27
26847,26502,27
48904,48889,27
20913,20920,27
16417,16318,27
15626,41264,27
38927,554,27
41452,44539,27
549,543,27
48912,48890,27
4591,4729,27
26438,26679,27
26679,28571,27
729,748,27
39489,27293,27
24155,13419,27
50631,51761,27
12981,13082,27
14003,14004,27
4470,4729,27
48896,35790,27
2335,2336,27
15560,15561,27
20588,20268,27
20377,20588,27
20427,20377,27
10335,10025,27
10515,11848,27
24774,22418,27
20426,20427,27
48331,51124,27
2336,3399,27
10474,9600,27
639,396,27
10716,11291,27
23081,21419,27
48333,48331,27
743,22178,27
12963,48295,27
48295,29350,27
24499,24507,27
11880,49737,27
15559,15560,27
50378,16237,27
17121,2753,27
17059,17121,27
24408,48862,27
27415,26167,27
9665,46373,27
41934,20739,27
3317,3318,27
16549,16769,27
3707,3298,27
39488,39491,27
42723,50250,27
15620,15409,27
3300,3301,27
3927,3297,27
4177,5517,27
18199,21080,27
3297,3707,27
24786,16335,27
27279,39358,27
12426,12140,27
10356,48708,27
26264,26198,27
12138,12195,27
2474,3927,27
3298,3299,27
12121,25864,27
48646,43783,27
12140,12138,27
3299,3300,27
20792,41472,27
12120,12121,27
15421,15602,27
34477,51769,27
16325,24696,26
19709,6998,26
48292,13397,26
13706,13678,26
21073,18583,26
4804,5167,26
40136,26381,26
18583,6151,26
28915,27646,26
35957,9579,26
14108,14113,26
39718,39499,26
13678,13667,26
14140,14138,26
29459,29460,26
35847,35957,26
39291,35847,26
48629,43610,26
13395,48292,26
40020,39291,26
51786,4479,26
1197,1184,26
29458,29459,26
39352,27530,26
39044,22575,26
23865,22360,26
22161,22162,26
5288,42526,26
1907,2717,26
13595,13635,26
27904,22315,26
1909,1907,26
2769,1930,26
1128,1115,26
26012,43371,26
42969,39533,26
50586,10236,26
35116,48499,26
39534,42969,26
39535,39534,26
19808,6850,26
47400,9000,26
23596,47831,26
43610,50951,26
21851,22319,26
19486,18716,26
26381,28954,26
27904,27905,26
43371,28846,26
47831,22803,26
39625,48057,26
27974,25968,26
18716,19808,26
41933,9300,26
11228,41933,26
13397,42865,26
13618,13605,26
9569,40020,26
22933,23736,26
10468,10463,26
27230,28804,26
13059,14339,26
14963,14990,26
2151,35844,26
43436,43797,26
17336,3119,26
3118,17336,26
3638,3118,26
3637,3638,26
3636,3637,26
23604,23880,26
15769,15739,26
23736,23604,26
23845,25372,26
13056,13059,26
24639,16796,26
25282,25264,26
3866,2847,26
17328,3866,26
14216,14233,26
14211,14216,26
14217,14211,26
1827,17328,26
5108,5109,26
5143,51788,26
51788,4717,26
376,364,26
48536,44622,26
19457,43403,26
10463,10460,26
13426,13431,26
16345,16347,26
27285,27599,26
18008,18713,26
29436,29472,26
28846,28847,26
28847,28848,26
48330,44871,26
49568,48330,26
26427,27601,26
27601,27595,26
13580,13585,26
24211,16790,26
41639,6334,26
14370,49328,26
25902,25540,26
23129,23099,26
42193,20737,26
13037,14062,26
43802,41234,26
28848,28849,26
26074,25899,26
3782,2084,26
49328,29482,26
40793,41165,26
28849,28861,26
17464,1839,26
42715,43700,26
8905,35683,26
13043,13290,26
13088,50625,26
1220,1217,26
14034,14042,26
28262,26795,26
51253,51616,26
28954,40135,26
40735,22117,26
48835,44619,26
6549,42020,26
9916,10667,26
6548,6549,26
44627,48835,26
44258,34266,26
10193,43792,26
17949,17947,26
29367,40638,26
173,172,26
21355,21354,26
21786,16413,26
10176,8750,26
21613,21388,26
44619,48772,26
12903,13704,26
14788,37114,26
27839,27220,26
1934,1933,26
46758,46803,26
46930,46758,26
16914,24033,26
21606,21359,26
42203,41862,26
8263,42203,26
45014,41393,26
35702,22074,26
2603,1945,26
28968,26058,26
48920,41132,26
26371,46930,26
17282,1456,26
47954,21369,26
21833,35702,26
27950,27450,26
10016,10617,26
2781,2786,26
34267,11445,26
6546,6547,26
22261,23671,26
6545,6546,26
27805,26605,26
29034,49415,26
42303,36814,26
9802,47311,26
29479,13725,26
18547,18560,26
24403,37416,26
3601,43873,26
1908,2873,26
28913,26454,26
39128,23147,26
21744,21295,26
40092,40091,26
26219,26223,26
1880,1881,26
22088,21833,26
6547,6548,26
1865,1880,26
1864,1865,26
40093,40092,26
7671,42303,26
16413,22239,26
25369,25368,26
22239,22284,26
1861,1864,26
16901,22088,26
25979,25993,26
25975,26337,26
26337,28072,26
11188,11187,26
25830,25832,26
14280,29466,26
4479,4975,26
15785,15473,26
38149,41006,26
4975,21092,26
26165,25830,26
27139,27115,26
40135,42889,26
25832,25833,26
27443,27139,26
9554,9424,26
17223,17224,26
1786,3340,26
14274,29440,26
9424,9420,26
27900,27810,26
14217,14239,26
48772,44592,26
27949,27950,26
41220,7381,26
2717,2718,26
47311,9875,26
44592,48536,26
3172,17338,26
15387,15385,26
23256,15853,26
42520,41652,26
28244,26825,26
28842,28843,26
2255,2839,26
2839,2840,26
34493,8192,26
9556,9554,26
42169,27106,26
25766,29305,26
11176,11179,26
1413,1421,26
23133,15672,26
21312,42981,26
11179,11178,26
25596,26448,26
18553,18566,26
29479,29482,26
8468,29342,26
28679,26074,26
11182,11177,26
11189,11182,26
11187,11189,26
28072,25596,26
5821,17991,26
18556,18553,26
44880,50913,26
50913,44885,26
44885,50919,26
27382,27388,26
27411,27382,26
50919,44876,26
17001,17003,26
27391,27411,26
10847,10606,26
10606,10607,26
9013,51672,26
38861,42668,26
27106,27391,26
28675,28842,26
25986,12020,26
15672,25097,26
28844,28845,26
28861,26251,26
6390,17669,26
24098,22957,26
27368,27989,26
41994,8390,26
4624,4622,26
21652,16800,26
21501,21797,26
379,662,26
16793,24214,26
39982,15991,26
15414,15563,26
47352,9605,26
4626,4658,26
9043,9737,26
47253,47352,26
49505,47939,26
17669,17700,26
24132,24098,26
25935,25936,26
9737,21853,26
5451,5321,26
23646,23664,26
1449,17283,26
39771,42455,26
26209,26210,26
23703,23646,26
26210,26225,26
16885,39982,26
2984,36132,26
27237,27230,26
25577,39629,26
49424,49463,26
9544,10767,26
9604,9620,26
22957,23703,26
13936,13963,26
50498,50497,26
871,872,26
23664,22815,26
24766,24103,26
40534,40535,26
10995,48353,26
2093,3791,26
3360,1372,26
41133,20224,26
2563,3360,26
27974,27368,26
49392,27974,26
26218,27109,26
17268,2904,26
49463,49461,26
39174,40809,26
10838,43435,26
6373,5342,26
43947,5469,26
24103,24990,26
39003,20840,26
17653,6390,26
43360,43080,26
47939,48514,26
51358,47253,26
24238,24244,26
9423,51358,26
16031,21513,26
24779,13361,26
23857,23856,26
19852,19853,26
16689,40534,26
50770,26846,26
25733,43363,26
43363,25705,26
25705,43360,26
18459,5616,26
50903,44260,26
50207,40535,26
10767,10446,26
17564,17561,26
12680,12667,26
4088,4089,26
14611,14632,26
15234,14611,26
192,15234,26
1282,17473,26
23840,23842,26
16289,26787,26
18488,21099,26
12669,12670,26
9713,35614,26
24070,24137,26
17211,17210,26
24063,24070,26
24775,22989,26
17473,1264,26
44545,44544,26
26417,26418,26
42178,42184,26
23320,24201,26
41544,35675,26
17624,6627,26
33876,43768,26
43195,16221,26
22074,33876,26
44547,44545,26
17621,17636,26
17631,17624,26
17648,17631,26
19323,19324,26
714,593,26
17636,17648,26
21096,18479,26
24046,24063,26
2983,2984,26
1813,3053,26
44439,44700,26
23858,23857,26
12751,26417,26
17561,48061,26
13916,13936,26
35615,7871,26
22173,22174,26
17024,2492,26
1791,17024,26
22621,24092,26
3325,1791,26
23842,23858,26
22171,22172,26
26655,27918,26
35701,16003,26
12910,12918,26
49472,49449,26
22169,22170,26
22168,22169,26
22170,22171,26
8733,37251,26
22620,22621,26
1797,2419,26
24045,22668,26
35678,35615,26
26415,26416,26
26416,12751,26
22815,22620,26
14142,29463,25
48453,48454,25
48454,47845,25
27581,27583,25
17662,7201,25
1662,1659,25
47447,19550,25
25058,44681,25
5731,5734,25
47876,22899,25
13288,16777,25
26112,42024,25
5622,18357,25
4676,21061,25
21056,18579,25
22119,23084,25
21281,19352,25
13180,13868,25
28929,25748,25
27663,27581,25
28952,28929,25
13863,14548,25
7201,17703,25
17633,17662,25
27578,39563,25
26209,26213,25
36927,7543,25
22086,23103,25
34657,35317,25
17703,17712,25
11981,27079,25
48300,27230,25
5730,5731,25
14837,16694,25
3316,3183,25
35148,35149,25
3183,3161,25
44421,13226,25
35158,35160,25
35160,35162,25
35162,49435,25
943,35943,25
49435,49472,25
29080,29081,25
1976,1991,25
29124,29080,25
29078,29123,25
49449,49424,25
29077,29078,25
9413,51361,25
21117,4588,25
29083,12669,25
4588,4535,25
51361,51363,25
4535,4840,25
4840,4574,25
15708,25078,25
29089,29090,25
29068,29089,25
13920,13181,25
34075,23788,25
25546,26202,25
22018,34075,25
34716,8414,25
1659,1660,25
25855,11981,25
1660,3995,25
23492,23470,25
23470,23463,25
18579,21306,25
5697,5461,25
5685,5762,25
23400,21895,25
79,23093,25
22144,22145,25
22146,22147,25
23551,23875,25
3995,1661,25
26524,41610,25
43964,43963,25
13638,13092,25
5687,5685,25
24507,22018,25
17623,17633,25
13676,12878,25
13910,14023,25
24246,24243,25
5688,5687,25
21381,21380,25
5689,5688,25
21379,21378,25
15228,709,25
13152,13038,25
13492,44459,25
13430,13257,25
22966,24175,25
22094,15823,25
15823,15519,25
15519,15838,25
15877,44134,25
9030,10964,25
41536,41534,25
41534,41533,25
28571,26698,25
16318,16174,25
26698,49692,25
49692,28576,25
28576,28206,25
48020,17505,25
4125,1758,25
51776,47843,25
379,374,25
22066,12975,25
17456,35654,25
35654,2465,25
12559,28286,25
39139,11748,25
43324,43328,25
13667,29490,25
13775,13773,25
14398,14396,25
44460,13492,25
2364,3532,25
23129,39128,25
13256,13434,25
49428,49469,25
24481,24443,25
41133,21588,25
39145,39146,25
8265,40902,25
40902,8266,25
8266,8267,25
8267,34836,25
34836,7993,25
7993,34837,25
34837,8270,25
8271,34776,25
7544,7942,25
42036,42035,25
4513,41742,25
39146,18778,25
19549,20121,25
28170,28156,25
5048,4957,25
26152,26151,25
16402,23343,25
19546,20117,25
24537,16650,25
49047,49057,25
5566,5567,25
5567,5568,25
724,14661,25
48607,26963,25
26963,39361,25
23993,24000,25
49031,46320,25
21821,24734,25
16681,16030,25
42542,23945,25
16030,21715,25
49757,49778,25
29087,29088,25
5313,5380,25
14273,29438,25
29439,14273,25
1275,1274,25
35653,17456,25
13978,29428,25
13977,13978,25
25675,25676,25
1620,1627,25
25676,25677,25
41666,13321,25
43053,16104,25
13484,14508,25
50185,11970,25
15314,22070,25
23368,23239,25
2804,3962,25
12825,13635,25
5013,4791,25
14017,14545,25
10953,9034,25
13902,13002,25
35302,10759,25
13098,12969,25
49450,49430,25
49430,49428,25
19386,19393,25
26087,25899,25
48451,49754,25
2976,17422,25
2012,2695,25
43660,41491,25
5517,20390,25
24028,42542,25
13449,13450,25
22192,22193,25
22430,23973,25
5409,5410,25
40131,44757,25
15620,23133,25
24856,15315,25
15386,15388,25
15388,15389,25
15389,25079,25
25079,15359,25
1656,49324,25
15346,15347,25
2465,2214,25
16494,16524,25
12975,13295,25
4225,21269,25
4659,4509,25
1721,1722,25
43504,42443,25
15808,16206,25
38368,38367,25
4223,4242,25
10775,11734,25
49324,1141,25
29088,29068,25
9291,46725,25
48260,48957,25
43404,48805,25
21681,22340,25
2214,2190,25
26604,26614,25
26602,26604,25
6720,6721,25
8489,7647,25
48957,48259,25
51462,14121,25
35674,2989,25
48805,43407,25
26608,26602,25
6139,43655,25
43370,43422,25
2058,2059,25
15367,15368,25
2059,2060,25
2060,1882,25
12889,42858,25
26517,28889,25
10960,8991,25
28888,26303,25
26303,42100,25
25099,15680,25
15680,15409,25
14342,43312,25
29504,14176,25
51673,44265,25
49516,39038,25
37508,49516,25
19546,35274,25
12865,13748,25
14537,13060,25
18428,21195,25
4671,18428,25
29402,29406,25
28638,25916,25
9973,9633,25
29581,29407,25
50019,1359,25
1695,3873,25
3873,35079,25
28589,28863,25
22825,22803,25
48259,17629,25
15810,49366,25
8063,7541,25
14166,29504,25
1882,1889,25
49386,34505,25
3862,3949,25
49659,19728,25
41863,23054,25
44144,25940,25
43274,43286,25
44200,27605,25
19760,19589,25
19589,18846,25
49504,43254,25
18846,18847,25
27527,48256,25
18848,49659,25
11969,44200,25
50972,35772,25
37288,43934,25
48116,9056,25
9919,9752,25
11644,9919,25
3371,43460,25
43460,50436,25
43933,37288,25
19253,18679,25
16946,1727,25
13748,13745,25
11279,10960,25
9752,9920,25
9920,9916,25
23053,41863,25
25611,26473,25
4773,4771,25
4726,4889,25
4889,4901,25
4901,4637,25
6151,18573,25
25712,50727,25
50727,26846,25
22140,23053,25
37358,37360,25
18680,21292,25
25561,43490,25
21292,18662,25
5355,5763,25
25939,44144,25
25913,25914,25
4003,4001,25
17488,2836,25
3260,41595,25
41595,3262,25
4733,43971,25
2989,35653,25
13745,13742,25
14244,14229,25
16952,16953,25
16950,3040,25
4727,4772,25
4772,4774,25
14229,14256,25
4638,4902,25
51363,8949,25
44876,51673,25
10735,46743,25
50587,10775,25
19310,18812,25
39258,3042,25
3040,16952,25
4203,21086,25
16953,39258,25
28855,28856,24
18509,18546,24
27138,27446,24
12841,13706,24
216,227,24
5699,5700,24
2563,3265,24
5736,43946,24
25794,25792,24
25434,603,24
34639,34458,24
49372,44994,24
27422,27138,24
28856,12015,24
15554,15555,24
20572,20425,24
602,43758,24
20425,20426,24
13808,12866,24
3984,3199,24
27191,39558,24
3023,3387,24
3091,3144,24
205,584,24
22901,22264,24
6511,42001,24
19615,4200,24
34538,34532,24
50075,50074,24
50078,50075,24
2216,2757,24
1749,2602,24
2484,2908,24
40639,13227,24
227,205,24
3144,2090,24
584,297,24
34532,51149,24
48912,2392,24
2492,1797,24
47841,48898,24
34495,34493,24
28022,27108,24
28853,25930,24
28854,28855,24
27108,27422,24
1724,1730,24
50074,50077,24
25587,26108,24
7011,18108,24
37117,399,24
3390,2906,24
5376,5377,24
35704,21312,24
10682,9480,24
8641,10682,24
22156,22157,24
16596,16510,24
15261,35704,24
2757,2758,24
13519,44458,24
22155,22156,24
3053,3054,24
19556,5883,24
44266,49484,24
16614,16615,24
13416,24157,24
49584,49574,24
870,867,24
13716,13732,24
2484,2482,24
34332,20584,24
15267,15261,24
3150,3654,24
5379,5380,24
20603,17667,24
399,24927,24
20389,20646,24
25664,25665,24
22157,22158,24
19553,19555,24
22160,23048,24
26342,46803,24
21167,18446,24
26107,26109,24
20387,20388,24
22159,22160,24
22357,40806,24
40806,34073,24
27458,44777,24
20388,20644,24
38945,13060,24
25586,26107,24
25058,39638,24
20644,20389,24
16522,16523,24
41513,41989,24
44957,2771,24
16615,16522,24
40151,26915,24
23554,23781,24
34181,78,24
3388,3389,24
15461,25664,24
22158,22159,24
17590,17602,24
13286,29344,24
26632,15486,24
449,447,24
4713,4941,24
4761,4713,24
25571,48010,24
25932,26304,24
15844,34110,24
5699,5326,24
13591,13575,24
49751,49774,24
27560,48347,24
24722,23964,24
49774,49786,24
3092,3200,24
44341,17595,24
21693,23544,24
28799,25932,24
5702,5705,24
3200,3150,24
2275,37466,24
11081,44961,24
48453,49775,24
49775,49778,24
50902,6080,24
13136,13726,24
517,449,24
14990,24378,24
14241,14252,24
10965,42558,24
44255,13794,24
13661,44472,24
51528,13662,24
27473,27356,24
27463,27473,24
13534,13042,24
51258,17505,24
25936,26177,24
4826,4942,24
2201,3022,24
19561,5103,24
3022,2184,24
13738,51528,24
3199,3092,24
9033,10965,24
25578,25579,24
26053,25578,24
7286,7011,24
13036,29368,24
14052,29370,24
10577,8793,24
2758,2322,24
25368,51776,24
4941,4825,24
22116,21595,24
39629,26053,24
50914,50902,24
13246,24062,24
2756,2277,24
28852,39626,24
78,34022,24
7944,8322,24
34022,21673,24
48505,48508,24
17000,17001,24
11178,41132,24
21242,17652,24
297,580,24
17588,17586,24
19821,17000,24
17586,17590,24
21813,21814,24
10083,10261,24
23552,23554,24
15579,15819,24
13250,13251,24
29221,44291,24
29346,14026,24
1294,3996,24
10591,11064,24
39626,28853,24
20319,20318,24
23619,24036,24
27292,27295,24
3108,2126,24
17499,44957,24
41133,24468,24
24743,23717,24
44261,50929,24
13590,13667,24
373,15228,24
49164,38796,24
4890,4727,24
24430,24439,24
22543,24743,24
21513,16678,24
15698,15701,24
25541,26209,24
24166,16006,24
21810,21813,24
20843,7009,24
13232,12944,24
29467,15221,24
40152,40136,24
2184,3023,24
13700,13701,24
7009,20234,24
14056,14055,24
14055,29353,24
29354,13227,24
16938,17138,24
25970,27441,24
6093,6094,24
5377,5379,24
3662,3091,24
19858,19859,24
40060,40063,24
42684,216,24
40063,40425,24
51953,49571,24
7214,18559,24
42157,8368,24
9355,9971,24
8297,35430,24
35430,8379,24
8379,42738,24
42737,8375,24
3658,17466,24
3657,3658,24
26454,25656,24
40425,28169,24
3656,3657,24
25882,25883,24
15205,15207,24
3655,3656,24
2142,39749,24
25885,25887,24
4654,4567,24
4567,4950,24
28169,28170,24
38704,38705,24
15702,15820,24
15820,15785,24
3881,2093,24
10301,51961,24
11339,9908,24
43512,43514,24
49769,25971,24
10710,9560,24
10170,11811,24
36096,35972,24
3067,3662,24
4549,48181,24
23033,22117,24
44205,40412,24
51961,10300,24
27441,49769,24
10216,10218,24
35972,36094,24
11901,10301,24
13630,13638,24
46987,2069,24
3654,1269,24
49564,51953,24
42608,42757,24
35145,35148,24
24581,745,24
11549,11901,24
10218,11549,24
19859,19860,24
3672,3655,24
3182,3215,24
2066,3672,24
23781,43782,24
42864,43288,24
50474,10236,24
2322,2480,24
36094,6499,24
6499,6511,24
38711,34143,24
38703,38711,24
35135,35138,24
19072,18567,24
34730,34732,24
38709,38703,24
2906,2480,24
43782,23558,24
48083,13591,24
38705,38709,24
15000,14982,24
3171,3172,24
43212,3171,24
24859,742,24
48332,48334,24
3170,43212,24
3215,3119,24
17499,2095,24
49571,49505,24
13091,13482,24
5280,5281,24
17354,3316,24
44419,9181,24
9346,10775,24
4950,4953,24
39749,2866,24
18442,18434,24
34329,3016,24
3621,34329,24
2866,2867,24
10593,9742,24
10177,10319,24
2867,17400,24
3619,3621,24
44990,13187,24
5281,5282,24
9046,50399,24
17400,2859,24
21498,21499,24
12932,12824,24
2283,17354,24
34869,34697,24
18036,18046,24
50972,3619,24
4515,19561,24
5283,5284,24
5282,5283,24
647,24721,24
10300,10291,24
15694,23924,24
35120,49450,24
44589,13716,24
20646,20645,24
35648,2739,24
26529,26530,24
35121,35120,24
16600,16599,24
20645,20232,24
2739,2282,24
3133,35624,24
16599,16601,24
34595,34594,24
51496,11999,24
41131,48881,24
21991,21983,24
21983,21984,24
50466,49377,24
21984,21985,24
41954,26111,24
27338,28064,24
35164,35158,24
2,34030,24
25838,49420,24
12992,12993,24
5976,40580,24
940,943,24
28673,40982,24
19423,4633,24
35115,35116,24
3198,3067,24
3151,3198,24
3661,3151,24
2069,3661,24
25297,16115,24
2065,2069,24
49574,49579,24
25496,26156,24
3415,3321,24
3659,3415,24
23655,15844,24
6094,39229,24
27868,27886,24
3982,3659,24
17466,3982,24
39229,6095,24
18549,18527,24
40981,35402,24
49084,48332,24
7289,7290,24
18158,19361,24
40982,40981,24
11811,10417,24
47860,5266,24
26528,26529,24
34030,34096,24
21122,19423,24
35153,35156,24
18444,18456,24
26433,27240,24
41133,42877,24
21119,21122,24
7945,34708,24
17447,39259,24
24856,12975,24
333,599,24
15844,50260,24
39259,16990,24
50733,26846,24
5619,18426,24
38356,50901,24
35151,35153,24
23024,22189,24
4663,4627,24
13580,48080,24
13103,48640,24
49936,13167,24
39496,27295,24
25362,13404,24
16691,14854,24
15037,15045,24
16990,1210,24
3333,46987,24
38111,15418,24
35149,35151,24
40412,44294,24
48090,28679,24
50077,50073,24
3495,2603,24
21978,21979,24
27448,27459,24
28064,28647,24
18365,5238,24
2282,2475,24
21979,22677,24
2475,2283,24
21985,21978,24
19422,21119,24
28647,27949,24
39267,2216,23
28134,28150,23
27390,26087,23
7720,34754,23
12875,12847,23
25553,26175,23
13388,29485,23
12828,12875,23
47947,47946,23
395,606,23
19800,5108,23
23803,441,23
8367,35946,23
17623,47947,23
26098,27390,23
35946,42699,23
42737,8367,23
29486,29335,23
29495,14260,23
38674,39781,23
537,709,23
26175,26173,23
47017,325,23
21633,21369,23
14258,29606,23
10707,10498,23
9822,9545,23
8302,42155,23
202,47017,23
23810,23803,23
28135,28134,23
26173,26152,23
20680,18788,23
14260,14258,23
29485,29486,23
42699,8296,23
8075,7544,23
34787,7749,23
37144,40514,23
22494,22803,23
15752,15739,23
49765,49747,23
48940,49765,23
606,639,23
27887,27886,23
43525,48300,23
49478,50352,23
43770,44926,23
21392,21357,23
16331,25246,23
25034,79,23
40954,40955,23
4664,19689,23
2604,1992,23
1992,2605,23
2605,2851,23
38272,42840,23
4119,38272,23
49747,49758,23
49758,49761,23
49761,49738,23
21528,21871,23
1412,1404,23
1404,1397,23
19393,19264,23
21894,16865,23
21697,21345,23
21345,21671,23
21671,21347,23
22299,22765,23
49738,49755,23
38939,13287,23
743,24498,23
24498,22178,23
4929,4926,23
49755,49748,23
16865,24535,23
13279,49478,23
8464,42503,23
14589,14015,23
4593,4544,23
15768,16084,23
15523,15713,23
24264,15523,23
50346,50353,23
23674,22,23
23673,23674,23
23672,23673,23
51219,37144,23
20503,3989,23
37146,51219,23
23671,23672,23
3193,16970,23
41875,48344,23
48344,41874,23
41874,48328,23
51224,37145,23
37143,51224,23
15713,15677,23
50352,50346,23
35133,35135,23
35144,35145,23
4544,4974,23
40955,20149,23
13894,13905,23
35138,35139,23
18046,18020,23
35139,35141,23
35141,35144,23
15771,15768,23
51616,41875,23
18015,17990,23
49377,15622,23
35156,35164,23
26113,26112,23
12597,26113,23
2098,17499,23
33969,34181,23
7222,35295,23
1420,1412,23
4677,5167,23
15681,15698,23
15693,15455,23
4903,4847,23
4846,5011,23
20701,6715,23
28750,26237,23
12903,13143,23
25067,15681,23
48080,12858,23
29051,12543,23
1862,1859,23
43971,19760,23
15354,15386,23
7651,7636,23
7413,34313,23
34313,34311,23
26133,25913,23
15452,15693,23
29050,29051,23
11063,11003,23
24482,24480,23
26557,26409,23
23415,34117,23
51758,51760,23
51760,51759,23
49370,43818,23
26237,26246,23
48502,26133,23
12557,12304,23
24211,24462,23
12304,12305,23
10394,11270,23
12305,12559,23
38659,14832,23
14832,14837,23
9552,10446,23
14419,14481,23
47859,39052,23
24408,24407,23
35295,5244,23
25677,15476,23
1354,4043,23
43605,202,23
7443,7417,23
40514,37143,23
17627,17630,23
13000,12925,23
22119,22238,23
15476,15477,23
17582,17599,23
6895,19458,23
5769,5266,23
19834,20792,23
5768,5769,23
35125,35124,23
35124,35121,23
19332,21290,23
17599,17627,23
1384,1359,23
4044,1307,23
4528,4470,23
1719,1721,23
43373,25561,23
49657,49662,23
36040,49657,23
17602,17591,23
1307,1292,23
1292,2928,23
1730,1732,23
17233,1354,23
4525,4528,23
1739,1607,23
2928,1298,23
17591,17582,23
1298,1345,23
15385,24208,23
1345,17233,23
39482,26968,23
330,38118,23
5289,5290,23
5291,5292,23
22716,45,23
38553,2373,23
45,23531,23
23056,23057,23
22424,22033,23
13170,13431,23
26073,26059,23
17420,1590,23
24660,13417,23
22719,21689,23
22423,22424,23
12937,13363,23
26080,26073,23
15424,15425,23
5293,5294,23
21689,33890,23
18531,35332,23
5292,5293,23
29418,13971,23
9343,9346,23
50347,9566,23
24990,24350,23
3589,1082,23
9533,50347,23
23897,24182,23
24350,43950,23
43950,807,23
515,517,23
13141,48709,23
26059,48005,23
23055,23056,23
35984,41866,23
49351,11649,23
24785,24856,23
26606,26689,23
15348,15210,23
28695,28696,23
41495,21588,23
18573,18680,23
4771,4726,23
18570,18571,23
51620,34477,23
44394,4773,23
4631,44394,23
47897,4594,23
11741,11727,23
29019,12432,23
38899,35984,23
34015,16836,23
29018,29019,23
27746,27889,23
27469,49723,23
8470,7559,23
19388,19386,23
25560,28637,23
23000,34015,23
22306,34007,23
3908,17158,23
27905,27903,23
22197,23055,23
22033,23000,23
43383,43322,23
5290,5291,23
47936,49487,23
37727,43383,23
2431,36922,23
5410,5411,23
27295,26427,23
4134,39090,23
5430,5409,23
34607,8207,23
34238,10769,23
37805,23905,23
21361,21389,23
23917,37805,23
11635,10323,23
47829,38143,23
39090,3589,23
11540,11470,23
24025,23956,23
11708,11540,23
9760,11708,23
9759,9760,23
23221,21851,23
23146,23084,23
8207,34822,23
34822,34667,23
1480,1365,23
9758,9759,23
9757,9758,23
50062,44888,23
7559,29342,23
10607,10864,23
34667,8209,23
22213,22203,23
23158,23074,23
8209,34608,23
16003,16565,23
4969,19467,23
4162,4860,23
42526,5289,23
4722,4969,23
5287,5288,23
10811,41112,23
5286,5287,23
10818,10811,23
12201,12426,23
17335,17474,23
3174,17335,23
11568,9627,23
21283,17972,23
19298,19296,23
11884,9623,23
47842,33982,23
3367,35827,23
1358,3832,23
23638,21398,23
2563,43656,23
807,23638,23
5434,5435,23
5503,5434,23
23408,23400,23
5413,5503,23
5411,5413,23
25067,15410,23
50065,41257,23
18662,18681,23
27738,27746,23
34240,9757,23
22434,22544,23
2628,2030,23
10666,9921,23
26628,28510,23
49206,14866,23
9946,9934,23
42005,43959,23
9942,11593,23
7453,7448,23
601,506,23
5320,5321,23
37514,37513,23
534,662,23
26607,26613,23
33815,29507,23
740,647,23
14024,29346,23
37513,46810,23
46810,37512,23
11233,41133,23
37512,39040,23
39040,37508,23
26598,26607,23
11234,11289,23
28510,26405,23
21545,21546,23
35656,3394,23
25748,26321,23
48293,16489,23
2035,2628,23
33991,22895,23
41133,43367,23
22895,23596,23
3021,4003,23
14825,49206,23
3731,2578,23
10163,10021,23
3181,17505,23
1727,1728,23
25948,16087,23
2679,1586,23
37273,11030,23
34760,34785,23
34784,34760,23
1388,17228,23
25857,25858,23
49487,49493,23
25858,25859,23
21061,4655,23
445,740,23
24208,15353,23
3394,39267,23
9923,40506,23
21546,21547,23
28044,27438,23
23462,25423,23
44432,259,23
9566,9733,23
11826,9566,23
21547,21548,23
259,260,23
2177,2192,23
4721,4638,23
15473,44016,23
37251,11291,23
2872,1395,23
2192,2215,23
21218,19259,23
51405,21218,23
18681,51405,23
1395,1396,23
27115,27423,23
49522,50899,23
49494,49522,23
33940,24053,23
1365,3216,23
49493,49494,23
36512,9048,23
48481,11459,23
18177,21286,23
10084,11234,23
7409,7465,23
7371,7431,23
26597,26598,23
7448,7410,23
258,44432,23
27367,47846,23
7433,7447,23
29647,33815,23
23307,48193,23
42604,42605,23
28194,50165,23
608,26403,23
2215,35656,23
24507,48418,23
7410,7412,23
13580,13575,22
27274,27291,22
27291,27296,22
34221,17344,22
17344,17194,22
20423,20424,22
39561,48525,22
17200,34221,22
34232,34429,22
41354,2052,22
49236,49328,22
16784,16785,22
22034,23310,22
20424,6892,22
34330,3620,22
15819,15607,22
29368,14044,22
41447,43028,22
3324,34330,22
44069,44067,22
2052,3839,22
29344,14028,22
22214,23580,22
16556,23288,22
24058,24057,22
44032,44034,22
44034,44053,22
6060,7036,22
41170,35685,22
14298,14299,22
23293,16634,22
16634,16632,22
290,285,22
16632,16635,22
16635,16637,22
16637,16630,22
16630,16631,22
16631,23340,22
26940,25818,22
49250,11035,22
39174,39176,22
42730,6509,22
6509,36093,22
36093,36092,22
36092,40790,22
175,174,22
4921,5097,22
22212,22214,22
23580,22213,22
46430,10713,22
44499,41756,22
41756,39177,22
4109,42840,22
34739,34741,22
44066,44032,22
19694,4921,22
6890,6889,22
12910,48920,22
21938,24058,22
17194,2971,22
23532,39807,22
39624,28680,22
23307,15436,22
42493,11932,22
42732,41767,22
25541,25542,22
22255,42732,22
36144,41133,22
41599,23035,22
10776,11632,22
48920,13103,22
2971,3529,22
14875,16691,22
44659,13358,22
44067,44066,22
5308,5309,22
13356,11119,22
16068,51479,22
49328,13356,22
1126,1128,22
4028,1126,22
25712,50733,22
6892,20783,22
23035,22177,22
20783,6890,22
46875,47139,22
13277,13356,22
10356,35846,22
3295,34279,22
27262,27258,22
17452,3186,22
16987,17452,22
15562,16061,22
47406,13154,22
2809,3953,22
19728,21308,22
50186,27834,22
27827,50186,22
47932,49498,22
49498,49526,22
49526,49518,22
49518,49566,22
49566,48512,22
2824,2728,22
2728,1879,22
42455,28118,22
6761,6760,22
25982,25984,22
15269,14809,22
26150,26170,22
4617,4616,22
16935,2663,22
16934,16935,22
16933,16934,22
16932,16933,22
38617,16932,22
4616,4825,22
14787,21994,22
11016,11018,22
10980,11026,22
27266,27262,22
12975,13322,22
42851,36988,22
28118,28144,22
25986,25987,22
26402,15486,22
34279,20503,22
4165,20643,22
18034,18047,22
22144,23052,22
2041,3818,22
11264,9618,22
16019,16148,22
8242,49386,22
29505,14171,22
14176,29505,22
40187,40191,22
40191,40192,22
28659,28129,22
4902,4890,22
4774,4636,22
4636,4632,22
4667,47851,22
3815,2041,22
3054,40187,22
50436,1323,22
20744,4165,22
48258,17629,22
17615,48258,22
27519,27522,22
21243,5495,22
5495,5494,22
5494,6384,22
12818,48265,22
19572,3891,22
7283,20744,22
15486,23534,22
40983,39621,22
40984,40983,22
4871,19457,22
42715,49751,22
4001,4871,22
4807,4617,22
39732,51940,22
4765,4807,22
2410,41353,22
15254,15256,22
2665,3827,22
3827,2851,22
16937,16938,22
15844,15817,22
358,42546,22
24219,24214,22
16793,16780,22
12818,48294,22
50139,50143,22
3620,35501,22
5284,5286,22
19821,17001,22
8377,8301,22
35432,8377,22
17138,16940,22
3839,2410,22
2841,2263,22
16940,16941,22
20322,20323,22
44052,44069,22
20323,4384,22
4384,20324,22
20324,20201,22
20201,4381,22
3953,1948,22
3826,1989,22
2850,3826,22
4381,4289,22
4289,20528,22
2295,2500,22
42572,3423,22
43432,42572,22
43429,43432,22
35427,35432,22
21497,21498,22
35431,35427,22
8385,35431,22
34218,3977,22
23534,23208,22
15250,49517,22
42841,4111,22
25810,28246,22
27580,27266,22
15856,15810,22
43231,12816,22
25337,25332,22
2247,2252,22
2249,2247,22
2248,2249,22
6850,18727,22
2254,2248,22
27841,27888,22
15420,15421,22
8749,9966,22
5317,5427,22
8374,35947,22
27581,27580,22
8384,8385,22
35947,8384,22
27457,27461,22
27461,27356,22
13103,48438,22
8375,8374,22
36099,36100,22
37360,37358,22
1227,38926,22
38926,4037,22
4037,17214,22
17214,4036,22
9317,10775,22
27301,27274,22
23421,23436,22
4164,4162,22
603,445,22
41908,27459,22
50557,39829,22
12570,12301,22
40641,23902,22
22709,40641,22
23931,44303,22
27435,27429,22
25362,42322,22
12301,25823,22
1092,3331,22
22205,22062,22
35846,7947,22
3603,2181,22
2181,2194,22
2194,3632,22
39962,29322,22
2205,3915,22
2288,2273,22
25864,21696,22
28731,12570,22
26728,28731,22
41910,41908,22
39718,27275,22
15793,15883,22
3170,3220,22
525,14773,22
28063,27339,22
27948,28063,22
27951,27948,22
28206,26728,22
520,525,22
27275,27302,22
26895,26896,22
29370,14510,22
14510,14068,22
14068,14067,22
41916,40057,22
26896,26740,22
44566,44563,22
40057,41910,22
14067,51983,22
2273,2740,22
11286,11069,22
15838,15695,22
1391,2729,22
3431,3403,22
2523,2358,22
27529,43030,22
2358,3009,22
10847,41161,22
3009,3574,22
14348,24859,22
38380,13268,22
618,604,22
41892,14294,22
41491,41489,22
41862,34776,22
3179,3178,22
23277,16843,22
1392,2265,22
14327,14141,22
18713,20325,22
14137,14327,22
28750,28850,22
15183,15168,22
2654,3038,22
35771,3431,22
11908,46625,22
50623,10685,22
34346,34408,22
16511,16597,22
438,615,22
2322,2983,22
46625,50623,22
38912,41216,22
17995,20702,22
36132,3389,22
15168,22386,22
10687,10689,22
3390,2905,22
2905,42485,22
13726,13714,22
2374,6998,22
2729,1392,22
4166,4164,22
39250,48328,22
15695,15793,22
47256,28841,22
2265,3136,22
3212,1816,22
20704,20705,22
26098,28673,22
44461,44470,22
10973,42559,22
26418,26419,22
28650,42165,22
27392,28650,22
15045,777,22
777,15115,22
44457,13148,22
27381,27392,22
20544,20547,22
20543,20544,22
27389,27381,22
15889,15809,22
42575,37769,22
20542,20543,22
16196,16233,22
15809,15703,22
20705,7171,22
21737,22068,22
41453,34984,22
6000,19308,22
35895,2951,22
38450,35895,22
21355,21599,22
8468,12962,22
8263,8265,22
39621,25581,22
26915,44761,22
16207,23363,22
14537,13113,22
10981,10973,22
16785,33938,22
39302,41017,22
322,323,22
317,322,22
26419,26420,22
3038,1906,22
26420,26421,22
7171,6999,22
27366,29032,22
42559,10954,22
1710,4004,22
48507,48506,22
27346,27435,22
24379,42803,22
3174,3121,22
15247,24379,22
29353,29369,22
29369,29370,22
27845,27849,22
39775,27240,22
3542,17338,22
3541,3542,22
3221,3541,22
3220,3221,22
39781,28127,22
28127,44287,22
44287,28137,22
28137,28135,22
51622,39250,22
28150,28140,22
28140,39789,22
40058,41916,22
35009,34772,22
14369,14121,22
1824,1820,22
25590,26268,22
50332,14537,22
11279,10990,22
44142,21104,22
10949,8862,22
18471,44142,22
10844,10848,22
21123,18471,22
37251,11880,22
27605,26648,22
5914,20542,22
4159,5914,22
23257,16489,22
15837,15505,22
15826,15837,22
21798,15826,22
20541,4159,22
27171,27155,22
20325,20209,22
14594,44420,22
3136,3137,22
25688,25698,22
25577,40984,22
28186,28515,22
3726,3630,22
3630,2589,22
44626,27577,22
51675,9023,22
38860,51675,22
48896,2402,22
48452,48450,22
50062,47847,22
3575,3579,22
2780,2781,22
2783,2780,22
5940,4852,22
20141,42565,22
3402,2782,22
15450,15452,22
22354,21864,22
34175,22354,22
38865,42668,22
43308,16203,22
5835,5940,22
4206,4859,22
13614,13605,22
21133,21130,22
15742,15539,22
35291,4574,22
50945,44626,22
16544,41764,22
40580,5835,22
2476,3725,22
575,577,22
577,576,22
21864,41596,22
576,574,22
41130,23309,22
596,597,22
42486,2907,22
35837,35772,22
13862,13866,22
20570,20478,22
2907,3391,22
3266,3275,22
23309,15905,22
35131,35130,22
35130,35128,22
3392,36131,22
3275,3956,22
4553,4551,22
3137,2916,22
2987,2323,22
2739,2359,22
4556,4553,22
2359,2274,22
2274,2266,22
2489,3324,22
35128,35125,22
3579,2360,22
19083,37410,22
20553,5582,22
27325,27326,22
3301,3500,22
5190,4791,22
14043,13338,22
4972,4973,22
19455,20224,22
4973,4543,22
4543,4592,22
4592,19690,22
27344,12221,22
12118,26588,22
26588,12327,22
5582,6067,22
26638,15096,22
13605,13438,22
13567,49933,22
24211,16817,22
4577,19693,22
21814,21815,22
44466,13482,22
20209,20374,22
380,709,22
5094,4937,22
3395,1326,22
28851,28852,22
1324,3395,22
28850,28851,22
13345,14356,22
22205,22140,22
597,575,22
15739,15753,22
4903,4571,22
20478,20423,22
14027,13338,22
18483,21133,22
19456,4870,22
40163,43188,22
4633,18483,22
16203,16684,22
2951,35914,22
1340,1348,22
27516,27534,22
5520,20743,21
36096,40790,21
26121,26496,21
40536,23319,21
34128,37728,21
25904,25905,21
47878,1296,21
21971,15562,21
26846,26035,21
26143,25904,21
43485,5120,21
26158,26143,21
25927,26158,21
5119,43485,21
14897,14966,21
51270,14595,21
27860,27842,21
41336,22188,21
3216,1636,21
40871,4761,21
42097,26606,21
26496,26915,21
26035,25681,21
14475,13092,21
27267,27268,21
25905,25906,21
24695,23220,21
27242,27267,21
43384,37727,21
27128,25700,21
37728,43384,21
17234,1616,21
42014,9294,21
20703,20704,21
35407,1107,21
39215,39217,21
19381,20265,21
15505,15671,21
27268,27269,21
5120,5121,21
24791,24720,21
39216,39215,21
15553,21971,21
48640,51270,21
40842,4622,21
42037,42036,21
13565,44461,21
4094,4095,21
40841,40842,21
11227,42014,21
25906,28680,21
40840,40841,21
25878,26121,21
15878,15877,21
22266,21859,21
19361,41672,21
36037,36039,21
22202,22204,21
22124,22202,21
13227,13120,21
17947,6542,21
6542,6543,21
13477,14319,21
20117,20122,21
28900,25525,21
25602,28900,21
6713,38553,21
11120,12975,21
40105,25602,21
27981,28037,21
28037,28039,21
28039,28058,21
15643,25119,21
25634,40105,21
28058,28056,21
8015,7321,21
3950,3989,21
1168,48060,21
26327,25528,21
25681,44924,21
1616,42952,21
14281,29496,21
26757,28195,21
51400,39531,21
42952,42905,21
42704,1624,21
23045,23046,21
25525,26266,21
51921,12990,21
8997,51672,21
38861,38863,21
25119,24851,21
24414,24435,21
26224,39628,21
42703,42704,21
21944,775,21
8469,23145,21
28242,28262,21
14005,14002,21
18857,18234,21
38865,38862,21
26222,26243,21
22267,22266,21
51159,7559,21
24851,15706,21
13221,48366,21
22153,22154,21
22152,22153,21
23999,23992,21
23992,23983,21
23981,21808,21
21131,21134,21
22453,16097,21
50592,25034,21
24213,16781,21
23093,37723,21
43354,41720,21
44101,43512,21
14053,14051,21
21134,18514,21
12731,42168,21
21550,21545,21
22163,22252,21
41129,41127,21
41263,15391,21
41123,41129,21
37534,13321,21
23145,23147,21
15493,25070,21
12884,13001,21
13609,12991,21
15994,16642,21
22265,24932,21
21859,22265,21
43308,15639,21
19391,19388,21
21129,21131,21
22290,21894,21
15812,16369,21
49552,24136,21
21994,22290,21
5096,5017,21
51921,13143,21
24010,44582,21
21537,21550,21
20397,46399,21
20743,20745,21
1735,2759,21
27723,27738,21
16206,16259,21
1099,3000,21
3000,1656,21
6722,18821,21
40523,40522,21
24142,21872,21
280,303,21
26120,27649,21
21552,24142,21
6059,51579,21
50260,34217,21
27678,27723,21
24786,40529,21
22676,21989,21
21989,21990,21
21990,21980,21
21980,21981,21
21981,21982,21
21982,21986,21
13288,24202,21
9034,9035,21
2883,3718,21
3718,3234,21
27177,48257,21
25100,24786,21
42892,16689,21
1842,1781,21
27079,27347,21
15468,15448,21
15467,15468,21
12731,39485,21
44814,44816,21
44812,44814,21
44810,44812,21
7975,7955,21
15436,47842,21
33942,22356,21
4179,18177,21
27347,25840,21
28671,28637,21
152,21604,21
49748,49752,21
49420,25938,21
27353,49420,21
50817,2393,21
36108,3433,21
3433,2276,21
2276,2279,21
24466,21348,21
44811,43660,21
24005,44302,21
13044,21589,21
2561,2011,21
2011,2135,21
2162,3029,21
8988,10451,21
16083,15752,21
12352,49693,21
15586,16083,21
44018,25944,21
12023,26190,21
4195,18385,21
36798,51183,21
51183,9526,21
9595,9596,21
9596,9597,21
9597,8988,21
10647,11590,21
15300,47829,21
48019,3437,21
3870,48019,21
8369,8371,21
8371,35426,21
35426,35428,21
35428,35429,21
35429,8382,21
8382,8383,21
8383,8378,21
8378,8372,21
3870,2356,21
49693,28805,21
28805,28807,21
28807,12765,21
26194,12023,21
8751,10424,21
47061,9796,21
9873,47061,21
15337,15338,21
15336,15337,21
20149,40978,21
20148,40954,21
42567,20148,21
20145,20146,21
42561,20145,21
24242,24246,21
14301,14302,21
14302,24235,21
24235,14298,21
23788,34076,21
12164,12352,21
27817,50185,21
49685,35954,21
29099,49685,21
29097,29099,21
28809,29097,21
29096,28809,21
12765,29096,21
16125,16128,21
1781,1736,21
8373,42738,21
25880,49413,21
27093,27081,21
27373,27395,21
27395,27371,21
7672,42302,21
43960,41501,21
34949,43960,21
34924,34949,21
8413,34716,21
25399,15416,21
40053,28163,21
49563,25864,21
26681,26674,21
11090,51199,21
26676,26681,21
26675,26676,21
26664,26675,21
26657,26664,21
26667,28544,21
26668,26667,21
17932,17952,21
17952,17974,21
17974,17984,21
17984,18009,21
16587,16589,21
27974,27093,21
48512,49484,21
1736,3152,21
15507,33906,21
26934,28570,21
28570,26935,21
26935,26936,21
51776,16205,21
39840,36989,21
50504,50537,21
16330,24696,21
23267,16330,21
16198,24296,21
17614,17617,21
17617,17618,21
23489,15507,21
47939,48512,21
41112,49370,21
23448,23453,21
11477,9063,21
50619,38684,21
50618,50619,21
38869,38871,21
9566,39139,21
947,948,21
38870,37484,21
47932,47942,21
47942,47939,21
18002,18034,21
43774,27400,21
28023,28046,21
826,832,21
1264,17447,21
35137,35136,21
35140,35137,21
42612,1315,21
35142,35140,21
43027,8438,21
43811,42722,21
1302,42612,21
2639,1302,21
1305,2639,21
42983,1288,21
832,834,21
21393,21591,21
50497,13091,21
9915,9740,21
4784,4732,21
47967,47968,21
4897,4784,21
4766,4897,21
4618,4766,21
25948,28638,21
4826,4618,21
41936,20739,21
2759,2340,21
35134,35131,21
41463,743,21
43023,43019,21
44805,43814,21
28046,28044,21
21402,22080,21
40741,48352,21
12004,27371,21
10400,9029,21
26825,28205,21
15431,15433,21
1205,1202,21
1202,1180,21
1180,17272,21
1115,1132,21
1176,1178,21
1178,1179,21
16996,43461,21
43461,1284,21
3735,3939,21
1229,1216,21
42721,43810,21
43813,44806,21
44806,38866,21
1656,48060,21
49772,25854,21
38867,44805,21
8372,8373,21
26933,26934,21
25117,15615,21
18727,18730,21
458,446,21
15587,16149,21
16455,15587,21
27294,27293,21
198,592,21
16432,16455,21
5430,5457,21
18739,18748,21
18730,18739,21
20466,38360,21
326,43606,21
24296,15814,21
19765,20466,21
48830,48592,21
16082,16069,21
16068,16082,21
43743,260,21
27875,27870,21
636,249,21
23062,23067,21
16588,16528,21
16528,16550,21
8772,11424,21
24118,21585,21
5455,5454,21
12327,27215,21
22658,16092,21
40891,35170,21
226,219,21
230,223,21
295,230,21
40893,40891,21
11081,41132,21
21620,24114,21
296,295,21
298,296,21
21585,21620,21
29406,50491,21
41829,35720,21
39182,15993,21
34019,15551,21
15551,15552,21
16550,16621,21
304,326,21
18748,18735,21
8757,8758,21
42014,10185,21
7294,8456,21
11091,11052,21
43603,43605,21
5716,6059,21
5638,5716,21
12975,13632,21
10185,10491,21
534,536,21
51622,34494,21
46387,42014,21
21690,22299,21
2050,2441,21
20745,20746,21
18679,21174,21
2441,2442,21
2442,2002,21
24583,24483,21
5457,5455,21
1940,3496,21
24509,24510,21
48815,24509,21
29018,12432,21
380,536,21
37366,37368,21
5649,42525,21
43606,43604,21
27052,27325,20
1663,1662,20
27172,25482,20
3042,1663,20
4740,4721,20
21715,16676,20
7562,49800,20
42020,7288,20
27512,27499,20
19326,6015,20
19325,19326,20
5390,42127,20
42127,5504,20
5389,5390,20
5388,5389,20
3425,3426,20
1323,2916,20
4770,4719,20
5384,5385,20
4719,4740,20
5385,5386,20
5386,5387,20
5387,5388,20
1324,1336,20
3426,1276,20
1336,1363,20
24398,16720,20
1363,1388,20
44099,1644,20
47975,1109,20
5504,5391,20
15907,25091,20
35694,23320,20
5391,5392,20
42827,3482,20
3482,38966,20
5427,51410,20
16964,1749,20
28697,25712,20
28694,28697,20
18254,7234,20
7527,7566,20
1326,4044,20
1031,23400,20
47984,5266,20
17420,42827,20
828,14603,20
49395,7747,20
13956,12938,20
43186,40163,20
43021,38968,20
38968,43023,20
26275,26302,20
5395,5425,20
13174,13973,20
16720,24394,20
26608,26604,20
16676,23355,20
2730,1409,20
1380,2730,20
27258,27249,20
5394,5395,20
5393,5394,20
4043,1380,20
5392,5393,20
13973,29348,20
25482,27141,20
24538,48608,20
43373,26131,20
21156,18499,20
23628,49497,20
49497,23705,20
23705,23645,20
23645,23696,20
16996,1284,20
23463,23461,20
6707,6708,20
25328,33991,20
24756,25328,20
25106,16169,20
24228,25106,20
16063,16064,20
15591,15631,20
42894,50225,20
44328,24228,20
50189,42894,20
23357,50189,20
33971,23272,20
16178,33971,20
22619,23628,20
22618,22619,20
4182,4180,20
25098,15836,20
43224,7942,20
22319,8439,20
9370,10713,20
15994,15997,20
35173,15591,20
13052,13126,20
13740,13202,20
13167,12952,20
25424,23421,20
33991,15606,20
23148,33991,20
34459,34649,20
41665,11032,20
13149,13150,20
34143,42037,20
35744,38704,20
4560,4563,20
4633,4560,20
26403,26404,20
11455,9727,20
9914,11339,20
46425,46272,20
23988,23990,20
21356,21355,20
4895,42405,20
29318,43205,20
43205,13165,20
13165,13116,20
21400,21401,20
44886,44881,20
21401,21402,20
24787,50126,20
13429,13439,20
27156,27170,20
27196,27156,20
21321,24787,20
50130,21321,20
35083,36077,20
36077,1310,20
17828,4181,20
3832,50064,20
50064,39617,20
18236,7057,20
25590,26264,20
26184,25588,20
2410,3588,20
23990,24009,20
24009,24012,20
25267,46425,20
13166,49226,20
26155,39625,20
13322,12945,20
18155,18193,20
3840,2410,20
25929,26155,20
50904,44886,20
43655,21029,20
39168,41750,20
21029,18570,20
17652,17637,20
10865,9004,20
9004,10605,20
10605,10848,20
44877,50904,20
4732,4770,20
4739,4718,20
2091,2089,20
29052,12250,20
48525,29009,20
24720,22633,20
48350,1109,20
21318,25137,20
15034,49517,20
49517,15248,20
41920,44777,20
48031,3368,20
2252,2472,20
43345,50557,20
3529,17279,20
17279,17192,20
48034,3368,20
7194,18703,20
20795,7194,20
10662,11535,20
11535,10663,20
10663,11457,20
19675,4219,20
12823,13204,20
24850,15988,20
29009,29010,20
29010,29011,20
65,16253,20
50592,15178,20
12250,12251,20
48996,13946,20
44079,41750,20
13999,29462,20
34738,34739,20
18502,21157,20
21142,18502,20
19389,21142,20
12251,12590,20
12597,25588,20
38375,65,20
35323,16251,20
12590,28959,20
12413,12414,20
16251,38370,20
38370,38369,20
38369,44708,20
51616,39250,20
44707,44705,20
44705,38368,20
8990,8991,20
24236,24242,20
50387,20515,20
4970,4745,20
39928,44787,20
39360,39928,20
25304,16884,20
4290,20635,20
20528,4290,20
48848,39360,20
2783,2502,20
2315,2782,20
4745,4763,20
19821,4111,20
2815,1787,20
36892,13356,20
50864,50865,20
42504,35041,20
25693,25697,20
42852,23321,20
16850,22608,20
24757,16186,20
15591,15858,20
50187,15591,20
1787,1786,20
17141,2815,20
20822,50387,20
9669,9670,20
20513,20822,20
16534,16542,20
11457,9667,20
24243,24237,20
9667,9668,20
9668,11472,20
11472,9669,20
34076,24467,20
16521,16614,20
9670,9671,20
47965,17141,20
9671,9672,20
20530,20531,20
4292,20530,20
1775,51611,20
20636,4288,20
3555,3485,20
3485,3607,20
3607,3608,20
47972,47965,20
44077,44081,20
12296,12298,20
38655,25229,20
49205,14961,20
4637,40665,20
4141,4087,20
22182,22249,20
7974,7897,20
2085,3984,20
49632,49605,20
18514,21123,20
13856,12821,20
13861,12815,20
51486,28531,20
43995,51486,20
26660,43995,20
213,206,20
18603,18599,20
18623,18603,20
18876,18881,20
7216,18434,20
20547,20545,20
20545,20546,20
44299,6010,20
20546,20465,20
22032,37,20
22031,22032,20
22039,22031,20
4769,4731,20
18789,20680,20
325,44439,20
44700,303,20
20571,20576,20
286,288,20
284,283,20
4896,4765,20
4783,4896,20
4731,4783,20
4718,4769,20
24807,22039,20
50153,50161,20
50426,50153,20
4114,50426,20
537,379,20
20403,4739,20
22396,24807,20
3790,3939,20
25709,28695,20
40665,20403,20
6006,44300,20
6005,6006,20
17048,17487,20
19860,40524,20
26671,26887,20
26685,26687,20
26687,26704,20
12117,12118,20
26577,12117,20
26574,26577,20
26564,26574,20
26561,26564,20
21601,35713,20
26554,26561,20
28515,40147,20
23257,16786,20
25823,28730,20
51529,13662,20
27388,26992,20
26992,29034,20
28730,28729,20
39043,14982,20
13774,13777,20
28817,12296,20
26886,26671,20
49083,7926,20
16976,50817,20
52010,52013,20
19324,6005,20
48083,48082,20
12814,13143,20
12968,12975,20
47829,15372,20
208,214,20
214,40893,20
29350,22070,20
52004,52010,20
52013,52005,20
7926,34756,20
52005,52014,20
34763,34784,20
34762,34763,20
34761,34762,20
8435,34761,20
34759,8435,20
34758,34759,20
34757,34758,20
34756,34757,20
44708,44707,20
46272,23366,20
51522,43424,20
573,596,20
40678,40679,20
40683,40678,20
44457,43205,20
22213,23031,20
10311,9371,20
10310,10311,20
7676,7845,20
10309,10310,20
22218,22219,20
8950,10309,20
2402,36133,20
16129,16130,20
43525,27236,20
16130,50001,20
44564,48800,20
34870,49480,20
42486,2481,20
2483,2909,20
34691,34870,20
40682,40683,20
40627,40682,20
27597,27590,20
7492,7472,20
40681,40627,20
3723,3391,20
40679,40680,20
23127,23128,20
24181,21318,20
2109,2428,20
1980,1981,20
11869,10742,20
22150,23039,20
23039,23040,20
23040,23041,20
23041,23042,20
23042,23043,20
23043,23044,20
10086,10137,20
15428,15431,20
2240,2234,20
22237,23083,20
40680,40635,20
3302,3708,20
12963,41132,20
23154,22166,20
2108,2109,20
26110,26108,20
27920,42495,20
42246,42251,20
40634,40632,20
40635,40634,20
35791,35459,20
7845,7847,20
10100,10099,20
40677,40681,20
48055,27597,20
43427,43429,20
26260,26256,20
26125,26260,20
15477,15482,20
3302,3317,20
11821,10594,20
40735,22166,20
41955,26125,20
10594,11812,20
7484,7488,20
27470,27464,20
8369,8301,20
10328,10112,20
26185,26179,20
10647,10328,20
43424,43427,20
42177,35281,20
48944,28638,20
2316,51527,20
14836,601,20
35136,35134,20
51527,51522,20
23234,23777,20
74,25336,20
35280,42183,20
26256,25996,20
10068,44494,20
37368,37366,20
35077,17416,20
8638,10100,20
24584,24440,20
13907,13966,20
39024,7028,20
40799,14364,20
41801,51619,20
43224,42608,20
48503,43374,20
41220,7380,20
15539,41487,20
41487,39160,20
39618,35077,20
41133,4124,20
44493,9969,20
35078,39618,20
3615,35078,20
44495,44493,20
44496,44495,20
35079,3615,20
9543,9896,20
44494,44496,20
9401,9405,20
9646,11698,20
11698,9584,20
572,573,20
49480,7676,20
574,571,20
9473,44419,20
44567,42694,20
22238,24711,20
44288,39765,20
3839,3973,20
15463,23421,20
39843,16712,20
15953,15951,20
2821,2824,20
25012,38373,20
37115,37117,20
46420,48862,20
2819,2820,20
15951,36993,20
2820,2821,20
8619,9473,20
44568,44567,20
15921,50504,20
15955,39843,20
3973,1233,20
34082,34083,20
11294,12962,20
49653,24390,20
36989,15955,20
1233,3812,20
3291,2892,20
24458,23769,20
20800,18357,20
3333,2069,20
3201,2084,20
23025,23026,20
2570,3437,20
16020,15741,20
29441,14281,20
15741,15742,20
29084,41179,20
1981,3796,20
23446,15474,20
15474,23437,20
22176,22177,20
12671,29084,20
22175,22176,20
22174,22175,20
3796,3495,20
571,570,20
23437,33912,20
24394,24458,20
33912,15463,20
22079,48758,20
15792,15889,19
50173,13481,19
13952,13934,19
3926,3904,19
15884,15712,19
35913,4082,19
41488,41492,19
4082,4081,19
4081,4083,19
25638,25828,19
4083,4084,19
21960,21846,19
47416,12834,19
13926,13939,19
15712,15792,19
50468,15688,19
15412,15465,19
48800,39217,19
27358,11980,19
26271,26270,19
16061,16089,19
23543,16289,19
3867,3901,19
26270,25634,19
13932,12938,19
8952,10468,19
24856,22070,19
41891,14444,19
24053,16912,19
16912,16914,19
3904,3867,19
44582,23989,19
49722,10457,19
23989,23987,19
43349,27531,19
9564,9748,19
43819,49384,19
50732,25709,19
7197,18704,19
41492,41493,19
49708,49705,19
24436,24434,19
43476,43904,19
19777,19778,19
7746,49388,19
49388,8240,19
19778,20470,19
6082,37619,19
43904,43902,19
23608,15610,19
20470,19771,19
19771,20157,19
26244,26215,19
6544,6545,19
20157,19772,19
19772,6908,19
6908,4198,19
24497,743,19
2205,2291,19
6543,6544,19
17003,4111,19
41801,34467,19
34467,34471,19
34471,34481,19
34481,34494,19
13409,13413,19
38111,25404,19
17226,17227,19
48896,2143,19
49252,11032,19
42559,10957,19
10957,10962,19
19776,19777,19
20471,19776,19
15465,15466,19
19775,20471,19
11884,49359,19
48278,16168,19
15466,15467,19
28230,26711,19
49700,20876,19
49705,49700,19
16163,16103,19
49696,49708,19
26223,26243,19
9376,9372,19
10010,38123,19
43571,43570,19
3152,1735,19
38801,3916,19
35646,38801,19
2340,2490,19
16287,23294,19
17158,35646,19
5408,5722,19
5407,5408,19
42817,15003,19
294,286,19
22139,22140,19
287,281,19
29634,14319,19
13476,29634,19
13472,13473,19
43273,13472,19
13493,43313,19
26923,21960,19
13983,13984,19
13575,13226,19
10794,10816,19
26520,50482,19
2604,2955,19
1929,37471,19
42525,5650,19
12824,13056,19
43028,43073,19
13915,13214,19
16820,25092,19
5648,5649,19
18236,18251,19
37471,1905,19
1905,2705,19
20139,20140,19
16147,25688,19
27862,27840,19
47902,26659,19
5383,5381,19
5645,5648,19
15781,23210,19
16427,15569,19
5381,5378,19
5644,5645,19
15804,24190,19
16426,16427,19
5643,5644,19
5642,5643,19
16159,38725,19
1728,1715,19
1715,1719,19
1722,1724,19
25127,25095,19
20531,20532,19
5650,5651,19
12937,13104,19
5660,5661,19
48027,27301,19
34918,36850,19
44393,34918,19
7675,44393,19
5658,5660,19
5656,5658,19
5655,5656,19
20635,4291,19
51253,39250,19
24659,13700,19
9560,48481,19
36922,1976,19
4557,4556,19
4552,4557,19
621,264,19
431,617,19
440,24721,19
14765,526,19
4291,20636,19
15256,15260,19
15260,15335,19
42804,42816,19
2578,3955,19
48192,359,19
5653,5655,19
4288,4292,19
13135,14002,19
5651,5653,19
5378,5375,19
5375,5717,19
17493,1187,19
20308,18365,19
35314,18957,19
3932,38802,19
17488,38805,19
27302,48055,19
44813,44811,19
14044,14046,19
24757,15887,19
37731,9600,19
4835,4831,19
4831,4830,19
25006,36832,19
35625,2583,19
14050,14052,19
23107,21627,19
11003,11001,19
13987,14050,19
13980,13987,19
16903,16904,19
24928,14787,19
23105,16903,19
13982,13980,19
13984,13982,19
41888,42515,19
13986,13983,19
14051,13986,19
23104,23105,19
21821,21992,19
49787,49745,19
49745,48938,19
10484,8988,19
39711,8401,19
13482,13481,19
10996,11003,19
24759,22356,19
15206,22566,19
49351,11455,19
22374,24759,19
35991,42703,19
23242,23872,19
22444,40641,19
40641,41100,19
24641,22374,19
10985,48353,19
22975,24641,19
22820,23930,19
16535,16643,19
22974,22975,19
1642,1225,19
15558,15559,19
16113,16114,19
16114,25962,19
14296,24239,19
22197,22237,19
48608,24583,19
44815,44813,19
11000,11004,19
39086,41193,19
41193,41195,19
15553,15554,19
5882,35263,19
5698,5342,19
11004,10995,19
35155,35154,19
26402,608,19
28971,28972,19
15353,44134,19
37480,36981,19
3437,3372,19
38288,15860,19
36981,37482,19
37482,36983,19
24392,48255,19
972,22927,19
2362,19087,19
244,275,19
592,244,19
35460,35790,19
22927,15687,19
4930,4927,19
48220,3368,19
17919,17924,19
36982,37480,19
24508,48815,19
14233,14243,19
49965,49639,19
8763,8764,19
1375,1384,19
1367,1375,19
1327,1367,19
13362,13019,19
5272,50568,19
5714,5768,19
21475,24165,19
5695,5328,19
48876,5695,19
48704,48876,19
48711,48704,19
6377,48711,19
24848,50259,19
24510,24511,19
17924,17925,19
36041,50300,19
40646,41753,19
16589,16570,19
50445,12823,19
13057,50445,19
19616,18195,19
1690,3008,19
3008,38851,19
15707,15642,19
13887,13885,19
12730,27594,19
19352,20933,19
19374,6334,19
41533,4031,19
15509,15840,19
15508,15509,19
50339,15508,19
41518,1158,19
39213,27276,19
38359,6716,19
43814,41163,19
28973,28974,19
27859,27841,19
4512,48054,19
163,35711,19
26046,27416,19
26056,26046,19
28974,25612,19
28972,28973,19
26075,25670,19
26234,28971,19
17989,5820,19
36925,42126,19
5820,5822,19
5822,6021,19
13101,13199,19
14251,29382,19
13205,13765,19
8086,34632,19
41078,41077,19
9553,8750,19
51,23809,19
34640,34636,19
41080,41079,19
41081,41080,19
41082,41081,19
34638,34640,19
43055,28210,19
42190,43055,19
24244,23018,19
23018,24241,19
24241,42621,19
50089,50121,19
50121,40184,19
40184,40181,19
41079,41078,19
41077,41078,19
35943,38804,19
41078,41079,19
26758,26891,19
51439,51469,19
26756,26758,19
28188,26756,19
28192,28188,19
12407,28192,19
28298,12407,19
28210,28298,19
15233,29450,19
41081,41082,19
11849,11635,19
41080,41081,19
3490,2158,19
41079,41080,19
51618,34460,19
792,15921,19
34476,34478,19
26894,42190,19
43064,26894,19
25493,43613,19
2412,17047,19
23158,24713,19
17047,3493,19
24942,24708,19
44540,44546,19
44541,44540,19
43145,44541,19
43143,43145,19
23339,24942,19
43854,50618,19
42695,34713,19
4195,21120,19
13765,13763,19
38804,22864,19
43613,40117,19
40117,26024,19
25605,26526,19
43362,43359,19
28190,43064,19
5489,5490,19
40026,10515,19
10515,10790,19
13861,13862,19
43359,28915,19
13933,13932,19
28918,40122,19
43361,43362,19
3272,17495,19
17495,2412,19
43082,43361,19
40112,43082,19
26526,40112,19
9689,37065,19
35839,17226,19
24182,24184,19
24138,21519,19
35143,35142,19
8489,7652,19
7507,7653,19
22418,22346,19
27953,27136,19
7498,37713,19
14613,23973,19
49366,50468,19
28638,48502,19
50143,50145,19
5022,5021,19
18862,6534,19
26969,42693,19
45003,49772,19
34721,43027,19
7288,7289,19
21519,24069,19
1643,3993,19
7646,7636,19
34273,48481,19
24015,22776,19
41137,10021,19
1124,47975,19
25554,25807,19
23619,24039,19
26123,26272,19
44448,2444,19
25807,25548,19
21300,21242,19
21797,41378,19
41378,41377,19
34562,34561,19
41377,41375,19
22346,77,19
27202,27201,19
51769,51274,19
49419,29033,19
24139,24138,19
23147,24714,19
2618,3950,19
35587,7543,19
35152,35150,19
16836,16837,19
25859,49419,19
47232,46509,19
46348,47232,19
35154,35152,19
4581,46348,19
27532,27519,19
5023,4581,19
11856,37257,19
24184,24185,19
27500,27202,19
9429,11903,19
5067,5023,19
21415,786,19
27860,26434,19
46509,46322,19
16837,22036,19
39787,12750,19
35150,35147,19
25854,25855,19
35146,35143,19
35147,35146,19
43075,7337,19
24136,24139,19
46506,5022,19
7509,7508,19
48358,44341,19
46704,37039,19
24185,24183,19
35020,7567,19
44341,17579,19
22036,14923,19
46322,46506,19
50145,51868,19
36911,1268,19
15740,16019,18
41128,41122,18
4671,6043,18
48503,43373,18
1793,1792,18
13484,13478,18
51533,51531,18
10927,10961,18
6003,18809,18
2493,2494,18
4676,5143,18
17448,3178,18
51531,51534,18
51534,5693,18
48044,3368,18
2494,1793,18
24181,21818,18
23647,24024,18
8494,8464,18
42503,24711,18
23321,25280,18
36828,13862,18
38725,15746,18
16579,16885,18
16526,25153,18
24077,21871,18
23255,1031,18
13286,14043,18
24855,24077,18
16571,16565,18
17614,17612,18
21282,17970,18
18448,18461,18
11836,11837,18
37731,11836,18
51965,10474,18
19424,4633,18
356,42785,18
24005,24014,18
384,14661,18
4667,4957,18
19268,18463,18
44499,41811,18
39175,41753,18
13132,13622,18
48181,4594,18
18461,19268,18
38944,12889,18
9593,11520,18
942,938,18
25980,25982,18
29116,29117,18
26181,26123,18
29117,29118,18
4566,6315,18
29427,14210,18
29423,29427,18
29118,29119,18
25081,25080,18
29119,29120,18
1247,48898,18
3979,1247,18
34006,22859,18
11837,10320,18
11520,9374,18
16155,15740,18
6618,44243,18
15543,16155,18
12944,48366,18
6384,5493,18
7619,49800,18
44888,9046,18
17588,48358,18
34544,34542,18
6034,19800,18
17612,17595,18
3320,3708,18
34542,34539,18
1879,1877,18
7956,7944,18
20467,18887,18
13412,13406,18
9599,10078,18
44659,14564,18
13622,13618,18
15654,16234,18
10315,10316,18
19571,42807,18
34835,10315,18
4134,3589,18
9723,9661,18
16694,14875,18
23681,34006,18
1806,1811,18
9594,10012,18
10738,9594,18
10078,10738,18
5330,51533,18
12938,13270,18
2513,2114,18
10236,11880,18
37384,41293,18
38360,38359,18
90,34110,18
43596,16329,18
728,16521,18
20786,20787,18
24414,757,18
2164,3952,18
34557,41282,18
50130,50126,18
7866,38164,18
16608,16597,18
23288,40650,18
38164,7822,18
16066,16067,18
20785,20786,18
16065,16066,18
16064,16065,18
48010,26036,18
37382,37384,18
26036,35404,18
16300,25274,18
10844,41161,18
10980,10981,18
40192,40190,18
2407,3325,18
17038,2407,18
11849,48481,18
20184,18568,18
17037,17038,18
1788,17037,18
20787,20495,18
20495,20496,18
20496,20497,18
42883,50385,18
23879,23551,18
20390,19545,18
14418,50645,18
11879,49737,18
22291,24132,18
46,33966,18
23532,16099,18
5565,5555,18
24932,24928,18
48193,22658,18
34435,34431,18
28578,26673,18
14872,14860,18
35317,34435,18
7028,6064,18
20497,18040,18
26080,25580,18
39214,39213,18
44072,41772,18
14348,16491,18
48462,9048,18
34168,48462,18
16475,16461,18
16474,16475,18
16331,25210,18
22677,23207,18
42515,44072,18
40650,16516,18
6763,6764,18
50385,13103,18
17043,1788,18
2410,3970,18
42805,17043,18
19690,4577,18
40892,40894,18
274,40892,18
2698,2701,18
4780,4550,18
25358,38723,18
15209,35723,18
34429,34657,18
44304,24012,18
9672,34240,18
29323,29507,18
35723,35724,18
43284,43290,18
47854,3437,18
11046,11047,18
48415,49210,18
39052,5376,18
2087,2699,18
24511,24848,18
4978,4972,18
44460,43274,18
50173,14508,18
25312,25313,18
25310,25312,18
25308,25310,18
5335,5342,18
13159,12837,18
3954,2164,18
43304,23259,18
51410,44927,18
44927,5454,18
40894,213,18
4550,4601,18
18571,21073,18
27181,27196,18
2394,42805,18
19259,21300,18
37051,13204,18
20784,20785,18
43372,48502,18
43490,25948,18
16515,16597,18
6703,6704,18
727,732,18
6704,6705,18
16916,24697,18
18735,20795,18
22193,22196,18
23188,23071,18
48013,26345,18
17448,3179,18
23092,25,18
48412,48057,18
48057,25553,18
3212,3900,18
10703,11742,18
11456,10662,18
44659,13306,18
24704,16643,18
5031,4930,18
4601,5031,18
23101,23147,18
29679,14378,18
43422,26170,18
11051,11090,18
3817,2410,18
15938,15183,18
26887,28187,18
6408,6464,18
10750,10745,18
27788,26567,18
37712,43388,18
40083,40132,18
40085,40083,18
28919,40085,18
977,25133,18
49173,15372,18
18054,6401,18
6464,6465,18
13725,13127,18
24255,24245,18
33886,16431,18
27871,27865,18
14073,14074,18
23126,23127,18
16638,16636,18
16636,16633,18
16633,16639,18
6096,7213,18
13863,14596,18
16639,16572,18
11869,10750,18
10639,10137,18
10414,10747,18
17747,17737,18
13813,13816,18
21392,21382,18
27623,26496,18
11090,8899,18
17629,17610,18
15620,25099,18
14020,14042,18
14042,16777,18
25666,25894,18
25665,25666,18
13251,12898,18
18548,18552,18
50633,13053,18
16673,15897,18
11998,27163,18
38614,51709,18
7559,38614,18
18546,18548,18
17684,17629,18
13322,14475,18
7619,7559,18
1600,35991,18
24257,24255,18
52006,52004,18
10287,9046,18
21164,19332,18
19831,17610,18
3578,3579,18
14600,48089,18
26614,39133,18
3579,3196,18
3196,3423,18
2296,2285,18
3422,44945,18
44945,3573,18
3573,3574,18
28902,28946,18
48988,48975,18
42857,14144,18
39132,42857,18
34771,49083,18
48975,35879,18
15806,16326,18
16328,25246,18
43969,48985,18
17761,17805,18
9902,11226,18
34741,34735,18
1881,2817,18
18567,17600,18
13966,13956,18
28946,25638,18
26101,28915,18
24258,24257,18
14074,14072,18
27177,12498,18
27805,27498,18
5244,18470,18
18454,5240,18
14072,14058,18
14058,14346,18
49757,49759,18
24259,24258,18
8905,47847,18
24256,24259,18
14346,14055,18
14055,14053,18
24248,24256,18
13113,12945,18
13596,13239,18
50176,42158,18
13364,13104,18
21382,21621,18
21621,21622,18
13821,13813,18
29032,27389,18
24811,21690,18
49749,49782,18
49782,51654,18
49757,49762,18
49762,49785,18
27087,28000,18
49785,42708,18
27357,27470,18
27851,26546,18
29033,27366,18
35132,35133,18
16747,16843,18
26546,26544,18
22085,47143,18
3393,3025,18
23551,16815,18
17433,3376,18
17446,17433,18
12004,27348,18
27348,27089,18
2871,1701,18
15897,24856,18
1313,1334,18
47907,15563,18
3025,3026,18
3026,2182,18
25487,50176,18
28062,27953,18
14069,29352,18
14056,14556,18
51983,14066,18
8457,8614,18
1277,1276,18
28114,27052,18
14556,14073,18
43001,35407,18
28000,28062,18
41295,26068,18
26262,41295,18
17271,43001,18
41981,26261,18
11027,11007,18
49797,7561,18
11017,11015,18
46476,39564,18
26654,26130,18
41607,48346,18
35085,2871,18
34635,34490,18
1310,35085,18
24491,37102,18
35157,35163,18
17993,17994,18
18108,19749,18
19750,41785,18
41785,18121,18
23885,22723,18
49442,49459,18
26784,21851,18
16177,33971,18
33971,24685,18
2512,1734,18
2490,2512,18
43505,44870,18
44870,44872,18
28187,26685,18
44872,49591,18
21622,21365,18
9911,9782,18
23362,25253,18
9782,11269,18
25894,25675,18
35163,35155,18
10647,10112,18
7719,8437,18
14170,51462,18
34511,34538,18
27498,12674,18
27501,27498,18
47990,27200,18
34652,34511,18
39498,27296,18
3392,3393,18
27085,27087,18
869,24394,18
18239,4859,18
4102,35871,18
4101,4102,18
835,833,18
36080,1740,18
4112,4101,18
36925,7652,18
7507,7510,18
7510,8487,18
24493,24494,18
37100,24493,18
37102,37100,18
11441,52006,18
12830,13173,18
14066,14069,18
36993,39848,18
13034,13588,18
29512,13423,18
9343,10775,18
22825,44697,18
34140,49246,18
49246,16850,18
27892,27893,18
15178,16099,18
16163,16248,18
16248,16249,18
1219,2574,18
27889,27892,18
48985,48990,18
13112,13044,18
1007,35746,18
35746,35744,18
17772,17767,18
15719,21595,18
10727,11562,18
23103,22075,18
13129,13034,18
19394,19389,18
11605,9343,18
27893,26520,18
24927,24460,18
15836,15827,18
21514,21515,18
15827,15719,18
2660,3403,18
27861,27860,18
27858,26852,18
44400,44077,18
18917,19833,18
15872,22928,18
8733,9742,18
980,43775,18
37116,37113,18
11625,9743,18
43772,21597,18
10015,49357,18
8977,9442,18
20303,20304,18
20304,19911,18
2969,2609,18
50102,50083,18
15451,15361,18
29474,13343,18
892,22468,18
19534,19535,18
22468,893,18
34487,34492,18
42301,34638,18
13343,14045,18
2201,2675,18
1469,3725,18
34457,729,18
7827,37507,18
50104,50102,18
34648,34459,18
26883,40151,18
28247,28249,18
14348,24217,18
34648,34460,18
15884,16377,18
48599,26747,18
34828,34885,18
34885,41175,18
41627,41624,18
22183,22205,18
10837,10842,18
10842,10841,18
51412,50104,18
23152,21317,18
22143,22144,18
21851,8603,18
40181,51412,18
1046,4134,18
24120,22061,18
1041,1046,18
10457,10458,18
41624,17772,18
36477,9553,18
20121,19550,18
34156,20195,18
24116,783,18
35853,3228,18
39848,15938,18
15034,24870,18
10841,10836,18
808,892,18
20147,42567,18
332,758,18
20146,20147,18
3422,42571,18
21594,16200,18
5882,20721,18
16200,15723,18
40525,19852,18
5554,39008,18
39024,5554,18
21389,23979,18
48940,48941,18
22462,15623,18
1469,2291,18
29199,40424,18
22110,21800,18
2179,3915,18
3532,2478,18
48994,48954,18
20194,6720,18
949,946,18
946,950,18
15399,15451,18
41785,4179,18
51222,39017,18
7974,8457,18
23596,22672,18
7035,6066,18
48990,17004,18
4109,48978,18
47429,13167,18
17634,17710,18
17623,17634,18
48978,48960,18
1198,41513,18
48960,43969,18
12858,13634,18
43966,35878,18
35878,48977,18
48977,43962,18
47398,47429,18
44376,29357,18
47843,16205,18
24336,37415,18
40147,26886,18
43962,48994,18
6066,6060,18
21517,21538,18
21538,16681,18
27370,27135,18
23596,22804,18
44735,8447,18
39284,44735,18
40064,40060,18
21516,632,18
44696,22804,18
50860,50862,18
22068,21736,18
21515,21516,18
25654,25646,18
15410,15876,18
27805,27808,18
27808,27806,18
25088,15398,18
15398,15401,18
21736,15342,18
15401,15399,18
17689,17670,18
23410,23402,18
632,21517,18
22520,24096,18
8447,9264,18
25133,34110,18
17670,17664,18
15706,15718,18
40061,49088,18
5102,4828,17
4954,4955,17
14172,14173,17
36912,1238,17
23092,23643,17
7371,7434,17
14303,14304,17
14173,14303,17
4956,4660,17
35993,51415,17
51415,51413,17
50586,9048,17
7436,7447,17
43350,4956,17
5100,5099,17
34310,7465,17
7447,7460,17
17667,20913,17
9048,22234,17
23643,25035,17
7402,34310,17
4955,5100,17
25035,50591,17
14168,14172,17
15898,24200,17
26715,51421,17
4660,4954,17
5099,5102,17
51783,34463,17
4828,4780,17
4977,4978,17
51413,51414,17
43630,43628,17
21376,21603,17
1656,1141,17
35126,35127,17
6708,20219,17
44675,49879,17
44670,44675,17
6401,18036,17
51414,50088,17
21600,163,17
18012,17986,17
17986,17975,17
17975,17930,17
42618,43630,17
44673,44670,17
21603,21377,17
21377,21602,17
4976,4979,17
10272,10735,17
4974,4976,17
37384,37382,17
5037,4593,17
37368,37372,17
37362,37366,17
23924,23909,17
19087,18805,17
42302,7663,17
1711,1275,17
23123,49169,17
8305,50394,17
13356,23098,17
46628,50240,17
16975,44673,17
25739,26850,17
26850,26655,17
27864,27654,17
50088,50089,17
17303,20408,17
41133,41660,17
10084,41133,17
3617,35083,17
35082,3617,17
35081,35082,17
17416,35081,17
17665,17671,17
49384,10794,17
26824,26927,17
26927,26834,17
26834,26928,17
48256,27177,17
41048,4530,17
50858,42618,17
26928,12386,17
12386,26838,17
26838,26937,17
26937,28346,17
28346,26940,17
27294,26427,17
44680,25058,17
34314,7401,17
34312,34314,17
7394,7422,17
51622,51616,17
50494,15907,17
14966,15037,17
21857,21404,17
34992,43629,17
2519,2467,17
47914,5048,17
17445,36912,17
15338,21597,17
39038,20314,17
23036,23037,17
23037,23038,17
24190,15717,17
27326,37783,17
35308,29679,17
23355,23255,17
37646,13268,17
18916,18313,17
4512,47851,17
15718,25127,17
3496,1978,17
9264,9075,17
1978,1979,17
1979,35840,17
11574,41133,17
49205,14897,17
42816,36988,17
36994,39043,17
34639,42301,17
6976,20585,17
20590,6976,17
20589,20590,17
34457,34636,17
6974,20589,17
20591,6974,17
4028,17218,17
1200,1205,17
41989,1200,17
21327,23596,17
49779,49742,17
26718,28207,17
49771,49779,17
16081,16426,17
21992,21991,17
26730,26718,17
12318,26730,17
12310,12126,17
28294,12310,17
21688,24309,17
37760,13322,17
12916,13140,17
23596,47836,17
41215,34968,17
47836,22804,17
16534,39182,17
12975,12952,17
34111,15645,17
50213,50203,17
50203,50190,17
20577,20584,17
50190,50191,17
50191,46835,17
46835,46748,17
46748,1179,17
25962,25963,17
6973,20591,17
27860,27220,17
34801,34810,17
18463,18450,17
21168,18462,17
4155,21168,17
5307,19675,17
29090,29091,17
29086,29087,17
41179,29086,17
22136,22137,17
22137,22138,17
4135,4136,17
22138,22139,17
26185,26118,17
27118,25995,17
2544,39089,17
17993,34265,17
17511,2544,17
2547,17511,17
2546,2547,17
2545,2546,17
44371,16206,17
11294,49737,17
14242,14234,17
14247,14242,17
29606,14250,17
2225,2545,17
2224,2225,17
2467,2224,17
18462,44139,17
44139,21169,17
18919,20878,17
24483,741,17
13900,13879,17
20484,2534,17
50482,27858,17
16087,15416,17
2051,2050,17
1889,2570,17
27661,27678,17
29418,29428,17
15794,15631,17
24850,14599,17
22444,41100,17
37642,13246,17
17488,3870,17
21169,21178,17
13866,13003,17
13903,14015,17
22142,22143,17
12158,29125,17
41016,42894,17
41017,41016,17
12398,12158,17
29094,12398,17
29093,29094,17
29092,29093,17
3029,17317,17
29091,29092,17
49742,49787,17
9585,9438,17
51456,41889,17
25335,24265,17
7238,7239,17
7239,18256,17
42736,50869,17
18256,18254,17
6534,18835,17
2133,2134,17
43356,43355,17
72,22983,17
35129,35132,17
26604,39133,17
35127,35129,17
24265,72,17
24435,24439,17
7236,7237,17
24407,22688,17
887,23142,17
866,871,17
39489,27295,17
879,873,17
20596,6889,17
20595,20596,17
24405,22688,17
20570,20595,17
4913,5028,17
1800,3891,17
4888,19571,17
7237,7238,17
37186,7236,17
20876,20541,17
51274,51935,17
1304,3425,17
4111,4131,17
17972,20533,17
14169,14168,17
17601,35461,17
51935,51277,17
4227,18926,17
19428,21150,17
39847,15936,17
39849,39847,17
51436,14169,17
15939,39849,17
50869,21211,17
18873,37186,17
34658,34631,17
34621,34658,17
51717,34621,17
34499,34493,17
34501,34499,17
35018,34501,17
17995,17983,17
19818,18268,17
18268,7235,17
7235,18270,17
18270,18872,17
18872,18873,17
20612,20876,17
41374,41376,17
41889,14418,17
12197,12198,17
16331,23376,17
18592,7214,17
258,44699,17
44001,50769,17
14486,41890,17
6062,20760,17
12428,12051,17
12721,12428,17
42412,12721,17
12139,42412,17
12134,12139,17
12198,12134,17
12280,12197,17
12406,48607,17
20408,19911,17
51947,13868,17
21595,15563,17
51943,51947,17
23719,24160,17
14014,51943,17
24766,23719,17
5324,6373,17
35906,4096,17
5336,5307,17
24159,23659,17
23659,24444,17
39361,44568,17
234,714,17
13911,13016,17
26197,26199,17
1747,1267,17
12670,12671,17
9740,10594,17
10594,10417,17
35161,35159,17
49459,35161,17
49429,49442,17
288,284,17
25942,25944,17
27808,27803,17
330,331,17
331,805,17
20641,6886,17
661,233,17
27522,27808,17
1810,1811,17
1809,1810,17
7286,19474,17
1815,1809,17
1814,1815,17
19573,19574,17
44105,28919,17
44823,44893,17
18560,18588,17
44816,44823,17
41493,44810,17
35159,35157,17
9373,9585,17
28729,12557,17
38860,10868,17
8015,43075,17
28263,26786,17
49193,43228,17
11242,9046,17
1376,35839,17
42667,38862,17
48005,26057,17
26057,26056,17
49789,25857,17
25855,49789,17
20380,34159,17
13204,42877,17
20534,20380,17
16147,28638,17
16574,16591,17
7321,43073,17
699,49193,17
701,43328,17
25900,26093,17
2828,2832,17
47963,359,17
9034,41662,17
16071,16073,17
16070,16071,17
48864,48578,17
3560,3029,17
23644,51190,17
21412,23644,17
15906,41130,17
24142,21520,17
34722,7864,17
29480,13636,17
12990,13354,17
28854,25900,17
6025,20824,17
750,751,17
51190,43951,17
26715,26738,17
26745,26748,17
26748,48616,17
5636,5638,17
48616,7590,17
27423,27107,17
16600,16496,17
50358,10843,17
20747,19749,17
38866,36982,17
43701,40792,17
51684,43701,17
910,34090,17
43704,51684,17
23696,910,17
5017,41684,17
26738,41641,17
20737,19525,17
20824,20513,17
26258,12026,17
49565,51090,17
26178,25588,17
9048,41137,17
25589,26257,17
26257,26259,17
19525,19831,17
19687,19468,17
26259,26258,17
4540,19687,17
40426,40108,17
40108,40109,17
40109,26526,17
41961,25527,17
10985,10990,17
27107,28023,17
2827,2828,17
2826,2827,17
5727,5728,17
24791,22633,17
34950,34952,17
44001,50731,17
50731,25709,17
24714,40437,17
34952,36859,17
16289,27778,17
42472,8318,17
8318,8131,17
52030,15604,17
13090,44374,17
25364,16021,17
16021,15745,17
34597,34599,17
34594,34597,17
25915,25916,17
34954,34950,17
15944,50539,17
47873,16061,17
50539,50505,17
27498,51569,17
28106,21696,17
24713,22241,17
24064,24062,17
25712,50725,17
50725,26846,17
27623,28928,17
23147,40437,17
11958,27945,17
21696,23221,17
24069,24064,17
26263,41981,17
23221,24791,17
28906,27560,17
48347,42123,17
27220,28588,17
25914,25915,17
43951,810,17
3350,3351,17
14171,14170,17
3556,17140,17
12546,12280,17
17140,47958,17
12551,12546,17
47958,47971,17
17001,4111,17
12136,12551,17
12388,12136,17
47971,47970,17
47970,47967,17
47968,49967,17
49967,50039,17
810,24101,17
50039,2826,17
3351,3556,17
16149,16474,17
13131,14138,17
3547,3350,17
13288,14041,17
12815,12835,17
51783,51714,17
48509,34090,17
24149,48509,17
5672,5355,17
14271,14280,17
7702,34905,17
7890,34909,17
5641,5642,17
24395,868,17
12993,13607,17
15233,14077,17
1758,1760,17
24104,24444,17
43802,43704,17
25527,28902,17
5728,5726,17
41861,42204,17
12937,13952,17
21895,23129,17
34776,42205,17
43703,43803,17
43803,43799,17
47838,25540,17
4046,4010,17
42869,50480,17
37517,4046,17
5237,5238,17
7222,5244,17
5244,35332,17
40888,37517,17
37519,40888,17
13019,23220,17
50567,9046,17
22633,24856,17
27661,27871,17
24856,21692,17
21692,26403,17
23210,16428,17
21167,19427,17
13274,25688,17
42205,41861,17
42204,8264,17
21161,21158,17
24201,14039,17
10421,11262,17
20552,20553,17
12245,12756,17
12756,28866,17
22319,9612,17
43818,28800,17
10056,11426,17
20551,20552,17
10045,10043,17
13103,12824,17
5456,5458,17
39142,10048,17
8146,8438,17
5458,5723,17
39058,39059,17
8072,34833,17
39059,5712,17
20140,20141,17
34985,8733,17
5713,5383,17
40906,8269,17
41448,35016,17
3835,50019,17
4203,4161,17
34540,34545,17
27871,28598,17
50897,40889,17
16820,16489,17
16428,16429,17
43796,10840,17
4981,4931,17
5414,5412,17
16430,15588,17
5412,5407,17
23500,23445,17
23257,39311,17
33911,23500,17
41684,4981,17
23420,33911,17
25424,23420,17
27991,27369,17
18959,18960,17
27377,27439,17
28009,27991,17
27077,28009,17
16429,16430,17
40890,50897,17
1495,40890,17
5485,5486,17
15487,40041,17
1471,1460,17
5725,5433,17
40889,1471,17
37410,47768,17
15588,16077,17
34728,8170,17
15543,15544,17
5433,5414,17
38664,21161,17
24091,22618,17
43799,43796,17
5294,5295,16
6092,47866,16
19746,5825,16
17570,6092,16
29378,29349,16
17544,17550,16
17542,17539,16
16596,16513,16
16556,16598,16
35862,35864,16
35871,35862,16
15360,23121,16
13714,47416,16
49057,51290,16
25416,33907,16
42842,4112,16
29371,13074,16
51290,17737,16
16884,25300,16
3483,3484,16
35863,35872,16
35869,35870,16
35870,35865,16
35865,35863,16
17673,17649,16
3343,1771,16
21804,21809,16
50558,39829,16
17693,17690,16
1358,1688,16
21811,21804,16
4109,42842,16
25306,25308,16
25305,25306,16
21810,21811,16
35868,35869,16
35867,35868,16
1771,3808,16
3808,1770,16
1770,3807,16
35866,35867,16
27838,27839,16
3050,3868,16
3868,3900,16
35864,35866,16
3484,3555,16
17690,17673,16
14158,14514,16
25300,25303,16
5826,7199,16
27836,27838,16
7199,44341,16
17649,5826,16
51530,5334,16
47866,47868,16
40529,38652,16
16420,25263,16
43255,19454,16
39617,3865,16
25263,25211,16
25211,16118,16
17618,17663,16
16118,16307,16
18047,6623,16
38655,25227,16
16421,16420,16
18474,21103,16
5066,4835,16
44227,41751,16
3881,2126,16
2098,2094,16
17663,17674,16
17674,7200,16
16616,16622,16
23339,16638,16
20681,20682,16
25109,23308,16
14348,50491,16
16361,16355,16
25236,16274,16
16230,25236,16
24638,23565,16
25285,25247,16
25247,25249,16
3532,19831,16
35,24695,16
25249,23366,16
20682,20683,16
25254,16423,16
13710,12890,16
16423,16421,16
44887,43699,16
43709,42708,16
51258,2356,16
13239,13730,16
20683,20684,16
18072,6466,16
6466,6408,16
7200,17694,16
5309,51532,16
48438,13092,16
12945,13580,16
17551,17545,16
17532,17538,16
39962,14475,16
51532,51530,16
26689,28232,16
47867,6578,16
25709,25667,16
21158,21153,16
28208,49689,16
24538,24583,16
13166,49210,16
25667,25663,16
18953,20696,16
13143,49930,16
8096,49083,16
47868,47867,16
13322,13004,16
16355,25285,16
40071,28890,16
40072,40071,16
42598,20577,16
727,16504,16
17681,17710,16
28959,12589,16
21153,18497,16
6465,18054,16
12589,12413,16
17738,49031,16
12414,12411,16
18032,18001,16
17990,18012,16
10287,10716,16
16495,16603,16
19425,18401,16
40084,26188,16
43615,28582,16
5334,5761,16
50586,10775,16
27663,51243,16
41942,41719,16
49602,35258,16
34765,34766,16
34764,34765,16
34763,34764,16
11120,21588,16
7931,34763,16
38160,7931,16
41290,3381,16
3075,41290,16
34785,38160,16
20720,39024,16
19556,49485,16
25562,25563,16
49304,27422,16
43774,49304,16
43943,43774,16
42688,43943,16
11980,42688,16
11234,10776,16
43908,43907,16
19554,19555,16
43907,43906,16
2065,3986,16
48881,23239,16
2076,2077,16
3653,2076,16
2082,3653,16
2081,2082,16
41093,19554,16
35258,41093,16
34766,34767,16
34767,34786,16
34786,34768,16
50951,39722,16
21283,18876,16
41178,34828,16
47898,2356,16
13163,13420,16
23558,23148,16
17192,3845,16
27577,50961,16
39529,48667,16
48667,39569,16
2206,2500,16
39569,48736,16
48736,43611,16
43611,48629,16
39722,39535,16
34768,34769,16
39533,29008,16
47943,26122,16
11081,21589,16
29008,27251,16
27251,27252,16
27246,39564,16
40946,20554,16
20555,40946,16
51611,3339,16
13749,14092,16
10234,11904,16
34770,34771,16
34769,34770,16
24378,42814,16
51512,2742,16
3865,3834,16
6003,19294,16
7030,20372,16
16275,23275,16
23275,16422,16
16422,23276,16
23276,25253,16
16747,25284,16
25284,16358,16
16358,16356,16
16356,16357,16
16357,25248,16
25248,23280,16
42813,42832,16
21157,21160,16
42832,42803,16
15438,15494,16
15494,15400,16
15400,15403,16
15403,15404,16
15404,15478,16
10516,43852,16
50229,43258,16
15391,41264,16
8871,10516,16
15479,25088,16
15361,25077,16
25077,25083,16
18907,18917,16
507,520,16
16597,16558,16
8787,9907,16
39015,7030,16
7290,20212,16
15247,22576,16
19294,19314,16
14966,36997,16
24462,35701,16
19551,35253,16
51526,51512,16
15250,36997,16
20840,19549,16
3923,3925,16
43426,51526,16
3925,3922,16
39018,7036,16
20373,7034,16
15029,15248,16
15717,15533,16
6067,20556,16
35255,35256,16
5542,35255,16
47433,5542,16
5541,47433,16
14046,14053,16
39145,39147,16
20142,20143,16
14607,29450,16
15620,41264,16
48462,8636,16
23206,22676,16
781,23206,16
34085,781,16
7017,7018,16
14293,13015,16
7018,7019,16
7019,6529,16
39135,26773,16
28561,39135,16
41918,41919,16
41919,40420,16
40420,40058,16
44661,27660,16
6088,6090,16
14542,13644,16
51243,27581,16
25755,25704,16
22527,24981,16
27141,28859,16
27178,47990,16
9932,9933,16
11639,9932,16
9924,11639,16
9923,9924,16
883,882,16
882,879,16
7746,8148,16
8242,49395,16
6716,34157,16
15653,15654,16
15458,15459,16
17995,34265,16
6999,34305,16
15459,15461,16
34305,5599,16
9601,10010,16
17445,37771,16
37771,37770,16
37770,42575,16
39846,15952,16
3945,17566,16
27236,29221,16
1261,17223,16
1707,1705,16
28600,27595,16
11030,41662,16
11081,11094,16
11120,8494,16
42883,13214,16
15949,15947,16
39841,15949,16
15954,39841,16
39842,15954,16
27792,27875,16
37769,37768,16
11988,27159,16
39348,27518,16
12007,27533,16
27520,27191,16
2679,43018,16
12498,27520,16
2976,1590,16
3993,42991,16
3386,1643,16
37767,3386,16
23895,23894,16
47143,21632,16
37768,37767,16
9408,9601,16
9421,9824,16
10410,10053,16
41838,29301,16
14142,29458,16
49208,49591,16
44198,26186,16
40122,44106,16
50159,50163,16
50161,50159,16
11894,10203,16
4702,5000,16
5000,4999,16
4999,20986,16
7752,34875,16
41502,7752,16
27865,27876,16
25765,41838,16
4703,4702,16
40134,25765,16
26399,40134,16
44479,26399,16
40978,42564,16
44478,44479,16
42889,44478,16
7221,18348,16
51974,7221,16
40138,40152,16
6531,7021,16
6529,6531,16
21269,4224,16
4224,4223,16
14193,13029,16
44201,27833,16
10127,10410,16
48425,48426,16
10404,10127,16
10241,10404,16
4132,41132,16
42448,48329,16
48329,48333,16
51124,51125,16
16120,16121,16
16121,16122,16
4568,4943,16
21340,21501,16
41249,28661,16
48426,48427,16
50827,4663,16
35917,48425,16
14233,14236,16
4109,35917,16
37043,37044,16
14247,14244,16
14252,14250,16
50073,50155,16
28160,42524,16
50158,50078,16
50152,50158,16
43963,50152,16
14236,14241,16
42515,24238,16
50398,10716,16
10721,10747,16
17529,6088,16
49689,26696,16
26150,26169,16
174,35321,16
37414,22899,16
16068,45020,16
11160,7604,16
15709,38692,16
25825,25837,16
35321,35322,16
24030,24032,16
25837,26122,16
43749,25878,16
27565,27567,16
19399,20972,16
38892,3954,16
20972,20962,16
50240,50222,16
50222,50188,16
50188,50219,16
14213,29420,16
26160,26155,16
7703,34845,16
5275,5276,16
16278,16279,16
23220,12975,16
25210,16278,16
33966,24813,16
24813,21689,16
27292,39488,16
48862,24406,16
21689,21673,16
22264,15435,16
48117,27499,16
27246,46704,16
15435,37414,16
35,11161,16
47891,25825,16
43295,22633,16
46704,49422,16
11160,22633,16
40019,9048,16
20648,18857,16
5276,5277,16
10515,40019,16
51506,40530,16
34845,34704,16
42251,42252,16
52023,13154,16
17995,4227,16
11995,27162,16
8439,11161,16
25218,25219,16
16207,25218,16
28144,39791,16
16464,16465,16
29562,29553,16
1260,1476,16
23340,16565,16
29553,14373,16
1476,1703,16
22252,23035,16
14415,14374,16
16974,16972,16
15172,698,16
14374,14375,16
14375,14400,16
15150,15172,16
22384,15150,16
25219,25217,16
25217,16115,16
23930,23944,16
18926,21279,16
24001,24025,16
1760,4895,16
24025,24029,16
13295,13322,16
27170,27172,16
13274,35701,16
35701,26787,16
26155,26004,16
47406,13675,16
48410,48412,16
22087,980,16
26139,48410,16
95,16797,16
35006,20467,16
43142,51393,16
35461,4182,16
17600,17601,16
16116,16412,16
21279,17600,16
39563,46704,16
21596,50898,16
14398,14397,16
39213,27591,16
48149,43422,16
248,661,16
12843,12855,16
34510,34509,16
3901,17407,16
20224,20397,16
46399,20603,16
23101,22046,16
12150,12146,16
48894,3926,16
29115,29116,16
12835,12821,16
29120,29077,16
24659,13741,16
44289,39793,16
15641,15640,16
23763,39761,16
23919,24087,16
26247,12022,16
17407,1819,16
1819,1817,16
48698,44591,16
34551,34544,16
13356,16031,16
23146,23083,16
42729,23146,16
41307,41309,16
41306,41307,16
25990,26160,16
39482,27589,16
12838,51811,16
26174,25990,16
26172,26174,16
2700,17352,16
16641,23287,16
1839,2094,16
34556,34555,16
2847,3636,16
26169,26172,16
34555,34553,16
34553,34551,16
34168,11291,16
12022,26362,16
33970,23919,16
49229,46,16
25579,48090,16
26948,50669,16
50669,26956,16
21940,23997,16
26956,26951,16
26364,12018,16
44294,19303,16
26951,50953,16
40406,41273,16
41273,44246,16
44246,44206,16
44206,44205,16
50083,51411,16
51411,17381,16
22163,41599,16
4922,5070,16
36031,2969,16
4509,4728,16
50953,50961,16
39262,49229,16
43612,26948,16
6010,40406,16
44685,33970,16
26362,26364,16
44591,48820,16
23201,44685,16
13580,13595,16
48820,44620,16
44620,50945,16
26082,28845,16
14854,14872,16
23200,23201,16
26084,26082,16
17488,47855,16
23197,23200,16
2803,17488,16
22038,23197,16
23196,22038,16
22901,23196,16
26094,26084,16
34450,34462,16
49050,50824,16
44622,50946,16
15919,22384,16
14373,14415,16
43031,43349,16
5181,5187,16
34984,44539,16
42677,10929,16
10958,42677,16
21085,18542,16
18542,19413,16
39017,47399,16
6485,6486,16
48088,48008,16
26205,28673,16
26185,26108,16
12020,25995,16
23751,21851,16
25889,25993,16
26326,25889,16
4196,4241,16
3589,3331,16
41448,34746,16
34746,8262,16
26330,26326,16
9312,9822,16
47399,7035,16
9894,8963,16
13471,43272,16
37366,37362,16
37372,37368,16
26142,26006,16
26006,26206,16
25320,25311,16
8939,9412,16
2693,2493,16
11929,11939,16
46803,26353,16
8963,10449,16
43312,13492,16
48060,1109,16
13492,51418,16
16087,15563,16
35404,48088,16
8328,9681,16
9352,11865,16
10394,8966,16
41371,16525,16
778,774,16
278,294,16
774,15028,16
21921,34005,16
25419,23316,16
35119,35122,16
13290,14054,16
13140,13290,16
5180,5181,16
47869,17569,16
26887,26710,16
6084,6085,16
35122,35123,16
35123,35126,16
4958,6357,16
26353,25975,16
15618,15627,16
5493,19253,16
5756,5755,16
6091,47869,16
6090,6091,16
6357,5180,16
12051,12283,16
49432,35119,16
20235,6084,16
49444,49432,16
15028,767,16
767,14960,16
20768,20769,16
8070,7938,16
3870,48020,16
10324,11543,16
9730,50937,16
51092,34730,16
34730,51088,16
12283,12345,16
18041,7283,16
272,582,16
20643,20387,16
583,222,16
15744,15745,16
51088,34732,16
12345,12342,16
6082,20235,16
7545,7553,16
13474,13471,16
582,278,16
26141,26142,16
44868,43505,16
44403,40742,16
3065,17480,16
1930,1935,16
5048,48181,16
17480,17403,16
17403,17460,16
17460,1051,16
8438,7719,16
34470,34635,16
14800,14825,16
7553,7531,16
27073,27350,16
27958,27073,16
1932,1930,16
27960,27958,16
27956,27960,16
50683,34470,16
741,41462,16
4036,1704,16
44859,44865,16
23909,23910,16
26004,26141,16
51277,51275,16
11992,11929,16
44431,44433,16
14181,14193,16
14086,14181,16
44433,267,16
13088,14086,16
51495,26538,16
51275,50683,16
1936,1940,16
39557,27527,16
1935,1936,16
49434,49468,16
49468,49448,16
49448,49429,16
25075,25072,16
812,23660,16
41599,22252,16
4965,4925,16
14345,12915,16
23128,41132,16
34466,34491,16
305,302,16
7587,7582,16
7570,7587,16
7503,7647,16
50723,49841,16
49841,7585,16
8998,50358,16
25311,25309,16
49614,18971,16
37306,42286,16
285,287,16
7531,7638,16
281,40900,16
40900,50265,16
50265,219,16
7582,8064,16
7638,7570,16
585,726,16
600,585,16
34634,34466,16
51617,34634,16
25770,25766,16
4925,5096,16
14446,14451,15
14450,14452,15
13164,37529,15
44680,34217,15
14460,14459,15
14452,14454,15
14448,14447,15
14453,14463,15
26207,25524,15
17046,2405,15
49781,49786,15
25524,25600,15
14463,14464,15
2405,2614,15
47845,44887,15
48974,50053,15
13524,13522,15
29416,43952,15
29658,14448,15
2618,17046,15
50053,49771,15
14459,29658,15
14455,14453,15
42887,41840,15
14458,14460,15
42104,26398,15
25635,25647,15
25620,25635,15
14444,14289,15
14451,14450,15
43586,48974,15
26396,42887,15
41964,26396,15
34217,44681,15
14454,14455,15
14447,14446,15
26204,25620,15
26398,40137,15
40137,42888,15
25600,26204,15
25647,25653,15
23596,47837,15
2614,3271,15
21118,4196,15
33969,50801,15
12812,14580,15
15362,15438,15
25085,15362,15
14580,13521,15
24812,16846,15
13521,42862,15
9881,10026,15
10026,9657,15
9657,9333,15
12978,13775,15
9333,34237,15
15473,25085,15
41293,37384,15
34237,9566,15
15642,23261,15
42286,37306,15
15840,15707,15
19575,37146,15
50336,50339,15
50337,50336,15
19413,21118,15
9880,9881,15
9254,9255,15
19840,20192,15
22314,34018,15
13775,12915,15
13522,14579,15
14579,42861,15
5487,5488,15
42861,13438,15
13413,43288,15
1162,41518,15
43285,13453,15
42471,15520,15
15520,15516,15
15516,29341,15
29341,29324,15
4198,6973,15
5486,5487,15
20192,20193,15
29324,29379,15
29379,29414,15
29414,29384,15
43555,13374,15
203,207,15
9258,9254,15
25942,12110,15
38153,38155,15
4011,37519,15
15511,50340,15
15510,15511,15
12270,12201,15
12347,12270,15
12269,12347,15
12268,12269,15
12408,12268,15
15512,15510,15
15846,15512,15
15611,22465,15
13739,13358,15
44659,13701,15
14420,14419,15
35630,35631,15
35629,35630,15
17425,35629,15
21426,21427,15
7821,38151,15
38151,38154,15
21628,6,15
38154,38153,15
14963,42817,15
19689,43351,15
40567,50337,15
25510,26519,15
51940,40567,15
25072,39732,15
12110,26554,15
24263,25075,15
15393,25117,15
21080,4160,15
19834,18916,15
42565,20142,15
19566,19705,15
39741,34157,15
4775,4562,15
23234,24741,15
24741,22462,15
4542,4775,15
25092,23320,15
14598,29581,15
37312,37314,15
12818,14596,15
19855,19856,15
47837,22804,15
19854,19855,15
18454,5620,15
37479,37477,15
25493,25510,15
727,16608,15
25688,25690,15
25690,25693,15
15522,43983,15
17804,17747,15
17927,17918,15
21474,21818,15
16282,16286,15
16374,44367,15
25855,27986,15
27083,27085,15
748,14077,15
27370,27083,15
39179,39180,15
7847,35007,15
17925,17932,15
17904,17919,15
6474,17904,15
17834,6474,15
17805,17834,15
17738,17761,15
15996,50681,15
18805,18803,15
28859,11999,15
27481,28859,15
44860,27520,15
44866,44860,15
4070,4071,15
4071,4072,15
4072,36051,15
19580,3945,15
39531,39560,15
25673,25830,15
26544,27836,15
25708,25673,15
1701,1261,15
26101,25708,15
43510,38920,15
23734,23633,15
23633,22992,15
1334,1358,15
22992,22993,15
22993,16770,15
43300,16237,15
8039,38352,15
26131,48914,15
13641,13639,15
16108,16113,15
13684,13681,15
39159,41486,15
41486,16081,15
19301,19303,15
18815,19293,15
28242,12247,15
12247,26817,15
19293,19580,15
42695,34714,15
35007,7676,15
38155,38157,15
24392,24928,15
23288,41753,15
28890,43617,15
24274,24275,15
43617,26673,15
26827,43140,15
26655,50770,15
43080,26292,15
41020,37572,15
37572,659,15
35701,23418,15
659,16781,15
23453,15489,15
29404,29467,15
7676,49479,15
15221,680,15
680,681,15
681,682,15
682,15222,15
24411,24408,15
15222,14605,15
27195,27516,15
43702,43703,15
37478,37479,15
43710,43702,15
40794,43710,15
37476,38867,15
12059,40072,15
28582,12059,15
8086,34546,15
15424,39807,15
49479,34981,15
34981,8395,15
27115,40053,15
36854,36815,15
36815,7672,15
34714,34713,15
9645,11455,15
42463,38803,15
4161,21097,15
38803,35747,15
14819,49198,15
15115,15151,15
51563,51551,15
22864,947,15
11228,9300,15
11455,9488,15
51562,51563,15
51556,51562,15
23450,23449,15
23449,23446,15
23429,40434,15
40434,40436,15
40436,40051,15
15179,50591,15
18497,19385,15
48874,51400,15
48560,48874,15
41263,15627,15
17506,1980,15
39278,22305,15
1950,1956,15
28865,9056,15
1956,2496,15
44484,44486,15
44486,43186,15
41845,44483,15
44483,25504,15
29413,13363,15
25504,40162,15
2051,3816,15
47432,13042,15
25469,25464,15
15701,15876,15
2718,42741,15
42741,37515,15
37515,2706,15
48642,44568,15
20465,17994,15
50011,50054,15
23617,24804,15
5072,38764,15
24804,24801,15
28133,28138,15
28149,28133,15
4717,4678,15
3955,2567,15
39485,39487,15
35840,3075,15
21548,16673,15
19799,19456,15
7016,7017,15
14467,14445,15
14495,14467,15
14461,14495,15
43838,14461,15
29551,43838,15
21304,18008,15
14464,29551,15
2500,1249,15
7020,7022,15
6,49173,15
18546,18550,15
23108,21369,15
3563,2131,15
2131,2988,15
2988,3146,15
4138,4139,15
4139,4140,15
18566,18549,15
18489,18505,15
4140,4141,15
3146,2498,15
2498,2108,15
3681,3949,15
18078,20153,15
20153,7284,15
37477,37476,15
1413,43598,15
48272,25093,15
2904,1260,15
12837,48272,15
13834,12826,15
1311,1313,15
22566,22567,15
1251,1238,15
28927,27622,15
1168,47885,15
26104,25692,15
41294,26103,15
26069,41294,15
44758,26070,15
26787,12247,15
26782,26787,15
28563,26782,15
28217,28563,15
1449,1460,15
23698,22976,15
36914,1690,15
48346,28117,15
26306,41607,15
42107,40093,15
28891,42107,15
43612,48560,15
15359,25070,15
43598,2335,15
4004,1376,15
3399,1398,15
13173,13083,15
49180,23671,15
14284,29433,15
35949,12164,15
35954,12150,15
12146,29115,15
34450,35105,15
27243,27242,15
29082,12680,15
38658,48350,15
34581,34586,15
34586,34588,15
34589,34592,15
24441,24436,15
43244,43243,15
42588,16947,15
16947,16948,15
16948,16949,15
43243,7758,15
29125,12719,15
13692,45039,15
25806,25990,15
44474,13682,15
39779,38674,15
25123,15460,15
24275,22314,15
29249,11958,15
44289,44288,15
17142,50056,15
2571,2435,15
48621,48585,15
47807,19468,15
3958,2050,15
47957,47972,15
47961,47957,15
47960,47961,15
50056,47960,15
6314,4565,15
5337,48621,15
2831,17142,15
2829,2831,15
2830,2829,15
3329,2830,15
4505,6155,15
48054,4505,15
4667,48054,15
48585,49385,15
2436,2012,15
3234,2655,15
15599,34019,15
44734,44732,15
35280,42178,15
22241,42504,15
90,50206,15
23242,22360,15
21629,22087,15
22087,16901,15
4136,44734,15
14348,14227,15
44732,44731,15
12978,12992,15
44731,4141,15
22075,49843,15
15274,15267,15
5166,35313,15
5762,5336,15
51475,42512,15
44666,51475,15
4126,35906,15
4512,4594,15
43228,16221,15
24784,33940,15
14596,13853,15
15346,23773,15
23773,15347,15
29420,29465,15
38785,2337,15
14219,29394,15
44260,43697,15
15561,15562,15
4563,43147,15
14632,195,15
15991,16546,15
42781,194,15
42127,39058,15
42551,42781,15
42533,42551,15
15555,15557,15
39060,42127,15
48962,42533,15
6908,19769,15
15306,15298,15
38143,15306,15
28163,28157,15
37538,513,15
1932,2738,15
11049,11051,15
16546,16529,15
11047,11049,15
41045,40820,15
16529,16587,15
10894,11046,15
39765,39793,15
39793,39771,15
49203,13933,15
980,15367,15
12840,13807,15
13807,13805,15
21695,22315,15
49169,38143,15
6886,20572,15
513,589,15
50206,34110,15
698,15939,15
977,43519,15
38358,38357,15
17218,4045,15
40352,40350,15
40350,40346,15
40346,40351,15
51148,34533,15
40351,40353,15
40353,40356,15
15380,49171,15
20194,38358,15
15279,15322,15
40356,40357,15
43297,50864,15
7974,34995,15
22765,16848,15
4607,43933,15
43934,4712,15
14354,29423,15
4656,4520,15
29382,29656,15
49169,15306,15
15306,15381,15
40354,40352,15
51465,51439,15
46578,17635,15
16076,16077,15
16075,16076,15
48414,1109,15
42876,13214,15
46578,17653,15
9395,9409,15
13015,13160,15
29441,13015,15
25726,51372,15
43744,14659,15
10113,11742,15
9048,42845,15
29656,29677,15
40358,40355,15
40355,40354,15
4520,4519,15
16069,16070,15
42167,28041,15
42845,11119,15
13247,29413,15
29413,29418,15
6484,6485,15
6760,20534,15
4199,21309,15
4180,17828,15
42400,47857,15
25689,25690,15
35041,42845,15
34090,24134,15
15936,39846,15
14165,14394,15
37687,29310,15
27998,27986,15
49226,39962,15
28041,27998,15
22494,44697,15
23871,34117,15
5568,37514,15
27505,49241,15
18051,6484,15
28593,25764,15
4519,4595,15
4595,4602,15
13985,14054,15
4602,4672,15
4672,5109,15
5109,4628,15
36441,9048,15
4611,4612,15
4612,4609,15
48233,22804,15
13087,14533,15
26691,25770,15
937,940,15
19352,20184,15
45019,9056,15
41485,16426,15
12041,28593,15
35313,4482,15
12827,13813,15
38805,3490,15
12406,29249,15
20349,40515,15
15418,15419,15
25916,25588,15
5453,5456,15
240,210,15
5718,5317,15
15548,15599,15
210,208,15
15419,15420,15
13255,44459,15
13362,47429,15
34368,34370,15
51270,29482,15
24717,21938,15
190,42530,15
237,240,15
234,237,15
5169,4676,15
12126,29190,15
23885,23087,15
206,578,15
38560,19394,15
737,209,15
44703,11291,15
209,241,15
15544,15545,15
48231,25938,15
11880,8636,15
29190,12128,15
28742,12316,15
12316,12317,15
12317,12318,15
28207,28208,15
29413,12938,15
578,737,15
19574,2387,15
19458,6908,15
42532,48962,15
3490,17318,15
39051,39060,15
42530,42532,15
5317,39051,15
39086,42604,15
13416,24156,15
21632,22101,14
22101,16350,14
47201,9738,14
16350,22258,14
22258,24335,14
24335,16346,14
16346,16348,14
48210,27512,14
16348,15428,14
16376,16375,14
24406,24404,14
27512,27154,14
27915,28643,14
16363,23380,14
24628,34010,14
37538,523,14
26188,25491,14
28145,28124,14
48500,9564,14
28804,39789,14
28744,28743,14
50259,24994,14
13131,14139,14
50994,42731,14
17429,40178,14
50995,50994,14
51004,50995,14
40491,20768,14
51006,51004,14
24490,24806,14
108,41374,14
3399,1410,14
19713,6411,14
17517,17518,14
41376,21338,14
50990,51006,14
23983,23984,14
23984,23988,14
28643,27787,14
28743,28742,14
4790,20370,14
29318,13520,14
11748,47201,14
27787,25698,14
18621,5908,14
5908,40617,14
24535,16650,14
26209,25542,14
28673,39620,14
42405,4894,14
41952,26098,14
14720,333,14
25092,35701,14
26502,26700,14
37783,37784,14
23462,33905,14
5231,5232,14
15952,37001,14
13204,13730,14
41954,41952,14
25456,27187,14
27195,25456,14
43374,41954,14
27144,12007,14
16234,16125,14
39323,27144,14
39612,12498,14
28130,28145,14
14513,12930,14
27848,27654,14
25491,25506,14
1359,2872,14
24826,24811,14
23558,24628,14
6627,19713,14
26648,27918,14
20932,18621,14
48268,13197,14
43313,13496,14
20962,20949,14
20949,6052,14
1766,35263,14
6052,20932,14
24487,24490,14
39558,39323,14
23449,23447,14
16006,25398,14
22948,16848,14
51851,50145,14
24183,21320,14
12963,35701,14
43637,48335,14
18637,18642,14
18642,18656,14
520,524,14
18656,18664,14
18664,5760,14
43501,43637,14
42443,43501,14
15564,25398,14
24393,868,14
729,787,14
828,48862,14
49211,43504,14
44868,49211,14
44862,44865,14
9933,9934,14
27522,44862,14
48501,39352,14
27173,11990,14
43422,26145,14
18091,18022,14
26145,28678,14
48336,42448,14
25552,26500,14
17519,17520,14
37272,6021,14
39784,44943,14
26498,25552,14
12879,38944,14
17520,17521,14
29402,29404,14
25532,26498,14
27899,26887,14
26821,26817,14
22716,22948,14
35747,942,14
938,997,14
997,991,14
991,14634,14
14634,24427,14
44501,51851,14
10666,40506,14
17406,17429,14
14190,14193,14
49933,13482,14
20175,40494,14
40494,40491,14
34729,8072,14
39612,27529,14
50145,50148,14
50148,50144,14
34580,34581,14
7943,34787,14
50144,50138,14
50044,50046,14
24753,22989,14
42657,105,14
542,622,14
24799,22465,14
35969,22161,14
35970,35969,14
49625,49460,14
42731,35970,14
18443,18445,14
23630,16006,14
15997,25299,14
1877,1859,14
18445,21191,14
35172,23713,14
28201,26819,14
22776,24010,14
48257,48501,14
42499,42498,14
36835,942,14
16107,16108,14
23443,23449,14
27244,27243,14
26943,27244,14
26945,26943,14
26946,26945,14
23987,23985,14
23985,23986,14
35747,36835,14
27252,26946,14
27572,27252,14
34464,34463,14
25704,28183,14
23993,23991,14
34561,34653,14
27185,27516,14
22933,21688,14
44524,47003,14
27128,25839,14
34557,34669,14
48920,22633,14
10816,10820,14
9202,38823,14
48102,1296,14
24889,15181,14
15151,24889,14
9021,50358,14
37258,9202,14
11575,37258,14
38908,50723,14
34575,34607,14
3532,2362,14
25318,25319,14
16523,727,14
35714,35715,14
5498,18687,14
10843,43797,14
18687,18953,14
722,704,14
49436,44260,14
27344,27956,14
25291,43308,14
29401,48920,14
48508,40899,14
15928,22546,14
41951,41953,14
23458,23454,14
21786,22284,14
23464,23458,14
37112,37115,14
33905,23464,14
40435,33905,14
3608,42762,14
25313,51269,14
492,25348,14
2136,2137,14
2444,2136,14
40049,40435,14
23565,34112,14
40032,40049,14
50466,50744,14
14315,13240,14
1774,1775,14
3870,3915,14
23653,23559,14
15209,15276,14
15276,15271,14
5232,5233,14
13645,12854,14
12889,12841,14
21281,20933,14
331,600,14
8733,9894,14
336,316,14
13152,13252,14
17833,17804,14
338,336,14
24785,16031,14
13004,13645,14
270,48507,14
4507,50258,14
26444,25795,14
25789,26444,14
26447,25789,14
26446,26447,14
50394,7671,14
26058,26446,14
600,338,14
16418,43984,14
16533,24704,14
39168,41809,14
25795,25790,14
25790,25785,14
25785,25772,14
316,44429,14
18452,5085,14
223,222,14
23553,23840,14
21354,21613,14
21404,21362,14
333,331,14
48438,12987,14
44430,298,14
15277,15279,14
16610,16609,14
16609,16582,14
44379,25878,14
21598,21356,14
43224,34984,14
48506,618,14
28544,49159,14
7057,18861,14
26065,44379,14
49159,26657,14
13166,13580,14
25772,26065,14
41953,41955,14
972,34111,14
43654,7720,14
15783,15777,14
21211,21198,14
21633,21591,14
21596,21633,14
16642,16641,14
22943,25372,14
613,21596,14
21732,613,14
21580,21732,14
51578,5266,14
15771,15783,14
15777,15769,14
49170,22072,14
48221,17623,14
1688,1373,14
4242,42736,14
21579,21580,14
1209,1641,14
39160,41488,14
21578,21579,14
5823,5821,14
5267,5269,14
1192,1209,14
21198,21188,14
26202,26195,14
21188,21189,14
21189,21172,14
21314,24035,14
48065,28638,14
39792,44288,14
4185,21282,14
39772,42456,14
21700,23896,14
28129,39772,14
1932,1928,14
27195,27185,14
27192,27190,14
19455,3996,14
17210,42578,14
49241,11995,14
26906,28233,14
42578,51600,14
51421,26906,14
19429,19428,14
51600,2638,14
16383,51776,14
41489,39159,14
21172,19429,14
1198,1192,14
21577,21578,14
24720,24695,14
20465,34265,14
28589,28841,14
1184,1207,14
1170,1184,14
11757,11367,14
458,444,14
16712,39845,14
11756,10025,14
5365,5398,14
38823,10071,14
5398,5397,14
16521,25304,14
19309,6000,14
25303,25305,14
33905,33907,14
16360,16361,14
50250,15860,14
617,48505,14
224,226,14
23454,23450,14
41447,7768,14
34543,34545,14
39845,15953,14
5234,5237,14
48981,35872,14
17465,3149,14
38278,48981,14
21575,21577,14
1132,41518,14
13268,29516,14
26784,35694,14
5506,5507,14
1772,3340,14
47435,47403,14
5274,5275,14
14957,21575,14
44335,76,14
22410,14957,14
5233,5234,14
34983,22410,14
42845,34983,14
4580,4579,14
4961,4580,14
44338,44335,14
27787,25941,14
3120,3121,14
22930,44338,14
48335,48336,14
17518,17519,14
33894,23491,14
387,382,14
10236,10627,14
22859,37116,14
27478,51496,14
11990,27478,14
12674,11990,14
1475,1681,14
1681,1491,14
1491,51984,14
35,43296,14
21693,21695,14
39549,27252,14
11715,11441,14
28349,39549,14
8988,49722,14
11978,28347,14
47888,25540,14
39566,11978,14
42428,39566,14
51403,42428,14
39529,51403,14
21799,21320,14
24507,24508,14
5699,5689,14
15402,15384,14
48928,48924,14
49176,48928,14
20220,6728,14
14193,14206,14
389,387,14
24199,15909,14
3260,3262,14
43430,43428,14
43428,43426,14
11052,11050,14
11050,11048,14
4212,4195,14
3922,3920,14
18383,4212,14
1849,3096,14
1765,3923,14
36784,9048,14
3945,1765,14
36828,14596,14
11048,11045,14
20390,19546,14
19694,41722,14
26638,25404,14
26402,26638,14
24850,21588,14
24013,24006,14
24031,24033,14
13493,43277,14
27459,27951,14
48443,395,14
396,389,14
34794,8069,14
869,24396,14
49392,27358,14
34083,49176,14
43405,41324,14
23617,23217,14
23616,23617,14
16977,51258,14
48949,28638,14
48502,26132,14
26132,26127,14
39312,34976,14
27353,49392,14
5622,5623,14
26127,26129,14
13574,13592,14
51257,302,14
5627,5628,14
26129,26272,14
26275,25558,14
5628,5629,14
47846,27352,14
11934,26314,14
5629,5630,14
44924,26271,14
4185,18876,14
43952,41895,14
26314,25888,14
25888,25978,14
27453,27457,14
25994,26264,14
26198,26195,14
4242,21301,14
5630,5631,14
3253,17318,14
21696,12042,14
14338,13320,14
2836,2819,14
48501,43030,14
34103,23616,14
27529,48501,14
2280,2281,14
44860,27523,14
41311,41330,14
2275,2280,14
41310,41311,14
41308,41310,14
44863,44860,14
44867,44863,14
11226,11224,14
40150,26848,14
48045,17505,14
41324,41341,14
25899,25900,14
38674,44290,14
2250,2243,14
3706,2250,14
2246,3706,14
2245,2246,14
2251,2245,14
2694,2251,14
2471,2694,14
1911,1912,14
1912,3648,14
43431,43430,14
42571,43431,14
25136,23863,14
26879,26767,14
26766,26879,14
26764,26766,14
26762,26764,14
43284,43289,14
44685,44686,14
44686,22316,14
13416,13419,14
49375,26762,14
49378,49375,14
40920,49378,14
26876,40920,14
26877,26876,14
26875,26877,14
34464,34490,14
22575,14963,14
14954,39044,14
43026,7337,14
24177,22434,14
43654,7718,14
22976,812,14
19857,19858,14
42151,19889,14
19578,19857,14
5559,19578,14
5558,5559,14
20214,17949,14
23274,16275,14
42080,43284,14
15518,42470,14
1995,2002,14
15517,15518,14
10498,9682,14
27587,28881,14
5267,5673,14
1176,41514,14
41514,42663,14
42663,41512,14
12893,47406,14
41512,46628,14
20878,18918,14
13420,13417,14
19833,18877,14
26185,26123,14
866,1007,14
12825,12893,14
40631,35312,14
26760,28573,14
50052,16543,14
26761,26760,14
26765,26761,14
26880,26765,14
28574,26880,14
34541,34540,14
41749,50052,14
29376,29400,14
26767,28574,14
29400,29320,14
29320,15517,14
37324,37326,14
34450,51714,14
46568,5570,14
16276,23274,14
3334,2058,14
2818,3334,14
2817,2818,14
22280,15922,14
15922,15935,14
48758,23115,14
4160,21085,14
37380,37378,14
10381,41505,14
18880,18881,14
18876,18880,14
8732,10381,14
11562,8732,14
22935,21478,14
40985,18835,14
20090,40985,14
21480,21481,14
21481,22891,14
21482,21483,14
16495,16602,14
14053,14044,14
21483,21484,14
4541,4722,14
21484,21485,14
1081,1082,14
41222,4541,14
27520,27482,14
23121,22089,14
22089,15269,14
4754,18871,14
19579,19862,14
25261,16276,14
40516,19575,14
20372,40516,14
51767,34452,14
28598,44661,14
10071,10310,14
40517,40512,14
10310,9370,14
9370,8939,14
11757,9960,14
51768,51767,14
51238,27656,14
40526,40525,14
18871,4873,14
26954,51238,14
11975,26954,14
10485,9835,14
9839,39143,14
28349,11975,14
29011,28347,14
7871,7942,14
41133,21737,14
23002,23126,14
34654,51768,14
14809,43771,14
4873,4880,14
25712,50769,14
2281,36107,14
49453,49444,14
13199,13915,14
5631,5632,14
43845,43844,14
43844,43843,14
43843,43842,14
38877,38876,14
38876,49185,14
49185,49194,14
26691,28577,14
28577,26672,14
26672,43994,14
12982,13822,14
23057,23058,14
23166,22196,14
23165,23166,14
22118,23165,14
34168,11294,14
11294,9048,14
44922,44914,14
27605,50684,14
50684,26846,14
44923,44922,14
40426,40124,14
40124,44526,14
2034,36097,14
2039,2035,14
36828,51811,14
1996,2039,14
23863,23561,14
23561,23851,14
23851,23658,14
13119,13107,14
13887,13891,14
1753,42841,14
46230,18510,14
7956,34708,14
16159,14600,14
2373,3403,14
37180,18556,14
49447,49434,14
49423,49447,14
3403,2501,14
51528,13701,14
4093,4094,14
42098,40162,14
23373,34124,14
23383,23373,14
23388,23383,14
23393,23388,14
22453,16711,14
48129,18489,14
44526,28918,14
44106,44107,14
44107,44485,14
44485,40083,14
26123,43372,14
14132,14353,14
3539,3168,14
25987,26181,14
29036,28160,14
8644,9476,14
10193,11734,14
9476,9480,14
11771,9434,14
3168,43211,14
43211,43210,14
3112,3291,14
27565,28864,14
22060,24121,14
17352,44956,14
48357,25975,14
41323,43404,14
41342,41323,14
41340,41342,14
44956,36099,14
19361,18116,14
6085,37612,14
28141,44288,14
17485,3539,14
14300,14301,14
34296,17485,14
38802,35637,14
40083,25465,14
25465,44754,14
44754,44198,14
17159,1448,14
26186,44482,14
44482,40133,14
40133,42164,14
42164,27814,14
22776,38723,14
35637,17159,14
29677,29495,14
7763,7672,14
44001,50772,14
50772,28865,14
27589,40881,14
27813,41959,14
8033,7866,14
41380,42733,14
41381,41380,14
23058,41381,14
24025,24035,14
3120,3166,14
16582,16004,14
43846,43845,14
43696,40107,14
26938,26939,14
6530,7020,14
13605,13246,14
7021,6530,14
28804,39791,14
27868,27887,14
39224,10400,14
48066,28799,14
23376,25100,14
49433,49453,14
44761,25779,14
25779,40138,14
26939,26839,14
13265,13806,14
20515,50388,14
39003,20841,14
19703,19532,14
47862,25540,14
6486,18015,14
19854,40523,14
5633,5634,14
25483,28885,14
28885,27547,14
26292,40118,14
25670,26212,14
25733,26075,14
728,34668,14
40118,43696,14
25487,25483,14
40107,40162,14
5635,5636,14
5632,5633,14
7022,7023,14
25264,16324,14
5634,5635,14
25930,43369,14
48411,48413,14
12866,36828,14
43369,48411,14
25616,28893,14
26225,25547,14
19532,19527,14
48413,25563,14
28893,25537,14
28909,25616,14
43366,25628,14
26485,28909,14
19527,6761,14
25628,26214,14
25537,25513,14
26212,43366,14
21782,21617,13
1945,1939,13
27649,22319,13
5340,17524,13
47899,27623,13
41133,4871,13
39784,48059,13
27662,27669,13
13967,13906,13
49250,11032,13
6370,5340,13
17667,19173,13
13968,13967,13
1939,1934,13
6371,6370,13
4031,17217,13
27765,27662,13
6368,6366,13
41866,41767,13
49198,14897,13
27878,27909,13
14287,14486,13
46827,25921,13
47848,3368,13
176,21782,13
34468,35103,13
40524,40527,13
20200,20275,13
27912,27915,13
4216,4219,13
7093,5823,13
27806,27878,13
5319,21271,13
27803,27806,13
24430,24431,13
20090,7093,13
17217,4047,13
8436,7687,13
15096,26632,13
9612,8603,13
396,25438,13
21271,4216,13
14355,24217,13
11953,27765,13
14600,47907,13
724,662,13
34134,38692,13
25134,33942,13
47926,17694,13
12884,13263,13
224,42684,13
10593,10780,13
580,299,13
41133,42845,13
36204,41133,13
28056,42167,13
46902,47926,13
49036,46902,13
49039,49036,13
49047,49039,13
23470,23461,13
1885,1886,13
9563,9292,13
50171,19361,13
39757,39756,13
39756,39755,13
39755,24324,13
37620,50171,13
37621,37620,13
24324,39753,13
43849,10517,13
39753,39752,13
18158,37622,13
11856,10402,13
9425,11903,13
20746,18040,13
37622,37621,13
17681,48260,13
2358,2359,13
662,15228,13
4096,4097,13
39642,48348,13
6372,6371,13
7822,7763,13
742,728,13
39422,27594,13
479,478,13
34728,38886,13
35103,35104,13
39752,39751,13
20623,17526,13
17536,20623,13
17544,17536,13
35104,35105,13
9909,9908,13
4097,37227,13
10517,9681,13
8772,10167,13
7604,21853,13
26936,26841,13
5272,5506,13
37607,37625,13
37625,20265,13
6706,20108,13
37227,4098,13
10594,42750,13
37372,37376,13
20219,18822,13
5165,5139,13
9894,10594,13
8917,8945,13
478,459,13
25330,25329,13
480,479,13
22127,22128,13
38390,41878,13
48293,25093,13
1456,1449,13
5065,4818,13
41878,22127,13
4827,5065,13
22128,22255,13
48248,25920,13
23769,14228,13
39563,27865,13
14228,29503,13
23260,25116,13
5278,5279,13
5277,5278,13
20958,4218,13
34065,50044,13
4953,4780,13
44752,24467,13
17712,17702,13
26412,26413,13
1359,17269,13
27624,27646,13
1222,4018,13
14227,44752,13
15180,15176,13
27646,44001,13
22200,22126,13
22126,38390,13
15897,24791,13
24680,22633,13
17702,5825,13
12088,12299,13
48083,13226,13
13482,13487,13
25920,46827,13
27817,44197,13
27398,27421,13
44621,48698,13
20499,20237,13
18121,20499,13
14532,12973,13
28230,51430,13
15563,21475,13
41651,41652,13
12959,14595,13
27421,27436,13
27436,27439,13
5140,6254,13
42001,22140,13
4834,5917,13
42169,27398,13
9922,11644,13
29490,13659,13
28061,27999,13
21755,22279,13
27137,27954,13
27954,28060,13
21383,21384,13
23129,23098,13
28060,28061,13
43609,44621,13
44201,27560,13
27999,27086,13
27086,27084,13
18040,18078,13
14897,14961,13
21384,21385,13
21857,23113,13
48214,14600,13
34776,8270,13
16242,25399,13
49981,14564,13
17402,1948,13
37378,37376,13
12826,12891,13
50054,34101,13
17570,17539,13
17529,17527,13
34101,24844,13
15615,23252,13
24844,24795,13
22305,21690,13
50801,50802,13
27622,27624,13
50802,25040,13
48870,25070,13
37388,37380,13
19386,21129,13
8271,8275,13
15507,25330,13
39790,39787,13
40431,40032,13
40037,40431,13
25329,40037,13
15473,15688,13
23054,22182,13
23459,15507,13
13363,13968,13
16372,15884,13
50747,50468,13
7191,44825,13
40039,23459,13
40038,40039,13
23490,40038,13
4155,21170,13
1168,47975,13
1703,35080,13
12936,13049,13
34778,8277,13
34777,34778,13
34780,34777,13
7991,34780,13
8275,7991,13
26923,21846,13
48424,12936,13
48213,359,13
21171,18460,13
18460,18435,13
36926,44373,13
43399,9828,13
834,24430,13
24435,826,13
44342,18919,13
8277,40903,13
17535,17545,13
17530,17535,13
40903,34779,13
34779,8264,13
13645,13813,13
24796,34065,13
40904,35016,13
40906,44538,13
14843,14866,13
25040,41132,13
17527,17530,13
24795,24796,13
41452,8269,13
38306,40556,13
21170,21171,13
8499,8500,13
38688,18348,13
39751,39750,13
21006,19414,13
9350,8796,13
8796,37275,13
37275,9625,13
9625,9626,13
9626,9729,13
9729,10583,13
10583,10443,13
9566,11830,13
44480,40130,13
11830,10583,13
10583,11907,13
11907,11920,13
10833,10834,13
10834,35687,13
38904,10863,13
44481,44484,13
9348,9350,13
44787,27594,13
37260,9348,13
9349,10281,13
26473,25532,13
27189,27184,13
26500,25612,13
26473,39184,13
27184,27177,13
44564,48848,13
17615,17621,13
39750,51478,13
21500,21700,13
44546,38965,13
16128,16129,13
47946,17621,13
25561,25688,13
9627,9351,13
9351,9349,13
40130,44481,13
43183,44480,13
48256,27189,13
41965,45016,13
26240,26241,13
26241,26242,13
26242,26501,13
39810,44055,13
10863,10832,13
20986,5019,13
45016,45014,13
42245,41965,13
44757,43183,13
43936,42245,13
41963,43936,13
35086,1358,13
4080,35913,13
16936,4080,13
35901,16936,13
37232,35901,13
25792,26240,13
26873,25794,13
29218,26606,13
13244,13187,13
41960,40131,13
44760,41960,13
41959,44760,13
27888,27867,13
19615,4703,13
44323,29301,13
44325,44323,13
44326,44325,13
42160,44326,13
26915,42160,13
29226,29211,13
29211,26530,13
29302,29227,13
10079,9302,13
29227,29218,13
38838,10238,13
27180,12723,13
27875,27884,13
1187,1213,13
27817,11970,13
42511,25326,13
42990,3994,13
39489,26427,13
3994,42992,13
42992,17493,13
1348,2876,13
1213,1231,13
21799,23897,13
50558,42908,13
16911,23647,13
15754,15755,13
46923,16909,13
21621,21366,13
21378,21621,13
21646,23895,13
25940,27794,13
27788,28641,13
43791,10647,13
9261,9262,13
1835,1836,13
1836,2702,13
2702,2699,13
28915,43750,13
2698,2771,13
48043,17505,13
340,356,13
23896,21702,13
21702,21704,13
21704,50139,13
18009,6620,13
6121,6139,13
17212,1315,13
37018,15919,13
13884,13895,13
21322,21646,13
15872,22974,13
24801,22598,13
34494,8240,13
3589,43014,13
28138,28136,13
4626,19561,13
10587,10519,13
10183,10551,13
10549,10183,13
11452,10549,13
18829,18824,13
7725,8071,13
27801,12008,13
27499,27500,13
6627,17611,13
18033,18051,13
5085,4150,13
5143,4717,13
27201,27180,13
43014,1648,13
19561,4812,13
4812,4604,13
28136,39767,13
28126,39779,13
7756,7755,13
7754,7756,13
38348,7754,13
7758,38348,13
27499,26604,13
4522,4504,13
4521,4522,13
44052,44024,13
44024,44059,13
39767,28126,13
4603,4521,13
44036,44060,13
4604,4603,13
1648,3991,13
27989,27992,13
27992,27081,13
38150,7821,13
35821,3437,13
21695,16288,13
21556,14811,13
22085,21556,13
9003,10777,13
1229,35993,13
5601,4177,13
2001,2956,13
43513,1644,13
38885,38884,13
39733,24261,13
50867,16661,13
16661,15804,13
49503,36994,13
42814,49503,13
27482,27527,13
19818,18861,13
6105,40817,13
41663,36797,13
23543,21851,13
6956,2813,13
2527,2630,13
2526,2527,13
18715,35314,13
3677,2526,13
43405,41341,13
3080,3677,13
41308,41330,13
23146,41331,13
10574,11002,13
26759,28573,13
24713,23146,13
35633,35634,13
35634,17425,13
11070,10430,13
9035,41662,13
50906,39144,13
38884,34920,13
38152,38150,13
34371,34372,13
34342,34344,13
34344,34343,13
34343,34341,13
34341,34338,13
34338,34340,13
48671,34369,13
34372,48671,13
35495,34371,13
34920,36850,13
34802,35495,13
8498,34802,13
8501,8498,13
34404,34373,13
23950,23925,13
23935,23931,13
8500,34404,13
756,34342,13
755,756,13
754,755,13
34337,754,13
34924,34925,13
34925,34926,13
34926,44392,13
44392,7663,13
50100,50906,13
50119,50100,13
39299,9258,13
9075,39299,13
33895,15499,13
40522,20349,13
22719,24812,13
29381,29376,13
13368,29381,13
13373,43319,13
20574,6883,13
2630,2631,13
20112,6526,13
2631,2632,13
35644,35645,13
28894,41854,13
26424,28894,13
35642,35643,13
26214,26327,13
25528,25538,13
24829,24833,13
35643,35644,13
35645,2468,13
6525,20112,13
2231,2234,13
28008,27993,13
27989,28008,13
18690,18696,13
36036,36037,13
36080,36036,13
34565,34562,13
41854,25639,13
25639,26485,13
8429,38156,13
21286,51777,13
38156,38152,13
35905,37232,13
35891,35905,13
38688,7221,13
42564,40977,13
39089,3034,13
38686,38688,13
3034,3102,13
3102,3103,13
18507,20227,13
3103,3379,13
3379,2534,13
2534,35671,13
35671,35642,13
51777,18236,13
20408,5237,13
5237,18357,13
4095,4124,13
26321,26556,13
26565,42097,13
3478,3479,13
3717,3478,13
3680,3717,13
3477,3680,13
3625,3477,13
3667,3625,13
3666,3667,13
3624,3666,13
3679,3624,13
39063,3679,13
3968,39063,13
3678,3968,13
6524,6525,13
2632,3678,13
26556,26565,13
5620,5621,13
25755,49414,13
3479,3480,13
4141,4126,13
25653,26277,13
26277,28913,13
41393,41964,13
24768,23756,13
10990,10995,13
10995,10575,13
10575,10574,13
2577,2528,13
41840,42104,13
2525,2577,13
2524,2525,13
3480,2524,13
41641,26746,13
26746,26759,13
27896,27875,13
6411,17611,13
1833,1835,13
14613,24722,13
17930,17927,13
19454,19458,13
19458,19775,13
24076,44900,13
24075,24076,13
50681,750,13
42596,42607,13
42607,42600,13
28948,28913,13
25830,28948,13
42600,42597,13
23974,24034,13
26353,25919,13
28911,26165,13
25630,28911,13
28904,25630,13
24034,24031,13
25614,28904,13
40119,25614,13
26253,40119,13
25518,26253,13
1831,1833,13
24031,24046,13
12932,14549,13
41955,25916,13
15562,37414,13
34540,34543,13
5149,5156,13
38351,8148,13
36168,24763,13
1592,51115,13
36125,1592,13
21086,18368,13
47879,5498,13
36048,4070,13
25734,28471,13
26122,25734,13
5145,5146,13
5146,5149,13
5156,5155,13
19842,19843,13
5155,5154,13
5154,5153,13
5153,5152,13
5152,5151,13
5151,5150,13
5150,5118,13
5118,42310,13
42310,5119,13
26846,26122,13
5627,20171,13
23289,16567,13
29310,12945,13
4171,4175,13
26020,26255,13
24755,21595,13
811,24175,13
24994,24581,13
18766,18753,13
23695,37804,13
37804,24411,13
18765,18766,13
14730,40797,13
18762,18765,13
18761,18762,13
11035,43856,13
441,446,13
21595,12975,13
25641,26020,13
301,317,13
28260,28243,13
28261,28260,13
28259,28261,13
28258,28259,13
28257,28258,13
28256,28257,13
26830,28256,13
49221,51479,13
51478,49221,13
10446,10101,13
35720,41485,13
43695,26165,13
47880,42785,13
522,508,13
28472,41956,13
13060,13113,13
13113,13062,13
42446,44866,13
49214,44871,13
48334,49214,13
25633,28472,13
40114,25633,13
41602,40114,13
40113,41602,13
34370,8499,13
49568,49084,13
12341,12007,13
588,524,13
514,588,13
512,514,13
505,512,13
611,42689,13
24666,24753,13
34047,21327,13
25712,50766,13
15993,35694,13
508,611,13
38352,38351,13
29303,25518,13
16642,16536,13
48417,24467,13
47893,48898,13
1828,1829,13
25626,25632,13
25605,26293,13
5772,5285,13
5668,5773,13
47887,5048,13
12042,22315,13
25646,25828,13
48894,1828,13
48168,9056,13
26455,26024,13
35086,1340,13
6620,18020,13
29304,26455,13
5773,5772,13
25632,25654,13
1829,17341,13
27481,47835,13
2445,2866,13
17341,1831,13
26637,26617,13
1340,1358,13
38619,38626,12
9340,9341,12
27522,27804,12
38275,38274,12
43435,43443,12
10836,10838,12
38274,4117,12
9578,11915,12
9341,9578,12
4117,4118,12
4118,48611,12
48611,48676,12
8965,9340,12
48351,1098,12
11916,10443,12
2268,44851,12
48676,48869,12
48869,48659,12
48659,4119,12
44869,42446,12
15995,15996,12
11804,11916,12
44189,17689,12
14094,14109,12
43500,44869,12
11915,11555,12
11555,10697,12
4115,38275,12
36133,3937,12
38624,38616,12
38631,38624,12
18568,6121,12
38645,38631,12
51627,38645,12
22848,34027,12
38640,51627,12
9870,9184,12
21652,23893,12
29582,13375,12
40025,11575,12
24034,24029,12
38616,38619,12
17664,17635,12
48291,25362,12
13398,48291,12
38626,51645,12
51645,38627,12
29335,13398,12
38627,38629,12
14367,29433,12
4114,4115,12
10697,9870,12
15621,23308,12
44190,44189,12
44192,44195,12
44193,44190,12
41127,48968,12
48968,43965,12
34391,34395,12
27094,28614,12
27077,27094,12
22465,23612,12
2850,1990,12
1990,1991,12
3609,3610,12
34395,34400,12
34388,34384,12
48921,22,12
34384,34383,12
34383,34389,12
34390,34392,12
48984,41123,12
48971,48982,12
11369,11760,12
39712,43629,12
24035,23975,12
24032,24035,12
18234,20265,12
351,349,12
51559,51556,12
46725,11809,12
26225,25921,12
28800,27520,12
11289,11644,12
50550,24126,12
10667,10664,12
305,304,12
43965,48971,12
23013,21755,12
11760,40025,12
17574,7191,12
44194,44193,12
50165,43618,12
44196,44194,12
44195,44196,12
1685,2823,12
349,346,12
49236,29482,12
22567,22564,12
22564,22556,12
38310,22557,12
13592,14338,12
21104,18413,12
12846,44472,12
41122,48986,12
17215,1634,12
27534,27197,12
48991,41128,12
28859,49241,12
22182,22183,12
27197,27178,12
43961,48991,12
50161,43961,12
14144,14524,12
14524,14155,12
14155,14156,12
48972,50155,12
14156,14203,12
14203,14190,12
42252,29034,12
48982,48972,12
38629,1685,12
43805,43706,12
11918,11804,12
11505,42474,12
10556,10690,12
11729,10556,12
16511,16610,12
43136,26895,12
4551,43351,12
4979,43354,12
41720,4965,12
5017,43350,12
16617,16537,12
34835,8405,12
14923,15562,12
262,257,12
49414,12120,12
592,233,12
10501,11612,12
34869,34772,12
48038,3437,12
38870,38868,12
36984,37478,12
23267,25206,12
44403,10990,12
10099,9479,12
10433,11497,12
447,444,12
34521,51148,12
43758,43746,12
43746,24683,12
25224,49164,12
9907,8870,12
10690,11505,12
42474,10353,12
21696,16306,12
13772,13216,12
38680,9898,12
9317,38680,12
38872,38871,12
9983,11615,12
11615,41223,12
12407,26754,12
42188,12407,12
24680,36,12
41518,41517,12
41223,11302,12
43571,43568,12
44152,43571,12
26891,44630,12
26755,26893,12
9883,11556,12
9479,8645,12
11556,9869,12
26893,42191,12
42191,43065,12
9869,9880,12
9317,10446,12
11614,10527,12
43065,26749,12
41517,41516,12
26749,43136,12
13803,13806,12
11496,10426,12
41516,1158,12
13234,13803,12
9820,8781,12
16306,12042,12
2823,38617,12
43901,43475,12
34729,8070,12
44498,41371,12
7765,7300,12
16386,43980,12
11497,11917,12
43980,50207,12
50207,25288,12
16293,16115,12
33989,33993,12
34010,33989,12
8056,7765,12
40144,43615,12
25764,40144,12
43618,12041,12
17526,6578,12
24457,39732,12
17532,17569,12
11917,11801,12
17213,17215,12
13903,14024,12
43804,41162,12
43706,43804,12
11801,11919,12
10153,10154,12
11919,11802,12
11802,11918,12
41161,43805,12
21086,21097,12
19093,18195,12
43903,43901,12
15898,25081,12
9666,8638,12
7300,35006,12
12042,12043,12
48139,22804,12
38723,23998,12
12043,22315,12
15594,23270,12
526,42689,12
51506,16237,12
25228,49164,12
22575,14955,12
14969,39044,12
37210,26970,12
44261,49625,12
24380,24381,12
42804,24380,12
44380,340,12
27733,26434,12
51090,51092,12
34689,9082,12
9770,11586,12
11586,11347,12
50867,24189,12
36,24785,12
16579,44498,12
9726,9666,12
9498,9726,12
346,44380,12
18887,6034,12
2018,3952,12
13103,14549,12
18195,4924,12
10154,9929,12
19391,19385,12
21130,19388,12
14108,14093,12
43769,24697,12
43773,43771,12
14239,14238,12
23926,23929,12
23934,23926,12
14238,14230,12
48524,43525,12
13861,14548,12
42987,1097,12
39781,39771,12
447,610,12
610,25434,12
49083,42971,12
21190,47903,12
24460,23681,12
47903,51809,12
20748,20749,12
20749,20568,12
50248,50245,12
48471,23671,12
14261,14256,12
39490,51465,12
41931,44444,12
20568,20494,12
1124,48060,12
37612,41639,12
34604,34575,12
11616,10243,12
11727,9997,12
14091,13750,12
27448,41918,12
41650,49418,12
49160,41650,12
42747,42746,12
42746,42745,12
42745,16705,12
265,636,12
22067,22087,12
10233,10595,12
17693,47931,12
13274,9046,12
22062,22067,12
23075,22062,12
50604,10775,12
47931,49043,12
49798,7561,12
42826,17422,12
3481,42826,12
38138,3481,12
43758,43603,12
49043,49064,12
51952,26292,12
43080,51952,12
49064,49024,12
34537,34510,12
49024,49047,12
44420,48582,12
1599,17490,12
17490,3385,12
48582,29461,12
16815,16811,12
16705,35173,12
14230,14233,12
14243,14246,12
34009,33988,12
28129,28141,12
37628,37627,12
47930,17721,12
19746,6093,12
37627,20850,12
8156,34728,12
26904,26798,12
26793,26904,12
15427,25,12
28249,26793,12
40022,8935,12
7871,40022,12
27167,27171,12
27155,27197,12
9498,9488,12
48257,39352,12
39536,50946,12
26957,39536,12
50962,26957,12
27269,50962,12
19414,19399,12
21009,21013,12
919,24421,12
6095,48260,12
36909,36910,12
27804,43819,12
7749,41505,12
931,949,12
13178,13602,12
7768,34719,12
19474,37628,12
26798,26902,12
38749,34009,12
27142,27167,12
42815,44524,12
22928,977,12
19392,4166,12
16489,50494,12
21392,21356,12
1310,1311,12
21356,21838,12
21838,152,12
41674,22182,12
2609,2607,12
14246,14253,12
14253,14251,12
26826,26825,12
29382,14259,12
14259,14261,12
28244,26826,12
2570,2835,12
26902,12736,12
20494,6116,12
6116,6109,12
28678,26093,12
6109,6108,12
44501,50139,12
18368,4924,12
2835,2444,12
6108,20784,12
2137,2133,12
39789,28659,12
384,383,12
25953,12491,12
42748,42747,12
12889,13713,12
18663,18658,12
18651,18649,12
18649,18650,12
18650,34256,12
49601,39015,12
34256,18666,12
18666,19476,12
39621,27390,12
29479,12890,12
13056,13713,12
42667,38863,12
4187,4185,12
13239,13154,12
16567,16509,12
44191,44192,12
43608,28638,12
50374,50377,12
34668,34652,12
37420,48057,12
48057,43370,12
18609,18602,12
18602,18592,12
24083,13429,12
27429,27129,12
50377,50376,12
44188,44191,12
1589,36124,12
1596,1589,12
13605,29318,12
51471,24200,12
18658,18651,12
19478,18663,12
11367,11369,12
18668,19478,12
22667,24032,12
34976,34871,12
3610,3483,12
12456,41643,12
948,935,12
22817,22667,12
9522,9292,12
24474,14925,12
13354,29475,12
29475,22235,12
14939,24474,12
26747,12456,12
2563,3521,12
34976,48599,12
25592,26295,12
27792,27870,12
44718,44710,12
27390,25585,12
48462,49737,12
51258,3521,12
16977,1636,12
15233,29401,12
24155,24157,12
19385,18401,12
18401,21145,12
21145,4671,12
2134,2017,12
48951,28638,12
18695,18692,12
40515,20373,12
24462,23257,12
12491,27010,12
17712,6093,12
13639,12975,12
22318,39278,12
13644,13639,12
14044,29432,12
18549,6057,12
18550,18556,12
34124,33995,12
24789,22368,12
21934,24789,12
16711,21934,12
16169,24281,12
5185,40677,12
25948,21588,12
12852,14542,12
44006,7344,12
8060,44073,12
38947,52023,12
24229,44328,12
7692,34730,12
41596,22307,12
4186,19885,12
22307,42748,12
6095,17710,12
44017,44052,12
44052,46875,12
47139,44050,12
42905,50558,12
17710,47930,12
6713,19765,12
8059,10685,12
25134,35283,12
23631,983,12
21499,21500,12
983,984,12
19556,39029,12
39029,20314,12
984,42621,12
17671,44188,12
44244,17665,12
40076,29139,12
17661,44244,12
43161,40076,12
16540,16618,12
28199,12771,12
42281,43161,12
43604,23810,12
41186,39086,12
44902,42281,12
26754,26755,12
20640,41186,12
44906,44902,12
44914,44906,12
441,610,12
17630,17661,12
48941,49752,12
24583,741,12
24134,21870,12
22316,22317,12
23860,22895,12
22317,22318,12
610,44698,12
44698,25434,12
23965,23941,12
9707,34238,12
27159,51496,12
23070,22205,12
18001,18024,12
18024,50051,12
6478,17833,12
2087,2095,12
17369,3408,12
22205,42730,12
3876,17369,12
26501,28531,12
37597,13246,12
3530,3876,12
33907,15492,12
11160,42845,12
3414,3530,12
17350,3414,12
5103,19733,12
41673,18121,12
19733,37271,12
23402,22848,12
15683,23410,12
33906,33907,12
2816,50170,12
50170,50172,12
50172,3343,12
27088,27095,12
3343,3340,12
27092,27088,12
1824,1817,12
7094,7113,12
39711,7944,12
22131,23071,12
18499,19425,12
3783,17350,12
37,15431,12
23310,22396,12
40809,16606,12
26658,26653,12
29212,29210,12
24456,24430,12
16504,16608,12
22203,22215,12
22215,22216,12
26663,26658,12
38588,26663,12
28529,38588,12
26693,28529,12
26631,26639,12
26623,26631,12
16972,20484,12
23445,37829,12
16519,16495,12
5507,5274,12
43392,3190,12
27075,27076,12
22177,22208,12
459,14919,12
26051,25795,12
3412,3783,12
25769,26051,12
25763,25769,12
22208,23069,12
23069,23070,12
51484,25763,12
25770,51484,12
16820,44135,12
50744,48578,12
23054,22131,12
26058,26501,12
4578,4589,12
22531,15928,12
17229,1467,12
1449,17229,12
11249,39073,12
39073,10421,12
8060,34735,12
37003,22531,12
22546,15930,12
27076,27369,12
15930,15932,12
15932,792,12
50537,51214,12
51214,15946,12
15946,15948,12
15948,39840,12
1467,1438,12
1438,1420,12
24981,37801,12
95,22604,12
10393,11249,12
20408,4185,12
22604,22738,12
22738,22339,12
20533,20303,12
27438,27437,12
27437,28652,12
28652,27112,12
27112,42165,12
18236,18861,12
36404,41133,12
21478,21480,12
24940,723,12
8059,34730,12
38304,769,12
769,37000,12
15703,25097,12
18763,18761,12
18760,18763,12
5307,5308,12
21325,23113,12
47917,33982,12
41198,25662,12
870,1007,12
895,873,12
898,895,12
853,898,12
848,853,12
43304,16237,12
28693,27222,12
24696,16390,12
27945,39216,12
43854,44073,12
14607,14355,12
35875,35876,12
13287,29344,12
44696,22672,12
49473,29401,12
47995,2179,12
18691,42400,12
21048,19359,12
19359,18195,12
41926,28165,12
28165,29035,12
29035,27115,12
35884,35875,12
11108,11109,12
26653,28530,12
28530,26661,12
26661,26668,12
23157,22174,12
23034,23035,12
22192,23034,12
22191,23031,12
22190,22191,12
23028,22190,12
23036,22155,12
22166,23157,12
51915,3371,12
3652,2950,12
44704,44706,12
44706,44709,12
44709,51,12
23809,15661,12
15661,38374,12
2950,3671,12
3671,2948,12
10420,10173,12
10774,11844,12
11912,10774,12
9343,11912,12
55,44704,12
38372,55,12
38373,38372,12
11828,11829,12
11827,11828,12
39292,11827,12
10509,39292,12
10441,10509,12
15658,25012,12
2948,17509,12
17509,2949,12
38374,15664,12
15664,15421,12
28696,41198,12
23055,22197,12
22891,633,12
633,21482,12
42733,38899,12
35973,36095,12
42001,22184,12
22184,22185,12
22185,22186,12
2084,3649,12
22186,22187,12
22187,23024,12
3649,3663,12
3663,3472,12
23044,22162,12
23028,22192,12
22197,22198,12
2620,3652,12
22198,22199,12
3472,3473,12
22199,22200,12
3473,17399,12
17399,3987,12
47876,15559,12
39072,10393,12
15380,47829,12
3987,3650,12
3650,3474,12
3474,39152,12
24013,22776,12
21986,22437,12
39152,2079,12
2949,3652,12
3652,50647,12
50647,50646,12
34704,7958,12
14692,49665,12
25414,15487,12
17209,1210,12
40041,23407,12
27095,27090,12
23407,33895,12
3762,17349,12
1296,23129,12
17349,3411,12
17210,17209,12
4069,16937,12
3950,20504,12
16073,15780,12
27090,27075,12
11080,41665,12
2118,2113,12
23072,22189,12
22238,22254,12
22254,41313,12
41313,41331,12
29215,40697,12
29207,29215,12
35876,35879,12
29225,29207,12
17566,2358,12
38921,43510,12
19296,19299,12
19299,19301,12
29210,29225,12
3411,3412,12
3790,3507,12
1409,2335,12
50646,2966,12
833,814,12
2966,2081,12
2077,2063,12
27909,27916,12
2151,3699,12
27916,27912,12
3699,3998,12
27518,28080,12
28080,28079,12
1916,3675,12
757,33963,12
24436,757,12
28079,27525,12
27525,27534,12
814,815,12
24431,835,12
1866,1867,12
27534,39399,12
39399,39398,12
39398,27200,12
27501,39507,12
39507,11988,12
3507,43498,12
43498,43497,12
43497,43496,12
43496,43495,12
43495,2513,12
2114,3762,12
8321,7703,12
3966,1866,12
14296,41888,12
4661,4578,12
723,722,12
48499,48282,12
23147,22182,12
26205,26087,12
12026,26110,12
26170,26118,12
16315,42852,12
47922,43422,12
25930,47922,12
23874,15988,12
13122,33943,12
13259,13660,12
22203,22218,12
22129,22213,12
22163,23146,12
22146,22161,12
22142,22145,12
13122,23098,12
26082,25565,12
16524,41370,12
1152,1148,12
8302,8073,12
8096,7926,12
40132,40131,12
7926,34767,12
1148,4045,12
1190,1227,12
1747,3975,12
15416,23211,12
23211,12042,12
10473,8751,12
10107,10473,12
9904,9544,12
25899,26082,12
25567,26061,12
51564,9426,12
22220,42968,12
26140,26012,12
26139,26140,12
1884,1885,12
40556,38305,12
38116,1883,12
1878,38116,12
36100,3845,12
48012,48008,12
2033,2034,12
2032,2033,12
2031,2032,12
2030,2031,12
46601,48012,12
25577,46601,12
42968,22136,12
24273,33910,12
22136,22246,12
22246,22152,12
22154,22155,12
26061,12015,12
12018,12016,12
24417,24430,12
4582,4583,12
23072,22177,12
22177,23024,12
7157,6336,12
14489,41892,12
49203,13926,12
4583,4606,12
4606,4607,12
9426,9904,12
40035,40433,12
4610,4582,12
37306,37292,12
39823,39820,12
39086,20641,12
19856,5557,12
29302,44841,12
3999,42810,12
1800,2693,12
44841,44324,12
44324,37531,12
37531,44327,12
44327,26684,12
12128,28744,12
2813,1814,12
25755,49563,12
49563,12120,12
37292,37306,12
35815,1249,12
37362,37360,12
25133,24638,12
44300,44299,12
5549,5544,12
37236,4093,12
7686,7689,12
37360,37362,12
37145,46568,12
7672,7663,12
21061,5143,12
3934,3900,12
29402,15224,12
16084,15769,12
6728,20152,12
3603,3277,12
40155,42888,12
41845,40126,12
48266,16489,12
19067,17639,12
9730,10588,12
40126,42098,12
26244,26224,12
19265,5756,12
25319,25301,12
51258,3937,12
28124,28141,12
5279,5280,12
42431,35471,12
20409,5750,12
29302,44840,12
44840,41842,12
41842,25767,12
25767,26523,12
1479,2419,12
26523,26379,12
20221,7157,12
37326,37324,12
18862,37272,12
17989,18860,12
21173,5912,12
41133,7604,12
26379,26391,12
26391,44477,12
20203,20221,12
43862,18789,12
3885,43862,12
44477,40155,12
19899,19900,12
37420,39624,12
1883,1884,12
4609,4610,12
48445,25572,12
21609,21613,12
21354,21609,12
28905,26229,12
26229,25610,12
15751,16084,12
15750,15751,12
23123,15372,12
38710,34147,12
34142,38710,12
27280,26964,12
37109,37112,12
25570,26139,12
26139,48445,12
25572,39625,12
21167,51809,12
14392,38955,12
14402,14392,12
14404,14402,12
29556,14404,12
29555,29556,12
13086,29555,12
29581,13086,12
14311,29581,12
14310,14311,12
14309,14310,12
15651,15653,12
19324,40365,12
14306,14309,12
15745,16424,12
26779,27498,12
14304,14414,12
46377,20603,12
42430,748,12
18825,18826,12
4179,21286,12
35885,35884,12
39619,39621,12
25581,41951,12
27812,49563,12
26603,27812,12
27903,26603,12
20090,41785,12
16098,16099,12
18458,18434,12
21474,21588,12
36031,1615,12
26784,26779,12
16031,36909,12
24736,24739,12
24739,22835,12
35887,35885,12
14294,14300,12
22990,25336,12
3367,16977,12
14299,14296,12
4924,5169,12
1725,16937,12
17004,35887,12
25662,28905,12
51809,43142,12
14414,14306,12
18918,18907,12
27507,11998,12
27876,27790,12
2574,50891,12
50891,1641,12
40881,48027,12
1207,1231,12
40033,40036,12
8217,7897,12
26227,26226,12
17946,17949,12
26226,25926,12
37661,13246,12
40493,6062,12
40495,40493,12
14919,14936,12
14936,24939,12
16128,15461,12
38885,7671,12
6722,6723,12
18829,19581,12
6723,20175,12
27595,27599,12
27299,28600,12
40433,25416,12
25416,23508,12
23508,40430,12
40430,40033,12
4624,4611,12
11932,27793,12
4568,4624,12
8734,11632,12
29082,29140,12
27789,42493,12
9682,8871,12
8305,7675,12
27790,27789,12
6015,19309,12
49236,49212,12
40839,50827,12
7286,20747,12
15753,15742,12
44893,15412,12
24995,22822,12
33904,33906,12
33903,33904,12
4111,4088,12
11536,11242,12
33902,33903,12
40365,19325,12
27909,27787,12
5103,40834,12
40834,40836,12
20850,6334,12
40836,40837,12
40837,40838,12
40036,33902,12
15455,16125,12
40838,40839,12
9942,11536,12
22822,15746,12
42566,20550,11
17524,6369,11
25547,26291,11
40953,42566,11
26291,25593,11
26094,26147,11
20144,40953,11
35581,20139,11
48655,14161,11
5692,5693,11
5397,39057,11
5295,50024,11
14161,14594,11
48807,48655,11
29435,48807,11
6369,6368,11
891,889,11
20550,20551,11
26147,26151,11
6366,6364,11
889,23695,11
4825,40840,11
34158,42193,11
41675,49978,11
11487,11674,11
11486,11487,11
11673,11486,11
4530,47851,11
10666,11534,11
40504,9934,11
9931,40506,11
9930,9931,11
9939,9930,11
4004,4035,11
51997,12226,11
20108,6707,11
27802,26593,11
26593,27801,11
4510,4530,11
40833,5109,11
40835,40833,11
5184,40835,11
40242,4878,11
12731,27286,11
26967,43476,11
37612,41675,11
18629,18637,11
5182,5188,11
51566,43254,11
15611,24861,11
24861,24755,11
522,520,11
29243,27689,11
15671,49632,11
40364,40360,11
40348,40364,11
40513,51172,11
50468,44016,11
20571,20577,11
48003,4565,11
1516,1364,11
38673,319,11
26763,28559,11
580,21790,11
583,42684,11
14174,29401,11
8485,8475,11
8484,8485,11
8472,8484,11
8473,8472,11
5188,5184,11
3834,3835,11
40051,40048,11
27661,27868,11
4482,5185,11
7717,41095,11
11262,9754,11
50681,15998,11
41095,7825,11
26421,27850,11
7825,41096,11
41096,7827,11
13804,12929,11
21594,21595,11
34508,34509,11
34510,34508,11
21163,18455,11
13268,13079,11
23453,40035,11
33896,23448,11
29503,29383,11
37829,33896,11
40050,663,11
11239,11242,11
40048,40050,11
5019,5166,11
19359,21037,11
43902,43478,11
4676,19359,11
43478,43900,11
43900,27300,11
21617,175,11
39642,39216,11
17051,38746,11
3191,3194,11
3950,3951,11
50822,5182,11
11060,10996,11
17970,20648,11
9902,50361,11
11855,43931,11
8945,11855,11
51550,43847,11
10498,51550,11
4622,50822,11
27827,27834,11
34408,34232,11
27848,27851,11
8469,22062,11
5661,5662,11
50037,5641,11
39057,5425,11
5662,5663,11
39485,27602,11
44924,26154,11
27155,27527,11
51408,13218,11
13882,51408,11
27285,42168,11
42693,44566,11
4573,5026,11
50258,19391,11
20234,7286,11
18078,7284,11
19581,18040,11
4195,21111,11
21111,21083,11
4206,18235,11
18488,21103,11
11452,9921,11
39788,28139,11
28139,28149,11
47891,27623,11
35566,14600,11
23208,35566,11
13252,24202,11
26784,26781,11
26791,28263,11
26903,26791,11
26833,28174,11
26835,26833,11
14397,14369,11
14400,14398,11
26154,25637,11
25637,25629,11
5663,5664,11
25629,28945,11
28156,27377,11
15823,15838,11
15838,15883,11
24318,25252,11
25251,41463,11
41608,40093,11
27550,41608,11
27505,12341,11
25632,25641,11
12007,27519,11
27522,44861,11
44861,43504,11
28923,25632,11
42443,44870,11
44870,49237,11
49237,48333,11
51124,49591,11
7766,7720,11
28466,28923,11
42099,40113,11
15414,15416,11
25517,29304,11
25526,25517,11
40106,25526,11
25601,40106,11
25613,25601,11
28945,25613,11
5121,5116,11
5116,4880,11
14413,29562,11
14412,14413,11
14372,14412,11
14371,14372,11
13358,13700,11
4815,21145,11
5167,4479,11
21302,4677,11
8947,8948,11
41766,15995,11
4894,21302,11
50898,21369,11
50853,16493,11
16493,25153,11
15613,25328,11
29477,29432,11
29347,13104,11
35322,35710,11
35710,21619,11
21619,21601,11
35713,21387,11
13104,12900,11
172,21596,11
4127,1758,11
4124,4127,11
18904,18414,11
18901,18902,11
4122,4124,11
44764,21599,11
13246,90,11
23874,50058,11
50058,108,11
108,107,11
21145,18428,11
43514,1636,11
1077,43512,11
16053,16051,11
14411,14371,11
23319,24284,11
14410,14411,11
14409,14410,11
14469,14409,11
26198,26199,11
19323,40363,11
24532,25376,11
21951,24532,11
29496,14282,11
24438,24443,11
41784,18116,11
15674,15902,11
15902,15675,11
1411,1420,11
15675,24264,11
18437,20819,11
1040,1034,11
38965,18437,11
5673,5217,11
5484,5485,11
5758,6275,11
6275,5757,11
16305,15697,11
21210,38965,11
15504,15823,11
15862,15841,11
18429,21210,11
25514,28892,11
28892,40089,11
8146,34697,11
25712,50770,11
16029,16645,11
12596,12642,11
29049,12432,11
29055,29049,11
29065,29055,11
28315,29065,11
43499,43500,11
48337,43499,11
48338,48337,11
42444,48338,11
48334,42444,11
49208,49084,11
49568,51125,11
11131,11102,11
11102,11099,11
11099,11098,11
11098,11097,11
11097,10385,11
10385,11096,11
11096,11134,11
11130,11129,11
11129,11128,11
11128,11132,11
11144,11143,11
5623,5624,11
5624,5625,11
5625,20696,11
4086,4138,11
25941,25948,11
12642,12639,11
11208,41132,11
26606,26684,11
16134,16135,11
5664,5665,11
5665,5666,11
5666,19802,11
19802,5668,11
7562,7567,11
41472,5238,11
15482,15483,11
19494,20851,11
43906,6025,11
17630,17653,11
50389,43908,11
35315,17572,11
48914,15412,11
16135,16161,11
12722,12326,11
16161,16136,11
16136,16241,11
18960,35315,11
25942,25974,11
25984,25986,11
2392,3276,11
20555,20554,11
18957,18958,11
12042,22454,11
23221,23543,11
43698,44261,11
36771,41662,11
27009,12722,11
51492,29305,11
26468,28694,11
35009,8438,11
43638,26468,11
51486,25770,11
1584,36125,11
51489,51486,11
51488,51489,11
28968,51488,11
16447,16448,11
18828,18829,11
18832,18828,11
21164,21290,11
5496,21243,11
41025,29304,11
45012,41025,11
28888,45012,11
26518,28889,11
23508,23503,11
34751,34752,11
34752,38158,11
38158,34753,11
34753,7798,11
40698,26472,11
44108,40698,11
41296,44108,11
24584,808,11
40142,41296,11
40087,40142,11
50632,40087,11
13501,50501,11
40089,50632,11
18382,18399,11
49639,15670,11
48592,49965,11
48578,48830,11
8788,8817,11
50165,43638,11
28578,28194,11
12723,27527,11
27479,27512,11
18313,41472,11
51490,51492,11
27154,27531,11
3,24648,11
28577,51490,11
15428,16062,11
16288,26403,11
26501,28577,11
8817,43791,11
8787,8788,11
16572,16611,11
26529,29226,11
13881,13884,11
13880,13881,11
29214,26529,11
22282,15944,11
29208,29214,11
29216,29208,11
26528,29216,11
43382,34635,11
29385,14594,11
29465,14209,11
13482,13488,11
42715,43708,11
16062,15611,11
28193,26680,11
24683,635,11
22252,25325,11
26651,26647,11
26647,26643,11
26643,26635,11
26635,26625,11
22129,22212,11
23185,38162,11
23035,23185,11
23065,23067,11
23064,23065,11
23063,23064,11
23160,23063,11
23159,23160,11
23062,23159,11
25325,23146,11
1687,42829,11
28526,26650,11
1277,1288,11
3376,36911,11
42586,17446,11
1195,42586,11
14481,29641,11
41194,41191,11
41778,24237,11
41191,42602,11
42602,39086,11
1665,1666,11
47830,359,11
50381,43021,11
42584,50381,11
38966,42584,11
26650,26651,11
26633,28526,11
26709,28517,11
15335,15271,11
49183,34859,11
7969,49183,11
481,480,11
966,44763,11
21470,24787,11
42256,50019,11
15460,15643,11
34457,42301,11
21343,21697,11
21342,21343,11
21341,21342,11
21340,21341,11
950,42463,11
37802,24982,11
13056,13354,11
28525,26620,11
24217,16203,11
1249,2175,11
36290,29318,11
21317,24850,11
24850,48214,11
34428,34657,11
34425,34428,11
35499,34425,11
35498,35499,11
35497,35498,11
34423,35497,11
40539,34423,11
34806,40539,11
26617,28525,11
41195,46709,11
46709,50109,11
50109,50128,11
41767,22242,11
12406,27945,11
18593,18580,11
18611,18618,11
6581,18611,11
18588,6581,11
18566,18552,11
41744,41748,11
41745,41744,11
41746,41745,11
13540,29634,11
23047,23048,11
23046,23047,11
23036,23045,11
22242,22124,11
48098,16061,11
24394,50938,11
21137,21126,11
1764,18789,11
18042,18033,11
13274,21799,11
22219,22212,11
22217,22218,11
22216,22217,11
41315,22183,11
41336,41315,11
23027,22174,11
41599,23027,11
42729,22119,11
41306,41309,11
41340,43404,11
14005,12973,11
13749,13750,11
27294,39488,11
24121,24124,11
50938,24581,11
50128,41187,11
41187,20641,11
9612,10894,11
13356,24791,11
36831,23224,11
14271,13015,11
22633,24785,11
50266,21634,11
13557,47438,11
47438,44464,11
21597,14809,11
14809,15339,11
15339,15277,11
15277,43768,11
23755,24666,11
39268,24265,11
36833,39268,11
36832,36833,11
24787,25006,11
24673,24787,11
16034,15606,11
48173,22804,11
40187,40190,11
635,634,11
20524,6956,11
23207,779,11
17012,19697,11
22543,21821,11
42542,24035,11
24025,42542,11
21807,23910,11
25740,43617,11
42882,13214,11
787,14355,11
27438,27440,11
38642,23697,11
23660,38642,11
42152,801,11
22279,42152,11
25663,26660,11
26425,26424,11
15207,2608,11
44568,50410,11
50410,50406,11
26679,44923,11
43617,26679,11
28696,25740,11
17537,17543,11
50765,25709,11
44001,50765,11
37039,46476,11
2718,3543,11
3543,2705,11
1945,2769,11
25650,26425,11
50735,25709,11
44001,50735,11
28936,25766,11
25781,28936,11
27692,27733,11
43260,43593,11
17552,18451,11
36484,41133,11
37386,37388,11
43994,25667,11
39260,38643,11
44481,40084,11
28916,44481,11
10460,10502,11
10560,10714,11
10726,10560,11
10427,10726,11
10691,10531,11
39260,37314,11
38393,12975,11
37376,37380,11
37380,41293,11
37376,37372,11
50246,50248,11
50245,41675,11
21019,21006,11
19434,21019,11
4858,21037,11
4032,17216,11
17216,4011,11
7234,18869,11
20193,18066,11
20236,20190,11
18192,17907,11
34467,51279,11
51714,34467,11
37314,37312,11
4858,19093,11
25667,25657,11
37314,39260,11
17543,17552,11
4152,17537,11
23931,25354,11
38274,4118,11
15817,15799,11
4830,5095,11
41221,40823,11
39225,41221,11
4562,39225,11
10886,41662,11
42035,35741,11
35741,35742,11
35742,34142,11
1753,42840,11
4534,4533,11
4951,4534,11
38277,4115,11
4115,38274,11
4118,38273,11
38965,21191,11
38273,4119,11
4952,4951,11
4953,4952,11
4086,4088,11
2337,1720,11
15643,15351,11
38283,1741,11
15029,24870,11
48089,16242,11
22557,22558,11
22558,41368,11
41368,41367,11
6189,42433,11
48054,6189,11
21503,21337,11
21660,21503,11
44892,44815,11
16143,16144,11
4574,18474,11
25782,25781,11
18499,19394,11
25792,25782,11
29206,25794,11
29205,29206,11
29204,29205,11
29203,29204,11
48255,42465,11
24422,918,11
50991,50990,11
50999,50991,11
50997,50999,11
50992,50997,11
51213,50992,11
41340,51213,11
1071,1048,11
1048,3589,11
13246,23975,11
15610,15611,11
13802,13112,11
25963,25964,11
25964,25991,11
25991,25966,11
25966,26007,11
26007,25965,11
25965,16119,11
16119,16120,11
50001,16143,11
26704,26709,11
779,23630,11
23026,23027,11
19599,19594,11
17059,2601,11
26707,26899,11
26899,26686,11
26683,28193,11
21350,44764,11
26680,26670,11
26670,26900,11
26900,26677,11
26677,26673,11
16964,2602,11
23221,23751,11
47204,48491,11
23400,42178,11
585,47204,11
42546,585,11
4815,18401,11
4870,4000,11
1109,1077,11
48248,27585,11
26202,26200,11
26200,26194,11
5065,4906,11
47768,5065,11
41715,4239,11
21269,19598,11
23072,23025,11
2601,2753,11
8863,9023,11
3647,3436,11
1887,3642,11
3642,1888,11
1888,1895,11
1895,3644,11
3644,1896,11
1896,3645,11
3645,2424,11
2424,3646,11
3646,2576,11
2576,3435,11
3435,3647,11
3436,1894,11
26743,28575,11
1894,1911,11
37812,34582,11
39147,18779,11
4218,21296,11
21296,20397,11
4125,4135,11
50889,1225,11
1642,50889,11
17271,35407,11
26710,26727,11
26889,26743,11
19598,19599,11
19594,19592,11
3640,3641,11
19592,19866,11
4189,7106,11
17972,4188,11
24115,21555,11
21555,21557,11
21557,24119,11
6124,6113,11
6110,6124,11
21294,21291,11
5034,48181,11
42531,189,11
42534,42531,11
42554,42534,11
42782,42554,11
14632,42782,11
4795,4620,11
4886,4795,11
16892,21394,11
379,391,11
523,590,11
48118,25938,11
49563,15420,11
15420,15428,11
432,23810,11
429,432,11
634,42777,11
25690,25691,11
9262,9265,11
14008,13053,11
14345,13773,11
10551,10552,11
10552,10553,11
10553,10668,11
10543,11598,11
11598,11599,11
8433,7977,11
7977,7335,11
11599,10535,11
4833,4834,11
4832,4833,11
13645,13814,11
34533,34537,11
14227,21786,11
7975,7954,11
7954,7955,11
22820,23906,11
23906,14613,11
23942,16911,11
42988,42990,11
38658,42988,11
14876,38658,11
14866,14876,11
14800,14843,11
21786,14800,11
3641,1887,11
107,21348,11
3643,3640,11
18002,18051,11
14657,995,11
988,14657,11
35070,38695,11
35508,35070,11
18877,21282,11
714,10236,11
24152,21552,11
134,133,11
34689,11350,11
11350,9084,11
9084,9087,11
6551,6552,11
19547,20841,11
44703,48462,11
995,937,11
14481,41891,11
24426,988,11
310,302,11
34405,34407,11
44934,34405,11
282,274,11
34800,44934,11
42301,34368,11
34365,8501,11
35494,34365,11
34373,35494,11
360,329,11
376,361,11
49674,36041,11
49677,49674,11
6552,6553,11
274,248,11
8466,8467,11
22016,23393,11
41642,42044,11
382,381,11
42034,42033,11
42044,42034,11
42033,49336,11
49336,42045,11
29402,14605,11
22066,21744,11
1890,3643,11
26640,26637,11
1914,1898,11
3971,41353,11
19866,4754,11
1897,1890,11
1898,1897,11
16678,21514,10
40845,40850,10
3156,3004,10
1615,2969,10
39556,27265,10
20612,49696,10
27263,39556,10
16480,16396,10
28802,27910,10
16392,15697,10
27584,27263,10
51269,25320,10
1740,1596,10
40850,40844,10
25309,25307,10
27911,28802,10
3193,2393,10
26149,26170,10
27265,27264,10
6117,20480,10
44367,16215,10
16285,16281,10
8328,10193,10
40849,40843,10
40843,4627,10
4627,40840,10
48423,24928,10
11148,11151,10
11166,11148,10
19535,6721,10
48183,6118,10
11164,11166,10
43656,1041,10
20291,20203,10
42512,15552,10
11163,11164,10
11165,11163,10
50967,39214,10
26096,26149,10
40844,40849,10
3155,3156,10
25900,26096,10
27264,39532,10
16218,25268,10
25307,25322,10
40063,40055,10
20195,19534,10
1739,36080,10
26321,25773,10
44369,16179,10
16266,43190,10
25773,25784,10
25784,25778,10
25778,42097,10
47918,44503,10
26516,26517,10
14751,14839,10
20608,18819,10
29401,29336,10
50764,25709,10
23136,24720,10
48561,16324,10
50833,50832,10
50841,50833,10
14607,29581,10
2478,3402,10
27162,27509,10
3402,2374,10
50835,50841,10
18749,50838,10
50838,50835,10
20218,20220,10
33987,23653,10
33988,33987,10
42686,26234,10
25610,42686,10
48296,1372,10
48419,1170,10
18234,18192,10
43275,43277,10
28863,28659,10
48758,44413,10
23113,21394,10
40846,40851,10
16793,699,10
29407,29403,10
40361,40347,10
4774,42431,10
28471,26154,10
42889,40153,10
40153,26609,10
26609,28942,10
28942,41841,10
19472,19899,10
6336,20322,10
41841,41839,10
41839,41963,10
48349,21786,10
38658,48419,10
40347,40349,10
40349,40391,10
20766,20767,10
20767,4201,10
40851,40845,10
52011,52008,10
40852,40846,10
4713,40852,10
47882,43244,10
1837,1838,10
1838,1834,10
1834,1832,10
1832,3114,10
3114,1830,10
1830,2597,10
2597,3933,10
42157,8399,10
8399,7702,10
34905,7890,10
34909,34604,10
3933,3930,10
3930,2395,10
2955,36871,10
36871,1973,10
25095,15351,10
1219,1227,10
51469,39491,10
2258,35649,10
2262,17476,10
17476,16987,10
14101,14092,10
13236,29521,10
41920,27459,10
42665,27446,10
28165,42665,10
1839,1837,10
2846,3050,10
26847,46257,10
27361,42170,10
41836,29212,10
29228,29301,10
29217,29228,10
26915,29217,10
7980,8366,10
25795,26872,10
8366,34976,10
7590,34976,10
41641,26745,10
28059,28057,10
28057,28038,10
28038,28029,10
4634,42541,10
24823,21596,10
36100,1247,10
2087,36099,10
18809,19298,10
20275,20469,10
20469,35005,10
42170,27981,10
26109,42024,10
15925,37002,10
2847,2844,10
2844,2845,10
257,267,10
2845,2846,10
28164,28165,10
3544,1916,10
28156,28155,10
43477,43899,10
52007,52012,10
52008,52007,10
27342,44389,10
43201,27342,10
40422,43201,10
48074,48069,10
22041,48074,10
21889,22041,10
48262,22672,10
23242,23864,10
15359,25073,10
27299,43477,10
43899,43903,10
52009,47006,10
15561,21889,10
40065,40422,10
14819,14839,10
49695,49707,10
43475,49077,10
40421,40065,10
49077,26966,10
27285,28881,10
49974,12946,10
20876,49695,10
4761,43933,10
43934,4713,10
52012,52009,10
5544,47447,10
3234,3949,10
24189,15643,10
17228,1417,10
975,50250,10
24157,42322,10
25126,16396,10
16392,16180,10
25208,24318,10
25282,25252,10
42833,42813,10
42851,42833,10
43895,14419,10
15003,49517,10
27429,44146,10
27365,27346,10
44389,27365,10
22835,77,10
21195,44547,10
1734,3825,10
4671,17557,10
40530,50229,10
16520,16582,10
48113,26122,10
25123,15877,10
23293,16619,10
16816,44336,10
6046,6703,10
47213,8936,10
28155,28164,10
20415,37619,10
13179,13049,10
42963,42960,10
50884,50880,10
50880,50883,10
50542,42908,10
44068,46875,10
44062,44056,10
44056,44054,10
40547,42966,10
42966,42963,10
42960,42957,10
7213,18593,10
42957,42955,10
42955,42953,10
42953,42916,10
42916,42918,10
42918,42911,10
42911,42909,10
42909,42904,10
42904,39818,10
18580,50884,10
18618,18624,10
4675,4838,10
3339,1776,10
19263,40360,10
37203,40359,10
40359,19849,10
5557,40515,10
40515,40517,10
40512,51222,10
20123,20320,10
20840,5549,10
2832,3609,10
18618,18623,10
17902,17867,10
18174,18150,10
18399,18426,10
42405,5020,10
20855,38553,10
18625,18623,10
18599,18609,10
18365,51974,10
39821,42928,10
42928,42941,10
42941,42939,10
3491,17482,10
872,876,10
24584,24443,10
50341,1288,10
51602,51607,10
51607,51757,10
51757,1251,10
1043,1636,10
42991,49323,10
17482,3992,10
42939,42938,10
3992,3065,10
1048,3591,10
17228,1410,10
23494,15492,10
5326,5461,10
5730,5460,10
5423,5366,10
16946,17253,10
876,880,10
880,881,10
881,883,10
815,24480,10
42938,42936,10
42936,40544,10
40544,39822,10
39828,50558,10
11717,10480,10
38766,11717,10
11920,38766,10
21512,21328,10
48122,21512,10
24327,23830,10
24494,24613,10
24613,24611,10
24611,24615,10
24615,50033,10
50033,24327,10
21092,4675,10
24481,24436,10
19862,19263,10
40524,19579,10
20721,3945,10
8230,34619,10
19251,21265,10
21265,21268,10
21268,4184,10
4184,51371,10
51371,4186,10
19885,4187,10
34649,34565,10
34588,8230,10
34619,34589,10
18804,49485,10
354,599,10
26828,25847,10
26820,25846,10
726,51257,10
364,360,10
18779,39149,10
47995,2356,10
3490,2160,10
14299,14295,10
29419,29457,10
29457,29458,10
27861,27841,10
39273,69,10
42991,42989,10
14348,16233,10
42892,24283,10
24283,16115,10
28844,25565,10
46975,28843,10
26087,46975,10
11605,11568,10
27422,29036,10
42524,49002,10
49002,40424,10
40061,48998,10
48998,48999,10
48999,49088,10
27701,27851,10
29221,26852,10
3648,3862,10
1656,49326,10
20422,20841,10
19528,19531,10
18342,18531,10
18313,18342,10
20534,6107,10
6107,6746,10
6746,6763,10
6764,19526,10
19526,37205,10
37205,19528,10
19531,42653,10
4673,38560,10
39147,50110,10
50110,50135,10
50135,19529,10
19529,5947,10
19547,39024,10
39008,47419,10
47419,47437,10
47437,20422,10
48742,39284,10
11347,48742,10
9082,9770,10
9255,11335,10
17227,17229,10
3293,50893,10
50893,41159,10
41159,1482,10
34716,7900,10
7876,8127,10
8125,43849,10
34407,34406,10
34406,44933,10
44933,34800,10
34800,34801,10
34229,34230,10
34230,34231,10
34231,34672,10
9087,39284,10
11334,11337,10
11337,11338,10
21391,21357,10
13059,12889,10
48919,13704,10
44622,48629,10
40616,40614,10
29108,29109,10
21104,18474,10
5912,21187,10
21187,5913,10
5913,17853,10
17853,21213,10
21213,17580,10
43026,34781,10
9301,50167,10
29139,43614,10
23938,23934,10
23929,23942,10
23647,24027,10
24027,24035,10
23081,21944,10
21817,23013,10
8636,10446,10
19054,40616,10
40624,19055,10
40621,40624,10
40617,40621,10
7581,8487,10
8487,8493,10
8493,7566,10
7566,7575,10
7575,7557,10
7557,7559,10
7559,51199,10
15767,16461,10
16471,15767,10
16465,16471,10
16431,16464,10
16426,33886,10
15905,15529,10
24939,486,10
15176,15146,10
15189,15187,10
21013,19434,10
11904,46387,10
50167,11229,10
43879,7588,10
24850,23551,10
34659,34503,10
19183,41147,10
21818,24178,10
24120,24111,10
25081,25123,10
51863,50187,10
23841,23853,10
23853,23856,10
24646,23871,10
11824,47982,10
23860,23855,10
23855,23840,10
37694,47432,10
11904,10595,10
15742,15744,10
16085,16084,10
16086,16085,10
15583,16086,10
34500,34659,10
34498,34500,10
34492,34498,10
34485,34487,10
36133,17505,10
5490,21264,10
37392,37386,10
41293,37392,10
37326,37300,10
24149,791,10
791,24102,10
19361,41673,10
51918,3371,10
5757,19265,10
11604,9544,10
51935,51280,10
51280,51276,10
51276,34476,10
34478,34546,10
34489,34484,10
34484,34485,10
7588,7581,10
35687,11136,10
6623,18072,10
26816,26814,10
41614,41615,10
17767,41614,10
17749,41627,10
28254,28255,10
26907,28254,10
28253,26907,10
28565,28253,10
26814,28565,10
26909,26816,10
12247,28273,10
26840,25818,10
26837,26840,10
26931,26837,10
26930,26931,10
26929,26930,10
43140,26929,10
26907,26827,10
26815,28201,10
41615,41616,10
41616,41617,10
41617,41626,10
41626,41618,10
48080,13597,10
47406,13710,10
29488,13591,10
13727,13113,10
29479,13060,10
13004,13130,10
13130,13056,10
13601,13354,10
37051,13354,10
2563,3870,10
45033,45026,10
45026,45023,10
37801,886,10
9306,9301,10
50687,26659,10
18768,18771,10
41618,6392,10
28273,26815,10
26812,12247,10
10820,10833,10
38285,38283,10
482,460,10
484,482,10
14343,13152,10
14024,14026,10
21507,25113,10
25946,25947,10
25944,25945,10
48114,27623,10
50300,38285,10
40826,26812,10
40549,36041,10
36043,40549,10
40551,36043,10
36044,40551,10
11135,38904,10
10832,10818,10
27534,27531,10
27531,27522,10
460,469,10
469,471,10
50862,8456,10
43628,35011,10
26801,40826,10
40824,26801,10
26792,40824,10
28266,26792,10
37000,778,10
22386,38304,10
24394,48342,10
24939,14947,10
34385,34382,10
34382,34379,10
34379,34376,10
34376,34377,10
34377,34390,10
407,409,10
49504,49640,10
40504,51374,10
51374,10153,10
22441,39273,10
25326,22441,10
24269,42511,10
18493,18494,10
23465,23455,10
47936,49515,10
49515,50899,10
33906,23465,10
15489,33871,10
23429,23426,10
23438,23429,10
18494,38664,10
18492,18493,10
48451,48453,10
21146,18492,10
18490,21146,10
21136,18490,10
21132,21136,10
21130,21132,10
13274,25918,10
49749,49744,10
49744,49756,10
49519,51387,10
23455,23450,10
663,23436,10
25419,35694,10
35914,35911,10
27996,27375,10
27084,27996,10
13358,13306,10
43654,8437,10
14594,29383,10
8059,49565,10
24501,24539,10
42488,49653,10
41890,14482,10
14482,51456,10
50645,14488,10
23099,39128,10
24542,24543,10
24543,24544,10
24545,24546,10
24546,24547,10
49773,48450,10
47845,44888,10
35910,50329,10
15547,15780,10
21379,21599,10
27851,27839,10
21355,21352,10
26810,26826,10
28217,26787,10
16424,41485,10
28999,25580,10
15780,25364,10
15759,15547,10
44888,42460,10
15758,15759,10
15749,15750,10
15748,15749,10
15747,15748,10
44332,27009,10
27010,27007,10
43372,16087,10
48212,25938,10
10163,11234,10
27876,25940,10
27888,27871,10
27543,27539,10
742,727,10
14209,24859,10
44420,29465,10
2093,15233,10
16583,22268,10
877,16583,10
50147,47447,10
39788,39787,10
11302,41224,10
41224,11755,10
11755,37065,10
9636,37257,10
6610,6604,10
15947,22282,10
7766,7718,10
48169,25938,10
41448,40904,10
35911,35910,10
50329,4084,10
15443,15444,10
5570,19858,10
18844,4677,10
5167,18195,10
20122,5565,10
5568,39030,10
39030,49485,10
6064,7029,10
7029,39016,10
39016,49601,10
27654,27276,10
21150,18901,10
27840,44292,10
42495,27875,10
27792,27920,10
27793,25699,10
34049,24168,10
24168,24169,10
27883,27876,10
27865,27883,10
21302,18844,10
35111,21302,10
4894,35111,10
17002,4894,10
44130,44132,10
4090,37236,10
34348,34345,10
35080,1694,10
1694,1695,10
2563,43513,10
265,22235,10
22234,593,10
203,14612,10
16930,38617,10
15828,25124,10
15703,15828,10
51579,5266,10
42177,42183,10
15722,15641,10
4127,1752,10
1752,1758,10
50967,48642,10
18902,18903,10
34776,8274,10
39565,39425,10
27527,43031,10
27514,27171,10
27512,27514,10
27169,27512,10
11939,27169,10
27163,11992,10
49241,11999,10
39425,39424,10
39426,39565,10
18903,18904,10
27281,39426,10
26964,27281,10
39416,27280,10
39417,39416,10
39418,39417,10
39419,39418,10
27298,39419,10
7819,7820,10
39558,27146,10
27190,27523,10
20370,19597,10
19597,20408,10
16063,22608,10
22306,101,10
101,39763,10
39763,23763,10
21690,33890,10
28153,26434,10
29221,35549,10
35549,47431,10
47431,27230,10
39776,28142,10
28142,28144,10
14397,14396,10
16181,25261,10
16397,15812,10
49974,13143,10
20695,18692,10
20408,20695,10
16234,16235,10
15442,15443,10
39758,24269,10
8482,8480,10
18559,18513,10
18513,18531,10
8474,50489,10
50489,8476,10
8476,8477,10
8477,8478,10
8478,8479,10
8479,8482,10
8480,8481,10
4181,20912,10
8481,8483,10
8483,8473,10
41133,39262,10
5678,19873,10
5172,5678,10
4508,5172,10
4503,4508,10
48225,18544,10
18586,18619,10
18560,18586,10
12818,12837,10
24129,50550,10
25594,26326,10
26326,26322,10
26322,11945,10
26312,26305,10
26305,25915,10
25915,25909,10
25909,25910,10
25910,25911,10
25911,48503,10
6705,6706,10
17003,42726,10
48093,43422,10
48948,28638,10
11932,25940,10
25589,25883,10
4735,4742,10
11081,10236,10
21309,46514,10
35894,38450,10
26197,26194,10
4551,41943,10
5750,20126,10
7156,20222,10
4388,7156,10
20000,4388,10
20532,20000,10
41719,19083,10
4974,41942,10
41943,4974,10
4936,4552,10
35893,35894,10
10515,42300,10
10264,49168,10
49168,38834,10
14925,24478,10
24478,24293,10
24293,39270,10
39270,24298,10
24298,39758,10
20126,21287,10
20088,19950,10
40809,16496,10
16520,40646,10
35915,35893,10
1656,47975,10
353,42786,10
12900,14315,10
48864,50747,10
48592,48864,10
49605,48830,10
27809,49563,10
27623,29243,10
270,428,10
428,429,10
15625,25107,10
24755,15625,10
15616,24755,10
24767,15616,10
23289,16619,10
16596,16610,10
27118,25591,10
47922,39624,10
15441,15442,10
26332,48013,10
50691,750,10
751,727,10
732,733,10
50690,750,10
41370,44498,10
44498,16769,10
16608,16510,10
23293,16566,10
48013,25919,10
33894,23493,10
17637,19437,10
26243,26247,10
15781,16075,10
15780,15569,10
48134,16061,10
22067,11119,10
21895,22067,10
23300,23400,10
50693,750,10
50694,750,10
41462,16390,10
41596,16824,10
15440,15441,10
15545,16148,10
41493,44819,10
35179,48840,10
15586,35179,10
15546,15547,10
15545,15546,10
15539,15540,10
17032,2796,10
38546,17032,10
3455,38546,10
3469,17028,10
28191,26895,10
26755,28191,10
43570,26755,10
10334,8943,10
8943,10097,10
23408,23300,10
23448,23459,10
22633,13354,10
25182,50095,10
41133,11206,10
35345,20397,10
1274,1327,10
43594,43592,10
43592,24384,10
24384,24385,10
24385,43591,10
25186,25182,10
50095,50120,10
15884,23429,10
50120,25183,10
25183,25185,10
25185,25187,10
16456,43741,10
43741,16458,10
16458,16459,10
16459,16460,10
16460,16461,10
11206,41395,10
41395,11194,10
11194,11191,10
11191,41394,10
16375,15881,10
25980,26328,10
25597,27585,10
27585,48013,10
23450,23441,10
28142,28123,10
28123,28125,10
42859,13586,10
10884,11746,10
4241,21141,10
11169,11162,10
11254,11169,10
11172,11254,10
11171,11172,10
11178,11171,10
11184,11178,10
41394,11184,10
16824,25332,10
38725,15582,10
12004,43942,10
14468,14469,10
14403,14405,10
34005,35173,10
1482,1501,10
14405,14406,10
14406,14408,10
14408,14468,10
23839,38749,10
14393,29497,10
37245,16202,10
23319,16292,10
43301,23259,10
942,22527,10
15582,15583,10
35886,4108,10
29497,14403,10
14363,14393,10
5039,35390,10
21499,106,10
22122,22123,10
22123,23083,10
21347,21501,10
22560,22561,10
41375,23896,10
22556,22560,10
106,42658,10
50742,21710,10
42658,44501,10
50138,44500,10
44500,23895,10
15650,15458,10
51868,21706,10
21706,50742,10
35931,35886,10
35874,35931,10
35877,35874,10
47905,324,10
5094,5067,10
5021,4936,10
4664,41721,10
41721,19688,10
19688,4818,10
4818,4929,10
532,662,10
23680,24931,10
24240,24238,10
23044,23045,10
23046,23073,10
23073,23054,10
23054,23074,10
36030,1627,10
5164,5094,10
4559,5164,10
4555,4559,10
4554,4555,10
4558,4554,10
5093,4558,10
4577,5093,10
1566,1574,10
43966,35880,10
35880,44964,10
44964,35889,10
35889,35882,10
35882,35890,10
35890,35883,10
35883,35881,10
35881,35878,10
35878,35877,10
23061,22122,10
22201,22124,10
41382,22201,10
49728,49732,10
28560,28220,10
28559,28560,10
17922,6564,10
6564,5821,10
22964,44398,10
49727,49728,10
27792,27795,10
13016,13900,10
27795,27920,10
42495,27791,10
49732,50076,10
50076,49712,10
49712,49724,10
49724,39254,10
28220,28561,10
26773,28216,10
28216,26776,10
26776,28182,10
26784,27498,10
28182,28217,10
16673,21769,10
20912,19178,10
27499,26787,10
27370,25972,10
27994,27995,10
37784,28114,10
34616,8436,10
7333,7330,10
7330,8436,10
8328,10448,10
7680,7686,10
39254,41341,10
23158,22136,10
41379,41382,10
2876,1310,10
49460,10818,10
38851,1384,10
27423,12004,10
43942,43786,10
43786,49160,10
27254,27260,10
6,49170,10
23188,42730,10
41767,38899,10
22071,6,10
41866,41865,10
41865,41768,10
41768,48479,10
48479,41379,10
47997,18459,10
5622,44342,10
22373,49209,10
23846,23658,10
23849,23846,10
23863,23849,10
6951,40283,10
22204,22237,10
23060,22204,10
23155,23060,10
23059,23155,10
41867,23059,10
23174,41867,10
23173,23174,10
23172,23173,10
23170,23172,10
41767,23170,10
35390,5040,10
7687,7680,10
23847,23850,10
6197,19431,10
28855,47079,10
47079,25580,10
48446,25563,10
19900,20601,10
50473,13339,10
48014,39624,10
25563,26067,10
19431,21173,10
23850,23862,10
21853,26654,10
23862,16036,10
20601,20599,10
21152,6197,10
26009,28855,10
4010,1140,10
1140,4027,10
4027,1143,10
20600,20415,10
23848,23847,10
20599,20600,10
34112,23848,10
39624,48446,10
23152,21987,9
17918,17908,9
24096,23666,9
49552,24717,9
18051,20479,9
17650,48958,9
48958,17589,9
21412,24096,9
43521,22966,9
8365,7935,9
21809,21815,9
17908,17902,9
14237,14219,9
14232,14237,9
14231,14232,9
14256,29495,9
27714,27689,9
27840,26853,9
41894,35308,9
20089,18995,9
12823,13206,9
20711,20712,9
47946,47945,9
49880,48061,9
48516,49880,9
26853,27885,9
48810,48516,9
18022,18005,9
17589,48810,9
20740,4763,9
23731,24123,9
13362,49212,9
8457,8458,9
48253,48250,9
34217,25058,9
44826,48253,9
7191,44826,9
24265,24782,9
24782,22418,9
23087,24768,9
22418,23777,9
24775,24668,9
24668,15631,9
15861,22376,9
22376,22377,9
22377,33994,9
33994,34047,9
6916,6917,9
17227,1456,9
48250,40487,9
20881,17650,9
40487,40490,9
47923,20881,9
8636,9048,9
43520,23731,9
47156,47923,9
25058,34217,9
47114,47156,9
48801,47114,9
49057,48801,9
6470,18162,9
6469,6470,9
6468,6469,9
6467,6468,9
49871,48517,9
48062,49871,9
40490,17611,9
14219,14218,9
5766,5767,9
5684,5692,9
41293,37380,9
36134,4223,9
21291,36134,9
7216,5616,9
13274,23418,9
26628,26405,9
18940,19985,9
19985,18946,9
37380,37376,9
6339,19673,9
49387,12823,9
18946,18947,9
18947,20073,9
1705,4004,9
1153,1162,9
20073,20089,9
25419,23419,9
19673,18940,9
1249,51258,9
28641,27911,9
18510,6249,9
6249,18507,9
20227,18470,9
18454,18416,9
23169,22255,9
25464,41960,9
48129,46230,9
3532,2374,9
6249,37180,9
2373,2358,9
44760,25469,9
26517,44760,9
18599,18618,9
12931,12937,9
18624,6096,9
13801,13844,9
13805,13804,9
47929,25938,9
27910,26567,9
5683,5684,9
6363,6365,9
27866,27887,9
12063,25926,9
5338,5311,9
5310,6372,9
27868,27866,9
6354,5681,9
5681,6363,9
6365,6367,9
26211,27414,9
6367,5691,9
5691,5765,9
5765,5766,9
6917,19684,9
5767,5682,9
41354,2566,9
2566,3816,9
26206,26211,9
27414,26216,9
26567,27880,9
24442,24440,9
27880,27802,9
12008,27520,9
27520,27533,9
39348,27176,9
27176,27173,9
11990,47835,9
1656,48340,9
41132,11239,9
11829,9731,9
10776,10587,9
19349,19350,9
19350,19351,9
19351,19352,9
18568,6139,9
11628,11568,9
9731,11605,9
18505,18546,9
51499,24435,9
19684,19686,9
49170,15372,9
41314,41316,9
137,132,9
41316,23024,9
23024,23025,9
23026,22130,9
22130,23035,9
132,21597,9
8132,34703,9
23071,41314,9
22086,15267,9
27945,11962,9
35724,15336,9
12756,12596,9
29047,12756,9
27903,27812,9
27812,49414,9
14811,137,9
145,21375,9
19686,7182,9
2791,2947,9
3058,2998,9
3057,3058,9
3056,3057,9
3059,3056,9
3554,3059,9
2793,3554,9
2947,2793,9
3323,2791,9
49004,145,9
17409,3323,9
21604,21616,9
21616,21615,9
21615,150,9
150,149,9
149,966,9
966,49004,9
6057,38800,9
38800,51195,9
51278,51935,9
35673,2881,9
19467,4540,9
35631,3803,9
2964,2232,9
2470,35638,9
35638,35639,9
35639,35640,9
35640,35673,9
2881,2228,9
51279,51278,9
2228,2227,9
2227,49158,9
36051,4075,9
60,16249,9
25013,60,9
41375,23894,9
24466,106,9
43973,4722,9
4733,43973,9
15600,15601,9
23734,21338,9
11224,11146,9
37044,42472,9
34497,51621,9
34488,34497,9
24405,830,9
830,14603,9
2955,3468,9
3468,41118,9
41118,40907,9
40907,3328,9
3328,2045,9
3817,3971,9
36859,37043,9
2052,3840,9
15450,15600,9
2998,2785,9
2785,3553,9
3553,3001,9
35734,41178,9
8948,10335,9
27894,27891,9
27891,27890,9
27890,27745,9
27745,27739,9
48204,26808,9
37507,35734,9
27739,27737,9
1910,1930,9
27737,27659,9
41175,39312,9
9820,8947,9
17721,17684,9
49665,14720,9
21851,10894,9
10894,11051,9
21696,24663,9
20385,6105,9
10455,10474,9
25974,44018,9
7182,7184,9
39991,19148,9
19148,39996,9
41937,50037,9
19676,19677,9
37050,13246,9
33963,51499,9
35347,19676,9
22261,69,9
332,24920,9
17706,19127,9
16131,16132,9
16132,16133,9
1187,1207,9
16133,16134,9
11090,41663,9
41175,35730,9
3001,2787,9
153,152,9
16289,23844,9
23844,25404,9
23534,15988,9
21602,21601,9
35713,21420,9
21420,21611,9
21611,153,9
2688,3824,9
35730,7827,9
2691,2688,9
3728,2691,9
43341,3728,9
43342,43341,9
3550,43342,9
2788,3550,9
2787,2788,9
41679,22252,9
27659,27660,9
21061,4479,9
2220,43021,9
37507,35735,9
35735,7825,9
7825,35729,9
35729,7717,9
41662,11091,9
24481,24440,9
8070,8437,9
7813,8070,9
7938,7813,9
51962,19427,9
18440,51962,9
5892,19725,9
38966,42825,9
42825,2976,9
43018,1586,9
18561,6249,9
16094,24830,9
23168,23169,9
20460,19537,9
24167,34085,9
13499,13519,9
12910,29479,9
26686,26683,9
39708,39706,9
44442,17991,9
17961,44442,9
34369,34367,9
34367,35492,9
35492,34801,9
34810,34353,9
34353,34800,9
6553,17961,9
43067,42188,9
43068,43067,9
43137,43068,9
46429,43137,9
21986,25396,9
25396,21976,9
21976,21317,9
15904,26632,9
13419,13427,9
18177,19381,9
21126,4532,9
18864,18177,9
6517,18864,9
12836,13263,9
15096,15904,9
15431,15435,9
39706,39704,9
6518,6517,9
6514,6518,9
6513,6514,9
21798,22935,9
10110,10166,9
39703,6513,9
39704,39703,9
43570,46429,9
49707,49696,9
26727,26889,9
19576,19577,9
47145,20917,9
15115,780,9
11414,10649,9
22760,24826,9
47917,22760,9
15562,47917,9
44666,15553,9
6080,20196,9
23355,1031,9
20196,20197,9
20197,20198,9
20198,20242,9
20242,20243,9
20243,20459,9
20459,20610,9
20610,19566,9
23400,35281,9
44741,11422,9
20876,20628,9
18787,6905,9
26704,26710,9
20628,20465,9
20618,7283,9
47840,26659,9
7002,20702,9
18786,6913,9
6913,18787,9
6905,19463,9
11329,44741,9
19463,6904,9
6904,6972,9
6972,19461,9
19461,6909,9
11335,11331,9
1197,1191,9
11331,11329,9
10836,10840,9
10839,10837,9
10840,10839,9
355,14676,9
44628,42426,9
44627,44628,9
5066,41715,9
25691,25693,9
6969,20414,9
344,345,9
14676,628,9
19932,20709,9
51398,43101,9
27532,27481,9
20709,20710,9
48578,49306,9
49605,48864,9
49741,49632,9
20078,20075,9
20075,20076,9
42426,51398,9
43101,50949,9
20076,18948,9
39482,39498,9
13032,14477,9
37324,37290,9
18193,21286,9
37290,38643,9
11233,11289,9
9429,10626,9
10626,10588,9
44229,27249,9
35363,4832,9
19879,20319,9
20319,19549,9
44231,44229,9
43094,44231,9
50949,43094,9
12042,41030,9
41714,35363,9
374,351,9
18948,18945,9
43442,43434,9
432,43603,9
50264,315,9
315,313,9
313,312,9
312,38673,9
302,304,9
43604,43746,9
43746,432,9
41163,43805,9
38118,356,9
43805,43795,9
43795,43705,9
43705,43804,9
43804,41171,9
9008,9019,9
11282,11273,9
11273,11281,9
42546,50264,9
19677,19678,9
18945,18938,9
4099,44719,9
38508,4093,9
4093,37231,9
37231,4094,9
18938,18939,9
18939,6341,9
4098,37230,9
37230,4099,9
4090,37237,9
21287,21294,9
37237,4091,9
4091,38508,9
6341,5280,9
34582,34583,9
34583,34584,9
34584,41248,9
34567,34568,9
19705,20460,9
19537,19706,9
23057,23168,9
19706,50923,9
39973,39965,9
39965,7243,9
7243,6566,9
6566,6570,9
6570,6569,9
6569,7240,9
7689,7326,9
7326,8030,9
44678,16976,9
44676,44678,9
44677,44676,9
49879,44677,9
22237,22238,9
19939,19941,9
19941,4364,9
4364,19943,9
19943,19945,9
39705,39709,9
44443,39705,9
6557,44443,9
15384,21359,9
21614,21413,9
21413,21383,9
21385,15402,9
23164,22194,9
22194,22195,9
22195,22196,9
14245,14236,9
14236,14219,9
6556,6557,9
29394,14218,9
29424,39132,9
4673,4532,9
50258,18383,9
8423,7902,9
6554,6555,9
6555,6556,9
19945,19947,9
7240,18251,9
22368,22016,9
18601,18625,9
9048,15884,9
388,390,9
42199,19842,9
7023,18627,9
323,805,9
18578,18591,9
20737,42199,9
383,388,9
390,395,9
23198,23199,9
25040,23198,9
24833,25040,9
24830,24829,9
37279,29318,9
22151,22152,9
22154,22162,9
18893,17675,9
11470,10754,9
19949,19447,9
28651,49414,9
46399,46377,9
23033,23034,9
14348,2534,9
1296,19799,9
43254,11456,9
13206,48415,9
21696,22315,9
7234,18234,9
7771,8467,9
34462,34463,9
18234,19381,9
18859,18860,9
18859,17922,9
41960,28916,9
24714,22136,9
27839,27859,9
21411,21614,9
21410,21411,9
21406,21410,9
34602,34601,9
34492,34494,9
34468,34546,9
50688,26659,9
25506,25527,9
26438,28194,9
34601,35509,9
13269,13488,9
40418,40378,9
20237,20236,9
44245,38920,9
44295,44245,9
26641,26640,9
28517,26641,9
40367,44295,9
40363,40367,9
50478,10775,9
41675,18121,9
18627,18604,9
16289,27899,9
42200,6762,9
50923,39741,9
6080,19765,9
19831,42196,9
42196,6765,9
6765,42192,9
42192,37606,9
37606,42200,9
6762,42197,9
18604,7214,9
42197,20534,9
38357,40438,9
40438,19767,9
19767,38356,9
48141,2356,9
19323,40358,9
42592,36035,9
24237,14297,9
38643,39260,9
21405,21406,9
2496,2108,9
29199,40063,9
23163,23164,9
18192,18169,9
18169,6554,9
40211,4750,9
22256,15343,9
38965,18445,9
21191,18448,9
27441,25971,9
3234,1948,9
44926,15210,9
35724,16896,9
16896,134,9
133,22091,9
22091,23108,9
21374,21405,9
25971,27375,9
24281,40885,9
20534,6742,9
9946,51374,9
34158,6718,9
22193,23162,9
23162,23163,9
48131,26659,9
9938,9939,9
29243,12408,9
51374,9938,9
9048,11593,9
25969,27441,9
44440,17969,9
17969,42151,9
19889,20214,9
19381,18192,9
43750,26849,9
4656,41876,9
50024,20739,9
106,128,9
50001,16131,9
11281,10837,9
8360,8361,9
40555,38307,9
38307,38306,9
16051,25154,9
15192,24891,9
24891,24892,9
24892,24893,9
24893,15198,9
15198,15200,9
15200,15194,9
25154,16049,9
25512,25490,9
15677,23260,9
25116,15394,9
22713,35326,9
16846,22713,9
23530,23531,9
40426,25512,9
23529,23530,9
22299,23529,9
15194,15189,9
38157,8365,9
8350,8429,9
38874,8350,9
8362,38874,9
8361,8362,9
41367,40555,9
37216,39359,9
39359,37214,9
39421,39364,9
25490,28918,9
37729,51199,9
28232,40151,9
28915,29203,9
44001,50726,9
1595,1599,9
15640,15846,9
50340,50338,9
50338,50335,9
50726,25709,9
50335,40566,9
12406,39421,9
41722,4518,9
15492,23453,9
24381,24383,9
24383,22576,9
40566,39733,9
39733,15674,9
25423,23494,9
23460,25423,9
23436,23460,9
11081,23418,9
7444,11081,9
27598,26427,9
48120,359,9
8359,8360,9
3920,1437,9
38878,8359,9
34018,22322,9
42,24274,9
24290,42,9
24288,24290,9
24477,24288,9
39269,24477,9
24475,39269,9
41855,49050,9
35312,4501,9
4501,18359,9
12089,12088,9
18359,4701,9
4701,4859,9
19616,4479,9
5219,5265,9
5265,5264,9
2619,2038,9
2030,2619,9
5264,5481,9
2619,2035,9
2037,2619,9
5481,5482,9
5482,40002,9
21061,21048,9
1396,1358,9
22322,24836,9
486,481,9
24836,34019,9
21141,21152,9
43826,38878,9
15181,15192,9
34873,43826,9
8357,34873,9
8356,8357,9
26415,27654,9
17808,6541,9
6881,6879,9
36910,979,9
6541,17815,9
17815,17818,9
25074,25073,9
15555,15556,9
1274,1708,9
34685,7873,9
8399,34685,9
9048,11289,9
47846,25938,9
1708,1327,9
4504,41935,9
4811,4504,9
5016,4811,9
4624,5016,9
40878,4761,9
42620,1595,9
20769,40495,9
34652,51149,9
47102,21633,9
34592,34595,9
47884,41853,9
41853,40098,9
40098,40159,9
34146,35743,9
11576,11739,9
10263,9820,9
40159,40099,9
40099,41849,9
41849,41850,9
37290,37324,9
38643,37290,9
41850,42163,9
42163,41851,9
37294,37300,9
42905,50556,9
37304,37302,9
24245,24247,9
7444,7543,9
43355,4977,9
4931,43356,9
41851,26349,9
50736,26846,9
4533,5096,9
23142,871,9
26334,25472,9
37300,37294,9
18004,41716,9
28071,27510,9
10021,11456,9
10163,41137,9
18249,7241,9
14440,14442,9
14442,14441,9
43156,19457,9
19457,43156,9
37296,37304,9
14432,14431,9
14431,43895,9
37362,42417,9
4222,18008,9
26171,37420,9
34147,34146,9
13226,48640,9
13259,13689,9
51529,13259,9
16144,16145,9
16145,16146,9
16146,16162,9
26336,25486,9
25486,42162,9
42162,26334,9
19467,4936,9
21596,47102,9
872,22793,9
1437,3918,9
48481,10236,9
25655,25668,9
25668,26238,9
26238,28694,9
899,850,9
34608,34605,9
24695,24680,9
51115,1600,9
39271,22027,9
41605,49421,9
6567,6565,9
29140,29141,9
1348,1695,9
12670,29077,9
26615,27805,9
27805,26601,9
26601,26605,9
15418,15420,9
6565,6568,9
6568,39973,9
39420,27298,9
39364,39420,9
2972,42620,9
41720,4961,9
5037,43354,9
4818,4936,9
896,899,9
26235,25655,9
25631,26235,9
19328,19331,9
22793,896,9
29403,29450,9
47908,19468,9
17600,19330,9
1757,41123,9
41127,41121,9
41121,43968,9
43968,43965,9
43965,43964,9
1741,1600,9
19330,19328,9
679,14598,9
26231,25631,9
10792,8466,9
15220,679,9
48089,15746,9
23158,22189,9
15218,15220,9
39184,42687,9
22189,23185,9
42687,25619,9
23185,24713,9
14044,13345,9
25619,26231,9
34509,23129,9
27589,39498,9
3693,17402,9
5021,4664,9
24132,786,9
22219,22213,9
24145,21868,9
1333,1707,9
22405,49991,9
22292,51152,9
23713,23551,9
41780,22182,9
4664,4552,9
43614,41541,9
39175,16557,9
49241,27175,9
1361,1333,9
14594,727,9
4936,5067,9
13841,13839,9
128,44501,9
24790,34128,9
29342,14039,9
7032,20920,9
27175,27479,9
29371,14594,9
24146,34090,9
49989,24986,9
21809,22181,9
24131,23717,9
51318,5758,9
5795,5797,9
6392,18760,9
5797,5796,9
22131,22062,9
23158,22131,9
5796,5799,9
5799,5798,9
25838,49392,9
23051,23052,9
23038,23051,9
22238,23036,9
44903,46494,9
19127,5892,9
42280,44903,9
15701,15504,9
17902,6478,9
43159,42280,9
41541,43159,9
22197,22238,9
19385,21156,9
886,887,9
24575,34103,9
4927,4540,9
25328,29342,9
42182,41300,9
42433,5114,9
5114,37041,9
4878,5145,9
47925,4635,9
20152,50389,9
34662,8192,9
37041,35393,9
51717,34487,9
3320,3500,9
3301,3317,9
948,22288,9
1249,35633,9
35567,2519,9
2518,35567,9
35393,5808,9
50603,10775,9
2517,2518,9
1340,17269,9
2904,16958,9
38333,25163,9
35471,5048,9
41300,24711,9
48800,50941,9
13867,13880,9
6757,6758,9
14472,29339,9
22465,24575,9
33995,24790,9
2573,2092,9
14165,14166,9
14955,42815,9
47003,14966,9
37396,37394,9
5094,4936,9
43352,19693,9
38332,38333,9
17989,6573,9
44763,21497,9
34487,34488,9
18803,4171,9
43130,43352,9
50505,24854,9
24648,25120,9
1396,17269,9
14017,14014,9
18703,42400,9
5794,5795,9
51148,34537,9
17639,51318,9
22116,25137,9
41453,8935,9
46494,44917,9
41722,4930,9
5483,5484,9
44917,44920,9
44920,26696,9
11208,43367,9
43774,12004,9
15003,15035,9
1243,17223,9
26800,26796,9
26805,26800,9
17223,17269,9
41133,11208,9
4540,43130,9
34408,34806,9
51717,34482,9
34482,34476,9
34478,34632,9
34985,42757,9
40002,5483,9
17268,2872,9
37360,37356,9
7692,44073,9
23885,24755,9
37302,37352,9
2809,3693,9
27134,27375,9
22849,3,9
5488,5489,9
24407,14730,9
7559,42662,9
42662,7561,9
8750,46254,9
21248,21243,9
7935,51159,9
35325,23617,9
28195,41643,9
48015,48042,9
23217,50065,9
48939,48938,9
26825,12247,9
40797,848,9
24544,24545,9
51469,48015,9
5793,5794,9
34059,73,8
6762,6761,8
23860,23854,8
26936,26938,8
38886,34722,8
40406,40413,8
41272,19298,8
73,24328,8
40413,41281,8
8168,8170,8
8157,42696,8
5196,5195,8
5304,5196,8
24447,24242,8
5131,5132,8
13599,12858,8
34120,34121,8
41281,41279,8
5175,4958,8
5187,5191,8
5191,5173,8
27852,26409,8
26839,26835,8
24242,24248,8
8073,38149,8
4346,18984,8
34727,8168,8
5173,5304,8
36782,11235,8
8475,50488,8
18984,34307,8
34307,20290,8
22489,22771,8
40392,40389,8
40394,40392,8
6359,5502,8
38834,44803,8
50638,8056,8
40402,40394,8
40414,44207,8
40403,40402,8
6358,6359,8
44294,40403,8
827,37803,8
5814,6358,8
68,22489,8
23682,24930,8
40391,44299,8
43,68,8
71,43,8
40359,40361,8
203,23682,8
40357,40359,8
44207,41280,8
34031,71,8
24328,34031,8
41280,44205,8
5132,5147,8
34119,34120,8
24448,24447,8
27869,27660,8
28174,26821,8
41277,41270,8
4226,4222,8
7328,50638,8
34056,34057,8
40381,6000,8
34064,34056,8
8436,7329,8
10084,29342,8
24279,42852,8
7681,34616,8
41276,40381,8
41270,41276,8
47877,19486,8
44202,6002,8
15533,16657,8
39567,44315,8
26825,37807,8
24087,22396,8
34176,22716,8
39532,39567,8
41275,44202,8
99,34176,8
40415,40410,8
6015,41277,8
6014,19325,8
6013,6014,8
39761,99,8
4658,41978,8
40378,44247,8
44247,41275,8
40410,6013,8
17888,20224,8
34057,48077,8
24087,34180,8
34002,14609,8
37807,29015,8
29015,28199,8
5147,5133,8
16820,25091,8
27867,27869,8
34121,34000,8
28233,28234,8
37201,20608,8
6712,6713,8
20769,6712,8
44926,15278,8
5133,5134,8
15278,23122,8
38393,21588,8
40362,18814,8
37,34059,8
41261,25809,8
41279,40415,8
40366,40362,8
19296,40414,8
24169,44685,8
25942,25947,8
40374,44208,8
39279,34058,8
34000,34002,8
19308,40374,8
48077,39279,8
28234,26763,8
18809,41272,8
44208,40366,8
41278,40384,8
35,24785,8
43551,43554,8
12985,12905,8
41134,35569,8
48481,43297,8
12067,12201,8
12394,12067,8
473,461,8
470,473,8
474,470,8
488,474,8
490,488,8
476,490,8
43548,43539,8
43550,43548,8
6136,43550,8
4095,4132,8
20082,20081,8
20081,4375,8
4375,4372,8
4372,20088,8
12905,13801,8
35569,35570,8
35570,41076,8
15835,15803,8
16055,16053,8
16788,16789,8
41784,18103,8
18103,7048,8
4133,16930,8
15813,15868,8
6910,19460,8
19458,6910,8
41075,35571,8
7290,6551,8
2,24838,8
41076,41075,8
16137,38652,8
28656,27464,8
16390,16354,8
6882,20641,8
25299,16542,8
20205,20082,8
43554,6136,8
6111,43551,8
28144,28130,8
19948,19946,8
7325,38148,8
20151,35580,8
40632,40631,8
3886,3891,8
44503,28294,8
12342,44503,8
3885,1764,8
38658,42987,8
49662,38658,8
36080,36037,8
16122,16238,8
15649,16120,8
19936,4360,8
12876,12829,8
12824,12876,8
36541,13632,8
44317,21769,8
4360,19934,8
19934,19932,8
4484,40677,8
21073,43532,8
43532,43533,8
19938,19936,8
19946,5215,8
5215,19942,8
6113,6111,8
19942,4362,8
43534,6110,8
43530,43534,8
4362,19940,8
19940,19938,8
21073,43530,8
43533,18579,8
43545,43547,8
6135,43545,8
43544,6135,8
43543,43544,8
43542,43543,8
43541,43542,8
43540,43541,8
18579,43540,8
27528,44859,8
27193,27192,8
27143,27193,8
19460,19466,8
25138,15351,8
15972,25190,8
25190,25188,8
25188,8448,8
51353,51343,8
50965,39214,8
51343,51299,8
51299,51269,8
40386,18812,8
16054,16052,8
44850,2581,8
44300,44296,8
44296,41278,8
40384,40390,8
40390,40388,8
40388,40393,8
40393,44203,8
44203,40407,8
40407,40404,8
8013,7721,8
40385,40386,8
19831,6763,8
8012,39725,8
25840,28614,8
40389,40385,8
34853,34839,8
34839,34854,8
34854,8008,8
8008,34855,8
34855,34856,8
34856,8012,8
4169,6762,8
6764,6765,8
27886,27862,8
39725,8010,8
24534,24535,8
27864,27844,8
27844,27654,8
8010,8011,8
6765,4169,8
8011,8013,8
40404,40406,8
19310,40348,8
19189,6382,8
16052,16055,8
44236,44238,8
6758,6759,8
21769,15897,8
47975,1141,8
27527,27526,8
27526,28087,8
44240,44236,8
3160,44240,8
28087,28081,8
44238,43433,8
28081,43349,8
42810,18788,8
6912,6914,8
19870,6912,8
19462,19870,8
27481,27143,8
19465,19462,8
19466,19465,8
45005,1548,8
43433,49037,8
2756,44850,8
48506,42777,8
35648,37466,8
35956,35648,8
19200,19189,8
35652,35956,8
270,48505,8
23920,44303,8
19886,19200,8
7106,19886,8
4188,4189,8
49037,35695,8
3011,35652,8
17245,1516,8
1525,17245,8
1527,1525,8
1537,1527,8
1540,1537,8
1547,1540,8
1548,1547,8
49388,8241,8
3727,43343,8
5129,5131,8
38110,16107,8
1043,1041,8
24850,14600,8
38994,13246,8
25945,25946,8
10319,10062,8
16582,14594,8
50483,27894,8
21080,21074,8
4261,19380,8
16123,15651,8
16122,16123,8
23222,38110,8
47949,19713,8
16235,15457,8
15455,15653,8
15447,15448,8
15446,15447,8
15445,15446,8
15444,15445,8
15615,15378,8
8441,8107,8
44817,44815,8
27114,28020,8
44819,44817,8
15993,23493,8
44099,1057,8
16087,25399,8
28029,27986,8
28102,12615,8
28111,28102,8
16003,16002,8
44851,35945,8
35945,2862,8
48052,25938,8
2862,35647,8
27544,27542,8
23208,16147,8
35647,3012,8
3145,51493,8
27361,28043,8
28043,27997,8
27997,28040,8
28040,42171,8
42171,28053,8
51493,44241,8
28053,28059,8
44241,44237,8
44237,44235,8
44235,44239,8
44239,3161,8
22820,23908,8
28020,27112,8
27112,27378,8
48840,41493,8
27959,27955,8
16365,16360,8
16367,16365,8
48517,48883,8
23365,16367,8
16274,23365,8
48883,17586,8
17586,48987,8
48987,46902,8
46902,47069,8
47069,47024,8
47024,48086,8
48086,49031,8
7873,34686,8
34686,8399,8
8399,42150,8
11092,41495,8
41137,11469,8
11469,38551,8
38551,9879,8
11539,9250,8
9250,9440,8
8146,7819,8
27885,50483,8
27955,27343,8
6775,6774,8
27378,27410,8
6774,6773,8
15547,15548,8
15541,15542,8
15540,15541,8
41485,15539,8
41489,41829,8
27410,27089,8
27367,49417,8
3452,3325,8
17136,3452,8
17026,17025,8
17029,17026,8
3457,17029,8
17030,3457,8
3456,17030,8
17033,3455,8
3309,17033,8
17028,3309,8
3449,17137,8
3035,3449,8
1792,3035,8
27458,27951,8
27351,27957,8
27957,27959,8
8035,8366,8
23143,884,8
1007,23143,8
42175,29002,8
21427,35711,8
6016,37613,8
38915,6016,8
21382,21426,8
37614,38915,8
37615,37614,8
37616,37615,8
20643,37616,8
21378,21382,8
34306,20643,8
50058,23894,8
35287,50058,8
34029,35287,8
37617,34306,8
23859,34029,8
11424,44691,8
16645,25174,8
25174,25176,8
25176,25178,8
25178,25180,8
16274,16360,8
18041,37617,8
37618,18085,8
1208,4029,8
42498,42175,8
37001,39842,8
3956,3934,8
1733,2342,8
2689,1733,8
1734,2689,8
48499,598,8
48079,3368,8
42455,39789,8
39791,28841,8
28841,27571,8
39174,16557,8
27571,48524,8
39775,27859,8
3933,2395,8
16629,16607,8
39174,16629,8
43343,2875,8
2875,3545,8
3545,3546,8
3875,3933,8
3546,2789,8
2789,2790,8
2790,17409,8
37662,13246,8
3900,3875,8
15946,39840,8
2053,2051,8
36334,9048,8
16056,25166,8
2563,1372,8
5709,5711,8
25166,16270,8
16270,16271,8
16158,16159,8
16271,16339,8
28670,28999,8
25579,28670,8
16339,16389,8
16389,16223,8
5520,37618,8
24355,836,8
841,24355,8
24353,841,8
846,24353,8
20832,5988,8
26109,26111,8
16223,16285,8
5988,19493,8
15757,15758,8
15756,15757,8
15755,15756,8
15753,15754,8
1372,4122,8
25322,25324,8
2620,2570,8
6355,6356,8
20606,19345,8
20605,20606,8
5996,20605,8
15808,16384,8
15208,15277,8
15270,15208,8
872,877,8
49975,12990,8
16606,16496,8
16496,16514,8
6058,19744,8
19744,19483,8
19483,19484,8
19484,19485,8
19485,34308,8
34308,19742,8
19742,19743,8
19743,4230,8
14928,24980,8
19873,4958,8
5187,5677,8
16057,16056,8
5677,19606,8
47945,47949,8
19713,40489,8
5128,5129,8
4931,4961,8
39487,43476,8
16972,6845,8
6845,20484,8
49879,44674,8
44674,16968,8
47184,16521,8
48182,19489,8
19489,19785,8
48184,5017,8
34653,34580,8
43902,39490,8
12625,12626,8
40489,40488,8
5532,51336,8
20907,5532,8
20908,19155,8
7755,7743,8
7743,8316,8
8316,7725,8
51310,20908,8
20904,51310,8
20900,20904,8
19728,20891,8
8071,8039,8
19173,20913,8
47853,26660,8
47944,18459,8
25315,25316,8
6218,6219,8
6219,20975,8
20975,6220,8
5121,5124,8
41370,16885,8
6220,18238,8
5124,42311,8
21744,34346,8
34431,51149,8
51148,34541,8
42311,5125,8
34180,34183,8
5125,5127,8
44373,8463,8
8463,7619,8
4000,3536,8
50407,50403,8
26639,26693,8
2342,3727,8
14497,22235,8
48282,492,8
27522,27799,8
25314,25315,8
19785,19786,8
19786,20032,8
20032,34309,8
28143,39790,8
39793,39776,8
44943,44290,8
29401,29383,8
4333,20816,8
21429,21430,8
21428,21429,8
164,21428,8
163,164,8
21602,163,8
21606,21376,8
47955,21369,8
15964,15963,8
44145,27364,8
5194,40211,8
5171,5194,8
4933,5171,8
5306,4933,8
4934,5306,8
27364,27433,8
48069,39757,8
4803,4934,8
5502,6360,8
5127,5128,8
28144,28143,8
21430,21593,8
24859,16491,8
3224,3294,8
8073,8368,8
34771,42971,8
34767,34771,8
27222,27240,8
27226,27222,8
28693,27226,8
35548,43525,8
47428,35548,8
12750,47428,8
41084,42679,8
42679,42577,8
35821,3253,8
10820,49436,8
35707,176,8
21672,35707,8
21432,21672,8
21593,21432,8
2836,2058,8
4579,5917,8
1889,2852,8
2852,3444,8
3444,2854,8
2854,3224,8
18261,6218,8
6217,18261,8
20976,6217,8
46712,27416,8
19702,6715,8
15834,16220,8
12341,27142,8
14209,14227,8
29473,29440,8
49638,40289,8
39424,27297,8
26620,26633,8
26625,28527,8
28527,44689,8
40289,40287,8
40287,21236,8
27297,39423,8
44689,26619,8
26619,26629,8
39423,39365,8
39365,39422,8
26629,26623,8
27564,28120,8
28120,28130,8
28589,27564,8
27579,51495,8
48030,44290,8
16363,44367,8
49622,49638,8
28126,28142,8
26248,26246,8
40488,40486,8
40486,48254,8
48254,48251,8
48251,48252,8
48252,7191,8
12750,27236,8
43088,42031,8
43087,43088,8
6356,6354,8
16958,17223,8
8328,43849,8
4678,20740,8
43147,4676,8
36865,8328,8
36864,36865,8
36847,36864,8
8185,36847,8
8413,8185,8
36859,42472,8
12019,26363,8
26363,26361,8
4507,43147,8
26361,26248,8
39793,28126,8
21236,21238,8
36024,36027,8
320,318,8
4879,5036,8
18443,18446,8
15219,15218,8
44257,12978,8
48644,13374,8
13379,24081,8
25266,48561,8
24081,24079,8
24079,24050,8
24050,24048,8
5036,5119,8
27519,27191,8
13135,14004,8
27146,28083,8
7747,49386,8
16195,49969,8
49969,16412,8
24048,24019,8
24019,24016,8
330,532,8
733,40646,8
40650,16514,8
11746,8899,8
8503,34436,8
13758,14564,8
4838,4860,8
1704,1275,8
4150,4507,8
21186,5085,8
51393,21186,8
18446,43142,8
18414,19392,8
27602,40423,8
39249,39415,8
1409,1411,8
28349,51495,8
27581,28347,8
39415,37212,8
27666,27581,8
28598,39564,8
27665,27666,8
37212,37213,8
37213,39362,8
37685,29310,8
100,34007,8
39362,37215,8
37215,48607,8
39361,48800,8
27791,27896,8
13221,13758,8
50403,44564,8
22826,34175,8
25587,25588,8
23830,24601,8
6465,5829,8
49283,22372,8
24980,24926,8
16205,22099,8
24926,14907,8
13070,13133,8
39962,13004,8
44339,22839,8
44336,44339,8
29350,41660,8
21361,24095,8
24095,21398,8
9035,21589,8
23809,16252,8
16252,25012,8
38373,38367,8
38375,25378,8
25378,53,8
53,37092,8
37092,38391,8
13269,13481,8
18559,7210,8
7210,18557,8
18557,18565,8
18565,18576,8
18576,18582,8
18582,35294,8
35294,18572,8
18572,18581,8
24623,50065,8
24575,23617,8
37101,24575,8
47238,49716,8
24614,24612,8
2087,17499,8
24612,24495,8
38267,38286,8
24495,24491,8
11488,11490,8
11674,11488,8
38286,17237,8
17381,1216,8
49735,49727,8
16754,22849,8
25120,23863,8
49716,49735,8
35989,47238,8
37098,37101,8
24494,24495,8
24495,50072,8
50072,50819,8
50819,48893,8
48893,50820,8
50820,50012,8
4036,17213,8
50012,24491,8
14166,14369,8
24327,50017,8
50017,50011,8
23038,35989,8
50054,37098,8
18581,18587,8
18587,18595,8
18595,18589,8
19774,20852,8
43012,43010,8
3675,2641,8
2641,3676,8
20684,20640,8
3676,2642,8
2642,2643,8
2643,3664,8
20576,20681,8
42597,20576,8
20577,42596,8
20477,20570,8
20376,20477,8
20852,20376,8
43010,43008,8
20684,42605,8
43008,43006,8
43006,43004,8
43004,43002,8
43002,17271,8
14485,13144,8
35407,3000,8
3000,1097,8
2528,1915,8
43512,42314,8
17477,42992,8
42992,2979,8
2979,42585,8
42585,42982,8
42598,20681,8
1666,43012,8
27579,27254,8
28658,27346,8
18409,7152,8
7152,50685,8
27248,27579,8
27245,27248,8
46476,27245,8
44391,46476,8
1003,24393,8
24400,1003,8
14338,48415,8
1282,51602,8
14445,14294,8
41895,14416,8
19381,21286,8
27976,11979,8
50645,14485,8
14416,12933,8
12933,51456,8
1260,1702,8
16949,1488,8
23559,23557,8
23557,23555,8
23555,23553,8
27967,27976,8
27977,27967,8
1232,1228,8
4018,42998,8
42998,42999,8
42999,1665,8
24601,24614,8
50031,24327,8
38850,37774,8
50046,50031,8
7221,18357,8
18420,18426,8
6057,37179,8
4090,4091,8
26288,26201,8
26289,26288,8
26294,26289,8
40612,40607,8
40614,40612,8
3922,3580,8
47928,1296,8
3580,3581,8
4870,41132,8
19061,19054,8
19055,19061,8
3581,3582,8
3582,2650,8
2651,2881,8
25979,26294,8
51011,51037,8
47139,44053,8
962,919,8
22732,467,8
50544,39829,8
39823,40545,8
40545,42934,8
42934,42935,8
42935,42937,8
42937,42940,8
25335,22964,8
50894,25335,8
36451,41133,8
19476,18690,8
20800,18668,8
14589,14014,8
29109,12680,8
14356,14497,8
13039,13345,8
35954,12151,8
42517,42466,8
51019,42517,8
44847,51019,8
51047,44847,8
957,51047,8
10886,41495,8
8661,8663,8
18696,7197,8
40607,40602,8
40604,40606,8
5307,4219,8
25043,22409,8
22409,10331,8
10331,8439,8
40602,40604,8
48417,24535,8
50874,50881,8
50881,50882,8
50882,50877,8
50877,18578,8
18591,6096,8
7213,18601,8
42940,42942,8
42942,39819,8
39820,42952,8
47883,359,8
21511,21510,8
23126,23129,8
23129,22110,8
15610,50066,8
3365,3155,8
50066,50818,8
50818,34113,8
34113,22533,8
22533,22539,8
22539,24803,8
24803,24486,8
24486,24487,8
7241,6567,8
42621,51039,8
16917,16904,8
23018,23631,8
24806,50047,8
50047,50038,8
50038,24799,8
18869,18249,8
932,957,8
935,932,8
22465,35325,8
35325,37097,8
37097,37099,8
37099,50044,8
42452,42576,8
50821,42452,8
23107,23126,8
50157,43964,8
42952,42906,8
15255,51805,8
42906,42910,8
42910,42912,8
42912,42917,8
42917,42914,8
42914,42954,8
42954,42956,8
42956,42958,8
42958,42961,8
42961,42962,8
42962,42965,8
23876,21590,8
21590,21509,8
44055,44057,8
49171,22072,8
50162,50157,8
21509,21511,8
48428,48429,8
48429,48430,8
48430,35918,8
35918,17004,8
11267,10079,8
11843,11459,8
50163,50078,8
10773,11843,8
10704,11229,8
11478,10415,8
50073,50161,8
50163,50162,8
42982,38850,8
37774,37773,8
18691,18700,8
44690,26585,8
22418,86,8
23776,22983,8
22981,23776,8
6573,17913,8
15425,15427,8
25335,22981,8
17983,17989,8
19361,41639,8
24217,16206,8
15431,15434,8
48293,24468,8
38955,40799,8
45031,45047,8
45047,45033,8
884,23286,8
23286,37802,8
21589,48293,8
14429,14424,8
14424,14420,8
13704,13127,8
13127,48601,8
13141,13589,8
17767,17754,8
17754,41627,8
41623,17754,8
41622,41623,8
41621,41622,8
41620,41621,8
26911,44113,8
86,87,8
17913,18860,8
21177,21174,8
26634,26621,8
23225,34106,8
12890,14542,8
14542,13813,8
13083,13319,8
38945,13113,8
26585,26635,8
26635,26626,8
26626,26644,8
26644,26651,8
26651,28278,8
13268,13354,8
28278,26649,8
26649,26634,8
26621,28320,8
22377,23596,8
28320,26616,8
26616,26630,8
26630,26636,8
26636,26641,8
26641,26642,8
27827,27826,8
12975,42877,8
42883,49236,8
29402,50491,8
27826,27834,8
24861,21507,8
25571,25572,8
25113,22377,8
44113,44115,8
44115,44117,8
44117,44118,8
471,475,8
51769,34471,8
34471,34483,8
34483,34487,8
49612,49646,8
4589,43356,8
704,484,8
34442,34438,8
34438,34437,8
34437,34439,8
34439,34441,8
49646,49619,8
569,35115,8
570,569,8
50862,7969,8
4214,49642,8
49619,4661,8
475,489,8
489,491,8
491,477,8
39686,39688,8
39688,39687,8
25339,715,8
477,472,8
498,495,8
472,465,8
465,22732,8
502,498,8
499,502,8
49642,49612,8
15186,15180,8
13339,13152,8
20521,20674,8
44118,44120,8
44120,44123,8
44123,35277,8
35277,27814,8
26648,50687,8
41619,41620,8
18753,18768,8
37273,49251,8
1195,1207,8
1231,1257,8
4124,1745,8
1745,2953,8
2953,17406,8
20674,20673,8
15187,15186,8
20673,6952,8
40178,17517,8
17521,17522,8
17522,7728,8
7728,34838,8
34838,34789,8
15998,34346,8
7197,47799,8
47908,4634,8
14854,14852,8
4930,41722,8
4937,4540,8
43355,4577,8
34106,38750,8
38750,25006,8
37773,42574,8
36832,34107,8
25191,25196,8
25196,25197,8
27537,25953,8
25197,16096,8
16096,16095,8
10099,11610,8
22286,24748,8
21597,15277,8
14809,15336,8
15270,15269,8
15335,15270,8
22278,22286,8
37051,13320,8
51641,14339,8
11742,10124,8
37528,12916,8
12916,13290,8
6705,34210,8
11080,41663,8
35743,35745,8
49078,27215,8
27216,49078,8
16203,16205,8
35745,887,8
11045,9043,8
47835,27512,8
51611,1777,8
1717,1725,8
1716,1717,8
25173,25175,8
25179,25173,8
25177,25179,8
38305,15205,8
42574,37772,8
20585,42596,8
37772,36911,8
41954,26110,8
13144,41891,8
13160,14458,8
41187,42604,8
41189,41187,8
42601,41189,8
41195,42601,8
28159,28158,8
16462,90,8
15207,50776,8
29033,42246,8
28296,43571,8
15844,33942,8
24995,34217,8
12780,12781,8
35300,35308,8
1813,17012,8
2573,3939,8
3408,3409,8
3409,2099,8
3785,44095,8
1048,1042,8
23544,21695,8
25180,25181,8
25181,25177,8
1718,1716,8
1729,1723,8
1731,1729,8
36017,39190,8
19746,17684,8
50051,17981,8
18015,18032,8
18009,18020,8
5575,48221,8
39145,18778,8
6719,42653,8
19709,20856,8
19374,41673,8
50475,7032,8
41217,34963,8
12841,13127,8
36014,36017,8
39190,36019,8
36128,40553,8
23896,21470,8
13822,13354,8
13648,13113,8
13725,13129,8
13129,49938,8
26674,26662,8
50336,43253,8
43253,39733,8
26662,26656,8
24261,15396,8
15396,23252,8
26656,12054,8
26618,44690,8
34963,7473,8
4079,17257,8
5268,5345,8
6381,5396,8
5345,5346,8
5346,5347,8
5347,5348,8
3825,1731,8
17572,21304,8
19877,4207,8
4207,17580,8
5348,5351,8
5351,5352,8
5352,5353,8
5353,5355,8
5313,5365,8
6380,6381,8
5396,5423,8
13727,12890,8
5366,5367,8
16543,39182,8
17381,1217,8
48578,49965,8
49639,15873,8
49776,25109,8
48881,23264,8
23264,51656,8
17258,17251,8
35991,1610,8
1610,36128,8
7470,7475,8
12885,13638,8
18700,18695,8
467,499,8
27499,28217,8
37378,37380,8
51984,2843,8
27806,25941,8
51629,1475,8
1228,1197,8
17283,51629,8
37352,37354,8
37354,37356,8
37356,37360,8
37344,37346,8
42417,42416,8
42416,37296,8
37376,37378,8
20195,50915,8
15931,15929,8
26548,40152,8
26541,26548,8
26540,26541,8
44761,26540,8
50915,19706,8
19706,19745,8
19745,19536,8
19536,19534,8
50505,22280,8
48885,34082,8
48924,49234,8
15935,15933,8
2843,1682,8
1682,17441,8
17441,38625,8
27527,27186,8
8636,9046,8
26729,26707,8
50641,19253,8
34672,35069,8
35069,38694,8
18563,21073,8
38641,38640,8
38638,38641,8
51631,38638,8
38694,35062,8
38621,51631,8
19472,7014,8
7014,20232,8
20746,20748,8
38630,38621,8
38623,38630,8
47975,2657,8
2554,38623,8
17414,2554,8
38618,17414,8
38620,38618,8
3441,38620,8
38625,3441,8
28294,27805,8
27805,39557,8
15933,15931,8
19535,20461,8
47989,18116,8
35253,5541,8
1740,40554,8
8733,46254,8
11812,11478,8
20721,1766,8
20319,47418,8
34781,7337,8
48047,48025,8
47418,47426,8
47426,39018,8
1656,1144,8
44133,46704,8
44132,44133,8
35256,35257,8
20461,20609,8
44623,44130,8
35257,46881,8
46881,47427,8
39533,44623,8
47427,46942,8
46942,47445,8
47445,5565,8
2608,1615,8
50951,39535,8
5566,38995,8
38995,39034,8
39034,39012,8
50729,25709,8
40554,38284,8
19078,20958,8
35244,19545,8
15926,15925,8
20609,6024,8
6024,20462,8
20462,20700,8
20700,20463,8
20463,38356,8
39133,26654,8
37388,37386,8
37631,39002,8
39002,39036,8
39036,39001,8
39001,41098,8
41098,38996,8
29107,29108,8
39033,47287,8
50147,47407,8
47407,35250,8
35250,35251,8
35251,5550,8
5550,5541,8
47856,3999,8
4239,4977,8
4937,4929,8
35256,35244,8
19689,4576,8
18523,18919,8
4857,21013,8
39037,39011,8
29331,14217,8
49418,27344,8
27449,27448,8
14225,29472,8
41223,11303,8
48491,47303,8
47303,44435,8
23767,23768,8
44435,44439,8
48497,294,8
14217,14218,8
23768,23576,8
23576,38749,8
14215,29331,8
34592,34593,8
14252,29382,8
14239,14241,8
13230,13088,8
14315,13230,8
4470,5026,8
16702,22826,8
16701,16702,8
11824,9966,8
34464,34465,8
25847,26820,8
43357,26807,8
18958,2345,8
8877,41223,8
8881,8877,8
27343,49392,8
27447,27457,8
16172,16228,8
35404,27418,8
27418,46712,8
46712,39629,8
39629,48090,8
10588,10754,8
11612,9456,8
37271,20200,8
43519,25133,8
25133,38752,8
42623,25726,8
51372,12042,8
28661,42617,8
42623,41249,8
28661,10889,8
10889,10892,8
10892,10893,8
38752,38751,8
38751,23767,8
25348,14901,8
14901,37109,8
49062,49042,8
49042,49022,8
49022,49010,8
49010,49038,8
27530,44859,8
16699,16701,8
7139,7144,8
21160,21155,8
25621,26327,8
42555,25621,8
18995,20711,8
44703,10716,8
10167,11581,8
8877,9687,8
51528,13740,8
14353,14141,8
14354,14355,8
14205,13187,8
22361,15563,8
42883,29482,8
21155,18516,8
34593,34595,8
18516,44140,8
44140,19386,8
24680,24785,8
355,339,8
16169,25298,8
13201,13330,8
15591,25336,8
49365,26875,8
28195,41642,8
29050,29275,8
7144,7145,8
339,357,8
20850,51615,8
25528,44105,8
37619,20387,8
16372,25270,8
19767,6722,8
16823,16699,8
5661,6339,8
15795,16823,8
37113,37111,8
29463,29462,8
301,49935,8
49935,317,8
74,15795,8
16149,16456,8
19472,20647,8
1881,2824,8
1857,1860,8
2443,2028,8
1867,3962,8
2882,17506,8
20647,44395,8
6125,6122,8
6122,5885,8
44395,20386,8
28100,28103,8
28103,28112,8
13263,13810,8
20386,37619,8
16281,15834,8
39012,39037,8
38996,39033,8
39011,39010,8
50595,50594,8
21159,21154,8
2912,2913,8
4219,21269,8
50601,50602,8
50602,50595,8
2913,35622,8
44146,27981,8
28056,42523,8
42523,25973,8
2489,3016,8
21154,21147,8
50594,50090,8
3160,2501,8
50090,50597,8
50597,7035,8
20840,49602,8
42486,2482,8
20318,20840,8
35253,41731,8
41892,14280,8
2482,2485,8
2485,2486,8
41731,50084,8
50084,50079,8
2911,2912,8
39265,21159,8
21160,39265,8
39017,50601,8
2756,35695,8
6064,50596,8
50596,50097,8
49443,12768,8
15181,25391,8
2278,36107,8
29016,49443,8
50097,50598,8
12757,29016,8
51058,12757,8
15146,778,8
4506,38560,8
36107,2911,8
5540,5545,8
8031,8033,8
50598,50600,8
50600,50593,8
50593,50599,8
50599,49601,8
40522,37146,8
37145,20349,8
19394,21156,8
7034,51222,8
50079,47414,8
47414,41729,8
9563,9551,8
39006,39019,8
39023,39026,8
39026,19553,8
19553,20340,8
35249,19879,8
20340,20341,8
5548,35249,8
35243,5548,8
20341,47425,8
47425,20336,8
20336,20337,8
20337,35261,8
35261,20338,8
20338,20339,8
35248,35243,8
35247,35248,8
5546,35247,8
20339,19556,8
18804,39029,8
39029,37514,8
39038,39030,8
39030,5883,8
18804,35246,8
5545,5546,8
39019,39023,8
49588,39006,8
21147,21143,8
39008,49588,8
21143,21140,8
21140,21138,8
21138,21129,8
41729,41728,8
41728,41726,8
18474,21117,8
24928,24535,8
10483,11629,8
41726,42890,8
51576,5373,8
41739,41737,8
41738,41739,8
41735,41738,8
5601,41735,8
41737,41736,8
50256,39018,8
46545,50256,8
49593,46545,8
39022,49593,8
39027,39022,8
41736,4177,8
20317,39027,8
19547,20720,8
2462,49174,8
35246,5540,8
20318,20720,8
29102,12578,8
28073,26290,8
26287,28073,8
26264,26287,8
29138,29102,8
33965,14720,8
23142,867,8
18097,18091,8
12020,26264,8
40360,19324,8
11934,26469,8
19849,40525,8
25914,25558,8
20841,19555,8
20321,20123,8
29137,29138,8
4656,5057,8
20320,42890,8
37631,18959,8
18960,41741,8
26290,25593,8
12578,29103,8
41725,41727,8
40516,5558,8
39010,39009,8
39009,37631,8
29106,29087,8
37631,42890,8
41740,35314,8
18957,42890,8
37631,20114,8
20114,20115,8
29105,29106,8
29104,29105,8
20115,5555,8
25391,42094,8
29103,29104,8
20318,39024,8
49601,40513,8
6608,18139,8
18139,6607,8
51172,51218,8
51218,40516,8
37631,41725,8
45049,14728,8
41727,47417,8
19947,19949,8
47417,41730,8
20079,19953,8
4374,20079,8
4373,4374,8
20122,5551,8
5551,20488,8
10821,10818,8
50112,19545,8
19953,20291,8
50122,50112,8
20087,4373,8
20488,49602,8
19447,20087,8
5057,4627,8
3601,3597,8
41730,50122,8
3597,2464,8
2464,3093,8
50963,3159,8
3093,2462,8
161,159,7
15491,33894,7
33894,23470,7
170,169,7
6655,6656,7
23461,23438,7
29439,29438,7
23438,25419,7
48340,1109,7
14281,14368,7
38790,38779,7
38790,38789,7
21619,21390,7
42693,44563,7
4010,1153,7
14923,22899,7
34538,51149,7
38956,38958,7
21427,21619,7
44846,958,7
159,21426,7
22899,15554,7
4563,19391,7
18481,44141,7
169,162,7
162,161,7
41892,29466,7
44141,4563,7
37183,6655,7
14594,29461,7
23408,11080,7
43146,38664,7
6650,6651,7
14814,14808,7
44461,44469,7
24979,24973,7
24976,24979,7
24972,24976,7
18530,43146,7
24977,24972,7
39363,42693,7
27845,27654,7
6654,37183,7
48842,26592,7
14282,14283,7
40847,6853,7
6649,6650,7
49421,48842,7
27222,27859,7
19687,4634,7
6648,6649,7
42497,42496,7
23885,24756,7
6651,6652,7
50260,35283,7
40613,40615,7
4574,18480,7
25822,38956,7
11080,51199,7
48522,28804,7
28804,42456,7
34917,7944,7
958,933,7
933,931,7
950,33888,7
6653,6654,7
6652,6653,7
33888,953,7
13134,14594,7
7944,7910,7
44466,13269,7
14472,29340,7
13587,44461,7
14808,15252,7
23697,23708,7
15487,15491,7
37354,37352,7
20712,19933,7
50044,24504,7
56,57,7
16162,16087,7
61,56,7
55,61,7
54,55,7
38392,54,7
5041,5039,7
50394,7675,7
19688,19687,7
47912,5048,7
15187,15180,7
48923,48921,7
41935,5561,7
34140,48923,7
34102,50021,7
4907,19691,7
2036,2037,7
37380,37388,7
4193,19396,7
21507,23884,7
47835,27479,7
38958,12509,7
12509,41855,7
22598,25041,7
12781,12787,7
22968,25013,7
78,22299,7
23726,22968,7
25016,23726,7
23725,25016,7
58,23725,7
57,58,7
35326,21675,7
24504,34102,7
16192,50011,7
19933,4282,7
25163,41766,7
51149,34520,7
50965,48642,7
48642,48848,7
44787,37216,7
44129,27243,7
44131,44129,7
14612,29450,7
18657,18689,7
50832,43246,7
6981,6978,7
6978,20097,7
20097,6873,7
18772,6874,7
40175,5046,7
35376,40175,7
36098,3820,7
3820,2036,7
5046,5041,7
16049,25165,7
23608,16192,7
19691,19688,7
47896,2394,7
25165,38332,7
4197,19412,7
19412,20977,7
25124,25099,7
5491,51331,7
51995,12226,7
20405,19446,7
19615,18366,7
20054,20405,7
12342,28294,7
28294,29243,7
26724,26711,7
51430,26724,7
25041,21660,7
21337,34114,7
1373,1379,7
16491,4124,7
1379,1361,7
50663,19332,7
1705,1710,7
37356,37354,7
40170,35376,7
51030,44848,7
5042,5043,7
5043,35374,7
4176,17563,7
35374,40174,7
4181,17605,7
40174,40171,7
12731,27599,7
37332,37330,7
51074,49937,7
44848,44846,7
41537,4032,7
4282,4210,7
24446,24448,7
4210,19937,7
5044,35379,7
19937,19939,7
41539,41537,7
20432,17827,7
49937,49927,7
19170,20432,7
19169,19170,7
19168,19169,7
35379,5045,7
13141,13590,7
5045,5042,7
40171,40170,7
44849,51030,7
42489,24390,7
22427,22429,7
23722,23723,7
37300,37326,7
24185,50266,7
23609,23722,7
28397,28399,7
22429,23609,7
15420,22427,7
23723,23724,7
64,15420,7
51148,34232,7
43611,43609,7
34431,34348,7
35323,64,7
34345,23129,7
49438,49441,7
23724,25023,7
50575,42489,7
24982,940,7
42462,44849,7
51028,766,7
36491,13322,7
25019,51,7
25020,25019,7
25021,25020,7
25023,25021,7
37352,37302,7
24394,50575,7
11794,11461,7
11461,41132,7
7444,10452,7
41132,10163,7
49441,49050,7
918,51045,7
25883,25885,7
4894,4746,7
45009,26532,7
45050,14876,7
1165,1208,7
34443,34510,7
35509,34540,7
34455,34602,7
34454,34455,7
34453,34454,7
14729,45050,7
24922,14729,7
40252,40250,7
40250,40254,7
40254,40255,7
25298,48278,7
19551,5601,7
20321,47447,7
24920,24922,7
47863,1296,7
12788,12782,7
12782,28272,7
48347,26476,7
26476,26477,7
25503,40090,7
47928,29243,7
40090,42108,7
42108,26492,7
26492,26491,7
26491,42103,7
11665,11671,7
11671,11672,7
11672,10731,7
11221,11216,7
300,298,7
9043,80,7
36893,13320,7
8907,8908,7
8908,8910,7
8910,11414,7
10649,9914,7
40357,18814,7
40360,40358,7
2609,15206,7
6721,38356,7
11216,8474,7
11211,11221,7
10731,9853,7
11214,11211,7
11220,11214,7
11217,11220,7
41133,11217,7
36035,35991,7
50300,42592,7
41989,17272,7
1208,1176,7
50105,49677,7
50804,50105,7
14834,50804,7
9853,11673,7
42103,45009,7
26532,26478,7
18307,18758,7
26478,26234,7
18177,18861,7
48129,6057,7
49414,21696,7
20878,44025,7
4222,20374,7
20370,4222,7
7747,8148,7
4870,3489,7
34581,34579,7
34585,34581,7
34590,34587,7
34591,34590,7
34593,34591,7
34594,34593,7
34599,34595,7
37036,11158,7
11158,11157,7
21301,18893,7
20893,21304,7
20224,20893,7
25358,24010,7
22150,22151,7
21972,49248,7
34656,34629,7
34436,34444,7
49248,21730,7
21730,21558,7
18362,18395,7
6491,6492,7
6492,18182,7
3276,2534,7
41176,7596,7
41177,41176,7
39066,39064,7
39064,38786,7
38786,38775,7
38775,38778,7
38778,39088,7
39088,39065,7
2337,38793,7
38793,38792,7
38792,1721,7
4733,19760,7
3266,3276,7
18182,6493,7
3950,17050,7
17206,41946,7
20505,17206,7
20431,20505,7
3951,20431,7
1941,2769,7
2627,1941,7
23158,22183,7
22205,24714,7
18005,18042,7
39496,26427,7
6493,5933,7
223,226,7
41574,18916,7
23401,34084,7
21347,21348,7
14297,14301,7
39962,14595,7
18234,51790,7
51790,18192,7
9023,10947,7
44136,26828,7
44138,20958,7
47911,19486,7
18703,47879,7
19846,6998,7
3862,1946,7
20917,43054,7
13087,13241,7
2528,1914,7
2655,3080,7
172,171,7
5294,5560,7
27530,50680,7
7396,7398,7
7398,7404,7
7430,38912,7
34969,7475,7
7475,7493,7
7493,7351,7
7351,7353,7
7354,7444,7
7444,34984,7
27876,42493,7
27867,27871,7
27297,27280,7
10892,10889,7
13819,12875,7
12875,13644,7
13641,13133,7
13774,12992,7
50147,20488,7
20488,20841,7
19553,19879,7
41030,41031,7
41031,26402,7
26402,25726,7
51372,42617,7
10893,10892,7
10889,41249,7
8146,8044,7
20121,19551,7
4177,20390,7
46951,47122,7
27523,27529,7
37044,34953,7
7965,37043,7
8291,8115,7
27884,27870,7
27587,39485,7
39412,27297,7
40898,264,7
48920,13356,7
42756,41452,7
12287,29193,7
41575,41574,7
29193,29194,7
3266,1296,7
6832,6833,7
6831,6832,7
6830,6831,7
6792,6830,7
5570,40523,7
25986,25996,7
25689,25697,7
6886,20576,7
20583,20572,7
21537,16672,7
16672,16670,7
39297,11334,7
17907,41673,7
11422,49703,7
49703,9914,7
11338,11340,7
11340,9261,7
20760,20761,7
5947,39149,7
39149,50119,7
23788,48418,7
6760,6741,7
46514,47145,7
6741,6740,7
6740,6742,7
20792,41575,7
6833,6794,7
6794,18020,7
17044,42807,7
34340,35508,7
29194,12373,7
12373,44153,7
16678,48247,7
48247,49331,7
49331,49343,7
49343,49333,7
49333,21514,7
17229,3293,7
42301,35507,7
35507,34227,7
34227,34337,7
18875,19762,7
44153,12375,7
1790,17044,7
12375,44148,7
44148,12387,7
12387,12539,7
38695,51396,7
23102,22086,7
51396,34229,7
22956,16209,7
16205,24296,7
1792,3326,7
3326,2406,7
2406,17040,7
17040,1790,7
11120,21744,7
34084,23421,7
4124,1758,7
50537,15946,7
36292,13356,7
13356,26654,7
21987,25397,7
19263,50475,7
4175,19263,7
13482,29634,7
6838,6839,7
6756,6757,7
35287,42182,7
23882,24765,7
23869,23882,7
15866,23869,7
23859,15866,7
15592,22895,7
25120,15592,7
15817,15816,7
39638,49322,7
34073,39638,7
6755,6756,7
5808,35350,7
27579,26538,7
35350,37042,7
28598,46476,7
27875,28598,7
26403,49421,7
37042,5112,7
5112,35394,7
25397,21991,7
23207,23205,7
23205,24738,7
26604,12408,7
27187,27534,7
50534,29350,7
27534,27499,7
11223,43254,7
12639,48422,7
16088,16029,7
12093,29052,7
28285,28286,7
43567,44630,7
26891,43567,7
43058,26890,7
28575,43058,7
27572,39563,7
20713,19842,7
15207,38310,7
24933,15207,7
22561,24933,7
42094,22567,7
15189,25391,7
50495,50496,7
50496,50493,7
50493,50494,7
24975,24971,7
48001,4565,7
4057,4058,7
21366,23112,7
11990,51568,7
35394,4774,7
39779,27864,7
6837,6838,7
42301,34458,7
7444,35683,7
34960,42297,7
40741,11060,7
11070,36771,7
11081,34652,7
41282,34669,7
34781,34719,7
7768,34781,7
42403,27754,7
27754,27758,7
27758,27759,7
27759,11953,7
34635,34462,7
4858,4208,7
4208,18363,7
18363,21049,7
459,37112,7
34345,24434,7
830,48862,7
43628,38389,7
10541,11534,7
51566,51559,7
51551,43254,7
11470,10021,7
878,873,7
24748,878,7
5498,18655,7
15877,41226,7
20883,6391,7
6606,6599,7
6836,6837,7
44691,8781,7
6835,6836,7
6834,6835,7
18027,6834,7
6620,18027,7
4530,4980,7
17990,6620,7
17600,7094,7
18125,18119,7
18130,18125,7
6599,6610,7
18170,6606,7
18770,17801,7
18127,18149,7
41778,51025,7
1561,1203,7
51025,24236,7
893,24480,7
19606,6354,7
1501,1510,7
1510,1517,7
1517,1555,7
37677,13322,7
17785,41619,7
41631,17785,7
27794,27802,7
27864,27849,7
19697,19573,7
24213,699,7
6364,6356,7
105,21500,7
40773,40757,7
40757,40772,7
40772,40758,7
40758,40769,7
40769,40759,7
40759,40763,7
40763,40767,7
40767,40766,7
128,42657,7
40766,40765,7
40765,6524,7
22235,333,7
6526,5510,7
5510,6045,7
6045,20113,7
50138,128,7
20113,35473,7
6338,6388,7
21707,44501,7
21708,21707,7
21711,21708,7
1757,4086,7
18136,18091,7
13200,13173,7
12837,16489,7
48248,48004,7
48004,26333,7
26222,26224,7
41892,14281,7
2813,17012,7
40190,20524,7
20675,40187,7
6953,20675,7
40283,6953,7
23419,15883,7
15807,16220,7
13221,12910,7
13074,14209,7
34156,6720,7
19863,19349,7
14167,14174,7
26223,26215,7
26218,12063,7
26216,26219,7
26196,25541,7
26192,26195,7
26177,26192,7
26264,25806,7
21797,23880,7
25554,26190,7
26191,25554,7
26193,26191,7
26197,26193,7
25927,26167,7
21700,108,7
16791,16794,7
1645,42581,7
27849,26409,7
13187,14182,7
2680,2580,7
42691,48440,7
13929,13838,7
16105,21696,7
24784,13439,7
23974,24784,7
11052,9043,7
9043,23543,7
23544,39805,7
39805,38969,7
43801,43810,7
43434,10847,7
24430,24584,7
28800,43761,7
14295,14458,7
14445,14457,7
14457,14293,7
23972,15694,7
41890,14483,7
14483,14484,7
1048,1082,7
14484,14420,7
29641,50644,7
50644,35300,7
29415,40799,7
28544,26657,7
15677,15378,7
1655,2680,7
3991,1655,7
42210,38138,7
47177,47112,7
14182,13195,7
11897,9914,7
38799,50686,7
50686,20776,7
40977,20823,7
18589,18547,7
49788,49770,7
39993,39992,7
39992,39991,7
15414,44892,7
39996,6255,7
6255,19488,7
36178,41133,7
43018,42210,7
47842,16061,7
834,14606,7
24441,826,7
43514,17419,7
43019,42588,7
16949,42587,7
44098,1644,7
16950,17496,7
17496,17446,7
3376,3042,7
3042,51643,7
51643,17513,7
171,170,7
34587,34585,7
20011,18086,7
38851,1688,7
6879,6877,7
40987,40966,7
4077,4078,7
4076,4077,7
50768,25709,7
4075,4076,7
15931,24776,7
50612,35306,7
42207,19710,7
42209,42207,7
20713,42209,7
46701,20848,7
50912,46701,7
16549,41371,7
47978,24861,7
8997,8999,7
24861,15616,7
15616,23755,7
23755,15625,7
15625,16824,7
22309,21799,7
26186,28916,7
48103,17505,7
17505,3373,7
17200,2094,7
34605,34604,7
34604,34576,7
36009,16942,7
16942,1243,7
16180,25207,7
20222,20204,7
39759,24475,7
35722,35714,7
16022,35722,7
15745,16022,7
24854,22280,7
8052,8053,7
8053,7626,7
7626,7594,7
7594,7613,7
26157,25479,7
26156,26157,7
29303,26156,7
14209,14355,7
25612,26473,7
29014,26486,7
26490,29014,7
28324,26490,7
28323,28324,7
28322,28323,7
28321,28322,7
12064,28321,7
28197,12064,7
28330,28197,7
28524,28330,7
26494,28524,7
28522,26494,7
3834,36914,7
1373,1707,7
11256,11106,7
25207,25240,7
48033,48032,7
12162,12163,7
48032,48047,7
48190,26122,7
48025,48027,7
44757,40164,7
50406,50405,7
50405,50402,7
26744,26897,7
26897,26729,7
42972,8039,7
51709,47882,7
24013,44302,7
13129,13033,7
11152,11167,7
11167,11165,7
22099,16684,7
21331,24757,7
21329,21330,7
21328,21329,7
12936,13117,7
13221,12936,7
11114,11110,7
11110,11108,7
11109,11105,7
11105,11112,7
11112,39080,7
48048,48033,7
26740,26744,7
48042,48048,7
24756,16186,7
25240,16332,7
16272,16215,7
4035,17214,7
34576,7890,7
34909,7702,7
34905,8399,7
1886,2570,7
17934,17966,7
780,37018,7
12944,13946,7
13212,13096,7
43195,41020,7
18440,51959,7
27440,28157,7
51959,18441,7
18861,18876,7
35348,17706,7
41844,40163,7
40127,41844,7
41785,18177,7
43569,43571,7
40128,40127,7
40129,40128,7
40130,40129,7
40164,40130,7
27373,27400,7
16159,47907,7
8060,49565,7
8059,34735,7
7692,10685,7
43194,50225,7
44249,43194,7
15326,16901,7
23152,21475,7
21475,34085,7
22437,22434,7
12833,42877,7
19762,18254,7
18869,18857,7
14348,5020,7
24123,24120,7
43052,50336,7
25338,43052,7
48272,25092,7
12818,48272,7
6883,6881,7
17970,18875,7
41219,23316,7
4573,4957,7
50338,41219,7
43252,50338,7
51940,43252,7
15397,24457,7
15677,15397,7
24262,24264,7
14328,13900,7
13896,14328,7
20105,40763,7
25095,25123,7
3276,3668,7
50125,50134,7
6543,40987,7
15592,25033,7
25033,23653,7
40965,40964,7
42598,20574,7
34332,20572,7
41009,41010,7
41008,41009,7
41007,41008,7
47179,41194,7
46504,47179,7
50134,46504,7
41188,50125,7
3668,18959,7
6883,41188,7
42603,6883,7
1203,1566,7
42599,42603,7
42595,42599,7
42594,42595,7
40964,7039,7
20585,20576,7
2091,1296,7
7039,40986,7
40986,6545,7
25123,24200,7
13899,13896,7
13904,13899,7
15923,16655,7
24013,23998,7
28195,26745,7
34871,41178,7
19285,18832,7
19331,19285,7
23199,24823,7
25712,50736,7
23953,24389,7
23914,23908,7
41852,27553,7
41958,41852,7
25473,41958,7
25471,25473,7
25472,25471,7
526,519,7
25488,26336,7
26299,25488,7
25515,26299,7
50734,25709,7
44001,50734,7
48463,28246,7
24053,16914,7
24057,24053,7
23895,108,7
519,505,7
36895,13320,7
10108,35302,7
21349,21497,7
15556,15557,7
15924,15923,7
7935,41502,7
14497,13911,7
44143,24262,7
12990,13237,7
12916,13926,7
13215,16777,7
51709,41502,7
34875,43846,7
43842,38877,7
49194,49187,7
49187,38877,7
49194,43846,7
43842,7935,7
34875,51159,7
105,21348,7
7865,34722,7
21753,21754,7
21166,21163,7
18455,18440,7
17051,43392,7
18103,20091,7
40860,40859,7
51393,18452,7
11160,24791,7
4957,5165,7
4470,4922,7
51868,42657,7
39080,11256,7
40966,40965,7
11933,42660,7
40848,40857,7
19759,6969,7
18791,40848,7
19678,19759,7
20414,18790,7
37039,27660,7
5014,5048,7
25527,28996,7
16678,16682,7
28996,28903,7
16682,16674,7
40857,18792,7
28903,43695,7
15207,2969,7
16674,16681,7
25376,24533,7
18777,4174,7
49662,50085,7
26511,41261,7
19725,35347,7
50085,38659,7
26849,44759,7
23324,16875,7
18792,40847,7
24023,44308,7
44308,13366,7
43261,23324,7
22776,24011,7
23322,43261,7
24533,24534,7
27141,11999,7
27622,47918,6
15584,16157,6
16465,15585,6
35914,35910,6
15585,16458,6
28424,28268,6
35910,4084,6
21988,21976,6
23123,49170,6
16432,16464,6
23347,14041,6
16458,15584,6
14041,14018,6
13817,13812,6
44503,12408,6
13812,12982,6
4563,5088,6
34325,28977,6
8733,47982,6
25963,34325,6
16157,16158,6
44712,44714,6
18877,17972,6
18421,18431,6
18505,18527,6
5622,51974,6
18509,6057,6
24932,14355,6
40770,40771,6
13088,13030,6
20143,40962,6
24284,48278,6
4906,4905,6
4905,4904,6
4904,4593,6
4974,20781,6
16491,21270,6
37346,37344,6
12801,28386,6
28386,28397,6
18588,7215,6
7215,41747,6
41747,41746,6
26305,26302,6
26308,26305,6
27118,26268,6
26201,27118,6
21148,18443,6
51208,12394,6
12539,51208,6
10677,41224,6
25291,16195,6
43195,25292,6
36909,24791,6
16137,23259,6
38393,16031,6
51651,44595,6
24791,15373,6
39779,48030,6
27918,27623,6
15489,40428,6
40428,23462,6
17940,17927,6
26775,28572,6
24057,13429,6
38642,812,6
50028,24623,6
10873,10875,6
24622,50028,6
22537,24622,6
50515,22537,6
50013,50515,6
50009,50013,6
22598,50009,6
11125,11127,6
42872,15416,6
34016,14939,6
48283,35115,6
493,48283,6
29178,48574,6
28106,12120,6
24663,50417,6
50417,48439,6
48439,49228,6
49228,42173,6
16069,24472,6
28440,28451,6
28438,28440,6
12787,28291,6
24472,34016,6
29371,16491,6
1723,2337,6
19369,21276,6
1720,1718,6
10875,11125,6
11135,10873,6
41663,8899,6
7628,34173,6
28327,29243,6
20618,20749,6
6999,5599,6
1634,1225,6
25189,16054,6
8448,25189,6
16815,642,6
16125,15650,6
39074,11135,6
15412,16234,6
29243,27622,6
48067,48914,6
3735,3791,6
27591,27594,6
785,24150,6
16705,35172,6
20749,20784,6
28239,51651,6
11146,11131,6
44598,28239,6
10393,39074,6
28572,44598,6
51377,39072,6
27689,27809,6
10885,51377,6
7335,7328,6
15416,25704,6
25704,28327,6
11143,10885,6
11136,11144,6
11132,11136,6
11133,11130,6
7329,7334,6
11134,11133,6
21976,25398,6
7684,7681,6
20781,41942,6
24099,23739,6
41598,16705,6
6067,40975,6
48941,52028,6
52028,52025,6
52025,43584,6
40975,40976,6
40976,40963,6
40963,42563,6
18150,18128,6
18128,18097,6
42563,40958,6
35697,51199,6
8899,35697,6
43937,43939,6
16759,43937,6
23845,16759,6
29011,11986,6
11986,27584,6
40952,20551,6
29681,14349,6
39536,43609,6
27269,39536,6
51401,27242,6
6623,5828,6
5828,18072,6
29339,29681,6
41718,43353,6
14239,14235,6
27243,51401,6
50954,44131,6
37039,50954,6
25920,26227,6
13103,38936,6
14235,14244,6
22613,16796,6
81,22613,6
5037,41718,6
82,81,6
21264,5491,6
3339,2676,6
26793,26797,6
3145,35945,6
1785,1775,6
6382,5489,6
3608,3329,6
16102,16103,6
38897,16098,6
16097,38897,6
34080,23193,6
15457,15458,6
18320,18308,6
23552,34125,6
40909,15486,6
3343,3344,6
3344,3345,6
48095,25553,6
35721,15784,6
21686,82,6
23087,22723,6
26786,26785,6
26785,26788,6
36108,2277,6
15784,15745,6
35720,35721,6
25560,25561,6
39160,41829,6
14600,15746,6
26788,28264,6
25948,28799,6
28264,26793,6
3345,2816,6
26789,28263,6
40960,40952,6
7688,7684,6
44027,25701,6
26592,44332,6
49421,26592,6
25880,49421,6
41719,4577,6
4937,4542,6
38148,7863,6
22677,21988,6
47768,19086,6
40962,40961,6
44629,50945,6
50958,44629,6
43421,50958,6
50950,43421,6
43100,50950,6
15884,9046,6
27173,27513,6
12326,28111,6
7863,8428,6
19730,19573,6
8032,8034,6
25360,34175,6
8029,8032,6
8428,8029,6
44398,25360,6
19729,19730,6
49414,28106,6
2945,1642,6
42405,19821,6
2387,2813,6
4875,4895,6
893,24481,6
47851,47914,6
5998,20607,6
25701,25697,6
41716,5917,6
40875,41222,6
18805,1766,6
6883,41186,6
39530,39532,6
42498,44309,6
44309,27544,6
39555,39530,6
27542,27537,6
39554,39555,6
27007,27216,6
39723,39554,6
27584,39723,6
50948,27584,6
50957,50948,6
40961,40960,6
5095,35362,6
35362,41714,6
39532,27581,6
39561,44230,6
44230,50947,6
26795,50564,6
13601,13730,6
14151,14150,6
7762,7325,6
18619,7016,6
7673,7762,6
7671,7673,6
50894,44398,6
50947,51399,6
44398,41597,6
41597,41598,6
6909,19775,6
50564,26789,6
6952,6951,6
51399,43100,6
48574,28481,6
44800,46951,6
49645,49634,6
2392,3266,6
28560,28561,6
35316,18707,6
19479,19480,6
14549,13591,6
26773,28236,6
19782,19479,6
28236,28237,6
15606,15683,6
7436,7448,6
14907,459,6
20278,19782,6
974,14928,6
19810,20278,6
4230,19810,6
6118,6058,6
7445,7434,6
3266,2534,6
49630,49645,6
15795,24753,6
17404,2334,6
21634,50263,6
50563,50982,6
23503,33871,6
23462,23508,6
40052,23438,6
40047,40052,6
7444,10790,6
38749,23148,6
15606,16036,6
22848,16752,6
24646,23873,6
23874,21921,6
25550,29342,6
48947,43374,6
43643,38319,6
41749,41764,6
38319,43641,6
16511,16513,6
47988,19486,6
15486,38111,6
4579,41715,6
41122,4129,6
41715,49608,6
23224,24740,6
24740,25395,6
15932,15934,6
22546,15932,6
15917,15928,6
25395,24736,6
22548,22540,6
21918,22548,6
41126,41128,6
37306,37396,6
87,36831,6
47766,5498,6
15421,15422,6
16563,16591,6
16571,23338,6
40811,16587,6
40651,40811,6
16535,40651,6
16551,16536,6
16588,16551,6
23340,16574,6
12979,24217,6
16515,16510,6
43641,38321,6
38321,38322,6
38322,38323,6
41656,50563,6
15434,16062,6
21322,21325,6
34217,977,6
2334,1081,6
24958,14832,6
41459,41461,6
20851,6117,6
14488,41879,6
41879,41888,6
37829,40044,6
36995,49506,6
23461,37829,6
49506,49488,6
24539,24540,6
24540,24541,6
24541,24542,6
24957,24958,6
19493,19494,6
37803,23694,6
49488,42813,6
24956,24957,6
21679,21680,6
17270,24956,6
3684,17204,6
47975,1098,6
41454,41457,6
38659,14828,6
14828,24959,6
42983,3427,6
17204,3685,6
37330,37338,6
41998,41522,6
17459,3684,6
41457,41459,6
37340,37292,6
17489,17459,6
22934,21676,6
24959,17270,6
12993,13063,6
24547,24548,6
50982,49041,6
24548,24549,6
49241,11992,6
29617,14294,6
25280,48278,6
44292,39773,6
49055,49088,6
49041,49055,6
44101,1644,6
33906,23470,6
23493,23491,6
42314,44101,6
3785,42314,6
2885,3785,6
3064,2885,6
39773,42455,6
3991,3064,6
14832,14840,6
42398,4515,6
11939,39508,6
39397,39557,6
24549,24550,6
24550,24551,6
24551,24552,6
24552,24553,6
24553,24554,6
24554,24555,6
27201,39397,6
39508,27500,6
25973,43585,6
24555,24556,6
24556,24558,6
24558,21904,6
21904,24559,6
43585,25697,6
16105,23211,6
43053,21778,6
16102,43053,6
27018,39593,6
15351,15878,6
10287,44800,6
1296,19456,6
36836,36014,6
1615,36836,6
49608,49630,6
36046,1624,6
42589,36046,6
44450,42589,6
4640,40579,6
41538,41991,6
37302,37304,6
37304,37296,6
27023,27005,6
27017,27023,6
42524,42247,6
43963,43961,6
27649,12975,6
16289,27692,6
12058,26666,6
50388,35581,6
40578,40580,6
40577,40578,6
40576,40577,6
40579,40576,6
41927,28168,6
42247,41927,6
22516,50802,6
27530,27522,6
12057,12058,6
12056,12057,6
12055,12056,6
12054,12055,6
39593,27017,6
27013,27018,6
12925,29476,6
27015,27013,6
19389,19386,6
27212,27215,6
27217,27212,6
27541,27217,6
27539,27541,6
49209,22356,6
29002,27543,6
20479,6465,6
5829,18036,6
40553,44450,6
35631,35632,6
28141,39779,6
47122,10716,6
20917,20207,6
14819,49200,6
18235,18264,6
5976,4640,6
18264,20968,6
27560,48345,6
47901,27015,6
25467,47901,6
27548,27547,6
27561,27548,6
34218,35844,6
48345,27561,6
47900,45019,6
15233,14355,6
18358,18359,6
42417,37362,6
51231,18358,6
20967,51231,6
20959,20967,6
20968,20959,6
28168,41654,6
13265,12983,6
41120,41126,6
26624,28546,6
48813,48824,6
1145,4028,6
15623,23225,6
5493,50641,6
6609,6749,6
24794,22872,6
28237,42073,6
42073,28238,6
33943,15872,6
15816,23410,6
23402,84,6
84,23227,6
23227,22842,6
22842,22844,6
34107,23777,6
23087,23756,6
51499,24434,6
23086,23087,6
43962,41120,6
48193,16092,6
1515,1507,6
28294,28296,6
1549,1515,6
1559,1549,6
41522,1145,6
43961,43962,6
43958,42004,6
44151,12408,6
16802,22589,6
22589,22591,6
22591,22789,6
22789,22592,6
22592,23086,6
28546,26618,6
22844,22845,6
44612,26775,6
4047,41538,6
17566,3229,6
26151,26148,6
48273,28638,6
26622,26624,6
27526,48257,6
26645,26622,6
26692,26645,6
26694,26692,6
28545,26694,6
51117,28545,6
26666,51117,6
41654,41656,6
28238,44612,6
26591,26573,6
26573,27792,6
26148,28678,6
28678,26084,6
26084,26080,6
16712,15953,6
5997,37165,6
22845,22848,6
22361,23878,6
7969,8456,6
24745,38304,6
13195,12973,6
23892,50130,6
37165,19290,6
7294,7969,6
26028,35404,6
47138,26028,6
46601,47138,6
26046,46601,6
48005,26046,6
15483,40909,6
3388,36131,6
2177,2191,6
48798,15228,6
20891,20900,6
27583,39721,6
35493,34368,6
34352,35493,6
27260,27583,6
4512,48001,6
16491,17303,6
2175,3181,6
41133,17303,6
15228,540,6
34810,34352,6
47997,18523,6
27598,39497,6
27850,27654,6
46514,18715,6
19155,20907,6
29130,12625,6
14128,14124,6
12626,12164,6
25301,16614,6
732,16514,6
38746,3190,6
47210,46399,6
20397,47210,6
23534,28638,6
51336,35345,6
345,347,6
24229,15605,6
347,350,6
350,48798,6
43099,51400,6
39721,43099,6
29110,49812,6
12352,29110,6
44719,44717,6
14095,14111,6
48703,43594,6
14354,24859,6
48422,48072,6
23347,24202,6
48072,28866,6
29298,35276,6
35276,12757,6
12757,51375,6
48280,27525,6
43030,48280,6
3294,3226,6
3226,3232,6
3232,3674,6
3674,3227,6
3227,3225,6
3225,3113,6
3113,2726,6
14472,13946,6
24859,743,6
42576,49015,6
29053,29298,6
752,420,6
420,425,6
50402,48800,6
2496,2766,6
425,426,6
426,450,6
450,452,6
14762,721,6
748,29378,6
3228,37808,6
37808,43207,6
43207,41084,6
42577,1849,6
16993,16994,6
27689,10820,6
18507,47944,6
25316,25318,6
35062,34337,6
20397,18715,6
1220,35993,6
14122,14106,6
16884,16886,6
19860,19861,6
16886,16887,6
5488,19251,6
19861,19579,6
16887,16888,6
1071,4134,6
12803,28309,6
52019,12226,6
28769,28705,6
28770,28769,6
16888,16882,6
16882,51269,6
50634,25644,6
18441,19078,6
34228,34339,6
40783,5485,6
11423,11332,6
11399,11423,6
14097,14550,6
14106,14097,6
34153,24404,6
7864,39521,6
39521,38890,6
38890,39049,6
19446,19948,6
23291,16521,6
16523,25304,6
21166,18440,6
23112,23113,6
25809,26883,6
47974,4339,6
10880,39072,6
39070,10880,6
10881,39070,6
43491,10881,6
9025,9027,6
9027,9029,6
9031,10591,6
18032,18007,6
18007,18011,6
18011,6805,6
6805,6806,6
6806,43621,6
43621,43623,6
43623,43625,6
600,353,6
628,24915,6
24915,344,6
19950,20054,6
34339,42301,6
6843,18032,6
5832,6843,6
28771,28470,6
28470,28770,6
43241,43491,6
43221,43241,6
28398,12803,6
28401,28398,6
7013,37612,6
17907,18103,6
39748,7013,6
14124,14122,6
42609,39748,6
51269,25314,6
43484,43221,6
20643,42609,6
48498,43484,6
7444,48498,6
2726,2727,6
42561,42568,6
11336,39297,6
952,947,6
4869,4876,6
43142,18452,6
39314,12596,6
44546,43142,6
44728,35915,6
29419,14002,6
14008,13135,6
757,47038,6
42094,15205,6
1620,36030,6
37111,37108,6
17244,1523,6
29606,14249,6
35914,44729,6
44729,44725,6
38270,38269,6
953,952,6
14240,14219,6
22864,953,6
23765,23766,6
23766,23779,6
15817,15860,6
15645,22974,6
41914,41913,6
41913,44476,6
27469,27463,6
25942,44018,6
44726,44727,6
44727,44730,6
44730,44728,6
38268,36015,6
39189,38268,6
38269,39189,6
40620,6053,6
44725,44723,6
1656,48351,6
43591,25297,6
39296,8916,6
34568,37812,6
34653,34567,6
25457,27177,6
44721,44711,6
44711,44719,6
44719,44712,6
27186,25457,6
51496,12341,6
27163,51496,6
27510,11998,6
4086,4135,6
44710,35913,6
50307,44718,6
44716,50307,6
18819,18820,6
41248,34580,6
8916,11394,6
2574,1641,6
17867,6478,6
29394,14213,6
13203,14315,6
36025,38270,6
36026,36025,6
36029,36026,6
2606,36029,6
14200,14193,6
42529,14200,6
29377,13183,6
14123,13054,6
44723,44721,6
14107,14123,6
29377,14093,6
20607,37201,6
14350,14129,6
23665,23765,6
33993,23665,6
34126,23558,6
44717,44715,6
15966,22877,6
22876,15966,6
14945,493,6
572,35115,6
21615,21380,6
21606,21615,6
35706,21362,6
21404,35706,6
21400,21402,6
16087,13429,6
44715,44713,6
40055,44018,6
38119,26875,6
26746,38119,6
34005,34175,6
22877,22879,6
22879,15964,6
44724,44726,6
15963,15962,6
16268,15641,6
15640,25186,6
36013,38267,6
25187,15846,6
50340,43253,6
43253,39735,6
39735,25117,6
42045,41643,6
29275,29276,6
29276,12437,6
13356,15342,6
26757,49373,6
487,24940,6
22880,22888,6
15962,22880,6
22361,21921,6
12437,28319,6
29363,14078,6
16380,44328,6
41005,41003,6
26849,45019,6
29305,26849,6
41003,41012,6
49001,41926,6
14418,14423,6
12740,40150,6
28289,12788,6
12798,28289,6
38357,19767,6
1886,3077,6
3077,2819,6
44720,4081,6
4081,44724,6
6053,40618,6
19305,41005,6
43895,13006,6
2162,38892,6
999,34104,6
12411,28181,6
13603,13246,6
44713,44718,6
36015,36013,6
13714,12841,6
44710,44720,6
34104,42313,6
1994,2135,6
2766,3124,6
42568,40949,6
40949,40947,6
3124,3446,6
3446,1994,6
40947,40945,6
11332,11336,6
34154,34153,6
2944,51494,6
49734,49726,6
35473,35505,6
23612,50517,6
24800,24799,6
42743,24800,6
23598,42743,6
22758,23598,6
24488,22758,6
22536,24488,6
22535,22536,6
16733,22535,6
24806,16733,6
37095,24487,6
48761,37095,6
50771,26846,6
48812,48761,6
50517,35325,6
49711,49734,6
48924,48546,6
49718,49711,6
49417,27352,6
28656,27978,6
27978,27074,6
27074,27342,6
27342,27969,6
27969,27977,6
35311,40631,6
4483,35311,6
4484,4483,6
12943,14113,6
41348,40754,6
40752,41348,6
40750,40752,6
35505,40750,6
14350,12943,6
48546,48812,6
21347,21700,6
25753,27215,6
23612,34001,6
359,14751,6
43857,36771,6
41171,10848,6
24932,48417,6
25265,16347,6
15884,15809,6
4034,1186,6
15809,25097,6
24856,11161,6
47924,24404,6
1143,1153,6
837,838,6
22261,34082,6
51154,22261,6
23676,44586,6
1634,4034,6
10239,10241,6
3021,42406,6
35948,29100,6
42406,4871,6
28949,44105,6
28920,28949,6
48183,6117,6
6117,5995,6
5995,20833,6
24620,50054,6
24619,24620,6
50025,24619,6
23615,50025,6
16203,47843,6
20833,20834,6
29100,29137,6
24843,23615,6
34001,24843,6
45001,48974,6
48974,48939,6
7057,7058,6
44559,44897,6
22046,22047,6
22047,7294,6
44561,44560,6
2324,2487,6
2487,2878,6
26804,12247,6
2878,16988,6
3053,6951,6
12847,13113,6
34125,34126,6
17025,17136,6
8030,8031,6
16670,16673,6
21769,36909,6
12975,29482,6
44560,44559,6
22205,22046,6
29090,29107,6
2325,2324,6
26797,26804,6
51494,3387,6
44714,44716,6
40970,20513,6
42139,40970,6
2987,2480,6
40969,42139,6
40968,40969,6
42137,40968,6
42138,42137,6
42145,42138,6
40967,42145,6
44553,40967,6
44897,44553,6
2480,2325,6
25267,24318,6
16377,25268,6
20204,20205,6
12151,35948,6
42400,47879,6
6916,18910,6
50485,29450,6
14325,14209,6
12145,12352,6
21269,748,6
25923,26232,6
26232,26247,6
16227,16226,6
29179,12145,6
29142,29179,6
29141,29142,6
14008,14533,6
8831,8669,6
8848,8638,6
9265,44736,6
19572,3886,6
17148,2419,6
19680,18911,6
2796,3456,6
20823,44561,6
14181,14151,6
17137,3469,6
5373,5376,6
3887,2693,6
7184,19680,6
1800,1478,6
20224,35345,6
18911,20224,6
2217,2589,6
3600,35830,6
3803,3007,6
2395,2356,6
28617,25753,6
37374,37376,6
34443,34433,6
40646,44175,6
44175,39178,6
24771,15926,6
15929,24771,6
15947,15944,6
37023,39842,6
37001,37023,6
18619,18629,6
16542,41764,6
40810,39176,6
5986,19798,6
4339,5986,6
589,520,6
24047,24049,6
36019,36020,6
36020,36022,6
19798,19495,6
18803,19576,6
24042,24047,6
20485,41785,6
27884,28598,6
25939,27792,6
4131,35906,6
19523,6107,6
6740,4168,6
4169,6740,6
34158,50119,6
19705,39741,6
20701,19566,6
6080,19702,6
34433,34510,6
13781,44257,6
18655,19453,6
11081,11091,6
18859,20485,6
36022,36024,6
36027,36028,6
25519,28920,6
26849,26659,6
20930,18628,6
40618,20930,6
14100,13766,6
42590,38281,6
36114,42590,6
36113,36114,6
1627,36113,6
15998,16000,6
17237,1627,6
14550,14099,6
44833,8781,6
51148,14077,6
11424,44833,6
16494,50851,6
830,34154,6
18628,6054,6
24013,22737,6
36028,2969,6
22737,50393,6
38281,1607,6
38284,36039,6
36040,40548,6
40548,36042,6
36042,36045,6
1617,1618,6
1618,2899,6
2899,2898,6
17248,800,6
735,17248,6
16000,25156,6
24018,24042,6
24012,24018,6
25357,23988,6
50393,25357,6
28119,27567,6
28121,28119,6
28125,28121,6
29496,14368,6
18771,41634,6
41634,41633,6
15884,23493,6
26992,42246,6
23113,16909,6
16909,47980,6
47980,49248,6
49248,21855,6
4873,40242,6
27995,26992,6
21855,16498,6
16498,16490,6
16490,23693,6
23693,21569,6
41895,41893,6
24850,16147,6
3832,36914,6
6107,4169,6
718,14945,6
25599,25519,6
37386,37392,6
37392,41293,6
838,839,6
51578,5373,6
25607,25599,6
26366,25607,6
28923,26366,6
839,842,6
461,483,6
483,485,6
485,720,6
5309,5338,6
720,718,6
25651,28923,6
21569,21570,6
21570,21572,6
21572,25043,6
20042,18993,6
285,48494,6
5898,5998,6
34018,14939,6
41011,5898,6
19308,41011,6
19388,18530,6
28141,28127,6
28127,44288,6
39784,48030,6
48494,48495,6
797,264,6
39149,18780,6
19496,6851,6
19495,19496,6
19453,18634,6
6851,19740,6
422,797,6
424,422,6
27388,27994,6
5979,18991,6
25546,26227,6
41696,5979,6
39625,39623,6
39623,25562,6
48010,46712,6
4843,4844,6
427,424,6
44700,291,6
41533,4028,6
12959,12823,6
14720,29450,6
453,451,6
451,427,6
50046,50065,6
20648,18234,6
41455,41454,6
13354,22235,6
2657,1195,6
25175,25191,6
16095,25193,6
25193,25194,6
25194,15883,6
1656,2657,6
3870,1636,6
701,43258,6
2500,3870,6
36980,10840,6
27689,26615,6
10840,43801,6
8905,10400,6
41132,51560,6
51560,10083,6
15929,15925,6
10083,51846,6
51846,8795,6
8796,9566,6
10444,48500,6
23306,15889,6
23305,23306,6
1722,38785,6
821,23305,6
24930,23681,6
51984,1485,6
17283,1475,6
1391,1410,6
37113,37110,6
14825,49199,6
49199,14866,6
38658,47885,6
3042,48296,6
6393,6769,6
26822,28566,6
7051,7052,6
28255,26822,6
7052,7053,6
15838,23301,6
23301,23302,6
23302,23303,6
23303,23304,6
23304,821,6
51529,29339,6
50485,15219,6
15745,15538,6
28249,28564,6
42314,44099,6
28083,48263,6
48263,43986,6
27849,27852,6
43986,28071,6
26798,12736,6
36086,34562,6
28252,26798,6
28564,28252,6
28248,28247,6
4750,4801,6
27162,12000,6
39519,28082,6
28082,39395,6
39395,27192,6
28251,28248,6
35080,1695,6
34234,34233,6
38663,34234,6
34394,38663,6
28242,26811,6
26811,26813,6
26813,28200,6
28200,26818,6
4801,20370,6
19867,51230,6
7048,17967,6
36893,13354,6
24776,15929,6
4128,1758,6
4125,4127,6
3121,3122,6
3122,17353,6
4794,20245,6
20245,35356,6
16403,15834,6
15722,25126,6
35356,5039,6
36896,13354,6
34657,8503,6
34441,34444,6
34444,34541,6
26818,26819,6
24931,253,6
24927,23680,6
14788,37115,6
18644,21234,6
12327,28651,6
44446,11449,6
28113,27335,6
715,14762,6
4837,4777,6
4777,4756,6
27859,27862,6
4756,4738,6
11093,11091,6
21234,21231,6
14863,14860,6
34168,11871,6
9053,11880,6
50032,23551,6
39249,27587,6
39482,27598,6
44565,42694,6
44568,44565,6
42894,16221,6
12119,49413,6
13274,9658,6
27335,41904,6
41904,27304,6
20740,19821,6
25301,16582,6
25324,25318,6
26154,42555,6
13601,13295,6
35283,13178,6
24369,949,6
4038,1190,6
4047,4038,6
4132,1495,6
2572,3327,6
3840,2050,6
4086,4132,6
19179,19182,6
26872,12740,6
19182,19171,6
19171,19172,6
19172,19183,6
4111,4086,6
16655,22278,6
26597,26613,6
10132,37785,6
24201,16777,6
14538,42707,6
42707,29480,6
50461,50407,6
20384,4886,6
48800,39213,6
24838,16709,6
44765,21497,6
16595,41370,6
21354,44765,6
21675,89,6
15878,15526,6
15526,25129,6
21387,21354,6
21972,175,6
22085,21972,6
47829,22072,6
50558,39827,6
47885,1098,6
1485,4122,6
14852,14863,6
413,414,6
37773,42575,6
11051,11092,6
37769,44348,6
110,50032,6
21500,110,6
13893,12937,6
13920,14538,6
27422,40053,6
43016,3065,6
44489,43016,6
43017,44489,6
40866,4530,6
42995,42996,6
3116,42995,6
1604,3116,6
42993,1604,6
3385,42993,6
42993,2972,6
6769,6771,6
44492,42993,6
44348,44492,6
10113,10193,6
17268,1260,6
1687,3835,6
34479,34394,6
42652,6718,6
51303,51330,6
51329,51303,6
49362,5781,6
20855,19711,6
36058,36118,6
6668,40587,6
29385,29402,6
29402,22234,6
17257,36058,6
20848,19703,6
13083,13042,6
5575,47827,6
13239,13639,6
51306,51329,6
24110,24121,6
24121,24131,6
25309,51306,6
40714,40586,6
40676,40714,6
51300,25320,6
51330,51344,6
51344,51297,6
51297,51339,6
51339,51353,6
13123,50332,6
23347,12962,6
34435,34429,6
15460,15849,6
25081,15460,6
27128,44145,6
17966,41673,6
16092,22034,6
27425,27078,6
36048,4069,6
49329,14595,6
8331,8242,6
34494,34751,6
7798,49388,6
25160,15972,6
15498,48864,6
12987,12827,6
36056,17258,6
36118,36056,6
40597,40676,6
51326,51300,6
51327,51326,6
6677,6685,6
19849,19850,6
19850,19851,6
19851,19852,6
50692,750,6
7034,39017,6
33993,17,6
13805,13200,6
14548,12840,6
43231,14548,6
13675,13710,6
13589,13675,6
4797,19821,6
4738,4797,6
48138,22804,6
21633,46240,6
8169,8170,6
24236,24446,6
23310,34049,6
22998,22034,6
21608,21624,6
16521,25324,6
40598,40597,6
21624,21356,6
40599,40598,6
51328,51327,6
40596,40599,6
6680,40596,6
17918,17902,6
34058,25370,6
40595,6680,6
6679,40595,6
6678,6679,6
25319,51328,6
22761,34064,6
47871,33982,6
4741,4879,6
25324,25319,6
24244,24248,6
21595,29342,6
24183,21594,6
24787,23897,6
21352,966,6
21744,22105,6
18704,7282,6
34399,34479,6
979,21513,6
34389,34391,6
5367,5714,6
13056,38944,6
39962,13056,6
16491,42405,6
34829,40165,6
40165,7731,6
7731,8024,6
34392,34388,6
21715,23355,6
4870,4008,6
1031,35281,6
34392,34394,6
7944,7981,6
21919,22851,6
16437,16438,6
16157,16437,6
16436,16157,6
16435,16436,6
17521,17406,6
38944,13730,6
34789,34829,6
34400,34415,6
34415,34414,6
34397,34399,6
34414,34397,6
1375,1687,6
1167,1190,6
4031,1167,6
17222,17272,6
1074,17222,6
1072,1074,6
1061,1072,6
36000,1061,6
17353,3291,6
4040,36000,6
1034,4040,6
2893,2849,6
2849,3050,6
47863,2392,6
5721,37465,6
37465,5395,6
5395,6380,6
16434,16435,6
16433,16434,6
16432,16433,6
34387,38663,6
28250,28251,6
26791,28250,6
26796,26791,6
29015,26805,6
48112,29015,6
15460,16657,6
25081,24200,6
21920,22637,6
41117,43976,6
22440,33880,6
43976,8033,6
39764,22440,6
23671,39764,6
48885,23671,6
18736,20794,6
10448,11734,6
47799,18704,6
17425,3852,6
3181,1296,6
34233,34387,6
1256,1228,6
34389,34385,6
2965,4132,6
40178,2965,6
50003,38652,6
12825,49930,6
22851,25363,6
14947,486,6
10515,11632,6
34479,34388,6
34401,34479,6
8458,10715,6
41749,16543,6
34403,34401,6
34416,34403,6
8030,41117,6
34413,34416,6
34398,34413,6
34400,34398,6
25363,21920,6
34664,34391,6
38663,34664,6
16582,741,6
25129,15804,6
12841,13129,6
49192,40990,6
19908,7199,6
7199,17612,6
17612,17594,6
17594,5575,6
42828,42256,6
42829,42828,6
23559,34133,6
4068,4069,6
3385,17508,6
4658,42399,6
26842,26938,6
42399,5641,6
21057,21041,6
21041,6203,6
6203,21015,6
40995,40993,6
37689,12945,6
17508,3386,6
40993,49192,6
3386,17493,6
27633,27638,6
27786,27633,6
34133,25032,6
25032,23553,6
40133,43378,6
1384,1687,6
23885,23755,6
17650,19908,6
17653,17650,6
17664,17653,6
36771,19672,6
16453,33886,6
13561,13557,6
13652,13561,6
13259,13684,6
15935,15931,6
41990,41998,6
15314,38393,6
22262,34082,6
6538,6537,6
10886,8905,6
22261,22262,6
8905,11065,6
29034,49392,6
17686,17689,6
41519,41990,6
17739,17729,6
17272,41519,6
17729,17723,6
17723,17720,6
2958,1976,6
17720,17691,6
6537,40995,6
49719,42246,6
17691,17654,6
17654,49295,6
49295,17686,6
2957,2958,6
1274,1375,6
28186,25777,6
17219,41513,6
833,815,6
9560,8749,6
28163,27377,6
8749,8965,6
26184,26114,6
8965,11269,6
11228,11226,6
11146,11133,6
28022,27114,6
47888,25553,6
6045,6775,6
26171,47862,6
11133,11136,6
44340,44317,6
11262,39074,6
21513,44318,6
11136,10885,6
1155,1162,6
10885,10397,6
10397,10878,6
41520,1163,6
10878,10392,6
49083,36084,6
36084,42971,6
10392,10880,6
44318,50396,6
50396,44340,6
3327,2957,6
815,24436,6
1198,17219,6
13295,13075,6
40060,48998,6
27472,27464,6
40132,25469,6
26747,26746,6
48998,49023,6
28675,26063,6
49023,50561,6
26009,26080,6
26740,26897,6
26897,26707,6
27462,42254,6
25464,40133,6
38157,8348,6
24430,835,6
35283,13295,6
15414,23875,6
42254,49719,6
18821,20218,6
50561,41657,6
41657,41655,6
41655,28170,6
25580,25585,6
26109,25916,6
28170,41653,6
41997,41520,6
41653,41926,6
3665,3080,6
10880,10393,6
16429,16451,6
48282,24940,6
16451,16452,6
5492,50640,6
16449,16450,6
39876,6798,6
16450,16477,6
16477,16429,6
6800,39877,6
24537,24501,6
23655,22928,6
48444,6034,6
18887,48444,6
3664,3665,6
16007,15994,6
26777,28245,6
40075,42244,6
41540,40075,6
24323,333,6
15538,15598,6
16452,16453,6
39761,100,6
357,361,6
34083,23763,6
6391,18770,6
6798,6799,6
37338,37330,6
16074,16449,6
37330,37332,6
323,42786,6
37613,37612,6
15598,16447,6
16448,16074,6
42989,42987,6
26642,28549,6
18121,50175,6
6118,20480,6
26781,26779,6
44001,50688,6
42244,40074,6
40080,40076,6
25299,15993,6
40076,41540,6
15377,23252,6
40082,40080,6
23759,40796,6
51589,51587,6
26779,26777,6
1024,51589,6
22288,22527,6
25777,40082,6
4694,4695,5
43830,44251,5
50239,11111,5
19437,21250,5
50811,6790,5
4682,4689,5
47829,21629,5
11106,50239,5
11225,11227,5
25278,43830,5
34857,8027,5
7222,35332,5
18248,44138,5
51564,11903,5
29350,23878,5
23257,25123,5
15416,21778,5
6878,18773,5
15460,50534,5
22256,15367,5
23878,23885,5
24756,35287,5
25459,26186,5
11107,11106,5
6671,50811,5
11256,11107,5
11105,11256,5
26721,26860,5
12828,12847,5
8027,34858,5
19517,18248,5
17740,17749,5
4680,4681,5
11111,11108,5
43218,40855,5
4668,20740,5
41133,23401,5
4980,4668,5
15616,23883,5
35696,1296,5
48912,35696,5
47878,48898,5
4690,4694,5
11109,39082,5
39082,39076,5
39076,11789,5
21074,19517,5
26865,28579,5
26864,26865,5
4681,4682,5
6670,6671,5
6674,6675,5
16337,50,5
37362,37364,5
35515,49,5
4689,4690,5
26574,12327,5
3920,3918,5
25940,26574,5
46704,27865,5
50,35515,5
35701,26710,5
25465,25459,5
40856,40853,5
24202,24462,5
35696,48889,5
3956,35696,5
8026,34857,5
6675,6676,5
24483,787,5
35287,21692,5
3565,3798,5
38298,38297,5
40956,40957,5
37338,37334,5
5311,5310,5
28924,28925,5
38295,15919,5
48060,2657,5
38297,38295,5
1071,1646,5
25617,28924,5
1646,1051,5
3489,3565,5
38301,38298,5
38302,38301,5
20663,6947,5
37018,38302,5
34537,34443,5
25608,25617,5
20710,20078,5
16946,4070,5
24145,24159,5
40957,40959,5
40959,40936,5
40936,20556,5
40978,40773,5
12975,12945,5
18310,18307,5
18916,18310,5
13062,13071,5
19457,19456,5
19799,19457,5
27531,27481,5
27525,27531,5
27801,27523,5
10484,49722,5
25880,26404,5
26861,26723,5
44025,20792,5
18919,44025,5
44025,18907,5
28433,28429,5
18365,44342,5
43054,19456,5
20912,4199,5
15699,775,5
24783,15699,5
34530,34538,5
41168,43856,5
6948,6949,5
6949,6950,5
11746,11144,5
11143,10886,5
10886,11130,5
8001,8427,5
8069,8001,5
11132,11131,5
8044,34794,5
11134,44424,5
26860,26861,5
24243,24239,5
21778,23751,5
25506,40117,5
44424,11145,5
28916,40084,5
15380,15372,5
11145,11225,5
3536,3489,5
10882,10884,5
6947,6948,5
24036,24784,5
39071,10882,5
23909,23936,5
28922,25608,5
41136,7980,5
14104,13134,5
11127,11126,5
11126,10870,5
29406,14605,5
48943,28638,5
8427,41136,5
25535,28922,5
25521,25535,5
40117,25521,5
10870,10871,5
10871,10869,5
10869,10872,5
10872,10874,5
10874,9754,5
9754,51427,5
51427,39071,5
11856,9430,5
13866,13870,5
3489,3798,5
24054,24784,5
21633,23110,5
21367,21591,5
21471,24787,5
15564,21880,5
47788,13246,5
4710,4886,5
24167,24734,5
23958,23962,5
18838,17739,5
21808,25355,5
25355,23930,5
24850,21799,5
27688,27673,5
21322,21324,5
17750,18838,5
44656,15394,5
21325,22082,5
21368,48121,5
48121,21972,5
6878,6882,5
14692,15233,5
47973,2657,5
50898,21633,5
21731,21596,5
13645,13822,5
23996,24014,5
25356,23996,5
23987,25356,5
42198,34159,5
10912,10825,5
19845,42198,5
42707,13154,5
12879,42707,5
13822,12879,5
1394,16996,5
44696,15886,5
6483,7232,5
44898,44558,5
21459,21460,5
37326,37328,5
2478,6998,5
21461,613,5
48089,16147,5
613,21584,5
21584,21731,5
50546,39830,5
13992,13219,5
13082,13081,5
42842,4111,5
2804,3290,5
27715,27629,5
42512,39637,5
27747,27715,5
39637,39271,5
43818,39133,5
43829,25274,5
25369,43829,5
4697,4516,5
23694,888,5
44803,10627,5
4516,4710,5
43246,6981,5
40938,44899,5
18689,18749,5
6869,18657,5
18087,6869,5
18777,18087,5
23596,48215,5
1365,48297,5
4696,4697,5
19178,4199,5
6877,6878,5
21449,21455,5
6874,6879,5
18775,18772,5
6873,18775,5
44899,44898,5
21558,24694,5
24694,21448,5
40567,44656,5
40565,40567,5
21448,21449,5
24261,40565,5
41226,15607,5
39731,39733,5
39729,39731,5
39727,39729,5
24263,39727,5
21455,21457,5
21457,10894,5
888,890,5
15708,24464,5
9526,9261,5
21316,24054,5
24034,24026,5
41779,22182,5
13136,42858,5
6231,20976,5
20995,6231,5
6230,20995,5
38745,6230,5
27516,43031,5
43761,27523,5
38743,38745,5
27278,39422,5
10825,10821,5
6628,6629,5
18823,18825,5
10743,8669,5
8831,10743,5
15702,15898,5
51080,26412,5
39375,51080,5
49267,39375,5
39475,49267,5
39376,39475,5
15900,15853,5
40563,24264,5
4695,4696,5
43349,27173,5
51568,11999,5
1294,3870,5
34509,34457,5
20171,20409,5
1365,1228,5
5092,4585,5
13851,13861,5
41133,11159,5
11159,37036,5
8025,34853,5
48215,14600,5
14545,14588,5
6950,6946,5
11157,11124,5
11124,8560,5
10393,10421,5
9754,11249,5
11249,51427,5
51427,10879,5
10879,10878,5
10878,43492,5
18826,18830,5
39728,40563,5
40564,39728,5
51936,40564,5
14003,29462,5
20758,20759,5
39754,22449,5
20759,6062,5
20761,20220,5
20152,35581,5
6708,20766,5
44556,44555,5
24324,39754,5
44557,44556,5
29462,13030,5
44554,20139,5
44558,44557,5
26180,26182,5
26182,26183,5
26726,26864,5
26183,25465,5
26722,26721,5
19577,18810,5
34019,24324,5
14537,12880,5
44555,44554,5
20143,35579,5
14576,13088,5
43482,43483,5
39732,51936,5
39735,24457,5
40566,39735,5
44656,40566,5
39738,44656,5
15393,39738,5
40122,28917,5
43492,43481,5
43481,43482,5
43483,43238,5
35579,20144,5
4979,19086,5
27889,27747,5
4927,4936,5
12945,13591,5
4706,4862,5
28917,26180,5
8899,7444,5
14840,14898,5
14898,24898,5
43238,10884,5
44044,44043,5
13062,14595,5
4755,4776,5
4776,4836,5
51448,14397,5
4836,4792,5
29245,25869,5
35005,7301,5
25869,12086,5
12086,12092,5
12092,12091,5
12091,12089,5
7301,7764,5
26723,26862,5
12093,29018,5
7764,7302,5
7302,8055,5
51445,51448,5
14177,51445,5
8055,7327,5
14304,14177,5
44547,44543,5
14728,33965,5
46420,24407,5
27645,27665,5
13810,12830,5
27638,27645,5
40492,6711,5
29056,29245,5
2607,15206,5
48432,39595,5
42734,15193,5
28725,28724,5
28727,28725,5
26874,28727,5
4893,4796,5
39595,39597,5
39597,39596,5
35020,7559,5
7559,44852,5
1553,45005,5
42121,42397,5
40864,41222,5
44852,36926,5
35994,1553,5
1542,35994,5
1538,1542,5
29438,14270,5
1531,1538,5
1523,1531,5
1381,17244,5
4004,1381,5
43954,45031,5
36334,41133,5
29416,43954,5
42397,4515,5
15193,15187,5
4201,40492,5
51987,5063,5
15958,15969,5
4510,41045,5
43179,43172,5
19817,18777,5
43187,43179,5
40163,43187,5
4018,1188,5
11786,11788,5
11141,11786,5
11147,11141,5
11149,11147,5
11151,11149,5
39888,39886,5
43168,43186,5
43166,43168,5
43164,43166,5
43182,43164,5
44757,43182,5
39886,39884,5
49794,7561,5
7561,23147,5
4174,18087,5
11154,11152,5
18087,18311,5
8148,7725,5
19467,4929,5
3077,1878,5
43172,43169,5
43169,43175,5
43175,43177,5
12920,14101,5
39976,39967,5
15219,29581,5
7327,8433,5
29100,41901,5
22881,15958,5
13072,13208,5
43682,43681,5
43681,47976,5
15960,22881,5
15961,15960,5
15959,15961,5
6865,20011,5
11788,39075,5
12299,43711,5
14101,14096,5
14096,14098,5
22888,15959,5
7335,7333,5
14098,14107,5
39075,11114,5
43180,43188,5
18086,19817,5
43998,43180,5
43177,43998,5
4968,4261,5
28724,28723,5
8317,43244,5
48205,26808,5
35610,39226,5
636,40897,5
39226,37221,5
37221,35609,5
35609,38983,5
38983,12557,5
28728,38984,5
26919,26717,5
38984,37221,5
37221,35608,5
35608,39227,5
39227,28217,5
12247,28198,5
12736,26810,5
26870,26919,5
26810,26815,5
26815,26827,5
49796,27778,5
47984,39052,5
38553,2661,5
27654,27594,5
19847,39147,5
17727,17740,5
26717,26716,5
41104,35621,5
26781,35610,5
26807,48205,5
48143,17614,5
26903,43357,5
27836,27839,5
27353,49417,5
35368,43350,5
27463,27340,5
4927,4542,5
44042,44041,5
44041,44040,5
44040,44039,5
27851,27836,5
39487,39412,5
278,48497,5
51393,4500,5
4500,18401,5
18401,4529,5
275,278,5
206,208,5
14101,29340,5
40896,213,5
17563,3945,5
40897,40896,5
17605,50476,5
35958,44136,5
37364,37362,5
25846,26813,5
26813,28262,5
41982,34453,5
42109,41982,5
34451,42109,5
41225,34451,5
28722,28719,5
28706,28722,5
28723,28706,5
17643,17656,5
40615,19040,5
49307,17643,5
6588,49307,5
17698,6588,5
6711,20175,5
40611,40613,5
40255,4781,5
4781,4735,5
40606,40611,5
4742,40575,5
17671,17698,5
17661,17665,5
6389,17661,5
20881,6389,5
47925,4957,5
17618,20881,5
4938,4940,5
4940,4829,5
23704,50550,5
4829,5975,5
5975,4480,5
28719,28718,5
17656,17692,5
17692,17719,5
27905,49563,5
34449,41225,5
34448,34449,5
34447,34448,5
34446,34447,5
49038,17746,5
35491,34446,5
42113,17746,5
21238,21239,5
21239,40293,5
40293,18643,5
41633,42113,5
40150,26475,5
17719,17722,5
18370,19389,5
16694,14867,5
14867,45049,5
1124,48414,5
44542,43142,5
35715,39159,5
4588,21093,5
17722,17727,5
34579,37812,5
18859,5821,5
4924,4588,5
8071,8317,5
45029,29454,5
2608,2969,5
1087,1095,5
2038,1980,5
3896,35794,5
35825,3896,5
1086,1091,5
37597,13322,5
1091,44358,5
44358,4030,5
4030,4042,5
4042,4041,5
4041,1067,5
1067,1040,5
1034,1036,5
1036,36003,5
36003,43347,5
19259,21242,5
17637,21250,5
43347,36004,5
7678,7679,5
36004,36006,5
5195,5305,5
7612,41177,5
7598,7612,5
15233,264,5
5305,4803,5
22956,44371,5
1095,1086,5
17220,1087,5
49344,16673,5
1066,17220,5
39775,27842,5
80,22379,5
22379,16291,5
28292,29053,5
44092,28209,5
1247,3937,5
28310,44092,5
28818,28866,5
12640,28818,5
29022,12640,5
29045,29022,5
16291,23642,5
17282,1460,5
5095,35368,5
41870,29045,5
49015,41870,5
5783,20648,5
51228,5783,5
5782,51228,5
4036,50891,5
50891,1208,5
5781,5782,5
4029,17254,5
17254,1068,5
1068,1066,5
16202,24296,5
36006,1166,5
9615,9740,5
1028,22178,5
43546,21004,5
4753,4800,5
43539,43546,5
51331,21248,5
18758,18321,5
2223,2517,5
20851,20480,5
43888,4193,5
43889,43888,5
43890,43889,5
39184,26479,5
26479,26480,5
26480,45008,5
45008,26506,5
26506,25505,5
25505,42101,5
42101,40091,5
25530,26481,5
19679,19494,5
18365,18919,5
43891,43890,5
43892,43891,5
20988,43892,5
51946,5035,5
1209,1243,5
21004,6141,5
5035,40252,5
44043,44042,5
15626,15617,5
38785,1724,5
1730,39066,5
18983,4344,5
27799,27804,5
48294,16786,5
18985,4347,5
39065,1732,5
48918,13725,5
2563,17222,5
1721,38776,5
17222,1209,5
20287,18985,5
6142,6139,5
18571,18583,5
4786,4503,5
19773,20287,5
50955,19004,5
29189,12162,5
51264,42908,5
44055,8218,5
4802,4786,5
8218,34796,5
34796,34834,5
5189,4802,5
8612,9043,5
49348,49344,5
45027,45029,5
35041,7604,5
51452,14378,5
25589,25556,5
45023,51452,5
13074,743,5
25935,25996,5
6598,6497,5
6497,18206,5
10021,49640,5
18311,6869,5
6869,18749,5
23222,21696,5
26862,26863,5
842,843,5
14870,14825,5
5804,6018,5
29,19,5
8439,8464,5
42503,48479,5
48479,24711,5
19264,18383,5
6691,6690,5
6690,6688,5
6688,6692,5
6692,6693,5
6693,37172,5
6656,6598,5
14171,14399,5
49334,49348,5
14399,14422,5
13006,45027,5
14439,14432,5
2733,1940,5
14441,14439,5
14435,14440,5
14433,14435,5
14423,14433,5
7755,47881,5
47881,51159,5
51456,14418,5
11156,11154,5
14286,14486,5
22241,48480,5
20288,20166,5
20171,20288,5
39967,39966,5
48480,42504,5
11222,11156,5
49640,11222,5
39884,39882,5
39882,6648,5
14400,51462,5
14305,29562,5
14307,14305,5
14422,14307,5
37172,6695,5
18383,21124,5
21124,18410,5
18206,7248,5
28579,26866,5
26863,26726,5
23583,22876,5
41784,18121,5
21387,21352,5
21352,15402,5
15384,21375,5
21607,144,5
144,21393,5
19606,5303,5
21400,48758,5
5303,5175,5
7248,18216,5
26715,12193,5
12193,51421,5
51421,26738,5
26738,41642,5
42045,41641,5
17637,19067,5
18216,18218,5
18218,49362,5
21548,49332,5
49332,49341,5
7604,8612,5
49341,49334,5
39972,7060,5
7060,7055,5
39968,39969,5
39964,39970,5
51039,41772,5
42848,42847,5
42849,42848,5
24400,999,5
42850,42849,5
22110,7619,5
28294,28295,5
26868,26869,5
26867,26868,5
26866,26867,5
4679,4680,5
20408,18692,5
39969,39964,5
10591,11286,5
36771,17303,5
20408,18691,5
18691,18692,5
11224,11131,5
11131,35072,5
11284,11067,5
11015,11000,5
10985,10949,5
10949,41170,5
14906,14880,5
6141,6142,5
37328,37332,5
40754,40753,5
39496,40423,5
11173,11180,5
11170,11173,5
11168,11170,5
11253,11168,5
11162,11253,5
3364,2444,5
11156,11223,5
11153,11156,5
11151,11153,5
41369,38310,5
3005,3006,5
3006,3560,5
3560,38892,5
3952,3959,5
1124,47885,5
47885,1109,5
19474,20747,5
40777,11242,5
11242,10754,5
11234,10754,5
49504,51559,5
49707,20541,5
24995,33943,5
33943,15817,5
26421,27714,5
14285,41894,5
39484,28881,5
11180,11190,5
11190,11192,5
11192,11193,5
25414,23453,5
3086,2445,5
9440,11239,5
11239,40777,5
14391,14271,5
42415,49812,5
10886,43771,5
35462,7094,5
34210,40764,5
50781,15206,5
35474,6046,5
40751,35474,5
1197,1188,5
22561,22559,5
11193,51597,5
23459,15492,5
23404,23459,5
23403,23404,5
22559,24933,5
40753,40751,5
24933,41369,5
2445,46749,5
46749,2112,5
27865,25940,5
2112,3364,5
11962,27851,5
51597,11208,5
23501,23403,5
19821,17003,5
15416,38111,5
15630,35231,5
6042,5085,5
51195,18459,5
13424,13116,5
44458,13356,5
13356,13178,5
21987,21977,5
13601,13268,5
12983,12835,5
14539,12918,5
14536,14539,5
42858,14536,5
13354,42858,5
18510,37180,5
28308,12801,5
28268,28434,5
51195,46230,5
14642,348,5
5244,6057,5
29005,29006,5
29007,29005,5
28451,35401,5
35401,29178,5
12326,29007,5
27622,27646,5
41573,18757,5
21485,15719,5
21977,22676,5
4150,21126,5
21126,19389,5
19389,19264,5
26040,26037,5
35231,35232,5
35232,35223,5
35223,36129,5
36129,41219,5
4763,19821,5
5490,5497,5
23400,41132,5
25419,23400,5
11233,9046,5
23448,23501,5
41784,4179,5
4744,20740,5
4678,4744,5
43147,4675,5
19093,5143,5
40046,23443,5
4861,19093,5
4675,4861,5
40030,40046,5
23433,40030,5
23436,23433,5
23503,23461,5
33906,23508,5
4090,4142,5
4142,38476,5
38476,4146,5
44926,21591,5
10770,11539,5
9879,10770,5
24787,24185,5
24889,15186,5
7590,8035,5
374,662,5
15186,15181,5
25391,40559,5
34871,12582,5
12582,12549,5
40559,42094,5
47976,42216,5
757,34346,5
37294,37344,5
16002,23481,5
23419,16003,5
35846,34995,5
21013,18284,5
16020,16447,5
16448,15548,5
1555,1566,5
1574,1584,5
43854,34735,5
8988,10727,5
1720,38790,5
5682,5683,5
38779,1718,5
34976,7980,5
1718,38787,5
51195,18470,5
24971,24889,5
39801,26403,5
39803,39801,5
18696,18677,5
25841,28173,5
28171,25841,5
26836,28171,5
20917,18912,5
17675,20917,5
34588,34589,5
25844,26836,5
38553,2501,5
7023,18629,5
26935,25844,5
19829,20255,5
20255,51704,5
18677,5498,5
38969,39803,5
28584,26935,5
25843,28584,5
18634,7016,5
27230,28149,5
5754,5753,5
5755,5754,5
25817,25843,5
25819,25817,5
25842,25819,5
25818,25842,5
9509,9915,5
35701,23543,5
40771,20141,5
41748,7215,5
7215,18592,5
23113,43768,5
35520,35523,5
35523,35524,5
35524,35525,5
35525,35526,5
35526,18877,5
14389,14391,5
7100,7101,5
7101,7102,5
7102,7103,5
43772,11136,5
8366,41138,5
41138,8427,5
7103,7104,5
35518,35519,5
7104,7105,5
7105,41582,5
41582,41580,5
41580,41581,5
24185,21322,5
8427,8001,5
8001,34794,5
8069,8044,5
8044,34772,5
50263,24185,5
2607,50781,5
40764,40762,5
35519,35520,5
18876,35518,5
34859,49191,5
2337,38790,5
7221,5238,5
20108,40770,5
40760,20108,5
49191,8018,5
8018,50864,5
10716,10776,5
40762,40760,5
51604,1662,5
17513,51604,5
41672,18103,5
20533,20409,5
41224,39296,5
38789,1718,5
14387,14389,5
3266,23129,5
2134,2434,5
2499,3187,5
3187,2006,5
2006,2009,5
2009,2010,5
2010,2020,5
2020,2988,5
2988,2532,5
2532,2533,5
2533,3086,5
28408,28410,5
27653,27851,5
22437,21818,5
24178,23717,5
23538,38368,5
4824,40219,5
40219,5679,5
5679,5189,5
21298,39998,5
39998,39993,5
6360,4503,5
1688,1687,5
24774,22450,5
22450,24233,5
4205,47177,5
47112,18972,5
21077,4166,5
42020,7289,5
24668,15625,5
21068,21077,5
21054,21068,5
21017,21054,5
24233,42773,5
7909,7945,5
48708,7909,5
19581,4179,5
23463,23455,5
23455,15487,5
40041,40040,5
40040,40429,5
40429,40042,5
40042,40044,5
4932,4824,5
4639,4932,5
4800,4639,5
16809,21331,5
23211,26403,5
26614,27901,5
850,23759,5
1560,1498,5
1498,1492,5
40763,6524,5
6526,6045,5
15934,792,5
38303,38304,5
18703,7197,5
29503,14161,5
14161,29383,5
21331,23755,5
49770,21298,5
24753,22983,5
1492,1500,5
1500,17242,5
16940,36010,5
3275,3996,5
36112,16940,5
35079,36112,5
28977,25675,5
1396,1340,5
42829,3834,5
2387,1814,5
18915,49788,5
40044,40045,5
40045,40047,5
50776,2608,5
17947,6543,5
39175,40809,5
39177,39180,5
21069,4166,5
22822,33943,5
42597,42606,5
42606,42594,5
47948,2356,5
40796,40798,5
41010,20214,5
42564,20151,5
20574,20578,5
16928,1561,5
4132,16929,5
40022,11478,5
16929,16928,5
17421,43513,5
43513,44098,5
15818,16419,5
23481,25153,5
23478,23481,5
37372,37360,5
1207,1213,5
1213,1223,5
1231,1232,5
16002,23478,5
893,24443,5
40809,16601,5
35615,40022,5
42773,36830,5
1210,1197,5
36830,36831,5
43158,19454,5
49189,7056,5
7056,20648,5
43840,14381,5
23224,21321,5
21321,15624,5
15719,44487,5
1264,1251,5
44487,15723,5
16363,25267,5
43324,43258,5
1929,2873,5
35679,35615,5
14381,41884,5
41884,41886,5
41886,29617,5
41447,7336,5
7336,7768,5
42587,38138,5
10759,10381,5
34155,39228,5
34152,34155,5
24403,34152,5
24559,24508,5
35678,35679,5
23544,23538,5
16109,15481,5
26039,26040,5
38375,15660,5
22835,86,5
21686,22835,5
13290,12898,5
24861,22723,5
16063,21675,5
22264,16063,5
18161,6471,5
49229,78,5
24713,49229,5
49792,24713,5
40977,20151,5
12824,13128,5
13062,13000,5
43547,43549,5
43549,37825,5
34464,51714,5
37825,43553,5
43553,43552,5
43552,37824,5
37824,6125,5
5885,18573,5
18573,43531,5
43531,43535,5
1134,2838,5
42459,14819,5
43535,50890,5
50890,18563,5
34107,22462,5
22462,22339,5
21678,24756,5
19173,7139,5
28915,41087,5
27583,27572,5
41147,4199,5
19178,19179,5
27841,27660,5
27671,27676,5
12750,27237,5
17827,17828,5
4180,19168,5
7145,20913,5
50940,44568,5
21025,19434,5
41147,17667,5
16850,15558,5
41087,26527,5
26527,25673,5
21013,21025,5
25673,46813,5
46813,26271,5
6471,18136,5
50771,25709,5
20143,20144,5
41599,49800,5
50802,41599,5
18103,17989,5
15558,24826,5
24894,42459,5
22080,23114,5
15254,15259,5
41000,42151,5
40206,40205,5
19437,19067,5
15410,41264,5
48824,15618,5
41131,48813,5
41882,29440,5
40209,40206,5
40210,40209,5
41133,40210,5
16645,25191,5
40990,40998,5
40998,41000,5
26710,26890,5
23601,15360,5
13019,14595,5
23210,15571,5
19889,41007,5
21917,15575,5
15563,24738,5
6003,19298,5
15664,16103,5
15661,15664,5
24430,24418,5
26038,26039,5
15660,15661,5
22268,21918,5
40205,39835,5
22872,16649,5
15259,15266,5
11251,11247,5
15266,23601,5
1587,1602,5
1602,4025,5
4025,1575,5
1575,1560,5
25950,29004,5
22386,24745,5
18162,18161,5
29426,45028,5
18859,6538,5
15906,23308,5
41131,41130,5
11196,11251,5
47956,21369,5
18197,6467,5
11192,11196,5
40195,11192,5
40196,40195,5
40200,40196,5
39835,40200,5
16221,44248,5
15323,15367,5
39661,6747,5
6749,39661,5
15273,15270,5
21402,48758,5
20571,20574,5
21460,21461,5
24970,15174,5
43303,23259,5
16079,16080,5
16080,16081,5
16081,35714,5
40943,44940,5
35715,41488,5
27328,27329,5
27330,27328,5
27334,27332,5
49329,13322,5
44893,15988,5
23769,14355,5
34539,34541,5
15867,15722,5
50388,6707,5
28914,26075,5
29573,43895,5
42514,29573,5
49386,34751,5
2542,2543,5
1585,43345,5
2543,2226,5
4078,42256,5
1702,16940,5
16940,36009,5
36009,16941,5
22268,21919,5
13332,13915,5
16078,16079,5
16074,16075,5
25670,25645,5
742,16491,5
5759,5758,5
40861,40860,5
20275,40861,5
40863,20200,5
43415,43417,5
11931,25882,5
27606,27609,5
20659,20660,5
20660,20661,5
38346,22546,5
48640,13362,5
28341,35197,5
15928,38346,5
27607,27606,5
27608,27607,5
26988,27608,5
26989,26988,5
22540,37003,5
47964,3228,5
29072,26989,5
15533,51871,5
49205,14966,5
2357,2179,5
16073,16074,5
47406,45038,5
1656,49330,5
13318,29339,5
48783,48921,5
2713,3950,5
25829,26078,5
4810,4898,5
4898,4723,5
28471,25829,5
2226,2223,5
4723,43131,5
43131,4778,5
4778,5176,5
5176,5054,5
5054,4767,5
4767,5056,5
40941,40939,5
40939,40937,5
39922,5263,5
40937,40938,5
36491,13246,5
5256,5254,5
6388,5256,5
40944,40943,5
5258,6338,5
5259,5258,5
2633,20508,5
5263,5264,5
40942,40944,5
40114,40104,5
48457,48783,5
49330,2657,5
23401,23419,5
308,323,5
44940,40941,5
7798,34505,5
47966,24920,5
41491,35718,5
13225,12991,5
303,327,5
35718,39806,5
39806,35719,5
43906,40942,5
51090,44073,5
35719,42061,5
599,47966,5
42061,41829,5
35312,4717,5
25659,28914,5
16426,15754,5
15755,15545,5
34114,50515,5
5561,4820,5
26078,25659,5
16020,25364,5
4820,4810,5
50515,16895,5
16895,48457,5
40945,40948,5
34541,51149,5
3101,2541,5
24838,34096,5
14355,38939,5
17303,20374,5
9768,11587,5
49158,3098,5
3098,3100,5
11346,9768,5
3100,3101,5
40116,48473,5
40951,42569,5
50022,23752,5
23752,22735,5
22735,34103,5
14153,39132,5
47861,2356,5
8106,7900,5
25643,50636,5
50636,43695,5
17235,1562,5
1562,42821,5
42821,4008,5
14154,14153,5
14157,14154,5
4008,1585,5
748,14355,5
24974,24975,5
27689,51258,5
37294,37342,5
20658,20659,5
11348,9081,5
26071,40114,5
25645,26071,5
50583,10775,5
9081,11439,5
11439,34688,5
35317,34436,5
4790,4735,5
15184,24970,5
28925,25654,5
28638,27399,5
37342,37344,5
14600,47890,5
24973,15184,5
4735,4878,5
40104,40115,5
25646,25643,5
4878,20370,5
11587,11348,5
50021,50022,5
34444,34538,5
42569,20553,5
5264,5259,5
41978,20739,5
7934,34710,5
40859,19800,5
4504,41978,5
48473,41961,5
38350,43789,5
43789,7934,5
40948,40950,5
38349,38350,5
2541,2542,5
48850,11346,5
14197,14204,5
38161,11530,5
15174,24974,5
14204,14157,5
40950,40951,5
34710,38161,5
14353,14136,4
21876,24163,4
40740,35686,4
50837,50832,4
2595,17021,4
51587,24537,4
1186,4033,4
28772,37523,4
24072,24137,4
13992,13990,4
34021,21876,4
49914,49890,4
49811,49914,4
34807,34805,4
15180,24977,4
4033,4032,4
29124,49811,4
13534,13268,4
6879,6878,4
14473,14429,4
44049,44048,4
41647,41649,4
35899,35898,4
36316,41133,4
17021,2508,4
35916,35899,4
13223,13534,4
14297,14300,4
6417,44049,4
35686,51199,4
14425,14427,4
455,496,4
14427,14473,4
466,462,4
468,466,4
22732,468,4
468,22732,4
14890,468,4
14003,14006,4
497,501,4
496,497,4
501,14890,4
43120,4335,4
14006,14007,4
11979,49718,4
42734,40559,4
38305,42734,4
6601,18197,4
18185,6601,4
6747,18185,4
29476,12831,4
28027,41647,4
10541,9923,4
29641,41894,4
50842,50834,4
34537,34445,4
20815,43120,4
20508,20484,4
50839,50836,4
17192,2157,4
26178,28799,4
40877,20680,4
8093,8074,4
39683,8093,4
28775,28774,4
39684,39683,4
39687,39684,4
14532,13030,4
29333,14182,4
40302,49618,4
17251,4066,4
49618,40299,4
4335,4333,4
29516,13629,4
28773,28772,4
24982,24369,4
15193,15192,4
14007,14148,4
20816,20044,4
28864,27567,4
28774,28773,4
40559,15193,4
50836,50837,4
42837,14339,4
34422,34420,4
44838,1024,4
19385,4671,4
21150,21144,4
14148,29333,4
21144,4590,4
1026,44838,4
2345,2358,4
40725,14707,4
1259,16996,4
3599,38115,4
11398,8629,4
8631,11398,4
47851,47912,4
36132,3393,4
19799,43156,4
495,25339,4
25258,25256,4
13758,24659,4
48248,25975,4
11410,8631,4
11574,9048,4
51992,42301,4
34356,51992,4
42846,34356,4
11302,11410,4
34354,42846,4
13070,12886,4
28050,25857,4
2508,17120,4
34804,34354,4
25859,41650,4
11303,11302,4
41800,34804,4
40295,18644,4
21921,23713,4
37523,28224,4
10328,9658,4
48942,43374,4
11070,44258,4
35898,35900,4
34421,34807,4
6872,50842,4
28224,28771,4
6713,20855,4
9658,10004,4
10004,9659,4
20534,2358,4
41649,28050,4
8105,34849,4
9659,40021,4
17941,17940,4
49476,13758,4
11585,10315,4
25419,5020,4
8628,8626,4
10226,11071,4
10847,41162,4
41881,41880,4
44039,6417,4
8629,8628,4
35105,34460,4
41799,41800,4
41798,41799,4
28776,28775,4
5824,17941,4
51709,8339,4
45035,45034,4
20397,46514,4
570,35115,4
34445,34435,4
4066,36049,4
3393,38137,4
3071,40725,4
38137,35627,4
44736,48850,4
40299,49648,4
2209,2190,4
17754,49062,4
6870,6868,4
14128,14351,4
1208,1205,4
4028,1128,4
39149,5518,4
1166,1259,4
26475,41843,4
45034,41900,4
16320,16317,4
41900,14394,4
8339,7935,4
50840,50839,4
49648,40297,4
14094,14111,4
17120,1798,4
28777,28776,4
4054,4057,4
34351,41798,4
36116,4054,4
24482,808,4
1798,1799,4
36055,36116,4
41650,49420,4
36115,36055,4
36051,36115,4
40297,40295,4
34350,34351,4
12178,29130,4
12184,12178,4
34420,34421,4
28778,28777,4
28222,28778,4
12183,12184,4
50832,43245,4
17927,5805,4
7935,8429,4
50834,50840,4
6666,6667,4
41880,41882,4
3950,2391,4
20640,41188,4
27673,28701,4
28701,27674,4
25351,37245,4
42892,23322,4
42882,38945,4
12847,13204,4
7334,8433,4
25091,12815,4
15993,23257,4
8322,35846,4
13113,13362,4
34917,8322,4
44017,44023,4
44023,44051,4
17754,17753,4
41188,41190,4
41190,41194,4
50414,608,4
14897,42815,4
47003,14960,4
12016,50477,4
20836,39197,4
42174,42691,4
48440,50414,4
28156,28159,4
28158,27423,4
29004,44332,4
29006,27543,4
27539,44310,4
44310,26991,4
26991,42497,4
22062,23461,4
44051,44054,4
1228,4018,4
4018,1184,4
24133,16591,4
42251,42253,4
20837,20839,4
17915,5824,4
6630,6628,4
6629,44045,4
44045,44044,4
42660,27584,4
49418,29033,4
18804,20314,4
20835,20837,4
14275,14279,4
29439,14275,4
14384,29466,4
14386,14384,4
8034,7688,4
40192,20524,4
1184,1643,4
20838,20845,4
1643,2838,4
43839,14474,4
14474,42515,4
20845,20836,4
34427,34426,4
2838,42991,4
42989,1098,4
14279,43840,4
38659,14875,4
34429,34427,4
14875,14860,4
14839,454,4
454,24932,4
20839,20838,4
49200,14897,4
22343,16809,4
44072,51261,4
21676,35288,4
19791,19497,4
11233,10776,4
19497,5603,4
11979,28658,4
3648,1946,4
50567,10775,4
13200,12885,4
27900,27689,4
35288,24736,4
1946,17402,4
18771,20883,4
5603,6118,4
1948,2427,4
20792,18357,4
5994,19791,4
23862,15592,4
12007,39348,4
37597,13268,4
34112,23852,4
47983,27623,4
23852,23564,4
43887,43886,4
27654,27591,4
39787,27229,4
21305,20397,4
23564,23862,4
20397,47044,4
47044,35342,4
47003,14961,4
14990,42817,4
15035,36997,4
5602,5994,4
5242,18442,4
39348,27526,4
23019,22343,4
21218,19068,4
27692,26434,4
6118,19489,4
19489,19487,4
19752,19753,4
5798,17915,4
20117,5555,4
39197,19752,4
2427,2883,4
19487,5842,4
5842,5841,4
5841,5840,4
22803,21512,4
5840,5839,4
21512,23019,4
34426,34422,4
37525,29310,4
16807,15625,4
6382,5756,4
28158,29036,4
27870,27678,4
27440,28159,4
27113,28023,4
28021,27113,4
15562,47842,4
5753,40783,4
28106,25864,4
27398,28021,4
27380,27398,4
27379,27380,4
27409,27379,4
27374,27409,4
48257,27530,4
5839,34281,4
27649,27689,4
14111,13126,4
20455,20456,4
9075,11502,4
26638,15486,4
20453,20454,4
39762,23763,4
8321,34917,4
20454,20455,4
13993,13991,4
49726,28658,4
8851,7381,4
20456,20832,4
34657,34431,4
34539,34657,4
34669,34556,4
23865,34117,4
49253,11071,4
20452,20453,4
23885,22984,4
11059,8862,4
16050,38332,4
12880,14542,4
12915,44256,4
44256,44255,4
47875,16061,4
5803,5801,4
16061,22719,4
10716,51199,4
47119,51199,4
5801,5793,4
1243,1261,4
38936,24763,4
10995,11059,4
8456,8321,4
15861,23885,4
16309,49322,4
44003,13423,4
14385,14387,4
51920,25059,4
39617,4079,4
10716,7381,4
38115,35633,4
14488,14428,4
6790,6672,4
29440,14385,4
25059,25030,4
6672,6674,4
51466,51456,4
8851,51199,4
14137,13236,4
7059,20102,4
20102,21280,4
13638,13130,4
16803,15865,4
48207,9056,4
13056,12903,4
34122,16309,4
33998,34122,4
13676,45041,4
50790,33998,4
40586,6668,4
25027,50790,4
22984,22985,4
11242,40026,4
25030,25027,4
22985,23001,4
23001,22472,4
22472,22507,4
14428,14426,4
22507,16803,4
13416,43756,4
29482,13438,4
29378,14111,4
4234,4235,4
18876,18905,4
20864,20871,4
6840,50996,4
20871,4234,4
6943,19727,4
50996,17919,4
4804,4716,4
10685,9841,4
19697,6943,4
4716,5166,4
19862,4176,4
17925,17933,4
34250,5930,4
20834,34250,4
19727,6988,4
10485,40024,4
41898,50888,4
5930,20835,4
1365,1636,4
1495,1365,4
34281,20864,4
14388,14386,4
20370,19672,4
5020,41048,4
6839,6840,4
9560,10754,4
21744,5020,4
49791,22062,4
8468,49791,4
8305,7671,4
43905,7780,4
42253,42255,4
50888,45035,4
14166,41898,4
25165,16050,4
20869,20450,4
36304,10328,4
21788,330,4
13895,13898,4
13898,13905,4
13910,29346,4
20868,20869,4
20450,20451,4
11681,11475,4
29354,13182,4
27463,27471,4
20451,20452,4
10448,10193,4
13863,12836,4
5804,5803,4
10621,38684,4
11475,10621,4
4235,20870,4
12406,27279,4
17933,5804,4
1230,36009,4
42255,49723,4
11496,10691,4
11476,10714,4
14426,13160,4
39642,27701,4
5915,20868,4
26418,48301,4
48301,39543,4
20870,4231,4
39543,39542,4
4231,5915,4
39542,39376,4
22494,23596,4
28434,28438,4
18914,6916,4
46420,830,4
14811,23102,4
7053,7050,4
673,670,4
48614,673,4
49167,48614,4
27427,27132,4
27132,28055,4
34829,34790,4
40165,34829,4
39133,27899,4
7731,40165,4
49165,49167,4
7050,21177,4
8024,7731,4
48472,49165,4
27428,27427,4
27431,27428,4
12959,13354,4
34374,34345,4
34711,34838,4
27458,27459,4
27128,27431,4
41119,34374,4
672,675,4
34790,34711,4
42847,7061,4
13333,13290,4
7061,7051,4
676,672,4
677,676,4
671,677,4
670,671,4
13330,13333,4
2881,3194,4
18192,41672,4
675,674,4
37179,18421,4
50406,50409,4
50409,50454,4
376,726,4
50454,50185,4
28832,39428,4
39428,39470,4
29198,41392,4
51382,39644,4
662,376,4
39644,39646,4
28816,29198,4
6490,18181,4
29039,28816,4
28828,29039,4
18215,7247,4
12492,29053,4
2633,16972,4
18181,6491,4
5933,18174,4
48245,6057,4
50679,27529,4
19690,4907,4
25900,25901,4
7328,8056,4
4078,4079,4
25901,25562,4
43353,4972,4
6791,6792,4
2420,2421,4
7334,7328,4
25572,25902,4
25888,26328,4
50477,12019,4
34380,41119,4
674,4022,4
44564,50941,4
28202,28203,4
42765,42762,4
16670,21757,4
37002,15924,4
49209,22822,4
36807,28671,4
28671,17303,4
21757,21758,4
12346,28201,4
11068,11073,4
21758,21761,4
21761,21762,4
21762,16673,4
21769,21753,4
28255,28202,4
21754,36909,4
42766,42765,4
48112,26817,4
50780,39680,4
48973,35872,4
27602,27294,4
985,24248,4
22858,985,4
957,22858,4
21337,48796,4
48796,21338,4
21378,21357,4
39680,51923,4
844,845,4
843,844,4
51923,41133,4
12982,13644,4
44048,44047,4
44047,44046,4
36909,24856,4
16138,16139,4
4022,4023,4
28203,26810,4
17861,17849,4
17849,17840,4
38278,48973,4
39833,39834,4
704,720,4
34838,17517,4
39832,39833,4
14947,487,4
479,459,4
40662,479,4
37113,40662,4
721,37116,4
34394,34380,4
14943,24897,4
4023,14943,4
11666,11665,4
17859,17861,4
37176,17859,4
16139,16129,4
18,14906,4
48287,18,4
48281,48287,4
48499,48281,4
26810,28567,4
44046,37176,4
28567,28199,4
48914,28799,4
9862,11667,4
11667,11666,4
16162,16147,4
493,598,4
720,14945,4
16147,28637,4
10400,40742,4
10953,42558,4
28827,28828,4
6850,18724,4
18129,49349,4
34672,35508,4
38695,34672,4
28450,28439,4
28439,28433,4
6615,18129,4
18122,6615,4
19993,20360,4
19002,19993,4
18964,19002,4
20016,18964,4
5605,20016,4
19747,5605,4
18724,19747,4
13638,13071,4
34440,50168,4
27505,47835,4
27159,11995,4
41662,16289,4
25266,23376,4
15594,16207,4
40225,40239,4
40227,40225,4
40230,40227,4
40240,40230,4
16289,23534,4
37134,37133,4
36491,13268,4
27513,11990,4
11990,11987,4
40232,40240,4
4839,40232,4
11987,11988,4
18115,18122,4
48182,19486,4
7247,18208,4
12858,14338,4
48245,18544,4
24125,24120,4
22291,21938,4
6665,6666,4
24160,24149,4
18969,5982,4
48036,48026,4
34386,34385,4
757,42176,4
34381,34386,4
34378,34381,4
34664,34378,4
34347,34664,4
24109,24160,4
42176,34347,4
22966,24125,4
13004,13637,4
4573,4509,4
20394,18975,4
3996,51258,4
20800,18690,4
19476,20637,4
18692,18668,4
47799,18695,4
18975,19679,4
6851,20394,4
14338,48438,4
4229,6851,4
37114,48417,4
14839,37114,4
20177,20180,4
47963,14751,4
29310,13004,4
50168,34442,4
27170,27173,4
27534,27196,4
17020,1794,4
22742,16493,4
16493,15994,4
15997,15993,4
15993,33893,4
33893,23418,4
23418,25421,4
23445,23408,4
39675,39673,4
6607,39675,4
21744,23401,4
23400,23129,4
20349,5558,4
601,599,4
37110,14836,4
41662,41132,4
729,22742,4
11026,11030,4
34509,42301,4
28813,29192,4
7245,6490,4
4132,748,4
37179,51195,4
29038,28827,4
29058,29038,4
29192,29058,4
29057,28813,4
34533,34510,4
29066,29057,4
7244,7245,4
18431,6057,4
452,14762,4
6607,7244,4
39673,6608,4
265,752,4
36895,13354,4
20697,18793,4
50015,50070,4
43651,13732,4
19577,19321,4
43878,43987,4
12890,13319,4
50070,40571,4
43987,39519,4
40239,50015,4
28309,12798,4
34369,34366,4
49349,49339,4
34366,42301,4
27190,27533,4
27518,27534,4
13601,52023,4
1794,2417,4
2417,2418,4
48423,37110,4
24507,48423,4
42876,38945,4
253,255,4
4888,20697,4
3021,4871,4
12945,49210,4
18208,37181,4
41133,24499,4
28549,26707,4
409,14757,4
14757,37117,4
2418,2420,4
49339,6608,4
12881,13716,4
13716,43651,4
42768,42766,4
24245,23018,4
2157,3510,4
43112,43111,4
13019,50374,4
1777,1778,4
1778,1779,4
39685,39686,4
49662,748,4
14762,413,4
3955,3954,4
2566,2050,4
13730,50374,4
34340,34228,4
33880,42651,4
7280,7281,4
23544,38969,4
7279,7280,4
42651,25327,4
417,14771,4
414,417,4
411,414,4
7768,43027,4
6226,18246,4
20977,6226,4
37108,487,4
14945,492,4
487,493,4
11210,11219,4
43075,7768,4
33929,411,4
22859,24937,4
24937,407,4
409,410,4
6056,4197,4
410,33929,4
6054,6056,4
7278,7279,4
42134,43112,4
17022,2594,4
25327,24198,4
51646,42482,4
51035,51646,4
34440,34442,4
986,987,4
981,986,4
51037,51035,4
39237,41708,4
51041,51011,4
41708,41707,4
41707,41706,4
51043,51041,4
50332,29325,4
51023,51043,4
51044,51023,4
24426,51044,4
42482,51042,4
51042,51027,4
51027,51018,4
28112,25953,4
7275,42134,4
40716,40717,4
40715,40716,4
16347,16282,4
24198,39759,4
34436,34440,4
27007,44333,4
51018,24251,4
44333,28651,4
16272,25265,4
16875,16204,4
24240,44072,4
38975,38974,4
38974,21695,4
35853,3522,4
37003,15917,4
9860,9862,4
28399,28402,4
17976,6482,4
17995,7002,4
49714,28979,4
25854,27375,4
21006,19399,4
19434,21006,4
20484,17050,4
2483,2983,4
28528,26600,4
26639,28528,4
36541,13268,4
9255,38834,4
24120,24109,4
2588,2483,4
28479,28424,4
26600,26693,4
2457,2458,4
2449,2457,4
40530,50551,4
1027,1026,4
24547,1027,4
20219,18823,4
24571,24542,4
24696,16336,4
16336,38796,4
13603,29591,4
40617,44138,4
24167,51585,4
51585,24163,4
50551,50229,4
3510,2455,4
2455,3688,4
3688,2449,4
28402,28479,4
13358,13751,4
11160,751,4
13942,48366,4
15372,22070,4
22319,9736,4
6482,7207,4
7207,5803,4
14271,14294,4
39831,23543,4
39834,39831,4
5803,17940,4
5623,18953,4
11219,11208,4
47429,13019,4
13083,12975,4
12975,13042,4
13042,13512,4
2594,2595,4
9736,9439,4
5807,6791,4
37108,25340,4
19627,19628,4
2486,2588,4
28291,28308,4
29516,29476,4
4241,19627,4
23128,23129,4
21018,4193,4
18246,21018,4
5805,5807,4
38393,23126,4
20227,6057,4
19628,19629,4
44137,20258,4
22070,38393,4
20258,40620,4
414,412,4
14338,38936,4
924,962,4
40512,39015,4
8179,7795,4
7795,7786,4
7786,34818,4
20920,19168,4
34818,34820,4
48537,47967,4
9856,9857,4
9857,9858,4
40525,40507,4
40507,51223,4
51223,40520,4
40520,40517,4
1779,3483,4
16203,51776,4
28426,28424,4
45023,45030,4
8178,8179,4
37797,8178,4
18202,18183,4
18028,18092,4
18092,6467,4
20583,20574,4
18162,6471,4
6471,18140,4
18140,18202,4
37800,37797,4
12889,13730,4
9867,9864,4
9864,11224,4
45045,14368,4
11224,9856,4
45030,45045,4
6038,5602,4
28410,28426,4
14434,14432,4
23662,924,4
21751,21745,4
34820,8332,4
21740,21741,4
21741,21742,4
21742,21743,4
21743,22067,4
15925,15924,4
47968,42770,4
11490,9860,4
22067,21737,4
45028,50612,4
42770,42768,4
22068,21627,4
16188,21334,4
21334,21660,4
21628,49171,4
35306,14433,4
21739,21740,4
21738,21739,4
14433,14440,4
21745,21746,4
14436,14434,4
14441,14436,4
332,15233,4
21746,21747,4
21747,21749,4
14836,14814,4
21752,21738,4
9858,11673,4
19,14870,4
21749,21750,4
21750,21752,4
24945,29,4
14880,24945,4
18001,18028,4
18047,18032,4
21635,50266,4
24184,21635,4
938,51016,4
23584,23583,4
1795,17022,4
10818,27778,4
23756,23876,4
21510,21327,4
36344,9048,4
2077,3321,4
48180,17623,4
2084,2081,4
41133,35694,4
2105,2084,4
17322,2105,4
2104,17322,4
17197,2104,4
51016,51020,4
51020,24392,4
3489,3548,4
39235,39236,4
926,23662,4
927,926,4
935,927,4
41706,39234,4
39234,39235,4
38936,50374,4
37137,37136,4
757,34232,4
37136,37135,4
1583,1617,4
17253,36049,4
955,954,4
956,955,4
37135,37134,4
17198,17197,4
2103,17198,4
3790,2103,4
903,996,4
39114,39115,4
24182,24726,4
992,24422,4
996,992,4
24726,21495,4
34429,34540,4
766,903,4
39099,25339,4
14757,33917,4
51022,51028,4
14627,51022,4
24252,14627,4
1669,48340,4
21495,24184,4
721,39114,4
39095,39099,4
44101,42314,4
10647,11399,4
2421,1795,4
24442,808,4
17840,6463,4
43372,15416,4
14623,42462,4
15416,21851,4
21851,41663,4
918,24730,4
42467,14623,4
16629,40650,4
21470,23897,4
24607,42467,4
914,24607,4
24730,914,4
19753,6038,4
20326,20364,4
19293,4171,4
17486,1697,4
51331,5496,4
37334,37338,4
44161,16205,4
40173,40175,4
12351,29189,4
14348,51149,4
35904,35891,4
12163,29130,4
4864,4761,4
49000,49055,4
28219,26770,4
4720,4864,4
1697,39616,4
39195,51393,4
12008,27523,4
25419,19672,4
5487,5489,4
19345,5997,4
21264,5497,4
16440,16441,4
16439,16440,4
19074,21253,4
18965,20044,4
18713,19074,4
5134,4873,4
23596,47833,4
23479,15593,4
48523,39781,4
5496,21248,4
6384,5812,4
23575,23479,4
19969,18965,4
16442,16443,4
18820,18818,4
34309,19968,4
15353,15607,4
15708,15406,4
49377,15621,4
16441,16442,4
47833,22803,4
19968,19969,4
17975,50996,4
39787,48524,4
46285,51499,4
42455,39787,4
3884,3877,4
40175,44516,4
37292,37334,4
4549,35465,4
35465,4569,4
4569,5014,4
42726,1758,4
20685,20686,4
40064,50563,4
20319,39024,4
50563,49000,4
20686,41144,4
5812,5493,4
41144,41143,4
4725,20740,4
20044,18967,4
27734,27749,4
7962,7866,4
27433,27122,4
9681,10123,4
27072,27124,4
41143,41149,4
8022,34612,4
27120,27072,4
7779,9681,4
7675,41501,4
42302,7675,4
27304,25481,4
43026,36943,4
27011,28113,4
27676,28701,4
27122,27120,4
43591,43593,4
34172,49390,4
37784,27011,4
37394,37396,4
16523,35320,4
35320,50520,4
42728,28114,4
48208,9056,4
850,846,4
5740,5770,4
43945,5739,4
836,24438,4
41149,5607,4
7322,7318,4
42875,13214,4
49390,42213,4
2381,3847,4
27749,27733,4
43302,38652,4
27733,27736,4
27736,27655,4
27655,27839,4
18967,4333,4
27078,27964,4
1688,17486,4
28641,27786,4
7035,7036,4
16438,16439,4
28294,28865,4
15683,23575,4
4637,4720,4
49055,40063,4
40055,49001,4
21126,4647,4
28865,27623,4
29243,27809,4
49563,25404,4
9465,9884,4
21115,21117,4
21117,5088,4
19380,4479,4
7692,34960,4
23534,42877,4
19385,19425,4
18401,21126,4
27124,27425,4
27572,27254,4
16443,16444,4
44151,28286,4
16444,16445,4
16491,4936,4
21681,21682,4
15861,23876,4
15795,22470,4
35173,15795,4
26983,27058,4
16572,16613,4
29142,49855,4
7035,6060,4
1698,34288,4
38577,38576,4
13131,13236,4
16582,787,4
48000,18121,4
4334,20815,4
15623,35285,4
20816,4334,4
20237,20190,4
38578,38577,4
24779,13192,4
4482,4484,4
13192,13193,4
2124,17189,4
25156,38324,4
17189,17188,4
17188,3792,4
11470,11289,4
49855,29179,4
18365,18953,4
21682,21685,4
21510,34047,4
16445,16446,4
21070,21064,4
34293,4794,4
16380,22956,4
15639,43783,4
25367,40432,4
41181,26985,4
26985,26980,4
26980,27621,4
27621,27059,4
27059,26986,4
26986,26983,4
24627,34119,4
18712,19809,4
21080,21070,4
6354,6355,4
35285,15606,4
19808,35316,4
40432,35701,4
19480,19808,4
16003,16573,4
34117,23596,4
15683,34117,4
22803,24627,4
26772,28219,4
21030,19306,4
48262,22803,4
50643,17639,4
5886,50643,4
23596,48262,4
540,15233,4
17436,1698,4
37314,37308,4
34652,34443,4
29180,12351,4
27962,25840,4
15115,35491,4
15045,15115,4
49205,15037,4
18818,18832,4
34667,34897,4
44296,40348,4
34897,34608,4
6010,44296,4
20128,20129,4
27964,27962,4
27669,50511,4
34508,34652,4
10986,10999,4
34668,34508,4
34649,34668,4
38174,38183,4
38183,38173,4
7417,7393,4
38173,38182,4
20129,20130,4
38182,38171,4
38171,38170,4
38170,38168,4
20130,20685,4
41173,11030,4
16446,38725,4
41282,34556,4
34539,34443,4
34509,34458,4
29143,29180,4
11022,11275,4
1699,17436,4
27058,41183,4
41183,27319,4
27319,41182,4
41182,41158,4
43026,7321,4
20193,18041,4
7376,7379,4
27689,21851,4
27854,27714,4
26421,27854,4
26410,26412,4
7374,7376,4
1507,1495,4
17472,1699,4
7372,7374,4
11962,27849,4
34968,7372,4
41158,11953,4
4175,19849,4
35290,264,4
39616,17472,4
29179,29143,4
18041,18825,4
5134,5145,4
20710,46769,4
7318,7962,4
22566,42734,4
5564,51086,4
49174,49178,4
20133,20134,4
28228,28229,4
28229,28230,4
39262,44685,4
24833,39262,4
16247,24829,4
16244,16246,4
16243,16244,4
15179,16243,4
51430,26711,4
49175,49073,4
49178,49175,4
20408,20303,4
25133,33942,4
20132,3266,4
25136,15683,4
34288,34290,4
8905,11060,4
35571,5607,4
25203,8449,4
385,662,4
5607,5606,4
5606,20775,4
27505,27142,4
15377,23260,4
41013,19335,4
41014,41013,4
25116,40565,4
20134,20132,4
28411,28409,4
43252,50339,4
39531,39724,4
34290,38852,4
27066,27768,4
42970,41134,4
43711,12413,4
12414,12436,4
5751,40000,4
12432,40802,4
40802,29028,4
50098,25160,4
29028,28869,4
28869,39314,4
12639,49438,4
40000,40001,4
39724,39553,4
28425,28411,4
39553,39552,4
8140,8145,4
39552,50677,4
50677,39551,4
8449,50098,4
39551,43611,4
40001,19915,4
35662,35664,4
27900,21851,4
43528,27900,4
33942,22357,4
2316,35662,4
26707,43528,4
40565,43252,4
41090,34604,4
7822,7672,4
6489,50068,4
14819,49199,4
21352,21383,4
48054,35464,4
35464,4505,4
6326,4970,4
37344,37294,4
18824,20218,4
18953,20409,4
17930,17933,4
17933,17941,4
17941,5804,4
6018,17950,4
17950,6489,4
50068,6488,4
41148,41259,4
6488,6686,4
6686,6487,4
6487,6687,4
6687,6691,4
6695,6697,4
6697,50870,4
50870,5592,4
20128,41148,4
35474,6703,4
17515,20128,4
48054,4630,4
48099,24404,4
20775,17515,4
42313,21951,4
13596,13599,4
28482,28306,4
28918,43187,4
19915,19916,4
6070,20133,4
34608,34606,4
52029,15671,4
27697,26941,4
17675,21305,4
19916,5637,4
41012,41014,4
6960,6070,4
49405,40078,4
19345,19305,4
38323,41766,4
35328,43643,4
35331,35328,4
12858,13329,4
40074,40073,4
41259,6960,4
11245,11199,4
11199,11204,4
11204,11205,4
11205,41132,4
21385,21379,4
16666,35331,4
34612,41090,4
5637,5638,4
37346,37292,4
49199,14897,4
7126,7127,4
22091,47954,4
35197,28355,4
16897,22091,4
20891,6257,4
27658,27644,4
50186,50461,4
37348,37292,4
37346,37348,4
40583,40582,4
5607,20774,4
37292,37346,4
18757,20878,4
7255,41573,4
49073,51565,4
12768,12082,4
12084,12088,4
34143,42036,4
6257,39898,4
27664,27658,4
51996,12226,4
12974,14351,4
27002,27004,4
15843,40699,4
49195,14607,4
50485,49195,4
48881,15505,4
39898,19128,4
14112,12974,4
15414,14600,4
40190,20521,4
35374,40167,4
43750,27918,4
40167,40166,4
21513,21551,4
35664,35660,4
28859,47835,4
12768,12081,4
12081,29241,4
29241,29066,4
50520,50519,4
44199,50186,4
50519,47184,4
47922,25562,4
25572,28680,4
25542,26213,4
15887,24640,4
27204,42728,4
24640,23883,4
47038,48007,4
27514,27172,4
11986,27664,4
12674,27514,4
27181,27178,4
27260,11986,4
1358,18829,4
40172,40173,4
40166,40172,4
27206,27204,4
27004,27206,4
27516,27182,4
26154,50634,4
42507,37380,4
35685,8905,4
8905,8899,4
24981,38704,4
953,42463,4
930,931,4
35510,12586,4
44517,35374,4
5040,44517,4
2395,2143,4
5757,19248,4
19248,19265,4
35571,42970,4
5753,5752,4
44079,41759,4
16520,16521,4
25693,44027,4
50696,44502,4
44502,35510,4
47985,49377,4
28422,28407,4
47920,24404,4
15338,16896,4
16896,16897,4
35660,17458,4
12012,28228,4
15414,13204,4
961,962,4
12586,12089,4
934,961,4
21627,47829,4
15327,21627,4
15368,16917,4
958,934,4
5752,5751,4
11070,48465,4
11490,10730,4
17652,19067,4
44785,26592,4
24404,24400,4
929,930,4
14645,929,4
921,14645,4
920,921,4
2387,3053,4
26770,28554,4
28554,28555,4
28555,28556,4
33942,34119,4
17012,19573,4
20774,5606,4
5490,5491,4
28556,12012,4
5606,41134,4
291,282,4
38852,1690,4
27803,27002,4
10224,9863,4
10730,9866,4
15898,15908,4
26592,49368,4
16606,16607,4
1867,1859,4
2764,3966,4
1869,2764,4
41759,39180,4
20286,5564,4
19809,20286,4
51086,5580,4
21288,21274,4
15456,15651,4
48115,26659,4
8354,43826,4
4035,17213,4
14348,29503,4
35993,1038,4
14047,33862,4
28294,27918,4
39860,39863,4
48170,25938,4
4882,4793,4
25938,27361,4
22066,22067,4
39859,39860,4
15454,15455,4
51786,4655,4
7867,7961,4
7961,7296,4
7296,7324,4
7324,7870,4
7870,7868,4
7868,7628,4
34173,12288,4
12288,12287,4
4793,4837,4
43655,18570,4
50578,24390,4
8352,8354,4
15455,15456,4
25644,25645,4
1849,2803,4
16060,25167,4
1153,1159,4
51331,5492,4
50640,50642,4
50642,50641,4
18679,21177,4
28977,15649,4
4752,4843,4
16238,16128,4
15601,15649,4
39865,4752,4
16280,16284,4
16284,16058,4
16058,16060,4
25167,25171,4
25645,26072,4
25171,25169,4
25169,25168,4
25168,25170,4
42810,4882,4
1159,17254,4
17254,36127,4
261,636,4
258,261,4
25170,16057,4
16238,15453,4
15453,15454,4
29503,14165,4
39863,39865,4
7820,7717,4
24945,24946,4
1820,3934,4
541,662,4
19003,5611,4
20290,19003,4
20439,4346,4
19988,20439,4
4345,19988,4
19893,4345,4
51036,14949,4
14949,24253,4
51045,42128,4
42128,14665,4
14665,957,4
42466,985,4
985,23018,4
8363,38873,4
7717,35732,4
42514,14430,4
14430,14429,4
4096,35909,4
35909,35912,4
35912,35915,4
23310,22945,4
49366,25083,4
8348,8363,4
23352,23300,4
13286,29343,4
5580,19796,4
51313,16582,4
21100,21090,4
5611,5613,4
51037,51036,4
51038,51011,4
24421,51038,4
41523,41521,4
24946,14900,4
14900,19,4
8437,34776,4
8003,8352,4
8351,8003,4
42430,41132,4
18818,19863,4
19342,18818,4
4919,39859,4
4531,4919,4
17818,6703,4
25370,34087,4
51040,937,4
14147,14005,4
14150,14147,4
42466,51017,4
51017,51015,4
51015,51034,4
51034,51026,4
34087,15430,4
5613,19057,4
51026,919,4
1579,1572,4
15430,22034,4
38873,8351,4
1572,1559,4
28306,28313,4
25187,15707,4
40643,16205,4
44745,8737,4
12830,13200,4
42416,42417,4
40267,6795,4
16375,15835,4
18150,40267,4
44367,16283,4
4818,4542,4
20207,18913,4
24931,593,4
24460,23680,4
40662,37109,4
15219,49032,4
47909,324,4
22099,16195,4
23300,23337,4
8627,44745,4
1143,41523,4
14901,40662,4
24323,14751,4
486,14901,4
39795,21692,4
39796,39795,4
39798,39796,4
35356,20384,4
27649,42877,4
35388,35356,4
39800,39798,4
24529,24530,4
4562,43974,4
18302,18309,4
26784,49436,4
43974,43972,4
1642,1243,4
14348,2945,4
50492,35378,4
5042,50492,4
41665,11035,4
44516,5042,4
16484,25205,4
11030,41132,4
25265,23367,4
42172,28100,4
28112,28617,4
48053,25553,4
44574,8881,4
11394,44574,4
44746,10677,4
11300,44746,4
5682,43087,4
6796,6797,4
42031,5310,4
8737,11300,4
37296,42416,4
42031,5683,4
22267,24932,4
5311,43087,4
454,37114,4
24928,14355,4
49032,24928,4
4643,4531,4
42726,4111,4
15840,25186,4
26072,26071,4
9195,10698,4
9220,9195,4
11662,9220,4
26570,28520,4
9194,11662,4
11661,9194,4
4644,4645,4
26071,25651,4
28520,26545,4
26545,26537,4
26537,28521,4
28521,26507,4
26507,28522,4
42811,51258,4
22765,16847,4
51476,39271,4
18254,18869,4
22449,51476,4
41673,18110,4
50395,4644,4
1715,38790,4
4788,50395,4
4844,4788,4
23094,43659,4
23093,23094,4
43659,43322,4
9062,10687,4
8021,8022,4
28539,26570,4
10698,11663,4
11663,9716,4
9716,11664,4
24247,23631,4
6759,18129,4
35283,24083,4
8624,8627,4
11386,8624,4
43826,8356,4
11660,11661,4
21307,4211,4
11659,11660,4
21295,21307,4
9631,11659,4
11658,9631,4
9205,11658,4
11656,9205,4
21847,16016,4
11657,11656,4
51980,11386,4
20927,19183,4
11655,11657,4
26583,28519,4
9715,11655,4
28519,28539,4
11227,9715,4
20093,4393,4
4393,4390,4
35378,5044,4
11664,11227,4
41521,41997,4
22945,22941,4
14282,29434,4
40798,14603,4
28138,42456,4
37376,37374,4
37374,37372,4
41862,8274,4
41801,34635,4
50474,10775,4
9048,28114,4
14365,14167,4
28245,26772,4
14325,13074,4
728,34458,4
40069,40058,4
23810,441,4
34833,8070,4
6799,39878,4
39228,828,4
828,14730,4
35382,35349,4
13074,22742,4
35349,20491,4
20491,20492,4
40797,846,4
3295,19922,4
19922,20128,4
34842,35035,4
20280,6117,4
19787,20280,4
20430,19787,4
37370,37368,4
37372,37370,4
37334,37340,4
24684,23810,4
16195,16412,4
21111,21099,4
38324,16038,4
50147,19550,4
18478,18479,4
21107,21092,4
725,330,4
15642,16264,4
43305,16237,4
11259,11069,4
708,14661,4
12818,25092,4
13152,29352,4
6722,20855,4
16491,21148,4
26330,26322,4
34847,34716,4
14600,47894,4
24500,24501,4
37368,37370,4
37370,37372,4
48914,25561,4
18443,21163,4
36198,13632,4
18455,18443,4
4666,18383,4
13074,727,4
42252,27366,4
29032,27994,4
22742,16642,4
27070,27121,4
27125,27070,4
18757,18313,4
15426,38897,4
38897,15427,4
27365,27125,4
24281,43594,4
40923,18320,4
27970,27365,4
27965,27970,4
27961,27965,4
1358,19581,4
5066,4661,4
41672,18121,4
12898,16233,4
4589,4965,4
34246,20430,4
5096,4634,4
3276,18829,4
4888,2392,4
42406,19455,4
42695,8169,4
8168,34724,4
4001,42406,4
19797,34246,4
41006,8168,4
39049,38149,4
19796,19797,4
7282,18736,4
4208,18195,4
836,14606,4
27121,27346,4
41811,41751,4
35715,48458,4
10991,8865,4
8865,10400,4
10996,10995,4
11002,11004,4
40809,16603,4
19988,4346,4
18993,19988,4
16603,40650,4
4345,20042,4
5981,4345,4
18991,5981,4
48458,48459,4
18973,41696,4
16515,16504,4
13358,14564,4
27995,27389,4
18919,18310,4
19740,18973,4
48459,44810,4
40360,19314,4
5040,35388,4
44816,44824,4
16508,16613,4
44824,44818,4
44818,43660,4
37292,37340,4
21099,18478,4
39878,6800,4
39774,44291,4
9546,9547,4
38682,11848,4
4098,4099,4
26871,25810,4
4099,4100,4
4100,35902,4
16994,2807,4
35902,35930,4
19003,20027,4
35930,35903,4
4203,21097,4
5676,5675,4
5675,5674,4
34808,34434,4
20382,19003,4
35903,35904,4
38698,8907,4
38318,16039,4
11792,48481,4
43642,38318,4
1904,2714,4
20290,20382,4
36127,37226,4
37226,36001,4
18034,18032,4
5697,5701,4
27669,50507,4
39877,18127,4
43640,43642,4
20027,19010,4
19010,50960,4
26978,42403,4
50960,19011,4
7749,8935,4
7820,34794,4
8069,8427,4
19891,19893,4
46769,20078,4
22941,34050,4
24785,22092,4
34050,34052,4
38136,16993,4
21049,4261,4
34294,19891,4
19890,34294,4
51053,19890,4
20603,19179,4
34985,42608,4
41453,8731,4
34309,51053,4
6364,6355,4
16037,16666,4
19011,20326,4
18507,18459,4
16039,16037,4
44943,39781,4
39781,28142,4
28125,28129,4
42456,39777,4
39777,39774,4
37364,40640,4
5082,4753,4
2053,3816,4
37332,37328,4
24394,50578,4
9909,11339,4
26982,26977,4
15866,16802,4
42401,26978,4
36084,49083,4
8096,36084,4
1879,1878,4
8999,11282,4
26552,27786,4
13595,12858,4
36111,17256,4
49368,42172,4
16183,15644,4
15639,51776,4
27341,43197,4
50099,27314,4
20328,44343,4
43197,41924,4
3984,2069,4
21093,21088,4
39671,17934,4
18114,39671,4
18119,18114,4
24229,15808,4
41924,40069,4
28313,28341,4
6759,18130,4
6604,6755,4
18149,18170,4
26977,50099,4
4630,34293,4
27458,41918,4
28865,26122,4
27317,42401,4
41105,27317,4
16038,43640,4
40640,37366,4
50051,6483,4
49177,37570,4
48434,49177,4
34052,34049,4
34843,7822,4
50963,35772,4
27450,27458,4
49460,26787,4
36001,44334,4
44334,36111,4
27314,41105,4
13219,51815,4
47163,35340,4
37328,37326,4
7981,7703,4
51565,48434,4
1457,18805,4
3928,1457,4
34704,8322,4
18834,7076,3
18446,47903,3
780,15172,3
41786,18834,3
18926,7115,3
41638,41786,3
7115,7116,3
47903,43142,3
7117,7118,3
7002,4227,3
41671,18824,3
7116,7117,3
27793,25940,3
36841,4208,3
4676,4261,3
8115,8123,3
15455,16129,3
16120,15452,3
15035,15037,3
18308,18757,3
50263,21489,3
24086,13417,3
22329,50263,3
21634,22329,3
29581,29450,3
26784,28230,3
7834,7835,3
7900,7901,3
8413,8414,3
8212,8174,3
34948,8212,3
52027,48939,3
52026,52027,3
45001,52026,3
15151,24977,3
43994,27918,3
28294,43571,3
7747,49388,3
10805,10821,3
10890,10805,3
10887,10890,3
42690,10887,3
48439,42690,3
24663,48439,3
21960,21696,3
23211,21960,3
50728,25709,3
26784,28744,3
37676,13322,3
7119,7120,3
43747,13178,3
41376,43747,3
110,41374,3
24466,110,3
50139,50138,3
28744,26718,3
26740,26707,3
41256,5759,3
10820,10831,3
27603,27610,3
5266,5356,3
2,23537,3
23537,23485,3
23485,34030,3
47900,26122,3
26121,26120,3
27649,28270,3
28270,27603,3
27610,27334,3
5358,5360,3
27332,27330,3
27329,27331,3
27331,27611,3
27611,27614,3
27614,27617,3
24250,24254,3
27617,27616,3
27616,27619,3
5356,5358,3
5360,5362,3
20166,4185,3
1261,16958,3
18281,7251,3
41254,41256,3
41258,41254,3
5919,41258,3
4201,20769,3
35580,6707,3
37338,37336,3
27222,27862,3
14751,38927,3
5362,5365,3
21261,5919,3
19384,21261,3
5252,5636,3
5254,5252,3
7662,9062,3
10687,8936,3
4219,34304,3
5308,19675,3
10821,10820,3
49417,27358,3
1173,1187,3
4430,4429,3
20002,19830,3
20212,6551,3
20024,20002,3
4420,20024,3
20025,4420,3
4429,20025,3
43158,19457,3
19455,18786,3
48003,4635,3
20023,4416,3
4173,1764,3
18789,19799,3
47925,4505,3
9048,42405,3
13322,13320,3
36894,13322,3
18905,20792,3
37342,37294,3
19830,20023,3
4416,19975,3
40584,42507,3
28979,27782,3
24898,14977,3
14977,43619,3
43619,15024,3
15024,15010,3
15010,694,3
13118,13358,3
694,42500,3
42500,667,3
28598,37039,3
19975,4413,3
42661,27661,3
50957,42661,3
2501,2362,3
51704,20532,3
4403,19829,3
4411,4403,3
20296,4411,3
4413,20296,3
42660,44315,3
28481,28270,3
11980,25969,3
10831,10833,3
10806,10891,3
10822,10806,3
10819,10822,3
10634,10819,3
10832,10634,3
35681,38904,3
35680,10886,3
7444,35680,3
5560,4712,3
25815,42691,3
16087,44892,3
28004,27085,3
28002,28004,3
28026,28002,3
41646,28026,3
41648,41646,3
28049,41648,3
25970,28049,3
10891,25815,3
48440,608,3
28270,28468,3
4452,48852,3
19979,4430,3
4432,19979,3
20004,4432,3
19450,20004,3
4191,19450,3
48528,4191,3
48643,48528,3
48852,48643,3
4454,4452,3
608,26638,3
40977,6025,3
40582,40581,3
47890,15989,3
25887,25889,3
15904,15486,3
4208,21037,3
15436,47873,3
26638,15904,3
7118,7119,3
906,51028,3
7120,7123,3
1334,17269,3
41544,35679,3
35679,35675,3
10484,10727,3
39698,19171,3
43854,34792,3
34792,44073,3
8060,34960,3
42297,34735,3
19457,6985,3
6985,20385,3
16212,16196,3
25153,25150,3
2876,1311,3
38922,1099,3
10381,48803,3
38923,38922,3
1107,38923,3
25092,23418,3
1702,16941,3
23491,16003,3
49717,49720,3
27776,49717,3
3685,1077,3
40283,20675,3
37338,37292,3
37316,42419,3
50072,50820,3
6946,6951,3
48803,41505,3
39697,39698,3
4065,4057,3
18312,21057,3
4060,4061,3
4061,4063,3
21015,21017,3
17434,2972,3
1670,17434,3
2838,1670,3
3993,1134,3
1173,1643,3
1184,1173,3
49325,1141,3
4063,4062,3
4062,4066,3
4066,4068,3
21065,18312,3
39702,39697,3
21072,21065,3
21074,21072,3
19179,20927,3
39700,39701,3
39701,39702,3
1649,17404,3
17297,1649,3
3331,17297,3
42314,43017,3
3685,1645,3
17203,17489,3
1644,17203,3
44096,1644,3
6944,20663,3
21798,12975,3
14840,14896,3
38292,38294,3
23875,22360,3
42419,42418,3
16751,22849,3
42418,37336,3
12949,13091,3
787,29503,3
44803,11897,3
38952,12949,3
7197,47766,3
38300,38303,3
38299,38300,3
38296,38299,3
38294,38296,3
38291,38292,3
14896,14899,3
38290,38291,3
38289,38290,3
22386,38289,3
37336,37338,3
37308,37316,3
13066,38952,3
34109,15563,3
15577,34109,3
15576,15577,3
15575,15576,3
12935,13066,3
15573,21917,3
15571,15573,3
25360,35172,3
22964,25360,3
23776,24668,3
25335,23776,3
14899,14910,3
14910,24895,3
24895,24896,3
24896,14973,3
14973,14984,3
14984,24898,3
24898,43619,3
20661,6944,3
10572,11003,3
326,23418,3
305,326,3
6879,4870,3
23491,15884,3
43619,15010,3
667,694,3
694,42502,3
42502,43619,3
43619,15007,3
15007,669,3
669,666,3
666,657,3
657,658,3
658,14895,3
14895,14838,3
38658,1097,3
15898,24207,3
26101,27623,3
4058,4060,3
36048,4065,3
7123,7121,3
23783,34853,3
27865,13178,3
7145,20912,3
4181,7139,3
18875,41094,3
27628,27626,3
8073,8040,3
8040,7865,3
51230,19592,3
35290,248,3
42282,26633,3
26620,42282,3
7053,42850,3
7721,8026,3
42847,7054,3
51612,38617,3
39281,23783,3
41464,39281,3
13199,50332,3
7054,39968,3
47400,11282,3
39970,39972,3
7055,49189,3
39166,38266,3
38266,39167,3
9733,50780,3
25191,15838,3
6521,6522,3
29128,29129,3
27634,27627,3
38617,51644,3
49325,2657,3
17437,51625,3
28091,42497,3
43365,28091,3
28093,43365,3
51919,3371,3
51634,1394,3
51639,51634,3
51626,51639,3
1422,51626,3
26625,26586,3
26586,26558,3
26558,26623,3
42991,48340,3
51625,1421,3
10779,10274,3
42996,44346,3
9332,9894,3
9894,42453,3
42453,9915,3
9581,9910,3
17415,17437,3
42236,42237,3
51625,17415,3
51640,51625,3
26544,27856,3
27856,27836,3
51644,51640,3
1133,42991,3
44346,1133,3
29127,29128,3
49833,29127,3
22637,24820,3
15832,15790,3
2713,17487,3
11136,11746,3
10999,10992,3
10991,10400,3
8998,9000,3
16976,2393,3
12549,12582,3
12582,39312,3
34976,8035,3
8366,48599,3
11238,11230,3
9440,11238,3
23430,663,3
9879,11539,3
19866,4753,3
15483,26038,3
15481,15482,3
325,725,3
25419,325,3
17818,6046,3
15477,16109,3
2673,3275,3
15601,28977,3
25806,25555,3
11269,11228,3
10101,11269,3
2656,1665,3
1187,2656,3
17048,2393,3
18916,35332,3
20408,18916,3
8217,8457,3
6522,17816,3
17816,6026,3
25124,15876,3
6026,6523,3
15621,25109,3
23368,23264,3
42458,24894,3
42457,42458,3
15252,42457,3
23264,23239,3
15620,15504,3
15889,16088,3
14773,14814,3
15434,37414,3
11843,9733,3
10321,11843,3
48481,10321,3
43003,43005,3
43005,43007,3
43007,43009,3
43009,43011,3
43011,43013,3
43013,1668,3
1668,2697,3
2697,43000,3
43000,42997,3
42997,1207,3
43074,8067,3
15569,23210,3
15538,15569,3
7064,7066,3
42821,1569,3
23585,23586,3
7094,7095,3
7113,7094,3
24407,830,3
7075,20265,3
7070,7075,3
47981,25553,3
11289,11534,3
11534,11237,3
7067,7070,3
7068,7067,3
7066,7068,3
6748,39664,3
23587,23588,3
39664,39663,3
39975,7064,3
15413,26403,3
7063,39975,3
39974,7063,3
7073,39974,3
7074,7073,3
1188,17271,3
1124,48351,3
39663,41269,3
37188,7074,3
7127,4183,3
7129,7130,3
23586,23587,3
23588,23589,3
15536,15538,3
27945,27849,3
37717,51031,3
51033,37717,3
911,51033,3
24250,911,3
41778,24239,3
18258,19818,3
37242,37223,3
981,42462,3
50003,16237,3
24242,981,3
51046,24242,3
24236,51046,3
12405,27945,3
27849,26415,3
43346,42821,3
14293,41887,3
42509,24237,3
46387,11226,3
11725,10490,3
8750,11725,3
11478,8750,3
37223,37240,3
23592,23593,3
37240,37233,3
37233,17234,3
23591,23592,3
23590,23591,3
23589,23590,3
2649,17501,3
2648,2649,3
3501,2648,3
9154,9066,3
7106,7107,3
41581,4189,3
12990,51641,3
4188,7100,3
7099,21283,3
7097,7099,3
7109,7097,3
18861,7109,3
49413,26613,3
37689,29310,3
13320,14339,3
12916,13330,3
18141,18193,3
9066,9156,3
2651,3501,3
9156,11297,3
11297,11760,3
11760,11371,3
11371,9129,3
9129,9128,3
9128,9127,3
9127,9149,3
7122,21279,3
47997,6057,3
50541,7122,3
50538,50541,3
21150,21148,3
7121,50538,3
7107,7108,3
18913,7179,3
37716,15833,3
7179,7180,3
41269,41268,3
27722,27915,3
42872,29243,3
41268,39655,3
39655,39666,3
39666,39662,3
39662,39654,3
39654,39665,3
39665,6609,3
29243,42415,3
27639,27722,3
27644,27639,3
7133,7134,3
7040,7042,3
7039,7040,3
7038,7039,3
17967,7038,3
34650,51623,3
19092,6916,3
20559,19092,3
20558,20559,3
11873,10790,3
20561,20558,3
6919,20561,3
7183,6919,3
7181,7183,3
7180,7181,3
51031,51029,3
4146,4147,3
4147,40913,3
7689,44165,3
48049,47444,3
39784,48050,3
22280,793,3
15799,34111,3
38739,8907,3
18583,21290,3
27839,26434,3
22865,792,3
22889,22865,3
2478,2659,3
50389,6025,3
41094,19762,3
22188,22182,3
44165,7940,3
37396,37306,3
7940,7326,3
6839,6393,3
6397,18015,3
18037,6397,3
18052,18037,3
18061,18052,3
18069,18061,3
17268,16940,3
16940,1208,3
6405,18069,3
4029,3798,3
38744,38742,3
4865,38744,3
47444,47402,3
47402,47421,3
49338,18130,3
6604,49338,3
23209,15536,3
16242,23209,3
16087,16242,3
7321,43074,3
43028,7321,3
7695,34614,3
13362,49329,3
34614,8436,3
21279,20184,3
19381,20621,3
14491,41881,3
41883,14491,3
6748,6476,3
6476,6609,3
16649,46285,3
48816,12935,3
12945,48816,3
793,24794,3
18098,18127,3
18149,6490,3
6490,6491,3
5933,18170,3
6604,39672,3
39672,39674,3
15533,15643,3
39674,39676,3
39676,6610,3
18359,4865,3
41292,41291,3
51029,906,3
13214,51284,3
6624,6593,3
6597,6624,3
26849,25826,3
6622,6597,3
28481,27899,3
43622,6622,3
15564,21987,3
43624,43622,3
43626,43624,3
43627,43626,3
24425,920,3
51013,24427,3
51024,51013,3
51032,51024,3
6623,6405,3
766,51032,3
27619,29072,3
20146,42567,3
17294,44054,3
35245,4177,3
20122,5555,3
16925,1516,3
25547,25805,3
6744,16925,3
11470,41133,3
44054,1632,3
1632,37242,3
40913,6744,3
43321,9612,3
41887,41885,3
10894,49356,3
49356,49355,3
41885,41883,3
25033,24628,3
5085,19389,3
49621,39195,3
40301,49621,3
40300,40301,3
49609,40300,3
40298,49609,3
40296,40298,3
40294,40296,3
18643,40294,3
24628,17,3
18005,6623,3
6593,18005,3
39957,39958,3
39958,39950,3
39950,39951,3
39951,39955,3
48474,49251,3
11090,48474,3
49360,11090,3
11051,49360,3
49361,11051,3
11049,49361,3
49352,11049,3
11047,49352,3
49355,11046,3
35306,43839,3
14696,14715,3
27609,43415,3
6201,21208,3
37145,5570,3
5557,19575,3
21208,21205,3
4884,4869,3
5050,4884,3
4662,5050,3
4688,4662,3
4684,4688,3
49809,49909,3
28233,48809,3
48809,28222,3
8626,11387,3
51216,5557,3
4683,4684,3
19329,6201,3
281,48497,3
6200,19329,3
8405,11585,3
5098,4683,3
4686,5098,3
4983,4686,3
5024,4983,3
12128,28728,3
12080,28294,3
28307,12080,3
10607,10866,3
9010,9011,3
51956,44888,3
11073,41168,3
41168,37273,3
40515,7034,3
7034,40513,3
21205,21200,3
51172,40524,3
41068,41067,3
50996,41068,3
37625,37624,3
7062,37625,3
18193,7062,3
37609,18155,3
6132,6125,3
18022,17975,3
18223,18197,3
6583,18223,3
41179,29085,3
18237,6583,3
34561,34650,3
34568,34565,3
28233,28560,3
34577,34567,3
41248,34577,3
4875,4893,3
47897,4505,3
35322,24823,3
18883,18237,3
38168,18883,3
51064,51062,3
51063,51064,3
21209,51063,3
21211,21209,3
21216,6202,3
21207,21216,3
21200,21207,3
19856,51216,3
21225,6200,3
6199,21225,3
20986,20976,3
18359,44166,3
28962,28961,3
21049,4655,3
21063,21069,3
21058,21063,3
21044,21058,3
28961,49829,3
21031,21044,3
49829,49805,3
49805,49865,3
21020,21031,3
51421,26737,3
4256,21020,3
41461,4256,3
26737,51390,3
51390,28794,3
28794,28791,3
28791,28787,3
28787,28786,3
49865,49889,3
13056,14549,3
28729,28728,3
28728,49379,3
49379,28765,3
28765,28764,3
48495,284,3
288,48494,3
50442,50532,3
294,277,3
44166,4702,3
4968,21048,3
21204,6199,3
21064,6251,3
6198,21204,3
50584,9048,3
21194,6198,3
19411,21194,3
49909,29100,3
51234,19411,3
51240,51234,3
19421,51240,3
36840,19421,3
36839,36840,3
36838,36839,3
36837,36838,3
21152,36837,3
41901,50069,3
37610,37609,3
41456,41455,3
23713,14600,3
37611,37610,3
41458,41456,3
41460,41458,3
50175,37611,3
19306,41460,3
21042,21030,3
13640,13056,3
49854,29246,3
29246,28962,3
5821,20485,3
21055,21042,3
6251,21055,3
6574,17747,3
17771,19587,3
41067,41055,3
43111,18328,3
7273,7278,3
41371,16594,3
16623,39981,3
12032,26403,3
38969,12032,3
11936,27899,3
7281,18332,3
18332,7271,3
7271,18356,3
18356,41472,3
29435,29423,3
14233,14244,3
5308,5338,3
18894,4809,3
4809,20739,3
4663,4611,3
10802,10799,3
4609,4616,3
4616,4942,3
4712,4863,3
4863,4721,3
4902,5197,3
25229,25226,3
25226,25206,3
4000,42256,3
43869,4870,3
5197,5198,3
5198,46470,3
46470,50018,3
18328,7273,3
29373,14111,3
4792,18788,3
18375,7275,3
28407,28408,3
6398,5827,3
34147,37802,3
5827,6393,3
28392,28417,3
19072,6121,3
17851,6600,3
17832,17851,3
17805,17832,3
37195,17761,3
7227,37195,3
17769,7227,3
5033,4736,3
4480,5033,3
5063,4938,3
37103,35080,3
42401,42403,3
41105,42401,3
50384,41105,3
17756,17769,3
17735,17756,3
1703,37103,3
16958,1260,3
35087,3832,3
28997,28998,3
35621,28997,3
6356,19606,3
14111,13052,3
40717,18375,3
19456,43869,3
4699,51987,3
19583,17771,3
21193,19417,3
51236,51248,3
51249,51236,3
51241,51249,3
51060,51241,3
51059,51060,3
18826,1359,3
51062,51059,3
6478,17804,3
43601,17902,3
9915,11905,3
11905,34275,3
34275,11820,3
11820,46635,3
9910,8768,3
4395,20093,3
24394,14787,3
787,13193,3
41064,43601,3
41065,41064,3
13221,13259,3
37292,37338,3
41066,41065,3
41056,41066,3
37366,37364,3
50476,4176,3
3854,3852,3
7250,18282,3
41055,41056,3
17799,19583,3
51248,21193,3
19417,36941,3
43417,43418,3
36941,36940,3
24245,24246,3
20572,20426,3
27084,27082,3
10799,10798,3
15969,22884,3
22884,15968,3
15878,15909,3
23582,24794,3
14293,14280,3
39562,39560,3
4653,4984,3
4737,4653,3
27269,39562,3
34262,4737,3
4840,18418,3
34263,34262,3
4796,34263,3
50488,8474,3
8475,8471,3
24428,24928,3
8471,11215,3
50776,1620,3
22556,38306,3
22914,22556,3
11215,11221,3
11221,11212,3
11212,11210,3
36938,19428,3
36940,36938,3
28764,28763,3
48495,287,3
953,956,3
13808,29319,3
21056,4987,3
21364,21366,3
6133,21056,3
15402,21605,3
21381,15402,3
21348,21350,3
47870,16061,3
15436,47870,3
38898,15428,3
15426,38898,3
28309,28482,3
43434,11274,3
48085,11028,3
29435,14594,3
13810,13806,3
10856,50442,3
13811,12836,3
13830,13811,3
27629,27688,3
13858,13830,3
13857,13858,3
14594,29349,3
4990,6133,3
15323,23106,3
17753,17750,3
23002,22069,3
22069,12975,3
18365,18692,3
15373,24720,3
22633,24695,3
4987,6146,3
11274,10912,3
24390,14633,3
14633,762,3
26638,15989,3
10816,10819,3
6119,21306,3
6144,6119,3
23481,16494,3
16494,23686,3
36910,15897,3
23686,16491,3
16004,15998,3
34431,34538,3
51148,34540,3
46616,34546,3
34509,34656,3
28997,41104,3
43865,28997,3
15788,15810,3
6146,6144,3
23879,15563,3
18773,6882,3
762,51040,3
14905,14883,3
14916,14905,3
14904,14916,3
14886,14904,3
14864,14886,3
19,14864,3
23104,23122,3
46481,23102,3
22085,46481,3
24695,24691,3
24691,23220,3
4995,4990,3
20740,42405,3
24524,24525,3
24521,24524,3
24520,24521,3
17801,41631,3
4992,4994,3
20217,19932,3
20017,20217,3
20019,20017,3
20300,20019,3
20624,20300,3
15000,39043,3
22569,22571,3
49503,22569,3
49603,49503,3
24381,49603,3
15832,37715,3
15380,49170,3
20202,20624,3
20222,20202,3
43886,5209,3
41461,43887,3
18401,21135,3
21083,4975,3
4975,36942,3
36942,21082,3
44776,41455,3
18248,44776,3
21015,18248,3
21082,36841,3
42405,41132,3
24525,24526,3
51868,21648,3
4510,4980,3
21648,21701,3
21701,21470,3
4687,4692,3
4692,4693,3
4693,4982,3
4982,4496,3
4496,4869,3
29336,13259,3
40854,40856,3
19722,19846,3
4628,4663,3
628,344,3
5295,42398,3
40853,43218,3
519,507,3
523,519,3
49926,456,3
436,49926,3
42689,520,3
40855,4727,3
6151,6110,3
4994,4995,3
348,351,3
6113,4992,3
24530,21951,3
24528,24529,3
4754,4880,3
4880,4736,3
4736,4791,3
27903,49563,3
19439,19440,3
19440,19441,3
21026,38742,3
37630,49062,3
5088,5169,3
13641,12886,3
18703,47766,3
1701,1702,3
19361,41784,3
28671,25561,3
26117,28671,3
42402,43865,3
4993,6132,3
4991,4993,3
6131,4991,3
42404,42402,3
11951,42404,3
11952,11951,3
27756,11952,3
1243,35083,3
27757,27756,3
27760,27757,3
14293,14425,3
47981,26170,3
21921,35172,3
35201,28450,3
41893,51466,3
29083,49836,3
27767,27760,3
27687,27767,3
6667,39883,3
39883,39889,3
4971,21026,3
26655,28865,3
4633,4195,3
28738,28736,3
28763,28762,3
28762,28761,3
28761,28760,3
28760,28753,3
28753,28758,3
28758,28757,3
28757,38395,3
38395,38394,3
28206,28801,3
28801,28741,3
49889,29120,3
10858,10856,3
51921,13060,3
28741,28740,3
10852,10858,3
13060,13641,3
28740,28739,3
28739,28738,3
10860,10852,3
18239,4703,3
18753,41631,3
17801,18760,3
42114,20883,3
37630,42114,3
4866,4701,3
4705,4866,3
38745,4705,3
38742,38745,3
49038,17749,3
49836,29081,3
18488,18474,3
16318,16319,3
44958,8889,3
26869,26870,3
43655,6120,3
47978,15886,3
15709,25033,3
23653,24861,3
47917,22658,3
48355,43435,3
8886,44958,3
8884,8886,3
10744,8884,3
10826,48355,3
10823,10826,3
8882,10744,3
10819,10823,3
10853,10861,3
10855,10853,3
38904,10855,3
35686,38904,3
36782,9048,3
41133,11028,3
695,567,3
567,566,3
566,266,3
266,494,3
494,486,3
14081,12973,3
19443,18568,3
19442,19443,3
19441,19442,3
10861,10860,3
8889,8891,3
29140,49861,3
6120,6147,3
49861,49844,3
49844,29123,3
21145,21137,3
6130,6131,3
4989,6130,3
21051,4989,3
21139,18376,3
27672,27687,3
37733,8854,3
8898,37733,3
24394,49653,3
8896,8898,3
8895,8896,3
27670,27672,3
28751,28749,3
18464,21139,3
4506,18464,3
28752,28751,3
28759,28752,3
28754,28759,3
18570,21051,3
8893,8895,3
8732,10198,3
8935,10455,3
6145,18570,3
6147,6145,3
8891,8893,3
43209,10158,3
10167,10165,3
51045,765,3
4984,4755,3
19456,4000,3
8408,43788,3
11343,10186,3
9907,11343,3
47754,8781,3
40587,49362,3
6685,6678,3
4400,19825,3
19828,4400,3
6346,19611,3
18934,6346,3
6349,18934,3
16334,16337,3
10034,10251,3
10251,38161,3
38161,8408,3
43788,43790,3
10781,11430,3
43790,38349,3
19408,19409,3
19409,19407,3
19407,19410,3
19410,4197,3
20977,6225,3
6225,20999,3
20999,6226,3
6352,6349,3
21754,21513,3
21551,21763,3
21763,21764,3
21764,21765,3
21765,21766,3
10186,43791,3
11430,10648,3
21537,16670,3
49977,5092,3
14704,14719,3
14702,14704,3
14709,14702,3
6676,6677,3
6685,40592,3
40592,6678,3
20346,5288,3
5287,20346,3
51794,15568,3
15568,16035,3
6343,5287,3
6344,6343,3
21282,20648,3
28048,28003,3
16035,25131,3
10648,11415,3
6029,6344,3
4524,4475,3
6463,42112,3
42112,17750,3
19611,6029,3
40543,4133,3
25131,817,3
817,818,3
11338,9258,3
818,16032,3
16323,16334,3
11419,11399,3
11417,11419,3
11415,11417,3
21766,23337,3
979,15897,3
29141,49910,3
49624,28840,3
20479,5832,3
24207,50495,3
10515,8750,3
6226,20989,3
20989,6227,3
6227,6253,3
6253,20964,3
20964,20960,3
20960,20969,3
20969,20973,3
20973,6229,3
6229,20988,3
20254,19828,3
27605,26846,3
28840,39781,3
15385,24207,3
48346,11969,3
26481,41607,3
4193,4674,3
28355,28360,3
27692,27697,3
39052,5371,3
5371,5368,3
5368,5365,3
5397,5422,3
987,958,3
24247,981,3
20251,20030,3
20030,50955,3
19004,19773,3
4790,51946,3
35225,15708,3
11063,39224,3
27505,48210,3
29450,14077,3
6770,6792,3
3275,1296,3
2347,3275,3
18826,2347,3
50550,23660,3
21962,23730,3
21560,21962,3
21720,21560,3
22060,21720,3
23696,24099,3
23745,22618,3
24094,23745,3
18103,18825,3
27154,27518,3
35227,35225,3
28403,28401,3
28400,28403,3
27518,48256,3
27177,39352,3
39352,12498,3
28429,28400,3
19833,21282,3
8750,7444,3
15832,47987,3
47987,50747,3
15579,41232,3
41232,41226,3
41226,35227,3
44162,22099,3
14719,736,3
736,735,3
800,802,3
36896,13322,3
19825,18962,3
41893,14286,3
40509,39759,3
26873,26502,3
26706,26714,3
40510,40509,3
26714,26712,3
25326,40510,3
26712,26713,3
26713,26857,3
1168,47973,3
26857,26719,3
26719,26720,3
18830,19863,3
42513,42511,3
18961,18955,3
16068,42513,3
42772,15436,3
13207,13985,3
40930,40924,3
26720,26858,3
34128,16316,3
16316,16322,3
16322,16323,3
15565,15566,3
15566,15567,3
15567,23354,3
23354,23353,3
3898,1296,3
13356,15315,3
18962,18961,3
50019,35087,3
802,24934,3
3108,2093,3
43418,43817,3
43817,43767,3
43767,43413,3
43413,28468,3
5107,5106,3
5106,5108,3
4504,41939,3
41939,20739,3
34030,24838,3
19624,4242,3
19623,19624,3
19622,19623,3
40330,19622,3
19621,40330,3
3562,3563,3
18955,18703,3
13320,38947,3
2446,3562,3
3029,2446,3
18310,18302,3
40338,19621,3
22368,23393,3
40336,40338,3
40334,40336,3
40331,40334,3
40329,40331,3
14390,14388,3
29496,14390,3
43625,43627,3
19625,40329,3
1048,43513,3
23353,51794,3
1169,48351,3
24049,24052,3
14728,24924,3
24954,45049,3
20690,5817,3
5300,20690,3
20689,5300,3
5299,20689,3
5297,5299,3
28003,28027,3
5289,5297,3
19603,5289,3
20175,20758,3
50813,50812,3
50812,50810,3
50810,50807,3
50807,50805,3
3901,3898,3
50805,49204,3
49204,49201,3
49201,49202,3
49202,50816,3
50816,50808,3
50808,50809,3
50809,50814,3
14747,24954,3
14715,14747,3
42526,19603,3
50814,50815,3
14703,14696,3
24925,14703,3
24934,24925,3
24052,24078,3
18810,43510,3
26858,26722,3
24078,13381,3
3937,3926,3
47856,3937,3
50219,1154,3
1177,46628,3
1176,1177,3
48189,27623,3
24923,33965,3
24924,24923,3
300,15216,3
21458,21459,3
8613,21458,3
11045,8613,3
15216,15217,3
15217,14621,3
15826,15772,3
14621,21795,3
21795,24943,3
25144,15826,3
22332,25144,3
15676,22332,3
25139,15676,3
24943,737,3
13373,13375,3
13381,13378,3
25147,25139,3
50811,50806,3
50806,50813,3
18812,19314,3
19296,19301,3
49910,29142,3
44101,43017,3
41479,41480,3
6925,6926,3
13062,12975,3
13360,13358,3
24437,837,3
6059,47859,3
2727,1911,3
1925,1910,3
3897,3611,3
1950,1957,3
1957,2858,3
3443,2773,3
12543,12036,3
12036,28310,3
2773,1878,3
28174,26832,3
26832,26828,3
25846,28567,3
28567,26805,3
6926,40817,3
6923,6925,3
7683,7881,3
20656,6923,3
7822,7666,3
7666,7763,3
20532,19999,3
26786,37806,3
26839,26940,3
28173,26835,3
51636,3293,3
17229,51636,3
18911,43054,3
43054,18788,3
47897,35465,3
7184,20655,3
28001,28048,3
845,848,3
6664,6665,3
27082,28001,3
20655,20656,3
5305,6361,3
26796,43357,3
43953,45031,3
10801,10802,3
35572,20556,3
4801,4754,3
4947,4801,3
2638,1168,3
4750,4947,3
10818,10812,3
48297,17447,3
17967,35572,3
17228,1411,3
1422,1388,3
10812,10814,3
39828,39830,3
43514,43656,3
6361,4803,3
12945,14595,3
6663,6664,3
39818,39822,3
35580,50389,3
13637,12886,3
50388,20105,3
41481,41482,3
10804,10801,3
10803,10804,3
10813,10803,3
39966,35546,3
10814,10813,3
42433,5165,3
4790,41481,3
41482,41484,3
41476,41479,3
2836,3077,3
41484,41476,3
254,203,3
1669,1109,3
10893,10821,3
5755,5753,3
26848,26502,3
7881,8030,3
29479,13127,3
7686,7683,3
10912,10827,3
7679,7686,3
10827,10824,3
29132,12180,3
12173,29132,3
12355,12173,3
29131,12355,3
7596,7595,3
35540,35529,3
25376,24534,3
4344,4342,3
7595,48599,3
42121,42398,3
5195,5814,3
41712,41222,3
4342,20248,3
35536,35538,3
8213,35004,3
20248,44013,3
35538,35540,3
10824,10633,3
4576,4907,3
41716,4835,3
21282,18875,3
51039,51261,3
18687,5237,3
50259,831,3
19762,18869,3
18869,47989,3
4742,50041,3
10633,10825,3
44013,19679,3
10825,10893,3
8216,8213,3
35005,8216,3
35004,8052,3
12321,12069,3
50060,18687,3
43975,43953,3
19999,20254,3
41711,41712,3
35365,4202,3
6360,5305,3
7687,7677,3
43955,43975,3
7613,7333,3
14284,43955,3
35362,35365,3
29568,29398,3
4347,18983,3
14444,14285,3
41710,41711,3
35546,35530,3
4830,35362,3
35535,35536,3
25764,43615,3
7680,7678,3
35533,35535,3
7232,50008,3
35529,50060,3
41480,4735,3
50008,18022,3
35530,35533,3
7677,7680,3
2798,3454,2
21253,5759,2
12462,12463,2
42876,13354,2
12520,12462,2
41593,18234,2
44137,20963,2
20349,20373,2
1907,1905,2
20963,21017,2
41592,41593,2
17092,2931,2
6877,17053,2
36927,35060,2
12544,34198,2
24311,24310,2
12463,12544,2
2723,2724,2
13181,29339,2
34198,12321,2
18907,43093,2
43093,41577,2
41571,18907,2
12203,12289,2
12069,12203,2
12289,12391,2
6902,19799,2
7631,7317,2
19133,19136,2
7317,7869,2
15192,15194,2
15035,15045,2
41570,41571,2
21254,21287,2
21255,21254,2
17605,50164,2
5497,21255,2
729,50739,2
41577,41578,2
41578,41579,2
2724,1907,2
49200,14961,2
41579,18917,2
7869,7322,2
18857,41592,2
50164,19849,2
19850,19852,2
15224,14751,2
19265,19251,2
12391,7631,2
15919,15150,2
7766,43653,2
412,407,2
5535,5536,2
20207,20892,2
5536,5537,2
5537,5538,2
5538,20887,2
2799,3310,2
37149,24370,2
51336,20207,2
19043,20907,2
5531,19043,2
5530,5531,2
20887,4268,2
17028,38539,2
38539,38541,2
38541,38543,2
5529,5530,2
4268,5539,2
22865,37149,2
18371,18395,2
40502,5535,2
24370,15956,2
2347,2673,2
19738,19739,2
987,36905,2
20892,19134,2
19134,40496,2
40496,20890,2
20890,19270,2
19270,19138,2
19138,40497,2
42433,4773,2
40497,6267,2
18958,2347,2
5486,41554,2
6267,17718,2
41554,41589,2
15956,24862,2
21301,20535,2
19739,21275,2
17718,19046,2
20535,18893,2
18394,18397,2
5539,5533,2
8072,8437,2
38543,2792,2
26727,26890,2
11070,10225,2
5533,19133,2
11081,43831,2
23344,24311,2
27747,41644,2
48007,22886,2
43831,43768,2
38955,29416,2
17827,17829,2
18573,50662,2
21309,46399,2
46399,47145,2
47145,21295,2
4211,44137,2
47799,18677,2
6512,20795,2
18735,6512,2
34833,8072,2
39996,39994,2
39994,6255,2
23593,23584,2
3310,38547,2
2792,2797,2
2797,2798,2
2091,41168,2
19843,19710,2
19155,5529,2
18887,40863,2
40859,18887,2
37133,37132,2
15969,22865,2
7050,7051,2
19121,20900,2
19129,19121,2
39890,19129,2
7095,21281,2
6260,39890,2
19128,6260,2
19488,20891,2
18662,7050,2
22886,23585,2
40924,40923,2
5544,5565,2
34729,43577,2
43577,34735,2
34741,7692,2
34348,34409,2
25348,14917,2
8059,51092,2
34409,34345,2
19331,19278,2
19278,19284,2
28088,29122,2
29122,27628,2
34345,15995,2
750,748,2
27279,11961,2
39485,39412,2
6945,20658,2
27842,27591,2
6366,6355,2
17524,6368,2
5690,6372,2
34805,34348,2
41452,8250,2
98,39762,2
35326,15558,2
97,100,2
34007,35326,2
12899,13241,2
13244,13245,2
23829,22864,2
39613,39601,2
39601,29121,2
13245,13219,2
29121,39945,2
39945,39944,2
34441,34435,2
39944,39943,2
27849,26419,2
39943,39942,2
39942,39614,2
11961,27849,2
44539,42756,2
39614,39615,2
39615,28088,2
5691,5690,2
37131,19738,2
22864,942,2
25560,27399,2
22264,51199,2
3591,1636,2
37801,885,2
19004,20382,2
39236,37142,2
37142,37141,2
20382,19773,2
4347,20042,2
18993,18983,2
37141,51932,2
51932,37138,2
37138,37137,2
8733,10281,2
885,877,2
7444,8733,2
6946,6945,2
42055,18691,2
18655,42055,2
729,11161,2
13118,13072,2
20794,39237,2
6512,18736,2
3193,16968,2
27399,11931,2
3201,3984,2
25549,2444,2
3029,25975,2
3029,541,2
5981,4229,2
18992,5981,2
18991,18992,2
1296,1636,2
8467,22062,2
20364,20030,2
27626,51382,2
4344,41696,2
20030,19958,2
19958,19010,2
19010,50955,2
7282,6512,2
5681,5691,2
23763,97,2
16846,98,2
43113,41570,2
12202,12693,2
42859,13595,2
47406,12887,2
48499,492,2
13239,51814,2
29325,51917,2
12271,12202,2
19136,5534,2
14370,49329,2
24499,24505,2
50965,50408,2
39236,18735,2
50408,50404,2
28512,27605,2
50404,50407,2
34434,34443,2
27302,48036,2
21275,39237,2
18758,7255,2
18308,18307,2
24310,16219,2
12693,51208,2
2881,2713,2
51208,12538,2
26886,26710,2
27605,26886,2
44154,12520,2
37271,40860,2
5565,20123,2
44149,44154,2
20320,18959,2
18959,20698,2
41935,20739,2
20698,6290,2
6290,19047,2
572,596,2
44150,44149,2
39228,830,2
41572,43113,2
44155,44150,2
18918,41572,2
12374,44155,2
12538,12374,2
37298,37338,2
27814,28512,2
48026,48022,2
48022,48023,2
13092,13328,2
13328,51964,2
1799,1797,2
3054,20521,2
18971,20891,2
47807,4634,2
6952,20663,2
3029,3939,2
20504,41168,2
3486,41084,2
2714,2715,2
19587,6574,2
24810,46,2
2715,2716,2
3454,2799,2
2716,2733,2
33966,16847,2
16847,24812,2
14917,24939,2
13128,13092,2
49329,51816,2
2492,17020,2
41704,37137,2
48023,48029,2
48029,50237,2
27835,44197,2
36905,23829,2
1905,16993,2
16994,2705,2
26419,27873,2
3369,3486,2
37133,41704,2
3450,17136,2
50237,48041,2
48041,48017,2
48017,51465,2
42565,6775,2
6773,20106,2
20106,17787,2
17787,17799,2
38547,3450,2
37132,37131,2
20372,5558,2
4771,43218,2
43254,10662,2
48071,50696,2
49427,48071,2
44345,49427,2
44344,44345,2
29066,44344,2
942,24369,2
954,42468,2
42468,934,2
934,959,2
959,960,2
960,16853,2
16853,965,2
965,964,2
964,963,2
963,917,2
917,915,2
915,24420,2
24428,48255,2
765,965,2
965,14623,2
14623,987,2
987,956,2
954,22864,2
41132,11289,2
9933,10153,2
34606,7695,2
9941,9943,2
44913,44911,2
44907,44913,2
44914,44907,2
28571,44923,2
15821,15824,2
35840,3470,2
17352,2094,2
3045,2700,2
3956,3045,2
4533,4832,2
21617,21596,2
35322,176,2
51229,174,2
27000,27116,2
39427,27000,2
39474,39427,2
29236,39474,2
26999,29236,2
26996,26999,2
27792,26996,2
11237,11235,2
10667,11237,2
9946,9921,2
22288,940,2
50698,41855,2
12641,50698,2
25861,12641,2
39313,29050,2
12208,39313,2
38957,12207,2
48070,38957,2
38959,48070,2
23491,15492,2
13250,13252,2
29350,23596,2
12299,38959,2
25934,25996,2
23400,15897,2
51148,34509,2
34509,11080,2
41663,11071,2
10995,41170,2
41170,40740,2
8059,34739,2
7692,43577,2
43577,8437,2
7338,43026,2
41392,29056,2
36943,43028,2
43028,43075,2
29275,28868,2
28868,39314,2
12596,29200,2
38678,44506,2
29274,25861,2
29043,29274,2
29044,29043,2
12596,29044,2
44503,29018,2
12299,44503,2
44511,44514,2
44510,44511,2
44508,44510,2
44506,44508,2
29239,38678,2
29200,12595,2
29238,29239,2
39999,29238,2
29237,39999,2
12594,29237,2
29024,12594,2
29184,29024,2
28316,29184,2
12592,28316,2
25282,24319,2
12595,12592,2
44911,49405,2
43110,43109,2
48542,20065,2
22556,15207,2
3877,3984,2
3938,3877,2
3940,1283,2
2094,2083,2
11090,41665,2
23094,9612,2
43711,12590,2
12586,12085,2
12085,12493,2
12493,29066,2
24315,23094,2
16089,16092,2
22264,16089,2
41392,12575,2
12575,12297,2
21673,22264,2
78,21673,2
12297,12492,2
33969,78,2
22765,22042,2
24811,22299,2
15434,24811,2
23642,15426,2
2067,2071,2
1615,2606,2
43109,43108,2
2606,36030,2
43167,43165,2
20065,48661,2
48661,4453,2
43185,43167,2
44106,43185,2
43180,40122,2
4453,4455,2
43173,43180,2
43171,43173,2
4455,4456,2
43174,43171,2
4456,4458,2
43176,43174,2
43178,43176,2
43187,43178,2
4458,39166,2
39167,38253,2
38253,4462,2
4462,20256,2
20256,4448,2
4448,4446,2
4446,51573,2
51573,20251,2
80,23642,2
10843,44409,2
41163,10848,2
36125,38284,2
42495,28028,2
28028,27791,2
27791,27057,2
27057,27316,2
20812,20350,2
7256,7257,2
18282,18281,2
18285,7250,2
20814,18728,2
51065,20814,2
20813,51065,2
41703,41702,2
27316,28687,2
20808,41703,2
35188,20811,2
28687,27946,2
35186,35188,2
35185,35186,2
21310,35185,2
35184,21310,2
18503,18415,2
43107,18503,2
43108,43107,2
29064,29050,2
29185,29064,2
51269,51325,2
51332,51324,2
25303,51313,2
51350,16884,2
51305,51350,2
51316,51305,2
51302,51316,2
25313,51302,2
51352,25308,2
51315,51352,2
51351,51315,2
51324,51351,2
42576,49464,2
51325,51309,2
49464,49454,2
49454,49054,2
49054,28963,2
28963,28866,2
28866,29063,2
29063,29185,2
51311,51332,2
51323,51311,2
51320,51323,2
51309,51320,2
37000,15151,2
22914,15183,2
11160,22966,2
27689,43819,2
35286,21507,2
25113,23879,2
39509,39324,2
26573,39509,2
50579,26573,2
50580,50579,2
41970,50580,2
41971,41970,2
41950,41971,2
41972,41950,2
39540,41972,2
39333,39540,2
48485,39333,2
12116,48485,2
44316,26851,2
26587,44316,2
39321,39431,2
39432,39321,2
23879,21589,2
15878,25092,2
39434,39432,2
27049,39434,2
39563,44662,2
23221,35286,2
27791,28115,2
662,540,2
28115,27896,2
23543,36797,2
18337,6224,2
18336,18337,2
36797,51199,2
9526,51199,2
7444,21788,2
6228,18336,2
19435,6228,2
20979,19435,2
6223,20979,2
20987,6223,2
20994,20987,2
20998,20994,2
726,700,2
51233,20998,2
51232,51233,2
18284,51232,2
700,51199,2
28608,27336,2
28685,28608,2
27896,28685,2
27850,27594,2
49793,5020,2
27869,11933,2
39541,27869,2
40442,40443,2
40447,40442,2
49389,27073,2
48431,48433,2
27073,27979,2
27979,27340,2
39596,48431,2
36360,41133,2
9048,23543,2
46908,48432,2
11789,39077,2
39077,11787,2
11787,11140,2
11140,11147,2
11147,11142,2
11142,11150,2
39963,46908,2
26972,39963,2
40441,26972,2
11150,11152,2
36811,40441,2
40444,40445,2
40445,40448,2
40448,42740,2
42740,36811,2
27341,49389,2
48433,46903,2
46903,48436,2
27011,26405,2
42739,40447,2
50553,42739,2
39716,50553,2
39449,39452,2
39457,39449,2
39458,39457,2
39387,39458,2
39328,41968,2
27633,28832,2
39411,27633,2
28114,27011,2
48436,28826,2
26433,26434,2
28826,26971,2
27433,28657,2
28657,49718,2
49726,28030,2
28030,27975,2
27975,27966,2
27966,27988,2
27988,27968,2
27968,27341,2
12042,38975,2
6224,20990,2
20990,18338,2
49870,49918,2
20990,20997,2
20970,20990,2
20953,20970,2
19040,19054,2
40614,40610,2
40610,40605,2
40605,40626,2
40626,40601,2
40601,40603,2
40603,40608,2
40608,40609,2
40609,40613,2
40615,19039,2
19039,20928,2
20928,20929,2
20929,19060,2
19060,40623,2
40623,40622,2
40622,40620,2
6054,6055,2
6055,6056,2
6056,51084,2
28114,9046,2
20997,20988,2
21097,43910,2
43910,43977,2
6868,18777,2
540,21270,2
43027,34869,2
7444,27692,2
18441,21152,2
19090,18441,2
4671,19090,2
18520,4963,2
18519,18520,2
21135,18519,2
18488,21117,2
18689,6870,2
43977,43911,2
43245,18657,2
6873,6872,2
18773,6981,2
6874,18773,2
6878,18772,2
50537,22914,2
18474,18413,2
19424,21123,2
15556,22259,2
43911,4924,2
49854,49870,2
49918,49821,2
18338,21006,2
49821,49806,2
12180,49809,2
50286,50069,2
50069,41902,2
41902,12719,2
12719,12718,2
12718,49823,2
49823,12183,2
29130,49835,2
49835,12404,2
12404,12367,2
12367,29101,2
29101,50036,2
27847,27851,2
50036,12495,2
12495,29108,2
29109,49878,2
49878,12680,2
50764,26846,2
47119,7381,2
19406,19408,2
19402,19406,2
19401,19402,2
20962,19401,2
49812,29131,2
12154,49812,2
12353,12154,2
24820,42312,2
49806,49688,2
49688,49874,2
49874,49840,2
49840,29116,2
29120,49900,2
42116,42117,2
42117,49905,2
49905,49683,2
49683,49882,2
49882,49890,2
49417,27961,2
29095,12353,2
29120,49847,2
49847,49857,2
49857,49807,2
49807,49875,2
35291,21099,2
49875,12671,2
19264,35291,2
29085,12351,2
12351,12496,2
12496,29095,2
43165,43163,2
20069,48542,2
40855,40856,2
3401,3399,2
3400,1678,2
3397,3400,2
3396,3397,2
1326,3396,2
37208,35839,2
7054,49189,2
18662,7054,2
21179,18662,2
18669,21179,2
21203,18669,2
18665,21203,2
21217,18665,2
50641,21217,2
21244,21243,2
17303,18876,2
21249,21244,2
14970,24914,2
24913,14970,2
14854,24913,2
21251,21249,2
14850,16691,2
17640,21251,2
17639,17640,2
1678,3401,2
17225,51638,2
39,14914,2
42418,42419,2
18117,20435,2
24911,39,2
24910,24911,2
24909,24910,2
24908,24909,2
24914,24908,2
18347,21069,2
21045,18347,2
37340,37338,2
40640,37364,2
36086,34650,2
34571,36086,2
34612,34571,2
34576,34612,2
34605,34576,2
34613,34607,2
34615,34613,2
8436,34615,2
37366,40640,2
37340,37334,2
37316,37308,2
37308,37314,2
37336,42418,2
7483,7487,2
7385,7483,2
7382,7384,2
4222,18876,2
7137,7138,2
20830,7137,2
20829,20830,2
42142,42144,2
42144,42140,2
42140,42129,2
42129,42130,2
42130,42135,2
34917,7952,2
7952,34860,2
42135,42132,2
42132,42131,2
42131,42136,2
42136,42143,2
42143,19582,2
19582,17788,2
17788,20107,2
37296,42417,2
20107,6706,2
34860,35011,2
13071,29483,2
35011,35010,2
11899,10286,2
17995,18082,2
18082,18108,2
18108,41784,2
25945,50082,2
22046,35613,2
27901,26654,2
26604,27901,2
4888,4222,2
37322,37336,2
37338,37340,2
37338,37298,2
37364,37366,2
5006,5004,2
50082,25946,2
43028,8016,2
18567,20933,2
34781,43028,2
10456,10458,2
7329,8433,2
7677,7681,2
7684,7677,2
7679,7684,2
7688,7678,2
7683,7688,2
8034,7683,2
51282,5006,2
20435,20236,2
14914,24951,2
4191,20069,2
20585,20574,2
26707,43819,2
684,15115,2
689,684,2
685,689,2
688,685,2
687,688,2
15066,687,2
690,15066,2
24875,690,2
24874,24875,2
24873,24874,2
37017,24873,2
21250,5492,2
19067,21250,2
18675,21218,2
14885,37017,2
49198,14885,2
25317,25318,2
25316,25317,2
25313,25314,2
25302,25305,2
25303,25302,2
43245,6870,2
18773,6872,2
47827,20534,2
24951,24950,2
19068,5886,2
50398,10790,2
7771,39682,2
39682,39685,2
49445,21482,2
49475,49445,2
40853,40854,2
22891,49475,2
42312,22278,2
23334,21480,2
21478,23334,2
7780,7671,2
43156,19454,2
11452,11534,2
11234,48500,2
25324,25301,2
25301,35320,2
10328,7780,2
35320,50522,2
50522,50524,2
50524,50526,2
50526,50525,2
50525,44684,2
44684,50851,2
21206,18675,2
21202,21206,2
18667,21202,2
19920,18667,2
35066,35067,2
14416,29426,2
35065,35066,2
34639,35065,2
34668,34656,2
51618,34459,2
51274,51277,2
14779,14765,2
14776,14779,2
14778,14776,2
14782,14778,2
14797,14782,2
24906,14797,2
14817,24906,2
14806,14817,2
14812,14806,2
14823,14812,2
14852,14823,2
14866,14854,2
24912,14866,2
24948,24912,2
6085,19899,2
24950,24948,2
35326,22259,2
34177,22299,2
22316,34177,2
43032,43033,2
6868,18311,2
21177,19920,2
18311,18777,2
7061,21177,2
20100,7061,2
21280,20100,2
4174,18776,2
7058,7059,2
43033,48263,2
18776,20011,2
27146,43032,2
35067,34364,2
42286,37396,2
15952,37023,2
37024,39846,2
15936,37024,2
15172,15939,2
34650,34647,2
34364,34458,2
18086,19763,2
19763,6865,2
50801,44685,2
25826,47864,2
20408,20792,2
14175,14369,2
45,42772,2
21090,21085,2
34431,24434,2
18532,21100,2
21092,18532,2
486,484,2
43128,8465,2
43129,43128,2
8462,43129,2
14907,14919,2
974,24980,2
15193,15189,2
50779,15193,2
50784,50779,2
49680,50784,2
51748,49680,2
43875,51748,2
42500,43875,2
15010,42500,2
14977,15010,2
48449,14977,2
24898,48449,2
14856,14840,2
14819,14843,2
16847,45,2
2360,2362,2
14176,14175,2
19087,4172,2
15608,15609,2
15609,15610,2
24618,24582,2
23830,24618,2
38284,36040,2
37386,41293,2
37360,37372,2
37372,37374,2
41293,41291,2
41291,41292,2
41291,41293,2
21304,20792,2
18078,20843,2
2229,17994,2
3295,20503,2
2162,3155,2
2137,2135,2
17488,2444,2
3916,1249,2
2345,3923,2
4211,20971,2
17572,21295,2
4172,18959,2
1285,3884,2
2085,2083,2
2080,2085,2
1860,1868,2
2345,17566,2
34834,34796,2
19740,19758,2
19758,18970,2
18970,19963,2
19963,18969,2
5982,20177,2
20180,19635,2
19635,20177,2
20180,18969,2
5982,19965,2
19965,19964,2
19964,18970,2
18970,20026,2
20026,4229,2
26941,39500,2
49531,27692,2
43163,44198,2
38204,38208,2
38208,38212,2
38212,38213,2
38213,38215,2
38215,51573,2
4838,21097,2
25950,25951,2
25951,29003,2
18775,6881,2
3548,2803,2
34433,34511,2
6437,18144,2
18144,18043,2
18043,18050,2
6637,5939,2
6456,17884,2
17884,17872,2
17872,17847,2
17847,17840,2
43246,18775,2
29003,25952,2
27542,28093,2
27540,27544,2
27218,27540,2
27213,27218,2
25950,27213,2
12327,44786,2
44333,12327,2
42172,44333,2
12615,42172,2
25952,28111,2
15575,15608,2
15574,21917,2
15573,15574,2
37292,37348,2
7047,7044,2
7046,7047,2
50006,7046,2
7049,50006,2
7048,7049,2
19581,41638,2
7091,6708,2
7090,7091,2
7089,7090,2
21589,16786,2
22228,24127,2
15181,15189,2
25391,15193,2
15193,50777,2
50777,46722,2
46722,46339,2
46339,44019,2
4241,21152,2
44019,43874,2
43874,42502,2
42502,15007,2
27915,27787,2
27909,27912,2
4227,7096,2
7096,18926,2
17600,7114,2
7076,37167,2
14377,14363,2
42172,27216,2
7080,37192,2
7083,7080,2
7082,7083,2
7081,7082,2
7079,7081,2
7078,7079,2
7146,7078,2
37167,7146,2
7130,7126,2
7114,7094,2
7134,7129,2
41581,4187,2
19885,7100,2
7108,4186,2
28399,28408,2
20014,5587,2
19328,20014,2
7112,19328,2
7111,7112,2
7094,7111,2
15007,48449,2
37348,37346,2
15572,15573,2
37344,37342,2
27433,27425,2
28029,44145,2
42521,28059,2
49772,42521,2
35342,35341,2
35341,21309,2
21309,47145,2
47145,21304,2
21304,20873,2
20873,20874,2
45000,49772,2
14895,14837,2
20874,35343,2
23249,25143,2
15894,23249,2
15772,15894,2
47894,15746,2
15753,16427,2
15571,15572,2
5560,43934,2
49234,50065,2
15610,34140,2
24582,23608,2
27078,27341,2
44999,49772,2
27443,28161,2
19707,2661,2
40582,40583,2
40581,40584,2
48449,14973,2
14973,14946,2
4132,39133,2
4111,4132,2
47912,19821,2
7028,49601,2
18804,19879,2
35264,18804,2
34614,34616,2
28161,28160,2
14348,3265,2
34606,34614,2
34612,34575,2
34571,34612,2
34566,34571,2
34649,34566,2
14946,14895,2
29037,28157,2
28162,29037,2
28160,28162,2
27804,12975,2
15915,24520,2
26646,26668,2
51993,49685,2
35732,7819,2
7590,7598,2
49685,25876,2
25876,29110,2
29110,12349,2
12349,35954,2
12151,12165,2
12165,12356,2
12356,29131,2
831,24513,2
29133,29134,2
29134,49867,2
49867,29135,2
29135,12177,2
12177,12175,2
12175,29136,2
29136,12169,2
7820,34772,2
18810,19342,2
12401,29137,2
27842,27689,2
35694,24201,2
24201,13037,2
26918,26870,2
26716,26711,2
16465,16456,2
16424,35714,2
35720,15744,2
48817,41829,2
44804,48817,2
44811,44804,2
27842,27748,2
27748,27689,2
27689,51199,2
3932,1446,2
1446,1448,2
1448,3921,2
3921,3928,2
12169,12401,2
29090,29106,2
23884,23297,2
35220,15785,2
41233,35226,2
41227,41233,2
15853,41227,2
44135,15386,2
50494,44135,2
42681,50495,2
42680,42681,2
24210,42680,2
41228,15634,2
41229,41228,2
15856,15832,2
26216,27109,2
40686,8874,2
20648,17907,2
49283,22357,2
25135,25133,2
15865,15709,2
35226,35220,2
50744,47985,2
29106,29107,2
26421,27851,2
47851,4957,2
6965,6175,2
6984,6965,2
38554,6984,2
38555,38554,2
38557,38555,2
41760,43220,2
39179,41760,2
2673,3265,2
2881,2673,2
16604,16599,2
732,16516,2
44016,15879,2
49366,44016,2
28429,28425,2
38715,40686,2
27851,49624,2
25549,26355,2
26355,26358,2
26358,26360,2
15247,42833,2
48288,48286,2
28998,43877,2
43877,49551,2
49551,43866,2
43866,27322,2
27322,40066,2
40066,27313,2
27313,50384,2
27669,50508,2
12797,28373,2
28417,28422,2
28356,35196,2
28424,35194,2
35193,28425,2
39763,49176,2
98,39763,2
33967,98,2
42833,48288,2
27725,27726,2
26360,23228,2
27726,27728,2
50042,40235,2
40235,4839,2
4839,40228,2
40228,40229,2
40229,40231,2
40231,40237,2
49976,5033,2
5033,4938,2
4480,4735,2
4742,4699,2
28745,28744,2
22386,38303,2
15940,15183,2
15938,15940,2
36993,15938,2
48007,22889,2
15000,14990,2
22765,33967,2
35283,13429,2
25328,13178,2
19312,6004,2
35534,35532,2
26869,26918,2
35532,35531,2
35531,39976,2
28114,35694,2
26385,27483,2
26386,26385,2
26387,26386,2
26384,26387,2
26383,26384,2
26382,26383,2
27145,26382,2
26378,27145,2
26376,26378,2
26374,26376,2
25551,26374,2
23228,25551,2
5592,35474,2
25612,12041,2
25611,25612,2
48349,24535,2
40391,6009,2
6004,40361,2
40418,6004,2
19335,5997,2
47975,47966,2
47966,49032,2
49032,48349,2
24535,25265,2
24583,787,2
25265,15834,2
15834,29243,2
26531,41261,2
21305,20917,2
20166,20409,2
42514,43895,2
787,29383,2
23297,15865,2
24767,23884,2
40575,50041,2
4787,39864,2
39862,39861,2
13730,13214,2
39861,4643,2
5427,5428,2
24159,24108,2
24108,24121,2
24121,23660,2
23660,11161,2
18691,20637,2
21269,36135,2
36135,18008,2
18008,40328,2
40328,19656,2
19656,19657,2
19657,40323,2
40323,40306,2
40306,19658,2
39864,39862,2
4844,4787,2
40325,19659,2
4645,4843,2
5592,35504,2
35504,35474,2
27513,27499,2
11940,12063,2
12723,27183,2
27183,48256,2
27177,39720,2
39720,39719,2
39719,27530,2
28083,27504,2
27504,11999,2
27163,47835,2
4645,4873,2
40242,4880,2
4741,40242,2
4878,4874,2
4874,50395,2
19658,40325,2
12326,28617,2
39254,35286,2
22235,3521,2
13354,29402,2
19661,19662,2
19662,40324,2
40324,43917,2
43917,43915,2
43915,43914,2
16711,79,2
15667,22017,2
16709,15667,2
15427,2,2
38898,15427,2
16291,43659,2
16290,16291,2
22379,16290,2
16487,22379,2
80,16487,2
9439,80,2
29402,22235,2
38969,39804,2
42818,12326,2
39804,26402,2
42819,42818,2
25715,42819,2
25689,25715,2
47849,43422,2
19659,19660,2
359,15233,2
19660,40326,2
599,47963,2
47969,3549,2
49012,14605,2
48418,49012,2
14227,48418,2
24779,14227,2
16195,24779,2
40326,19661,2
24663,42617,2
26402,24663,2
27167,27173,2
49241,12341,2
29402,24920,2
34494,49395,2
39049,8399,2
16005,22094,2
15829,16005,2
27850,27851,2
27851,26544,2
26544,27839,2
16609,16521,2
16505,16609,2
16611,16506,2
10108,8733,2
10455,9600,2
34792,10685,2
8059,34792,2
49565,44073,2
42297,51092,2
16589,24708,2
34507,49395,2
34662,51621,2
40699,48615,2
42872,13354,2
48615,48881,2
41326,39254,2
22254,41326,2
41781,22254,2
48133,21629,2
38143,48133,2
13191,14076,2
21588,12962,2
495,454,2
492,484,2
570,48282,2
43659,43213,2
43928,25034,2
43929,43928,2
43930,43929,2
48364,43930,2
16867,48364,2
15505,15873,2
34564,34507,2
34561,34564,2
34579,36086,2
41585,5484,2
34434,34433,2
34443,34808,2
34444,34443,2
35317,8503,2
25810,40146,2
40146,26883,2
6355,5681,2
39448,39446,2
27892,39448,2
27716,27892,2
41644,27716,2
27842,41604,2
44199,27834,2
20740,14355,2
4791,4728,2
23351,15565,2
23408,23351,2
34509,44164,2
44164,34656,2
16640,748,2
778,48598,2
737,14612,2
14612,29581,2
16032,15829,2
27841,27871,2
48214,22343,2
22343,24757,2
48598,774,2
1608,1584,2
748,14165,2
2898,1608,2
36050,4066,2
17251,36050,2
25092,16542,2
16232,44372,2
16412,16232,2
25368,16212,2
50041,50042,2
42816,22576,2
43916,43919,2
5774,7059,2
7887,34772,2
7919,7887,2
43663,7919,2
49384,43663,2
27510,12341,2
48210,28071,2
27674,50508,2
22042,48078,2
13857,13862,2
12835,13857,2
3105,2695,2
2027,2443,2
774,15034,2
24971,15176,2
10328,43905,2
1680,1394,2
1460,1680,2
7058,5774,2
21280,39972,2
44061,44037,2
7055,20100,2
495,14800,2
24110,22209,2
22209,23010,2
23010,21756,2
21756,23013,2
22279,21810,2
21814,34021,2
24180,22434,2
22545,21722,2
11242,10776,2
11234,11239,2
11157,11161,2
11123,37036,2
8560,11123,2
50508,27670,2
39970,42850,2
20100,39968,2
44037,17234,2
28360,28438,2
40016,40014,2
23731,22905,2
39629,28675,2
26353,25550,2
15903,977,2
25081,15878,2
20485,4179,2
47896,2356,2
39923,39922,2
5261,39923,2
15598,15741,2
15745,15598,2
19916,5261,2
5260,19916,2
5257,5260,2
6388,5257,2
19284,19285,2
19281,19284,2
19590,19281,2
38642,43520,2
22905,24131,2
28407,28401,2
24164,21878,2
28418,28422,2
12802,28418,2
28509,12802,2
18570,21073,2
6121,43655,2
19284,19349,2
10816,44260,2
27804,10794,2
27170,25482,2
27196,27170,2
28800,27523,2
41112,28800,2
44261,10818,2
8999,50358,2
13246,16186,2
21881,21815,2
21878,21881,2
47966,359,2
14822,455,2
462,476,2
459,24938,2
40662,37108,2
37111,40662,2
6336,20532,2
24930,24460,2
23054,24713,2
22136,23054,2
21551,21895,2
16673,21551,2
21537,21545,2
49662,16945,2
4390,20291,2
4398,4395,2
4274,4398,2
20366,4274,2
11615,39296,2
9134,11615,2
9200,9134,2
25340,24939,2
24938,14921,2
26669,26120,2
14921,14928,2
19678,19728,2
20891,19147,2
19147,20900,2
20900,35348,2
540,2444,2
421,455,2
14771,421,2
493,35115,2
14953,487,2
486,14953,2
25340,481,2
18953,42430,2
12990,14339,2
14339,13916,2
50636,42555,2
18365,5623,2
24980,974,2
9198,9200,2
9141,9198,2
19845,20269,2
20194,19767,2
10659,9526,2
11450,9661,2
23713,16377,2
16373,16371,2
16375,15884,2
15884,23418,2
21744,34652,2
44578,8881,2
43865,41104,2
28114,27523,2
50380,25258,2
257,260,2
15233,14607,2
48733,35201,2
28480,48733,2
28475,28480,2
27649,28475,2
9526,10193,2
47907,21921,2
25549,47907,2
6813,6817,2
6395,6398,2
6396,6395,2
17968,6396,2
17977,17968,2
6399,17977,2
18016,6399,2
6817,18016,2
6803,6813,2
14600,25975,2
6802,6803,2
5829,6802,2
20090,18835,2
25240,16330,2
25419,15883,2
15883,16217,2
16372,21921,2
40014,19590,2
40017,40016,2
9552,10281,2
5677,5676,2
5284,5653,2
49377,15833,2
22742,16524,2
15996,750,2
10517,9909,2
39879,6796,2
6795,39879,2
7245,18174,2
6607,7245,2
6608,6607,2
18129,6608,2
6662,6663,2
6661,6662,2
6660,6661,2
6659,6660,2
6658,6659,2
6657,6658,2
5674,5275,2
19873,5677,2
37181,37182,2
5519,5189,2
1236,36075,2
36075,4016,2
4016,1255,2
1255,17345,2
17345,36064,2
36064,4036,2
15830,15788,2
25083,15405,2
15405,15407,2
16766,16775,2
16263,16268,2
16268,25258,2
16317,16315,2
16689,16387,2
16387,50229,2
50229,44352,2
4800,5519,2
37182,6657,2
11160,21589,2
40013,40017,2
16124,16125,2
16126,16127,2
16127,15650,2
15461,16138,2
16144,16240,2
16240,16134,2
16241,16162,2
22413,34021,2
50718,24024,2
23647,50718,2
11120,10236,2
34455,34446,2
35509,34453,2
34539,34602,2
34545,34544,2
34511,34540,2
34443,34511,2
34462,34465,2
16125,16126,2
16235,16124,2
11178,11160,2
15648,15467,2
11183,11188,2
7749,8731,2
19335,20607,2
19336,19305,2
5998,19336,2
19314,19309,2
48188,25553,2
15412,15440,2
15929,15926,2
24969,15172,2
24968,24969,2
24967,24968,2
15171,24967,2
15150,15171,2
265,40899,2
43126,262,2
15444,15648,2
1234,1236,2
1245,1234,2
41782,22182,2
20492,21296,2
35384,4218,2
46984,35384,2
49470,46984,2
5251,5253,2
5250,5251,2
39983,5250,2
21291,20917,2
4390,20205,2
47944,18544,2
18507,18458,2
19833,17972,2
18819,18816,2
19950,19948,2
20409,42430,2
5750,42430,2
23930,23933,2
23933,23934,2
4218,35382,2
21296,20917,2
40654,40653,2
15561,49521,2
40004,40013,2
40008,40004,2
40010,40008,2
40006,40010,2
5836,40006,2
5255,6338,2
5253,5255,2
20924,21305,2
17675,20924,2
20874,17675,2
35343,20874,2
16427,25364,2
39159,16081,2
48840,41491,2
38898,24315,2
16097,38898,2
49521,16061,2
5560,4762,2
4222,20408,2
20408,18876,2
20792,18342,2
36225,7780,2
7780,7673,2
7673,7325,2
38148,7867,2
14883,48776,2
48776,14870,2
14870,14822,2
44639,44642,2
44642,44643,2
44643,17097,2
17097,17185,2
17185,17095,2
17095,6968,2
6968,7187,2
36124,1579,2
1507,16930,2
40645,40654,2
4891,4734,2
51304,17706,2
20906,51304,2
49413,26405,2
18342,18544,2
35332,18459,2
18459,18442,2
42430,21692,2
16288,49413,2
20607,20608,2
25353,22431,2
26405,27520,2
17696,20906,2
27520,27167,2
27167,27155,2
27155,27183,2
20207,20894,2
20894,51322,2
51322,5891,2
5891,17696,2
43914,43916,2
43919,43918,2
20414,49659,2
1038,1216,2
39187,38781,2
16941,39187,2
38787,1716,2
14612,14607,2
48914,28638,2
25948,26131,2
51066,44027,2
38980,51066,2
38979,38980,2
51070,38979,2
51067,51070,2
38993,51067,2
48637,38993,2
38990,48637,2
38987,38990,2
38988,38987,2
38989,38988,2
38781,1229,2
1225,35993,2
38986,38977,2
1038,1217,2
16943,16945,2
38780,16943,2
2904,38780,2
1373,1361,2
38780,17223,2
1243,38780,2
17138,1243,2
38794,1725,2
38788,38794,2
1726,38788,2
1716,1726,2
38779,1719,2
38787,1715,2
1728,38787,2
38781,1230,2
39188,38781,2
1217,39188,2
38977,38989,2
38978,38986,2
7320,11480,2
7626,7963,2
8052,35004,2
35004,8213,2
23891,24668,2
34107,77,2
16800,23225,2
35287,22934,2
8213,35006,2
24859,728,2
37079,37077,2
37077,12780,2
7613,8021,2
38118,532,2
47017,327,2
36771,47017,2
28421,28419,2
8792,8726,2
9971,9972,2
7963,8052,2
7594,7626,2
38985,38978,2
28077,27195,2
25896,38985,2
38992,25896,2
51073,38992,2
44026,51073,2
25691,44026,2
21090,19392,2
48095,43422,2
21113,21100,2
4529,21113,2
39791,27567,2
49386,34507,2
34507,36086,2
27505,27161,2
27161,39519,2
7613,7594,2
27529,28076,2
28076,28077,2
16946,1726,2
1726,38794,2
38794,38788,2
44013,20283,2
47152,50127,2
47323,47152,2
47150,47323,2
46217,47150,2
46457,46217,2
44830,46457,2
50094,44830,2
44223,50094,2
44167,44223,2
48183,19489,2
20480,48183,2
44221,6118,2
4230,44221,2
18717,6058,2
6520,6521,2
6519,6520,2
20230,6519,2
50127,44013,2
20283,20832,2
38788,1727,2
19493,34248,2
7321,43075,2
8067,7321,2
12826,12845,2
12880,13260,2
40744,6508,2
6773,40744,2
6728,20105,2
20108,20152,2
35732,34772,2
25251,25206,2
41133,11207,2
11207,11204,2
11204,11202,2
11202,11205,2
11205,11203,2
11203,11200,2
11200,11197,2
6506,20230,2
17787,6506,2
19584,17787,2
20106,19584,2
43457,16996,2
43446,43457,2
43448,43446,2
43450,43448,2
44363,43450,2
43453,44363,2
43455,43453,2
1166,43455,2
1125,1166,2
47973,1109,2
48340,47885,2
24318,23367,2
19324,19325,2
320,307,2
249,241,2
38789,1719,2
1727,1715,2
16164,25252,2
26638,26632,2
15420,15422,2
44631,44645,2
17813,20106,2
40763,17813,2
35580,20105,2
17111,17109,2
17114,17111,2
2933,17114,2
44645,17106,2
2750,44631,2
44652,44650,2
17102,2750,2
44648,17102,2
44646,44648,2
44635,44646,2
44638,44635,2
44634,44638,2
44650,44634,2
9526,29342,2
41932,44446,2
15887,15715,2
28114,41905,2
27205,27207,2
27207,27003,2
27003,27802,2
27187,27181,2
1747,17116,2
17116,3974,2
3847,2378,2
2378,3983,2
3983,2066,2
2066,1271,2
3877,2771,2
2771,3868,2
3868,1296,2
1296,16929,2
16929,1203,2
1566,1584,2
2607,16698,2
41905,27205,2
27304,27052,2
47894,21921,2
5497,5920,2
21262,5928,2
44132,39564,2
5920,21262,2
39533,44130,2
44475,39535,2
27576,44475,2
39560,27576,2
18091,18024,2
18197,18136,2
20630,47364,2
51572,20630,2
21228,21223,2
21231,21228,2
18643,18644,2
4085,4127,2
1753,42842,2
27043,28113,2
16698,15206,2
23713,21588,2
43254,34240,2
26611,26583,2
28517,26640,2
28515,26886,2
16148,25364,2
16016,16019,2
18129,49338,2
49338,6648,2
24526,24528,2
6656,18174,2
6795,6796,2
6797,39876,2
6799,6800,2
39877,18128,2
18128,50459,2
50459,50456,2
50456,50455,2
50455,18097,2
22276,24845,2
26617,26611,2
23705,51190,2
28514,26552,2
51190,806,2
26912,28514,2
25691,26912,2
26027,25691,2
25690,26027,2
21908,16147,2
23208,21908,2
18233,18883,2
18228,18233,2
26977,26982,2
43409,24983,2
15132,43409,2
43408,15132,2
16024,23208,2
16022,16024,2
25364,16022,2
23731,24175,2
806,22474,2
13051,13126,2
43660,43661,2
43661,38660,2
6254,41047,2
13274,8703,2
22712,16062,2
16847,22712,2
24169,44686,2
24247,24246,2
6027,5996,2
18831,6027,2
18830,18831,2
24392,42492,2
42492,49803,2
49803,24467,2
17563,19576,2
19575,46568,2
29349,29681,2
49485,20317,2
29681,13126,2
13117,13072,2
8703,8708,2
4791,4510,2
38660,16149,2
4509,4790,2
9672,49489,2
4706,17999,2
441,445,2
438,24684,2
815,24439,2
7794,34847,2
8332,7794,2
7663,8332,2
7763,36814,2
7665,34843,2
602,438,2
20945,20957,2
603,444,2
18239,5168,2
4968,5143,2
18845,41048,2
41048,5165,2
35060,49800,2
19315,18814,2
6004,19315,2
40363,19290,2
45015,41247,2
26654,45015,2
25748,26654,2
28941,41610,2
41840,28941,2
45017,41964,2
45014,45017,2
36937,45014,2
40141,36937,2
40140,40141,2
40139,40140,2
45011,40139,2
26916,45011,2
29218,26916,2
43993,29218,2
42160,43993,2
8948,38594,2
23226,3,2
22843,23226,2
22847,22843,2
17953,5942,2
8449,25160,2
8448,8451,2
8451,15970,2
15970,16054,2
17914,17934,2
5944,17914,2
5942,5944,2
17958,17953,2
22846,22847,2
6646,17958,2
7232,6646,2
16049,15996,2
41047,4759,2
17950,7232,2
18022,18034,2
22849,22846,2
15858,15887,2
20149,42564,2
16087,14600,2
6347,6345,2
5650,6342,2
20346,5650,2
42525,20346,2
19603,5649,2
5648,19603,2
5646,5648,2
5298,5646,2
5818,5298,2
5647,5818,2
5816,5647,2
5643,5816,2
18890,5642,2
5641,18890,2
5561,50037,2
38925,1395,2
40979,40925,2
5671,5771,2
6342,6347,2
6345,6352,2
35906,4127,2
9149,51980,2
43761,27520,2
35086,2872,2
2872,38925,2
43662,49370,2
7919,43662,2
7887,7919,2
8146,7887,2
9180,51980,2
9207,9180,2
9206,9207,2
9152,9206,2
9271,9152,2
9153,9271,2
9279,9153,2
9280,9279,2
9151,9280,2
44935,9151,2
3847,1267,2
1753,42726,2
21095,18425,2
16045,16046,2
16042,16044,2
51580,16088,2
51581,51580,2
51582,51581,2
25198,51582,2
16044,799,2
799,25159,2
25159,15996,2
25156,25165,2
25163,16049,2
51583,25198,2
25195,51583,2
25192,25195,2
15884,25192,2
16049,25155,2
25155,15972,2
16051,25162,2
16046,16042,2
16048,16045,2
1760,4893,2
16047,16048,2
4796,4737,2
4737,4755,2
4792,19571,2
14051,40638,2
13341,13040,2
23713,24468,2
44398,35172,2
16807,22964,2
22805,21679,2
21676,24736,2
24457,15674,2
15393,24457,2
11161,11173,2
29350,11161,2
12963,50534,2
15995,16043,2
16043,16047,2
27481,11999,2
11999,27509,2
28071,47835,2
35344,46517,2
47291,49470,2
10775,8703,2
16432,16465,2
40927,40923,2
40929,40927,2
47907,13204,2
47839,26808,2
40925,40929,2
26475,26848,2
9063,11431,2
27036,50506,2
27037,27036,2
27662,27037,2
27327,27662,2
48340,3522,2
599,48340,2
29243,599,2
46517,47291,2
21307,35344,2
1225,17224,2
20492,21307,2
11083,11084,2
11084,11085,2
11085,11081,2
11081,11095,2
11095,11092,2
11094,11250,2
4036,1376,2
46399,47163,2
35340,48767,2
48767,46514,2
35314,20698,2
20698,20328,2
44343,49750,2
49750,41073,2
41073,41252,2
35345,21295,2
21295,35382,2
38936,15988,2
29176,29177,2
29175,29176,2
29172,29175,2
27927,28642,2
662,2945,2
27064,27927,2
11304,10677,2
11305,11304,2
11384,11305,2
8770,11384,2
9133,8770,2
9197,9133,2
11385,9197,2
8767,11385,2
11383,8767,2
11381,11383,2
11306,11381,2
38829,11306,2
11303,38829,2
44581,8881,2
28642,27754,2
27754,27935,2
27935,27065,2
19454,6971,2
29170,29172,2
29169,29170,2
40464,29169,2
34539,51149,2
27765,27327,2
39159,15752,2
6971,20574,2
40869,20680,2
27065,27936,2
40817,40869,2
2796,6105,2
27934,27765,2
48652,27934,2
27768,48652,2
27669,50510,2
27936,11953,2
25162,25203,2
21087,21095,2
20151,50389,2
23288,16629,2
16574,24708,2
23711,16573,2
16592,16535,2
16579,16594,2
16580,16579,2
22540,15917,2
38576,1397,2
13286,13252,2
12963,21921,2
38501,38513,2
4753,4947,2
4947,4800,2
5189,6361,2
6361,4802,2
4802,5814,2
6356,5676,2
5674,5668,2
16509,16597,2
16629,42301,2
1372,38578,2
42301,43382,2
16929,42821,2
42821,16928,2
14549,13585,2
23287,16534,2
25204,16642,2
16773,25204,2
15997,16773,2
12406,11958,2
27945,27220,2
16928,17235,2
26849,26710,2
17235,1561,2
5517,19545,2
19556,5881,2
1203,1559,2
24408,830,2
1480,38578,2
5673,5717,2
38576,1403,2
4160,21087,2
1028,37521,2
24574,24502,2
24573,24574,2
1025,24573,2
51586,1025,2
24535,51586,2
49653,24467,2
12886,13265,2
50259,42488,2
51587,24505,2
24539,1024,2
12831,12983,2
21499,21700,2
44763,21498,2
21356,966,2
161,21356,2
9048,161,2
50577,10775,2
24538,1028,2
37521,22178,2
1555,1563,2
24539,40674,2
1563,17236,2
17236,17235,2
24431,837,2
891,23695,2
44416,48815,2
24535,44416,2
40666,21894,2
40667,40666,2
38896,40667,2
40668,38896,2
16862,40668,2
40669,16862,2
24558,40669,2
24555,24558,2
40670,24555,2
40673,40670,2
40674,40673,2
43346,16929,2
1585,43346,2
20219,19581,2
16014,21847,2
16018,16019,2
15741,33886,2
47890,15988,2
18321,7255,2
20878,20792,2
18549,18561,2
27823,27825,2
27825,27827,2
27700,39215,2
39215,50966,2
50966,39214,2
39214,27703,2
50850,27671,2
26990,41157,2
41157,27784,2
27784,27030,2
36943,7321,2
16016,16018,2
16013,16014,2
19581,41797,2
16194,16013,2
16273,25265,2
15481,16113,2
16108,16109,2
26037,16107,2
43305,38647,2
38647,38649,2
43763,43762,2
43762,15412,2
38649,40531,2
15601,25675,2
25677,15484,2
4146,38486,2
4094,4090,2
38509,4093,2
23217,16192,2
16192,16193,2
16193,16194,2
27030,27926,2
47941,25540,2
15414,15582,2
48089,15412,2
27729,27727,2
26941,27729,2
27518,27526,2
27482,27518,2
51568,12007,2
27498,11990,2
44259,38716,2
10328,44259,2
19827,4401,2
4401,19829,2
51704,20322,2
36771,2090,2
50545,39830,2
24854,24371,2
24371,22280,2
39830,1585,2
52029,15604,2
27727,27734,2
38513,38503,2
27675,27667,2
27674,50848,2
15452,15650,2
15461,28977,2
38511,38509,2
41781,22182,2
27926,41108,2
41108,41107,2
41107,27674,2
38504,38511,2
27671,27675,2
47447,35274,2
38512,38504,2
38503,38512,2
39003,5549,2
50847,27671,2
7034,7035,2
5557,20373,2
49659,35347,2
41796,18827,2
17818,40773,2
4758,4698,2
8337,37796,2
34999,8337,2
7791,34999,2
7801,7791,2
34819,7801,2
34821,34819,2
8332,34821,2
8334,37800,2
34815,8334,2
34814,34815,2
34811,34814,2
50655,34811,2
50656,50655,2
34849,50656,2
5370,5768,2
5369,5370,2
5367,5369,2
5718,6380,2
34141,16665,2
24733,25120,2
20917,23129,2
20958,20917,2
16665,16652,2
16652,15717,2
5373,5715,2
5424,5373,2
5357,5424,2
37796,37799,2
37799,34813,2
34813,34812,2
51927,9094,2
17734,17684,2
38879,34843,2
48069,39637,2
41133,3489,2
7822,7665,2
7444,10818,2
26415,27591,2
27945,26415,2
10820,51199,2
16034,23477,2
50470,51927,2
23477,24733,2
9094,38844,2
34812,50661,2
38844,9102,2
9102,9257,2
9257,46729,2
46729,46861,2
5373,5768,2
46861,46627,2
46627,9239,2
9239,9237,2
24190,25127,2
25095,34141,2
50659,34847,2
50661,50659,2
5359,5357,2
5361,5359,2
5363,5361,2
27782,27783,2
4058,4059,2
4059,36059,2
36059,36060,2
36060,36061,2
36061,36062,2
36062,36063,2
36063,16946,2
16254,16104,2
48189,9056,2
27834,27714,2
27714,28536,2
28536,49714,2
3869,17425,2
25024,25013,2
3996,2356,2
4888,3996,2
1569,4871,2
50548,39830,2
44343,18960,2
17572,47163,2
35340,47145,2
20761,20219,2
14659,14644,2
7214,18551,2
348,372,2
50375,12975,2
16253,16254,2
49791,21270,2
5364,5363,2
41235,49750,2
5366,5364,2
50682,5423,2
6387,50682,2
39053,6387,2
39054,39053,2
34210,17813,2
17813,17808,2
41074,41235,2
40759,6707,2
39055,39054,2
5410,39055,2
5723,5409,2
42875,15988,2
6042,4150,2
51959,19078,2
19427,51959,2
4201,20768,2
38965,19427,2
21195,43143,2
49750,20328,2
20769,6724,2
4963,18429,2
21135,4963,2
6724,6725,2
6725,40495,2
4150,21135,2
48563,50470,2
11347,48563,2
8332,50394,2
19388,19385,2
19285,18831,2
704,492,2
20018,20301,2
20306,20018,2
20216,20306,2
19997,20216,2
20712,19997,2
42454,5641,2
4658,42454,2
49606,40302,2
49636,49606,2
21195,49636,2
49626,49622,2
18831,18816,2
40290,49626,2
12170,29126,2
40288,40290,2
29126,49833,2
29129,12183,2
729,50738,2
18640,40288,2
4626,4946,2
20245,4726,2
20246,20245,2
4868,20246,2
4877,4868,2
20625,20203,2
47951,15233,2
36894,13354,2
27868,27862,2
4813,4816,2
9086,9085,2
39872,4813,2
39867,39872,2
39875,39867,2
11422,11421,2
11421,11420,2
11420,11418,2
11418,11416,2
4136,4138,2
4091,37236,2
27865,38944,2
51495,11978,2
40586,50811,2
11416,11414,2
39564,51495,2
13246,28598,2
12945,13362,2
42869,13060,2
29125,12168,2
12168,12170,2
19343,19293,2
29479,24763,2
47849,25553,2
18816,19343,2
50815,6668,2
4894,4877,2
29479,13319,2
8177,8332,2
15219,29450,2
6479,50030,2
50030,6481,2
6481,17963,2
17963,7231,2
7231,6483,2
10649,10498,2
6483,17981,2
17981,17976,2
9682,9909,2
25859,28614,2
13730,14595,2
13358,13730,2
27375,25859,2
6480,7230,2
44147,25854,2
25941,44147,2
9908,8788,2
8788,8816,2
8816,8786,2
9082,11349,2
11349,11795,2
11795,11791,2
11791,9770,2
34849,36861,2
36861,8177,2
39637,39757,2
7230,6479,2
12833,13354,2
37676,13004,2
18005,18033,2
43314,13087,2
40286,18640,2
18641,40286,2
12973,43314,2
37271,48444,2
48444,20275,2
20083,20088,2
18639,18641,2
21237,18639,2
5918,21237,2
5007,5918,2
21231,5007,2
37172,39957,2
6739,6480,2
39955,39956,2
39956,6735,2
6735,6736,2
6736,6737,2
50608,12862,2
12834,13129,2
12879,12889,2
6737,6689,2
6689,6738,2
6738,6739,2
2693,17020,2
47406,13354,2
19581,41796,2
13632,12945,2
35270,35271,2
7981,8458,2
39182,23408,2
16104,25404,2
40646,39176,2
16509,16513,2
16622,16567,2
16618,16622,2
34989,8468,2
34860,7773,2
8466,7958,2
8093,8466,2
8458,8093,2
23115,23116,2
34868,7950,2
22067,41132,2
7294,34988,2
15819,15898,2
40699,48881,2
22065,24791,2
36344,10236,2
35701,28114,2
25404,16040,2
16040,23534,2
23534,38725,2
50478,9048,2
41010,20215,2
20215,17961,2
23400,22067,2
41132,10776,2
26790,37061,2
49,16340,2
25682,25711,2
25711,25878,2
47991,27623,2
27689,4124,2
36771,20503,2
43333,37727,2
34124,43333,2
16343,22016,2
28991,49068,2
28990,28991,2
1092,4134,2
16340,16343,2
35551,16337,2
4026,43003,2
35552,35551,2
35553,35552,2
20503,2713,2
16623,16617,2
16619,16623,2
16515,23293,2
39175,16629,2
41764,39180,2
23419,16542,2
41133,21744,2
48481,41133,2
10515,34273,2
37061,28265,2
26802,26790,2
25653,25829,2
14870,18,2
11173,11179,2
34412,34411,2
2946,2910,2
35624,2946,2
34408,34412,2
34511,34530,2
15252,24894,2
42301,34652,2
23686,751,2
6562,6563,2
14839,14827,2
14827,14870,2
18,24945,2
34418,34417,2
19,48285,2
23481,23686,2
23401,23446,2
1783,3609,2
7561,22062,2
417,453,2
37115,417,2
40662,37115,2
459,40662,2
4790,20408,2
486,480,2
25348,24939,2
34411,34418,2
34417,34806,2
40825,26802,2
36051,4076,2
26809,40825,2
37807,26809,2
25846,37807,2
26822,26820,2
17961,40999,2
26907,26822,2
41749,16541,2
25847,26819,2
40999,40997,2
40997,40991,2
40991,49181,2
49181,40992,2
4076,4078,2
40994,6562,2
28173,44136,2
27783,27776,2
26842,26940,2
34436,34441,2
17257,17258,2
7251,18286,2
18286,18294,2
18294,18320,2
17251,17250,2
17250,36049,2
40992,40994,2
48225,18523,2
25829,25682,2
13086,50612,2
28977,16138,2
49709,49736,2
42840,1758,2
17002,35916,2
44001,50764,2
26454,44001,2
35900,1760,2
4895,35937,2
35937,35486,2
35486,35934,2
12290,29196,2
34173,12290,2
7629,7628,2
35934,35487,2
35487,35488,2
37164,37161,2
35488,35489,2
35489,35480,2
35480,35481,2
35481,35479,2
35479,35477,2
35477,35478,2
35478,35482,2
35482,35483,2
35483,35484,2
35484,35934,2
47941,25553,2
49736,27777,2
12951,13580,2
18827,37164,2
18240,18215,2
40201,40202,2
7021,35270,2
24845,15915,2
18624,18619,2
25936,25807,2
4219,36797,2
39769,39779,2
27564,39769,2
40208,11208,2
40207,40208,2
40204,40207,2
40203,40204,2
40202,40203,2
40197,40201,2
40587,18240,2
40194,40197,2
25807,25920,2
12945,49212,2
49212,38952,2
38952,47429,2
48342,24390,2
44664,50332,2
29325,42707,2
44665,13206,2
48415,12951,2
26614,27778,2
27778,49709,2
27777,26579,2
26579,49714,2
26887,26685,2
25697,27792,2
10264,8797,2
40193,40194,2
11191,40193,2
16650,41132,2
10372,8691,2
21369,23110,2
23114,23115,2
6553,41007,2
29404,13086,2
8800,8804,2
15233,14325,2
50849,27671,2
27792,27896,2
14165,29404,2
27629,27932,2
27932,27688,2
27674,50849,2
42314,44097,2
44097,1644,2
44025,18917,2
18917,42430,2
11252,11191,2
24406,47924,2
11247,11252,2
50482,39444,2
49068,26520,2
13580,14338,2
6563,18860,2
28979,27719,2
19821,35892,2
27719,28513,2
34431,50681,2
16846,22606,2
22606,101,2
28513,27873,2
101,34088,2
34088,39762,2
23763,48078,2
4058,16945,2
35934,35485,2
35485,35939,2
35939,19821,2
35892,35916,2
37181,18174,2
35900,17001,2
17003,42840,2
47919,43422,2
7208,17932,2
17940,7208,2
6483,17976,2
27522,28114,2
6534,37272,2
6486,18002,2
16592,41211,2
41211,41207,2
48275,24468,2
4816,4758,2
20301,20625,2
4698,4785,2
50269,36039,2
409,406,2
405,410,2
410,408,2
408,14757,2
44119,44116,2
33917,411,2
411,50133,2
50133,414,2
414,721,2
39115,417,2
417,39095,2
715,453,2
44121,44119,2
27813,44121,2
19760,40847,2
38791,2341,2
19879,20317,2
5601,35117,2
35117,5880,2
5880,5874,2
5874,5870,2
5870,5861,2
5861,35097,2
35097,5851,2
5851,5847,2
5847,20159,2
20159,17572,2
17572,46377,2
19168,39696,2
39696,17829,2
33917,407,2
44116,44114,2
39105,14757,2
50107,39105,2
1722,2689,2
2689,3521,2
3152,38791,2
38791,1735,2
3825,39066,2
39065,1731,2
1723,38785,2
3368,3825,2
3825,2337,2
2337,1725,2
16937,3021,2
3021,49677,2
36041,42592,2
36035,42703,2
44114,44112,2
1574,1583,2
2898,1584,2
51115,35991,2
40857,18846,2
19589,40857,2
40847,19589,2
47851,4659,2
600,42546,2
265,268,2
268,752,2
452,39095,2
39115,413,2
414,50133,2
50133,50107,2
48640,13319,2
28865,45019,2
14197,14152,2
412,39105,2
50268,50280,2
40554,50268,2
42430,36797,2
51115,40554,2
41043,36125,2
27010,42236,2
41040,41043,2
41039,41040,2
41037,41039,2
20739,4515,2
4123,4089,2
4125,4138,2
41035,50281,2
50273,41035,2
41033,50273,2
36128,41033,2
1739,36128,2
17237,36030,2
48865,38267,2
1609,2969,2
48792,1609,2
48804,48792,2
25175,16088,2
5266,5269,2
5269,5271,2
29002,27537,2
39491,43903,2
43475,28600,2
39216,48642,2
50280,50279,2
39105,407,2
14152,29463,2
44096,1057,2
43652,47416,2
50792,28865,2
13166,12945,2
21801,21588,2
21744,21801,2
16116,15605,2
16335,48561,2
26655,50792,2
38542,38540,2
38544,38542,2
2796,38544,2
42451,3469,2
17137,42451,2
1799,2493,2
15414,42877,2
25151,25252,2
39182,16002,2
41463,16484,2
13136,29480,2
16582,29383,2
44174,16629,2
39179,44174,2
50270,50269,2
42825,1586,2
50279,50270,2
42587,42825,2
38652,16335,2
43305,38652,2
28295,28296,2
1727,1722,2
2760,38791,2
50828,27635,2
21558,42182,2
26547,27849,2
26707,35694,2
456,458,2
801,22904,2
22904,811,2
823,23707,2
23707,21318,2
21323,21325,2
602,24684,2
29308,27928,2
16097,43053,2
40870,43859,2
21857,22081,2
47143,21972,2
38535,6105,2
2898,1579,2
49414,25864,2
26638,39804,2
39804,38975,2
16289,35694,2
13892,13888,2
43231,12836,2
38538,38535,2
38537,38538,2
38536,38537,2
3664,2528,2
2853,1916,2
27864,26547,2
28903,50634,2
27868,27860,2
27928,27773,2
27773,27066,2
27768,27770,2
27849,27854,2
28746,28745,2
27873,27817,2
28747,28746,2
28749,28747,2
28755,28754,2
28756,28755,2
38394,28756,2
18848,6969,2
40848,18847,2
17025,3469,2
43859,3456,2
47788,47999,2
47999,16186,2
42297,49565,2
8060,10685,2
16186,23217,2
23217,47871,2
47871,16097,2
27684,27682,2
27040,27684,2
26960,27040,2
27770,26960,2
47859,5266,2
20577,19769,2
18846,40848,2
3437,3108,2
21474,22966,2
24123,24127,2
24131,22434,2
39779,48523,2
10818,27692,2
25644,25828,2
27007,42172,2
11333,11334,2
44800,11333,2
10647,44800,2
10751,9086,2
44736,10751,2
11590,9261,2
12129,43682,2
27886,27842,2
27842,26409,2
2340,38782,2
38782,2490,2
1731,38777,2
38777,1729,2
1729,38795,2
38795,1723,2
1723,38776,2
38776,2337,2
38776,1722,2
1722,38795,2
38795,1724,2
1724,38777,2
38777,1730,2
3824,38782,2
38547,38536,2
38540,38547,2
44123,26911,2
44112,44123,2
38782,2338,2
36124,1583,2
42237,27007,2
8146,8733,2
42412,29243,2
25164,25165,2
22309,25137,2
43697,49625,2
44001,50724,2
16179,25221,2
46350,25260,2
551,553,2
553,552,2
29243,12975,2
552,24345,2
25255,46350,2
601,758,2
3887,2419,2
49770,17583,2
19006,49788,2
6255,19006,2
21308,39993,2
47112,18971,2
4202,47177,2
47768,4634,2
48002,14602,2
29085,12162,2
12163,12625,2
12626,12180,2
12180,29100,2
827,35327,2
35327,43643,2
38323,25155,2
25155,25154,2
25154,25164,2
39470,50828,2
50281,41037,2
27635,51382,2
29071,27333,2
21948,24562,2
25389,24887,2
15240,25389,2
24886,15240,2
15241,24886,2
24885,15241,2
24884,24885,2
15239,24884,2
24883,15239,2
15238,24883,2
15237,15238,2
15157,15237,2
15148,15157,2
15176,15148,2
377,378,2
4789,4890,2
40881,48036,2
48026,48017,2
48017,46859,2
24534,21948,2
24513,21951,2
42313,24513,2
830,37416,2
41038,41036,2
24887,24888,2
41036,50281,2
15153,15146,2
27329,27334,2
27332,27604,2
27604,11936,2
26130,28915,2
36836,48828,2
24567,37520,2
24566,24567,2
24881,15105,2
24565,24566,2
15146,24881,2
24564,24565,2
50281,41034,2
24882,15153,2
24563,24564,2
39646,27634,2
1615,50297,2
24562,24563,2
42703,1624,2
41032,42703,2
25390,24882,2
24888,25390,2
41034,41032,2
16649,51499,2
46859,27301,2
1358,36914,2
5295,20739,2
50267,50277,2
39790,12750,2
39775,27220,2
25974,25947,2
39487,27297,2
50300,50267,2
44669,51915,2
18063,6748,2
1641,1166,2
5272,5274,2
47452,47441,2
36124,41042,2
47422,47452,2
44291,47422,2
38724,48472,2
1108,38724,2
3116,1108,2
2838,3116,2
17477,1134,2
44100,1644,2
34875,8026,2
34858,8025,2
38614,41502,2
7619,38614,2
38851,1373,2
360,599,2
1186,1183,2
22887,23582,2
1183,4011,2
378,376,2
42187,22887,2
15968,42187,2
22886,23584,2
22889,22886,2
47038,22889,2
47979,830,2
4175,19850,2
1110,1131,2
14653,385,2
726,305,2
305,26330,2
4785,4789,2
41041,41038,2
26328,25597,2
41042,41041,2
25597,725,2
48946,43374,2
24897,1110,2
27333,27330,2
50297,36836,2
15109,15107,2
15079,777,2
36027,48569,2
48613,36024,2
529,531,2
531,539,2
4782,49977,2
40255,4782,2
4736,51946,2
5032,51987,2
40569,5032,2
40574,40569,2
40571,40574,2
15107,15101,2
48856,48613,2
777,15109,2
15081,15079,2
48752,48729,2
15082,15081,2
15100,15082,2
15102,15100,2
15105,15102,2
539,538,2
538,533,2
533,532,2
379,377,2
34340,38694,2
38694,34228,2
16195,16233,2
24569,24570,2
24568,24569,2
37520,24568,2
48569,48752,2
48729,50289,2
48588,48538,2
43766,43816,2
27627,39645,2
28473,43419,2
42840,4111,2
42840,4109,2
4109,4112,2
35871,4103,2
4103,4116,2
4116,4104,2
4104,4105,2
4108,4111,2
13358,29479,2
48420,2657,2
43419,43766,2
1231,1372,2
43816,43415,2
24570,24571,2
43417,43416,2
357,362,2
362,363,2
363,527,2
527,528,2
528,529,2
43416,29072,2
27609,27615,2
27615,27618,2
27618,27613,2
50289,48804,2
14771,455,2
12885,13640,2
24480,24430,2
48538,48856,2
48285,598,2
27613,29071,2
48712,50321,2
48567,48683,2
50321,48567,2
48673,48530,2
48683,48673,2
48530,48679,2
48679,48588,2
48828,48712,2
25074,25076,1
41293,37388,1
48640,49226,1
15828,51498,1
42647,48824,1
22234,42654,1
23593,23582,1
22872,46285,1
604,624,1
29416,14416,1
49900,12680,1
48824,42641,1
11068,36771,1
24261,15394,1
43759,42647,1
29114,29115,1
42644,43759,1
15833,42644,1
42646,15788,1
14419,13008,1
23147,24713,1
24713,22254,1
43760,42646,1
7138,7032,1
20920,20604,1
42648,43760,1
40699,42648,1
25130,40699,1
22254,26654,1
29082,49900,1
24674,21634,1
29113,29114,1
29112,29113,1
15524,42625,1
42637,15632,1
9085,11439,1
27673,27674,1
27674,44784,1
44784,50849,1
42624,42637,1
50849,27670,1
42639,42624,1
48188,25540,1
29131,12171,1
12171,12172,1
42627,42628,1
12172,12402,1
12402,29111,1
29111,12157,1
12157,29112,1
17907,41672,1
42641,42639,1
50263,21490,1
42628,42631,1
21490,21491,1
874,884,1
24748,874,1
42631,15698,1
15504,15843,1
23075,23147,1
42638,42640,1
51498,24674,1
42640,25130,1
34259,34257,1
34257,19827,1
15714,25088,1
5004,21050,1
37332,37326,1
26504,28324,1
42625,15409,1
23694,890,1
792,37149,1
37149,15921,1
4302,4299,1
36363,13322,1
290,277,1
25067,42634,1
42634,15714,1
24820,25363,1
25088,42636,1
20604,17829,1
42636,42638,1
21998,22094,1
13717,45040,1
13599,42860,1
48640,14370,1
37396,42286,1
23408,21998,1
35306,14474,1
42430,51199,1
24262,25075,1
42419,37316,1
25363,42312,1
39167,38252,1
43769,23125,1
23113,43771,1
4299,4298,1
45028,35306,1
48523,44290,1
13008,35739,1
25072,24261,1
4317,34259,1
35739,35300,1
14176,14369,1
50588,4317,1
21491,21493,1
39771,28135,1
28150,12750,1
8874,8875,1
8875,8879,1
42430,26179,1
43952,14416,1
29426,14417,1
24536,16650,1
14417,35740,1
35740,29665,1
29665,14418,1
14423,43839,1
14474,41888,1
24559,24535,1
4314,50588,1
9085,35582,1
35582,35564,1
21493,24183,1
4298,4314,1
15411,42627,1
24201,12979,1
17303,5020,1
16655,21919,1
39294,8947,1
38594,9183,1
9183,9182,1
9182,9148,1
9148,9145,1
9145,9185,1
9185,9143,1
9143,9142,1
9142,9187,1
9187,9193,1
9193,9141,1
29496,29434,1
14274,41882,1
29420,29461,1
14245,14234,1
12279,42222,1
42226,38903,1
42227,42226,1
12132,42227,1
42216,12132,1
43682,47976,1
41901,12226,1
48608,1028,1
44577,39294,1
13195,13053,1
24526,24527,1
29350,21921,1
12800,28308,1
18624,18593,1
48129,18544,1
18531,6057,1
18625,18609,1
18591,18601,1
13581,13590,1
36041,38283,1
36079,2606,1
2606,2609,1
22567,38306,1
40556,42734,1
15176,780,1
698,22912,1
22912,794,1
37332,37338,1
40533,16168,1
794,22282,1
24757,15715,1
15172,35491,1
12082,29017,1
12342,28311,1
12067,12051,1
24527,24528,1
24519,24520,1
5002,5003,1
6638,6602,1
24366,24483,1
24363,24366,1
24361,24363,1
24434,24361,1
20322,4380,1
20531,20322,1
44951,4292,1
44952,44951,1
44953,44952,1
44954,44953,1
44955,44954,1
4288,44955,1
20635,20636,1
19824,19827,1
39219,19824,1
19898,39219,1
19897,19898,1
18956,19897,1
19896,18956,1
47810,19896,1
42621,24236,1
37334,37292,1
20084,20083,1
42020,20212,1
17880,6638,1
24580,24519,1
17876,17880,1
24579,24580,1
24523,24579,1
24522,24523,1
24516,24522,1
24515,24516,1
24514,24515,1
24513,24514,1
26711,28231,1
47844,26808,1
12247,47844,1
12504,12247,1
12539,12504,1
12069,12287,1
12288,12321,1
12290,12288,1
29196,12290,1
34173,29196,1
12070,34173,1
6600,17866,1
17866,6640,1
6640,6643,1
6643,17857,1
17857,17876,1
6747,18233,1
18203,5002,1
19446,19949,1
44285,44282,1
44281,38166,1
38166,38176,1
38176,18224,1
18224,18225,1
18225,38181,1
38181,38180,1
38180,38179,1
38179,38167,1
38167,44275,1
44275,38165,1
37314,37310,1
38165,38178,1
38178,44276,1
44276,18225,1
18225,38169,1
38169,41089,1
41089,18210,1
18210,38172,1
38172,38175,1
38175,18219,1
28272,28271,1
28290,12788,1
35200,28290,1
44282,44281,1
44286,44285,1
28304,12799,1
44284,44286,1
27689,21589,1
28559,50754,1
14077,13287,1
50754,50753,1
50753,50758,1
50758,50756,1
35283,23973,1
23973,23705,1
22544,23698,1
22976,811,1
811,23702,1
22478,807,1
807,23646,1
23646,48401,1
48401,24093,1
23972,33943,1
38168,18228,1
18883,44277,1
44277,44278,1
44278,44279,1
44279,44280,1
44280,44283,1
44283,44284,1
12799,35200,1
28306,28304,1
21070,18203,1
21223,39195,1
5193,18428,1
18435,51572,1
28406,28420,1
28399,28406,1
47364,21190,1
18441,18901,1
41261,38806,1
26500,39184,1
25611,25532,1
41199,25611,1
28890,41199,1
28582,40072,1
27677,27679,1
27676,27677,1
44944,27671,1
27669,44944,1
43866,50384,1
28998,43866,1
18902,40720,1
40720,40719,1
40719,40718,1
40718,18904,1
19392,21070,1
4507,4675,1
28420,28421,1
28409,28401,1
28419,28509,1
28432,28429,1
28435,28432,1
28445,28435,1
28478,28445,1
28458,28478,1
28459,28458,1
28449,28459,1
28447,28449,1
28455,28447,1
28442,28455,1
28450,28442,1
28980,28450,1
28982,28980,1
28985,28982,1
38394,41422,1
41422,41421,1
41421,28754,1
42869,26654,1
11387,9130,1
37338,37332,1
1523,1528,1
1506,17244,1
17242,1506,1
19447,20084,1
19947,20054,1
24502,16650,1
27885,27894,1
43633,12226,1
49213,43633,1
51994,49213,1
49812,51994,1
12151,49812,1
12145,12151,1
12350,12145,1
12143,12350,1
12215,12143,1
12348,12215,1
12214,12348,1
12236,12214,1
12235,12236,1
29296,12235,1
12644,29296,1
12124,12644,1
29073,12124,1
29251,29073,1
12510,29251,1
28832,27635,1
27635,27634,1
27627,27743,1
27743,27742,1
27644,28832,1
42172,44332,1
27740,27750,1
50940,48642,1
24530,24848,1
24510,24529,1
40798,858,1
845,23759,1
49349,6755,1
6790,6674,1
50815,50811,1
14751,543,1
18627,18625,1
7022,7017,1
16482,24273,1
35273,7020,1
35272,35273,1
35271,35272,1
18599,18624,1
18552,18560,1
18431,18489,1
48245,18421,1
241,714,1
35296,5238,1
29006,28093,1
42237,27009,1
44332,42236,1
27742,27740,1
27750,27642,1
6667,49349,1
24244,981,1
827,15995,1
16491,50681,1
16526,16491,1
18958,2673,1
47861,2392,1
12835,12822,1
17572,48767,1
48767,46377,1
12866,12844,1
20927,19182,1
19182,39699,1
39699,39700,1
44827,8947,1
38594,10335,1
4260,21045,1
11431,38720,1
38720,8935,1
21050,4260,1
48011,14602,1
37416,48011,1
17050,23418,1
25419,20503,1
24502,24538,1
751,16521,1
29004,42172,1
27642,27909,1
26536,48300,1
27912,26555,1
26555,26554,1
18306,20966,1
18305,18306,1
19414,18305,1
28651,49563,1
48248,26448,1
28671,27794,1
27794,27004,1
27004,28114,1
26923,26403,1
26559,26552,1
26552,27911,1
27910,27643,1
27643,27751,1
27751,27752,1
27752,27741,1
27741,27744,1
27744,27628,1
27626,27636,1
27636,28831,1
28831,27638,1
26520,27858,1
24994,831,1
15968,22887,1
46432,20711,1
28419,27776,1
28403,28421,1
28429,28403,1
18108,41673,1
7096,18925,1
20313,17668,1
20210,20313,1
19909,20210,1
19910,19909,1
13915,13060,1
36363,13004,1
13638,12975,1
27870,27660,1
39563,44131,1
28439,28429,1
28360,28439,1
35197,28360,1
28291,28306,1
29499,51436,1
14174,44420,1
44420,14209,1
12780,28291,1
27043,28114,1
27530,27043,1
29479,12834,1
12834,13679,1
25419,27520,1
13596,12833,1
20966,20950,1
37336,37322,1
18995,46432,1
5279,6339,1
5271,5506,1
51577,5267,1
27298,28600,1
27700,27278,1
27654,27700,1
26419,27654,1
26557,26419,1
44199,26557,1
27822,27825,1
9056,27822,1
26900,28865,1
26707,26900,1
26740,26729,1
28295,43571,1
15405,48870,1
15688,25083,1
13637,13639,1
14165,24467,1
636,14612,1
27482,27155,1
10101,8728,1
18046,18070,1
26402,26403,1
21692,21693,1
23543,21692,1
23751,23543,1
25419,23751,1
18918,23418,1
18365,18918,1
18416,18389,1
48129,18458,1
37083,37079,1
37087,37083,1
37091,37087,1
19597,4222,1
5013,49976,1
10166,10097,1
5072,5013,1
4477,4527,1
47887,4957,1
5831,18042,1
6812,5831,1
6811,6812,1
6403,6811,1
6402,6403,1
18070,6402,1
38969,26402,1
24856,25409,1
11179,10446,1
25409,43768,1
23408,11173,1
27689,23418,1
9356,8756,1
9553,9356,1
8851,9553,1
9446,9443,1
21513,23401,1
22069,16031,1
44926,22069,1
24823,43771,1
50802,24823,1
22034,39278,1
15428,22034,1
15421,15427,1
25549,15416,1
23534,25975,1
43053,25404,1
23532,16103,1
16097,23532,1
22264,16092,1
22101,34181,1
43832,22101,1
43772,43832,1
22887,23585,1
28505,28506,1
7131,7133,1
21012,6233,1
4674,6232,1
43886,21045,1
19306,43887,1
21033,21030,1
21014,21033,1
4256,21014,1
4258,4256,1
4254,4258,1
6454,7203,1
4252,4255,1
6206,4252,1
6205,6206,1
21011,6205,1
6204,21011,1
18322,6204,1
4256,18322,1
43884,4256,1
43885,43884,1
5208,43885,1
5207,5208,1
21064,5207,1
21010,21009,1
6245,21010,1
21021,6245,1
6244,21021,1
6232,21012,1
6233,18276,1
21038,6241,1
18276,6234,1
38341,37002,1
15924,40803,1
22546,49272,1
49272,49261,1
49261,49271,1
49271,49274,1
49274,49278,1
27692,27839,1
25419,27692,1
49278,37002,1
15924,49269,1
49269,49350,1
49350,37005,1
37005,16713,1
16713,40803,1
40803,38338,1
38338,37004,1
37004,16718,1
16718,49337,1
18269,4968,1
6239,18269,1
21036,6239,1
6238,21036,1
21023,6238,1
6234,21023,1
6241,6244,1
6240,21038,1
37011,24776,1
14348,18829,1
8943,11623,1
38591,8943,1
10334,38591,1
10272,8942,1
38825,11426,1
38823,38825,1
42312,21918,1
11373,38823,1
11376,11373,1
6573,6538,1
40990,5973,1
5973,5974,1
5974,17946,1
20485,41672,1
41672,41639,1
41639,4179,1
18236,18249,1
7241,37187,1
37187,6567,1
20204,20206,1
20206,4391,1
4391,4395,1
20093,4394,1
4394,20366,1
11378,11376,1
11623,11458,1
38118,662,1
4655,6240,1
1636,358,1
49337,49288,1
49288,22540,1
37003,49265,1
49265,49258,1
49258,49291,1
49291,49275,1
49275,15931,1
7203,6450,1
35578,4193,1
21018,35578,1
5203,21018,1
6450,18165,1
18165,6637,1
5939,6438,1
6438,6441,1
6441,6636,1
6636,6637,1
5939,18081,1
18081,20361,1
20361,6442,1
6442,18018,1
18018,7192,1
7192,6455,1
6455,6443,1
6443,6456,1
24776,38341,1
36990,37011,1
47979,24404,1
25466,28597,1
28331,25462,1
25468,28331,1
28334,25468,1
25463,28334,1
35194,25463,1
28359,28356,1
25498,28359,1
28348,25498,1
25478,28348,1
25480,25478,1
28596,25480,1
28357,28596,1
28595,28357,1
28358,28595,1
28355,28358,1
35194,28341,1
28404,28407,1
28412,28404,1
28414,28412,1
28417,28414,1
28390,28392,1
28381,28390,1
28383,28381,1
28380,28383,1
28378,28380,1
25461,25466,1
28597,35195,1
28373,28370,1
27792,27868,1
25097,15821,1
40814,23133,1
48824,40814,1
51497,48813,1
25098,51497,1
15877,15688,1
28368,12798,1
28374,28368,1
28369,28374,1
28379,28369,1
28384,28379,1
28382,28384,1
28391,28382,1
28416,28391,1
28415,28416,1
28413,28415,1
28405,28413,1
28406,28405,1
38843,9161,1
9237,38843,1
35196,35193,1
28409,28406,1
28335,35193,1
28333,28335,1
35195,28333,1
28370,28378,1
28291,12797,1
37009,36990,1
17750,17739,1
18257,18244,1
18244,6454,1
46270,22827,1
22827,47148,1
47148,46997,1
46997,47168,1
47168,46427,1
46427,46782,1
46782,46600,1
46600,46371,1
46371,46528,1
46528,46873,1
46873,46773,1
46773,22873,1
22873,46702,1
46702,46204,1
46204,39840,1
36989,48460,1
22546,49320,1
49320,49301,1
49301,49317,1
49317,49294,1
49294,49286,1
49286,49270,1
49270,37009,1
6453,18257,1
43227,24414,1
6751,6753,1
24360,43227,1
6753,6754,1
6754,6752,1
6752,44044,1
44039,6414,1
6414,17882,1
39367,27308,1
27308,27050,1
27050,49255,1
49255,39505,1
39505,39504,1
39504,27725,1
17882,6628,1
6629,6630,1
27728,39391,1
39391,39390,1
39390,27690,1
27690,49531,1
23299,48645,1
48645,50210,1
50210,16910,1
16910,16384,1
43260,25298,1
743,24356,1
24356,24358,1
24358,24360,1
9845,11378,1
38819,9845,1
15824,25121,1
42230,42229,1
40345,42231,1
12239,12226,1
41901,12239,1
20702,49695,1
9048,10163,1
41639,18116,1
17966,41639,1
44541,20408,1
44547,44541,1
4790,44547,1
4586,4790,1
4538,4586,1
49534,4538,1
41743,49553,1
4573,41743,1
6503,6574,1
7293,6503,1
6502,7293,1
6501,6502,1
7292,6501,1
20259,7292,1
7198,20259,1
20264,7198,1
6500,20264,1
17744,6500,1
42231,42230,1
42229,42228,1
19587,17758,1
49900,12671,1
26669,25733,1
48116,26660,1
13186,14475,1
13362,13319,1
5185,4484,1
43818,26710,1
49250,11028,1
34539,34530,1
7372,7378,1
7378,7375,1
44755,28865,1
28865,26058,1
26058,28531,1
26847,26503,1
42218,12228,1
42219,42218,1
12227,42219,1
42220,12125,1
29129,49809,1
12163,49833,1
49907,29189,1
29284,49907,1
29283,29284,1
29085,29283,1
42228,42220,1
17758,17744,1
11387,9209,1
27834,50462,1
23250,15776,1
15836,25142,1
25142,23248,1
23248,15779,1
28473,11936,1
27901,28473,1
27068,27901,1
27937,27068,1
27925,27937,1
2091,23418,1
44890,27925,1
40446,44890,1
40443,40446,1
35297,40443,1
7375,7444,1
7444,17303,1
25419,2090,1
33,34,1
32,33,1
47122,9553,1
9255,46951,1
24856,25918,1
25550,16031,1
21551,23418,1
37829,23460,1
25419,24201,1
15776,15836,1
25140,23250,1
9209,11390,1
25060,25140,1
6523,17799,1
50925,18278,1
18279,50925,1
18282,18279,1
11390,11391,1
50996,17902,1
18000,17975,1
18022,18000,1
17988,6483,1
5946,17988,1
17953,5946,1
5943,17953,1
11391,9196,1
9196,9141,1
27646,27918,1
9233,9232,1
9232,9230,1
9230,9229,1
9229,9120,1
9120,9217,1
13274,15831,1
15847,48881,1
48881,24674,1
24674,15772,1
25143,25060,1
26214,27822,1
50462,26557,1
9841,38819,1
6462,17747,1
40263,40264,1
40264,5797,1
5798,5793,1
15684,25084,1
25257,16264,1
17796,6462,1
6589,17796,1
25255,25257,1
24278,16318,1
16875,24278,1
644,24284,1
43689,644,1
43304,43689,1
22092,15828,1
17811,6589,1
6605,17811,1
17785,6605,1
17801,17785,1
41633,18770,1
41632,18768,1
6392,41632,1
37630,17749,1
3705,6878,1
6749,18062,1
6750,6748,1
6018,40263,1
25084,15473,1
42120,42115,1
15473,49377,1
8580,46720,1
8578,8580,1
8575,8578,1
18634,18627,1
8573,8575,1
50576,24467,1
8581,8573,1
8582,8581,1
8592,8582,1
11307,8592,1
24393,24397,1
8588,11307,1
8586,8588,1
11309,8586,1
745,24403,1
24405,14603,1
14603,827,1
37803,15996,1
16594,16540,1
16540,16545,1
21715,23255,1
1031,23401,1
35,23220,1
25097,23136,1
15787,15618,1
42115,42116,1
42119,42120,1
27700,27591,1
15934,793,1
25328,34109,1
35286,25328,1
50032,35286,1
21700,50032,1
24787,25137,1
18368,4665,1
14883,14870,1
14853,29,1
14880,14853,1
51211,14906,1
15039,51211,1
35115,15039,1
51573,41145,1
41145,20251,1
18826,14077,1
21282,3437,1
18907,19833,1
18507,47997,1
26873,26475,1
27623,26665,1
42161,28902,1
27815,42161,1
48025,48055,1
48015,48047,1
27302,48015,1
34109,15886,1
793,22886,1
49168,11334,1
22886,51670,1
10775,49168,1
51823,10061,1
11738,51823,1
9064,8732,1
10687,9064,1
6473,6750,1
6617,6473,1
18183,6617,1
49015,44502,1
44502,37782,1
37782,43711,1
12590,12742,1
34210,6706,1
26604,27692,1
48117,27512,1
27525,43031,1
27690,27689,1
27696,27690,1
27728,27696,1
27735,27725,1
27748,27735,1
27732,27748,1
27652,27732,1
41604,27652,1
51670,42064,1
9161,38841,1
25121,15565,1
7130,7131,1
28429,28424,1
40460,40464,1
40479,40460,1
40478,40479,1
40475,40478,1
19374,4179,1
28983,28984,1
28981,28983,1
28451,28981,1
28441,28451,1
4179,18876,1
50707,750,1
28454,28441,1
28446,28454,1
28448,28446,1
28460,28448,1
40581,40582,1
41293,37386,1
28457,28460,1
28456,28457,1
28444,28456,1
28436,28444,1
28431,28436,1
28268,28431,1
25888,25593,1
17303,18691,1
29177,35201,1
28424,28502,1
18881,19834,1
28502,28430,1
18779,42193,1
38758,19847,1
51357,38758,1
41115,51357,1
47004,41115,1
41114,47004,1
38759,41114,1
20490,38759,1
38755,20490,1
38760,38755,1
38756,38760,1
19570,38756,1
38757,19570,1
13200,13788,1
28498,28499,1
28491,28498,1
28490,28491,1
28507,28490,1
28506,28507,1
29370,13040,1
28504,28505,1
28503,28504,1
28501,28503,1
28594,28501,1
28430,28594,1
9048,17303,1
17488,18881,1
42507,40584,1
5492,19253,1
40581,42507,1
15891,25121,1
25148,15891,1
15893,25148,1
15716,15893,1
820,15716,1
15892,820,1
15773,15892,1
25149,15773,1
25141,25149,1
15824,25141,1
22092,15821,1
979,24791,1
39781,43522,1
43522,27567,1
27810,26615,1
21002,51282,1
5004,21059,1
21059,21069,1
21069,4160,1
19413,51379,1
51379,51378,1
51378,19404,1
19404,4196,1
21141,21148,1
5886,5758,1
40980,40979,1
2093,17488,1
25419,20792,1
2573,3108,1
18309,40926,1
27399,26179,1
42430,43374,1
40926,40928,1
40928,40930,1
40643,16202,1
34076,48342,1
27430,27129,1
27426,27430,1
27133,27426,1
28055,27133,1
12800,12801,1
28305,12800,1
28303,28305,1
12795,28303,1
35199,12795,1
12787,35199,1
37292,37294,1
28271,12780,1
6717,34158,1
47865,5266,1
5491,5492,1
40924,40922,1
40922,40980,1
40584,40581,1
7286,18108,1
47364,21191,1
28394,28397,1
28376,28387,1
28375,28376,1
8779,8781,1
47754,8779,1
307,304,1
11387,9132,1
9132,9131,1
9131,9204,1
9204,11389,1
11389,9203,1
9203,11370,1
11370,9190,1
9190,9202,1
9202,11769,1
11769,9159,1
9159,9158,1
9158,9278,1
9278,9155,1
9155,9277,1
28587,25944,1
26553,28587,1
26555,26553,1
2618,17199,1
17199,3950,1
20504,19576,1
28387,28394,1
43302,16237,1
19581,17993,1
25948,29342,1
7127,7129,1
7125,7126,1
35461,7125,1
7095,17601,1
50245,41639,1
50242,50248,1
17991,50242,1
37192,20090,1
7088,7089,1
7087,7088,1
7086,7087,1
20220,7086,1
41796,18833,1
41638,41796,1
20091,41638,1
37192,20091,1
48265,24468,1
6021,7076,1
50247,44440,1
50246,50247,1
41784,50246,1
13191,14227,1
14227,50605,1
27859,27888,1
27871,25940,1
19576,19581,1
42417,37296,1
26707,28865,1
13083,13095,1
12789,28288,1
12785,12789,1
28277,12785,1
28274,28277,1
37380,42507,1
17747,17734,1
17684,17610,1
20856,19523,1
19842,19710,1
19831,4168,1
10786,8960,1
25766,26849,1
11431,7662,1
28246,25770,1
12783,28274,1
12781,12783,1
37081,37079,1
37083,37081,1
37085,37083,1
37087,37085,1
37089,37087,1
37091,37089,1
48766,37091,1
27649,24711,1
26122,27623,1
29177,29178,1
20513,20139,1
28373,28375,1
48819,40464,1
28299,12797,1
12794,28299,1
28367,12794,1
28364,28367,1
48582,29465,1
12793,28364,1
12792,12793,1
28288,12792,1
27782,28271,1
28271,37076,1
37076,37078,1
37362,37372,1
37078,37080,1
37080,37082,1
37082,37084,1
37372,37362,1
37084,37086,1
37086,37088,1
37088,37090,1
37090,48556,1
48556,48672,1
48672,48562,1
48562,48831,1
48831,40477,1
40477,48819,1
18446,51572,1
15711,29342,1
16032,23418,1
35190,20812,1
20092,51050,1
20806,20092,1
35191,20806,1
5948,35191,1
20086,5948,1
18727,20086,1
48241,19486,1
20055,20813,1
20092,20055,1
35189,20092,1
20350,35189,1
51049,20812,1
7259,51049,1
7258,7259,1
18301,7258,1
7257,18301,1
18289,7256,1
18288,18289,1
18287,18288,1
7251,18287,1
35537,35534,1
18293,18285,1
18319,18293,1
18309,18319,1
41573,18302,1
51050,35190,1
20350,51051,1
37174,40715,1
51051,51052,1
50922,20610,1
50911,50922,1
50909,50911,1
831,42313,1
20195,50909,1
6717,20195,1
50921,38359,1
38981,27476,1
28065,38981,1
12005,28065,1
27450,12005,1
6773,6524,1
40771,6045,1
20105,40770,1
18308,41573,1
7257,18285,1
18288,7256,1
18296,18288,1
18301,18296,1
18315,18301,1
7258,18315,1
18324,7258,1
7260,18324,1
18329,7260,1
51052,18329,1
18310,41573,1
18415,37174,1
12180,29133,1
43111,18327,1
18334,18759,1
7281,18334,1
50116,49703,1
50087,50116,1
13006,38900,1
38900,29407,1
29403,14325,1
50118,50087,1
50123,50118,1
6695,39957,1
39955,35554,1
21088,4840,1
43909,4162,1
43912,43909,1
43913,43912,1
4675,43913,1
18514,4195,1
25419,27778,1
38834,50123,1
49980,9255,1
51977,49980,1
9238,51977,1
38842,9238,1
38840,38842,1
38841,38840,1
18759,7275,1
18327,40715,1
7276,43110,1
40717,18373,1
51056,7276,1
20811,51056,1
35182,35184,1
35293,35182,1
41702,35293,1
35539,35537,1
35541,35539,1
35529,35541,1
35292,20813,1
41702,35292,1
50010,35529,1
35542,50010,1
5577,20808,1
35181,5577,1
35183,35181,1
20811,35183,1
18691,35542,1
20695,18691,1
5623,20695,1
51055,35184,1
18415,51055,1
17753,37630,1
17801,41619,1
6391,17801,1
18373,43110,1
20610,6721,1
45038,12881,1
24246,24239,1
17820,6215,1
20947,17822,1
17822,6216,1
6216,17823,1
49268,15931,1
49297,49268,1
49262,49297,1
49280,49262,1
49266,49280,1
49277,49266,1
49273,49277,1
37007,49273,1
16735,37007,1
37010,16735,1
36992,37010,1
22546,36992,1
38340,15928,1
37003,38340,1
40803,37003,1
17823,17824,1
17824,17825,1
17825,20981,1
18140,18198,1
18092,18140,1
42979,44390,1
44390,49247,1
6215,20947,1
6214,17820,1
12273,49232,1
20941,6214,1
42621,24242,1
15837,15905,1
15776,15837,1
11179,23418,1
11824,11173,1
10444,11824,1
10394,10444,1
14325,29336,1
25048,15776,1
23250,25048,1
25143,23250,1
18277,18281,1
6641,18277,1
18883,6641,1
18224,18228,1
18198,18224,1
38203,38202,1
38202,20940,1
20940,20939,1
20939,20935,1
20935,17817,1
17817,6213,1
6213,19372,1
19372,20944,1
20944,20941,1
49247,12274,1
49232,49835,1
27476,28068,1
48372,48384,1
48721,48375,1
48375,48374,1
48374,48378,1
48378,37090,1
37090,48370,1
48370,48368,1
48368,12780,1
28291,28482,1
28360,28433,1
28434,35198,1
35198,28356,1
35196,35195,1
35195,48380,1
48380,35400,1
35400,12800,1
12800,12798,1
28272,48369,1
48369,37091,1
37091,48377,1
48377,48376,1
48376,48672,1
48672,48399,1
48399,48385,1
35690,35689,1
28068,35690,1
48384,48721,1
48398,48372,1
18876,20792,1
48381,48398,1
49835,12625,1
12625,12164,1
12164,12150,1
12146,12147,1
12147,12185,1
12185,12359,1
12359,12186,1
12186,12217,1
12217,12219,1
12219,12220,1
12220,12360,1
12360,12643,1
12643,12361,1
12361,29273,1
29273,29234,1
29234,29202,1
29202,48504,1
41219,41231,1
41231,41230,1
41230,41229,1
834,837,1
843,24431,1
24438,24480,1
40474,40476,1
40476,48381,1
4255,4254,1
