from_stop,to_stop,trip_frequency
38725,15582,112
38725,15746,497
38725,15725,60
38725,15416,24
15582,15583,216
15582,16437,12
15583,16086,152
15583,15589,32
15583,15736,104
16086,16085,186
16085,16084,152
16085,16474,34
16084,15769,166
16084,15586,642
15769,15739,214
15739,15542,451
15739,15753,249
15542,15543,559
15543,16155,331
15543,15544,228
16155,15740,337
16155,16019,20
15740,16019,311
15740,16451,26
16019,16148,446
16019,15546,42
16148,16020,630
16148,25364,58
16020,15741,368
16020,16021,20
16020,25364,136
16020,16447,106
15741,15742,433
15741,33886,67
15742,15744,146
15742,15539,319
15742,35714,110
15742,35721,28
15744,15745,210
15745,16424,216
15745,16022,160
15745,15538,309
15745,15598,98
43852,43853,2881
43853,43849,2881
43849,9501,2766
43849,10517,238
9501,9502,2751
9501,9681,15
9502,43242,1365
9502,8857,1386
43242,48360,1292
43242,37734,89
48360,9492,1575
9492,10703,1575
10703,34266,916
10703,11691,16
10703,10781,150
10703,10193,78
10703,11742,18
10703,11445,389
10703,11593,8
34266,11691,916
11691,9497,939
9497,9644,633
9497,9608,306
9644,9645,3713
9645,9487,3538
9645,8961,6
9645,11455,175
9487,9484,2280
9487,9483,1541
9484,8961,2282
8961,8962,4475
8961,10721,6
8961,10020,7
8962,10720,2751
8962,10683,598
8962,11770,1126
10720,10721,2751
10721,10722,1216
10721,9445,1482
10721,11574,6
10721,8703,7
10721,9697,5
10721,10446,4
10721,10747,48
10722,11574,1767
10722,9181,7
10722,8619,1429
11574,10789,3589
11574,10776,689
11574,9181,374
11574,41133,17
11574,9048,4
10789,9553,2505
10789,8703,1386
10789,8667,759
9553,10321,842
9553,10446,423
9553,50399,368
9553,10281,651
9553,11630,985
9553,8468,46
9553,9356,8
9553,10792,14
9553,11459,128
9553,8750,294
9553,8728,2
9553,48482,297
9553,10179,309
9553,51199,341
9553,7381,447
10321,11844,779
10321,10774,141
10321,11843,68
11844,10769,850
11844,9674,781
10769,10630,1172
10630,48638,1172
48638,43607,1097
48638,38680,75
43607,9709,1097
9709,9710,1013
13484,13481,2584
13484,13478,261
13484,14508,282
13481,13089,4408
13481,13333,12
13481,13207,8
13481,13223,5
13481,13290,3
13089,50499,2716
13089,49925,924
13089,13055,1157
50499,49936,793
50499,13122,35
50499,13509,1888
49936,47429,326
49936,13122,828
49936,13167,24
47429,48437,1156
47429,13167,18
47429,13019,312
48437,13357,1156
13357,13602,1372
13357,13109,824
13357,42863,830
13602,13606,2413
13602,21589,202
13606,13609,2413
13609,13608,1180
13609,13063,897
13609,12991,336
13608,13616,1826
13616,13614,1826
13614,13619,1507
13614,13605,319
13619,13267,809
13619,13138,1031
13619,51966,327
13267,13624,326
13267,12978,1688
13624,13621,326
13621,13626,326
13626,14345,326
14345,13777,326
14345,12915,265
14345,13773,178
13777,13784,585
13784,13780,585
13780,44255,585
44255,13782,326
44255,13794,471
13782,13767,326
13767,12985,326
12985,13770,1910
12985,13044,431
12985,12905,89
12985,13793,62
13770,13793,1910
13793,13794,1972
13794,13796,326
13794,13800,2117
13796,13797,652
13797,12929,652
12929,13801,574
12929,13112,460
12929,13795,389
13801,13846,1363
13801,13844,248
13846,13850,1363
13850,13851,1363
13851,13853,789
13851,13852,485
13851,13861,89
13853,13864,1078
13864,12837,326
13864,13001,752
12837,25093,326
12837,48265,799
12837,48293,547
12837,48266,675
12837,48272,139
12837,48294,416
12837,16489,102
25093,15351,1123
25093,25119,199
25093,15643,123
15351,24199,693
15351,15877,506
15351,15878,181
24199,15878,579
24199,15909,114
15878,15526,342
15878,24200,326
15878,15909,325
15878,15877,582
15878,25092,29
48904,48889,518
48904,1314,43
48889,48909,1161
48909,48902,1041
48909,3900,38
48909,3934,120
48902,3867,112
48902,48900,929
3867,17329,450
3867,3901,451
3867,48886,32
17329,17407,112
17329,2765,156
17329,3900,126
17407,1819,190
1819,1817,190
1817,1818,532
1818,1816,174
1818,3047,358
1816,1822,580
1822,1823,580
1823,1821,580
1821,44242,580
44242,1824,580
1824,1817,342
1824,1820,208
3047,3048,358
3048,17333,358
17333,3049,358
3049,17334,358
17334,3213,358
3213,1826,358
1826,1827,358
1827,17328,358
17328,3866,358
3866,2847,358
2847,2844,280
2847,3636,78
2844,2845,280
2845,2846,280
2846,3046,112
2846,3050,168
3046,2894,238
3046,2700,128
3046,2849,156
2894,3182,859
3182,3125,112
3182,2896,226
3182,3215,521
3125,17353,112
17353,3119,112
17353,3291,161
3119,17337,746
17337,3170,746
3170,3220,479
3170,43212,395
3220,3221,479
3221,3541,479
3541,3542,479
3542,17338,351
3542,17485,128
17338,3173,746
3173,3174,746
3174,3121,351
3174,17335,395
3121,3363,456
3121,3122,161
3363,3208,456
3208,1283,84
3208,2890,216
3208,2771,128
3208,3201,28
1283,3935,2508
1283,1285,19
3935,1285,2463
3935,3938,45
1285,3938,2476
1285,3884,6
3938,3884,2505
3938,3877,10
3884,3877,1642
3884,3878,6
3877,3878,1615
3877,2083,6
3877,3201,4
3877,2079,6
3877,3984,4
3877,2771,2
3877,2086,40
3878,3201,1304
3878,2069,58
3878,2067,6
3878,3984,253
3201,2090,1126
3201,2084,171
3201,2069,8
3201,3984,78
2090,2092,3845
2090,2103,64
2092,2093,1592
2092,3108,2404
2092,3791,18
2092,3372,16
2092,3507,15
2093,3507,1246
2093,3791,358
2093,3322,8
2093,2444,195
2093,38805,12
2093,15233,99
2093,2136,4
2093,17488,4
3507,17488,1371
3507,38805,4
3507,3322,4
3507,43498,210
17488,2835,163
17488,3870,626
17488,2836,972
17488,38805,342
17488,2444,8
17488,36097,4
17488,49615,368
17488,18881,4
17488,47855,296
2882,3381,735
2882,17506,559
3381,3382,1246
3382,3895,1246
3895,2044,1246
2044,2868,1246
2868,3611,1227
2868,2410,19
3611,3812,1167
3611,17277,2600
3611,3896,60
3812,3894,2987
3894,3819,338
3894,36097,2532
3894,3731,8
3894,3820,117
3894,2409,164
3894,3893,6
3819,2959,338
2959,2956,338
2956,3328,698
2956,2957,6
3328,2021,698
3328,2045,200
2021,2022,1711
2022,2437,1288
2022,2571,423
2022,1766,5
2437,2025,2507
2437,2027,4
2025,2027,2433
2025,2026,74
2027,3731,1563
2027,41948,880
2027,2047,18
2027,19831,4
2027,2443,60
3731,2046,179
3731,2578,1249
3731,17319,3597
3731,2567,8
2046,2434,841
2046,2016,139
2434,2499,1723
2499,2564,1585
2499,3187,138
2564,2007,1585
2007,3033,1585
3033,2008,1585
2008,1959,1585
1959,2428,1325
1959,1956,163
1959,1957,97
2428,2429,1914
2429,3090,1916
2429,2427,10
3090,2427,1299
3090,2426,617
2427,3234,1303
2427,2883,202
3234,3953,2413
3234,1948,232
3234,3949,214
3234,2655,15
3953,2655,2269
3953,1946,148
3953,1948,22
2655,1914,2240
2655,3080,44
1914,1892,2038
1914,1898,246
1892,1893,2038
1893,1869,2038
1869,1862,1890
1869,2764,184
1862,1860,899
1862,3694,663
1862,1859,328
1860,1861,2119
1860,1868,12
1860,3416,249
1861,1868,1409
1861,1864,710
1868,2061,1049
1868,2570,357
2061,2966,1066
2966,2080,1305
2966,2081,200
2966,3332,4
2080,2755,2099
2080,2085,6
2755,2089,205
2755,2085,183
2755,2090,1711
2089,2086,804
2086,2087,844
2087,2699,18
2087,2095,238
2087,36099,187
2087,17499,361
2087,2402,40
2699,2698,389
2698,2701,18
2698,17352,163
2698,2771,208
2701,2894,621
2701,2700,171
2701,2849,128
2701,3050,26
2701,3868,4
2896,2897,226
2897,3164,226
3164,3362,472
3362,3165,472
3165,3111,598
3111,3166,352
3111,17335,246
3166,3167,733
3167,34296,733
34296,3540,352
34296,17485,381
3540,3217,480
3217,3218,480
3218,3219,480
3219,43210,480
43210,3169,733
43210,3149,128
3169,3112,733
3112,3126,234
3112,3214,118
3112,3291,381
3126,17510,224
3126,3633,10
17510,3633,224
3633,3634,234
3634,3635,234
3635,3051,108
3051,17448,382
17448,3179,302
17448,3178,80
3179,3178,302
3178,3209,382
3209,3210,382
3210,3211,382
3211,17330,372
3211,3212,10
17330,17331,372
17331,17332,372
17332,3212,372
3212,3900,18
3212,1816,364
3900,48900,405
3900,48887,114
3900,17352,38
3900,2765,140
3900,3875,236
48900,48917,1462
48917,48915,1462
48915,48903,1462
48903,2395,962
48903,48896,510
2395,2402,1226
2395,35790,2
2395,2356,6
2395,2143,154
2402,2356,44
2402,3870,2558
2402,51258,691
2402,1296,6
2402,36133,24
2356,3869,1861
2356,2357,56
3869,2357,1817
3869,17425,44
2357,3803,1818
2357,2179,55
3803,3931,40
3803,3932,912
3803,2179,1110
3803,3007,6
3931,3007,610
3931,1249,946
3931,2179,1052
3007,3070,1047
3007,17455,81
3070,3600,1047
3600,35632,1114
3600,35830,6
35632,3602,693
35632,3601,788
3599,3068,1101
3599,38115,273
3599,35830,116
3068,3069,1028
3068,17454,73
3069,1249,36
3069,3932,522
3069,2179,470
1249,3854,1831
1249,2175,96
1249,51258,181
1249,35633,247
3854,2175,1782
3854,3852,49
2175,3852,1799
2175,3181,79
3852,3181,1894
3181,48898,28
3181,3870,1050
3181,17505,23
3181,51258,820
3181,1296,46
48898,48906,1730
48906,48894,1730
48894,3926,482
48894,48907,1040
48894,1828,208
3926,3904,903
3904,3867,775
3904,2765,128
3901,17407,16
3901,3898,431
3636,3637,239
3637,3638,239
3638,3118,239
3118,17336,239
17336,3119,239
2890,2891,216
2891,2892,334
2892,2893,876
2893,2700,597
2893,2849,279
2700,17463,387
2700,17352,539
2700,1283,4
17463,17464,387
17464,1839,387
1839,2094,16
1839,1837,371
2094,2617,902
2094,2083,4
2617,3782,793
2617,2090,64
2617,42830,45
3782,2084,196
3782,2090,597
2084,2079,1273
2084,3332,560
2084,3649,200
2084,2081,40
2079,2620,1503
2620,3077,1037
2620,2058,6
2620,2570,236
2620,3652,207
2620,2950,17
3077,1877,1400
3077,1878,64
3077,2819,70
3077,2852,8
1877,3962,912
1877,1859,757
1877,3290,428
1877,3233,6
3962,1863,2138
3962,2764,482
1863,2558,2013
1863,1870,125
2558,1872,2013
1872,1873,2013
1873,1899,2007
1873,1898,6
1899,1900,2019
1900,1915,2019
1915,3862,1296
1915,1946,949
3862,1948,1258
3862,3949,227
3862,1946,44
1948,1949,2168
1948,2427,196
1949,1950,2168
1950,1960,1280
1950,1956,656
1950,2108,6
1950,1957,226
1960,3163,1558
3163,1961,1558
1961,1962,1558
1962,1963,1558
1963,2560,1558
2560,2561,1558
2561,2017,813
2561,2011,739
2017,2018,1327
2018,3732,803
2018,3952,508
2018,3731,16
3732,3733,2640
3732,2960,6
3732,3734,657
3733,2443,2501
3733,3731,139
2443,2047,2547
2443,2028,8
2443,2437,10
2443,2566,4
2047,2028,1345
2047,2571,821
2047,2029,383
2047,2437,20
2047,36097,4
2028,3327,810
2028,2045,975
2028,2784,90
2028,36097,6
3327,1995,720
3327,2957,277
1995,2961,359
1995,2002,361
2961,2960,359
2960,3815,500
2960,3611,6
3815,2040,1252
3815,3611,1858
3815,2041,22
2040,2042,1321
2040,2882,2
2042,2043,1321
2043,2438,1321
2438,2439,1321
2439,2882,1299
40026,9181,2205
40026,10515,278
40026,40778,1621
40026,11632,404
40026,10588,6
9181,10515,2545
9181,10323,14
9181,8749,34
10515,9730,90
10515,10790,278
10515,9561,7
10515,10323,1246
10515,8750,75
10515,11848,27
10515,40019,16
10515,9432,759
10515,8749,1308
10515,34273,34
10515,11632,6
10515,44418,297
10515,42300,224
9730,10588,12
9730,11792,1790
9730,50937,280
10588,51564,50
10588,9560,1847
10588,50937,1818
10588,10754,8
51564,9426,12
51564,43931,570
51564,10192,1615
51564,11903,5
9426,9904,12
9426,9555,743
9426,8617,3
9904,9544,12
9904,9545,598
9544,9339,1317
9544,9310,7
9544,10767,349
9544,9898,299
9339,9539,1492
9339,9310,2
9539,9748,343
9539,9552,2005
9748,9808,595
9808,10108,628
9808,9595,503
10108,10107,343
10108,51553,891
10108,35302,107
10108,8733,27
10107,10473,12
10107,10472,910
10107,51830,50
10473,8751,70
10473,9802,412
10473,9804,455
8751,8752,627
8751,9747,966
8751,10424,351
8751,11750,834
8751,8935,50
8752,43224,159
8752,51199,337
8752,7381,308
43224,42608,97
43224,34782,332
43224,34984,129
43224,7942,124
42608,42757,101
42757,42758,195
42758,42761,195
42761,42760,195
42760,42759,195
42759,41453,195
41453,34984,97
41453,8731,4
41453,8935,94
34984,44538,132
34984,44539,149
44538,42756,266
42756,42752,195
42756,41452,107
42752,42755,195
42755,42754,195
42754,41452,195
41452,44539,132
41452,8269,150
41452,8250,20
44539,8250,261
44539,42756,36
8250,40905,281
40905,41448,580
41448,41449,195
41448,34746,129
41448,35016,149
41448,40904,107
41449,41450,195
41450,41451,195
41451,42206,195
42206,41860,195
41860,8254,195
8254,8255,195
8255,34744,195
34744,8258,195
8258,8260,195
8260,40904,195
40904,8262,152
40904,35016,150
8262,8263,281
8263,8265,97
8263,42203,184
8265,40902,97
40902,8266,97
8266,8267,97
8267,34836,97
34836,7993,97
7993,34837,97
34837,8270,97
8270,8271,195
8271,34776,97
8271,8275,98
34776,8274,126
34776,8270,98
34776,42205,185
28319,12433,294
28319,12480,154
12433,12411,292
12433,12250,156
12411,29018,449
12411,28181,103
29018,12432,189
29018,29019,593
12432,29047,870
12432,49457,158
12432,40802,152
29047,25822,570
29047,12756,307
25822,12207,449
25822,38956,162
12207,12208,593
12208,28181,456
12208,41855,5
12208,39313,137
28181,12243,725
12243,28310,704
12243,12087,7
12243,38959,7
12243,43711,7
28310,28209,588
28310,44092,761
28310,28292,11
28209,28292,922
28292,28307,599
28292,12081,3
28292,29053,327
28307,12080,97
28307,28294,491
28307,12293,11
12080,28294,97
28294,12310,355
28294,28296,67
28294,28295,112
28294,27918,86
28294,29243,77
28294,43571,10
28294,27805,40
28294,28865,4
28294,9046,4
12310,12126,355
12126,29190,211
12126,28744,144
29190,12128,233
12128,28728,59
12128,28744,121
12128,50390,53
28728,38984,59
28728,49379,96
28728,26787,21
28728,28765,31
38984,37221,59
38984,35608,7
37221,35608,59
37221,26769,22
37221,35609,59
37221,27918,18
35608,39227,59
35608,44594,7
39227,28217,131
28217,28563,313
28217,26787,61
28563,26782,313
26782,26787,297
26782,26792,72
26787,12247,343
26787,28198,436
26787,48204,21
12247,28198,59
12247,28273,86
12247,26817,167
12247,47844,82
12247,48112,3
28198,26803,632
26803,26904,495
26803,26797,137
26904,12736,495
26904,26798,168
12736,26810,62
12736,12771,757
26810,26815,61
26810,26817,403
26810,28567,149
26810,26826,36
26815,26827,198
26815,28201,86
26815,28566,1
26827,43140,148
26827,26926,136
43140,12386,497
43140,26929,86
43140,26836,1
12386,26841,495
12386,26838,167
12386,26940,2
12386,26938,2
12386,26842,1
26841,26844,658
26841,35958,2
15295,15294,451
15294,15290,922
15290,15289,922
15289,15349,451
15289,15380,471
15349,15350,538
15350,15292,451
15350,15370,87
15292,15297,1044
15297,15300,1044
15300,47829,94
15300,15294,471
15300,15380,471
15300,48133,8
47829,38143,231
47829,21629,269
47829,15372,162
47829,22072,6
38143,22072,588
38143,49171,337
38143,15306,99
38143,48133,122
38143,6,21
22072,22073,996
22073,22074,996
22074,22089,699
22074,22075,769
22074,33876,134
22089,15271,458
22089,15269,329
15271,15275,868
15275,15360,868
15360,22076,706
15360,23121,281
22076,22078,1909
22078,15255,1813
22078,15287,93
22078,16891,3
15255,16891,1279
15255,42981,601
15255,51805,160
15255,22080,2
16891,22079,1279
16891,22080,3
22079,16892,1318
22079,48758,101
16892,22080,865
16892,21394,453
22080,21591,304
22080,22081,142
22080,21404,757
22080,23114,119
22080,23897,3
22080,175,6
21591,21469,620
21591,21470,454
21469,21470,592
21469,21771,67
21470,21471,1050
21470,23897,12
21470,21637,13
21470,21472,75
21470,24787,82
21471,21472,970
21471,24787,80
21472,24787,1045
24787,50788,589
24787,25137,73
24787,21594,411
24787,24740,34
24787,24726,20
24787,25006,176
24787,23897,67
24787,21595,33
24787,50126,244
24787,24185,15
50788,21594,589
21594,21473,694
21594,21595,179
21594,16200,173
21594,25137,112
21473,21595,644
21473,25137,50
21595,21474,1736
21595,15563,289
21595,12975,26
21595,21589,20
21595,29342,61
21595,21818,33
21474,15563,1235
21474,21818,210
21474,21588,252
21474,22966,39
15563,15564,2184
15563,24738,51
15563,21475,131
15564,21475,2073
15564,24738,447
15564,21880,77
15564,21987,6
15564,25398,170
21475,24738,1963
21475,24165,219
21475,34085,170
24738,21476,1121
24738,21880,650
24738,12959,832
21476,21880,1121
21880,13170,790
21880,12959,1058
13170,13163,1378
13170,13431,235
13163,44003,898
13163,13427,346
13163,13420,188
13163,13422,1373
44003,29506,750
44003,13423,148
44003,13425,291
29506,13119,1743
13119,44459,428
13119,50502,993
13119,13107,322
44459,13178,428
44459,13519,447
13178,14595,1636
13178,13601,2855
13178,13602,240
24430,24431,241
24430,24418,186
24430,24439,374
24430,24584,128
24430,835,6
24430,24412,19
24431,24438,507
24431,835,147
24431,837,134
24438,24443,107
24438,24482,505
24438,24480,5
24443,24441,640
24441,24436,120
24441,24430,377
24441,826,143
24436,24434,122
24436,757,147
24434,47203,435
24434,24361,68
24434,24411,3
47203,46420,427
47203,24410,8
46420,48862,237
46420,830,125
46420,24407,154
48862,858,1128
48862,24406,263
858,24404,1348
24404,24401,1931
24404,24400,102
24401,24400,1931
24400,24398,1416
24400,1003,143
24400,999,338
24400,16720,46
24400,1013,68
24400,24391,3
24400,24394,19
24398,24395,1189
24398,16720,243
24398,24394,18
24395,24394,754
24395,868,435
24394,24458,386
24394,50938,147
24394,48423,397
24394,48342,321
24394,50576,8
24394,24928,6
24394,42465,135
24394,49653,18
24394,50578,5
24394,50575,113
24394,49655,18
24394,50605,18
24394,14787,3
24458,23769,294
24458,14228,2
24458,14325,23
24458,29407,19
24458,14355,30
23769,14228,153
23769,14355,149
14228,29503,155
29503,29383,158
29503,14161,122
29503,14165,20
29503,14591,6
29503,29521,2
29383,29378,1600
29383,29349,3
29378,29373,950
29378,29349,517
29378,29336,1390
29378,14111,108
29378,12974,10
29373,29349,897
29373,14111,53
29349,29336,1398
29349,29681,22
29336,13358,3570
29336,13259,3
13358,12910,6955
13358,13259,436
13358,13700,160
13358,13136,117
13358,13306,10
13358,29479,46
13358,44660,4
13358,14564,55
13358,13751,101
13358,13730,4
13358,29480,2
12910,13136,4420
12910,12918,404
12910,13734,2042
12910,29480,1078
12910,48920,22
12910,29479,134
12910,13730,308
13136,29479,3650
13136,13730,722
13136,29480,147
13136,13726,375
13136,42858,212
13136,42877,26
29479,29480,3610
29479,13725,64
29479,12890,30
29479,12834,3
29479,13127,6
29479,13060,25
29479,24763,12
29479,29482,56
29479,13319,24
29480,13636,380
29480,51284,1241
29480,13103,1861
29480,50480,1097
29480,51635,369
29480,48415,3
29480,13319,2
13636,13143,1839
13636,12946,1001
13143,12893,2069
13143,13634,578
13143,49930,149
12893,48083,738
12893,48601,770
12893,13129,561
12893,47406,197
48083,13226,110
48083,13575,733
48083,48082,320
48083,13591,24
13226,48438,2182
13226,48363,1530
13226,48640,17
48438,48640,516
48438,49236,1352
48438,13186,903
48438,49210,2851
48438,13092,28
48438,12987,42
48640,51270,425
48640,49236,2999
48640,49329,871
48640,13319,192
48640,49210,358
48640,49226,41
48640,14370,98
48640,13362,344
51270,14595,425
51270,37040,1312
51270,13319,557
51270,29482,228
26371,26370,859
26371,46930,234
26370,36091,859
36091,28605,859
28605,28607,859
28607,26342,859
26342,12031,463
26342,46803,396
12031,25918,463
12031,47160,240
25918,27585,497
25918,25919,967
25918,25975,475
25918,25982,34
27585,48396,710
27585,48013,218
48396,28750,712
28750,26237,422
28750,28850,288
28750,25923,2
26237,26246,422
26246,26244,566
26244,26224,209
26244,26215,357
26224,39628,370
26224,26248,6
26224,26251,2
26224,25925,2
26224,25543,6
26224,25545,6
39628,26218,568
26218,27109,407
26218,12063,161
27109,26215,637
26215,25543,1157
25543,25544,1235
25543,26230,693
25543,26226,6
25544,25545,1928
25544,26236,32
25545,25546,1239
25545,26236,695
25546,26202,428
25546,25547,667
25546,26227,144
26202,26195,209
26202,26200,219
26195,26196,508
26196,25928,345
26196,25541,163
25928,26162,963
25928,25929,449
26162,25929,963
25929,25930,1099
25929,26155,306
25929,25553,7
25930,43370,830
25930,47922,12
25930,43369,188
25930,37420,1253
43370,28854,497
43370,43422,449
28854,25900,209
28854,28855,288
25900,26093,209
25900,26096,141
25900,25901,6
26093,26080,542
26080,26073,337
26080,25580,339
26073,26059,337
26059,48005,329
26059,28670,15
48005,26057,209
48005,26046,120
26057,26056,215
26056,26046,209
26056,27416,6
26046,27416,263
26046,46601,120
27416,26052,413
26052,26022,1156
26022,28677,1156
28677,28663,1156
28663,25852,1156
25852,35404,1123
35404,25573,1142
35404,48088,199
35404,27418,141
8758,11833,2441
11833,9954,2441
9954,8718,1616
9954,8760,1861
8718,8719,2973
8718,8720,8
8719,8720,2973
8720,8721,2981
8721,8722,2981
8722,8723,2981
8723,8724,2981
8724,8725,2981
8725,40027,2957
8725,8726,24
40027,8760,580
40027,8726,2022
40027,9954,355
8760,10029,2441
10029,8762,2441
8762,8763,2441
8763,10032,2146
8763,8764,295
10032,8764,2146
8764,8765,2441
8765,9959,2100
9959,8793,5107
9959,9353,1578
9959,9352,26
9959,9971,6
8793,8794,5181
8793,10084,6
8794,9352,3841
8794,8795,634
8794,9971,704
8794,10236,2
9352,8707,4076
9352,11865,62
9352,10084,780
8707,8705,4076
8705,8704,4076
8704,8667,740
8704,44961,1813
8704,10757,1131
8704,9046,80
8704,7562,8
8704,10754,298
8704,10747,6
8667,8664,2095
8667,11731,297
8667,9448,11
8664,8835,2958
8664,8662,8
8835,8662,2956
8835,9448,2
8662,8836,2964
8836,8658,2964
8658,8656,2964
8656,8654,2956
8656,8652,8
8654,8652,2956
8652,9450,2964
9450,8648,2964
8648,8646,2950
8648,8644,14
8646,8644,2370
8646,11294,5
8646,10750,2
8646,34170,3
8646,11293,13
8646,47411,564
8644,8643,2167
8644,9476,209
8644,34170,3
8644,8641,8
8643,8641,2159
8643,8639,8
8641,8639,1876
8641,10682,291
8639,10131,580
8639,37785,1653
8639,10644,794
8639,7562,8
8639,8960,7
8639,9053,487
8639,8839,8
10131,8844,580
10131,9498,100
10131,8839,624
10131,48447,309
8844,8845,1253
8845,8846,1253
8846,8847,1253
8847,8848,1253
8848,9498,580
8848,10132,633
8848,8638,36
9498,9500,1375
9498,9726,206
9498,10678,3
9498,9499,2
9498,9488,45
9500,9488,1375
9488,11649,1156
9488,49359,423
9488,9663,16
11649,11741,1488
11741,11726,672
11741,11727,332
11726,11744,1041
9353,9575,1584
9575,11567,1584
11567,9355,1584
9355,8755,826
9355,8796,678
9355,9971,80
8755,9352,1034
8755,8756,1506
8755,10084,204
8755,49466,4
44961,44962,2555
44961,48510,1407
44961,10784,7
44961,46414,487
44961,10747,727
44962,45042,1533
44962,10747,372
44962,9619,650
45042,10784,2196
10784,10785,2780
10784,9589,25
10784,49354,10
10785,10683,1089
10785,49354,1695
10683,11610,2473
11610,8639,1653
11610,10119,913
11610,8642,6
37785,49737,3459
37785,9053,511
49737,8636,5149
8636,10790,2324
8636,10264,1278
8636,50399,2278
8636,41133,22
8636,8750,139
8636,9048,181
8636,9046,110
8636,10446,112
10790,10765,1095
10790,10791,3284
10790,9828,421
10790,10613,1272
10790,10792,24
10790,9827,8
10790,43400,371
10765,8828,2117
8828,8829,574
8828,9810,1612
8829,8830,1009
8830,8831,1959
8831,9994,1911
8831,10743,15
8831,8669,28
9994,11636,927
9994,8673,989
11636,8818,927
11636,11785,5
8818,8819,1602
8818,9988,781
8819,8820,2515
8820,8821,2515
8821,41242,1314
8821,10792,1175
8821,10715,5
41242,41239,2077
41239,41243,2077
41243,8676,919
41243,10018,407
41243,10109,751
8676,8678,2797
8678,8680,2797
8680,51267,1284
8680,8682,38
8680,8614,1447
47116,8681,1278
47116,8614,629
8681,8679,2775
8679,8677,2775
8677,41244,883
8677,10109,1518
8677,10018,364
41244,41240,1935
41240,41241,1935
41241,8682,1152
41241,10792,381
41241,10715,402
8682,8683,2395
8683,8684,2395
8684,8832,1578
8684,9988,793
8684,10792,8
8684,9891,8
8684,11785,8
8832,10247,893
8832,11785,1055
8832,41242,371
10247,8668,907
8668,8824,1837
8668,8669,8
8668,10743,476
8824,8825,1899
8824,10027,3
8825,9814,517
8825,8826,460
8825,10027,922
9814,8827,2059
9814,10069,6
8827,10069,2059
8827,8828,18
10069,10716,1050
10069,10791,638
10069,9990,377
10716,47982,3357
10716,11291,329
10716,8667,12
10716,10776,145
10716,9046,552
10716,37251,317
10716,8703,66
10716,11292,672
10716,10281,19
10716,10321,78
10716,11734,48
10716,10748,43
10716,9697,15
10716,9469,10
10716,10073,3
10716,8750,16
10716,37729,1299
10716,44799,39
10716,41976,139
10716,10264,1152
10716,10446,357
10716,7381,14
10716,51199,14
47982,37251,4858
47982,11880,793
37251,10644,3707
37251,8638,481
37251,10131,933
37251,11880,317
37251,11291,41
10644,8961,2193
10644,8960,2902
9445,44963,2677
9445,11734,392
9445,44960,2918
9445,8703,12
9445,46414,3
44963,44960,2981
44960,8703,1725
44960,10095,304
44960,10236,552
44960,9181,669
44960,9553,1256
44960,8710,112
44960,9048,1265
44960,8667,16
8703,8706,4790
8703,8708,24
8706,8708,4416
8706,8711,2
8706,51846,372
8708,8710,4440
8710,8756,3665
8710,8795,867
8710,8711,8
8710,8796,12
8756,8757,5550
8756,49466,7
8757,49466,5187
8757,8758,341
8757,8711,15
8757,10577,7
49466,8711,1284
49466,10576,1306
49466,9353,6
49466,8758,870
49466,10259,900
49466,9959,688
10757,8617,3203
10757,10784,25
10757,11632,475
8617,10414,871
8617,45042,663
8617,8619,1103
8617,10747,589
8617,9053,3
8617,9445,3
10414,10784,577
10414,10747,309
10414,10020,18
10414,9445,5
10414,8818,2
10264,10225,2036
10264,43905,24
10264,44258,1000
10264,8797,6
10264,9682,12
10264,10627,162
10264,9658,4
10264,49168,224
10264,10498,18
10264,11742,2
10225,8797,1541
10225,47173,481
10225,8806,17
10225,8812,37
10225,11650,6
10225,47016,752
8797,10370,1935
10370,10371,1910
10370,8799,25
10371,8799,1910
8799,10372,2416
10372,8807,2410
10372,8691,6
8807,8808,2410
8808,8809,2410
8809,10228,2410
10228,8811,2416
8811,8812,2416
8812,8813,2410
8813,8814,2420
8814,8802,2410
8814,8700,10
8802,8803,2410
8803,8804,2410
8804,10229,2416
10229,8805,2416
8805,43794,2361
11478,8733,1574
11478,10415,187
11478,8750,51
11478,10759,989
8733,9564,1495
8733,10281,83
8733,10446,529
8733,9742,150
8733,10775,1446
8733,47982,148
8733,37251,304
8733,10225,4
8733,9894,287
8733,46254,62
8733,10173,323
9564,10274,664
9564,11910,1461
9564,9546,1939
9564,9748,252
9564,9547,93
10274,9295,1218
9295,9592,1218
9592,9331,1218
9331,9332,1218
9332,9564,666
9332,8750,392
9332,9894,160
11910,9322,514
11910,9593,1475
9322,10017,514
10017,9323,514
9323,9368,514
9368,9369,869
9369,9728,869
9728,9381,867
9728,9584,2
9381,9382,2441
9382,9458,795
9382,9684,1646
9458,51368,1096
9458,9399,2
51368,9399,2467
9399,9603,1098
9399,10275,1371
9603,9402,1694
9402,9405,1112
9402,51369,582
9405,9396,1112
9405,11624,685
9396,9401,517
9396,9620,595
9401,9665,858
9401,9405,290
9401,9437,12
9401,47002,299
9665,9410,522
9665,46373,336
9410,9606,522
9606,11596,522
11596,9418,522
9418,46206,514
9418,10681,3
46206,9423,514
46206,9414,336
46206,9712,281
9423,9636,2097
9423,51358,349
9423,9428,353
9636,10165,1666
9636,37257,137
9636,10402,294
10165,10263,3203
10263,9884,3116
10263,9820,54
10263,10136,33
9884,10136,3615
10136,9586,1647
10136,11793,633
10136,10681,1368
9586,11799,1828
9586,10588,826
11799,11510,1828
11510,42300,1086
11510,9432,742
42300,9181,1324
42300,48481,1608
42300,10846,692
8857,9681,587
8857,9909,796
8857,10186,3
9681,50932,725
9681,11742,54
9681,11726,829
9681,10647,44
9681,10123,4
9681,9644,68
50932,11742,1584
11742,10123,1673
11742,8743,308
11742,10124,38
10123,10124,1675
10123,8743,4
10123,8782,2
10124,9711,529
10124,10166,1184
9711,9884,487
9711,9465,865
11793,10588,1722
9560,9561,930
9560,50150,587
9560,11849,1200
9560,10754,4
9560,8734,145
9560,48481,19
9560,13320,6
9560,8749,6
9561,9558,937
9558,9556,937
9556,9427,640
9556,9554,297
9427,9424,640
9424,9421,1448
9424,9420,297
9421,9544,1197
9421,9824,251
9552,9894,1077
9552,10179,736
9552,8750,1013
9552,10446,282
9552,10281,18
9894,9741,828
9894,42453,160
9894,9742,366
9894,9782,2
9894,10594,238
9894,8963,287
9741,9297,750
9741,11905,68
9741,9582,299
9297,9298,750
9298,10704,750
10704,11228,1164
10704,9303,652
10704,11229,187
11228,9296,910
11228,9510,635
11228,41933,309
11228,11226,6
11228,9300,249
9296,11226,910
11226,9866,1116
11226,11224,91
11226,11225,12
9866,10224,1207
10224,9867,1127
10224,9863,80
9867,9864,73
9710,11702,1013
11702,10629,1100
10629,9674,1030
10629,34268,70
9674,10773,953
9674,11507,1530
9674,34268,489
10773,10322,825
10773,11843,288
10322,10514,804
10514,10775,3400
10514,40026,2133
10514,11865,611
10514,10776,595
10775,10757,2544
10775,10754,982
10775,9048,809
10775,44961,1286
10775,10236,775
10775,8703,46
10775,8617,6
10775,8667,574
10775,40026,1703
10775,11734,226
10775,10776,419
10775,41133,70
10775,49168,50
49354,10786,2256
10786,9589,2247
10786,8960,17
9589,9485,2238
9589,9623,25
9589,9483,14
9485,9623,3341
9485,49359,8
9485,9691,281
9623,9489,598
9623,9700,2873
9623,11928,65
9489,9490,883
9490,11512,883
11512,34267,879
11512,9609,4
34267,9609,1259
34267,11445,273
9609,9494,1542
9494,8854,1261
9494,48365,281
8854,8855,1351
8855,9503,1351
9503,9504,2748
9504,9505,2748
9505,43847,2516
9505,10517,220
9505,8131,12
43847,43850,2695
43847,43848,65
43850,43851,2695
43851,43848,2695
43848,43852,180
3974,2381,2103
3974,16964,442
3974,3847,22
3974,2378,32
2381,1267,1945
2381,2378,10
2381,3860,6
2381,3847,152
1267,3860,2254
1267,3779,128
1267,2066,42
1267,3983,6
3860,3898,6
3860,2855,1199
3860,3983,885
3860,2767,170
3898,1296,286
3898,48886,167
3898,1330,24
3898,2392,16
1296,3999,1304
1296,19456,127
1296,23129,96
1296,19799,63
1296,1636,66
1296,7562,4
1296,16929,14
1296,15176,12
3999,2394,1108
3999,42810,254
3999,4882,36
2394,42806,1058
2394,42805,186
42806,1479,1058
1479,3891,1046
1479,2419,12
3891,3885,1444
3885,18793,1258
3885,1764,163
3885,43862,12
3885,17888,14
18793,17888,1374
18793,6936,27
17888,18913,1118
17888,20224,270
18913,18914,1224
18913,20655,1
18913,7179,3
18914,18915,1158
18914,6916,66
18915,21298,1138
18915,49788,20
21298,19488,1139
21298,39998,20
19488,4205,894
19488,19725,265
19488,20891,65
4205,18972,937
4205,47177,20
18972,21276,6
18972,4213,900
18972,6019,51
21276,19372,1065
21276,20946,2
19372,20945,1071
19372,38197,29
19372,20944,90
20945,20946,1037
20945,21288,29
20945,20957,34
20946,20957,1039
20957,20981,1073
20981,18238,1155
20981,18264,8
18238,18239,1358
18238,18366,186
18239,4859,645
18239,4703,134
18239,18366,545
18239,5168,34
4859,21009,1408
21009,19396,1113
21009,21013,326
19396,19616,1549
19616,18195,982
19616,4479,133
19616,18363,128
18195,21062,2143
18195,4924,42
21062,4806,2143
4806,4203,2143
4203,4161,1146
4203,21086,708
4203,21097,289
4161,21097,1146
21097,18199,1533
21097,43910,147
18199,21080,1562
21080,4160,870
21080,21074,303
21080,21070,389
4160,21085,780
4160,21087,118
4160,21095,17
14021,14040,2274
14040,14032,1041
14040,14033,817
14040,14042,418
14040,13038,5
14032,14029,1781
14032,13337,2
14029,13339,1383
14029,13337,396
13339,14344,840
13339,14047,1034
13339,13152,33
13339,14028,280
13339,14038,563
13339,29477,3
14344,14027,1927
14344,29474,30
14027,29477,731
14027,29474,1013
14027,13338,177
29477,14045,2505
29477,29432,113
29477,13287,9
29477,33862,6
29477,14046,6
14045,33862,735
14045,14046,479
14045,29432,790
14045,13251,641
33862,29432,1786
29432,13334,654
29432,13174,4060
29432,13983,5
13334,29347,1046
13334,29348,14
13334,13976,4
29347,29348,518
29347,13971,410
29347,13104,93
29347,13364,20
29347,13285,6
29348,13956,781
29348,13364,14
29348,13968,3
29348,13104,3
13956,13364,966
13956,12938,263
13364,13952,518
13364,13104,482
13952,13931,652
13952,13934,211
13931,13929,1487
13929,13842,652
13929,13841,656
13929,13843,474
13929,13838,179
13842,13927,1274
13927,13923,1274
13923,13918,1274
13918,50332,1274
50332,12889,1238
50332,50385,3390
50332,42877,407
50332,29325,725
50332,13214,100
50332,14537,56
12889,13725,1275
12889,13726,611
12889,42858,291
12889,13713,26
12889,13127,68
12889,12841,36
12889,13730,6
13725,12841,1053
13725,13238,353
13725,13127,42
13725,13129,22
12841,13706,423
12841,12834,1309
12841,13127,22
12841,13129,14
13706,13678,423
13678,13667,423
13667,50608,600
13667,13652,622
13667,29490,227
50608,44473,592
50608,12862,8
44473,44472,1694
44473,12862,169
44472,13649,1694
44472,44471,443
13649,44469,1694
44469,44465,1968
44465,44466,4767
44466,14319,2510
44466,13481,825
44466,13483,696
44466,14508,436
44466,13482,282
44466,13269,18
14205,13029,1945
14205,14207,582
14205,42528,443
14205,13187,64
13029,13028,3403
13028,13245,2190
13028,14081,1225
13028,13977,3
13245,14081,2190
13245,13219,272
14081,14008,2399
14081,13097,12
14081,29457,27
14081,13053,684
14081,12973,158
14081,13348,135
14008,12973,1132
14008,13097,1028
14008,14533,101
14008,13135,105
14008,13053,33
12973,13053,2201
12973,43314,182
13053,13090,2102
13053,13203,1080
13053,40636,857
13053,14577,37
13090,13203,1318
13090,40636,880
13090,14577,158
13090,44374,301
13203,13240,1643
13203,13960,1191
13203,13247,917
13203,44378,280
13203,14315,74
13240,13247,2692
13247,14477,696
13247,12940,763
13247,13979,506
13247,13207,2917
13247,13290,564
13247,29413,92
14477,13101,1937
14477,13481,5
13101,38940,3468
13101,13199,480
38940,13026,1873
38940,13199,2164
13026,13933,587
13026,13199,1128
13026,13925,1070
13933,13931,835
13933,13930,474
13933,13932,224
13841,13839,211
13841,13838,954
13839,13886,1455
13886,13888,515
13886,13894,940
13888,13876,578
13876,13875,578
13875,43231,578
43231,14548,211
43231,12815,505
43231,12816,304
43231,12836,63
14548,12840,211
14548,13817,545
12840,13807,459
12840,13261,336
13807,13805,600
13805,13200,211
13805,13804,248
13805,12983,141
13200,13173,315
13200,13788,113
13200,12885,101
13173,12988,968
13173,13787,931
13173,13083,126
12988,13083,1683
13083,12968,836
13083,12999,857
13083,13095,104
13083,13042,6
13083,12975,12
13083,13319,16
12968,13328,981
12968,12975,187
13328,12975,981
13328,51964,272
12975,13319,448
12975,12952,607
12975,13295,57
12975,13322,315
12975,47432,770
12975,14595,377
12975,13632,533
12975,29482,148
12975,29310,16
12975,13042,12
12975,12945,7
12975,42877,12
37534,13321,363
13321,13632,2253
13632,13322,3012
13632,12945,312
13322,29483,3720
13322,29322,1798
13322,12932,829
13322,48363,24
13322,13320,175
13322,14475,66
13322,13004,46
13322,12945,54
29483,48363,5103
29483,12932,317
48363,13320,3276
48363,13204,1929
48363,14549,762
48363,12824,838
13320,12890,1453
13320,51641,1902
13320,49715,553
13320,38947,252
13320,14339,90
13320,13354,953
13320,42877,144
12890,38945,1155
12890,37528,2772
12890,14339,125
12890,14542,20
12890,13319,10
38945,12880,870
38945,13060,426
38945,13113,26
12880,12854,727
12880,42261,141
12880,13260,2
12880,14542,212
12854,13260,1328
13260,13834,1471
13834,13836,1191
13834,42273,141
13834,12826,139
13836,13839,1244
13836,13840,1144
13894,13905,363
13894,13896,1174
13905,13910,512
13910,14023,363
13910,29346,149
14023,14589,901
14589,14015,363
14589,14024,454
14589,14014,84
14015,14019,1408
14019,14020,1408
14020,14022,1390
14020,14042,18
14022,14018,1372
13112,12981,2314
13112,13044,168
13112,15831,24
12981,12969,2022
12981,13044,292
12981,13082,264
12969,13082,2502
13082,13161,2245
13082,13768,808
13082,13081,102
13161,13081,2245
13081,13162,2347
13162,13618,1142
13162,13267,1205
13618,13615,1659
13618,13605,627
13615,13617,2037
13617,13610,2037
13610,13607,1327
13610,13063,710
13607,13603,2544
13603,42863,1976
13603,47432,326
13603,29591,63
13603,13246,179
13603,50875,202
42863,13523,2636
42863,13522,772
13523,13501,1934
13523,13150,595
13523,33861,890
13501,47423,1176
13501,50501,188
13501,13494,570
47423,47398,3261
47398,13075,1778
47398,13122,1465
47398,47429,18
13075,13512,2464
13512,50497,2131
13512,14335,345
50497,13540,2032
50497,13091,302
13540,13483,1511
13540,14319,1210
13540,29634,212
13483,13488,900
13483,13089,389
13483,14508,615
13483,29634,804
13483,13478,423
13488,47424,1707
13488,44467,1973
47424,44468,1707
44468,44464,1776
44468,13556,1904
44464,44470,1814
44470,51963,2020
44470,44471,199
51963,44471,2020
44471,12862,1803
44471,50609,859
12862,13308,1368
12862,12839,582
12862,44474,30
13308,13307,1398
13307,13085,1398
13085,14472,1398
14472,13700,1160
14472,44660,838
14472,13740,783
14472,13701,451
14472,29339,9
14472,29340,7
14472,13946,6
13700,13701,24
24660,13419,2477
24660,13417,353
24660,24157,1734
13419,13421,1939
13419,33841,1412
13419,13427,9
13421,13256,1587
13421,13427,934
13256,13431,1122
13256,13434,328
13256,13257,1351
13431,13433,1685
13433,13435,1685
13435,12812,1685
12812,13520,1018
12812,44458,527
12812,14580,140
13520,13517,783
13520,44457,453
13517,13521,783
13521,13523,783
13521,42862,140
13150,13357,824
13109,13167,824
13167,48897,637
13167,12952,229
48897,13569,595
48897,49946,326
48897,13223,42
13569,13228,1416
13228,13574,2260
13228,44421,817
13228,13573,978
13228,12998,529
13574,42146,595
13574,13581,1422
13574,13592,243
42146,13585,595
13585,13583,1783
13583,13565,2616
13565,13664,3636
13565,12914,877
13565,44461,405
13664,29490,1892
13664,13659,1025
13664,13671,719
29490,13670,2106
29490,13659,13
13670,13683,2106
13683,13687,595
13683,13688,1856
13687,13691,595
13691,13718,595
13718,13723,1864
13723,13733,1864
13733,29478,595
13733,13067,1964
13733,13736,419
29478,13136,595
13730,38945,141
13730,13214,168
13730,50374,312
13730,14595,4
13730,13319,230
24086,24158,1456
24086,13417,19
24158,13417,359
24158,13419,716
24158,43756,909
24158,24156,834
13417,13410,892
13410,13407,892
13407,13405,892
13405,13409,892
13409,13418,582
13409,13413,310
13418,13421,582
13418,13420,1392
44458,13439,606
44458,13356,149
13439,13604,1038
13604,13615,378
13604,13619,660
13063,13627,1767
13627,12999,1435
13627,12968,332
12999,13095,2292
13095,13130,1772
13095,13637,332
13095,13166,292
13130,12987,1794
13130,13056,35
12987,13056,1241
12987,12823,669
12987,12827,18
13056,13058,842
13056,49715,589
13056,13059,60
13056,12903,22
13056,13713,32
13056,38944,20
13056,14339,5
13056,13354,30
13056,14549,7
13058,13059,1385
13059,50385,1055
13059,42707,304
13059,14339,60
13059,12889,26
50385,51635,669
50385,51284,3501
50385,13636,1411
50385,13103,206
51635,13636,1038
12946,13239,1267
12946,13704,863
13239,13713,1075
13239,13710,351
13239,13639,24
13239,13730,64
13239,13154,22
13239,51814,272
13713,43652,1133
43652,13722,1133
43652,13721,1210
43652,47416,30
13722,13733,1133
13722,13724,42
13067,13179,2374
13067,29339,1889
13067,24659,1019
13067,13751,1505
13067,13096,37
13179,13208,1778
13179,13096,1116
13179,13232,25
13179,13049,94
13208,13762,834
13208,13209,1049
13762,13764,834
13764,12920,834
12920,14349,1274
12920,13126,504
12920,14101,105
14349,13145,2347
14349,13054,1196
13145,29568,845
13145,14126,1565
29568,13229,1633
29568,29398,96
13229,29398,1633
29398,13359,1729
13359,49981,1729
49981,48366,597
49981,14564,219
49981,13049,536
49981,13360,3
49981,13117,374
50867,16661,411
50867,24189,265
16661,15804,411
15804,24190,866
24190,15717,745
24190,25127,121
15717,15533,955
15533,15643,90
15533,16657,463
15533,51871,200
15533,13197,202
15643,15351,213
15643,25119,669
15643,51871,100
15909,48656,928
15909,15907,90
48656,15907,928
15907,25092,555
15907,39311,537
15907,25091,774
15907,16786,361
25092,23320,114
25092,15883,420
25092,25338,477
25092,35701,138
25092,23418,18
25092,25102,565
25092,44250,687
25092,16002,8
25092,16542,74
25092,25369,4
23320,48441,427
23320,24201,111
23320,16789,317
23320,16817,8
48441,16789,1024
16789,33938,674
16789,16790,592
16789,24201,233
33938,24201,937
24201,14041,377
24201,13341,778
24201,16777,68
24201,14039,136
24201,13037,8
24201,12979,12
14041,14032,421
14041,14018,6
14046,14053,138
14046,29353,1784
14046,29370,11
14046,14056,4
14046,14069,3
14053,14044,127
14053,14051,404
14053,14358,4
14044,29432,129
14044,14046,398
14044,13286,409
14044,13251,976
14044,13345,148
14044,14358,4
13174,13043,4011
13174,13973,279
13174,13290,182
13043,13120,2843
13043,13985,464
13043,12900,352
13043,13290,314
13043,14052,6
13120,41237,1193
13120,14477,1062
13120,13035,569
13120,12900,2539
13120,13101,2011
13120,13481,19
41237,12900,2691
12900,44307,2654
12900,14316,1948
12900,14315,142
12900,40775,367
44307,13088,2361
44307,40775,1394
13088,13087,1501
13088,13135,771
13088,50625,306
13088,13241,632
13088,14086,74
13088,13030,41
13088,43314,546
13088,50631,276
13087,14533,114
13087,13030,1183
13087,13135,179
13087,13099,34
13087,13241,167
14533,14009,542
14533,14011,310
14009,14083,542
14083,14085,542
14083,14086,4
14085,14086,542
14086,14184,546
14086,14181,78
14184,14181,546
14181,14187,445
14181,14193,78
14181,14151,101
14187,14190,445
14187,14189,310
14190,14199,400
14190,14193,231
14190,14198,174
14190,14202,327
14199,14202,400
14202,14193,400
14202,14200,779
14202,14198,968
14193,49372,618
14193,51271,960
14193,13028,12
14193,13029,150
14193,14206,60
49372,14206,2916
49372,44994,24
13122,14370,416
13122,12952,1888
13122,23098,12
13122,33943,12
14370,13019,1979
14370,49328,172
14370,49329,318
14370,15719,220
14370,23098,6
13019,13268,622
13019,29482,1160
13019,23098,27
13019,42182,18
13019,14595,210
13019,28800,15
13019,23220,17
13019,50374,312
13268,13612,1000
13268,13079,155
13268,29516,64
13268,13354,16
13612,13079,1003
13079,12925,828
13079,29516,3
13079,13628,327
12925,13629,1704
12925,29476,102
13629,29476,1000
13629,12912,27
13629,13786,718
29476,12885,545
29476,12912,938
29476,13265,462
29476,12831,14
12885,12828,2006
12885,13638,69
12885,13640,7
12828,13816,1050
12828,12982,1138
12828,12847,117
12828,12875,206
13816,13818,1068
13818,36828,545
13818,12888,523
36828,14596,289
36828,13862,256
36828,51811,228
14596,13853,289
14596,34277,555
13001,13003,685
13001,13870,463
13003,12950,1569
12950,13901,545
12950,13158,1024
13901,13903,1069
13903,14024,289
13903,14015,306
13903,14014,474
14024,13911,663
14024,13151,392
14024,14026,40
14024,29346,255
7175,43385,19
43385,20718,17
20718,7157,17
7157,6336,188
7157,20324,6
7157,4387,2
6336,20322,113
6336,20532,88
6336,19999,2
20322,20323,311
20322,4380,40
20323,4384,321
4384,20324,318
4384,4388,3
20324,20201,326
20201,4381,315
20201,4292,11
20201,44955,4
4381,4289,315
4289,20528,315
20528,51687,17
20528,4290,298
51687,4290,19
4290,20635,317
20635,20636,72
20635,4291,243
20635,44955,2
20636,4288,315
4288,44955,72
4288,4292,243
44955,44954,78
44954,44953,78
44953,44952,78
44952,44951,78
44951,4292,74
44951,51696,4
4292,20530,336
20530,20531,336
20531,20532,310
20531,20322,23
20531,4380,3
20532,19999,156
20532,20000,226
20532,4387,9
19999,51694,141
19999,20254,22
19999,4406,4
51694,20254,107
51694,4406,34
20254,19828,100
20254,4402,33
19828,4400,105
4400,19825,70
4400,34264,35
19825,18962,70
18962,18961,70
18962,41985,12
18961,18955,70
18961,42019,12
18955,18703,78
18955,18704,4
18703,7197,445
18703,47766,22
18703,18695,6
18703,47879,152
18703,42400,181
18703,18700,2
7197,47799,232
7197,18704,193
7197,47857,288
7197,47766,198
7197,47810,55
7197,47879,105
51577,5267,89
51577,5217,24
5267,5269,337
5267,5276,4
5267,5673,197
5267,5274,3
5269,5270,667
5269,5271,66
5270,5271,665
5270,5272,2
5271,5506,81
5271,5272,650
5506,5507,337
5507,5274,291
5507,5301,46
5274,5275,343
5274,6353,2
5274,5276,15
5275,5276,392
5276,5277,431
5276,19933,4
5276,43125,15
5276,6339,3
5276,5278,2
5277,5278,428
5277,20037,15
5277,5279,5
5278,5279,443
5278,6339,2
5279,6339,188
5279,5280,260
6339,19673,249
19673,18940,166
19673,6341,2
19673,19933,3
18940,19985,146
18940,19957,20
19985,18946,131
19985,20043,15
18946,18947,131
18947,20073,131
20073,20089,131
20089,18995,131
18995,46432,80
18995,20711,51
46432,20711,80
20711,20712,131
20712,19997,39
20712,19933,92
19997,44968,56
19997,20216,13
44968,20216,56
20216,20306,57
20216,19954,12
20306,20018,53
20306,20020,18
20018,20301,43
20018,4311,12
20301,20625,46
20625,20203,43
20625,20204,3
20203,20221,179
20221,7157,179
4291,20636,243
6246,18421,7
18421,7216,667
18421,18431,148
7216,18434,317
7216,5616,352
18434,18423,709
18423,5617,688
18423,5242,18
18423,5618,5
5617,5618,1492
5617,5619,5
5618,5619,1498
5618,5620,2
5618,5621,2
5619,18426,315
5619,5620,638
5619,18416,557
18426,18477,583
18477,18484,578
18477,6249,3
18477,6194,2
18484,18454,578
18484,5620,3
18454,5620,211
18454,5240,261
18454,20776,2
18454,5241,2
18454,18426,2
18454,18416,100
5620,5621,234
5620,18387,615
5620,18386,17
5621,5622,1025
5621,18357,5
5622,18357,546
5622,5623,251
5622,18355,7
5622,44342,147
5622,51974,76
18357,18355,851
18357,18362,18
18357,18371,5
18355,18362,856
18355,18371,2
18362,18371,838
18362,18395,36
18371,18395,81
18371,49903,759
18371,18394,5
18395,18394,872
18395,18397,7
18394,18397,93
18394,18390,782
18394,18426,2
18397,18409,876
18397,18426,2
18409,18420,752
18409,20776,7
18409,38799,2
18409,7152,115
18420,5240,600
18420,5241,2
18420,18426,107
18420,18397,2
18420,5620,2
38642,22966,1421
38642,43520,423
38642,23697,105
38642,812,100
22966,23731,679
22966,24115,888
22966,24125,89
22966,24175,204
23731,24173,462
23731,24174,961
23731,24123,187
23731,24175,63
23731,24130,62
23731,22905,236
24173,23577,600
23577,23698,462
23577,23707,138
23698,43521,717
23698,22976,310
43521,43520,610
43521,22966,107
43520,812,610
43520,23731,423
812,24125,312
812,23702,1154
812,23660,186
24125,24123,312
24125,24120,89
24123,22180,312
24123,24127,39
24123,24120,148
22180,22209,364
22209,51155,364
22209,23010,140
51155,22181,364
22181,21945,441
21945,49982,437
21945,44163,4
49982,49986,437
49986,44163,437
44163,49989,437
49989,49988,1287
49989,24986,73
49988,21872,648
49988,24855,639
21872,13170,541
21872,13429,1411
13427,49697,1593
49697,43205,949
49697,13148,644
43205,13107,312
43205,50502,405
43205,13493,456
43205,13165,395
13107,13500,634
13500,47442,634
47442,47423,2085
47442,37529,589
12952,12945,743
12952,39962,2633
12952,49226,232
12945,48403,2041
12945,48816,113
12945,49212,312
12945,13580,42
12945,13595,98
12945,49210,10
12945,14595,11
12945,13591,7
12945,13362,6
48403,48080,1367
48403,13580,674
48080,13595,1615
48080,12858,342
48080,13597,22
13595,13597,1434
13595,13635,337
13595,12858,107
13595,47406,627
13597,47406,1217
13597,13129,239
47406,12878,1544
47406,13675,131
47406,45038,5
47406,13154,44
47406,12890,70
47406,13710,22
47406,13354,6
47406,12887,272
12878,45038,1881
45038,45041,2989
45038,12881,154
45038,13708,264
45041,12881,962
45041,44589,1996
45041,13318,53
12881,13318,1023
12881,13716,138
13318,13740,766
13318,13701,1008
13318,29339,5
13740,13942,484
13740,13179,573
13740,13202,229
13740,29339,53
13740,13946,332
13942,13946,1246
13942,48366,101
13946,13220,2314
13946,13241,63
13946,13153,272
13220,13153,1966
13220,13093,348
13220,13241,143
13153,13093,720
13153,13951,1244
13153,14137,2
13153,12899,272
13093,12899,1105
12899,13997,1068
12899,12973,37
12899,13241,272
13997,13030,1056
13997,13241,12
13030,13241,2492
13241,13243,1986
13241,13242,1795
13243,13244,3769
13243,13187,12
13244,49372,1866
13244,13187,289
13244,48911,1189
13244,14189,10
13244,14206,143
13244,13245,272
14613,23944,361
14613,25354,847
14613,23927,845
14613,23925,1386
14613,23973,202
14613,24722,97
23944,23947,848
23947,24001,848
24001,23999,647
24001,24025,201
23999,43486,1275
23999,23992,372
23999,23993,148
43486,24006,2143
43486,44305,913
43486,24014,439
43486,21865,143
24006,24012,1357
24006,24011,987
24012,24017,1117
24012,24018,175
24012,772,662
24017,24020,3619
24020,13371,3009
24020,13375,409
24020,29582,539
13371,13375,2418
13371,43319,591
13375,13382,3203
13382,13404,2380
13382,25362,823
13404,43288,2404
43288,43285,3006
43285,43275,2845
43285,13453,161
43275,43313,617
43275,43271,2019
43275,43277,209
43313,43273,623
43313,13496,232
43273,13475,385
43273,13472,238
13475,13503,385
13503,13505,385
13505,13511,385
13511,49936,385
39962,29483,1644
39962,12932,67
39962,29322,680
39962,14595,213
39962,29482,43
39962,13004,118
39962,12945,256
39962,14475,26
39962,13056,20
13204,13354,2119
13204,38947,2693
13204,13730,130
13204,42877,379
13354,13181,1561
13354,13067,603
13354,13154,2126
13354,42858,272
13354,29339,802
13354,22235,130
13354,29402,86
13354,29475,16
13354,12918,100
13181,13067,4257
13181,29455,670
13181,13179,3
13181,29339,75
29339,14100,630
29339,29340,2657
29339,29681,186
14100,14349,1529
14100,13126,436
14100,13766,108
48271,24722,364
48271,15696,143
24722,23950,539
24722,15696,1825
24722,23964,24
23950,23940,364
23950,23925,175
23940,23942,1209
23942,23962,437
23942,23955,521
23942,16911,324
23962,23647,615
23647,24029,364
23647,24024,410
23647,50718,240
23647,24027,73
24029,24031,743
24031,24044,542
24031,24046,97
24031,24033,201
24044,24039,542
24044,22668,295
24044,24046,390
24039,24015,1003
24015,24017,542
24015,22776,461
24015,23998,135
43271,13496,2724
13496,50501,1324
13496,47442,1632
50501,50498,2502
50498,50503,2299
50498,50497,203
50503,13055,2299
13055,13223,607
13055,13111,2028
13055,13569,821
13223,13111,635
13223,12940,5
13223,13534,14
13111,13228,2663
44421,48080,588
44421,13226,229
12858,13635,1654
12858,13634,239
12858,13329,110
12858,14338,142
13635,13329,1255
13635,12946,1040
13329,12990,1365
12990,12890,1175
12990,13730,527
12990,13354,295
12990,38947,482
12990,14339,66
12990,13237,112
12990,51641,117
37528,13916,945
37528,13198,3343
37528,13917,1307
37528,12916,22
13916,13921,1179
13916,13936,295
13921,13936,1296
13936,13938,1296
13936,13963,340
13938,13959,1296
13959,13963,833
13959,13961,463
13963,44307,833
13963,14315,149
13963,13230,340
13242,13243,1795
14316,13240,904
14316,13247,1314
14316,40636,499
14316,13230,52
13199,13123,1075
13199,13332,2338
13199,50332,20
13199,13915,339
13123,13332,978
13123,50332,97
13332,50332,2726
13332,13916,463
13332,13915,127
51284,13103,5120
13103,13206,5018
13103,48415,2462
13103,14549,501
13103,48640,254
13103,13319,725
13103,38936,441
13103,12824,385
13103,49210,31
13103,48438,809
13103,42877,72
13206,48438,2559
13206,48640,2672
13206,12951,1511
13206,48415,451
49236,49226,4176
49236,13356,27
49236,49212,12
49236,49328,159
49236,29482,71
49226,51270,2097
49226,13277,1928
49226,13322,54
49226,39962,434
37040,29482,880
37040,13319,742
29482,13246,1721
29482,29591,938
29482,13356,929
29482,50875,121
29482,42863,602
29482,13438,148
13246,24062,288
13246,13428,1492
13246,24763,1668
13246,15416,36
13246,41378,43
13246,16147,107
13246,23975,84
13246,15988,54
13246,90,11
13246,16186,142
13246,33943,170
13246,16011,12
13246,48395,64
13246,33941,102
13246,28598,22
13246,13170,282
24062,22667,749
24062,24038,389
22667,23619,749
22667,24032,107
23619,24036,288
23619,24039,461
23619,24015,135
24036,24038,2040
24036,24784,96
24038,24054,1706
24038,21316,723
24054,23975,1706
24054,24784,178
23975,23971,1897
23971,23969,1897
23971,23954,135
23969,23967,1897
23967,23965,1398
23967,23960,499
23965,23954,1582
23965,23941,107
23954,23952,1726
23954,24450,135
23952,24450,1532
23952,23953,711
48270,24722,599
15696,23964,1677
15696,23974,143
15696,23960,148
23964,23968,1397
23964,23960,304
23968,23970,1918
23970,23974,1918
23974,24053,1732
23974,24034,97
23974,24784,89
23974,24028,143
24053,24055,1907
24053,16912,511
24053,16914,91
24055,16914,295
24055,24037,1612
16914,24044,295
16914,24033,602
22668,24046,755
22668,13220,143
24046,13429,295
24046,24083,487
24046,24063,460
13429,13178,1740
13429,13439,343
13601,13321,917
13601,13268,149
13601,29310,1319
13601,13322,342
13601,13295,22
13601,47432,392
13601,13730,14
13601,13632,232
13601,13354,28
13601,52023,12
13198,12916,1568
13198,13924,575
13198,13926,2273
12916,13939,1005
12916,13140,356
12916,13330,109
12916,13926,98
12916,13290,22
13939,13140,1259
13140,41237,727
13140,13333,1610
13140,13207,1819
13140,13290,342
13772,13216,238
13772,13801,948
13216,13234,834
13216,13177,22
13234,13803,300
13234,13169,534
13803,13806,238
13803,12983,543
13806,13808,615
13808,12866,466
13808,29319,149
12866,12888,731
12866,36828,228
12866,12844,1
12888,12844,600
12888,13831,505
12888,43230,149
12844,12843,1338
12843,13836,1197
12843,12855,141
13840,13843,1144
13843,13954,1279
13843,13953,1646
13954,13201,1970
13201,13934,1133
13201,13932,659
13201,13330,178
13934,13026,912
13934,13140,432
13925,12917,1070
12917,13920,1070
13920,13181,391
13920,13731,780
13920,42411,149
13920,14538,116
13209,12928,1049
12928,13211,1049
13211,12920,1049
48996,13946,209
48996,13202,567
13951,13990,569
13951,13991,709
13990,13994,673
13994,13998,673
13998,13999,673
13999,29462,197
13999,14003,476
29462,12973,642
29462,13030,108
13838,13835,2380
13835,12826,1191
13835,12855,1189
12826,13829,1191
12826,12891,137
12826,12845,2
13829,12891,451
13829,13819,740
12891,12845,588
12845,12840,584
12845,13827,141
12845,13817,484
13261,12877,336
12877,12836,336
12836,12818,336
12836,13263,360
12818,14596,197
12818,12816,1301
12818,25092,222
12818,48294,244
12818,12837,113
12818,48272,56
12818,48265,256
34277,13849,881
13849,13845,1355
13845,13802,1355
13802,13844,945
13802,13796,326
13802,13112,84
13844,13772,1193
14018,14017,1378
14017,14016,1007
14017,14545,255
14017,14014,116
14016,14588,379
14016,14014,628
14588,14024,468
13911,13904,527
13911,13016,284
13904,13897,379
13904,13899,148
13897,13889,1525
13889,13885,946
13889,13891,579
13885,13838,1247
12855,12852,1330
12852,12879,751
12852,13648,547
12852,14542,32
12879,50385,610
12879,38944,282
12879,42707,218
12879,12889,8
14014,13873,1102
14014,51943,200
13873,13003,628
13873,13180,474
13158,13156,1487
13156,13218,1018
13156,13895,469
13218,13907,1299
13907,13048,851
13907,13966,448
13048,12931,851
12931,13955,622
12931,12937,229
13955,13842,622
13955,13841,509
12834,45039,1560
12834,13679,3
12834,13129,8
45039,13679,4921
13679,13129,3063
13679,13127,1694
13679,12887,483
13679,13599,221
13129,13667,1002
13129,13588,2045
13129,13587,1427
13129,13034,18
13129,13033,116
13129,49938,22
13652,13033,3320
13652,13561,6
13033,13562,1933
13033,13561,2656
13562,13554,1933
13554,47438,2799
47438,44465,2799
47438,44464,38
51528,13306,816
51528,13701,274
51528,13259,753
51528,13662,24
51528,13740,112
13306,13689,1602
13306,12849,55
13689,13684,1179
13689,13681,560
13684,13669,1695
13684,13681,143
13669,13658,1695
13658,13652,2261
13658,13657,173
13561,13582,1670
13561,13586,611
13561,13557,6
13561,13592,1229
13582,13575,3760
13582,51074,787
13575,12998,1110
13575,13572,4219
13575,13226,259
12998,13226,1599
12998,13580,40
13186,13004,873
13186,14475,30
13004,14475,971
13004,13645,36
13004,13637,22
13004,13130,35
14475,13637,742
14475,13092,259
14475,12987,92
13637,13070,1074
13637,12886,13
13637,13639,9
13070,13639,908
13070,13133,118
13070,12886,48
13639,13133,1673
13639,12975,32
13133,29476,843
13133,13786,1127
13862,13866,345
13862,13880,991
13866,13003,256
13866,13870,212
14545,13902,718
14545,14588,89
13902,13002,255
13902,13158,463
13002,12906,1556
12906,13180,1556
13180,13868,255
13180,13159,1159
13180,13870,616
13868,13867,455
13867,13863,339
13867,13880,116
13863,14548,255
13863,14596,358
13863,12816,559
13863,12836,148
13817,12829,1023
13817,13812,6
12829,12886,1575
12829,13265,374
12829,13640,478
12886,13788,545
12886,12831,1075
12886,13265,24
13788,13173,658
13787,13630,595
13787,13638,695
13787,13640,809
13630,13638,377
13630,13640,218
13638,13166,761
13638,13092,336
13638,13130,22
13638,12975,2
13638,13071,20
13166,13071,999
13166,12945,26
13166,49210,24
13166,13580,28
13166,49226,64
13071,12945,980
13071,29483,56
13580,13591,1363
13580,13595,149
13580,13575,231
13580,13065,478
13580,14338,312
13580,13585,50
13580,48080,24
13591,13581,1417
13591,13575,24
13581,13583,833
13581,13557,898
13581,13589,1685
13581,48709,375
13581,13590,26
13688,14472,1856
41020,39302,463
41020,37572,357
39302,41017,263
39302,16783,316
39302,50223,267
41017,16785,534
41017,41016,195
16785,33938,263
16785,16817,589
14047,13152,1444
14047,29352,268
14047,13040,182
14047,33862,20
14047,14064,4
13152,13038,460
13152,14062,686
13152,13288,305
13152,13252,58
13152,29352,13
13038,13039,908
13038,29352,1596
13038,14056,362
13038,13040,608
13038,14510,4
13039,13040,1650
13039,33862,330
13039,13345,91
13040,33862,676
13040,14046,1048
13040,29432,1866
13040,13345,558
13973,29348,269
13973,13971,11
13973,13975,8
12938,13955,509
12938,13270,429
13487,13488,1914
13487,13549,1252
50609,13657,416
50609,13652,443
13657,29635,589
29635,13677,416
29635,13679,173
13677,13707,416
13707,13710,1064
13710,12833,1415
13710,12890,38
12833,12890,1292
12833,42877,123
12833,13354,4
13917,13922,1307
13922,13928,1307
13928,13843,1307
13932,13363,517
13932,12938,366
13363,29418,802
13363,13968,432
29418,13972,517
29418,13971,268
29418,29428,114
29418,13975,6
13972,13975,517
13972,29428,6
13975,29428,936
13975,13983,8
29428,13250,898
29428,13174,412
29428,13983,23
29428,13987,14
29428,13251,2
13250,13345,1595
13250,13286,2753
13250,13251,192
13250,13252,12
13250,14046,15
13345,14043,2591
13345,14356,112
13345,14358,18
14043,14356,2573
14043,13338,134
14043,14358,3
14356,14343,524
14356,14026,1216
14356,13338,1298
14356,14497,84
14343,29345,823
14343,14047,606
14343,13152,40
14343,14038,534
14343,14025,5
14343,14028,2
29345,14025,1086
29345,13337,1059
14025,14030,1752
14030,14031,1731
14030,14033,21
14031,14021,2283
14125,13052,1443
14125,29568,884
14125,13054,37
14125,13051,18
13052,14104,2280
13052,13051,967
13052,13126,394
14104,14101,2144
14104,13205,1803
14104,29340,24
14104,13134,52
14101,29336,729
14101,12865,764
14101,44455,451
14101,29340,42
14101,14092,158
14101,14096,105
49210,49212,1637
49210,13362,2282
49210,13019,36
49210,49328,56
49212,13042,1658
49212,38952,312
13042,13075,680
13042,13108,1356
13042,13509,407
13042,13512,12
14335,13502,345
13502,43272,345
43272,43312,556
43312,43274,567
43312,13492,211
43274,43284,2533
43274,43286,222
43284,14535,2313
43284,43290,220
43284,43289,140
14535,43291,2313
43291,43294,2313
43294,48644,3115
43294,13395,228
48644,13372,2937
48644,13374,178
13372,29623,2536
13372,24021,401
29623,24021,3474
24021,25358,599
24021,772,1917
24021,24016,1011
24021,14562,348
25358,24007,785
25358,24010,178
25358,38723,278
24007,24005,785
24005,23998,1572
24005,44302,351
24005,24014,187
23998,23994,2967
23998,23997,436
23998,24027,135
23994,24000,1210
23994,23991,1759
24000,24002,599
24000,24025,1122
24002,23945,599
23945,23938,859
23938,23931,786
23938,23934,73
23931,23908,1925
23931,25354,175
23931,44303,349
23908,23923,3376
23923,23917,2420
23923,23953,956
23917,37805,468
9700,9658,1117
9700,10647,1751
9700,11590,5
9658,9749,2499
9658,10004,10
9749,10004,2284
9749,10238,215
10004,9699,3853
10004,9659,10
9699,9659,3853
9659,11899,3824
9659,10661,29
9659,40021,10
11899,40021,1544
11899,10661,2260
11899,8405,8
11899,10286,12
40021,10286,1554
10286,8405,1566
8405,9529,2702
8405,11585,9
9529,11585,2702
11585,11573,2686
11585,10315,25
11573,10315,1549
11573,9724,1137
10315,10654,2702
10315,10316,18
10654,10316,2702
10316,10317,2720
10317,10655,2720
10655,10318,2720
10318,11449,1935
10318,41932,785
43337,10169,68
10169,10170,68
10169,11813,233
10170,11811,419
10170,10490,335
11811,10593,663
11811,10417,403
10593,9741,282
10593,9742,351
10593,10780,244
11905,34275,98
34275,11820,98
11820,46635,98
46635,9664,613
9664,9744,1234
9664,10569,128
9744,8963,711
9744,10013,523
8963,11822,1423
8963,10449,287
11822,10449,1423
10449,8975,1826
10449,37264,423
8975,8976,1299
8975,9531,519
8976,8977,1299
8977,8730,2572
8977,9442,150
8730,10394,2572
10394,11266,762
10394,9442,1208
10394,10444,11
10394,11270,304
10394,8966,287
11266,11270,1371
11266,9618,309
11270,9618,1264
11270,11269,496
11270,11807,1043
9618,9910,1209
9618,9616,669
9910,8768,98
9910,8977,774
9910,46460,515
8768,8972,1801
8972,8973,1801
8973,11600,977
8973,10449,539
8973,8964,293
11600,8964,1400
8964,9743,707
8964,10569,986
9743,10015,1353
10015,51666,98
10015,47136,499
10015,49357,150
51666,11819,98
11819,34276,98
34276,11906,98
11906,9740,68
11906,9915,30
9740,10594,273
9740,9742,14
9740,10780,993
10594,11812,404
10594,10417,205
10594,42750,238
11812,10171,723
11812,11478,62
10171,37834,68
10171,10169,233
10171,11813,434
37834,43338,68
37834,10170,209
13701,13703,1539
13701,44660,148
13701,13700,404
13703,13739,1539
13739,13743,1205
13739,13358,334
13743,13746,475
13743,13744,1505
13746,13749,475
13749,13750,274
13749,14092,201
13750,14100,899
13054,14351,719
13054,14129,601
13054,12943,456
13054,29377,36
14351,14132,782
14351,14353,10
14132,14133,676
14132,14353,160
14133,14353,676
14353,14139,565
14353,14141,140
14353,14136,141
14139,14142,1120
14139,14149,10
14142,29463,503
14142,14149,486
14142,29458,131
29463,14005,835
29463,29462,143
14005,12973,274
14005,29462,302
14005,14002,360
12940,13957,758
12940,29413,10
13957,29413,758
29413,13363,454
29413,29418,97
29413,12938,309
13968,13967,432
13968,13906,3
13967,13906,432
13906,13016,1323
13906,13895,3
13016,13900,274
13016,13157,1333
13900,13879,422
13879,13863,981
13879,13866,123
40776,40636,842
40776,13203,1366
40776,13247,509
40776,13090,555
40636,29358,407
40636,29356,234
40636,40639,2505
29358,14080,1241
29358,14079,238
29358,29360,8
29358,29365,6
14080,14090,1244
14090,29360,1231
14090,14075,6
14090,29362,3
29360,14075,1237
14075,29365,691
14075,38939,541
14075,13361,6
29365,29366,1259
29365,29367,6
29366,29367,951
29366,13227,4
29366,44375,303
29367,13227,410
29367,29368,291
29367,40638,232
29367,14054,8
29367,38939,5
29367,14052,2
29367,13032,3
13227,13032,5189
13227,13979,4
13227,13120,466
13032,13979,927
13032,13120,4084
13032,14477,181
13979,13285,3579
13979,13249,495
13979,13973,6
13285,13249,3395
13285,13250,188
13249,13334,407
13249,13250,3475
13249,13983,8
13971,13913,689
13913,13977,689
13977,14361,421
13977,13978,268
13977,29477,22
13977,14356,10
13977,13343,4
14361,14356,415
14361,29477,3
14361,13151,3
14026,14343,1486
14026,14047,4
14062,14065,911
14062,14061,6
14062,14069,11
14065,13038,911
14065,14066,6
29352,14556,884
29352,14056,2024
29352,14057,182
29352,14055,6
14556,38939,390
14556,14073,399
14556,14057,477
38939,14346,2377
38939,29370,402
38939,13287,97
38939,14073,10
38939,41197,2
14346,29370,2376
14346,14055,389
14346,13039,6
14346,14068,3
14346,13287,5
29370,13287,2207
29370,14510,391
29370,13039,822
29370,14332,4
29370,13040,20
29370,14064,4
13287,14064,922
13287,13288,1092
13287,14332,1725
13287,29344,93
13287,29343,290
13287,14069,3
13287,13252,10
14064,14060,908
14064,14061,14
14064,13038,4
14064,29344,7
14064,13039,2
14060,29343,681
14060,13288,237
29343,29344,1785
29343,14038,10
29343,13151,8
29344,14344,603
29344,29345,790
29344,14038,489
29344,14028,182
29344,13274,13
29344,13337,2
29474,14358,424
29474,29477,1880
29474,13343,168
29474,14359,2
14358,14359,405
14358,13976,28
14358,13978,12
14358,29428,8
14359,13976,403
14359,13978,6
14359,13983,2
13976,13914,403
13976,13977,36
13976,13250,6
13976,13975,12
13976,29347,4
13914,13970,403
13970,13974,401
13970,29347,2
13974,13975,401
13985,13036,4324
13985,14054,247
13036,29355,758
13036,14054,2944
13036,13182,955
13036,12898,196
13036,38939,4
13036,29368,254
29355,29356,709
29355,40638,2563
29356,29357,949
29356,14059,6
29357,14059,1242
29357,29358,8
14059,14076,668
14059,29358,560
14059,29360,6
14059,29362,5
14076,29361,1217
29361,29362,1228
29361,29363,5
29362,29363,1230
29362,14078,6
29363,14079,1157
29363,29365,8
29363,14078,65
14079,14078,1399
14078,44375,658
14078,29358,238
14078,29365,556
14078,29366,5
14078,14043,3
44375,40637,693
44375,44377,268
40637,40775,1369
40637,13088,1499
40637,14316,537
40637,14083,4
40637,13203,46
13151,14025,661
13151,13339,993
13151,13152,5
13151,14359,2
13151,29474,2
13151,14040,3
14033,14035,846
14035,14036,838
14035,14034,8
14036,14039,826
14036,13037,12
14039,14047,271
14039,29345,532
14039,14344,506
29353,29354,1653
29353,29369,398
29353,38939,14
29354,29355,1253
29354,13182,152
29354,13481,3
29354,29368,3
29354,13227,245
44377,49968,268
49968,44307,268
13413,13424,1142
13413,43290,419
13413,43288,161
13424,13116,149
13424,29506,993
13116,13256,890
13116,13422,304
13356,13178,149
13356,23098,259
13356,15315,159
13356,15342,124
13356,26654,141
13356,16031,230
13356,15719,114
13356,41132,296
13356,11119,125
13356,15826,9
13356,24791,37
13356,11161,24
12912,12980,941
12912,13112,24
12980,13803,481
12980,12929,460
12983,12835,211
12983,13856,141
12983,12818,580
12835,13857,211
12835,12821,140
12835,12822,1
13857,13862,149
13857,13858,149
13857,51811,540
13857,14548,6
13880,13881,265
13880,13882,842
13881,13884,265
13884,13895,265
13895,13898,149
13895,13897,1146
13895,13966,3
13895,13104,2
13898,13905,149
29346,29474,1212
29346,14026,232
29346,14359,2
13182,12898,1486
13182,38939,678
12898,14348,1587
12898,24217,2786
12898,13361,1360
12898,16233,34
12898,14076,3
14348,16233,444
14348,50491,86
14348,24217,180
14348,24859,340
14348,22235,196
14348,16491,100
14348,14227,142
14348,29503,20
14348,5020,19
14348,3265,8
14348,18829,4
14348,2945,7
14348,2534,15
14348,51149,26
16233,16380,855
16380,24229,492
16380,16379,114
16380,44328,295
16380,22956,34
24229,44328,293
24229,15808,55
24229,24228,22
24229,15605,90
44328,24228,614
44328,16384,299
24228,25106,588
24228,16384,48
25106,16169,588
16169,24281,365
16169,25298,223
24281,43593,798
24281,40885,125
24281,16293,117
24281,43594,102
43593,40885,2224
40885,48645,478
13202,29399,1713
29399,29588,1704
29399,14126,9
29588,13052,796
29588,14126,885
29588,13054,23
13205,13766,1272
13205,13765,531
13766,13213,1111
13766,13763,269
13213,12927,1111
12927,13210,1111
13210,13212,1111
13212,13358,1803
13212,13096,108
12918,49203,527
12918,13919,971
12918,13936,45
12918,13921,117
49203,13933,371
49203,13926,156
13804,12929,311
13804,13169,484
13852,13861,769
13852,13847,474
13861,12815,204
13861,14548,284
13861,13862,370
12815,13856,709
12815,13263,1881
12815,12835,141
13856,12821,204
13856,13857,633
12821,12822,344
12822,12866,345
13135,14002,204
13135,14004,281
13135,29419,570
14002,13996,669
13996,13988,669
13988,13993,669
13993,13989,568
13993,13991,101
13989,13219,1049
13989,13093,37
13219,13258,1299
13219,13348,947
13219,13221,63
13219,51815,272
13258,13348,1287
13258,13221,12
13348,13221,2234
13348,23619,135
13221,48366,279
13221,13752,907
13221,14564,299
13221,13758,168
13221,12910,155
13221,12936,105
13221,13700,2
13221,13306,327
13221,24063,64
13221,13259,3
13279,13184,863
13279,49478,344
13184,33818,863
33818,50353,853
33818,50343,10
50353,14095,1197
14095,14093,1099
14095,14111,108
14093,48564,1350
48564,14091,1350
14091,12865,1200
14091,13750,150
12865,12851,1461
12865,13748,503
12851,13742,1461
13742,13358,735
13742,39046,465
13742,13741,764
13734,13724,1413
13734,13720,1052
13724,13719,2066
13719,44687,2066
44687,13694,1413
44687,13693,653
13694,45040,3170
45040,45039,3222
13588,49938,2063
49938,13582,2877
13572,13567,2132
13572,13570,2087
13567,38952,1919
13567,38976,339
13567,13534,635
13567,49933,231
38952,13108,950
38952,13509,969
38952,12949,113
38952,47429,312
13108,50639,2306
50639,13494,2306
50639,29514,144
13494,14342,2876
14342,43274,1968
14342,43312,222
14342,13465,686
772,24014,1231
772,21865,983
772,44302,912
24014,24030,2035
24030,24036,1848
24030,24032,187
23960,48249,499
23960,23961,304
23960,23957,148
48249,23941,1158
23941,23928,1170
23941,23929,339
23928,23917,1170
14011,14180,310
14180,14187,310
14189,14152,802
14189,29464,10
14152,29464,770
14152,29458,32
14152,29459,12
14152,29463,30
29464,14143,711
29464,29463,445
29464,14140,10
14143,14140,1230
14140,14138,310
14140,13236,692
14140,14141,238
14138,14136,637
14138,13992,1
14136,13992,778
13992,13989,518
13992,13219,157
13992,13990,104
13752,12910,1298
13720,13714,1615
13714,13712,1615
13714,12841,116
13714,47416,229
13712,13238,996
13712,12841,563
13712,13727,440
13238,12903,1349
12903,12924,793
12903,13143,401
12903,13704,177
12924,13143,367
12924,12990,953
13634,14338,817
14338,13206,631
14338,12824,1328
14338,13320,243
14338,48415,82
14338,48438,142
14338,38936,312
13277,37040,310
13277,29482,1596
13277,13356,22
29591,13246,1001
13428,49994,609
13428,21520,1025
13428,24855,376
49994,24986,888
49994,50002,349
24986,49996,961
49996,24147,961
24147,24146,961
24146,49327,328
24146,24145,560
24146,34090,73
49327,24099,392
24099,24101,1164
24099,23739,106
24101,24104,1350
24104,22059,1020
24104,24444,330
22059,22060,1020
22060,24117,678
22060,21720,150
22060,24121,192
24117,24112,1321
24112,24114,895
24112,22477,426
24114,24116,1986
24116,23660,1129
24116,23731,807
24116,783,18
24116,23730,32
23660,11161,86
23660,38642,105
48424,12936,219
12936,13049,219
12936,13117,105
13049,13100,1601
13049,14349,10
13100,14349,560
13100,14104,1078
14564,13717,1634
13717,13694,1582
13717,45040,52
13127,13598,1041
13127,12858,670
13127,48083,422
13127,29488,130
13127,48601,22
13598,29488,1041
29488,48082,1061
29488,13226,94
29488,13591,16
48082,13226,1438
13362,47429,219
13362,14370,2181
13362,13319,161
13362,49212,9
13362,49329,24
13362,13019,54
33861,13255,890
13255,44459,219
13255,51418,671
13519,13438,1027
13519,44458,228
13438,13436,1655
13436,13432,1655
13432,13430,1655
13430,13257,228
13430,13434,349
13430,13163,1078
13257,13428,518
13257,24763,775
13257,12959,286
21520,24141,1367
24141,24135,1367
24135,24717,1505
24135,21870,460
24717,775,605
24717,21938,511
24717,24132,575
775,24145,932
775,49327,64
24145,24150,1323
24145,24159,96
24145,21868,73
24150,21866,513
24150,24159,1578
21866,21416,513
21416,51152,513
51152,22413,586
22413,22819,494
22413,34021,92
22819,21817,632
21817,23729,421
21817,21811,138
21817,23013,73
23729,21812,421
21812,24177,421
24177,21821,1318
24177,24179,720
24177,24734,10
24177,22434,186
21821,15564,589
21821,24734,527
21821,21992,358
50865,34988,499
34988,34990,511
34990,34991,511
34991,39713,511
39713,34992,511
34992,38389,341
34992,43629,170
38389,34226,448
38389,7950,4
34226,34881,654
34881,7772,657
7772,34868,654
7772,7775,3
34868,7775,646
34868,7950,8
7775,7776,649
7776,7950,649
7950,7951,657
7950,34917,4
7951,7974,657
7974,8457,259
7974,7897,212
7974,34995,186
8457,7910,1886
8457,8458,82
8457,8614,65
7910,8458,881
7910,8074,1316
7910,50399,4
7910,8614,102
8458,8074,948
8458,8614,9
8458,10715,6
8458,8093,8
8074,8614,2344
8074,8750,2
8614,10715,3051
8614,8682,1166
8614,41242,386
8614,10716,6
10715,11785,3064
10715,10765,5
10715,8818,395
11785,10716,3131
11785,10264,6
11785,11734,3
11785,10615,622
11785,50399,360
11785,10644,2
11291,11292,1127
11291,11294,92
11291,47411,249
11291,10750,8
11292,47411,3595
11292,10750,7
11292,10742,587
11292,10712,14
11292,10721,4
47411,10742,4135
47411,10745,273
10742,10748,2207
10742,9445,3303
10742,9619,5
10748,44963,304
10748,9445,544
10748,10722,1339
10748,8619,20
10095,10753,551
8711,8712,2399
8712,8713,2399
8713,10031,2399
10031,8715,2399
8715,8717,2399
8717,8718,1359
8717,11737,1034
8717,8792,6
8726,11832,2423
11832,9959,2354
11832,9971,7
11832,9352,8
8796,11459,1240
8796,9343,18
8796,37275,194
8796,8728,4
8796,9566,126
8796,11826,293
11459,11826,1534
11459,9566,57
11459,48448,297
11826,9738,1188
11826,9566,23
11826,8965,604
11826,10444,12
9738,8965,1176
9738,10444,1150
9738,9651,499
8965,8728,1927
8965,11269,6
8965,9340,217
8965,8969,128
8728,8969,2015
8969,8768,1703
8969,9911,440
10569,10039,821
10569,10780,293
10039,11821,693
10039,10780,128
11821,10594,336
11821,10780,357
11813,10177,621
11813,10176,558
10177,10319,336
10177,42318,537
10319,51116,878
10319,10062,117
10319,9595,2
10319,10107,50
51116,10107,579
51116,10062,843
10472,10198,902
10472,10473,886
10198,10199,905
10199,11699,905
11699,10016,905
10016,10617,336
10016,11750,309
10016,11532,562
10617,9802,600
10617,8732,464
9802,47311,342
9802,9794,990
9802,9875,8
47311,9875,342
47311,9787,343
9875,9876,1328
9876,9877,1328
9877,9964,1328
9964,9969,1320
9964,10068,3
9964,9970,5
9969,10302,172
9969,9970,547
16424,41485,152
16424,35714,64
41485,16426,288
41485,15539,108
16426,16427,446
16426,33886,33
16426,15754,136
16427,15569,372
16427,25364,130
15569,15781,624
15569,23210,57
15781,23210,390
15781,16075,234
23210,16428,384
23210,15571,105
16428,16429,346
16428,15571,38
16429,16430,318
16429,16451,147
16429,15588,28
16430,15588,346
15588,16077,346
15588,15544,28
16077,16078,565
16078,16431,428
16078,16079,109
16078,16432,28
16431,16432,611
16431,16464,55
16431,16079,9
16432,16464,150
16432,16455,387
16432,16433,82
16432,16465,20
16464,16465,205
16465,15585,106
16465,16471,55
16465,16456,64
15585,16458,168
15585,15584,28
15585,15750,54
16458,15584,168
16458,16459,225
15584,16157,164
15584,15736,32
16157,16158,218
16157,16437,84
16158,16159,230
16159,38725,581
16159,14600,188
16159,47907,92
16159,47894,28
16159,47890,34
16159,15988,12
13286,13287,338
13286,13345,318
13286,13251,1676
13286,14026,4
13286,14043,116
13286,14332,472
13286,29344,198
13286,29343,16
13286,14356,10
13286,13252,14
13288,13274,1959
13288,14039,234
13288,16777,277
13288,13252,241
13288,14041,44
13288,24202,128
13274,12963,3006
13274,35701,86
13274,7294,572
13274,7562,262
13274,29350,468
13274,16186,69
13274,15989,298
13274,11291,255
13274,25918,58
13274,21799,60
13274,50473,13
13274,15831,24
13274,23418,22
13274,8703,24
13274,49731,358
13274,9658,20
13274,25688,89
13274,9046,189
12963,15416,126
12963,48275,294
12963,25092,454
12963,16489,569
12963,48295,212
12963,50187,373
12963,50534,41
12963,25338,4
12963,29350,406
12963,35701,104
12963,23418,242
12963,21921,14
12963,41132,128
12963,24208,24
12963,15908,15
15416,23222,126
15416,16105,328
15416,21778,127
15416,23211,67
15416,25704,46
15416,15417,34
15416,38111,76
15416,21851,28
23222,21960,126
23222,23211,459
23222,38110,152
23222,21696,40
21960,26404,126
21960,21846,231
21960,26403,36
21960,21696,30
26404,26405,181
26404,28327,14
26404,26628,5
26404,26597,6
26405,27523,268
26405,27801,559
26405,27520,6
26405,28327,5
26405,27529,2
27523,27528,1151
27523,27529,46
27528,27529,966
27528,44859,185
27529,27195,555
27529,28076,173
27529,43030,356
27529,48501,201
27195,27187,484
27195,27185,374
27195,25456,220
27195,27516,102
27187,27182,648
27187,27181,26
27187,27534,28
27182,27181,821
27181,27499,408
27181,27196,266
27181,27178,173
27499,42868,439
27499,26608,471
27499,27500,322
27499,28217,32
27499,26787,32
27499,26604,66
42868,27498,425
27498,27197,396
27498,27478,560
27498,12674,374
27498,51569,18
27498,11990,18
27197,27183,657
27197,27178,201
27183,27186,663
27183,48256,168
27186,27177,485
27186,25457,219
27177,27530,479
27177,12498,54
27177,48257,399
27177,39720,168
27177,39352,39
27177,28114,1
27530,12498,839
27530,50680,36
27530,44859,184
27530,28114,4
27530,27522,45
27530,27043,2
12498,27522,756
12498,27520,357
27522,27904,246
27522,27808,275
27522,27809,551
27522,27799,161
27522,27806,184
27522,49731,8
27522,35694,6
27522,27804,129
27522,28114,8
27522,44861,199
27522,23418,2
27522,44862,154
27904,28106,173
27904,22315,120
27904,27905,425
27904,49414,6
27904,39607,21
27904,27903,1
28106,15904,120
28106,25864,34
28106,21696,24
28106,12044,13
28106,39577,20
28106,12120,54
28106,12121,6
15904,23223,120
15904,15486,59
15904,26632,207
23223,23534,120
23223,38111,556
23223,15418,20
23534,24468,120
23534,13178,80
23534,23208,191
23534,15988,213
23534,15990,10
23534,16147,120
23534,28638,28
23534,25975,12
23534,14600,16
23534,41819,16
23534,38725,24
23534,42877,4
23534,15989,2
24468,29342,1354
24468,12962,695
29342,13341,3316
29342,14039,113
13341,13037,4634
13341,13040,14
13037,13039,330
13037,13040,1675
13037,29343,318
13037,13038,2086
13037,33862,14
13037,14062,231
35701,26787,78
35701,26710,35
35701,16003,217
35701,23543,27
35701,23418,104
35701,28114,8
35701,41132,77
35701,26654,2
12771,28241,1492
28241,26799,1492
26799,28242,1492
28242,26810,438
28242,26795,378
28242,26811,154
28242,28262,351
28242,12247,167
28242,28200,4
26817,26826,1044
26826,26829,1075
26826,12346,2
26826,26821,1
26826,26928,2
26826,26927,3
26826,26825,27
26829,26830,1077
26830,28243,774
26830,28256,303
28243,28244,1077
28244,28205,436
28244,26825,612
28244,26826,31
28205,26824,752
26824,12346,585
26824,26927,167
12346,26819,436
12346,28201,151
26819,26908,916
26908,26909,920
26909,26907,613
26909,26816,309
26907,43140,436
26907,26827,86
26907,26822,87
26907,28254,305
26907,26926,4
26907,25847,1
37716,50468,974
37716,15833,54
37716,15621,2
37716,44016,26
50468,25083,1249
50468,44016,212
50468,15688,161
25083,15464,1448
25083,15579,406
25083,15405,19
25083,15853,86
15464,48701,1448
48701,15405,1448
15405,25078,1165
15405,24464,281
15405,15407,13
15405,48870,8
25078,48870,1528
25078,15407,6
48870,15358,477
48870,15407,940
48870,25070,119
15358,15439,810
15439,15390,350
15439,15870,460
15390,15387,350
15387,15385,350
15385,24208,246
15385,24207,104
24208,25081,888
24208,15353,303
25081,15908,677
25081,15878,59
25081,25080,141
25081,24200,109
25081,15460,16
25081,25123,154
15908,15878,1654
15526,25129,544
25129,15885,89
25129,15804,455
15885,15717,89
16657,15849,89
15849,15850,420
15850,25111,420
25111,25112,420
25112,15580,420
15580,15805,420
15805,15873,424
15873,49776,1221
49776,15847,1110
49776,25109,111
15847,15856,1086
15847,48881,24
15856,15603,778
15856,15810,493
15856,25083,6
15856,15832,110
15856,15833,451
15603,25109,338
15603,15529,440
25109,23308,216
25109,23368,263
23308,41125,576
41125,41124,576
41124,41131,576
41131,48881,317
41131,23239,4
41131,41130,162
41131,48813,93
48881,23239,210
48881,23264,107
48881,15505,57
48881,24674,24
23239,51656,457
51269,25320,244
51269,25314,146
51269,51325,80
25320,25311,326
25320,25321,19
25311,25309,345
25309,25307,265
25309,51306,80
25307,25322,265
25322,25324,244
25322,25323,21
25324,25318,247
25324,25319,80
25324,25301,36
25318,25319,413
25319,25301,373
25319,51328,80
25319,16050,18
25301,16614,160
25301,16582,213
25301,35320,36
16614,16615,731
16615,16522,731
16522,16523,731
16523,16582,71
16523,727,258
16523,25304,148
16523,35320,162
16523,42301,8
16523,25324,18
16582,741,166
16582,16004,229
16582,787,74
16582,14594,10
16582,16493,8
16582,22889,16
16582,743,3
16582,29383,72
16582,25297,26
16582,29503,26
741,25205,940
741,41462,479
25205,41462,984
41462,25266,1108
41462,16391,129
41462,16390,226
25266,48561,166
25266,16336,852
25266,23376,90
48561,16324,270
16324,16331,1700
16331,16329,1006
16331,23376,240
16331,25246,280
16331,25210,174
16329,23376,1338
16329,15594,30
23376,15594,1484
23376,25100,184
15594,24279,1797
15594,25125,845
15594,23270,162
15594,16199,30
15594,16207,90
24279,16199,1693
24279,42852,110
16199,16207,2540
16207,22099,3234
16207,23363,336
16207,25218,152
22099,16212,4532
22099,48646,484
22099,16684,142
22099,43783,79
22099,16195,140
16212,16195,4117
16212,16259,632
16212,16196,114
16212,44331,106
16195,49969,280
16195,16196,3582
16195,37472,14
16195,24779,98
16195,16412,259
16195,16233,42
16195,14347,2
49969,16412,280
16412,16380,80
16412,16232,49
51529,13259,137
51529,14564,140
51529,13179,22
51529,29339,6
51529,13662,304
13259,13689,137
13259,12849,1241
13259,13660,12
13259,13306,27
13259,13684,6
13681,13658,739
12824,12827,1605
12824,12876,118
12824,13113,577
12824,13056,304
12824,13128,102
12827,12876,1265
12827,13813,358
12876,13644,633
12876,13813,565
12876,12829,118
12876,13642,67
13644,13642,1349
13644,13639,32
13642,13641,1416
13641,13639,732
13641,12828,505
13641,13133,179
13641,12886,8
13044,15831,660
13044,29350,3
13044,21589,228
15831,15871,749
15831,15721,24
15871,15849,315
15871,15721,434
23368,23239,233
23368,23264,30
14000,13960,474
13960,13958,1324
13960,41383,141
13960,13937,341
13958,13937,1324
13937,13935,1324
13937,50332,299
13937,13920,42
13935,13919,1149
13935,13920,175
13919,13198,1073
13919,50332,1188
13924,13933,575
13930,13929,474
13953,13270,1122
13953,12937,524
13270,13892,660
13270,13231,891
13892,13894,597
13892,13888,63
13896,13157,492
13896,13883,559
13896,14328,271
13157,13901,524
13157,13002,1301
13159,13865,758
13159,12837,401
13865,13852,758
13865,34277,326
13847,13848,474
13848,13849,474
43306,23270,311
43306,16287,16
23270,24296,2238
23270,25100,6
24296,44370,1042
24296,23267,444
24296,25100,695
24296,16326,998
24296,15814,293
44370,24295,1166
44370,16305,691
24295,25261,473
24295,15697,693
25261,16393,549
25261,16276,162
16393,16395,549
16395,16397,549
16397,25232,311
16397,16481,148
16397,15812,90
25232,25233,311
25233,16153,311
16153,24449,311
24449,16230,311
16230,23362,781
16230,33910,475
16230,25236,232
23362,16382,483
23362,25253,298
16382,23277,483
23277,16843,216
23277,25247,267
16843,16844,514
16844,23280,514
23280,24273,676
24273,16478,542
24273,33910,165
25225,25228,491
25228,25229,287
25228,49164,204
25229,25223,485
25229,25226,129
25223,25226,485
25226,16390,485
25226,25206,129
16390,25264,283
16390,25265,483
16390,16354,108
25264,23380,1176
25264,16324,184
23380,16324,1246
25125,15818,845
15818,15796,683
15818,16419,162
15796,15867,1572
15867,15531,1528
15867,15722,44
15531,15722,1528
15722,16369,569
15722,16338,491
15722,15641,114
15722,25126,84
15722,16264,314
16369,16368,900
16368,25256,900
25256,16320,1053
16320,16174,900
16320,16317,153
16174,16175,1138
16175,16178,1138
16178,16179,877
16178,33971,261
16179,25277,1139
16179,25221,106
25277,25275,1505
25275,25274,1405
25275,16303,100
25274,25273,2104
25274,16454,4
25273,22099,1594
25273,23363,510
19831,6719,1068
19831,6763,200
19831,17610,130
19831,39146,4
19831,4168,14
19831,20380,15
19831,34159,23
19831,42196,148
6719,34159,1060
6719,42653,8
34159,18780,1074
34159,50119,73
34159,42653,333
34159,19529,29
34159,34161,2
18780,34161,1201
34161,6720,41
34161,34156,1099
34161,50900,63
6720,6721,524
6721,6722,519
6721,18821,15
6721,38356,169
6722,18821,562
6722,20855,10
6722,6723,148
18821,20218,173
18821,18823,909
20218,20220,213
20218,20766,39
20220,6728,274
20220,7086,17
6728,20105,187
6728,20152,118
20105,40763,215
20105,40770,35
40763,6524,134
40763,17813,35
40763,20106,46
40763,40767,73
6524,6525,242
6525,6526,66
6525,20112,176
6526,35505,41
6526,6508,25
6526,6045,68
6526,5510,73
35505,5591,41
35505,40750,73
5591,50871,41
50871,6732,56
6732,6733,56
6733,6734,56
6734,6735,41
6734,35554,15
6735,6736,92
6736,6737,89
6736,6689,3
6737,6689,89
6689,6738,92
6738,6739,92
6739,6480,87
6739,39954,5
6480,7230,92
7230,6479,72
7230,7270,3
7230,50030,17
6479,50030,72
6479,6481,4
50030,6481,89
6481,6482,41
6481,17963,25
6481,7231,27
6482,7207,100
7207,5803,119
5803,17940,126
5803,5801,92
17940,7208,110
17940,17927,108
7208,17932,103
7208,7225,7
17932,17952,373
17932,17974,33
17932,17897,1
17952,17974,369
17952,18001,50
17952,18028,4
17974,17984,403
17984,18009,403
18009,6620,395
18009,18020,8
6620,18020,376
6620,18027,182
6620,6465,19
18020,18015,783
18015,18002,689
18015,17990,499
18015,18032,8
18015,17986,2
18002,18034,500
18002,18051,276
18034,18047,394
18034,18032,153
18034,5828,5
18034,6406,1
18047,18032,148
18047,6623,201
18047,5828,2
18032,18001,268
18032,18007,92
18032,18024,1
42840,17004,521
42840,1758,62
42840,4111,76
42840,4109,6
17004,35887,247
17004,38278,505
35887,35885,247
35885,35884,247
35884,35875,247
35875,35876,247
35876,35879,247
35879,43967,384
43967,43969,384
43969,43966,384
43969,48985,137
43966,35880,247
43966,35878,137
35880,44964,247
44964,35889,247
35889,35882,247
35882,35890,247
35890,35883,247
35883,35881,247
35881,35878,247
35878,35877,247
35878,48977,137
35877,35874,247
35874,35931,247
35931,35886,247
35886,4108,247
4108,4109,945
4108,4111,6
4109,42840,378
4109,42842,271
4109,4111,2
4109,4112,6
4109,35917,157
4109,48978,137
42842,4112,271
42842,4111,86
4112,4101,279
4101,4102,277
4101,35871,2
4102,35871,277
35871,35862,271
35871,4103,8
35862,35864,271
35864,35866,271
35866,35867,271
35867,35868,271
35868,35869,271
35869,35870,271
35870,35865,271
35865,35863,271
35863,35872,271
35872,35873,408
35873,35888,408
35888,4108,408
4111,1757,691
4111,4131,242
4111,4088,116
4111,4132,59
4111,1495,4
4111,4086,58
4111,4130,24
1757,4130,500
1757,4086,41
1757,41123,150
4130,4131,524
4131,35906,88
4131,4086,678
35906,4096,379
35906,4127,41
4096,4097,230
4096,35909,149
4097,37227,230
37227,4098,230
4098,4099,147
4098,37230,83
4099,4100,147
4099,44719,83
4100,35902,147
35902,35930,147
35930,35903,147
35903,35904,147
35904,35891,147
35891,35905,185
35905,37232,185
37232,35901,185
35901,16936,185
16936,4080,185
4080,35913,185
35913,4082,266
4082,4081,266
4081,4083,266
4081,44724,83
4083,4084,266
4084,4085,408
4085,4127,55
4085,4086,353
4085,4087,3
4127,4128,765
4127,1758,42
4127,1752,42
4128,4129,564
4128,1758,201
4129,1752,687
4129,1758,24
1752,1753,687
1752,1758,42
1753,42842,97
1753,42841,270
1753,1758,189
1753,17004,1
1753,42840,89
1753,42726,41
42726,35917,72
42726,1758,127
42726,4111,45
35917,35896,72
35917,48425,157
35896,35919,72
35919,35921,72
35921,35923,72
35923,35927,72
35927,35926,70
35926,35924,70
35924,35922,70
35922,35920,70
35920,35897,70
35897,35918,70
35918,42726,70
35918,17004,93
38450,35895,205
35895,2951,195
35895,35914,10
2951,35914,213
35914,35911,77
35914,35910,65
35914,44729,81
35911,35910,77
35910,50329,59
35910,4084,83
50329,4084,59
4086,4087,607
4086,4088,226
4086,4138,148
4086,4135,91
4086,4132,58
4087,4088,849
4088,4132,878
4088,4089,328
4088,37237,3
4132,4133,667
4132,6877,10
4132,41132,157
4132,16929,136
4132,39133,59
4132,15176,2
4132,748,74
4132,1495,58
4132,16945,3
4133,1495,1201
4133,16930,37
1495,1480,1168
1495,1365,58
1495,40890,245
1480,1397,772
1480,1365,356
1480,38578,40
1397,1365,1429
1365,1256,1304
1365,3216,321
1365,1228,36
1365,48297,117
1365,1636,62
1365,1125,3
1256,48297,1274
1256,1228,30
48297,1228,1385
48297,17447,6
1228,1222,1385
1228,1197,153
1228,4018,31
1222,1197,1161
1222,4018,224
1197,1184,227
1197,1191,155
1197,1169,913
1197,1188,161
1184,1168,1793
1184,1207,230
1184,1195,695
1184,1173,117
1184,1643,31
1168,47975,163
1168,1669,1066
1168,48060,232
1168,47885,246
1168,47973,101
47975,1109,249
47975,1141,79
47975,2657,183
47975,1098,54
47975,1170,16
47975,47966,6
47975,47963,2
1109,1107,763
1109,1077,260
1109,1097,1471
1109,14837,2
1107,3491,999
1107,38923,94
3491,1092,819
3491,17482,180
1092,1071,405
1092,4134,73
1092,3331,341
1071,1051,583
1071,4134,95
1071,1048,146
1071,1646,55
1051,4134,491
1051,1048,517
4134,3589,478
4134,39090,570
4134,43513,50
3589,1082,399
3589,3331,450
3589,43014,369
1082,2580,836
2580,1099,1014
1099,3000,521
1099,42581,587
3000,1656,521
3000,1097,252
1656,47975,165
1656,49330,137
1656,1144,193
1656,48060,349
1656,48340,198
1656,1141,310
1656,49324,477
1656,49326,97
1656,47973,2
1656,2657,6
1656,1117,13
1656,49325,115
1656,48351,181
1141,1144,2350
1141,1170,17
1144,1170,3304
1144,1191,8
1144,42619,10
1170,1184,231
1170,1191,2276
1170,1207,946
1170,2656,5
1207,1223,1232
1207,1231,163
1207,1213,118
1223,1231,1350
1231,48296,1354
1231,1372,42
1231,1232,84
1231,1257,32
48296,1257,1239
48296,1372,121
1257,1372,1276
1372,1403,758
1372,1402,606
1372,38578,42
1372,1482,344
1372,4122,42
1403,1482,800
1482,4122,1259
1482,1501,200
4122,4123,1274
4122,4871,10
4122,4895,13
4122,4124,42
4123,4124,549
4123,40543,42
4123,4089,88
4123,4008,560
4123,42821,35
4124,4125,1177
4124,1758,63
4124,4127,42
4124,1745,48
4125,4126,636
4125,4138,122
4125,4135,93
4125,1758,130
4125,4127,201
4126,35906,336
4126,4127,510
4126,4085,5
35909,35912,149
35912,35915,149
35915,35893,214
35915,4088,18
35893,35894,214
35894,38450,214
1758,17002,420
1758,4894,193
1758,1760,267
17002,35916,62
17002,1760,316
17002,4894,42
35916,35899,121
35899,35898,121
35898,35900,121
35900,1760,62
35900,17001,59
1760,4895,89
1760,4894,486
1760,4893,55
1760,35477,15
4895,35937,77
4895,42405,84
4895,4918,37
4895,4894,2
35937,35486,62
35937,35489,15
35486,35934,62
35934,35487,62
35934,35485,59
35487,35488,62
35488,35489,62
35489,35480,77
35480,35481,77
35481,35479,62
35481,17000,9
35481,19821,6
35479,35477,59
35477,35478,74
35478,35482,74
35482,35483,59
35482,35485,15
35483,35484,59
35484,35934,59
35485,35939,74
35939,19821,59
35939,4894,15
19821,35892,59
19821,17001,308
19821,17003,41
19821,4111,195
19821,1495,23
19821,17000,278
35892,35916,59
17001,17003,346
17001,4111,308
17003,42840,59
17003,4111,201
17003,42726,127
13870,14013,1196
13870,13872,95
14013,14545,552
14013,14015,739
13891,13893,869
13893,13954,691
13893,12937,178
13961,14000,463
10747,10639,1596
10747,47449,556
10747,11878,1742
10639,10745,580
10639,10137,298
10639,11878,1205
10639,34170,3
10745,10740,897
10745,10283,265
10740,10283,897
10283,9446,1152
10283,34236,10
9446,8664,871
9446,8851,265
9446,9443,16
8960,8740,1249
8960,9433,1679
8740,8741,1273
8741,9474,823
8741,10110,450
9474,9711,823
9465,9820,845
9465,9884,12
9820,11581,1466
9820,8781,156
9820,10402,1166
9820,10097,41
9820,8947,55
11581,9464,1580
9464,8877,1580
8877,41223,459
8877,11755,1464
8877,9687,110
41223,11303,459
41223,11302,137
11303,11302,339
11303,38829,120
11302,8621,77
11302,11410,244
11302,10677,18
11302,41224,137
11302,9983,2
11302,50342,5
22216,22217,210
22216,22212,2
22216,23184,3
22216,22223,12
22217,22218,190
22218,22219,199
22219,22213,24
22219,23170,8
22219,35984,3
22219,38899,18
22219,22212,134
22219,22243,15
22213,23031,150
22213,22203,174
22213,23029,8
22213,23068,6
23031,23032,674
23032,22192,663
23032,23033,3
23032,23157,8
22192,23034,35
22192,22193,313
22192,22117,4
22192,23033,522
23034,23035,50
23034,25325,467
23035,22188,204
23035,23185,163
23035,22177,326
22188,22220,529
22188,22182,6
22220,22182,351
22220,42968,178
22182,22205,666
22182,22183,221
22182,22249,168
22205,22062,443
22205,22046,211
22205,22140,187
22205,22249,28
22205,24714,151
22205,42730,160
22062,22063,559
22062,39129,523
22062,21744,225
22062,23461,14
22062,22067,134
22062,22065,22
22062,22066,2
22063,22064,491
22063,22065,580
22064,22065,514
22065,22066,931
22065,24791,42
22065,21744,140
22065,13320,3
22066,12975,274
22066,22067,145
22066,21589,26
22066,24791,19
22066,21588,287
22066,21744,86
22066,48935,24
22066,24201,72
12932,13204,2327
12932,13320,880
12932,12824,155
12932,14549,145
38947,13730,1564
38947,13354,1636
38947,52023,227
41779,22182,199
41779,23146,6
22046,22047,240
22046,7294,970
22046,35613,6
22047,7294,232
22047,8456,6
22047,44232,2
7294,8456,100
7294,7969,49
7294,35613,1422
7294,10775,46
7294,44232,153
7294,34988,8
8456,8457,1066
8456,8321,10
11880,10790,884
11880,50399,9
11880,11551,1128
11880,10264,13
11880,8636,206
11880,48462,2
11880,49737,43
44703,48462,282
44703,11291,217
44703,10716,249
44703,49731,654
44703,41976,156
48462,8636,531
48462,10790,304
48462,11291,2
48462,49737,170
48462,9048,36
48462,11292,794
10791,10792,3151
10791,8818,1044
10791,8682,3
10792,10356,2616
10792,8681,1475
10792,10264,7
10792,10627,6
10792,8703,7
10792,51267,622
10792,10446,4
10792,8466,9
10356,48708,299
10356,7771,2164
10356,7562,8
10356,8466,6
10356,35846,126
10356,8095,13
48708,8466,937
48708,35846,1291
48708,7909,83
8466,8467,94
8466,7909,333
8466,35846,539
8466,7958,8
8467,43297,995
8467,8468,657
8467,8469,6
8467,22062,6
8467,7562,94
8467,7340,11
43297,8468,976
43297,50864,170
8468,8469,257
8468,22110,657
8468,22062,378
8468,21588,304
8468,23145,25
8468,49791,4
8468,29342,186
8468,12962,98
8469,23145,223
8469,22062,40
23145,23147,223
23145,22062,27
23147,23071,839
23147,22182,12
23147,42730,6
23147,24714,201
23147,40437,140
23147,24713,3
23147,23158,24
23071,22179,918
23071,23158,293
23071,41314,151
22179,23158,918
23158,40437,1034
23158,22131,9
23158,22136,235
23158,23074,320
23158,22183,156
23158,23072,9
23158,38162,24
23158,24713,133
23158,22189,9
40437,24713,1344
24713,41599,927
24713,22252,119
24713,11177,16
24713,22254,9
24713,22241,145
24713,49229,23
24713,23146,169
41599,22182,413
41599,23036,718
41599,22131,330
41599,7619,16
41599,22136,6
41599,49800,25
41599,23027,147
41599,22252,160
41599,23035,326
41780,22182,232
29322,12932,2286
29322,13204,83
29322,48363,148
42882,13214,291
42882,13725,14
42882,38945,16
13214,13103,1787
13214,51284,378
13214,13636,11
13214,50480,102
48415,49210,737
48415,48640,1869
48415,49236,80
48415,12951,312
23098,23099,982
23098,22046,2
23099,23101,1077
23099,39128,71
23099,7562,27
23099,22046,18
23101,39128,712
23101,23147,237
23101,22144,12
23101,22046,116
39128,23147,270
39128,22110,433
39128,22046,222
41781,22182,134
41781,22254,95
22067,21737,188
22067,22068,3
22067,11119,35
22067,22087,134
22067,41132,30
21737,22068,289
22068,22069,142
22068,22256,3
22068,21627,46
22068,21736,101
22069,23125,142
22069,12975,107
22069,16031,12
23125,22071,142
23125,15315,495
22071,38143,837
22071,6,249
22071,49169,12
22071,22072,2
22075,22076,1203
22075,49843,159
22081,22082,859
22081,21727,7
22081,21608,102
22082,21368,1051
21368,46923,1772
21368,22085,89
21368,48121,90
46923,22085,1712
46923,16909,60
22085,16909,1062
22085,47143,262
22085,21556,365
22085,46481,92
22085,23102,10
22085,49248,2
22085,21972,6
16909,47980,174
23108,21369,414
21369,46240,1606
21369,23110,4
46240,23110,1669
23110,21367,1021
23110,21608,729
21367,23112,944
21367,21591,77
23112,23113,140
23112,21393,1035
23113,23114,742
23113,21394,404
23113,16909,174
23113,43771,5
23113,43768,15
23114,44413,859
23114,16894,7
23114,23115,4
44413,23115,1164
23115,16894,1712
23115,46520,611
23115,23116,2
16894,23116,1712
16894,23117,7
23116,23117,1712
23116,23119,2
23117,23119,1029
23117,49843,690
23119,23121,1037
23121,51281,765
23121,33876,463
23121,22089,88
23121,23104,2
51281,23104,1491
23104,15305,1078
23104,23105,331
23104,23122,84
15305,23122,1076
15305,23123,2
23122,23123,1266
23123,15372,336
23123,6,494
23123,49170,121
23123,49169,228
23123,15306,87
23123,38393,2
15372,22070,146
15372,38393,766
15372,23125,495
22070,38393,146
22070,22071,956
22070,43775,6
38393,23126,146
38393,12975,165
38393,16031,173
38393,24791,446
38393,21588,106
38393,751,2
23126,23127,276
23126,23129,138
23127,23128,279
23128,23129,149
23128,21738,42
23128,41132,88
23129,23098,236
23129,39128,142
23129,23099,136
23129,22110,142
41782,22182,45
41782,22254,5
41782,22241,18
21589,48275,55
21589,50534,269
21589,24468,872
21589,48265,29
21589,25093,405
21589,48293,242
21589,48294,6
21589,29342,271
21589,25092,4
21589,15351,4
21589,15643,202
21589,16786,50
21589,29346,32
48275,24468,74
48275,29350,281
48275,15831,13
12962,12979,1706
12962,14227,15
12979,24217,327
12979,13191,1331
12979,14227,49
12979,24859,4
12979,14077,11
24217,16209,3117
24217,16206,272
24217,16203,112
16209,16206,3163
16206,16203,4176
16206,16259,35
16206,15639,72
16203,51776,136
16203,15639,3994
16203,16205,83
16203,16684,261
16203,47843,90
51776,47843,625
51776,16205,377
47843,23363,1348
47843,16205,297
23363,43260,998
23363,25350,1172
23363,24281,24
43260,24281,753
43260,43593,186
43260,25298,59
23299,48703,1616
23299,25297,622
23299,48645,69
23299,23359,77
48703,25297,505
48703,40536,1063
48703,43594,48
25297,25104,955
25297,16137,8
25297,16115,262
25104,40643,1016
40643,22099,1302
40643,16202,28
40643,25278,466
40643,16205,159
16196,24779,3325
16196,16233,335
16196,13361,30
16196,13192,6
24779,13361,315
24779,14077,3348
24779,13192,124
24779,13227,11
24779,14227,98
13361,13215,1746
13361,21921,4
13215,13274,1704
13215,16777,98
29350,23098,408
29350,41132,212
29350,24181,580
29350,39133,27
29350,21799,3
29350,23129,6
29350,23596,56
29350,11161,14
29350,21921,35
29350,14599,10
29350,14600,16
29350,22070,134
29350,11080,143
29350,11119,160
29350,41660,34
29350,23878,32
29350,11090,147
22193,22196,160
22193,23162,153
22196,22197,483
22196,22198,9
22197,22238,9
22197,22198,229
22197,23055,320
22197,22237,356
22238,23036,9
22238,22254,164
22238,24711,340
23036,23037,328
23036,22155,245
23036,23045,166
23037,23038,340
23038,23051,9
23038,23039,12
23038,23048,21
23038,35989,298
23051,23052,21
23051,22138,12
23051,22143,549
23052,22139,338
23052,6499,18
22139,23188,386
22139,22140,334
23188,23071,163
23188,42730,223
23188,23158,12
22131,22062,9
22131,22184,4
22131,22249,355
22131,23071,163
13295,13042,132
13295,12952,492
13295,48897,326
13295,13322,49
13295,13075,6
44467,44468,1973
44659,13306,18
44659,13259,91
44659,13358,22
44659,13179,5
44659,13662,253
44659,13701,334
44659,14564,302
44659,13942,2
44659,13740,10
12849,13660,1296
13660,12846,1308
12846,44473,1271
12846,44472,37
22140,22141,360
22140,23053,392
22141,22142,378
22142,22145,29
22142,22143,337
22142,23188,12
22145,22146,554
22145,22246,6
22146,22161,12
22146,22147,551
22146,22246,3
22161,22162,304
22161,23045,9
22162,22163,685
22163,23146,17
22163,22254,12
22163,22252,372
22163,41599,282
22163,23084,2
23146,23084,171
23146,23165,15
23146,23055,2
23146,23083,160
23146,41331,169
23084,23055,585
23084,22198,4
23084,22197,3
23055,22204,394
23055,23056,339
23055,22197,214
23055,23057,3
22204,23061,539
22204,22197,38
22204,22237,217
23061,23062,343
23061,22122,196
23062,23067,175
23062,23063,8
23062,23159,160
23067,22167,336
22167,22168,770
22168,22129,273
22168,22169,497
22129,22213,15
22129,23068,101
22129,22212,144
22129,22243,7
22129,22203,6
22203,22218,15
22203,22215,167
22203,23183,3
22203,22216,18
47889,27623,5
27623,27649,932
27623,29243,30
27623,26665,95
27623,26496,534
27623,28928,265
27623,26120,439
27623,17303,2
27649,27810,67
27649,28475,111
27649,42877,70
27649,12975,156
27649,27900,330
27649,27689,87
27649,22319,232
27649,24711,3
27649,28270,77
27649,40136,118
27649,27805,3
27649,35694,2
27810,27805,68
27810,26615,59
27810,15418,15
27810,27689,156
27810,42877,10
27810,27808,1
27805,27809,8
27805,26605,277
27805,26601,129
27805,27808,87
27805,27498,54
27805,39557,40
27809,28106,15
27809,27904,499
27809,49563,77
27809,25481,20
27809,27812,6
27809,27043,35
25864,21696,400
25864,26638,601
21696,23221,23
21696,16306,301
21696,12042,103
21696,24663,95
21696,12043,3
21696,22315,56
23221,42182,5
23221,21851,273
23221,17303,6
23221,23751,158
23221,23543,84
23221,24791,18
23221,35286,29
42182,41300,137
41300,24711,128
41300,23146,9
24711,41599,745
24711,41779,3
13207,13979,2629
13207,13290,3652
13207,13985,80
13207,29355,5
13251,14332,653
13251,13287,1473
13251,29352,822
13251,12898,54
13251,13288,485
14332,13288,767
14332,29343,478
14332,13252,1592
14332,14062,11
14332,13976,4
14332,14040,5
15883,15807,1077
15883,16217,8
15807,16214,298
15807,15835,741
15807,16220,38
16214,16220,1728
16220,16217,1874
16217,16218,1882
16218,16219,1023
16218,23343,405
16218,16401,445
16218,25268,15
16219,16372,1139
16219,15884,6
16372,16377,612
16372,25270,121
16372,15884,111
16372,21921,8
13338,13151,421
13338,14497,1185
13338,38713,3
47905,324,89
324,320,1607
320,309,1369
320,318,235
320,307,3
309,307,1729
307,302,1698
307,304,32
307,291,2
302,291,1843
302,282,287
302,304,161
291,290,1921
291,282,73
290,282,1352
290,285,561
290,277,17
282,277,1677
282,274,32
282,278,3
277,274,1843
274,35290,2307
274,248,32
274,40892,381
35290,249,1271
35290,264,55
35290,248,87
35290,40898,894
249,248,807
249,247,896
249,241,3
248,241,825
248,661,101
241,661,1032
241,714,28
661,714,906
661,233,232
714,14612,310
714,10236,32
714,23682,42
714,593,517
714,207,265
14612,29450,91
14612,29581,35
14612,50485,756
14612,14607,23
14612,14325,57
14612,15218,5
29450,29401,1979
29450,14077,17
29450,14166,36
29450,13358,2
29401,29383,91
29401,14325,2236
29401,29336,16
29401,29378,21
29401,48920,16
49329,14595,310
49329,13319,628
49329,13322,5
49329,51816,272
37676,13322,117
37676,13004,5
29340,13134,1507
29340,29371,1195
29340,14165,28
13134,29371,1552
13134,14594,7
29371,29385,1317
29371,13074,358
29371,14165,1062
29371,14594,9
29371,16491,50
29385,29402,127
29385,14165,1070
29385,14594,120
29402,22234,122
29402,29406,431
29402,50491,529
29402,29467,230
29402,29404,166
29402,22235,135
29402,15224,62
29402,253,6
29402,14605,135
29402,35170,14
29402,24920,78
22234,592,340
22234,22235,468
22234,42654,69
22234,593,66
22234,21788,15
22234,207,14
592,237,906
592,244,36
592,233,235
237,244,916
237,240,225
244,250,924
244,275,36
250,35170,1390
250,40898,456
35170,275,1860
35170,272,872
275,280,1680
275,278,216
280,283,1644
280,303,36
283,15235,1942
283,303,209
283,292,148
15235,292,1942
292,303,1891
292,304,196
303,308,1724
303,311,122
303,327,20
303,725,708
308,319,1363
308,323,5
308,318,356
319,321,1605
321,323,1605
323,805,278
323,353,1557
323,42786,161
47928,1296,127
47928,29243,17
19456,4870,713
19456,4000,17
19456,3489,6
19456,43869,36
19456,41349,53
4870,41132,194
4870,3489,324
4870,4000,221
4870,4008,46
4870,707,2
41132,11734,1360
41132,10776,50
41132,11234,2239
41132,11289,162
41132,9046,624
41132,10236,227
41132,11239,9
41132,10163,163
41132,9553,223
41132,44258,6
41132,11824,99
41132,51560,177
36451,41133,270
41133,4871,182
41133,8494,19
41133,7604,422
41133,21588,213
41133,35694,80
41133,11160,1116
41133,40543,36
41133,4124,172
41133,20224,138
41133,21672,36
41133,21737,101
41133,17303,37
41133,12975,202
41133,21648,6
41133,42877,267
41133,11206,187
41133,11159,31
41133,11207,42
41133,11173,271
41133,43367,23
41133,39262,96
41133,40210,37
41133,42845,209
41133,11208,166
41133,35286,64
41133,24499,38
41133,3489,73
41133,23401,27
41133,24468,150
41133,21744,34
41133,11080,227
41133,11028,67
41133,11217,95
41133,13320,93
41133,41660,129
41133,48935,70
41133,48760,9
4871,19455,553
4871,43870,31
4871,19457,186
4871,20224,4
19455,3996,123
19455,20224,234
19455,4888,778
19455,18786,41
19455,6985,82
19455,20397,2
3996,3870,935
3996,51258,158
3996,3959,4
3996,2356,44
3870,48020,87
3870,2356,408
3870,48019,408
3870,3915,130
3870,1636,132
43792,8806,2656
43792,46925,372
8806,8687,2692
8806,10328,7
8806,10716,7
8806,10790,7
8806,9652,7
8806,10226,4
8687,8688,2692
8688,8689,2682
8688,8813,10
8689,8690,2682
8690,8691,2677
8690,8699,5
8691,8693,15
8691,8800,2673
8693,8694,2682
8693,10328,8
8693,10446,8
8693,10716,16
8693,10790,16
8693,9046,8
8694,8695,2682
8695,8696,2670
8695,47119,12
8696,8697,2689
8697,8801,2691
8801,8699,2686
8801,8691,5
8699,8700,2691
8700,8701,2214
8700,35319,487
8701,8702,2214
8702,8815,2214
8815,10226,35
8815,47119,1797
8815,7562,8
8815,47016,374
10226,10716,1822
10226,10776,279
10226,13320,21
10226,10790,1156
10226,11071,14
10226,41133,14
10226,9046,309
10226,8703,769
10226,43297,22
2126,2100,32
2126,3761,578
2100,3312,556
3312,2097,556
2097,2098,556
2098,2094,246
2098,17499,310
3108,2127,2072
3108,2126,336
3108,2093,8
2127,2128,2076
2127,3882,26
2128,2129,2076
2129,2130,2076
2130,2124,2076
2124,2118,1968
2124,17189,108
2118,2115,1648
2118,2113,320
2115,2140,2088
2140,2141,2088
2141,2142,62
2141,3626,2026
2142,2144,1778
2142,39749,310
2144,2116,1897
2116,2117,1943
2117,2151,1897
2117,2159,46
2151,3977,1054
2151,3699,377
2151,35844,526
2151,1246,30
3977,3957,609
3977,17318,2977
3957,3954,611
3954,2164,1428
3954,3952,2
2164,3952,1085
2164,3732,325
2164,2046,18
2164,41361,139
3952,2167,1972
3952,3959,573
2167,2170,1972
2170,3839,597
2170,2053,1375
3839,36098,884
3839,3973,174
3839,2410,22
3839,2040,15
36098,37207,2640
36098,3820,480
36098,2960,8
37207,3815,2636
37207,2960,4
17277,35825,2589
2083,3940,2483
2083,2088,26
3940,2088,2467
3940,1283,16
2088,1283,2157
2088,2771,240
2088,3868,6
2088,3164,86
2088,2701,4
3626,2142,2026
9531,9532,519
9532,9362,484
9532,9359,12
9362,9566,426
9362,9442,515
9362,10444,22
9362,9627,10
9362,9343,5
9362,9352,4
9362,10775,4
9362,8755,4
9362,8667,2
9566,10444,596
9566,11605,1153
9566,10432,1014
9566,11830,194
9566,9733,29
9566,39139,276
10444,10445,2062
10444,8960,2
10444,11824,25
10444,10281,32
10444,48500,177
10445,11824,1478
10445,48500,584
11824,10775,419
11824,9966,242
11824,7619,8
11824,11173,3
11824,10748,5
11824,9697,5
11824,38680,336
11824,44799,4
11824,9339,99
11824,10790,357
11824,47982,118
11824,10225,6
8619,9697,2320
8619,9473,207
8619,10414,11
9697,10642,2312
9697,9435,15
10642,10643,2312
10643,10733,1636
10643,9468,676
10733,9434,3429
10733,10674,1340
9434,9435,2221
9434,9478,1184
9434,9281,1392
9435,11682,425
9435,9054,3028
9435,10790,10
9435,10264,5
9435,9053,3
9435,8638,2
11682,9482,425
9482,10679,425
10679,9727,425
9727,9590,1686
9590,8844,633
9590,8839,592
9590,10132,454
9590,9498,7
10132,9053,994
10132,10644,592
10132,10790,7
10132,37785,86
9053,49737,1207
9053,8636,14
9053,10790,370
9053,10264,7
9053,11880,86
9053,10281,12
9053,8703,12
9053,8750,308
48043,17505,473
17505,2143,1765
17505,3373,221
2143,35790,1270
2143,3490,726
2143,3843,35
2143,3959,4
35790,35834,1718
35790,35818,966
35790,3843,295
35834,3977,1728
35834,3957,2
2571,42438,1211
2571,2435,33
42438,2435,1211
2435,2436,1244
2436,3105,1229
2436,2012,15
3105,2012,1169
3105,2695,60
2012,2695,733
2012,1984,441
2012,2955,10
2695,3804,1308
2695,3759,152
3804,2665,1308
2665,3828,1270
2665,3827,28
2665,2604,10
3828,2604,1422
2604,2955,918
2604,1992,514
2955,36871,706
2955,3468,210
36871,1973,554
36871,2603,4
36871,2431,139
1973,1974,1090
1974,1975,1090
1975,1936,1090
1936,2769,1013
1936,1940,462
2769,1928,880
2769,1930,740
1928,1929,1326
1929,37471,675
1929,1909,413
1929,2873,238
37471,1905,675
1905,2705,681
1905,16993,117
2705,17438,1207
17438,2706,1187
17438,2807,20
2706,3019,1568
3019,2623,1568
2623,17443,1568
17443,2624,1568
2624,17440,1568
17440,2864,1568
2864,2865,1568
2865,3369,1568
3369,3521,1451
3369,3486,117
3521,3367,5038
3521,3522,638
3521,16977,94
3367,3522,4300
3367,3378,64
3367,35827,421
3367,35826,113
3367,16977,140
48020,17505,481
3490,2158,751
3490,2160,245
3490,3977,100
3490,17318,287
2158,2159,1743
2159,3487,1666
2159,2150,123
3487,2149,1666
2149,2859,1620
2149,2116,46
2859,2145,1930
2145,2146,1930
2146,2147,1930
2147,2139,1930
2139,2114,1518
2139,2113,412
2114,2119,1887
2114,3762,210
2119,2761,951
2119,2125,1035
2761,2762,951
2762,3882,951
3882,3881,977
3881,3939,1133
3881,3322,4
3881,2093,322
3881,2126,234
3939,2091,3672
3939,2103,28
2091,2084,1678
2091,2085,1502
2091,2089,599
2091,1296,59
2091,7562,4
2091,41168,8
2091,2402,6
2091,23418,4
1859,3233,1474
3233,3526,1388
3233,3254,6
3233,2993,241
3526,3254,1597
3254,3690,1395
3254,3372,6
3254,42285,202
3690,3372,1395
3372,3521,1714
3372,3549,6
48267,12838,561
12838,13862,561
12838,12815,1375
12838,51811,301
12838,13263,110
13882,50830,561
13882,51408,281
50830,13895,561
13819,13815,561
13819,12875,179
13815,13822,561
13822,13648,567
13822,12854,565
13822,12879,218
13822,13354,18
13648,13058,543
13648,13057,547
13648,13113,24
12951,12997,1511
12951,13580,312
12997,13580,1511
13557,13554,866
13557,47438,38
51871,51863,300
51863,25087,1250
51863,50187,154
25087,12884,696
25087,48268,554
12884,13001,396
12884,13865,326
12884,12838,1450
12884,12815,567
12884,13263,133
12937,13952,345
12937,13363,263
12937,13104,323
14549,42859,1588
14549,12825,796
14549,13595,371
14549,13591,31
14549,13585,104
42859,13586,229
42859,13585,1034
42859,47406,53
42859,13595,272
13586,13575,840
13570,49933,1095
13570,13567,992
49933,49946,1167
49933,13482,159
49946,13091,1493
13091,14319,944
13091,13483,729
13091,13482,235
25123,15909,579
25123,24200,265
25123,15877,413
25123,15460,188
39311,13188,705
13188,12962,729
13188,29342,6
13191,14077,1200
13191,14576,4
13191,14227,35
13191,14076,6
13191,14347,86
14077,14347,4845
14077,38939,808
14077,13287,1
14347,13227,4478
14347,29368,332
14347,29355,1245
25354,21807,1022
21807,23911,847
21807,23910,175
23911,23913,1073
23911,23931,436
23913,23937,2115
23937,21940,1971
23937,24000,144
21940,43486,1769
21940,23997,202
44305,24017,913
13573,13581,978
13589,13590,1198
13589,13127,431
13589,13596,60
13589,13675,16
13590,13596,1564
13590,13667,24
13596,13675,1754
13596,12887,591
13596,13599,110
13596,13239,42
13596,12833,4
13675,45038,1521
13675,13710,16
44589,13718,1269
44589,13318,703
44589,13716,24
13126,13118,1547
13118,12944,767
13118,13117,925
13118,13358,58
13118,13072,50
12944,13202,917
12944,48366,229
12944,13946,108
23927,23940,845
23955,23959,521
23959,23968,521
23959,23965,291
24037,24033,1222
24037,24044,390
24033,24003,2023
24033,24013,2
24003,24013,2023
24013,24017,1047
24013,44302,325
24013,22737,175
24013,23994,2
24013,22776,186
24013,23998,89
24013,24006,201
24659,13743,775
24659,13741,329
24659,13700,19
13744,13747,1505
13747,14092,1030
13747,13750,475
14092,48719,1389
48719,14094,1389
14094,13183,1127
14094,14109,158
14094,14111,104
13183,50345,868
13183,50343,359
13183,14117,5
50345,33819,873
33819,14115,873
14115,14116,873
47762,21507,424
21507,23883,896
21507,25113,143
21507,15616,1044
21507,23884,69
23883,23884,1620
23884,25113,876
23884,15715,813
23884,23297,50
25113,23876,883
25113,22377,114
25113,23879,29
23876,23877,883
23876,21590,262
23877,23879,883
23879,23875,390
23879,15563,21
23879,21921,13
23879,23551,459
23879,21589,29
23875,23872,656
23875,22360,6
23872,25135,1661
25135,25132,3201
25135,25133,50
25132,25133,2240
25132,15860,961
25133,25134,2197
25133,33942,81
25133,24638,12
25133,38752,124
25133,34110,18
25134,15872,1632
25134,50260,1340
25134,33942,15
25134,35283,12
15872,15687,1039
15872,22974,324
15872,22928,545
15687,24088,917
15687,15800,361
24088,24091,1410
24091,24093,615
24091,22618,239
24091,23747,556
24093,23972,1069
24093,24389,269
24093,25352,391
23972,25352,1604
23972,15694,96
23972,23941,244
23972,33943,62
25352,15694,1604
25352,24450,391
15694,24722,713
15694,44692,963
15694,23924,24
24083,24158,1362
24083,13429,97
50502,50500,1398
50500,47442,408
50500,50501,990
13509,13164,2074
13509,13357,1046
13509,50639,144
13164,29514,1886
13164,37529,188
29514,51418,389
29514,13499,1641
51418,13422,973
51418,13256,324
51418,44003,291
13422,13420,1841
13422,33841,505
13422,13427,304
13420,24157,713
13420,24156,1231
13420,43756,1316
13420,13417,161
24157,22817,1570
24157,759,1115
24157,42322,188
22817,24062,389
22817,43294,1030
22817,22667,107
22817,13386,488
22817,33943,136
23953,25353,1576
23953,24389,91
25353,23973,1141
25353,22431,178
25353,24389,654
23973,24092,600
23973,23747,856
23973,23664,2
23973,23705,63
23973,23745,144
24092,24089,1389
24089,15530,898
24089,15800,491
15530,15645,962
15530,22928,233
15645,15844,1626
15645,22974,120
15844,90,1407
15844,33942,13
15844,15817,222
15844,50260,280
15844,34110,24
90,15817,1976
90,50206,15
90,34110,784
15817,25405,2242
15817,15799,19
15817,15860,120
15817,15816,50
25405,15816,3171
15816,23415,1922
15816,25120,1100
15816,23410,199
23415,23873,670
23415,23871,723
23415,22360,276
23415,34117,253
23873,23874,676
23874,23878,647
23874,15988,12
23874,21921,6
23874,50058,11
23878,21330,827
23878,23885,32
21330,21331,1097
21331,23885,827
21331,15715,5
21331,24757,169
21331,23755,280
23885,23882,896
23885,23756,730
23885,24755,90
23885,23755,124
23885,23087,407
23885,22984,144
23885,24756,94
23885,22723,244
23882,24756,896
23882,24765,50
24756,24765,2272
24756,16186,141
24756,16189,9
24756,25328,173
24756,35287,32
24765,23881,414
24765,16186,1260
24765,24627,16
24765,16815,5
24765,35287,632
13499,13165,951
13499,51418,317
13499,48435,364
13499,13519,9
13165,13423,951
13165,13116,395
13423,13412,1117
13412,13418,1392
13412,13406,288
24156,44900,784
24156,24154,1467
44900,24142,970
24142,49994,628
24142,21872,257
24142,21520,342
24159,24161,1316
24159,24121,10
24159,24108,86
24159,23659,262
24161,24108,1316
24108,24110,1316
24108,24121,86
24110,24122,1028
24110,22209,140
24110,24121,148
24122,24118,1028
24118,24106,956
24118,21585,220
24106,773,808
24106,24103,148
773,22755,1256
22755,22474,1256
22474,22475,1319
22475,24114,871
22475,24113,448
24174,24130,961
24130,24131,1023
24131,24177,1803
24131,22434,39
24131,23717,73
24179,24164,858
24164,24162,622
24164,21878,236
24162,24165,560
24162,51584,62
24166,24163,578
24166,16006,229
24163,24180,873
24180,24178,733
24180,22434,140
24178,24129,1153
24178,801,715
24178,24120,2
24178,23717,186
24129,811,819
24129,50550,334
24129,24173,138
811,812,756
811,24175,193
811,23730,362
811,23702,62
23702,24115,1075
23702,21947,150
24115,22477,876
24115,24113,878
24115,21555,209
22477,22478,1302
22478,22756,1240
22478,807,62
22756,24766,1240
24766,24105,814
24766,23719,222
24766,24103,204
24105,22476,958
22476,24119,814
22476,24117,144
24119,24111,1023
24119,22061,807
24119,24121,521
24111,24109,1177
24109,21820,1177
24109,24160,89
21820,24160,1177
24160,24151,1399
24160,24149,91
24151,24149,2050
24149,21868,1225
24149,34090,468
24149,48509,374
24149,791,74
21868,21477,996
21868,49552,647
21477,22405,996
22405,49989,923
22405,49991,73
24855,24155,882
24855,24154,269
24855,24077,204
24155,24660,2177
24155,24157,107
24155,13419,27
33841,13413,1412
33841,13414,505
16377,16373,1047
16377,25268,124
16373,16376,1951
16373,16371,8
16376,16371,1881
16376,16375,70
16371,16375,1889
16375,16374,1788
16375,15881,35
16375,15835,124
16375,15884,8
16375,15803,4
16374,15881,313
16374,16363,1107
16374,44367,15
16374,16281,353
15881,16352,964
16352,35694,434
16352,15884,530
35694,23316,787
35694,44250,114
35694,23320,78
35694,24201,14
23316,23320,671
23316,23257,1512
23316,25091,8
13337,29346,1010
13337,29474,229
13337,14023,218
13138,12984,2166
12984,12985,2166
13800,13112,2055
13800,13216,62
19072,6121,84
19072,18567,449
19072,19438,80
6121,6139,399
6121,43655,84
6139,43655,738
6139,21029,14
43655,21029,699
43655,18570,42
43655,6120,81
21029,18570,713
18570,18571,657
18570,21073,98
18570,21051,81
18571,21073,547
18571,18583,218
21073,18583,798
21073,6151,22
21073,18563,112
21073,43532,104
21073,43530,104
18583,6151,798
18583,21290,326
6151,18573,716
6151,18680,22
6151,6110,86
18573,18680,483
18573,50662,233
18573,43531,104
18680,21292,505
21292,18662,607
18662,18681,568
18662,7050,17
18662,21218,22
18662,7054,24
18681,51405,568
51405,21218,466
51405,21217,102
21218,19068,94
21218,19259,398
21218,17639,22
19068,5886,94
5886,50643,116
5886,5758,2
50643,17639,116
17639,51318,245
17639,5497,92
17639,17640,24
51318,5758,195
51318,5497,50
5758,6275,259
5758,5757,41
6275,5757,396
6275,19248,10
5757,19265,198
5757,5756,41
5757,19248,190
5757,41562,2
19265,19251,76
19265,5756,250
19265,6282,2
19265,6382,18
19265,19225,256
19251,21265,193
19251,19868,8
19251,19205,6
19251,6292,133
19251,41565,127
21265,21268,216
21265,4184,62
21265,19868,2
21265,19205,2
21265,19187,4
21268,4184,133
21268,19217,85
21268,19187,12
4184,51371,193
4184,6283,131
51371,4186,193
4186,19885,226
19885,4187,193
19885,7100,33
4187,4185,226
4185,18876,113
4185,21282,366
18876,18880,199
18876,18881,67
18876,18905,12
18876,20792,2
18876,35518,38
18880,18881,199
18881,18905,256
18881,43093,10
18881,19834,4
18905,19834,261
18905,20792,7
18905,41572,10
19834,18916,199
19834,20792,76
18916,18313,211
18916,18310,45
18916,35332,7
18313,41472,160
18313,18342,171
41472,5238,141
41472,18357,126
5238,18382,934
18382,18387,769
18382,18399,149
18382,18386,16
18387,18386,1384
18386,18399,624
18386,5621,792
18386,5240,2
18386,48225,6
18399,5240,620
18399,18426,153
5240,5241,1463
5240,5242,4
5240,5243,16
5241,5242,1461
5241,5617,2
5242,5243,1471
5242,18442,10
5242,7222,2
5243,18442,223
5243,5617,11
5243,7222,646
5243,18458,584
5243,5619,7
5243,5244,16
18442,7222,35
18442,18434,215
18442,18431,776
18442,18423,1
7222,5244,207
7222,35295,436
7222,35332,38
7222,18510,2
5244,35332,203
5244,18470,299
5244,18442,7
5244,6057,143
5244,18489,2
5244,18510,2
5244,37179,3
35332,18459,6
35332,48129,500
35332,18386,5
14207,14202,1420
14207,13028,3
14200,14197,779
14200,14193,105
14197,14188,505
14197,14189,492
14197,14152,42
14197,14204,93
14188,14182,442
14188,50440,399
14182,14185,546
14182,13195,73
14185,14183,542
14185,13195,4
14183,13195,542
13195,14084,546
13195,13053,35
13195,14577,4
13195,12973,34
14084,14010,542
14084,14532,4
14010,14532,542
14532,12973,106
14532,40636,4
14532,13030,104
14532,13097,63
14042,24202,369
14042,16777,18
14042,13341,275
24202,24211,606
24202,24462,37
24211,24462,178
24211,16790,263
24211,16817,165
24462,23257,106
24462,35701,109
24462,16003,8
23257,16489,300
23257,25091,1339
23257,39311,153
23257,44135,132
23257,16786,194
23257,25123,32
16489,15910,946
16489,44135,707
16489,15878,46
16489,15908,65
16489,50494,176
15910,48543,946
48543,51471,946
51471,24200,106
51471,15908,840
24200,25080,1024
25080,15460,1165
15460,15643,106
15460,51863,1104
15460,50187,2
15460,16657,109
15460,15849,16
15460,50534,32
25119,24851,868
24851,15706,773
24851,24852,95
15706,15718,773
15718,25127,491
47981,25553,67
47981,26170,64
25553,25554,991
25553,26175,347
25554,25807,573
25554,25555,418
25554,26190,161
25807,25548,579
25807,25920,74
25548,25549,981
25549,25550,1363
25549,15355,10
25549,26355,90
25549,15416,12
25549,47907,8
25549,2444,8
25550,25551,1016
25550,21921,4
25550,15355,326
25550,29342,52
25550,16031,9
25551,15355,1014
25551,26374,60
25551,15413,2
15355,15413,1324
15355,15416,10
15355,41825,16
15413,26403,67
15413,15414,933
15413,29342,286
15413,14600,40
26403,25880,984
26403,12044,40
26403,26404,23
26403,49421,33
26403,26613,2
25880,49413,320
25880,12119,582
25880,49421,106
25880,26404,46
49413,26613,67
49413,26628,110
49413,26597,238
49413,26405,6
26613,26628,325
26613,27043,2
26628,26405,263
26628,28510,197
27801,27520,495
27801,12008,306
27801,27523,32
27520,27481,935
27520,27167,6
27520,27191,357
27520,27533,129
27520,27482,60
27481,48117,424
27481,27143,185
27481,51568,79
27481,11999,89
27481,28859,211
27481,47835,180
48117,27479,381
48117,27512,26
48117,27499,17
27479,27499,428
27479,27514,36
27479,27512,154
26608,26604,265
26608,26602,159
26604,39133,194
26604,26614,159
26604,27901,59
26604,26787,150
26604,39517,20
26604,26654,5
26604,27692,16
26604,12408,38
39133,27899,94
39133,27901,179
39133,26654,85
39133,12408,40
39133,26906,6
39133,28794,4
39133,44503,7
39133,47918,11
39133,28328,4
39133,27622,6
39133,28206,5
27899,26654,532
27899,26887,43
27899,44758,2
27899,28206,8
26654,27622,936
26654,26665,44
26654,26130,97
26654,45015,108
27622,27918,860
27622,27646,74
27622,28915,1555
27622,26849,5
27622,27624,17
27622,47918,6
27622,44503,6
27918,27623,26
27918,27851,6
36168,24763,148
24763,16006,825
24763,24167,1812
24763,24734,62
24763,24850,44
16006,21317,2105
16006,24734,475
16006,24850,58
16006,25398,156
21317,24850,148
21317,21818,602
21317,24734,1558
24850,48214,206
24850,16147,179
24850,14599,259
24850,21318,1309
24850,21799,187
24850,15988,251
24850,14600,107
24850,47831,5
24850,21588,304
24850,23551,108
48214,14600,148
48214,34014,58
48214,22343,116
14600,48089,196
14600,47907,161
14600,15746,71
14600,47894,146
14600,47890,103
14600,15582,40
14600,25975,8
48089,16242,148
48089,15582,50
48089,16147,12
48089,15746,120
48089,15725,12
48089,15412,36
16242,25399,148
16242,23209,81
25399,15416,218
25399,21778,8
25399,23751,2
16105,23222,651
16105,23211,117
16105,38109,23
16105,21696,51
23211,26923,391
23211,21960,66
23211,26403,125
23211,12042,67
26923,21846,148
26923,21960,231
26923,26403,12
21846,26403,379
27901,27899,253
27901,26654,60
27901,26906,12
27901,28473,8
27901,50472,1
27901,51430,1
28786,28785,75
28785,28784,75
28784,28783,117
28783,28782,117
28782,28781,119
28782,28328,1
28781,28780,119
28780,28779,142
28780,28329,1
28779,28328,106
28779,28329,32
28779,51391,4
28328,51391,110
28328,26906,13
51391,28230,85
51391,26906,25
51391,51430,4
28230,51430,550
28230,26711,232
28230,43559,13
51430,26711,454
51430,26724,102
26711,26705,792
26711,26871,10
26711,28231,77
26711,28727,16
26705,26871,914
26705,51764,4
26705,42023,1
26871,28231,677
26871,25810,247
28231,26883,1260
28231,41843,712
26883,26872,1331
26883,40151,155
26883,25794,104
26872,40151,2077
26872,12740,189
40151,26684,2105
40151,26915,382
26684,26669,2514
26669,28915,1048
26669,25733,239
26669,26120,42
26669,27622,839
26669,28928,344
26669,44758,7
28915,43750,648
28915,27646,426
28915,29203,255
28915,27624,1620
28915,41087,179
28915,25734,58
43750,26849,601
43750,27918,47
43750,27646,1620
26849,27918,843
26849,25826,110
26849,45019,198
26849,26659,184
26849,26710,3
26849,25656,836
26849,44759,125
50398,47982,1703
50398,41976,510
50398,10716,48
50398,10790,82
8638,10119,1217
8638,10100,296
8638,8642,8
8638,10682,10
10119,8642,2125
10119,8645,5
8642,8645,2142
8642,8649,2
8645,10712,2354
8645,10748,6
8645,9697,3
8645,10750,11
8645,10784,4
10712,8647,2918
10712,8649,25
8647,8649,2884
8647,11869,34
8649,8651,2911
8651,8653,2911
8653,8655,2911
8655,8657,2911
8657,8659,2911
8659,8661,2911
8661,11864,2860
8661,8663,51
11864,9448,747
11864,8663,2113
9448,9449,760
9449,11731,760
11731,10085,1057
10085,10086,1057
10086,10742,545
10086,10137,204
10086,11878,283
10086,11293,10
10086,10784,4
10236,10264,873
10236,50399,135
10236,10790,875
10236,8468,222
10236,8415,2
10236,47982,325
10236,10627,163
10236,11880,44
10236,44258,685
10236,10225,372
47173,46901,853
46901,47341,853
47341,46526,853
46526,50803,853
50803,35318,481
50803,43794,372
35318,8799,481
25573,26018,1164
26018,25574,1164
25574,25576,1164
25576,25577,1164
25577,35403,416
25577,39629,270
25577,46601,154
25577,40984,322
25577,25578,2
35403,39619,416
39619,39621,146
39619,28674,270
39621,25581,284
39621,27390,184
39621,26109,2
25581,41951,146
25581,25582,763
41951,41953,146
41953,41955,146
41955,43372,951
41955,26125,340
41955,25916,212
43372,28671,1487
43372,16087,81
43372,15416,28
43372,48502,332
28671,43373,973
28671,25688,347
28671,25561,72
28671,26131,527
28671,16087,323
28671,28637,390
28671,15412,6
28671,27794,2
28671,17303,7
43373,26131,287
43373,28637,972
43373,25561,76
43373,17303,3
26131,48914,591
48088,48008,199
48008,27111,353
27111,26136,353
26136,26067,371
26067,26041,583
26041,26062,583
26062,26063,583
26063,28612,589
26063,28856,2
28612,26009,591
26009,26010,373
26009,28855,212
26009,26080,6
26010,26139,371
26010,25564,2
26139,48410,199
26139,48445,213
26139,26140,172
48410,48412,199
48412,48057,199
48057,25553,199
48057,37420,349
48057,43370,116
25555,25556,473
25556,25557,690
25556,25883,1030
25557,25558,690
25558,25559,450
25558,11934,572
25559,25560,450
25560,28637,324
25560,25561,126
25560,27399,8
28637,26131,1836
52011,52008,240
52008,52007,240
52007,52012,240
52012,52009,240
52009,47006,240
47006,47213,563
47213,8936,240
47213,10455,323
8936,10464,2599
8936,10468,3
8936,10309,4
10464,10468,799
10464,8938,1833
10468,10463,567
10468,11850,540
10468,9456,3
10463,10460,567
10460,10458,1881
10460,10502,283
10458,37732,2796
37732,10474,267
37732,10727,861
37732,10451,22
10474,37731,555
10474,9600,33
10474,10457,26
37731,9600,321
37731,11836,232
37731,11837,2
9600,10320,981
9600,9809,6
10320,9809,501
10320,10108,714
9809,9552,302
9809,11910,528
9809,9546,323
10179,10415,413
10179,10472,5
10179,10173,1232
10415,10486,600
10486,10487,600
10487,10488,600
10488,10489,600
10489,11923,600
11923,10416,600
10416,42750,386
10416,10593,214
42750,10490,624
10490,11809,386
10490,46387,612
10490,11226,12
11809,10252,901
10252,11580,901
11580,10254,901
10254,10255,901
10255,10364,901
10364,10253,901
10253,10234,901
10234,11904,240
11904,10058,1255
11904,10595,156
11904,9334,20
11904,46387,118
10058,9285,1255
9285,41396,1255
41396,9276,1255
9276,9284,1255
9284,9441,1255
9441,10366,1255
10366,9289,727
10366,9565,528
9289,10491,727
9289,9292,528
10491,9320,478
10491,9515,605
9320,9321,974
9321,9902,974
9902,11226,240
9902,10185,496
9902,50361,238
49843,15273,849
15273,15274,729
15273,15270,120
15274,15270,570
15274,15267,159
15270,15208,227
15270,23103,463
15270,15269,162
15208,15277,227
15277,15279,375
15277,43768,161
15277,43769,14
15279,15280,575
15279,15322,141
15280,15322,575
15322,15323,716
15323,23106,93
15323,980,503
15323,15367,120
23106,15327,641
23106,21513,5
23106,23127,3
15327,23002,621
15327,21627,20
23002,22069,107
23002,21627,426
23002,23126,88
25332,50894,745
50894,25335,162
50894,44398,120
50894,25333,463
25335,22964,162
25335,22981,256
25335,23776,6
25335,24265,201
22964,44398,176
22964,16824,1200
22964,25360,6
44398,25360,162
44398,41597,120
44398,35172,14
25360,34175,162
25360,35172,31
34175,22354,445
34175,21864,7
22354,21864,445
21864,41596,442
21864,24265,3
21864,25360,7
41596,22307,318
41596,16824,124
22307,42748,318
42748,42747,318
42747,42746,318
42746,42745,318
42745,16705,318
16705,35172,162
16705,35173,276
35172,23713,282
23713,23551,168
23713,12979,4
23713,23878,25
23713,21588,40
23713,14600,43
23713,25918,4
23713,24468,14
23713,16377,8
23551,16815,501
23551,23875,266
16815,642,169
16815,16811,337
642,16811,466
16811,16813,806
16813,23003,806
23003,16814,806
16814,16754,799
16814,22843,7
16754,22849,396
16754,16752,403
22849,3,204
22849,22846,198
3,24648,402
3,23762,5
3,23402,7
24648,25120,194
24648,25135,495
25120,23863,332
25120,23762,1056
25120,25033,14
25120,15592,50
23863,23849,332
23863,23561,321
23849,23846,332
23846,23658,306
23846,23839,26
23658,23779,832
23658,22357,11
23779,25134,802
23779,15817,150
50260,33942,1169
50260,34217,24
50260,15988,38
50260,14600,20
50260,35283,369
33942,49283,1011
33942,22356,28
33942,34119,158
33942,22357,81
49283,22372,162
49283,22356,799
49283,22357,50
22372,22373,849
22373,49209,318
22373,83,531
49209,22356,162
49209,22822,156
22356,38973,691
22356,22357,829
38973,25058,752
38973,34217,132
25058,34217,508
25058,39638,555
25058,22357,144
25058,44681,244
34217,44681,601
34217,15872,45
34217,17,48
34217,22357,45
34217,977,6
34217,25058,455
34217,39638,87
44681,44695,945
50692,750,138
750,751,326
750,50852,36
750,22742,557
750,16524,16
750,748,55
751,728,1053
751,16521,36
751,727,118
751,34650,2
751,34458,18
728,16521,335
728,42301,580
728,35493,2
728,34458,227
728,34668,68
16521,25324,80
16521,25304,254
16521,16614,486
51328,51327,80
51327,51326,80
51326,51300,80
51300,25320,80
51306,51329,80
51329,51303,80
51303,51330,80
51330,51344,80
51344,51297,80
51297,51339,80
51339,51353,80
51353,51343,80
51343,51299,80
51299,51269,80
47841,48898,605
2765,3045,424
2765,1283,6
2765,2700,4
2765,17352,14
3045,3046,410
3045,2700,30
17352,3164,128
17352,3201,43
17352,44956,381
17352,1283,260
17352,2094,4
17352,42830,2
17335,17474,641
17474,3170,128
17485,3539,509
3539,17475,128
3539,3168,381
17475,3809,128
3809,3692,128
3692,2072,307
3692,3983,4
3692,2855,16
2072,3512,2119
2072,16964,322
3512,3858,2211
3858,3975,2092
3858,3974,119
3975,3974,805
3975,2381,10
38976,13042,339
24016,772,547
24016,25358,642
21865,24040,983
21865,22668,143
24040,24045,983
24045,24032,523
24045,22668,460
24032,21314,710
24032,24035,107
21314,24028,526
21314,24035,184
24028,23956,339
24028,24024,498
24028,43486,143
24028,42542,260
23956,48249,659
23929,23951,517
23929,23942,73
23951,23952,517
51983,14066,385
14066,14069,391
14069,29352,385
14069,13345,8
14069,14332,3
14069,13287,5
14069,33862,5
14069,13040,5
14056,14556,395
14056,14057,1735
14056,14055,251
14056,14073,9
14073,14074,434
14074,14072,437
14072,14058,437
14058,14346,402
14058,14057,10
14058,41197,10
14058,29352,6
14058,29370,4
14055,14053,389
14055,29353,251
14055,13986,6
14051,13986,385
14051,40638,14
13986,13983,391
13983,13984,440
13984,13982,385
13984,13987,55
13982,13980,385
13980,13987,385
13987,14050,454
14050,14052,435
14050,13986,6
14050,14073,6
14050,29355,6
14050,29354,5
14052,14044,1739
14052,29353,30
14052,29370,258
14052,29432,3
29369,29370,393
29369,14073,10
29369,13039,3
14510,14068,399
14510,14067,6
14068,14067,399
14067,51983,385
14067,49972,20
33943,90,1344
33943,15817,83
33943,15872,155
15988,15989,909
15989,15990,1331
15990,25917,998
15990,25918,333
15990,25975,10
15990,26373,74
25917,25918,998
25919,25920,501
25919,25805,466
25920,25921,399
25920,26227,124
25920,46827,385
25921,25922,1362
25922,25923,2079
25923,25924,2059
25923,26232,22
25924,25925,894
25924,26222,527
25924,11940,636
25924,26232,2
25925,25926,896
25926,25927,1566
25926,25928,2
25927,25928,1065
25927,26158,340
25927,26167,161
47922,43422,12
47922,39624,152
47922,25562,26
43422,26170,195
43422,26145,333
43422,26150,644
26170,26118,12
26170,26117,698
26170,11931,6
26118,26123,1223
26123,12026,459
26123,28671,1082
26123,43372,109
26123,26272,359
12026,26110,12
12026,42024,547
12026,43372,234
26110,26108,202
26110,28673,6
26108,26205,969
26205,26087,12
26205,26091,755
26205,28673,202
26087,25899,344
26087,46975,213
26087,28674,20
25899,26082,12
25899,25900,147
25899,26089,546
26082,25565,19
26082,28845,214
25565,25566,598
25565,25567,6
25566,25567,591
25566,26059,7
25567,26061,12
25567,25568,577
25567,26063,2
25567,12015,6
26061,12015,12
12015,28670,266
12015,28679,2
12015,26046,34
28670,39620,275
28670,28999,20
28670,26057,6
39620,35402,405
39620,40984,2
35402,26052,743
48269,24722,615
48269,25353,397
43319,13368,731
13368,13370,2135
13368,29381,140
13370,13388,2135
13388,13391,1694
13388,29485,441
13391,13442,1694
13442,43283,2341
43283,43281,2037
43283,29332,304
43281,43280,2037
43280,13449,1689
43280,13450,348
13449,13473,1461
13449,13450,228
13473,13476,1489
13473,13477,767
13476,13479,1251
13476,29634,238
13479,13487,591
13479,29634,660
13549,13553,1252
13553,50637,1252
50637,13560,1252
13560,13565,2302
12914,13596,877
12887,12814,1346
12814,12924,527
12814,13143,320
12814,13239,499
37529,13524,777
13524,13522,188
13524,42862,1233
13522,13518,799
13522,14579,161
13518,13519,799
13434,13426,677
13426,13163,349
13426,13431,328
1931,1932,1548
1932,1930,385
1932,2738,717
1932,1928,446
1930,1935,385
1930,1934,1479
1935,1936,385
1940,3496,681
3496,1978,681
1978,1979,681
1979,35840,681
35840,3075,649
35840,3470,32
3075,1996,1314
3075,41290,511
1996,2039,516
1996,3897,798
2039,2035,516
2039,2031,60
2035,2628,940
2628,2030,940
2030,2031,516
2030,2619,424
2031,2032,576
2032,2033,576
2033,2034,576
2034,36097,445
2034,2960,131
36097,2409,2991
36097,3437,9
36097,2437,4
2409,3971,1354
2409,2050,998
2409,3818,803
3971,2052,1269
3971,41353,320
3971,2172,6
3971,3893,10
2052,3588,1520
2052,3839,22
2052,3840,196
3588,2172,1731
2172,3970,1737
3970,3612,1856
3970,3979,718
3970,2392,6
3612,2171,1856
2171,2166,1085
2171,3959,771
2166,3731,1085
2578,3955,1346
3955,2567,1099
3955,3954,108
3955,41362,139
2567,3563,1593
2567,2132,8
2567,2162,6
3563,2131,391
3563,2988,12
3563,2133,719
3563,2132,834
2131,2988,391
2988,3146,391
2988,2532,146
3146,2498,391
2498,2108,385
2498,2766,6
2108,2109,787
2109,2428,589
2109,1960,171
2109,1957,15
2109,2429,12
2426,3681,617
3681,3949,397
3681,1946,220
3949,3544,834
3949,3202,2
3544,3202,620
3544,1916,214
3202,3203,622
3203,3204,622
3204,1917,622
1917,1920,622
1920,1922,622
1922,3106,622
3106,3107,616
3107,1927,616
1927,1923,616
1923,1925,616
1925,1909,419
1925,1910,197
1909,1907,790
1909,1906,42
1907,2717,790
1907,1905,117
2717,2718,790
2718,3543,409
2718,42741,381
3543,2705,409
48024,3368,930
3368,2803,3357
3368,3096,1089
3368,3228,1202
3368,3825,22
2803,3370,1725
2803,3486,1443
2803,3939,30
2803,17488,296
3370,2863,1725
2863,2709,1725
2709,2731,1725
2731,17444,1725
17444,2719,1725
2719,3020,1725
3020,2732,1725
2732,2807,831
2732,38136,894
2807,2720,968
2720,2721,968
2721,1904,968
1904,1908,837
1904,2714,131
1908,2873,452
1908,1910,429
2873,3445,690
3445,2625,690
2625,1924,690
1924,2530,690
2530,2529,690
2529,1926,690
1926,1921,690
1921,1918,690
1918,1919,690
1919,3307,690
3307,2853,690
2853,2809,678
2853,1916,12
2809,3693,656
2809,3953,22
3693,17402,656
17402,1948,852
1956,2496,920
2496,2766,428
2496,2108,232
2496,2110,101
2766,3124,434
3124,3446,424
3124,2532,10
3446,1994,424
1994,2135,424
2135,2162,1000
2162,38892,424
2162,3029,479
2162,35822,101
2162,3155,4
38892,3954,562
2053,2566,907
2053,2051,236
2053,3816,272
2566,2051,821
2566,3816,397
2566,2050,60
2051,3816,670
2051,2050,381
2051,2960,2
2051,36098,4
3816,36098,1299
3816,3973,40
3820,2036,597
2036,2037,597
2037,2619,597
2619,2035,424
2619,2038,541
2619,3897,56
2038,17506,1075
2038,1980,310
17506,1980,456
17506,35849,1980
1980,1981,766
1981,3796,766
3796,3495,766
3495,2603,766
2603,1945,775
1945,1939,517
1945,2769,258
1939,1934,424
1939,1937,1176
1934,1933,854
1934,1931,1049
1933,2425,854
2425,1943,854
1943,1944,854
1944,1931,854
35825,3812,1800
35825,3896,310
35825,17316,432
35825,3894,8
35825,2041,39
2050,2572,1200
2050,2441,441
2572,2021,1013
2572,3327,187
41948,41947,880
41947,2046,783
41947,2578,97
3694,3290,663
3694,1859,6
3290,2920,1442
2920,1858,1442
1858,1854,1233
1858,2856,209
1854,1855,1242
1855,1853,1233
1855,3965,9
1853,2056,1233
2056,3074,1250
3074,2057,1250
2057,2071,1242
2057,3983,8
2071,2072,2126
2071,2767,26
2071,3512,14
16964,2602,364
16964,17115,10
16964,1749,390
2602,17115,744
17115,17118,787
17118,17107,783
17118,2745,4
17107,2745,773
17107,17104,10
17107,44644,164
2745,17104,941
17104,2746,951
2746,2930,787
2746,44647,164
2930,2598,777
2930,17100,10
2598,17100,777
2598,17099,164
17100,2934,785
2934,2752,775
2934,17093,10
2752,17093,775
17093,17091,775
17093,17062,10
17091,17062,775
17062,2600,871
17062,17081,10
2600,2936,967
2936,17059,967
17059,2601,364
17059,17121,603
17059,17078,2
2601,2753,562
2753,3256,781
2753,17124,96
2753,38570,96
3256,17183,877
17183,3257,868
17183,3258,9
3257,3258,868
3258,3259,877
3259,17057,877
17057,17054,877
17054,3702,775
17054,3705,10
17054,38566,102
3702,3705,775
3705,4089,10
3705,6878,48
3959,3731,1336
3959,2443,8
17319,17306,3597
17306,35821,3597
35821,17317,2973
35821,3253,332
35821,3437,292
17317,2158,992
17317,2160,693
17317,35835,1755
17317,3322,8
2150,17442,123
17442,2148,123
2148,39710,123
39710,3356,123
3356,3357,123
3357,2153,123
2153,2154,123
2154,2155,123
2155,39749,123
39749,2866,433
2866,2867,433
2867,17400,433
17400,2144,119
17400,2859,310
48040,3368,763
38136,37775,763
38136,16993,131
37775,37470,763
37470,1910,763
1910,1930,441
1910,2738,948
2738,2733,1665
2733,1939,1083
2733,1940,219
2733,2626,494
1937,1938,1176
1938,2431,1176
2431,1971,552
2431,36922,768
1971,1972,552
1972,1970,552
1970,2850,704
2850,1990,530
2850,3826,174
1990,1991,530
1991,17301,1495
17301,1989,1343
17301,3827,152
1989,3353,1365
3353,2531,1517
2531,1984,536
2531,1985,829
2531,3755,152
1984,1954,972
1984,1951,5
1984,1955,4
1954,1951,972
1951,1952,967
1951,3718,10
1952,3234,963
1952,3953,4
48919,50385,526
48919,13704,64
13704,13676,1082
13704,13127,22
13676,13129,723
13676,12878,337
13676,45041,22
13587,13033,1153
13587,44461,274
14508,14507,1553
14507,13474,1553
13474,13469,2026
13474,13471,211
13469,43278,1449
13469,13450,577
43278,13448,1449
13448,13445,2005
13445,43282,2005
43282,13440,2296
13440,13390,1655
13440,13392,641
13390,13389,1655
13389,13369,2097
13369,29384,1219
13369,13367,878
29384,43555,751
29384,13367,629
43555,29623,590
43555,13374,161
2011,2132,171
2011,2135,568
2132,2445,1009
2132,2573,8
2445,2573,1010
2445,46749,138
2445,2866,13
2573,3437,179
2573,2836,487
2573,2092,97
2573,3939,63
2573,3735,8
2573,3108,4
3437,3735,1420
3437,17488,1155
3437,3108,4
3437,3372,303
3437,3791,4
3735,3939,1078
3735,3791,378
2085,1271,1375
2085,2083,6
2085,3984,310
1271,42830,1590
1271,3164,32
1271,2771,47
1271,2083,87
42830,2083,1595
42830,3877,42
2771,2701,928
2771,3868,40
2771,3867,32
2771,3898,20
1837,1838,371
1838,3531,171
1838,1834,200
3531,1834,171
3531,1835,163
1834,1832,371
1832,3114,371
3114,1830,371
1830,2597,371
2597,3926,171
2597,3933,200
48886,48912,1321
48886,2392,32
48912,35696,321
48912,2392,495
48912,1296,221
48912,48890,284
35696,48890,281
35696,1296,40
35696,48889,29
1314,3934,57
1314,2765,10
3934,17347,163
3934,3900,368
3934,2072,4
17347,3249,163
3249,17348,163
17348,3868,163
3868,3875,163
3868,48900,128
3868,3898,36
3868,3867,14
3868,1296,14
3868,3900,329
3875,3849,163
3875,3933,236
3849,1828,163
1828,1829,371
1829,17341,371
17341,1831,371
1831,1833,371
1833,3531,163
1833,1835,208
1835,1836,371
1836,2702,371
2702,2699,371
2835,2444,677
2835,46749,6
2444,2136,679
2444,2133,6
2444,17302,537
2444,2532,4
2444,3365,4
2136,2137,683
2136,2988,8
2137,2133,671
2137,2135,8
2137,2988,4
2133,2434,647
2133,2134,743
2133,2017,6
1946,2540,1367
1946,17402,196
2540,2883,1367
2883,1947,1113
2883,3718,456
1947,1953,1113
1953,1955,959
1953,3374,154
1955,2695,513
1955,1985,450
3897,3611,264
3897,17316,534
3897,2040,56
3897,3894,6
3896,35794,310
3896,2039,60
35794,2038,844
36922,1976,774
1976,1991,965
1976,1992,6
2160,3322,938
3322,3981,946
3322,2094,32
3981,2157,946
3981,18959,6
2157,2711,950
2157,2192,8
2157,3510,60
2711,3373,1044
2711,3490,12
3373,17200,1265
17200,34221,649
17200,17499,440
17200,2094,176
17200,2090,82
34221,17344,655
17344,17194,655
17194,2971,655
2971,3529,663
3529,17279,659
3529,17192,4
17279,17192,659
17192,3845,557
17192,2157,85
3845,17275,938
17275,34218,938
34218,35844,234
34218,3977,704
35844,1246,1157
1246,1247,2171
1246,2711,30
1247,2402,2027
1247,48898,18
1247,3937,331
48045,17505,290
17318,35822,3024
17318,3563,4
17318,2567,500
35822,35823,3125
35823,3732,2175
35823,3952,950
3214,3123,118
3214,3110,126
3123,2891,118
2849,3176,274
2849,3050,289
3176,3177,274
3177,3051,274
1820,3934,118
48887,48886,1154
1985,1986,1279
1986,1987,1279
1987,1988,1279
1988,2437,847
1988,2028,426
1988,2029,6
35835,1246,1014
35835,35791,741
48044,3368,328
3470,1997,813
1997,1998,813
1998,1999,813
1999,2000,813
2000,2001,813
2001,2432,447
2001,2956,366
2432,2433,447
2432,2022,5
2433,2784,447
2784,2052,447
2784,2569,90
17499,44957,395
17499,2094,432
17499,2095,310
44957,2771,395
3215,3119,395
3215,3214,126
43212,3171,395
3171,3172,395
3172,17338,395
3172,3540,128
3149,3120,647
3120,3166,381
3120,3121,266
3168,43211,381
43211,43210,381
3291,2892,542
44956,36099,381
36099,36100,568
36100,3845,381
36100,1247,187
2441,2442,441
2442,2002,441
2002,2003,802
2003,2004,802
2004,2005,802
2005,3471,802
3471,41290,802
41290,17506,802
41290,3381,511
42741,37515,381
37515,2706,381
3779,3810,128
3779,3780,204
3810,17397,128
17397,3172,128
3050,3868,471
3050,1296,12
48031,3368,511
48031,3228,3
3096,3972,973
3096,35852,534
3972,35852,973
35852,16978,1507
16978,35851,1463
16978,1908,44
35851,3039,929
35851,35850,534
35851,3897,6
3039,35850,929
35850,2626,1463
2626,1982,1957
1982,3075,1176
1982,3470,781
3818,2410,825
2410,2384,844
2410,3588,20
2410,3970,18
2410,41353,22
2384,3970,825
2384,3979,19
3979,2536,339
3979,35793,966
3979,1247,18
3979,35844,355
3979,20674,6
3979,42794,19
2536,3490,258
2536,35844,42
2536,42794,39
2125,2120,1035
2120,2121,1035
2121,2122,1035
2122,2123,1035
2123,3939,1031
2123,2126,4
3699,3998,327
3699,3274,90
3699,3958,15
3699,17439,139
3998,3958,617
3998,3525,40
3958,3839,476
3958,3840,141
3958,2050,15
35849,2627,1980
2627,2654,1514
2627,1941,466
2654,3038,980
2654,1906,534
3038,1906,980
1906,1851,1556
1906,1725,5
1851,35853,1556
35853,3522,559
35853,3521,576
35853,3228,421
1864,1865,967
1865,1880,967
1880,1881,975
1881,2817,442
1881,3967,8
1881,2824,525
2817,2818,430
2818,3334,430
3334,2058,97
3334,2570,321
3334,2061,4
2058,2059,549
2059,2060,549
2060,1882,549
1882,1889,549
1889,2570,79
1889,2852,199
1889,1864,253
2570,3437,977
2570,2835,520
3932,38802,919
3932,3917,1397
3932,3931,8
3932,1446,42
38802,35637,625
38801,3916,866
3916,3931,2193
3916,39232,106
3916,1249,38
48019,3437,408
2836,2819,344
2836,3077,441
2836,1880,8
2836,2058,446
2836,2966,226
2819,2820,432
2820,2821,432
2821,2824,432
2824,2728,957
2728,1879,957
1879,1877,685
1879,1878,272
2045,3817,1165
2045,36098,4
2045,3971,6
3817,36098,947
3817,2410,18
3817,3971,196
1878,38116,593
38116,1883,593
1883,1884,593
1884,1885,593
1885,1886,593
1886,3077,64
1886,2819,18
1886,2570,504
1886,2061,7
3843,3998,330
3973,1233,214
1233,3812,20
1233,3611,40
3332,3333,564
3333,2069,34
3333,46987,530
2069,2067,903
2069,3512,48
2069,3661,321
2069,2071,14
2067,2068,910
2067,3512,6
2067,2071,16
2068,2071,886
2068,2855,20
2068,2072,4
2855,3308,1233
2855,2055,6
3308,3032,1237
3032,2054,1227
3032,3965,10
2054,2055,1257
2055,1852,1245
2055,1860,6
2055,2856,8
1852,1856,1199
1852,2856,46
1856,1857,1199
1857,3962,624
1857,1860,677
1857,3233,155
3378,16977,66
50974,35772,425
35772,35773,1395
35773,35802,1395
35802,3016,980
35802,35804,415
3016,3158,1596
3158,35623,1596
35623,2331,1301
35623,3128,295
2331,2328,1301
2328,2329,1301
2329,2504,1301
2504,16988,1301
16988,2481,561
16988,2908,1027
2481,2483,914
2483,2323,561
2483,2983,273
2483,2909,353
2323,2320,561
2323,2910,762
2320,35674,561
35674,3787,166
35674,2989,395
3787,2538,30
3787,2202,136
2538,2465,30
2465,2214,437
2214,2190,437
2190,2589,834
2190,2176,12
2589,2176,856
2176,3599,712
2176,3601,156
3917,1446,1517
1446,3911,1339
1446,1448,216
1446,3830,4
3911,1448,1441
1448,3909,2086
1448,3921,216
3909,3913,2078
3909,3101,4
3909,2544,4
3913,3912,2078
3912,3914,2078
3914,3921,2087
3921,2229,1102
3921,3907,174
3921,3928,42
3921,2650,763
3921,3280,240
2229,2235,1216
2229,17994,4
2229,3907,38
2235,2964,1076
2964,2233,836
2964,2232,250
2233,2239,1792
2239,2471,1389
2239,35798,395
2239,39238,4
2471,2879,1035
2471,2694,363
2879,2243,804
2879,2248,231
2243,2244,1562
2244,2255,1562
2255,2257,1189
2255,2839,373
2257,2737,1189
2737,2258,1189
2258,2473,826
2258,35649,357
2473,2474,1430
2474,17468,790
2474,3927,640
17468,2263,757
17468,35649,555
2263,2264,1107
2264,35655,1107
35655,2256,1107
2256,2253,1458
2253,2254,1458
2254,2880,735
2254,35795,373
2254,2248,350
2880,2472,939
2472,2240,1289
2240,2238,1640
2240,2234,22
2238,2236,1640
2236,2963,747
2236,2232,893
2963,3922,1004
3922,1433,1042
3922,3920,212
3922,3580,243
1433,3920,1042
3920,1435,1952
3920,3918,53
3920,1437,159
1435,1436,1956
1436,1437,1943
1436,39242,13
1437,3910,1952
1437,3918,159
1437,3101,4
3910,3908,1964
3908,1440,1341
3908,17158,594
3908,1448,20
1440,3918,1255
1440,3830,86
3918,3916,1471
3602,3603,825
3603,2177,803
3603,3277,12
3603,2181,22
2177,2191,441
2177,2192,362
2191,2208,1151
2208,2189,1151
2189,2212,1151
2212,2213,1151
2213,2944,1019
2213,2757,132
2944,3387,22
2944,51494,287
2944,2199,710
3387,3388,661
3388,36131,309
3388,3389,352
36131,2986,331
2986,2987,331
2987,2480,309
2987,2323,22
2480,2484,868
2480,2325,287
2484,2482,516
2484,2908,352
2482,2503,1276
2482,2485,273
2503,36130,1276
36130,2326,1276
2326,2488,1276
2488,2327,1276
2327,2330,1276
2330,35624,1276
35624,35622,1298
35624,2946,287
35622,2333,789
35622,3724,782
2333,2489,789
2489,3324,516
2489,3016,273
3324,35801,933
3324,34330,365
35801,35774,1348
35774,35771,1348
35771,35501,911
35771,3431,22
35771,50943,415
17457,35659,174
35659,35661,174
35661,35663,174
35663,2742,174
2742,2315,1150
2315,2660,784
2315,2782,366
2660,3403,471
2660,2523,204
2660,35837,607
3403,2523,613
3403,2501,186
2523,2501,777
2523,2358,22
2523,2362,18
2501,3423,1142
2501,2358,871
2501,2362,28
2501,3009,4
2501,39238,6
3423,1461,1013
3423,3009,1049
1461,2359,2147
2359,2306,1027
2359,2476,787
2359,2740,638
2359,2274,22
2306,2476,1027
2476,2500,2397
2476,3725,142
2500,3899,2550
2500,1249,382
2500,3870,124
3899,36102,1105
3899,1249,933
3899,3007,512
36102,3932,1105
35637,17159,625
17159,1448,625
3927,3297,640
3297,3707,640
3707,3298,640
3298,3299,640
3299,3300,640
3300,3301,640
3301,3317,384
3301,3500,256
3317,3318,743
3318,3319,743
3319,3320,743
3320,3500,384
3320,3708,359
3500,3514,640
3514,3515,640
3515,35657,640
35657,3516,640
3516,38783,397
3516,38772,9
38783,38772,397
38772,38768,406
3601,3597,156
3601,39927,276
3601,43873,512
3597,2464,156
2464,3093,156
3093,2462,156
2462,49174,156
49174,49178,156
49178,49175,156
49175,49073,156
49073,51565,156
51565,48434,156
48434,49177,156
48434,50750,75
49177,37570,156
37570,3599,742
37570,3602,132
17455,3600,73
17454,3932,73
17454,1249,8
38769,38771,381
38771,38773,381
38773,38774,381
38774,3709,381
3709,35658,577
35658,3518,577
3518,3499,577
3499,3513,577
3513,3302,577
3302,3317,359
3302,3708,218
3708,3303,577
3303,3304,577
3304,3305,577
3305,3306,577
3306,17468,577
17158,35646,594
35646,38801,594
2179,1469,2462
2179,3915,401
2179,2218,4
1469,3915,1858
1469,3725,350
1469,2291,254
3915,2583,1845
3915,2285,705
2583,2363,2230
2583,2364,628
2363,2364,1194
2363,2535,1036
2364,2360,2142
2364,3532,310
2360,3422,1981
2360,3532,1205
2360,2362,106
3422,3532,1145
3422,44945,397
3422,42571,254
3532,3229,1721
3532,2478,329
3532,2362,228
3532,19831,130
3532,19087,72
3532,2374,180
3229,2478,1033
3229,2502,30
3229,2307,704
2478,2502,968
2478,6998,88
2478,3402,281
2478,2659,25
2502,3402,573
2502,35837,768
3402,2786,841
3402,2659,487
3402,2782,365
3402,2374,180
2786,2316,1214
2316,35662,184
2316,2314,725
2316,51527,302
35662,35664,184
35664,35660,184
35660,17458,184
17458,19846,11
23298,23299,1809
40536,23319,485
40536,43595,295
40536,25288,283
23319,16292,138
23319,24284,355
16292,43595,276
16292,16686,394
43595,24291,1127
43595,50217,131
24291,16388,1127
16388,40532,407
16388,16387,851
40532,24284,475
24284,23322,1221
24284,48278,6
23322,25351,1063
23322,23324,148
23322,43261,114
25351,25349,959
25351,37245,104
25349,37245,959
37245,16202,124
37245,40643,939
16202,16198,2917
16202,24336,708
16202,24296,40
16198,24278,856
16198,16204,820
16198,24296,384
16198,23270,857
24278,16418,1004
24278,16318,20
16418,16183,1494
16418,15796,447
16418,43984,176
16183,15841,1327
16183,15796,6
16183,15644,161
15841,15806,910
15841,16180,894
15841,25261,148
15806,15814,441
15806,15594,613
15806,25100,786
15806,16326,232
15814,15503,734
15503,50229,734
50229,43328,684
50229,43258,294
50229,44352,13
50852,44683,36
44683,50527,36
50527,50523,36
50523,16521,36
25304,16884,402
16884,25300,360
16884,16886,163
25300,25303,360
25303,25305,244
25303,25302,18
25303,51313,80
25303,16614,18
25305,25306,262
25306,25308,262
25308,25310,342
25310,25312,342
25312,25313,342
25313,51269,242
25313,25314,20
25313,51302,80
35948,29100,9
29100,29137,9
29100,41901,231
29137,29138,70
29138,29102,70
29102,12578,119
12578,29103,122
29103,29104,119
29103,29106,3
29104,29105,119
29105,29106,119
29106,29087,119
29106,29107,61
29106,29067,9
29087,29088,237
29087,29090,3
29087,29068,9
29088,29068,237
29068,29089,237
29068,29090,9
29089,29090,237
29090,29107,52
29090,29091,130
29090,29106,67
29107,29108,113
29107,29067,14
29108,29109,258
29109,12680,113
29109,12667,20
29109,49878,139
12680,12667,325
12667,12668,348
12668,29083,325
12668,12669,23
29083,12669,236
29083,38798,1
29083,49836,88
12669,12670,259
12670,29077,90
12670,12671,126
12670,49847,43
29077,29078,200
29077,29246,14
29078,29123,146
29078,29246,53
29078,49688,1
29123,29124,234
29124,29080,146
29124,49811,88
29080,29081,194
29080,29082,14
29081,29082,288
29082,29140,178
29082,12680,68
29082,49900,55
29082,29077,1
29140,29141,141
29140,49861,88
29141,29142,29
29141,49910,112
29142,29179,9
29142,49855,61
29142,42118,14
29142,49899,51
29179,12145,9
29179,29143,61
12145,12352,30
12145,12151,61
12352,49693,71
12352,25876,94
12352,29110,110
49693,28805,205
28805,28807,248
28807,12765,248
12765,29096,248
29096,28809,248
28809,29097,248
29097,29099,248
29099,49685,154
29099,43633,47
29099,29132,47
49685,35954,134
49685,25876,156
49685,12150,20
35954,12151,235
35954,12150,15
12151,35948,9
12151,12165,226
12151,49812,61
12719,35949,30
12719,12183,81
12719,12718,166
12719,36803,16
35949,12164,15
12164,12352,245
12164,12150,51
12150,12146,86
12146,29115,15
12146,12147,71
29115,29116,76
29116,29117,128
29117,29118,128
29118,29119,127
29118,12680,1
29119,29120,127
29120,29077,123
29120,49900,51
29120,49847,53
12671,29084,227
12671,29067,3
29084,41179,227
41179,29086,117
41179,29067,6
41179,29085,104
29086,29087,117
29086,12148,6
29091,29092,127
29091,29094,3
29092,29093,118
29092,29094,9
29093,29094,118
29094,12398,121
29094,29186,9
12398,12158,71
12398,29186,50
12158,29125,71
29125,12719,15
29125,12168,55
29125,12167,1
22136,22246,190
22136,23054,46
22136,22137,362
22246,23047,33
22246,22152,191
23047,23049,12
23047,22150,18
23047,23048,163
23047,23039,3
23049,23050,579
23049,22147,3
23050,23051,561
23050,23187,18
23050,23054,12
23050,22246,25
22138,22139,382
42730,6509,389
6509,22141,12
6509,6439,6
6509,36093,371
22143,22063,12
22143,22144,316
22143,36095,558
22155,22156,446
22156,22157,446
22157,22158,446
22158,22159,446
22159,22160,446
22160,23048,389
22160,22151,23
22160,22161,9
22160,35989,25
23048,22151,15
23048,23049,570
22151,23073,50
22151,22152,151
23073,22137,6
23073,23054,179
23073,41864,37
22137,23052,6
22137,22138,370
6499,6511,397
6511,22046,6
6511,42001,391
10776,9181,1493
10776,10515,15
10776,11632,22
10776,10587,9
10776,40778,2
43155,35978,46
35978,8462,14
35978,42503,32
35978,8465,2
8462,43129,37
8462,43128,5
43129,43128,54
43128,8465,59
8465,35041,16
8465,8464,30
35041,42845,177
35041,7604,34
35041,11161,2
42845,41132,20
42845,34983,173
42845,11119,106
42845,7604,319
42845,11161,51
8734,48481,93
8734,34273,972
8734,11632,12
8734,10846,51
8734,11543,66
48481,41133,53
48481,43905,306
48481,9048,1187
48481,10790,6
48481,11459,23
48481,43297,129
48481,37260,406
48481,10321,68
48481,10236,10
8494,8462,13
8494,8464,170
8494,48479,18
8464,35975,13
8464,42503,216
8464,24711,11
35975,35977,51
35977,43155,13
35977,35981,38
22543,24743,379
22543,21821,156
24743,24178,1167
24743,23717,229
24743,24179,138
801,22904,37
801,24120,699
801,22180,52
22904,811,37
24175,823,460
823,23707,37
823,23697,967
23707,21318,37
23707,23708,635
21318,21799,573
21318,14599,846
21318,25137,201
21799,21320,426
21799,21319,609
21799,21637,34
21799,21321,57
21799,21322,146
21799,23897,60
21320,21322,451
21320,21321,539
21320,21646,12
21320,44500,6
21320,23114,7
21320,25006,4
21320,21637,4
21320,50126,98
21322,21323,965
21322,21325,70
21322,21324,90
21322,24335,20
21322,21646,60
21323,21325,64
21323,21324,901
21325,21857,534
21325,21404,216
21325,23113,200
21325,22082,90
21857,22081,37
21857,21404,303
21857,23113,261
47143,21972,204
47143,21632,173
47143,171,52
21972,49248,159
21972,21632,135
21972,175,6
21972,21730,32
49248,21730,159
49248,21855,174
21730,21558,191
21558,42182,37
21558,14846,32
21558,24694,90
21558,21442,32
42503,48479,138
42503,24711,104
42503,40789,6
48479,24711,156
48479,41379,160
44302,23998,1588
23991,23914,2093
23914,23912,1046
23914,23908,91
23914,23931,956
23912,21808,1046
23912,23910,451
21808,23908,1240
21808,25355,178
1688,17486,108
1688,1373,460
1688,1687,45
17486,1697,108
1697,17472,8
1697,39616,100
17472,1699,108
1699,17436,108
17436,1698,108
1698,34288,108
34288,34290,108
34290,38852,108
38852,1690,108
1690,3008,249
3008,38851,249
38851,1384,146
38851,1373,6
38851,1688,92
1384,35087,5
1384,1359,440
1384,36914,7
1384,3832,57
1384,50064,11
1384,1687,88
35087,1359,12
35087,3832,82
1359,17269,110
1359,2872,116
1359,1396,7
1359,1340,587
17269,17268,440
17269,37235,3
17268,1260,11
17268,2904,357
17268,2872,27
17268,37235,3
17268,16940,28
17268,16958,5
17268,2574,4
17268,1395,5
1260,1703,10
1260,1476,192
1260,1702,87
1703,37103,107
1703,35080,179
1703,2904,5
37103,35080,89
47859,39052,514
47859,5266,66
39052,5313,1003
39052,5376,197
39052,5371,116
5313,5314,1929
5313,5316,5
5313,5380,201
5313,5398,2
5313,5365,92
5313,5315,32
5313,5402,2
5314,5316,743
5314,5315,1463
5316,5317,1843
5316,5318,21
5316,5425,375
5317,5319,700
5317,39051,177
5317,5427,218
5317,5318,925
5317,39060,8
5319,21271,715
5319,5320,863
21271,4216,715
21271,19672,2
21271,4219,46
4216,4219,715
4219,21269,172
4219,4225,748
4219,34304,51
4219,23418,6
4219,36797,12
4219,4754,4
21269,4224,582
21269,19598,256
21269,748,54
21269,36135,62
21269,35060,4
21269,541,4
4224,4223,532
4224,4242,6
4224,40343,42
4224,20917,2
4223,4242,853
4223,42724,14
4242,21301,660
4242,42736,423
21301,18893,409
21301,20535,337
18893,17675,618
18893,4243,116
17675,20917,259
17675,21305,311
17675,20397,18
17675,20924,52
20917,43054,351
20917,20893,22
20917,18912,273
20917,20207,123
20917,4173,3
20917,7562,6
20917,19456,2
20917,23129,32
20917,707,2
43054,41132,130
43054,19456,219
43054,18788,54
43054,4870,16
11865,10747,1267
11865,9619,7
47449,11878,252
47449,11293,556
47449,47451,841
11878,11294,259
11878,47451,1658
11878,11293,1301
11878,8644,3
11878,10712,575
11294,16289,252
11294,10131,92
11294,10790,704
11294,29342,320
11294,21588,267
11294,11880,840
11294,8636,10
11294,10264,5
11294,12962,84
11294,9048,44
11294,49737,48
16289,26787,110
16289,16288,142
16289,21692,457
16289,39800,27
16289,35694,30
16289,27899,43
16289,23534,28
16289,27778,55
16289,27692,37
16289,23844,124
16289,16147,199
16289,28800,52
23056,23057,329
23056,22248,22
23057,23168,173
23057,23058,159
23168,23169,204
23169,23170,47
23169,22255,161
23170,23172,290
23172,23173,280
23172,23174,10
23173,23174,262
23173,23191,18
23174,23191,29
23174,41867,243
23191,40789,12
23191,41768,6
23191,42733,38
40789,41867,12
40789,41878,9
40789,22127,10
40789,38390,9
41867,23059,255
23059,23155,293
23155,23060,279
23155,23156,14
23060,23055,43
23060,22237,19
23060,22204,217
22122,22123,196
22123,22119,18
22123,23083,178
22119,22238,315
22119,23084,419
22254,41326,148
22254,22133,6
22254,26654,3
22254,41313,152
41326,39254,148
39254,12975,24
39254,21584,39
39254,13946,24
39254,41341,204
39254,22257,6
39254,21692,3
39254,35286,50
39254,27901,2
13269,13488,132
13269,13481,118
13556,13560,1050
13556,13561,854
13599,12858,252
13599,48083,27
13599,42860,52
29455,29339,634
29455,13179,36
13074,743,134
13074,14209,164
13074,727,60
13074,22742,42
743,22178,596
743,24498,333
743,24356,71
22178,24500,711
22178,48727,460
24500,24499,1009
24500,24501,156
24499,24503,527
24499,24507,470
24499,24505,70
24503,24505,543
24505,24507,767
24507,24508,414
24507,22018,350
24507,48349,8
24507,48418,412
24507,21948,3
24507,48423,38
24507,48342,20
24508,48815,521
24508,24509,51
48815,24509,585
24509,24510,630
24509,24529,15
24510,24511,523
24510,24530,31
24510,24529,76
24511,24848,512
24511,24514,11
24848,50259,650
24848,831,89
50259,24994,450
50259,42488,86
50259,48342,6
50259,831,108
24994,24581,386
24994,831,64
24581,745,499
24581,24398,34
745,24402,2002
745,24403,63
24402,24403,1990
24402,24405,12
24403,37416,426
24403,24405,1361
24403,34152,266
37416,48002,6
37416,48011,9
15721,15498,458
15498,15581,327
15498,48864,107
15498,15833,24
15581,15833,327
15833,15787,873
15833,42644,24
15787,15851,861
15787,15618,12
15851,40814,13
15851,15618,848
40814,23133,78
23133,15672,393
23133,25124,23
15672,25097,393
25097,23134,704
25097,7562,4
25097,15821,54
25097,23136,12
25097,49800,2
23134,23136,704
23136,24856,668
23136,16031,24
23136,24720,24
24856,23098,13
24856,12975,264
24856,22070,382
24856,15315,178
24856,23099,48
24856,15719,32
24856,22087,48
24856,25409,12
24856,13946,6
24856,11161,182
24856,21692,17
24856,25918,9
8463,22225,25
8463,7619,63
22225,22226,53
22226,22227,53
22227,22231,53
22231,35960,53
35960,8459,53
8459,8460,53
8460,35962,53
35962,35963,53
35963,22232,53
22232,35965,53
35965,23075,25
35965,21800,28
23075,111,25
23075,23076,1453
23075,23147,3
23075,22046,2
23075,22062,134
111,184,53
184,182,53
182,180,53
180,179,53
179,185,25
179,22111,28
185,23076,25
185,111,28
23076,23147,458
23076,22062,391
23076,22046,629
23074,23072,491
23072,22189,165
23072,22177,165
23072,23025,170
22189,23185,34
22189,38162,460
23185,41599,25
23185,23036,6
23185,38162,151
23185,24713,15
23165,23166,179
23166,22196,177
23166,23162,2
22198,22199,242
22199,22200,242
22200,22201,35
22200,22126,227
22201,23168,31
22201,23169,4
22201,22124,160
41768,42504,6
41768,41599,12
41768,48479,160
41768,41379,12
42504,35041,193
42504,8462,11
41783,41599,28
41783,22241,44
41783,22136,17
22183,22205,354
22183,22140,2
22183,22179,12
22249,22110,526
22249,22062,25
22110,185,28
22110,22111,1531
22110,21800,155
22110,7619,40
22110,49800,4
22111,22225,28
22111,21800,1531
21800,44852,28
21800,7619,1686
44852,8463,28
44852,36926,68
1710,4004,938
4004,1381,190
4004,4035,192
4004,1376,624
1381,17244,156
1381,16926,38
17244,1523,204
1523,1531,120
1523,1538,16
1523,1528,68
1531,1538,124
1538,1542,140
1542,35994,137
1542,1547,16
1542,1553,4
35994,1553,127
35994,43639,10
1553,45005,120
1553,43639,7
1553,1587,4
45005,1548,128
1548,1547,128
1547,1540,144
1540,1537,144
1537,1527,144
1527,1525,128
1527,1528,16
1525,17245,208
17245,1516,176
17245,17260,32
1516,1364,206
1516,1376,16
1364,1704,800
1364,4035,52
1704,1711,634
1704,1275,124
1711,1275,404
36044,40551,174
40551,36043,174
40551,40549,60
36043,40549,174
40549,36041,234
36041,50300,340
36041,38285,76
36041,38283,21
36041,42592,56
50300,38285,174
50300,42592,120
50300,50267,46
38285,38283,291
38283,1741,195
38283,1596,60
38283,1589,16
38283,36124,41
1741,1600,195
1600,35991,354
1600,36036,14
35991,1610,174
35991,42703,337
35991,1624,5
1610,36128,174
36128,40553,174
36128,41033,42
40553,44450,174
44450,42589,174
42589,36046,174
36046,1624,174
1624,36079,631
1624,40551,60
1624,36031,14
36079,36031,605
36079,2606,21
36079,2609,5
36031,1615,379
36031,2969,190
36031,2606,50
1615,36836,174
1615,2606,120
1615,2969,112
1615,50297,46
36836,36014,174
36836,48828,46
36014,36017,174
36017,39190,174
39190,36019,174
36019,36020,174
36020,36022,174
36022,36024,174
36024,36027,220
36027,36028,174
36027,48569,46
36028,2969,174
2969,1620,406
2969,2609,218
2969,48648,42
2606,36029,158
2606,36030,23
2606,2609,30
36029,36026,158
36026,36025,200
36025,38270,158
36025,48695,42
38270,38269,158
38269,39189,158
39189,38268,158
38268,36015,158
36015,36013,158
36013,38267,158
38267,38286,200
38286,17237,200
17237,1627,158
17237,36030,42
1627,36113,158
1627,1622,411
1627,1624,60
1627,1607,3
36113,36114,158
36114,42590,158
42590,38281,158
38281,1607,158
1607,36080,444
1607,1740,3
36080,1740,360
36080,36037,61
36080,36036,106
1740,40554,181
1740,1596,200
40554,38284,242
40554,50268,42
38284,36039,237
38284,36040,23
38284,38285,41
36039,36040,460
36040,40548,219
36040,49657,223
36040,768,18
40548,36042,219
36042,36045,219
36045,1624,61
48213,359,205
359,332,3693
359,2563,5
359,14751,190
359,15233,90
332,506,1608
332,15233,94
332,24920,258
332,14751,458
332,758,286
332,522,969
332,14750,20
506,14751,531
506,333,1700
14751,14773,1030
14751,14770,40
14751,38927,49
14751,14839,202
14751,543,52
14751,49199,2
14773,14819,1142
14773,14814,40
14819,49199,84
14819,14843,45
14819,14839,257
14819,49198,246
14819,49200,179
14819,49205,375
49199,14897,35
49199,14866,95
49199,14885,18
49199,14966,2
14897,14966,246
14897,14961,219
14897,42815,104
14966,15037,217
14966,36997,175
14966,15045,6
15037,15045,276
15037,777,22
15037,15151,2
15045,777,351
15045,15115,6
777,15115,351
777,15109,21
777,690,22
15115,15151,250
15115,780,130
15115,15148,22
15115,35491,6
15151,24889,234
15151,24977,55
15151,4089,4
15151,15177,24
24889,15181,212
24889,15186,77
15181,15189,35
15181,15192,181
15181,25391,73
15189,25391,90
15189,15187,209
25391,15193,35
25391,40559,42
25391,42094,73
25391,40558,13
15193,50777,35
15193,15189,27
15193,15192,57
15193,15187,71
50777,46722,26
50777,656,9
46722,46339,26
46722,15156,34
46339,44019,35
46339,24962,25
44019,43874,35
44019,15156,25
44019,667,25
43874,42502,35
43874,694,25
42502,15007,35
42502,43619,49
15007,48449,35
15007,14973,41
15007,669,8
48449,14973,35
48449,14977,27
14973,14946,60
14973,14984,31
14946,14895,60
14895,14837,35
14895,14838,49
14837,16694,518
14837,14875,2
16694,14875,466
16694,14867,52
14875,16691,452
14875,14872,16
14875,14860,31
16691,14854,491
14854,14852,188
14854,24913,39
14854,14872,303
14852,14863,147
14852,14823,39
14852,14860,2
14863,14860,132
14863,14885,55
14860,14836,123
14860,14839,404
14836,14807,1079
14836,14814,49
14836,601,269
14836,14765,2
14807,14765,1124
14765,24345,1001
14765,526,146
14765,601,18
24345,601,1047
601,506,500
601,333,1610
601,758,99
601,358,8
601,599,38
601,50485,76
333,358,3343
333,599,419
333,331,232
358,599,1561
358,42786,747
358,38118,577
358,42546,472
599,48340,12
599,47966,98
599,47963,90
47883,359,146
47883,324,42
15233,264,52
15233,50485,904
15233,29450,217
15233,14612,458
15233,14607,26
15233,14077,189
15233,14325,48
15233,14355,76
15233,29401,16
264,257,3259
257,254,925
257,267,100
257,260,42
257,44699,2417
254,267,919
254,203,6
267,203,1537
203,23682,177
203,14612,100
203,207,104
203,198,1162
23682,24930,196
23682,23681,23
24930,24460,64
24930,23681,132
24460,23681,296
24460,23680,54
23681,34006,451
34006,22859,451
22859,37116,365
22859,39114,14
22859,24937,54
22859,39107,18
37116,37113,278
37116,37114,91
37113,37111,196
37113,40662,4
37113,37110,78
37111,40662,46
37111,37108,150
40662,37108,46
40662,37109,26
40662,37112,16
40662,479,4
40662,37115,4
37108,25340,116
37108,487,96
25340,24939,92
25340,486,21
25340,481,24
24939,486,133
24939,14947,128
486,481,170
486,14901,42
486,484,25
486,14953,24
486,480,4
481,480,222
480,479,226
479,478,226
479,459,4
478,459,205
478,24938,21
459,24938,29
459,14919,112
459,14936,33
459,37112,57
459,40662,4
24938,14921,50
14921,14928,50
14928,24980,76
24980,974,50
24980,24926,51
974,14928,26
974,24980,25
24926,14907,51
14907,459,26
14907,14919,25
14919,14936,137
14936,24939,95
14936,14988,17
14936,14901,16
14936,14953,12
14901,40662,42
14901,37109,116
37109,37112,142
37112,37115,199
37112,37114,16
37115,37117,358
37115,21788,2
37115,417,4
37115,410,3
37115,24937,3
37117,399,448
37117,37634,40
399,24927,448
399,196,40
24927,24460,254
24927,23680,162
24927,629,32
23680,24931,222
24931,593,112
24931,592,42
24931,253,68
593,253,1274
593,258,142
253,258,1296
253,255,56
258,255,690
258,261,26
258,44432,490
258,44699,232
255,261,746
261,265,3200
261,636,20
265,22235,32
265,636,460
265,269,1833
265,752,4
265,268,56
265,40899,42
265,35170,24
265,42654,749
22235,333,185
22235,2563,863
22235,24920,422
22235,14693,246
22235,2092,97
22235,14710,6
22235,3521,82
2657,1187,1647
2657,1195,6
1187,1188,2213
1187,1207,221
1187,2656,89
1187,1213,33
1188,1169,2475
1188,17271,5
1169,17271,3265
1169,1124,6
1169,48351,117
17271,35407,153
17271,1124,2786
17271,43001,423
35407,1107,330
35407,3000,252
3331,1090,718
3331,17297,73
1090,1125,692
1090,3216,26
1125,1165,556
1125,44364,128
1125,1166,8
1125,1217,3
1165,1642,357
1165,1208,275
1642,50889,150
1642,1225,211
1642,4035,39
1642,1243,7
50889,1225,150
1225,1220,427
1225,1217,36
1225,35993,52
1225,17224,4
1220,35993,137
1220,1217,290
35993,51415,262
35993,1038,68
51415,51413,262
51413,51414,262
51414,50088,262
50088,50089,262
50089,50121,262
50121,40184,262
40184,40181,262
40181,51412,255
51412,50104,255
50104,50102,255
50102,50083,255
50083,51411,255
51411,17381,255
17381,1216,154
17381,1217,101
1216,1219,471
1216,4034,30
1216,38533,5
1219,2574,345
1219,1227,126
2574,50891,146
2574,1641,203
50891,1641,146
50891,1208,42
1641,1154,573
1641,1166,88
1641,2945,8
1154,1111,717
1111,1081,751
1081,1071,474
1081,1082,353
1048,3589,146
1048,1042,136
1048,43513,135
1048,1082,84
1048,1636,30
1048,3591,174
42581,4026,872
4026,1144,771
4026,1124,17
4026,43003,84
1191,1184,2439
1227,38926,284
38926,4037,284
4037,17214,298
17214,4036,298
4036,1376,58
4036,1704,188
4036,17213,187
4036,50891,42
1376,35839,684
1376,17226,14
35839,17226,938
17226,17227,929
17226,1680,23
17227,1456,476
17227,17283,46
17227,17229,317
17227,2663,163
1456,1447,1348
1456,1449,411
1447,1432,1272
1447,1449,32
1449,1460,480
1449,17229,702
1449,17283,576
1449,1471,6
1460,2549,907
1460,1680,60
2549,17225,917
17225,1364,646
17225,51638,251
17225,37208,16
17225,1381,4
4035,17213,92
4035,36071,60
4035,17214,92
17213,17215,269
17213,1248,10
17215,1634,269
1634,1225,122
1634,4034,147
1245,1234,84
1234,1236,84
1236,36075,84
36075,4016,84
4016,1255,84
1255,17345,74
17345,36064,60
17345,4037,14
36064,4036,60
1275,36065,60
1275,1274,468
36065,36069,120
36069,1274,60
36069,36068,60
1274,17462,93
1274,1327,207
1274,1708,140
1274,1375,88
17462,36068,60
17462,1327,33
17462,1707,21
36068,36065,60
36068,1705,60
1705,1710,402
1705,4004,124
36071,1248,60
1248,36119,60
1248,1245,24
36119,36078,60
36078,36072,60
36072,36073,60
36073,36074,60
14843,14866,82
14866,14873,474
14866,14854,39
14866,14876,33
14873,16692,460
14873,14838,10
14873,14876,4
16692,14876,460
14876,14856,512
14876,38658,33
14876,14838,4
14856,14840,27
14856,14838,485
14840,14898,52
14840,14896,29
14898,24898,52
24898,48449,27
24898,14977,25
24898,43619,15
24898,669,16
14977,15010,27
14977,43619,39
15010,42500,27
15010,694,54
42500,43875,27
42500,667,54
43875,51748,18
43875,24962,25
43875,15156,9
51748,49680,18
51748,656,34
49680,50784,27
50784,50779,27
50779,15193,27
15187,15180,202
15187,15186,78
15180,15176,223
15180,24977,57
15176,15146,246
15176,15148,21
15176,780,35
15146,778,210
15146,24881,21
15146,15109,28
15146,15092,6
15146,15028,2
778,774,294
778,48598,12
778,15092,40
774,15028,213
774,15034,154
15028,767,215
767,14960,179
767,14836,42
14960,14836,717
14839,14827,65
14839,14822,747
14839,37114,20
14839,454,31
14827,14864,89
14827,14870,4
14864,14886,175
14886,14904,175
14904,14916,175
14916,14905,175
14905,14883,175
14883,14870,131
14883,48776,44
14870,18,93
14870,14825,74
14870,14822,16
18,24945,65
18,14906,32
24945,24946,81
24945,29,49
24946,14900,81
14900,24947,61
14900,19,20
24947,14938,61
14938,35116,21
14938,24877,40
35116,48499,426
48499,598,237
48499,48282,163
48499,492,22
48499,48281,4
598,572,486
572,573,432
572,596,46
572,35115,8
573,596,432
596,597,478
597,575,478
575,577,478
577,576,478
576,574,478
574,571,478
571,570,478
570,24940,21
570,35115,138
570,569,97
570,48282,38
24940,723,178
723,499,43
723,722,135
499,502,215
499,501,25
502,14890,21
502,498,194
14890,468,201
14890,14945,22
468,466,201
468,22732,138
466,462,201
462,475,21
462,476,150
475,489,211
489,461,21
489,491,190
461,483,223
483,485,223
485,25340,21
485,720,160
485,487,42
484,482,215
482,460,215
460,488,25
460,469,190
488,474,227
474,472,25
474,470,202
472,465,194
472,467,3
465,22732,194
22732,467,194
22732,468,138
467,499,197
501,14945,25
501,14890,202
14945,493,135
14945,492,52
493,598,35
493,48283,200
493,35115,24
35115,15039,35
35115,35116,357
15039,51211,70
15039,48284,10
51211,14906,70
14906,14880,102
14880,14853,53
14880,24945,49
14853,29,25
29,19,74
19,14864,86
19,14870,4
19,48285,4
14825,14836,479
14825,49206,302
14825,49199,64
14825,14843,4
24791,22092,764
24791,24720,280
24791,15373,45
24791,22633,18
22092,22094,760
22092,15821,10
22092,15828,13
22094,15828,370
22094,15823,445
15828,15843,378
15828,51498,5
15828,25124,108
15843,15830,19
15843,15876,326
15843,40699,57
15830,22095,786
15830,15788,13
22095,15788,786
15788,15832,399
15788,15810,41
15788,15622,382
15832,49306,317
15832,48864,6
15832,15790,28
15832,47987,104
15832,37715,54
49306,15790,477
15790,25138,505
25138,15711,905
25138,24189,95
25138,15351,16
15711,48275,19
15711,29342,22
15711,13197,818
15711,24468,46
8127,8402,316
8402,34824,316
34824,8128,316
8128,34788,316
34788,8130,316
8130,34825,316
34825,7879,316
7879,8412,639
8412,35035,639
35035,34864,498
35035,7902,315
34864,7973,501
7973,8418,496
7973,8424,5
8418,7804,496
7804,7805,496
7805,7911,484
7805,8415,12
7911,8415,149
7911,7806,323
8415,8183,954
8183,8414,36
8183,8105,469
8183,8104,437
8183,8184,12
8414,8106,960
8106,7806,711
8106,7900,149
7806,8112,1034
8112,8113,1034
8113,8114,1034
8114,8410,1778
8410,8115,1116
8115,8123,94
8115,8125,781
8115,34998,278
8123,8422,731
8422,8124,731
8124,34693,731
34693,8421,731
8421,8131,450
8421,8125,281
8131,8132,2230
8132,34998,389
8132,8123,349
8132,34707,1392
8132,34703,74
8132,8420,26
34998,8117,667
8117,8118,667
8118,8119,667
8119,35037,667
35037,8324,122
35037,8419,545
8324,8133,690
8133,8134,690
8134,8135,690
8135,8136,690
8136,8420,599
37160,36860,35
36860,7901,516
7901,7914,532
7914,7803,532
7803,34696,525
7803,8424,7
34696,8423,528
8423,7876,357
8423,7902,171
7876,7878,9
7876,7877,611
7876,8127,10
7878,7836,360
7836,34862,360
34862,34823,360
34823,35030,360
35030,34878,360
34878,35032,357
34878,7879,11
35032,7879,357
8420,8120,625
8120,8121,625
8121,8122,625
8122,34707,340
8122,8123,285
34707,8126,1737
8126,8291,815
8126,7913,984
8291,8292,484
8291,8115,64
8292,8293,484
8292,8425,6
8293,8294,487
8294,7905,484
8294,34696,3
7905,36845,472
7905,7907,12
36845,7907,472
7907,34842,481
7907,34864,3
34842,35035,174
34842,7876,273
34842,7877,34
8105,8184,351
8105,8185,5
8105,34849,70
8105,8314,9
8184,8185,471
8185,35033,484
8185,36847,71
35033,8211,484
8211,35054,484
35054,35022,484
35022,35026,484
35026,34715,470
35026,8325,14
34715,8325,470
8325,8326,484
8326,34861,482
8326,8328,2
34861,8226,482
8226,35034,482
35034,35036,482
35036,8187,482
8187,34695,482
34695,8414,482
8104,8189,437
8189,34795,437
34795,8312,437
8312,8407,437
8407,8225,437
8225,35029,437
35029,35024,437
35024,35025,437
35025,35027,437
35027,35028,437
35028,8228,437
8228,34948,437
34948,8174,421
34948,8212,16
8174,8190,437
8190,8172,437
8172,8314,3
8172,8413,434
8172,8184,108
8172,34716,3
8314,34716,11
8314,8185,11
8851,10264,2
8851,10790,7
8851,8703,752
8851,11734,265
8851,9553,10
8851,10776,1353
8851,8728,6
8851,7381,24
8851,51199,12
9828,9829,687
9829,43393,1058
43393,9812,1975
9812,11622,1981
11622,8829,435
11622,9814,1546
8673,8674,3020
8674,8675,3020
8675,8676,1053
8675,10018,1140
8675,10716,6
8675,10109,5
8675,41244,775
8675,8824,8
8675,8682,8
9988,9891,1574
9891,9815,1179
9891,10615,403
9815,9816,1179
9816,9817,1179
9817,9995,1179
9995,9826,1179
9826,10614,1173
9826,10716,3
9826,10792,3
10614,13320,3
10614,10716,1138
10614,10225,6
10614,10264,6
48946,43374,44
48946,28638,6
43374,25916,1030
43374,42024,808
43374,41954,132
43374,27399,439
43374,25908,246
25916,26184,1203
25916,26179,498
25916,25588,119
25916,11931,184
25916,26150,2
26184,11931,386
26184,25588,375
26184,25590,2
26184,26179,434
26184,26114,6
11931,25881,1838
11931,25882,34
25881,25882,1838
25882,25556,1209
25882,25883,129
25882,25590,534
25883,26308,1904
25883,25885,46
26308,25885,1534
26308,26305,136
26308,26314,234
25885,25886,1753
25885,25887,125
25886,25887,1753
25887,25888,1554
25887,25889,26
25887,28601,58
25887,11945,240
25888,25889,1514
25888,26328,31
25888,25893,4
25888,25978,136
25888,25593,5
25889,25593,1542
25889,25993,202
25593,25594,2647
25593,26328,2
25594,25891,1303
25594,26328,1226
25594,26326,118
25891,25892,755
25891,25893,548
25892,25893,755
25893,25597,1061
25893,26330,242
25893,25919,2
25597,25549,510
25597,25919,477
25597,25550,6
25597,26390,1009
25597,27585,184
25597,48396,2
25597,725,8
21921,23713,24
21921,35173,13
21921,35172,75
21921,34005,176
14576,14086,4
14576,13088,209
14576,13203,341
7900,36860,481
7900,7901,16
7900,37160,26
7877,7878,351
7877,8127,294
44292,43525,385
44292,39773,164
43525,48300,365
43525,27236,332
48300,27230,377
27230,28804,362
27230,27570,416
27230,28149,127
28804,39789,208
28804,39791,154
28804,42456,22
39789,39791,347
39789,28659,198
39791,47256,615
39791,27567,43
39791,28841,111
47256,27567,389
47256,28841,226
27567,27232,914
27232,27228,879
27232,26433,35
27228,26433,879
26433,27842,363
26433,27240,463
26433,39469,18
26433,27859,60
26433,26434,10
27842,27591,10
27842,27864,499
27842,37832,16
27842,41604,46
27842,27689,12
27842,27748,53
27842,27652,5
27842,27849,6
27842,26409,7
27591,12730,458
27591,27594,24
27591,27703,16
12730,27594,356
12730,48607,10
12730,37216,92
27594,12731,994
12731,39485,500
12731,27599,14
12731,42168,288
12731,27286,192
39485,39412,10
39485,27602,406
39485,39487,213
39412,27297,129
39412,27300,469
27297,27284,671
27297,27280,129
27297,39423,175
27284,27280,671
27280,27279,754
27280,26964,219
27279,11961,10
27279,26965,339
27279,39358,527
11961,27849,10
11961,11962,482
27849,26419,10
27849,27846,612
27849,27854,73
27849,27852,65
27849,26415,24
27849,47918,6
27849,26409,20
26419,27873,10
26419,27654,9
26419,26420,171
27873,27835,616
27873,27817,73
27835,44197,10
27835,27817,606
27835,50458,8
44197,27814,750
44197,41959,2
27814,28512,10
27814,27815,1194
27814,11966,8
27814,25472,2
28512,27605,10
28512,27831,1135
27605,26886,10
27605,26648,341
27605,26846,189
27605,27918,536
27605,50684,236
26886,26710,10
26886,28833,21
26886,26671,454
26886,26687,5
26710,26727,129
26710,26889,80
26710,26890,9
26727,26890,10
26727,26889,119
26890,28332,306
26890,26854,130
28332,28189,304
28332,26895,2
28189,28190,434
28190,26752,229
28190,43064,329
26752,28210,97
26752,28192,8
26752,12407,96
26752,26751,28
28210,44630,97
28210,28298,329
44630,44152,423
44630,43599,130
44152,44151,185
44152,43600,124
44152,43571,114
44151,28286,10
44151,28285,152
44151,12408,9
44151,37776,14
28286,12408,456
12408,28311,584
12408,12268,171
28311,28211,143
28311,12082,451
28211,29017,862
28211,12084,33
29017,12084,872
12084,12299,594
12084,12087,427
12084,12088,311
12299,12242,703
12299,38959,144
12299,44503,207
12299,12413,3
12299,43711,286
12242,12093,708
12093,28817,461
12093,29052,88
12093,29018,159
28817,12298,197
28817,12296,408
12298,12245,628
12245,25860,562
12245,12756,66
25860,29050,899
29050,12543,113
29050,29051,594
29050,29275,393
29050,29052,84
12543,29052,372
12543,28181,152
12543,12036,183
29052,12436,285
29052,12250,259
12436,12481,458
12481,28315,458
28315,29065,261
44590,10514,4865
44590,11865,120
44590,10775,385
7771,48708,2008
7771,8466,14
7771,8467,60
7771,39682,82
7909,8321,333
7909,7945,83
8321,7703,64
8321,7958,269
8321,34917,10
7703,34845,124
34845,34704,124
34704,7958,64
34704,8322,60
7958,7945,341
7945,8401,207
7945,34708,217
8401,7982,341
7982,7952,341
7952,7953,341
7952,34860,4
7952,7562,4
7953,7894,341
7894,7840,338
7894,34879,3
7840,34879,338
34879,7895,341
7895,7947,203
7895,34995,138
7947,7948,699
7948,34860,699
34860,34880,688
34860,7773,11
34860,35011,4
34880,7816,688
7816,7773,688
7773,34867,696
7773,34881,3
34867,34706,696
34706,34993,696
34993,39712,504
7897,7898,330
7898,7841,330
7841,7975,330
7975,7954,73
7975,7955,257
7954,7955,73
7955,7956,330
7956,7944,186
7956,34708,144
7944,7981,68
7944,8322,262
7944,7910,95
7981,7703,60
7981,8458,8
8322,7910,322
8322,35846,14
50858,42618,329
42618,43630,329
43630,43628,329
43628,38389,111
43628,35011,218
34995,8038,419
8038,8099,419
8099,8100,419
8100,8037,419
8037,8217,419
8217,7897,118
8217,7947,233
8217,8457,65
8217,8467,3
9046,10776,1225
9046,10754,791
9046,9553,877
9046,44961,1578
9046,40026,662
9046,11734,304
9046,10747,6
9046,10790,7
9046,50399,91
9046,10757,3
9046,8667,4
34708,34917,361
34917,39711,278
34917,8322,14
34917,7952,8
34917,7944,95
39711,7944,144
39711,8401,134
10096,44961,304
10096,10083,905
10096,9046,299
11293,47451,604
11293,11294,1276
47451,48462,304
47451,11294,1003
47451,11880,1796
35846,7947,263
35846,8467,1612
35846,34995,95
39712,35011,390
39712,43629,114
35011,41680,608
35011,35010,4
41680,35010,608
35010,34987,612
34987,34989,612
34989,50860,600
34989,8468,8
50860,50862,313
11289,11644,294
11289,10664,724
11289,11534,177
11289,11452,24
11644,9919,561
9919,9752,561
9752,9920,561
9920,9916,561
9916,10667,561
10667,10664,294
10667,11237,91
10664,11452,1018
11452,9923,335
11452,10549,341
11452,11534,90
11452,9921,236
11452,10548,40
9923,9924,296
9923,40506,125
9923,11534,24
9924,11639,296
11639,9932,296
9932,9933,296
9933,9934,192
9933,10153,104
9934,9935,402
9935,9936,402
9936,10666,402
10666,40506,192
10666,11534,176
10666,9921,34
40506,40505,493
40505,40504,493
40504,51374,188
40504,9934,176
40504,9937,129
51374,10153,188
51374,9938,176
10153,10154,292
10154,9929,268
10154,9940,24
9929,9941,415
9941,9942,241
9941,9943,174
9942,11536,206
9942,11593,23
11536,11242,206
11242,9046,197
11242,51560,6
11242,10776,49
11242,40026,4
11242,10754,69
11242,9609,8
10754,11632,1055
10754,44419,731
10754,9181,105
10549,10183,341
10183,10551,341
10551,10552,341
10552,10553,341
10553,10668,341
10668,10542,668
10542,10543,668
10543,11598,341
10543,10544,327
11598,11599,341
11599,10535,341
10535,10536,691
10536,10537,691
10537,10672,691
10672,10538,691
10538,10539,691
10539,10540,691
10540,10671,691
10671,10541,691
10541,11534,254
10541,9923,110
10541,10669,327
11534,9922,1067
11534,11237,177
9922,11237,570
9922,11644,267
11237,10163,646
11237,11235,192
10163,11234,201
10163,41137,465
10163,11239,20
10163,10776,121
10163,10021,23
11234,10754,131
11234,11734,1618
11234,9046,305
11234,11289,204
11234,10776,173
11234,11239,12
11234,48500,20
42786,355,1417
355,48478,1600
355,339,426
355,14676,359
48478,367,1600
367,369,1600
369,370,1600
370,373,1555
370,662,45
373,391,998
373,15228,557
391,392,1177
392,386,1177
386,384,1177
384,383,228
384,49939,937
384,14661,18
383,388,367
383,43745,195
388,390,367
390,395,367
395,606,721
606,639,724
639,396,724
396,25438,367
396,389,357
36204,41133,285
7604,21853,242
7604,9043,497
7604,608,38
7604,8612,89
7604,50773,159
21853,26654,208
21853,16289,452
21853,23543,7
21853,22336,12
42157,8368,181
42157,8040,200
42157,8399,46
8368,42698,358
42698,8297,358
8297,35430,181
8297,8369,177
35430,8379,181
8379,42738,181
42738,42737,338
42737,8375,181
42737,8367,157
8375,8374,181
8374,35947,181
35947,8384,181
8384,8385,181
8385,35431,181
35431,35427,181
35427,35432,181
35432,8377,181
8377,8301,181
8301,8296,201
8296,42697,358
42697,8302,358
8302,11530,189
8302,42155,157
8302,8073,12
11530,11616,1027
11530,10243,2
11616,10035,1596
11616,10287,752
11616,10243,12
11616,50622,309
10035,10002,1596
10002,10700,1596
10700,10243,2096
10700,9645,6
10700,10287,1174
10700,10193,7
10243,10117,1343
10243,10409,632
10243,38135,71
10243,8131,2
10117,10111,1343
10111,10113,2363
10113,11726,201
10113,9652,713
10113,9609,124
10113,9914,3
10113,50932,859
10113,11742,15
10113,10193,130
10113,10226,318
41976,41977,903
41977,42013,903
42013,11871,92
42013,42012,811
11871,43996,92
11871,44417,84
43996,42012,92
43996,34169,84
42012,42015,1125
42015,11879,1125
11879,11291,602
11879,8636,145
11879,49737,222
11879,48462,156
26597,26598,157
26597,28327,6
26597,26613,81
26598,26607,157
26607,26613,157
28510,26405,197
26602,26604,159
26614,39133,52
26614,27901,63
26614,27778,44
49419,27974,96
49419,29033,239
27974,27368,653
27974,25968,273
27974,27093,174
27368,27386,96
27368,27989,557
27386,27366,96
27366,29032,335
29032,27994,158
29032,27389,177
27994,27995,354
27995,27389,134
27995,28007,97
27995,26992,62
27995,42445,61
27389,27381,341
27381,27392,341
27392,28650,335
27392,27378,6
28650,27378,96
28650,42165,239
27378,27410,228
27410,27089,222
27410,27373,6
27089,27091,872
27091,27098,872
27098,27100,872
27100,27077,629
27100,25859,4
27077,27094,264
27077,28009,365
27094,25968,100
27094,28614,168
27094,27941,6
25968,25969,394
25968,27371,24
25968,27961,2
25968,25838,4
25968,44018,8
25968,25938,2
25969,27359,96
25969,25970,360
25969,27441,27
27359,50565,96
50565,27982,96
27982,27985,96
27985,27441,96
27441,27986,96
27441,49769,265
27441,25971,27
27986,27079,945
27361,27984,134
27361,25971,795
27361,42170,123
27361,28043,123
27984,27983,134
27983,27360,134
27360,25858,134
25858,25859,499
25858,27941,2
25858,27358,2
25859,27093,134
25859,49419,239
25859,28614,42
25859,41650,87
25859,27358,4
25859,47929,5
27093,27081,316
27081,27099,688
27099,27097,686
27099,28011,2
27097,27092,877
27092,27374,686
27092,27088,191
27374,27409,278
27374,27373,408
27409,27379,282
27379,27380,282
27380,27106,144
27380,27398,138
27106,27391,409
27391,27411,409
27411,27382,409
27382,27388,409
27388,27994,159
27388,26992,203
27388,28007,10
27388,42520,37
28007,28025,144
28025,27990,144
27990,27367,134
27990,27352,4
27367,28614,134
27367,47846,430
27367,49417,126
28614,12221,54
28614,25968,5
28614,37420,6
3761,2101,46
3761,2100,532
2101,3793,804
3793,2102,800
3793,3811,4
2102,3811,800
3811,2127,22
3811,3881,738
3811,3939,16
22150,122,12
22150,23039,385
22150,22161,10
22150,22151,151
22150,35989,9
122,22153,12
22153,23037,12
22153,22154,342
23039,23040,405
23040,23041,405
23041,23042,405
23042,23043,405
23043,23044,405
23044,22162,230
23044,23045,169
11744,11884,1581
11884,11455,1046
11884,49359,365
11884,9623,170
11455,10678,1170
11455,9488,175
11455,9727,94
10678,9727,1167
10678,9726,6
8839,8841,1235
8841,8842,1235
8842,8843,1235
8843,10132,592
8843,9498,635
8663,9443,2160
8663,8851,4
9443,8851,2176
22126,23191,9
22126,22127,7
22126,38390,211
42733,40789,9
42733,35984,7
42733,35990,45
42733,38899,159
41878,22127,220
22127,22128,257
22128,22242,39
22128,22255,218
22242,22124,176
22242,23058,26
22124,22202,336
22202,22204,327
22144,23052,329
22144,22145,531
42001,22140,229
42001,22184,162
23053,41863,392
41863,22146,12
41863,23054,380
22147,22148,543
22147,22149,8
22147,41267,9
22148,22149,543
22149,22151,12
22149,22150,549
23054,22182,258
23054,23074,171
23054,22131,190
23054,24713,35
23033,23034,156
23033,22117,369
22256,21596,3
22256,980,430
22256,15343,112
22256,15367,119
21596,50898,344
21596,47102,218
21596,21633,173
50898,47102,218
50898,16909,38
50898,21633,77
50898,21369,11
47102,16909,139
47102,21633,254
47102,23108,39
47102,47954,4
35984,41866,390
41866,41865,219
41866,23178,12
41866,41767,159
41865,40789,13
41865,41768,184
41865,22127,11
41865,42733,23
23058,23059,26
23058,41381,159
22237,23083,403
22237,22238,189
23083,23153,741
23153,23154,741
23154,22166,390
23154,23034,326
22166,22167,434
22166,23157,217
22169,22170,497
22170,22171,497
22171,22172,497
22172,22174,7
22172,22173,597
22174,22130,553
22174,22175,308
22130,41599,35
22130,23035,157
22130,22164,11
22130,25325,551
41864,23054,19
41864,23051,12
41864,22147,6
22177,22208,167
22177,41336,466
22177,23024,158
22208,23069,175
23069,23070,167
23069,22186,8
23070,23071,7
23070,22205,160
47902,26659,233
26659,26438,1215
26659,28741,5
26659,26679,21
26659,28186,2
26438,26679,518
26438,28186,559
26438,26886,5
26438,28194,179
26679,28571,539
26679,44923,147
28571,26698,442
28571,44923,97
26698,49692,442
49692,28576,442
28576,28206,449
28206,26728,273
28206,28731,134
28206,28801,84
26728,28731,252
26728,12046,9
26728,28728,21
28731,12570,252
28731,25823,134
12570,12301,200
12570,43645,24
12570,25823,28
12301,25823,224
25823,28730,252
25823,12557,134
28730,28729,252
28729,12557,132
28729,50390,24
28729,28728,96
12557,12304,248
12557,12559,134
12304,12305,248
12305,12559,224
12305,37071,24
12559,28286,358
12082,28211,752
12082,29017,10
12296,12298,264
12296,38956,144
29051,12543,594
12250,12251,415
12251,12590,261
12251,38960,6
12251,39639,148
12590,28959,261
12590,49443,12
12590,12742,4
12590,35276,124
28959,12589,260
37050,13246,188
24734,24850,2665
24734,21799,57
16147,25688,328
16147,28638,151
16147,26131,76
16147,28637,150
16147,43373,52
16147,43374,268
25688,25690,282
25688,25689,678
25688,25698,89
25690,25693,282
25690,26027,67
25690,25691,202
25693,25697,246
25693,44027,144
25693,44026,47
25697,25698,959
25697,27794,112
25697,27792,31
25698,25699,969
25698,27792,252
25699,25700,1136
25700,25839,1555
25839,25840,1774
25840,25838,1889
25840,28614,32
25840,27344,489
25840,27358,6
25840,25859,2
25838,28614,1279
25838,49420,376
25838,49392,234
25838,27344,4
37642,13246,225
24167,16006,1584
24167,34085,75
24167,24734,90
24167,51585,63
14599,15723,1081
14599,15794,25
14599,15631,9
15723,15794,1575
15794,15631,235
15794,15591,1340
15794,25360,25
15631,24757,419
15631,15858,1400
24757,24756,541
24757,24640,1065
24757,15715,38
24757,16186,23
24757,22661,7
24757,15887,406
16186,16189,626
16186,43742,5
16186,16188,1013
16186,23217,24
16189,16190,1494
16190,23217,1494
23217,16850,784
23217,34140,760
23217,23193,9
23217,16192,51
23217,24826,4
23217,47871,24
23217,50065,152
16850,23193,1570
16850,22608,92
16850,15558,25
23193,15557,1759
23193,16064,32
23193,22608,10
15557,15558,2331
15558,23307,1837
15558,15559,588
15558,24826,25
23307,48193,341
23307,15436,493
23307,22760,992
23307,22719,2
23307,47871,9
48193,22658,225
48193,16092,128
22658,16092,333
22658,23016,296
16092,16097,495
16092,22034,146
16092,16093,1095
16092,22999,274
16092,16094,10
16097,16098,782
16097,38898,271
16097,34178,7
16097,24315,99
16097,38897,140
16097,16103,20
16097,23532,12
16097,43053,24
16097,9737,2
16098,23532,528
16098,16099,324
16098,24315,176
16098,38930,30
23532,16099,234
23532,39807,294
23532,16103,12
16099,16100,557
16099,22414,9
16099,16102,10
16100,16101,557
16101,16102,557
16102,16163,261
16102,43053,117
16102,16103,189
16163,16103,225
16163,16248,18
16163,16249,18
16103,43053,585
16103,16105,20
43053,16104,449
43053,15657,126
43053,21778,128
43053,25404,12
43053,25704,24
16104,21778,377
16104,25404,96
21778,16105,494
21778,23751,127
21778,27901,11
21778,7562,8
21778,751,2
12119,49421,485
12119,49413,91
12119,26404,6
49421,25949,971
49421,48842,75
49421,26592,35
49421,49368,20
49421,28183,30
25949,25950,1021
25949,28108,24
25950,26592,498
25950,29003,36
25950,25951,206
25950,29004,132
25950,27213,138
25950,44786,11
26592,26591,573
26592,44332,35
26592,49368,139
26591,26587,548
26591,26573,25
26587,26851,507
26587,44312,20
26587,44316,21
26851,12116,528
26851,47872,20
12116,26575,507
12116,48485,21
26575,26573,507
26573,26563,507
26573,39509,21
26573,27792,25
26563,26559,507
26559,25872,495
26559,26552,12
25872,12109,495
12109,25697,414
12109,44147,81
36925,36929,1306
36925,7531,366
36925,7652,289
36925,42126,291
36925,8488,3
36925,7643,5
36929,35588,1257
36929,42126,1829
35588,35587,1257
35587,7543,182
35587,7559,690
35587,35060,361
35587,49800,24
7543,7558,1695
7543,7545,401
7558,7545,1695
7545,7551,882
7545,7625,460
7545,7632,685
7545,7557,5
7545,7553,64
7551,7552,1718
7552,7553,1718
7553,7554,1718
7553,7531,64
7554,34678,967
7554,7550,357
7554,35586,384
34678,34677,5
34678,7572,1446
34677,35586,359
34677,7575,925
34677,7550,10
35586,36928,1511
35586,7532,352
36928,7532,923
36928,8488,419
36928,7531,1446
36928,7529,12
7532,8064,477
7532,49901,1169
7532,8496,3
8064,43882,2193
43882,39522,2180
43882,43880,21
39522,36930,1463
39522,43387,722
36930,7313,1463
7313,35436,1463
35436,7535,1463
7535,7588,990
7535,49848,832
7535,49887,358
7588,8495,1327
7588,7581,62
8495,38908,1324
8495,35048,5
38908,35049,690
38908,50723,284
38908,7587,365
38908,38909,5
35049,35591,2137
35049,35592,10
35591,35435,2137
35435,35047,1808
35435,7523,8
35435,7541,337
35047,7538,363
35047,7541,754
35047,8487,704
7538,7511,1547
7511,7512,1539
7511,41446,8
7512,7651,1560
7651,7504,527
7651,7643,328
7651,7636,344
7651,7652,361
7504,7643,560
7504,7566,973
7504,7529,10
7504,8488,5
7504,36929,5
7643,7501,1661
7501,7644,1661
7644,7645,1661
7645,7509,1661
7509,37713,1117
7509,7508,182
7509,7510,362
37713,7497,528
37713,35053,1059
37713,51588,11
37713,7568,56
7497,35051,533
35051,7496,533
7496,8492,18
8492,7495,502
7495,7494,502
7494,51588,10
7494,35057,492
51588,8470,5
51588,36924,18
51588,7567,5
51588,35057,2
51804,23115,665
51804,22079,140
51804,46520,67
33876,15279,341
33876,43768,141
33876,43769,115
980,16917,315
980,43775,101
980,15367,317
980,16916,334
16917,23106,548
16917,15343,636
16917,16904,138
21627,21628,800
21627,47829,23
21628,49169,465
21628,6,268
21628,49171,46
21628,48133,21
49169,15306,141
49169,38143,99
49169,15372,453
49169,21629,12
15306,15381,228
15306,15298,99
15381,15382,552
15381,15298,475
15382,15288,465
15382,15349,87
15288,15291,910
15291,15301,465
15301,15296,1039
15296,15363,1039
15363,15370,594
15363,15346,436
15363,15347,9
15370,15292,593
15370,15346,87
35592,38909,689
35592,7587,1549
35592,35049,3
38909,7582,1409
38909,51521,5
7582,8496,1084
7582,49848,322
7582,38908,5
7582,8064,64
8496,43386,357
8496,7315,1546
8496,38908,5
8496,39523,337
43386,39523,357
39523,39522,5
39523,43880,2222
43387,7535,725
43387,7315,8
43387,49848,5
43387,49877,3
49848,49887,1159
49887,36925,1195
49887,8064,322
7531,7529,803
7531,8488,424
7531,7643,354
7531,7652,3
7531,7636,232
7531,7638,64
7529,7583,1173
7583,7525,1173
7525,41434,26
7525,7524,1147
7525,7641,3
41434,41432,41
41432,41430,41
41430,41436,36
41436,7638,14
41436,8491,19
7638,7519,518
7638,7569,1025
7638,7518,4
7638,7570,64
7519,7518,1247
7518,7639,1262
7518,7566,2
7639,7640,1262
7640,7523,1264
7640,38908,3
7523,35056,1272
35056,7641,1258
35056,41434,9
22212,22214,333
22214,22213,16
22214,23580,291
22214,23175,22
23029,23030,474
23030,23031,474
23157,22174,225
22175,23179,8
22175,22176,300
23179,22208,8
22186,22187,174
22187,23024,174
23024,22188,12
23024,22189,320
23024,23025,151
42968,22137,8
42968,24713,4
42968,22136,166
23045,23073,11
23045,121,9
23045,23046,324
22255,42732,368
22255,38899,3
22255,41345,6
22255,35984,2
42732,22216,2
42732,35984,4
42732,41767,362
41345,35984,19
41345,41865,12
22184,22185,166
22185,22186,166
22252,23027,524
22252,22165,10
22252,22164,561
22252,23035,160
22252,25325,153
22252,22241,4
23027,23028,677
23027,22174,147
23028,23029,466
23028,22192,211
23028,22190,35
22117,22236,699
22236,22118,699
22118,22119,535
22118,23165,164
36093,35973,22
36093,36092,371
35973,41267,22
35973,36095,162
35973,22144,529
35973,23050,25
41267,22149,10
41267,41266,6
41267,23050,12
41267,22144,3
22165,22117,10
22165,40735,475
22165,22166,97
22248,22200,22
35990,38899,10
35990,35984,12
35990,22203,5
35990,23170,18
38899,35984,343
22215,22216,167
23156,23167,14
23167,22204,14
23063,23064,168
23064,23065,168
23065,23067,161
23065,22197,7
22173,22174,482
22173,22130,33
48341,14108,1123
14108,14113,269
14108,14111,704
14108,14093,150
14113,14127,775
14127,14131,775
14131,14128,775
14128,13052,563
14128,42469,44
14128,14124,108
14128,14351,60
13051,14104,665
13051,13126,67
13051,13118,253
13763,13761,800
13761,13212,800
50480,13103,1216
24154,24077,922
24154,24153,814
24077,24072,922
24077,21871,204
24072,24061,1412
24072,24137,138
24061,24058,1412
24061,24060,64
24058,23980,1062
24058,24057,600
24058,23081,350
23980,22102,1062
22102,23978,1062
23978,23976,1062
23976,23666,419
23976,24095,643
23666,51389,567
51389,21540,567
21540,21353,567
21353,24094,567
24094,24093,904
24094,24092,556
24094,23745,150
11632,10587,1974
10587,9574,1234
10587,10519,13
10587,10588,736
9574,10519,2048
9574,11511,1086
9574,10681,887
10519,50373,1409
10519,9820,1985
50373,50372,1409
50372,9430,1409
9430,9431,1704
9431,9422,392
9431,9413,686
9431,9414,626
9422,9419,392
9422,9605,3
9419,9417,392
9419,9696,3
9417,9696,392
9417,51370,301
9696,9605,392
9696,11698,3
9605,9604,744
9604,9405,395
9604,9620,349
11624,9646,677
11624,9419,3
11624,9585,5
9646,9585,392
9646,11698,285
9585,9437,397
9585,9438,297
9437,9384,1036
9437,9684,1043
9384,9385,2355
9385,9378,745
9385,9584,1602
9385,34239,8
9378,9380,745
9380,9379,745
9379,9630,745
9630,11838,392
9630,10499,353
11838,9628,392
9628,9629,392
9629,10274,392
8750,10759,1132
8750,10319,711
8750,42318,7
8750,7444,75
8750,11725,63
8750,10357,128
8750,43224,523
8750,34772,33
8750,10472,823
8750,8935,477
8750,10473,8
8750,46254,177
8750,8751,607
10759,46254,1427
10759,10176,989
10759,10381,56
46254,10357,2442
46254,11814,674
11554,10438,923
10438,10439,923
10439,10440,923
10440,10441,923
10441,10442,729
10441,10509,194
10442,10443,729
10443,10101,1140
10101,9738,1369
10101,9566,1102
10101,8728,11
10101,8965,477
10101,11269,34
10101,8966,497
9966,9335,856
9335,9336,856
9336,11719,856
11719,9313,856
9313,9314,844
9313,9539,12
9314,9539,844
10062,9595,666
10062,9809,646
9595,10484,898
9595,9596,251
9595,10499,22
10484,10499,549
10484,49722,5
10484,8988,320
10484,10727,24
10499,10500,924
10500,10501,924
10501,11612,230
10501,10458,694
11612,51942,1062
11612,11613,1259
11612,9456,8
51942,10467,1062
10467,10477,745
10467,8938,317
10477,10465,2236
10465,11715,2198
10465,11562,38
10465,10455,2
11715,11562,2343
11715,10145,50
11715,11441,247
11562,10497,1277
11562,9064,652
11562,9063,452
11562,8731,31
11562,8732,14
11562,8752,177
11562,10426,4
11562,47098,93
10497,10689,905
10497,43854,377
10689,10531,1119
10689,10426,898
10531,10427,1410
10427,10345,1119
10427,10726,291
10345,10346,1119
10346,11689,1119
11689,10349,1119
10349,11728,1119
11728,11729,1119
11729,10556,244
11729,10610,875
10556,10690,225
10556,11496,19
10690,11505,225
11505,42474,225
42474,10353,225
10353,11496,1584
11496,10426,244
11496,11477,1344
11496,10691,10
11496,10452,5
10426,10530,1145
10426,10524,4
10530,10524,1145
10524,10526,1149
10526,11614,1149
11614,10527,230
11614,11448,907
38838,10238,251
10238,10149,1984
10238,10150,7
10149,10239,1984
10239,10150,1972
10239,10241,12
10150,10241,1979
10241,10404,381
10241,10700,1616
10404,10127,454
10127,10410,454
10410,10053,381
10053,10658,1642
10658,10036,1642
10036,11616,1140
10036,38589,502
9652,9644,3012
9483,9481,1555
9481,9433,2329
9481,8740,24
9481,9435,14
9433,10237,4675
10237,10628,3420
10237,10746,1672
10237,9468,1011
10628,10492,3410
10628,10521,10
10492,11793,1089
10492,10519,659
10492,11511,1668
50937,51564,2152
43931,9424,808
9824,9825,1823
9825,9408,1823
9408,9601,251
9408,9394,937
9408,38123,3
9408,51002,632
9601,10010,251
10010,38123,251
38123,9693,886
9693,9376,886
9376,9372,251
9376,9585,3
9376,9373,632
9372,10779,1511
10779,9808,536
10779,10274,162
10779,9552,5
10779,35848,808
9596,9597,253
9597,8988,251
9597,9368,2
8988,10451,251
8988,49722,247
8988,10727,73
49359,9663,796
9663,9635,812
9635,9481,812
10746,9469,2380
9469,11637,2380
9469,10446,5
9469,9589,5
11637,49784,1704
11637,9473,11
11637,9445,663
11637,10789,5
11637,11574,2
49784,11574,1129
49784,10747,575
10446,11724,2116
10446,10101,226
10446,13320,12
10446,11497,12
10446,8965,15
10446,9782,2
10446,41133,93
10446,11289,26
11724,11497,2116
11497,10101,2124
11497,11917,216
11497,8728,4
37264,11600,423
48141,2356,230
48141,1296,42
6998,20856,422
6998,18821,476
6998,19702,5
20856,19845,416
20856,19523,14
19845,42198,145
19845,20688,313
19845,20269,18
42198,34159,145
34156,20194,642
34156,6720,180
34156,20195,277
20194,6720,303
20194,19767,18
20194,38358,384
18823,19581,836
18823,18825,132
19581,18834,802
19581,18040,19
19581,4179,25
19581,41638,46
19581,41797,17
19581,17993,2
19581,41796,34
18834,20090,802
18834,7076,17
20090,40985,327
20090,18835,18
20090,41785,180
20090,7093,294
40985,18835,327
18835,18858,601
18858,18859,601
18859,20485,88
18859,6564,31
18859,18860,115
18859,17922,115
18859,5821,201
18859,6538,52
20485,41785,88
20485,4179,59
20485,41672,40
41785,4179,268
41785,18121,246
41785,18177,38
4179,18177,346
4179,18169,4
4179,21286,180
4179,18876,2
18177,21286,363
18177,19381,130
18177,18861,25
21286,18236,631
21286,51777,208
21286,41592,6
21286,41593,10
18236,18251,337
18236,18258,4
18236,7057,294
18236,18861,180
18236,18249,40
18251,18258,451
18258,5929,383
18258,19818,72
5929,19818,383
19818,18861,215
19818,18268,229
19818,18876,7
18861,21283,491
18861,18876,38
18861,7109,17
21283,18876,140
21283,17972,368
18342,18531,171
18342,18544,6
18531,35332,332
18531,18489,7
18531,6195,2
18531,6057,110
22315,21851,120
22315,23221,517
22315,39797,34
21851,49731,220
21851,22319,497
21851,9046,250
21851,8603,153
21851,10894,38
21851,41663,28
21851,11051,13
21851,10236,10
21851,80,1
49731,11292,1348
42299,48481,306
43905,8131,310
43905,7780,221
43905,9118,2
43905,9113,48
43905,35605,22
8419,8324,519
8419,8131,26
36363,13246,58
36363,13322,16
36363,26710,2
36363,13004,2
34014,16011,58
34014,16010,6
16011,16013,86
16013,16014,137
16014,21847,125
16014,34016,12
21847,16016,75
21847,16015,50
16016,16019,58
16016,16018,8
16016,16017,59
25364,16022,58
25364,16021,459
16022,16024,58
16022,16023,46
16022,35722,140
16022,15782,32
16024,23208,58
16024,40661,20
16024,16025,26
23208,21908,58
23208,35566,157
23208,16147,64
21908,16147,58
25689,25690,269
25689,27794,272
25689,25715,31
25689,25697,106
26027,25691,67
25691,26912,58
25691,25693,147
25691,44026,56
25691,43368,8
26912,28514,58
28514,26552,58
26552,27786,58
26552,27911,12
27786,27633,79
27786,44551,18
27633,27638,79
27633,28832,18
27638,27645,127
27638,51383,21
27645,27665,127
27665,27666,148
27666,27581,91
27666,51119,79
27581,28347,150
27581,27583,328
27581,27580,383
28347,28349,568
28349,51495,91
28349,11975,228
28349,39549,249
51495,26538,237
51495,11978,22
26538,11978,961
11978,11986,330
11978,39561,653
11978,28347,190
11986,27656,330
11986,27664,83
11986,27584,179
11986,39567,89
27656,27661,576
27656,28639,41
27656,42660,20
27661,27678,112
27661,27871,451
27661,27868,168
27678,27723,171
27678,28627,18
27723,27738,189
27738,27746,189
27746,27889,171
27746,27907,18
27889,27892,112
27889,27747,59
27892,27893,112
27892,39448,20
27893,26520,112
26520,50482,140
26520,27858,12
50482,27858,120
50482,39444,20
27858,26852,132
26852,27861,229
26852,41645,20
27861,27860,152
27861,27841,97
27860,27220,212
27860,27842,188
27860,26434,57
27220,27225,350
27220,28592,510
27220,28588,374
27225,27238,672
27238,26536,672
26536,27237,660
26536,48300,12
27237,27230,330
27237,29221,352
27570,27565,416
27570,28864,110
27565,27567,140
27565,28864,276
27864,27863,287
27864,26547,73
27864,27881,22
27864,27844,65
27864,27654,68
27864,27849,20
27863,27881,287
27881,27844,293
27881,39583,16
27844,27917,276
27844,27654,65
27844,26547,17
27917,26547,276
26547,27845,293
26547,27849,73
27845,27849,242
27845,27654,67
27846,27852,612
27852,27854,585
27852,26409,92
27854,27873,635
27854,27714,49
27817,44197,125
27817,11970,236
27817,50185,251
27817,27814,75
27815,11966,1127
27815,42161,67
11966,27819,1135
27819,28512,1135
27831,11969,1135
11969,27605,649
11969,44200,653
11969,26648,8
11969,25647,59
26648,27918,158
26648,25826,8
26648,50687,183
9442,9566,1043
9442,8966,355
9442,10444,475
11605,11568,198
11605,11628,993
11605,9343,156
11568,9627,411
9627,8755,1034
9627,9351,194
9476,9480,205
9476,48447,4
9480,11770,507
11770,11771,1633
11771,9434,205
11771,10237,1428
10137,11867,502
11867,10138,502
10138,11869,495
10138,8646,7
11869,10750,301
11869,10742,220
11869,9445,2
11869,10784,6
10750,10745,309
10750,10742,28
10682,9480,291
10682,10786,8
10682,9479,10
9554,9424,297
9420,9416,598
9416,9904,598
9545,11847,591
9545,9694,301
11847,11844,665
11847,10773,202
11507,9899,294
11507,9903,1236
9899,9900,593
9900,10767,291
9900,9339,3
9900,9824,299
10767,9966,291
10767,10632,87
10767,10446,442
9478,11739,543
9478,8743,653
11739,9639,543
11739,11741,337
9639,49351,533
9639,11455,10
49351,11455,201
49351,11649,332
35968,22212,3
35968,23171,22
23580,23178,3
23580,22243,12
23580,22213,276
23178,22112,15
22112,22222,15
22222,22216,15
23184,22223,3
22223,22224,15
22224,22114,15
22114,22115,15
22115,22219,3
22115,22212,12
41266,36095,6
36095,36096,735
36096,36094,3
36096,40790,350
36096,35972,382
36094,6499,382
15380,49171,174
15380,15364,563
15380,15372,41
15380,47829,110
15380,49170,54
15380,22072,87
49171,21629,590
49171,22072,86
21629,15326,731
21629,22087,317
15326,15342,448
15326,23126,42
15326,16901,241
15342,22256,661
15342,15367,12
15343,15344,748
15344,15345,748
15345,15348,748
15348,15278,374
15348,15210,374
15278,22075,492
15278,23122,106
15364,15311,563
15311,15312,563
15312,15314,543
15312,15317,20
15314,38393,124
15314,22070,440
42876,13214,504
42876,21799,34
42876,13320,71
42876,38945,10
42876,13354,4
15315,15313,811
15315,15317,21
15313,15366,820
15366,15365,799
15365,15381,799
15298,15301,574
15346,15347,337
15346,23773,186
15347,15288,445
15347,15380,87
7969,8456,49
7969,49183,95
36009,16942,92
36009,16941,53
16942,1243,128
16942,16943,376
1243,35083,43
1243,1261,85
1243,17223,27
1243,38780,32
1243,1476,80
35083,36077,267
35083,3872,12
36077,1310,269
36077,3865,3
1310,1311,408
1310,35085,261
1311,1313,474
1313,1334,480
1334,1358,439
1334,17269,30
1334,1340,5
1334,2872,6
1358,3832,275
1358,1688,449
1358,18829,11
1358,50064,9
1358,36914,6
1358,19581,4
3832,36914,43
3832,50064,371
36914,1690,141
36914,3834,7
2872,1395,143
2872,38925,4
2872,1639,6
1395,1396,159
1396,17269,87
1396,1358,39
1396,37235,5
1396,1340,45
2904,16958,141
2904,17223,7
2904,1260,180
2904,38780,34
16958,17223,147
16958,1260,98
33910,25250,640
25250,25247,640
25247,25254,640
25247,25249,232
25247,46513,267
25254,16687,901
25254,16423,232
16687,16688,901
16688,16482,317
16688,16478,584
16482,16151,317
16482,16230,417
16482,24273,68
16151,16150,317
16150,25231,317
25231,16152,317
16152,16396,317
16396,16394,588
16394,16392,588
16392,16307,317
16392,15697,165
16392,16180,106
16307,15806,549
44160,16205,316
16205,16202,3513
16205,25278,1559
16205,24336,22
16205,16454,120
16205,24296,46
16205,22099,99
16204,23270,914
16305,16180,569
16305,15697,122
16180,16277,1502
16180,25207,67
16277,16182,1502
16182,16404,711
16182,25207,791
16404,16406,1006
16406,16407,711
16406,15802,295
16407,15802,711
15802,16403,1392
15802,16349,8
16403,16282,1575
16403,15834,84
16282,16283,1395
16282,16215,381
16282,16286,15
16283,16286,552
16283,16215,967
16286,16280,920
16280,25293,858
16280,16284,62
25293,25295,858
25295,16399,858
16399,16398,858
16398,16402,858
16402,25268,254
16402,23343,127
16402,16373,477
25268,25269,714
25269,25270,714
25270,25272,835
25272,16313,835
16313,16314,835
16314,23346,835
23346,16401,400
23346,16373,435
16401,16400,845
16400,25294,845
25294,25296,845
25296,16285,845
16285,16363,559
16285,16281,15
16285,44367,337
16363,16281,1446
16363,25267,42
16363,44367,108
16363,23380,70
16281,25267,1693
16281,15834,121
25267,15803,1364
25267,46425,261
25267,24318,110
15803,15522,1083
15803,43983,413
15522,16405,1064
15522,43983,15
15522,16416,4
16405,16278,765
16405,25207,299
16278,16181,1551
16278,16279,70
16181,16279,1461
16181,25261,90
16279,15806,613
16279,15697,918
50586,9048,36
50586,10775,35
50586,10236,82
9048,22234,36
9048,41133,1769
9048,11593,176
9048,161,12
9048,42405,15
9048,41137,255
9048,17303,3
9048,4936,6
9048,11235,319
9048,10163,21
9048,11289,130
9048,49229,4
9048,15884,70
9048,42845,92
9048,44887,256
9048,28114,12
9048,11080,575
9048,11119,231
9048,29342,177
9048,12408,3
9048,10095,299
9048,16289,268
9048,23543,7
311,327,838
327,330,865
330,38118,43
330,49932,357
330,359,20
330,331,445
330,532,16
38118,362,801
38118,662,6
38118,532,3
38118,356,161
38118,365,6
362,365,835
362,363,231
365,532,837
365,379,6
532,534,919
532,662,19
534,662,36
534,379,381
534,555,34
534,536,468
662,708,441
662,15228,44
662,359,5
662,2945,2
662,540,6
662,376,19
708,14653,722
708,14661,53
14653,381,1386
14653,385,8
14653,383,334
381,385,1592
381,15228,6
385,724,1586
385,662,14
724,14661,44
724,662,40
724,15228,398
724,374,990
14661,43745,1052
50378,16287,491
50378,16237,238
16287,50554,670
16287,23294,234
50554,43689,670
43689,643,678
43689,644,12
643,644,880
643,42892,407
644,16386,818
644,40532,68
644,24284,12
16386,25215,1130
16386,43980,126
25215,25288,823
25215,50207,299
25215,23319,8
25288,16686,1232
16686,16293,1174
16686,16870,452
16293,23295,1179
16293,16115,112
23295,24284,385
23295,43595,394
23295,40534,283
23295,16292,117
48188,25553,70
48188,43422,36
48188,25540,55
48914,15412,223
48914,25561,87
48914,27399,23
48914,28638,144
48914,16876,26
48914,28799,150
15412,15440,70
15412,15465,161
15412,16234,62
15440,15441,158
15441,15442,158
15442,15443,158
15443,15444,158
15444,15648,70
15444,15445,88
15648,15467,70
15467,15468,231
15468,15448,231
15448,15470,28
15448,49984,291
15470,15652,28
15652,15471,28
15471,15472,28
15472,15449,28
15449,15450,319
15450,15600,183
15450,15452,136
15600,15601,183
15601,15649,70
15601,25675,22
15601,51808,36
15601,28977,55
15649,16120,100
16120,16121,230
16120,15452,13
16121,16122,230
16122,16238,152
16122,16123,78
16238,15453,70
16238,15455,52
16238,16128,30
15453,15454,70
15454,15455,70
15455,15456,70
15455,16129,13
15455,16125,12
15455,15653,140
15456,15651,70
15651,15653,148
15653,15654,218
43290,42865,639
42865,29323,867
29323,29337,647
29323,29507,220
29337,13442,647
13477,13481,419
13477,14319,348
49925,49927,419
49925,13547,505
49927,49950,783
49950,13559,783
13559,13141,783
13141,48709,399
13141,13589,20
13141,13590,364
48709,12858,774
13736,13737,419
13737,13753,419
13753,13754,419
13754,13941,419
13941,13944,419
36516,13321,394
51641,13237,1997
51641,14339,22
13237,14339,2095
13237,37528,14
14339,37528,2437
14339,13916,66
13926,13330,2273
13926,13939,254
13330,13140,2451
13330,13333,109
13333,13207,1622
13333,13290,109
13290,13985,4027
13290,13036,783
13290,12898,52
13290,14054,328
14054,12898,3278
14054,13182,1053
14054,38939,440
14054,14053,8
15639,47843,930
15639,16205,3472
15639,51776,55
15639,44251,14
15639,43783,159
25350,40528,1172
40528,25280,858
40528,16689,314
25280,16689,1048
25280,48278,108
16689,16292,415
16689,40533,508
16689,40534,447
16689,16387,13
16387,16168,820
16387,43328,10
16387,50229,13
16168,50551,572
16168,43978,700
16168,50229,14
50551,49957,572
50551,50229,110
49957,37415,572
37646,13268,228
13265,13806,228
13265,12831,530
13265,12983,102
51811,43748,1069
43748,13877,591
43748,13833,478
13877,13887,591
13887,13891,290
13887,13885,301
13659,13682,693
13659,13683,345
13682,13685,832
13685,13692,1551
13692,13708,1367
13692,45039,139
13692,12881,45
13708,13707,648
13708,43652,599
13708,13712,384
13231,13046,891
13046,13906,891
49715,13647,1142
13647,13821,577
13647,13822,565
13821,13814,559
13821,13813,18
13814,13820,737
13820,12844,737
13883,13878,559
13878,13879,682
12816,12837,2164
48265,24468,29
48265,25092,496
50379,23259,563
50379,16287,397
23259,44370,815
23259,15594,797
23259,24279,6
15697,16419,1462
15697,15796,436
16419,16417,2096
16417,16315,982
16417,16318,358
16417,16299,760
16315,16199,817
16315,42852,188
13035,38940,569
13731,13720,563
13731,13722,42
13731,14544,175
13671,13685,719
13721,13732,599
13721,13724,611
13732,12918,761
25100,37415,1294
25100,24786,21
25100,43324,356
49984,15449,291
1766,35263,277
35263,18804,5
35263,5552,50
35263,35264,404
18804,20314,135
18804,49485,161
18804,19556,9
18804,19879,14
18804,39029,91
18804,35246,91
20314,20315,16
20314,49514,445
20315,20316,12
20315,47287,445
20315,50147,4
20316,50147,5
20316,20321,527
20316,20123,16
50147,5551,5
50147,47447,173
50147,20488,154
50147,19550,22
50147,47407,91
5551,20488,99
20488,20841,136
20488,39024,2
20488,20720,28
20488,49602,91
20841,19553,468
20841,19555,91
19553,19549,5
19553,20340,98
19553,19555,327
19553,19879,125
19553,4175,4
19549,19550,5
19549,20121,395
19550,19551,579
19550,5601,3
19551,35253,187
19551,35245,444
19551,5601,53
35253,5541,96
35253,41731,92
5541,5542,7
5541,47433,182
5542,35255,189
35255,35256,189
35256,35257,96
35256,19545,2
35256,35244,91
35257,46881,91
35613,8456,689
35613,8457,596
35613,9046,143
48447,9498,309
48447,8844,4
47827,17579,268
47827,17613,2
47827,20534,124
17579,17571,421
17571,17558,421
17558,17550,421
17550,17542,588
17542,17569,425
17542,17539,163
17569,17581,381
17569,6411,316
17569,17611,4
17581,17574,407
17574,17567,270
17574,20070,24
17574,7191,113
17567,20854,270
20854,19570,270
20854,3802,1
19570,20490,270
19570,38756,16
20490,19847,270
20490,38759,16
19847,39144,204
19847,39147,82
39144,20848,472
20848,20438,588
20848,19703,6
20438,19703,588
19703,42652,311
19703,19532,220
19703,42238,63
42652,42193,305
42652,6718,6
42193,6718,856
42193,20737,432
6718,20534,1081
20534,4168,707
20534,6746,4
20534,6742,177
20534,2047,4
20534,19524,18
20534,20380,266
20534,2358,124
20534,6107,234
4168,19524,404
4168,6742,424
19524,20267,422
20267,20713,422
20713,19843,218
20713,19842,38
20713,42209,59
19843,20855,376
19843,19710,20
20855,19710,289
20855,19711,6
20855,38553,209
19710,19711,382
19711,19707,388
19707,19708,374
19707,17457,11
19707,2661,3
19708,19832,374
19832,2661,374
2661,2373,498
2373,2660,498
2373,2358,181
2373,3403,186
2358,1461,1134
2358,2359,305
2358,3009,146
51258,2356,16
51258,17505,25
51258,3937,12
51258,3521,16
35500,22430,1019
35500,23973,2
22430,23973,257
22430,23972,937
23747,22519,565
23747,24096,643
23747,22520,356
22519,21549,565
21549,21361,565
21361,21389,407
21361,24095,158
21389,23977,1050
21389,23979,18
23977,23979,1050
23979,22103,1068
22103,24783,1068
24783,24059,1344
24783,24060,545
24783,15699,96
24059,24071,1344
24059,24069,34
24071,21528,1482
21528,24076,874
21528,21871,608
24076,21552,874
24076,44900,186
21552,24142,257
21552,24155,1151
29310,13322,1776
29310,12945,97
29310,13004,19
13154,13181,3053
14129,14130,702
14130,14114,702
14114,14112,702
14112,29377,689
14112,12974,13
29377,14109,934
29377,29371,41
29377,14093,101
29377,13183,105
14109,48341,1092
8669,10109,1168
8669,41244,277
8669,8676,825
10109,8671,3442
8671,8672,3442
8672,8673,2031
8672,8668,1406
8672,11636,5
7562,36927,799
7562,7543,574
7562,35060,294
7562,49800,175
7562,7567,93
36927,7567,650
36927,35060,34
36927,7543,131
7567,35589,1289
35589,36928,1289
8488,7636,805
8488,7647,605
8488,7652,14
7636,7514,1556
7514,7515,1524
7514,41429,32
7515,7638,1533
7515,41437,21
7515,7524,2
7569,7570,1674
7569,41439,6
7570,7538,668
7570,8063,699
7570,8487,10
7570,7508,310
7570,37713,3
7570,7587,64
13252,13274,1845
13252,24202,82
7572,35061,1459
7572,7555,3
35061,7573,1456
35061,7571,5
7573,7574,1456
7574,7556,1456
7556,7632,634
7556,7557,468
7556,7551,354
7632,7633,1780
7633,7549,1780
7549,7579,1780
7579,35586,1432
7579,7575,348
20000,4388,202
20000,4387,35
4388,7156,199
4388,20717,26
7156,20222,197
7156,7175,2
20222,20202,45
20222,20204,152
20202,20624,47
20624,20300,43
20624,4311,4
20300,20019,54
20300,20020,2
20019,20017,52
20019,19954,17
20017,20217,65
20217,44967,52
20217,19932,13
44967,19932,24
44967,19933,28
19932,20709,121
19932,20078,2
20709,20710,121
20710,46769,75
20710,20078,46
46769,20078,75
20078,20075,123
20075,20076,123
20076,18948,123
18948,18945,123
18945,18938,141
18938,18939,161
18938,6341,2
18939,6341,161
6341,5662,187
6341,5280,56
5662,5663,435
5662,5664,22
5663,5664,417
5663,20037,18
5664,5665,460
5665,5666,440
5665,43125,18
5665,6353,2
5666,19802,397
5666,5668,17
5666,5301,42
5666,6353,2
19802,5668,352
19802,5301,46
19802,5302,3
5668,5773,325
5668,5671,75
5668,5672,22
5773,5772,325
5772,5285,313
5772,5671,12
5285,5671,721
5671,5672,733
5671,5771,73
5671,5673,2
5672,5771,558
5672,5355,197
5771,5673,631
5673,6059,533
5673,5717,71
5673,39052,616
5673,5312,845
5673,5217,163
5673,51578,12
6059,51579,96
6059,47859,101
6059,47984,2
6059,5373,2
6059,5267,12
13795,13792,389
13792,13082,389
13768,13781,808
13781,13779,590
13781,44257,218
13779,13783,590
13783,13775,590
13775,12992,326
13775,13773,264
13775,12915,161
12992,13625,326
12992,12993,504
13625,13620,326
13620,13623,326
13623,13132,326
13132,13618,326
13132,13622,486
13132,13138,1135
47432,13295,920
47432,13042,284
47432,12952,392
29634,13488,571
29634,14319,238
41666,13321,263
13978,29428,282
16790,16791,1205
16791,42894,399
16791,16792,707
16791,16794,99
42894,41020,476
42894,50225,261
42894,16221,118
48918,37528,394
48918,13725,117
5217,39983,24
5217,5218,443
5217,5222,3
39983,5222,259
39983,5250,44
5222,5223,262
5223,5224,245
5223,5249,17
5224,5225,245
5224,5245,17
5225,5226,237
5225,4305,8
5226,4305,19
5226,5227,218
4305,4304,16
4305,4302,11
4304,4302,16
4302,4299,16
4302,4298,11
4299,4298,16
4298,4314,24
4298,4312,3
4314,50588,36
50588,4317,16
50588,4319,20
4317,34259,38
34259,34257,38
34257,19827,38
19827,4401,103
19827,19829,8
4401,19829,96
4401,4402,7
19829,20255,132
20255,51704,143
20255,20322,19
20255,51687,2
20255,20000,9
20255,20532,3
51704,20322,60
51704,20532,81
51704,20000,2
4706,4930,2
4706,5097,1486
4706,4862,54
4706,17999,34
4930,4927,456
4930,41722,154
4927,4906,2
4927,4542,175
4927,4936,54
4927,4540,225
4906,4905,202
4905,4904,202
4904,4577,14
4904,4593,188
4577,19693,414
4577,5093,217
19693,5094,639
5094,5067,219
5094,4937,412
5094,4542,16
5094,4936,225
5067,5023,448
5023,4581,448
4581,5022,6
4581,46348,442
5022,5021,448
5021,4664,231
5021,4936,217
4664,4552,227
4664,19689,415
4664,41721,217
4552,4557,241
4557,4556,241
4556,4553,241
4553,4551,241
4551,41943,16
4551,43351,225
41943,4974,16
4974,20781,190
4974,41942,14
4974,4976,279
20781,41942,188
48295,29350,212
36512,9048,213
36512,8667,253
21588,21589,1633
21588,29342,294
21588,24468,267
21588,12962,10
50534,24468,229
50534,29350,73
50534,16489,40
41053,25376,30
25376,24533,423
25376,24534,206
25376,44415,65
24533,24534,423
24534,24535,471
24534,21948,142
24534,24562,12
24534,1020,4
24535,1020,18
24535,24536,584
24535,25265,6
24535,44416,64
24535,24537,13
24535,51586,135
24535,16650,400
1020,22750,10
1020,24563,4
1020,24569,8
1020,1021,3
22750,24590,13
24590,24591,13
24590,24509,3
24591,24593,81
24593,24594,84
24594,24595,87
24595,24564,75
24595,24555,12
24564,24565,224
24564,16862,12
24565,24566,159
24565,40671,65
24566,24567,159
24567,24568,14
24567,37520,145
24568,24569,159
24569,24570,167
24570,24571,167
24571,24542,167
24542,24543,306
24542,24544,4
24543,24544,309
24544,24545,313
24545,24546,312
24545,24547,4
24546,1027,10
24546,24548,3
24546,24547,299
1027,1026,160
1026,24573,91
1026,44838,134
24573,24574,230
24574,24502,238
24502,16650,129
24502,24538,85
24502,24503,16
24502,24597,8
16650,24597,14
16650,24538,1062
16650,41132,20
16650,48608,12
24597,22631,6
14497,13151,839
14497,14023,538
14497,13339,182
14497,13911,148
14497,22235,12
14497,29350,24
14057,12898,701
14057,14347,1122
14057,12901,10
14057,14076,535
14057,29355,5
14057,13227,26
25278,25279,1285
25278,16303,639
25278,16454,69
25278,43830,32
25279,25276,1375
25276,16177,1044
25276,16764,331
16177,16176,796
16177,33971,354
16176,16173,1063
16173,16317,244
16173,16319,819
16317,16418,374
16317,16315,23
25207,16297,667
25207,25208,423
25207,25240,67
16297,25240,697
25240,25246,543
25240,16330,124
25240,16329,30
25240,16332,67
25246,701,524
25246,40529,531
701,37415,361
701,23294,858
701,43328,250
701,43258,30
16237,43596,1305
16237,701,117
43596,25210,533
43596,16330,440
43596,16329,332
25210,16298,663
25210,16278,70
16298,16278,342
16298,16404,295
16298,25208,26
16318,16174,238
16318,16319,140
14038,14037,1094
14038,48268,184
14038,13274,322
14037,14034,1094
14034,14032,321
14034,14031,552
14034,14042,226
25091,12884,2158
25091,13188,6
25091,48290,44
25091,12815,80
25091,29350,52
13263,12830,1539
13263,13804,547
13263,13810,398
12830,12885,1436
12830,13200,214
12830,13173,34
12982,13644,325
12982,13822,24
12982,12847,779
12982,12875,16
13786,13774,1845
13774,12915,1407
13774,13777,259
13774,12992,179
12915,13132,1621
12915,44256,212
13622,13618,486
13605,13246,409
13605,13438,319
13605,29318,218
21938,24058,600
21938,24059,34
24057,33940,956
24057,24053,91
24057,13429,100
33940,24053,686
33940,970,623
16912,16914,511
48198,17623,117
48198,17613,24
17623,17634,452
17623,17710,53
17623,47947,281
17623,17633,230
17634,17724,15
17634,17710,437
17724,17735,655
17735,17738,633
17735,17756,17
17735,40756,18
17738,19588,106
17738,17761,342
17738,17756,40
17738,49031,163
19588,6575,106
19588,6505,6
6575,6505,50
6575,17758,56
6505,17764,83
6505,42142,29
17764,42903,9
17764,17770,103
42903,37026,15
37026,37025,31
37025,37027,31
37027,50871,15
37027,17771,10
37027,17770,6
35554,37172,26
35554,6735,3
2104,2105,18
2104,17322,124
2105,2084,28
2105,2090,104
1898,1897,261
1897,1890,261
1890,3643,252
1890,1887,9
3643,3640,252
3640,3641,252
3641,1887,252
1887,3642,261
3642,1888,261
1888,1895,261
1895,3644,252
1895,1896,9
3644,1896,252
1896,3645,252
1896,2424,9
3645,2424,252
2424,3646,252
2424,2576,9
3646,2576,252
2576,3435,252
2576,2526,9
3435,3647,252
3647,3436,252
3436,1899,6
3436,1894,246
2852,3444,207
3444,2854,207
2854,3113,14
2854,3224,193
3113,2726,211
2726,2727,211
2727,1899,6
2727,2858,14
2727,1911,187
2727,1901,4
3374,1964,154
1964,3359,306
3359,2695,6
3359,1983,148
3359,3758,152
3827,2851,180
2851,1969,694
1969,1968,542
1969,3384,152
1968,2430,542
2430,36922,6
2430,1973,536
1992,2605,520
2605,2851,514
1870,1891,24
1870,2559,101
1891,1902,107
1891,17276,8
1891,2858,12
1891,1911,6
1902,1913,107
1913,1960,6
1913,1956,101
1913,2108,6
35649,2262,912
2262,17476,561
2262,2259,351
17476,51770,204
17476,16987,357
51770,3706,204
3706,2250,567
2250,2880,204
2250,2243,363
43301,23259,124
40533,16386,438
40533,16168,70
16870,43593,452
12326,29007,165
12326,28617,57
12326,28111,55
29007,25753,33
29007,29005,132
25753,27215,229
27215,25755,989
25755,49563,232
25755,49414,209
25755,25704,561
49563,25864,366
49563,12120,199
49563,15420,26
49563,25404,51
49563,28106,20
26638,15904,59
26638,15486,119
26638,15096,338
26638,26632,12
26638,25404,85
26638,15989,71
26638,39804,28
15486,23223,549
15486,38111,111
15486,23534,69
38111,25404,217
38111,15418,534
38111,21778,2
25404,23534,462
25404,16040,125
25404,23208,4
33969,34181,346
33969,50801,137
33969,50802,6
33969,78,31
34181,78,367
78,22299,102
78,34022,294
78,21673,41
22299,23529,122
22299,22765,382
23529,23530,122
23530,23531,122
23531,22264,224
23531,23196,7
23531,21690,4
22264,22719,224
22264,16063,23
22264,16092,22
22264,15435,103
22264,16089,31
22264,51199,6
22719,24812,131
22719,22948,162
22719,21689,92
24812,16846,339
16846,22713,124
16846,22606,118
16846,34184,8
16846,98,94
22713,35326,124
35326,21675,93
35326,22259,24
35326,15558,94
21675,15611,783
21675,89,14
21675,49234,496
15611,15612,1445
15611,24861,26
15611,22465,292
15612,15613,1439
15612,21334,10
15613,25328,236
15613,24861,377
15613,21506,984
25328,29342,88
25328,33991,173
25328,13178,148
25328,34109,81
25328,23148,151
13104,12900,93
13104,12941,805
13104,13290,2
13104,14477,3
47914,5048,246
5048,4505,479
5048,4957,323
5048,4635,1392
5048,48181,191
5048,4659,54
5048,4630,19
4505,4970,556
4505,6155,15
4505,6326,391
4970,4763,382
4970,4745,304
4970,19821,4
4763,4875,681
4763,19821,41
4763,4877,48
4875,19821,579
4875,4918,5
4875,4895,51
4875,4893,46
3216,1636,321
3216,46662,26
1636,15233,908
1636,14707,1024
1636,358,6
50485,14607,1567
50485,49195,69
50485,29450,90
50485,15219,10
14607,29450,740
14607,14355,110
14607,15219,814
14607,29581,25
14325,29378,1304
14325,29336,40
14325,29383,1025
14325,14209,32
14325,13074,42
26335,25975,1466
25975,26448,1027
25975,26330,1131
25975,26337,234
26448,25977,1263
25977,25978,1263
25978,25979,2295
25979,25980,1092
25979,26294,142
25979,26295,425
25979,25993,408
25979,47186,234
25980,26322,1420
25980,25982,119
25980,26328,184
26322,25982,610
26322,26320,847
26322,11945,118
25982,25983,1721
25982,25984,127
25983,26469,602
25983,25984,1119
26469,25986,1910
25986,25934,1044
25986,25987,127
25986,25996,75
25986,12020,472
25986,26280,240
25934,25987,1195
25934,25935,554
25934,25996,6
25987,36807,1749
25987,26181,109
36807,26181,1741
36807,28671,10
26181,26178,1309
26181,26118,405
26181,26123,132
26181,26114,2
26178,26123,531
26178,28671,4
26178,28799,8
26178,25588,334
26178,26118,432
27794,27788,354
27794,26567,150
27794,39409,18
27794,27004,2
27794,27911,2
27794,27802,36
27788,26567,86
27788,27911,55
27788,28641,231
26567,27802,236
26567,27880,246
26567,39581,18
26567,28327,2
27802,27523,150
27802,26593,272
27802,28327,112
27802,26604,10
36344,9048,80
36344,10236,42
36344,8667,10
44250,825,832
44250,16766,497
825,23357,1448
825,25369,11
23357,44249,1187
23357,50189,261
44249,25369,659
44249,16762,366
44249,43194,162
25369,25368,641
25369,25274,4
25369,43829,29
25368,16212,170
25368,51776,521
25368,16205,14
16379,40537,80
16379,14576,76
40537,40885,151
40537,23299,457
24189,15643,360
25127,25095,707
25095,25123,360
25095,15351,24
25095,15526,202
25095,34141,121
48268,12838,336
48268,13197,218
13169,13078,1018
13078,13177,1018
13177,13173,1018
13177,13083,22
13092,13000,2163
13092,13328,272
13000,13628,1299
13000,12925,248
13000,29516,718
13628,13272,1626
13272,13225,1626
13225,13607,873
13225,13608,646
13225,12991,107
13765,13763,531
13060,13057,717
13060,13113,36
13060,13641,8
13057,13113,963
13057,50445,301
13113,13128,1812
13113,13166,88
13113,12945,52
13113,13362,16
13113,13062,36
13128,13062,1642
13128,13092,272
13062,13092,1540
13062,13000,102
13062,13071,17
13062,14595,10
13062,12975,9
13414,13406,505
13406,48757,793
48757,13408,793
13408,13411,793
13411,13416,793
13416,24157,319
13416,43756,148
13416,24156,186
13416,13419,140
49478,50352,344
50352,50346,344
50346,50353,344
39046,14564,451
39046,13358,14
12978,13773,1441
12978,12992,325
12978,13775,140
13773,13785,1883
13785,13787,1168
13785,12988,715
50343,50350,359
50343,14117,10
50350,49699,359
49699,14116,359
51408,13218,281
13966,13956,448
13966,29418,3
12941,41237,771
12941,12900,34
14004,29457,855
29457,14143,519
29457,14149,336
29457,29458,155
29457,29460,27
13236,14352,816
13236,29521,168
14352,29521,816
29521,14350,932
29521,42469,44
29521,12943,10
14350,13052,790
14350,12943,26
14350,13145,59
14350,14129,101
13748,13745,503
13745,13742,503
13741,13738,1093
13738,13700,610
13738,51528,24
13738,13306,459
40638,40637,2762
50625,50631,852
50631,51803,885
50631,51761,243
51803,51801,885
51596,15671,381
51596,15604,571
15671,49632,80
15671,15873,675
49632,49605,240
49605,48830,80
49605,48864,160
48830,48592,162
48592,48864,80
48592,49965,82
48864,50747,80
48864,48578,267
48864,37715,6
50747,50468,184
44016,15880,504
44016,15879,15
15880,15879,504
15879,15898,410
15879,25081,111
15879,41226,5
15879,15354,104
15898,15354,944
15898,24207,38
15898,24200,218
15898,15908,57
15898,25081,157
15354,24207,884
15354,15386,250
15354,15907,7
15354,39311,15
24207,15907,922
24207,50495,104
24207,13188,24
16786,16787,763
16787,16788,763
16788,48441,597
16788,16789,158
16788,24462,8
16792,16793,707
16793,16780,183
16793,24214,258
16793,699,266
16780,24216,381
24216,24219,381
24219,24214,183
24219,16781,198
24214,16779,441
16779,16795,441
16795,23347,441
23347,13341,274
23347,14041,6
23347,12962,97
23347,24202,64
14315,13240,145
14315,13960,141
14315,13230,78
13592,42860,1283
13592,14338,132
13592,48082,57
42860,14338,1335
48293,25093,243
48293,24468,242
48293,16489,304
23925,23935,1561
23935,23936,1004
23935,23944,286
23935,23931,271
23936,23912,451
23936,23913,1042
23910,23982,818
23982,23986,818
23986,43148,451
23986,23993,553
43148,43486,451
24011,24023,1196
24023,13366,987
24023,44308,209
13366,13368,1544
13096,13232,1261
13232,13049,762
13232,12944,487
13232,13100,37
44455,44454,451
44454,13054,451
12943,29377,456
12943,14113,26
12943,29371,10
49245,13752,391
48601,49938,792
24095,24094,643
24095,21398,158
24113,24119,1178
24113,24118,148
22061,22096,1001
22096,24103,1001
24103,23739,345
24103,24102,804
24103,24990,204
23739,785,451
785,21868,345
785,24150,106
12825,13635,304
12825,12893,197
12825,49930,90
13751,13942,861
13751,48366,397
13751,13946,348
13991,14135,809
13991,14327,1
14135,14137,809
14137,14139,336
14137,14327,338
14137,13236,135
14137,14141,2
14149,49698,796
14149,14186,74
14149,14190,12
49698,14186,796
14186,14188,336
14186,14190,524
14186,51271,10
50440,43956,399
43956,14532,399
13097,13099,1103
13099,13219,1103
13099,13951,34
50002,49991,349
49991,49983,422
49983,49993,422
49993,21946,422
21946,22292,422
22292,23012,349
22292,51152,73
23012,22098,349
22098,22228,349
22228,24124,299
22228,24127,50
24124,811,455
23730,783,544
783,823,544
23697,21722,449
23697,23707,497
23697,23708,126
21722,22640,589
22640,23704,589
23704,24126,299
23704,50550,290
24126,23660,773
16478,16480,1126
16480,15812,961
16480,16396,165
15812,15868,518
15812,16369,331
15812,16264,510
15868,15855,1528
15855,15845,1528
15845,16419,472
15845,15862,731
15845,43984,325
16299,16300,760
16300,16302,690
16300,25274,70
16302,25274,600
16302,25279,90
29419,14004,310
29419,29457,155
29419,14002,105
8800,8693,2667
8800,8804,6
47119,10226,2365
47119,44258,647
47119,51199,14
47119,7381,14
47119,11581,2
8795,49074,673
8795,8796,991
8795,8728,9
8795,9971,5
49074,9364,1470
9364,9577,1476
9577,9365,1476
9365,10134,1476
10134,49466,1470
10134,9959,6
48053,25553,127
48053,50574,6
15414,15416,214
15414,15563,251
15414,13178,72
15414,44892,108
15414,15872,48
15414,14600,92
15414,13204,86
15414,16242,30
15414,15505,6
15414,41828,16
15414,15582,12
15414,42877,8
15414,23875,6
23751,21851,262
23751,22336,23
23751,23543,4
22319,9612,435
22319,8439,272
22319,7562,2
22319,9736,20
9612,8603,441
9612,10894,150
8603,8439,495
8603,9186,99
8603,8604,32
8439,41132,746
8439,11161,438
8439,8464,40
8439,8494,18
15589,34327,32
34327,16018,32
16018,16019,99
16021,15745,421
16021,16022,58
16023,16024,46
40661,40656,20
40656,40647,20
40647,40658,20
40658,40787,20
40787,40786,20
40786,16871,20
16871,51285,20
16871,16872,24
51285,51293,20
51293,43053,20
15657,15658,150
15658,15659,150
15658,25012,18
15659,25012,44
15659,15660,106
25012,38373,251
38373,38367,184
38373,38372,60
38373,38371,7
38367,38375,251
38375,15660,45
38375,16253,24
38375,25378,140
38375,65,152
15660,15661,91
15660,38370,106
15661,38374,126
15661,15664,7
38374,23723,44
38374,15664,82
23723,23724,184
23723,25013,110
23724,40654,20
23724,25023,140
23724,25024,24
40654,40653,44
40653,40644,44
40644,40652,44
40652,40645,20
40652,25013,24
40645,40654,24
25013,60,294
60,16249,188
60,15664,106
16249,16251,60
16249,35323,200
16251,16252,78
16251,38370,42
16252,25012,189
16253,16254,158
16254,15419,134
16254,16104,24
15419,15420,545
15420,51292,24
15420,15421,501
15420,15422,12
15420,22427,140
15420,15428,26
15420,16248,146
51292,16871,24
16872,40659,24
40659,40655,24
40655,40657,24
40657,40660,24
40660,15535,24
15535,15536,54
15536,15537,54
15536,15538,51
15537,15745,24
15537,15538,30
15538,15598,373
15538,15569,51
15598,15569,162
15598,15741,132
15598,16447,177
15571,34326,36
15571,15573,51
15571,15572,56
34326,16156,36
16156,16157,36
4296,4284,31
4296,4421,25
4284,4286,53
4286,7167,2
4286,4426,32
4286,35095,19
7167,7165,15
7167,5214,19
7165,19998,32
19998,5214,15
19998,7166,17
5214,4416,34
4416,19975,77
19975,4413,77
4413,20296,33
4413,19972,44
20296,4411,33
4411,4403,33
4403,19829,28
4403,19828,5
4380,20532,25
4380,20323,10
4380,4388,10
4380,20201,4
15210,15209,519
15209,15276,248
15209,35723,271
15276,15271,248
47853,37221,22
47853,26660,162
47853,26659,21
26769,37221,18
44378,44374,280
44374,44376,581
44376,29358,280
44376,29357,301
29368,14052,1579
29368,14044,198
29368,29369,8
29368,13986,3
14028,14497,464
16777,16778,461
16778,16794,461
16794,24213,560
24213,16780,198
24213,16781,263
24213,699,99
16781,16782,818
16782,16783,352
16782,41017,466
16783,16784,668
16784,16785,318
16784,16790,350
16817,16818,762
16818,16819,762
16819,16820,762
16820,44135,82
16820,16489,274
16820,25091,219
16820,25092,187
44135,24208,921
44135,15386,110
15353,44134,210
15353,15607,93
44134,15688,514
44134,33961,111
15688,15527,845
15688,25083,8
15527,15678,412
15527,25083,433
15678,50466,1608
15678,49377,48
15678,37715,26
50466,50744,192
50466,49377,433
50466,37715,983
50744,48578,82
50744,47985,110
48578,48830,82
48578,49965,107
48578,49306,160
49965,49639,189
49639,15670,82
49639,15873,107
15670,25098,718
25098,51656,384
25098,15836,263
25098,23249,4
25098,51497,65
25098,15988,2
24096,21389,661
24096,23666,148
16259,43195,773
43195,16221,246
43195,25292,6
43195,39302,331
43195,41020,190
16221,25292,296
16221,43829,106
16221,25368,64
16221,44248,105
25292,25291,422
25291,15639,120
25291,16195,6
25291,43308,190
25291,44331,106
24786,40529,21
24786,16335,486
40529,40530,320
40529,38652,232
40530,40531,553
40530,50551,110
40530,643,42
40530,50229,120
40531,643,567
42892,16689,21
42892,24283,282
42892,23322,104
9915,9582,652
9915,9740,350
9915,11905,30
9582,9583,951
9583,9624,951
9624,9514,951
9514,9579,951
9579,9580,1260
9580,10704,1253
9580,9538,7
9303,9878,652
9878,9581,670
9581,9533,492
9581,9910,178
9533,11266,2060
9533,50347,263
9533,10444,32
9533,9566,6
9616,9617,669
9617,9318,651
9617,9878,18
9318,9302,651
9302,9512,946
9512,9513,953
9513,9614,856
9513,9740,97
9614,9506,874
9506,9507,874
9507,9508,874
9508,9509,874
9509,9615,856
9509,9915,18
9615,9915,851
9615,9740,5
47888,25553,213
47888,25540,32
12959,13178,1875
12959,14595,131
12959,12823,160
12959,13354,10
23631,983,349
983,984,350
984,14625,16
984,42621,332
984,981,3
14625,14804,16
14804,14624,16
14624,24243,6
24243,24239,234
24243,24237,292
24243,35743,3
24239,24250,1404
24250,906,6
24250,24252,1199
24250,24254,79
24250,911,120
906,14949,6
906,15125,5
906,766,4
906,51028,116
14949,24253,110
920,921,119
921,14645,124
14645,929,131
929,928,8
929,930,120
928,961,8
961,925,11
961,962,139
925,24424,8
925,922,3
24424,24426,1488
24426,14635,7
24426,24428,1136
24426,988,237
24426,51044,103
14635,14666,7
14666,995,3
14666,991,4
995,14641,3
995,937,241
14641,937,3
937,24653,12
937,940,343
937,935,3
24653,14634,3
24653,24608,5
14634,24609,3
14634,24427,224
24609,14633,5
26562,26569,24
26569,26578,24
26578,26582,24
26582,26580,48
26580,26581,48
26581,26595,24
26581,26566,24
26595,26589,24
26589,39138,24
39138,28538,40
28538,28586,24
28538,26610,16
28586,26630,24
26630,26636,236
26630,26707,5
26636,26641,112
26636,26642,140
26641,26642,112
26641,26640,110
26642,28549,235
26642,26707,16
26642,38736,1
28549,26707,321
26707,26899,465
26707,35694,31
26707,26900,9
26707,26686,32
26707,12975,2
26707,43528,36
26707,28865,3
26707,43819,7
26899,26686,449
26899,35698,16
26686,26683,409
26686,26900,5
26686,26680,83
26683,28193,391
26683,26680,18
28193,26680,387
28193,43528,4
26680,26670,488
26670,26900,509
26900,26677,453
26900,28865,9
26900,25739,5
26900,25777,7
26900,26673,56
26677,26673,539
26673,25739,1303
26673,26655,6
25739,26655,920
25739,27918,61
25739,26850,327
26655,27918,691
26655,28865,235
26655,50766,120
26655,50792,177
26655,50770,30
25147,25139,22
25139,15676,22
15676,22332,22
22332,25144,22
25144,15826,22
15826,15772,22
15826,15837,274
15826,24674,9
15772,15894,46
15772,15331,21
15894,23249,46
23249,25143,46
23249,21634,4
25143,23250,22
25143,25060,24
23250,25048,28
23250,15776,24
25048,15776,22
25048,25047,6
15776,15837,43
15776,15836,24
15837,15905,22
15837,15505,280
15837,23258,21
15837,51497,6
15905,15529,186
15905,15856,752
15529,15619,1311
15619,49741,723
15619,15670,588
49741,25122,515
49741,49632,160
49741,15670,48
25122,25101,515
25101,15532,511
15532,15528,511
15528,25110,511
25110,15842,511
15842,15848,511
15848,25138,511
18488,18480,601
18488,21099,501
18488,18418,190
18488,21117,70
18488,21103,77
18488,18474,190
18488,18473,9
18480,4650,902
4650,18385,367
4650,4633,535
18385,21111,865
21111,21117,609
21111,21083,153
21111,21099,248
21111,18413,8
21117,43147,408
21117,19391,25
21117,4588,472
21117,5088,282
21117,18383,6
43147,21092,269
43147,4675,41
43147,4665,441
43147,4676,58
21092,4665,1140
21092,18532,31
21092,4675,525
4665,4815,1587
4665,4507,114
4815,4163,1137
4815,4647,298
4815,18401,110
4815,21145,42
4163,18401,791
4163,4647,346
18401,4855,807
18401,4265,3
18401,21135,327
18401,4529,13
18401,21145,42
18401,4963,13
18401,21126,243
4855,21145,1764
21145,4963,1903
21145,21151,515
21145,21137,153
21145,18428,42
21145,4671,42
4963,4964,2088
4963,21210,13
4963,18429,32
4964,4671,2078
4964,19389,3
4671,4596,2223
4671,6043,194
4671,18428,34
4671,17557,110
4671,19090,41
4596,18428,392
4596,17557,1831
18428,18429,2418
18428,21195,34
18429,21195,1433
18429,18521,984
18429,21210,42
21195,4155,1016
21195,21224,112
21195,44547,110
21195,49636,176
21195,21210,21
21195,43143,32
4155,4154,635
4155,21168,252
4155,21170,129
4154,4156,635
4156,21178,635
21178,18435,887
18435,21190,967
18435,51572,52
21190,18437,942
21190,47903,77
18437,21272,462
18437,18456,504
18437,20819,42
21272,21166,462
21166,18440,109
21166,20819,193
21166,21163,160
18440,51959,183
18440,51962,217
18440,18441,4
51959,18441,196
51959,19078,32
18441,19078,88
18441,19627,20
18441,21152,66
18441,748,13
18441,18901,54
19078,20958,120
20958,4218,248
20958,20917,32
4218,21296,248
4218,35382,22
21296,20397,248
21296,20917,22
20397,18715,321
20397,46399,168
20397,47210,63
20397,46514,79
20397,47044,44
18715,35314,461
18715,18957,8
18715,41741,17
35314,18957,530
35314,20698,22
18957,18958,447
18957,20114,49
18957,42890,91
18958,2345,211
18958,2047,4
18958,2347,150
18958,2673,68
18958,3956,22
18958,3845,8
2345,17566,116
2345,2358,57
2345,3923,38
17566,2358,326
17566,3229,46
47896,2356,143
47896,3960,18
47896,2394,88
2362,19087,340
2362,37028,40
19087,4172,196
19087,18805,256
4172,18959,234
18959,18960,550
18959,20698,26
18960,35315,469
18960,17572,12
18960,41741,91
35315,17572,469
17572,21295,123
17572,21304,223
17572,46377,14
17572,48767,52
17572,46399,78
17572,47163,22
21295,21307,247
21295,35382,22
21295,20971,64
21307,4211,247
21307,35344,22
4211,20971,88
4211,44137,159
20971,21148,152
21148,18443,195
21148,51962,77
18443,18444,805
18443,21163,155
18443,18445,19
18443,18446,58
18444,18445,432
18444,18456,373
18445,18446,547
18445,21191,19
18446,21191,836
18446,43142,58
18446,47903,32
18446,51572,52
21191,4152,869
21191,18448,115
4152,18448,733
4152,17537,136
18448,18449,603
18448,18461,245
18449,18450,603
18450,18451,848
18451,18452,977
18452,21186,1386
18452,5085,19
18452,21184,64
21186,21184,2319
21186,5085,58
21186,4590,8
21184,5085,2258
21184,5193,52
21184,4500,64
21184,4266,9
5085,4590,700
5085,4150,99
5085,19389,230
5085,18370,1490
4590,4500,1991
4500,4150,1306
4500,21137,246
4500,21151,503
4500,18401,13
4150,4506,1955
4150,21126,41
4150,4507,58
4150,21135,32
4506,21126,497
4506,18464,299
4506,38560,233
4506,4529,937
4506,4265,3
21126,4158,726
21126,19389,41
21126,4532,106
21126,4647,243
4158,4532,1224
4532,4507,1445
4507,4924,1280
4507,4675,126
4507,50258,153
4507,43147,58
4924,50258,465
4924,4588,335
4924,4666,902
4924,5169,184
50258,35291,342
50258,19391,153
50258,18383,123
35291,18418,560
35291,4574,541
35291,21099,20
18418,19424,809
18418,4633,190
19424,21120,318
19424,4633,299
19424,21123,192
21120,21115,844
21115,18413,515
21115,21103,30
21115,18474,56
21115,21117,243
18413,21083,1384
21083,4676,1278
21083,4975,128
35722,35714,140
35722,41485,26
35714,35715,423
35715,39159,72
35715,35716,130
35715,41488,109
35715,48458,112
39159,41486,197
39159,15770,68
39159,15752,14
39159,16081,30
41486,16081,197
41486,15540,6
16081,16426,327
16081,35714,109
16455,15587,343
16455,15770,32
16455,39160,14
16455,35177,56
15587,16149,343
16149,16474,376
16149,16456,161
16149,15585,86
16149,16471,9
16474,16475,438
16475,16461,332
16475,15783,106
16461,16462,727
16462,16159,705
16462,90,13
16462,14600,9
47907,15563,233
47907,13204,20
47907,21921,8
35057,7653,1023
35057,7510,507
35057,7508,361
7653,7499,1549
7499,7500,1549
7500,7502,1549
7502,7503,1549
7503,7647,303
7503,8488,556
7503,7529,340
7503,7566,346
7503,7652,4
7647,7648,1581
7647,51376,3
7648,7537,1549
7648,41446,32
7537,7498,1552
7498,8487,709
7498,37713,172
7498,8063,659
7498,7508,12
8487,7516,1720
8487,41439,18
8487,8493,62
7516,8493,1010
7516,7519,729
8493,8491,1488
8493,41437,13
8493,7566,62
8491,8490,1507
8490,8489,1502
8489,7504,994
8489,7652,175
8489,7647,330
8489,7636,3
7566,36929,1775
7566,7532,374
7566,42126,2
7566,7575,62
7559,7561,1306
7559,13038,2
7559,44852,68
7559,29342,257
7559,8457,47
7559,38614,141
7559,42662,44
7559,12962,8
7559,48935,27
7559,51199,62
7559,25404,4
7561,13038,6
7561,23075,1592
7561,8638,8
7561,10446,8
7561,8703,8
7561,8797,8
7561,24713,16
7561,23147,34
7561,22062,22
7561,8681,8
7652,7621,846
7621,7505,846
7505,7507,846
7507,7510,304
7507,7653,180
7507,37713,362
7510,8487,300
7510,7538,516
7510,8063,6
7510,41446,3
7641,7526,1276
7526,7527,1273
7527,7566,297
7527,7642,971
42126,7550,1453
42126,34678,346
42126,7575,323
7550,7548,1823
7548,7657,1826
7657,7547,1821
7547,7625,630
7547,7551,479
7547,7557,712
7625,7623,1449
7623,7555,1455
7555,7571,1458
7571,34677,1449
7571,7572,11
7575,7576,1598
7575,7557,62
7576,7577,1598
7577,7578,1598
7578,7557,793
7578,7632,452
7578,7625,353
7557,7546,1620
7557,7559,62
7557,35020,358
7546,7559,545
7546,35020,1065
7546,49800,8
50723,49841,296
49841,7585,296
49841,43388,358
7585,37712,1138
37712,43388,296
37712,43389,5
43388,43390,646
43390,7580,646
7580,34699,1471
34699,7581,1471
7581,35049,1440
7581,38909,370
7581,7572,5
7581,35592,3
7581,8487,62
7541,35053,1396
7541,7568,8
35053,8470,2455
8470,7559,322
8470,7543,1142
8470,7567,366
8470,49800,8
23552,34125,125
23552,23554,472
34125,34126,125
34126,23558,125
23558,23148,319
23558,24628,278
23148,33991,412
23148,34134,90
33991,15606,412
33991,22895,173
15606,16036,11
15606,25136,1367
15606,15683,64
16036,23410,5
16036,15683,1308
23410,84,5
23410,16751,26
23410,23402,361
84,22842,5
84,23227,155
22842,21887,5
22842,22844,155
21887,34118,772
34118,75,772
34118,35287,9
75,22361,772
22361,23864,5
22361,23871,320
22361,21588,26
22361,21921,156
22361,23878,155
22361,15563,110
23864,23860,1299
23860,22895,301
23860,15593,732
23860,23854,158
23860,23575,7
23860,23855,108
22895,21330,5
22895,23859,889
22895,23596,237
22895,24765,3
15715,23297,1744
23297,15863,1744
23297,15865,50
15863,16802,19
15863,15865,1725
16802,22342,24
16802,22589,148
22342,16186,5
22342,22987,14
22342,35287,5
43742,97,7
43742,35287,7
43742,24861,7
43742,22723,7
17189,17188,108
17188,2106,12
17188,3792,96
2106,3790,696
2106,3939,4
3790,3507,328
3790,3939,340
3790,2103,20
3790,3322,4
3790,2444,4
38805,17318,8
38805,3699,194
38805,42794,16
38805,3735,12
38805,2136,8
38805,3490,287
42450,1359,7
17223,35088,10
17223,17224,357
17223,17269,27
17223,35086,5
17223,1637,6
35088,17224,7
35088,35086,3
17224,35086,332
17224,1340,36
35086,1340,201
35086,1358,135
35086,2872,4
1340,1348,484
1340,1358,189
1340,17269,181
1340,2903,5
1340,1396,10
1348,2876,407
1348,1695,77
2876,1311,66
2876,1310,320
39616,17472,100
3834,3835,233
3834,36914,92
11629,11706,890
11706,11924,890
11924,34213,890
34213,10256,890
10256,10233,890
10233,11904,643
10233,10595,247
10595,11811,647
10595,10171,12
10595,11812,381
10417,11516,608
11516,10665,608
10665,11548,608
11548,10418,608
10418,10419,608
10419,10420,608
10420,10176,408
10420,10173,200
10176,9564,731
10176,10264,12
10176,10281,227
10176,9894,357
10176,10775,309
10176,8750,319
9546,48664,2249
9546,9310,12
9546,9547,4
48664,9547,1439
48664,9310,810
9547,9312,1353
9547,10767,180
9547,9898,3
9312,9409,1229
9312,9822,124
9409,9562,1470
9562,9523,1470
9523,9425,1975
9425,9426,743
9425,10710,687
9425,11903,244
9425,10192,301
9555,9557,743
9557,9559,743
9559,9730,736
9559,8734,7
11792,34269,2784
11792,50937,54
11792,9560,28
11792,48481,4
11792,10588,319
34269,9574,2784
8781,8783,891
8783,8787,889
8783,11576,2
8787,9907,513
8787,8788,376
9907,8870,156
9907,11343,357
8870,11928,1305
8870,8871,879
11928,9503,1388
44444,10220,2769
10220,10221,2773
10221,10222,2773
10222,10313,2773
10313,10653,2746
10313,11450,27
10653,11450,2746
11450,9527,1561
11450,9724,1206
11450,9661,6
9527,9661,2711
9661,49997,2724
9661,7320,11
49997,7320,2724
7320,8404,2709
7320,11480,26
8404,11480,1548
8404,34835,1161
11480,9524,1574
9524,10659,3917
10659,11446,3907
10659,10238,4
10659,9526,6
11446,9526,2386
11446,10238,1521
9526,11691,7
9526,11546,25
9526,11897,423
9526,8961,7
9526,9652,1110
9526,7562,4
9526,10716,14
9526,29342,26
9526,10123,4
9526,10193,6
9526,9261,224
9526,11502,777
9526,51199,12
9526,11581,2
9608,11455,7
9608,48359,283
9309,9340,7
9309,9329,558
9340,9341,224
9341,9578,224
9578,11915,224
11915,11555,224
11555,10697,224
10697,9870,217
10328,10114,345
10328,43905,194
10328,11479,25
10328,11590,382
10328,10112,20
10328,7780,32
10328,44259,173
10328,9658,10
10328,10627,395
10114,10112,2114
10112,10160,1148
10112,10116,227
10112,11714,966
10160,10116,1221
10116,11479,1962
10116,9997,229
11479,10702,1632
11479,10000,1415
11479,10404,73
10702,10151,2025
10702,51183,25
10151,10152,1863
10151,10244,162
10152,36798,2025
36798,10004,1569
36798,51183,456
9310,9311,831
9311,9315,829
9311,9316,2
9315,9316,829
9316,9317,831
9317,38680,211
9317,10446,285
9317,9409,7
9317,10775,323
9317,9824,3
9317,9822,2
38680,9741,7
38680,9898,204
38680,46232,411
9538,9305,760
9305,9740,760
9742,11625,881
11625,10013,23
11625,8963,708
11625,9743,150
10013,10102,546
10102,9542,546
9542,11800,515
9542,9564,7
9542,10073,9
9542,10074,8
9810,11877,2042
11877,9811,2042
9811,43394,950
9811,43395,1092
43394,10009,950
10009,38124,950
38124,8830,950
9971,10191,784
9971,10775,7
9971,9972,11
10191,9972,784
9972,10775,788
16288,26405,142
16288,12032,293
16288,49413,6
16288,26402,105
16288,26403,57
36178,41133,189
11160,7604,250
11160,42845,173
11160,24791,213
11160,21589,16
11160,11119,287
11160,12975,24
11160,22633,16
11160,22966,89
11160,751,12
11160,11090,29
11160,8494,52
9043,9737,418
9043,80,140
9043,23543,38
9043,16289,160
9737,21853,437
9737,16289,2
21692,16288,397
21692,22454,139
21692,26403,20
21692,21693,4
12032,26402,293
12032,26403,6
26402,608,242
26402,26638,85
26402,26403,10
26402,24663,32
26402,15486,69
608,26403,343
608,26638,26
608,39802,34
19290,5999,633
5999,40418,633
40418,6002,443
40418,6004,77
40418,40378,113
6002,19291,556
19291,6003,556
6003,18809,257
6003,19294,236
6003,19298,63
18809,41272,123
18809,19298,134
41272,19298,123
19298,19296,320
19296,19299,110
19296,19301,97
19296,40414,113
19299,19301,110
19301,19303,207
19303,6009,433
6009,19310,510
19310,18812,397
19310,40348,113
18812,19312,452
18812,19314,58
19312,19314,375
19312,6004,77
19314,6004,669
19314,19309,77
6004,37203,696
6004,19315,48
6004,40361,77
6004,18814,2
37203,19315,10
37203,18814,578
37203,40359,108
19315,5571,2
19315,18814,48
5571,18807,8
50491,15224,1387
15224,22234,751
15224,22235,896
15224,14751,75
49932,38118,357
379,662,106
379,374,814
379,377,116
379,372,2
379,391,179
379,384,6
48060,1141,702
48060,2657,55
48060,44095,31
48060,1109,178
48060,1097,4
1402,1405,606
1405,1413,606
1413,1421,413
1413,43598,193
1421,1441,549
1441,1470,549
1470,1471,537
1470,1456,14
1470,1460,2
1471,1456,697
1471,17283,6
1471,1460,256
1327,1375,33
1327,1367,347
1375,1384,462
1375,1687,6
16108,16113,167
16108,16109,74
16113,16114,241
16114,25962,217
16114,40910,24
25962,25963,277
25963,25964,91
25963,16138,28
25963,34324,46
25963,34325,112
25964,25991,91
25991,25966,91
25966,26007,91
26007,25965,143
25965,16119,143
16119,16120,143
15452,15693,113
15452,15650,36
15693,15455,113
16129,16130,353
16130,50001,311
16130,16140,42
50001,16143,233
50001,16131,78
16143,16144,275
16144,16145,199
16144,16240,76
16145,16146,199
16146,16162,171
16146,16876,28
16162,16087,43
16162,16147,204
16087,44892,13
16087,16242,51
16087,15416,118
16087,15563,176
16087,25399,80
16087,14600,44
16087,21851,186
16087,13178,46
16087,13429,48
44892,44815,121
44815,44813,381
44813,44811,381
44811,43660,297
44811,44804,84
43660,41491,409
43660,43661,172
41491,41489,345
41491,35718,162
41489,39159,237
41489,41829,108
33886,16431,247
16471,15767,55
16471,16461,9
15767,16461,55
15767,15768,100
15767,15748,26
15799,15797,790
15799,34111,198
15797,15530,297
15797,24088,493
22357,34073,130
22357,40806,186
22357,22444,844
34073,24995,254
34073,23906,112
34073,39638,50
24995,34217,13
24995,22822,12
24995,39638,798
24995,38973,193
24995,23565,3
24995,33943,83
24995,22494,2
15800,15798,852
15798,977,694
15798,15903,158
977,25133,18
977,43519,15
977,50250,770
22822,15746,12
22822,33943,5
22822,49322,904
15746,15747,736
15746,15771,6
15747,15771,391
15747,15760,126
15747,15748,219
15771,15783,74
15771,15768,343
15771,15777,6
15783,15777,48
15783,16466,132
15777,15769,48
15777,15586,6
15753,15742,32
15753,15754,167
15753,16427,56
15539,41487,187
15539,15540,240
41487,39160,187
41487,35177,9
39160,41488,228
39160,41829,71
41488,41492,337
41492,41493,296
41492,43661,98
41493,44810,293
41493,44819,260
41493,44804,20
44810,44812,377
44812,44814,377
44814,44816,377
44816,44823,121
44816,44824,256
44823,44893,121
44893,15412,12
44893,15988,109
15465,15466,161
15466,15467,161
16125,16128,90
16125,16126,76
16125,15650,62
16128,15461,12
16128,16129,108
15461,25664,162
15461,16138,76
15461,28977,36
25664,25665,162
25665,25666,100
25665,26007,52
25666,25894,100
25894,25675,100
25675,25676,249
25676,25677,249
25677,15476,205
25677,15484,16
25677,40910,22
25677,40909,6
15476,15477,227
15477,15482,172
15477,16109,55
15482,15483,215
47983,27623,165
47983,26122,2
26605,27498,453
27478,51569,560
27478,47835,34
27478,51568,4
27478,51496,201
51569,12007,578
12007,27522,601
12007,27533,207
12007,27519,321
12007,39348,29
27808,27803,275
27808,27806,86
27808,27909,2
27803,27806,249
27803,27002,26
27806,27878,249
27806,27909,230
27806,25941,42
27878,27909,230
27878,27643,36
27909,27912,62
27909,27916,197
27909,25941,140
27909,27787,90
27909,27915,2
27912,27915,247
27912,26555,12
27915,27787,62
27915,28643,225
27915,25698,2
27787,25941,206
27787,25698,171
25941,25942,952
25941,25947,270
25941,44147,137
25941,43374,2
25941,25948,85
25942,25944,252
25942,12110,397
25942,25974,217
25942,25947,91
25942,44018,21
25944,25946,286
25944,25945,280
25946,25948,286
25946,25947,313
25948,28638,156
25948,16087,315
25948,43374,345
25948,26131,81
25948,28799,139
25948,21588,79
25948,29342,6
28638,27399,260
28638,43374,1286
28638,25916,143
28638,26131,10
28638,48502,357
27399,26114,717
27399,26179,5
27399,11931,8
26114,26171,723
26114,37420,2
26171,37420,283
26171,26151,434
26171,47862,6
37420,26160,544
37420,39624,154
37420,48057,116
13726,43652,641
13726,13714,345
13693,13686,653
13686,13684,653
13534,47429,611
13534,13042,24
13534,13268,14
48766,37091,91
37091,37089,91
37091,37087,5
37091,48377,61
37089,37087,91
37087,37085,91
37087,37083,5
37085,37083,91
37083,37081,91
37083,37079,5
37081,37079,91
37079,37077,96
37077,12780,90
37077,26579,6
12780,12781,413
12780,28291,5
12781,12783,72
12781,12787,341
12783,28274,72
28274,28277,72
28277,12785,72
12785,12789,72
12789,28288,72
28288,12792,72
12792,12793,72
12793,28364,72
28364,28367,72
28367,12794,72
12794,28299,72
28299,12797,72
12797,28373,143
28373,28375,82
28373,28370,61
28375,28376,72
28375,28392,10
28376,28387,72
28387,28394,72
28394,28397,72
28397,28399,294
28399,28408,146
28399,28402,125
28399,28406,23
28408,28410,306
28410,28426,378
28426,28424,317
28426,28268,61
28424,28268,331
28424,35194,99
28424,28434,7
28424,28502,61
28268,28434,314
28268,28431,74
28268,28439,5
28268,28438,34
28434,28438,239
28434,35198,82
28438,28442,72
28438,28440,192
28438,28451,4
28438,35401,30
28442,40481,72
28442,28455,75
40481,40482,72
14111,12974,440
14111,14113,480
14111,13052,49
14111,13126,108
12974,14124,436
12974,14351,13
12974,13145,4
12974,14132,10
14124,44452,436
14124,14122,108
44452,44453,436
44453,14099,436
14099,14100,544
13117,13360,1335
13117,13072,69
13360,13072,1220
13360,13358,118
13072,13358,1234
13072,13208,105
13367,13365,1507
13365,24022,1169
13365,25010,338
24022,24008,1169
24008,44304,1169
44304,38723,658
44304,24012,220
44304,24005,291
38723,24005,1034
38723,23998,154
23997,23983,638
23983,24455,808
23983,23984,202
24455,23981,808
23981,23911,436
23981,21808,372
35020,7567,175
35020,35060,1167
35020,7559,68
35020,7543,3
7524,7522,1167
7522,7521,1160
7522,35048,5
7522,7520,2
7521,7520,1160
7520,7517,1162
7517,8493,494
7517,7569,655
7517,7518,13
7508,7506,865
7506,7622,865
7622,7646,865
7646,7636,172
7646,7647,346
7646,7504,37
7642,7566,538
7642,7643,414
7642,7529,8
7642,8488,11
7315,36931,1554
36931,7314,1554
7314,39523,1533
7314,51504,10
7314,51521,8
7314,43387,3
43880,43879,374
43880,43387,3
43880,36925,4
43879,36925,476
43879,49901,316
43879,7588,62
35060,8486,2500
35060,49800,8
8486,36924,1384
8486,7568,1116
36924,35057,1397
36924,7497,5
7587,8502,1550
7587,50723,6
7587,7582,64
7587,49841,358
8502,7586,1494
8502,38909,56
7586,43391,652
7586,7585,842
43391,43389,652
43389,7534,302
43389,50722,15
8063,7541,313
8063,35046,1051
7534,7533,1119
7533,7580,825
7533,49850,294
49901,49877,1485
49877,8496,1156
49877,7588,329
49877,38908,8
7568,35046,1175
7568,8487,5
35046,35048,1871
35046,41545,358
35048,41545,1870
35048,35435,16
41545,42125,2228
42125,35592,2228
36926,44373,131
44373,8463,63
50663,19332,231
19332,21290,718
19332,6151,4
21290,18563,1066
21290,43536,108
18563,21056,670
18563,21073,423
18563,21051,108
18563,43532,4
21056,18579,670
21056,4987,80
18579,21306,670
18579,43540,108
21306,4998,748
21306,19072,2
4998,19072,640
4998,37813,102
4998,37815,6
18567,17600,314
18567,20933,135
17600,19330,170
17600,17601,335
17600,7094,32
17600,7114,16
19330,19328,170
19328,19331,170
19328,20014,16
19331,19285,134
19331,19278,30
19331,19277,6
19285,18831,78
19285,18832,103
18831,6027,108
18831,18816,46
6027,5996,108
6027,20605,21
5996,20605,203
20605,20606,199
20605,5998,25
20606,19345,199
19345,5997,122
19345,19305,77
5997,5897,42
5997,37165,157
5897,19290,42
19294,19314,236
18814,19295,733
19093,18195,227
19093,5143,41
21086,21097,227
21086,18368,481
21074,19517,103
21074,21072,177
21074,21078,42
19517,18248,103
18248,44138,103
18248,44776,130
44138,20958,160
46399,46377,131
46399,20603,78
46399,47145,152
46399,47163,22
46377,20603,199
20603,19179,122
20603,17667,155
19179,19182,76
19179,20927,114
19182,19171,76
19182,39699,200
19171,19172,225
19172,19183,225
19183,41147,193
19183,48327,92
41147,17667,68
41147,4199,125
17667,19173,151
17667,20913,72
19173,7139,68
19173,20913,83
7139,7144,136
7144,7145,136
7145,20913,68
7145,20912,68
20913,20920,217
20913,17605,6
20920,19168,128
20920,17829,190
20920,20604,32
19168,19169,228
19168,39696,28
19169,19170,228
19170,20432,228
20432,17827,228
17827,17829,114
17827,17828,114
17829,17668,334
17668,4183,351
4183,35462,353
4183,21281,13
35462,21281,305
35462,7094,48
21281,19352,234
21281,20933,118
19352,20184,322
19352,20933,89
19352,21285,17
20184,18568,453
18568,6121,399
18568,6139,135
50662,50665,108
28443,28441,66
28441,28439,66
28441,28451,74
28439,28433,259
28439,28429,5
28439,35198,38
28439,28400,34
28433,28429,320
28429,28425,213
28429,28400,121
28429,28403,5
28429,28424,61
28425,28411,312
28411,28409,301
28411,28502,11
28409,28401,141
28409,28406,160
28401,28398,275
28401,12803,22
28398,28388,66
28398,12803,153
28398,37577,56
28388,28385,66
28385,28377,66
28377,28374,66
28374,28368,127
28374,28482,10
28368,12796,66
28368,12798,61
12796,28366,66
28366,28365,66
28365,28363,66
28363,12791,66
12791,28293,66
28293,12790,66
12790,12786,66
12786,28276,66
28276,28275,66
28275,12784,66
12784,12782,66
12782,28272,415
28272,37076,71
28272,28271,75
28272,48369,61
37076,37078,87
37078,37080,82
37078,37082,5
37080,37082,82
37082,37084,82
37082,37086,5
37084,37086,82
37086,37088,82
37086,37090,5
37088,37090,82
37090,48556,69
37090,48672,13
37090,48370,61
48556,48766,66
48556,48672,3
29499,14167,1018
29499,51436,6
14167,51436,813
14167,14174,180
14167,29504,67
51436,14169,300
51436,14398,519
14169,14168,300
14168,14172,300
14172,14173,300
14173,14303,300
14303,14304,300
14304,14414,183
14304,14177,117
14414,14306,183
14306,14309,183
14309,14310,183
14310,14311,183
14311,29581,183
29581,13086,194
29581,29450,85
29581,29407,379
13086,29555,183
13086,50612,79
13086,35306,11
13086,24467,25
29555,29556,183
29556,14404,183
14404,14402,183
14402,14392,183
14392,38955,183
38955,14364,871
38955,41896,8
38955,40799,253
38955,29416,2
14364,29416,1295
29416,13189,707
29416,43952,477
29416,14416,18
29416,43954,117
13189,14367,691
13189,29433,22
14367,14368,443
14367,29433,248
14368,14283,721
14283,14286,742
14286,14289,743
14286,14486,117
14289,13160,580
14289,41892,458
14289,29578,3
14289,35298,3
13160,14294,816
13160,14447,8
13160,14458,141
14294,14296,1130
14294,14300,220
14296,42515,991
14296,24239,76
14296,41888,277
14296,14430,3
42515,24239,932
42515,24238,289
42515,44072,395
24252,24254,1094
24252,14627,105
24254,24420,1173
24420,24421,1257
24420,918,28
24421,24424,1476
24421,51038,110
24428,24467,406
24428,24392,542
24428,24928,36
24428,49803,11
24428,14633,4
24428,21783,21
24428,14355,4
24428,48255,112
24467,24393,1317
24467,745,3
24467,868,45
24393,24396,1007
24393,868,397
24393,24397,31
24393,745,25
24393,866,16
24396,24397,1458
24397,745,1470
24397,999,35
24405,14602,832
24405,22688,309
24405,14603,60
24405,830,172
14602,14603,868
14603,24410,743
14603,24409,838
14603,827,47
14603,24413,25
24410,24413,751
24413,24416,751
24413,24430,25
24416,24417,709
24416,24430,42
24417,24431,542
24417,24430,89
24417,844,10
24417,24353,8
24482,24480,267
24482,24584,525
24482,808,128
24480,24481,528
24480,24430,128
24481,24443,276
24481,24436,143
24481,24440,237
4484,4483,130
4484,40677,110
4483,35311,130
35311,40631,130
40631,35312,240
35312,4717,107
35312,4501,133
4717,4805,395
4717,4678,133
4805,4678,916
4678,18845,980
4678,4744,41
4678,20740,58
18845,4744,946
18845,41048,34
4744,4725,946
4744,20740,41
4725,5020,873
4725,20740,43
4725,41046,30
5020,49559,817
5020,4573,76
5020,41046,24
5020,41047,32
5020,41048,4
49559,4598,1575
4598,4566,2568
4566,4854,2288
4566,6315,18
4566,6861,262
4854,47851,2264
4854,48054,24
47851,47912,30
47851,47914,20
47851,47858,81
47851,48001,26
47851,4957,9
47851,4659,6
19933,4282,99
4282,4210,94
4282,4357,3
4282,20363,2
4210,19937,131
4210,4358,75
4210,4353,10
19937,19939,111
19937,20048,34
19939,19941,107
19939,20022,36
19941,4364,109
4364,19943,122
4364,20049,12
4364,20051,1
19943,19945,123
19943,20051,9
19943,20052,2
19945,19947,123
19945,19445,14
19947,20054,78
19947,19949,55
20054,20405,139
20054,19446,33
20405,19446,151
19446,19949,93
19446,19948,78
19949,19447,124
19949,4238,24
19447,20084,73
19447,20087,75
20084,20083,104
20083,20087,22
20083,20088,72
13547,13571,505
13571,13228,505
13831,13874,505
13874,43231,505
13374,13379,677
13379,24081,178
13379,13380,499
24081,24079,178
24079,24066,137
24079,24050,41
24066,24065,137
24065,24051,137
24051,24050,137
24050,24048,178
24048,24019,178
24019,24016,178
24010,44582,364
44582,23989,364
23989,23987,364
23987,25356,178
23987,23985,186
25356,23996,178
23996,24014,178
21316,24054,178
21316,24784,545
24784,33940,353
24784,33941,1090
24784,13439,89
970,24034,623
24034,24026,178
24034,24031,97
24034,24028,267
24034,24029,178
24026,23958,613
23958,23962,178
23958,23959,291
23958,23966,144
24024,23999,1148
23992,23983,372
25355,23930,178
23930,23933,178
23930,23936,403
23930,23944,201
23933,23934,178
23934,23926,251
23926,23929,251
21818,24743,1155
21818,24178,156
23717,21810,488
21810,21813,369
21810,21811,259
21813,21814,369
21814,21815,229
21814,34021,140
21815,21867,651
21867,24151,651
34090,22291,949
34090,24134,239
22291,24134,603
22291,24057,2
22291,21938,123
22291,24132,221
24134,24136,1525
24134,21870,202
24136,15700,1387
24136,24139,599
15700,24143,1387
24143,21872,1047
24143,24855,340
44457,13148,229
44457,43205,224
13148,13149,873
13149,13150,229
13149,13524,644
33941,24783,641
33941,24056,551
24060,15699,609
15699,24134,545
15699,775,160
13640,13643,1505
13640,13056,7
13643,13645,1217
13643,12847,288
13645,13813,343
13645,12847,478
13645,13822,218
13645,13814,178
13645,12854,36
13813,12829,1286
13813,13816,18
12831,12818,1473
12831,12983,146
48266,16489,343
48266,25093,332
48248,27585,247
48248,48004,161
48248,26448,2
48248,25920,333
48248,25975,36
26200,26194,213
26200,26193,6
26194,12023,331
12023,26190,331
26190,27118,492
27118,25995,374
27118,26268,136
27118,25591,118
25995,25996,650
25995,26258,6
25995,25987,532
25996,26185,1121
26185,26118,374
26185,26123,131
26185,26179,340
26185,26113,54
26185,26108,222
42024,41954,681
42024,41955,1357
41954,26111,545
41954,26110,136
41954,41952,132
26111,27103,597
27103,25587,597
25587,26108,545
25587,25588,52
26091,26000,755
26000,26001,755
26001,26098,755
26098,27390,619
26098,28673,268
27390,26087,619
27390,25585,184
46975,28843,213
28843,28844,515
28844,25565,213
28844,28845,302
25568,25569,577
25569,25570,577
25570,26139,213
25570,25571,364
48445,25572,213
25572,39625,213
25572,25902,6
25572,28680,26
39625,48057,349
39625,39623,144
46803,48004,370
46803,26353,260
48004,26335,370
48004,26333,161
26330,25978,896
26330,26326,237
26330,26322,8
26330,48006,240
26294,26289,142
26289,26288,136
26289,25995,6
26288,26201,136
26201,27118,136
26201,26259,2
26268,26278,476
26268,25590,7
26278,25883,476
26305,26302,170
26305,25915,118
26305,26304,234
26302,26135,529
26135,26134,529
26134,48503,529
48503,43374,334
48503,43373,313
28673,40982,344
28673,39620,132
40982,40981,338
40981,35402,338
21085,18542,802
18542,19413,802
19413,21118,752
19413,51379,50
21118,4196,752
4196,4241,802
4241,21152,346
4241,19627,69
4241,21141,387
21152,6197,577
21152,36837,172
6197,19431,573
6197,21175,4
19431,21173,573
21173,5912,563
21173,19411,10
5912,21187,573
21187,5913,579
5913,17853,624
17853,21213,579
17853,21209,51
21213,17580,469
21213,21301,86
21213,5911,172
17580,17777,900
17580,19625,226
17580,4226,15
17777,4226,960
17777,4220,6
4226,4220,581
4226,4222,388
4226,40328,16
4220,21270,895
4220,44353,15
21270,17748,766
21270,4221,63
21270,19672,107
21270,34304,38
17748,19672,130
17748,4221,683
19672,5309,71
19672,5693,190
5309,5338,217
5309,51532,208
5309,6362,11
5338,5311,241
5311,5310,111
5311,43087,141
5310,5339,69
5310,6372,181
5339,5340,67
5339,5341,2
5340,5341,67
5340,17524,184
5341,6356,69
6356,5676,122
6356,19606,86
6356,6354,141
5676,5675,140
5675,5674,124
5675,42027,16
5674,5276,40
5674,5275,47
5674,5668,53
28271,12780,74
28271,37076,3
12787,35199,74
12787,28291,267
35199,12795,74
12795,28303,74
28303,28305,74
28305,12800,74
12800,12801,74
12800,12798,82
12800,12797,10
12800,28308,23
12801,28386,222
28386,28397,167
28386,28396,55
28431,28436,74
28436,28444,74
28444,28456,74
28456,28457,74
28457,28460,74
28460,28448,74
28448,28446,74
28446,28454,74
28454,28441,74
28451,28981,74
28451,35401,206
28981,28983,74
28983,28984,74
47858,5048,377
4957,4659,1018
4957,35334,232
4957,41045,350
4957,5165,19
4659,5165,1560
4659,4509,224
5165,4509,1960
5165,5139,147
4509,5026,396
4509,4728,48
4509,4511,1994
4509,4790,34
5026,4790,739
5026,4911,257
5026,4922,221
4790,49976,659
4790,4735,15
4790,51946,41
4790,20370,27
4790,41481,27
4790,20408,4
4790,44547,1
49976,4735,636
49976,5033,38
4735,4741,634
4735,4878,15
4735,4742,108
4741,4878,472
4741,4879,115
4741,40242,47
4878,4872,472
4878,20370,15
4878,5145,86
4878,4874,47
4872,5082,472
5082,20370,420
5082,4753,52
20370,19867,444
20370,4222,15
20370,19597,21
20370,20408,2
20370,19672,4
19867,19593,420
19867,51230,24
19593,19596,420
19596,19597,420
19597,4220,265
19597,4222,155
19597,20408,21
4221,4217,703
4221,5706,43
4217,5706,703
5706,5707,1557
5706,5708,43
5707,5708,1585
5707,5709,7
5708,5709,1838
5708,5710,15
5709,5710,1796
5709,5711,14
5709,5389,7
5709,5714,28
5709,5425,115
5710,5711,2165
5710,5713,3
5710,5712,15
5710,5366,8
5710,5217,3
5710,5717,8
5710,5267,4
5711,5712,2179
5712,5713,2373
5712,5385,4
5713,5714,2194
5713,5267,3
5713,5383,179
5714,5717,1394
5714,5715,754
5714,5258,4
5714,5371,1
5714,5376,11
5714,5768,153
5717,6059,991
5717,5763,659
5717,5346,4
5717,51577,8
5717,5356,115
43744,14659,48
43744,14667,1197
14659,14653,1004
14659,14644,48
15228,709,63
15228,380,1078
15228,540,84
709,376,835
709,364,6
376,361,32
376,364,171
376,49956,897
376,726,19
361,360,1119
360,329,32
360,726,394
360,599,265
360,359,576
329,51257,699
329,51256,4
51257,310,699
51257,302,142
51257,47362,3
310,302,32
310,305,667
3718,3234,608
3718,2883,6
1916,3675,226
3675,2641,226
2641,3676,226
3676,2642,226
2642,2643,226
2643,3664,226
3664,3665,214
3664,2528,12
3665,3080,214
3080,3677,258
3677,2526,258
2526,2527,267
2527,2630,267
2630,2631,267
2631,2632,267
2632,3678,258
2632,3968,9
3678,3968,258
3968,39063,267
39063,3679,267
3679,3624,267
3624,3666,267
3666,3667,267
3667,3625,258
3667,3477,9
3625,3477,258
3477,3680,258
3477,3478,9
3680,3717,258
3717,3478,258
3478,3479,258
3478,3480,9
3479,3480,258
3480,2524,258
2524,2525,258
2525,2577,258
2577,2528,258
2528,1915,226
2528,1914,44
48038,3437,236
2134,2017,508
2134,2434,235
37608,37607,1037
37607,20621,891
37607,37625,146
20621,20265,1122
20265,6611,1843
20265,18158,43
6611,18158,1843
18158,18146,1365
18158,19361,375
18158,37622,146
18146,19361,1365
19361,41675,979
19361,41672,348
19361,41784,155
19361,41673,100
19361,18116,185
19361,41639,119
41675,18116,538
41675,18121,233
41675,19472,462
41675,49978,185
18116,18117,1811
18117,18110,1778
18117,20435,68
18110,19471,1442
18110,7012,387
18110,20642,9
18110,19840,2
19471,20642,1401
19471,20188,8
19471,18085,33
20642,18085,1793
18085,18066,1942
18085,18041,23
18085,20153,7
18066,18041,2189
18041,17995,1216
18041,18825,16
18041,20748,557
18041,37617,146
18041,20617,2
18041,17983,44
18041,7283,255
17995,20702,307
17995,17983,244
17995,4227,319
17995,34265,210
17995,18082,66
17995,3580,4
17995,7002,55
20702,20612,429
20702,20540,8
20702,49695,39
20612,20876,242
20612,49696,195
20876,20541,242
20876,49695,195
20876,20628,129
20541,4159,307
4159,5914,307
5914,20542,307
20542,20543,307
20543,20544,307
20544,20547,307
20547,20545,307
20545,20546,307
20546,20465,292
20546,20703,8
20546,34265,7
20465,17994,244
20465,34265,203
20465,4227,8
20465,20703,13
17994,18040,915
18040,18058,1970
18040,18078,42
18058,18078,1959
18058,18082,11
18078,18082,1732
18078,7284,19
18078,20153,246
18078,20843,4
18082,20843,1731
18082,18108,66
18082,18099,11
20843,18099,1354
20843,7009,381
18099,18108,1346
18099,19374,19
18108,20435,666
18108,19374,800
18108,19749,246
18108,41784,66
18108,6848,4
18108,41673,17
20435,19749,662
20435,34160,10
20435,20236,62
19749,19750,1003
19750,20850,757
19750,41785,246
20850,41639,703
20850,6334,19
20850,51615,186
41639,18121,1086
41639,6334,381
41639,18103,1
41639,18116,39
41639,4179,40
18121,51615,1554
18121,20499,190
18121,50175,146
51615,18141,1740
18141,18155,1688
18141,18193,52
18155,19379,1570
18155,18193,264
19379,18193,1570
18193,6063,1018
18193,21286,197
18193,19381,506
18193,7062,163
18193,7063,2
6063,7062,891
7062,37624,891
7062,37625,146
7062,7063,17
37624,37623,1037
20372,4176,4
20372,5559,4
20372,19861,4
20372,40516,175
20372,5558,14
20372,19575,28
4176,17563,172
4176,19576,4
17563,19576,31
17563,3945,110
17563,20501,28
17563,5545,3
19576,18810,8
19576,19577,205
19576,19581,2
19576,19321,20
18810,19342,71
18810,43510,58
18810,18818,8
18810,38921,39
19342,5996,4
19342,18818,46
19342,6027,21
5998,20607,150
5998,19336,77
20373,7034,160
7034,7035,17
7034,40513,64
7034,20841,4
7034,39017,48
7034,51222,91
7035,7036,43
7035,6060,39
7035,6066,182
7036,20841,3
7036,39003,450
20340,20341,98
20341,20336,3
20341,20337,4
20341,47425,91
20336,20337,94
20337,35261,98
35261,20338,94
35261,20339,4
20338,20339,94
20339,19556,94
20339,20314,4
19556,50147,3
19556,5881,117
19556,5883,277
19556,20314,11
19556,39029,113
19556,49485,182
47447,19550,292
47447,35274,35
47447,5601,4
5601,4177,162
5601,35117,60
5601,41735,91
5601,41738,17
36304,10328,147
36304,41133,71
7780,8305,347
7780,7673,54
7780,7671,61
8305,7671,192
8305,50394,143
8305,7675,12
7671,7673,224
7671,42303,135
7673,7762,255
7673,7325,54
7762,7325,224
7762,7714,16
7762,7666,15
7325,38148,293
7325,38159,14
38148,7863,176
38148,7867,131
7863,8428,176
8428,8029,147
8428,43976,29
8029,8032,147
8032,8034,161
8032,7881,15
8034,7688,149
8034,7683,17
8034,44165,10
7688,7684,159
7688,7678,2
7684,7681,159
7684,7677,17
7681,34616,176
34616,8436,201
8436,7329,162
8436,7687,161
8436,34615,44
7329,7334,160
7329,8433,2
7334,8433,113
7334,7328,32
7334,7613,15
8433,7977,221
7977,7335,221
7335,7328,115
7335,7333,106
7328,50638,115
7328,8056,32
50638,8056,115
8056,7765,147
7765,7300,147
7300,35006,147
35006,20467,162
20467,18887,162
18887,48444,105
18887,40863,29
18887,6034,57
48444,6034,105
48444,20200,26
48444,20275,66
6034,19800,162
19800,5108,191
5108,5109,252
5109,4946,432
5109,4628,171
4946,4658,445
4658,42399,105
4658,42454,13
4658,4504,538
4658,41978,42
42399,5641,105
5641,5642,279
5641,18890,16
5642,5643,295
5643,5644,279
5643,5816,16
5644,5645,279
5645,5648,279
5648,5649,279
5648,19603,16
5649,42525,295
42525,5650,279
42525,20346,16
5650,5651,279
5650,6342,19
5651,5653,284
5651,5652,33
5653,5655,304
5653,20072,33
5655,5656,337
5656,5658,304
5656,20068,33
5658,5660,304
5658,20039,33
5660,5661,337
5661,5662,270
5661,6339,56
5661,5664,3
11727,10647,417
11727,9914,1459
11727,9997,46
10647,10112,207
10647,10328,22
10647,10781,336
10647,10114,1457
10647,10627,882
10647,11590,439
10647,8806,7
10647,9609,66
10647,10193,67
10647,44800,58
10647,11399,152
10647,10226,22
10647,23145,2
9997,10251,978
10251,8368,169
10251,42157,216
10251,8073,431
10251,38161,55
10251,42149,162
8369,8371,157
8369,8301,20
8371,35426,157
35426,35428,157
35428,35429,157
35429,8382,157
8382,8383,157
8383,8378,157
8378,8372,157
8372,8373,157
8373,42738,157
8367,35946,157
35946,42699,157
42699,8296,157
16509,34034,10
16509,16511,720
16509,16610,3
16509,16513,30
16509,16597,40
34034,34036,10
34036,34037,10
34037,34046,10
34046,16558,10
16558,34038,10
16558,16559,629
16558,16555,10
16558,16556,24
34038,41210,10
41210,48246,10
48246,16538,10
16538,16543,601
16538,41764,38
16543,16533,10
16543,16565,382
16543,16573,409
16543,39182,206
16533,717,959
16533,24704,62
717,24704,979
717,40651,4
24704,40651,10
24704,16643,242
24704,16536,825
40651,40811,166
40811,16528,10
40811,16587,152
16528,16550,266
16550,16621,266
16621,16620,523
16621,16545,14
16621,39981,268
16620,16617,523
16617,16537,236
16617,16535,321
16537,16593,919
16537,16595,18
16537,41213,66
16593,16595,975
41439,41443,24
41443,41444,21
41443,7537,3
41444,41445,55
41445,7512,21
41445,41440,34
41446,41444,34
41446,41440,14
41440,41438,48
41438,7570,16
41438,7516,19
41438,41437,5
41438,35046,3
51376,41446,5
41437,51681,39
51681,41431,39
41431,41433,39
41433,41435,39
41435,7524,18
41435,7641,13
41435,35047,3
39129,22063,500
39129,22064,23
7619,7562,1455
7619,36927,16
7619,49800,174
7619,38614,27
7619,7559,141
40639,29368,905
40639,13227,338
40639,13182,4
40639,14054,1252
40639,29356,6
49850,49822,294
49822,38909,294
49822,7581,347
49822,35049,5
9903,9694,1535
9694,10325,2105
10325,10326,2105
10326,10324,2105
10324,11543,280
10324,8749,1166
10324,8734,659
11543,11848,346
11848,9730,377
10192,9428,1916
9428,9414,1297
9428,9413,972
9414,10335,2259
10335,8949,1853
10335,10309,17
10335,10025,27
10335,10564,726
8949,8950,2143
8949,10309,6
8950,10309,280
8950,10735,1863
10309,10310,288
10309,10025,787
10310,10311,280
10310,9370,187
10311,9371,280
9371,9999,581
9999,9998,581
9998,9367,581
9367,10088,581
10088,9832,581
9832,11537,585
11537,10686,627
51965,10456,1533
51965,10474,234
51965,10727,93
10456,10457,2529
10456,10458,42
10457,11612,1588
10457,37732,44
10457,10458,179
10457,9456,294
10457,10502,702
11613,11850,1259
11850,9973,1799
9973,9456,2006
9973,9633,384
9456,9388,1618
9456,46430,693
9388,9683,1618
9683,9384,1319
9683,9458,303
9683,9386,299
9683,51367,353
9584,9375,1900
9375,9372,1260
9375,9374,635
42453,9915,160
48052,25938,198
25938,25939,1780
25938,42522,444
25938,27361,55
25939,25940,594
25939,27129,639
25939,27792,160
25939,44144,387
25940,25941,1058
25940,27794,176
25940,25942,26
25940,26574,27
12110,26554,481
26554,26561,493
26561,26564,493
26564,26574,493
26564,39335,20
26574,26577,493
26574,12327,27
26577,12117,513
12117,12118,493
12117,44316,20
12117,44312,18
12118,26588,531
26588,12327,531
12327,28651,82
12327,27215,476
12327,44786,143
28651,49414,106
28651,49563,12
49414,12120,301
49414,22315,6
49414,25864,28
49414,25949,11
49414,21696,35
49414,28106,54
12120,12121,554
12121,25864,524
12121,12044,36
16306,8439,43
16306,12042,258
48842,26592,75
11593,9943,210
11593,50689,52
9943,9944,384
9944,9945,384
9945,9940,384
9940,11533,460
11533,9946,460
9946,51374,176
9946,9937,18
9946,11534,58
9946,9934,34
9946,9938,94
9946,9921,80
9938,9939,270
9939,9930,270
9930,9931,270
9931,40506,176
9931,11534,94
51566,51559,215
51566,43254,137
51559,51556,404
51556,51562,404
51562,51563,404
51563,51551,404
51551,43254,215
43254,11468,256
43254,11456,109
43254,34240,192
43254,10662,80
11468,11233,262
11233,9046,135
11233,11289,86
11233,10776,18
11233,41133,23
17416,35081,230
17416,35082,3
35081,35082,230
35082,3617,233
3617,35083,233
35085,2871,264
2871,1701,267
1701,1261,198
1701,1702,69
1261,16958,97
1261,17223,192
50064,39617,371
50064,37147,11
50064,3865,9
39617,3865,268
39617,4001,13
39617,4003,41
39617,4079,49
3865,3834,273
3865,37147,15
3835,50019,239
50019,35087,91
50019,1359,303
50019,1688,67
1476,1703,272
35080,1694,182
35080,1695,6
35080,1310,80
1694,1695,182
1694,3865,3
1695,3873,284
3873,35079,279
3873,3872,5
3873,36077,5
35079,3615,213
35079,36112,66
3615,35078,229
35078,39618,224
35078,35077,5
39618,35077,224
35077,17416,229
47948,2356,283
47948,2392,10
18805,18803,272
18805,1766,179
18803,19576,174
18803,4171,119
18803,20501,1
19577,18810,168
19577,19321,37
43510,38920,197
38920,19290,426
28509,12802,25
12802,28418,51
28418,28422,51
28422,28407,150
28407,28401,25
28407,28408,160
28407,28402,26
12803,28309,231
28309,28482,100
28309,12798,131
28482,28306,181
28482,28313,10
28306,28313,111
28306,28304,75
28313,28341,121
28341,35197,143
28341,28355,16
35197,28355,138
35197,28360,5
28355,28360,116
28355,28358,25
28355,28356,13
28360,28438,25
28360,28440,10
28360,28439,25
28360,28433,61
28440,28451,202
35401,29178,160
35401,39590,4
35401,29160,72
29178,48574,178
29178,28481,2
48574,28481,170
48574,29159,8
28481,28270,54
28481,27899,118
28270,28468,36
28270,27603,69
28270,12535,4
28270,28473,22
28468,12535,8
28468,11936,6
41383,41385,141
41385,41388,141
41388,41390,141
41390,42409,141
42409,42410,141
42410,13919,141
29325,42707,453
29325,51917,272
42707,13730,757
42707,29480,116
42707,13154,218
42261,13260,141
42273,42265,141
42265,43229,141
43229,13828,141
13828,12845,619
13827,29319,141
29319,29328,290
29328,29327,290
29327,13807,141
29327,12866,149
15887,15861,1265
15887,15715,47
15887,24756,4
15887,24640,200
15861,15715,841
15861,22376,176
15861,23885,144
15861,23876,104
22987,24627,8
22987,16803,14
22987,34014,6
24627,34119,117
24627,34120,16
34119,34120,275
34119,25059,14
34120,34121,291
34121,25030,14
34121,34000,262
34121,14609,16
34121,39156,5
25030,25027,270
25027,39156,14
25027,50790,256
39156,50719,19
39156,50720,14
50719,22294,19
22294,16308,14
16308,39156,14
50720,34000,14
34000,34002,276
34002,25059,14
34002,14609,262
25059,33998,28
25059,25030,256
33998,38586,8
33998,34122,276
38586,22293,14
22293,22352,8
22293,34121,6
22352,22353,8
22353,22553,8
22553,15577,8
22553,22351,6
15577,34029,8
15577,34109,51
15577,15578,14
15577,13178,14
34029,22987,14
34029,24767,14
34029,35287,83
16803,15869,21
16803,44696,8
16803,15865,144
15869,23869,1733
23869,23885,1726
23869,23882,50
23869,25113,7
23756,23876,158
23756,22661,1019
44666,51475,358
44666,15553,117
51475,42512,358
42512,39637,158
42512,15552,353
42512,15553,8
39637,39271,146
39637,39757,161
39271,22027,290
39271,22425,141
22027,22689,346
22027,22033,3
22689,22044,460
22044,22310,460
22310,22045,346
22310,39752,114
22045,22425,346
22425,22426,346
22425,16069,141
22426,22423,349
22423,22424,349
22424,22033,332
22424,22027,3
22424,49221,14
22033,23000,335
23000,34015,335
34015,16836,335
34015,48074,132
16836,16837,332
16836,22036,3
16837,22036,332
22036,14923,335
22036,15562,5
22036,22761,5
14923,22899,164
14923,15562,171
22899,15554,164
22899,39273,20
22899,16067,504
15554,15555,604
15555,15556,334
15555,15557,256
15555,22259,14
15556,15557,316
15556,22259,14
15556,22608,4
15436,47873,146
15436,47876,678
15436,47875,44
15436,47870,185
15436,47842,288
15436,37414,32
15436,47874,57
47873,16061,293
16061,16089,467
16061,16062,923
16061,22760,60
16061,22719,159
16061,22782,144
16089,16090,1488
16089,16091,18
16089,16092,31
16090,16091,1488
16091,16092,1506
22034,23310,527
22034,39278,22
23310,22396,156
23310,34049,280
23310,22945,94
22396,24807,289
24807,22039,289
22039,22031,289
22031,22032,289
22032,37,289
37,15431,156
37,34059,133
15431,15432,1610
15431,15434,145
15431,15433,36
15431,15435,199
15432,15433,1610
15432,15434,7
15433,15434,1646
15434,15435,1634
15434,16062,114
15434,37414,12
15434,24826,7
15434,24811,31
15435,15436,761
15435,16062,1186
15435,37414,96
15435,15559,7
47876,15559,270
47876,22899,408
15559,15560,865
15560,15561,767
15560,15562,98
15561,21889,277
15561,15562,320
15561,49521,149
15561,47842,21
21889,22041,295
22041,48074,156
22041,7,132
22041,48069,7
48074,48069,174
48074,51477,114
48069,39757,146
48069,39637,142
48069,39750,7
39757,39756,307
39756,39755,307
39755,24324,300
39755,34016,7
24324,39753,300
24324,39754,150
39753,39752,300
39752,39751,414
39751,39750,300
39751,22689,114
39750,51478,288
39750,39637,7
51478,49221,156
51478,39754,132
49221,51479,156
49221,42513,14
51479,45020,414
28291,28308,125
28291,12797,61
28291,28482,81
28291,28306,5
28308,12801,148
28402,28479,143
28402,28268,5
28402,28424,7
28479,28424,113
28479,28268,30
27646,26849,488
27646,25833,1512
27646,44001,125
27646,27918,7
27646,48115,2
27646,48131,3
25826,47864,118
16337,50,51
50,35515,51
35515,49,51
49,16340,25
49,35551,14
16340,16343,25
16343,37718,11
16343,22016,14
37718,37722,11
37718,34128,319
37722,37721,319
37721,37720,319
37720,23375,333
23375,23370,333
23370,21993,333
21993,37719,333
37719,37718,319
37719,16316,14
34128,23092,11
34128,23642,287
34128,37728,287
34128,23094,7
34128,16316,12
23092,25,308
23092,23643,109
25,8,330
8,16244,333
16244,9,333
16244,16246,64
9,10,296
9,14,37
10,16246,313
10,11,20
16246,16247,401
16247,15428,301
16247,16097,23
16247,22041,3
16247,24830,10
16247,24829,64
15428,15429,1324
15428,15431,356
15428,22034,26
15428,16062,26
15429,15430,1438
15430,15431,1224
15430,22034,194
15430,22999,114
47875,16062,44
47875,16061,159
16062,16063,2275
16062,15611,26
16063,22259,1714
16063,16064,428
16063,21675,23
16063,22608,133
22259,22260,1762
22259,15612,4
22260,22261,1441
22260,21675,327
22261,23671,285
22261,69,164
22261,21675,848
22261,23672,14
22261,34082,483
22261,22262,14
23671,23672,299
23671,39764,214
23671,16850,341
23672,23673,325
23673,23674,325
23674,22,325
22,23675,31
22,48078,759
22,16850,14
22,33969,6
22,97,64
23675,23676,924
23676,69,459
23676,23193,104
23676,44586,361
43927,43926,29
43926,43925,29
43925,48364,21
43925,16867,8
48364,43930,27
43930,43929,27
43929,43928,27
43928,25035,10
43928,25034,6
25035,15178,10
25035,50591,101
15178,43923,10
15178,15425,603
15178,16099,18
43923,43921,10
43921,36907,10
36907,37633,21
37633,38928,10
37633,43920,11
38928,39280,10
38928,38932,30
39280,48077,10
39280,38933,11
48077,39279,266
48077,44585,150
39279,34058,266
34058,25370,266
25370,23649,20
25370,34087,246
23649,23017,25
23017,22029,296
22029,22030,296
22030,22496,296
22496,22771,296
22496,47842,7
22771,22899,20
22771,47842,409
39273,69,219
50187,29350,454
50187,15591,23
50187,15831,52
24181,21318,274
24181,23551,26
24181,21818,280
15591,15795,1309
15591,15858,23
15591,15631,173
15591,25336,156
15795,15631,1181
15795,16823,131
15795,24753,6
15795,22470,136
15858,24757,1376
15858,15887,47
24640,24756,1067
24640,23883,198
16188,16189,844
16188,21334,169
34140,16850,530
34140,48923,322
34140,49246,18
16067,16068,946
16068,51479,258
16068,16082,442
16068,45020,96
16068,42513,150
13858,13830,149
13830,13811,149
13811,12836,149
13810,13806,149
13810,12830,145
13810,13200,104
43230,42276,149
42276,42272,149
42272,13837,149
13837,13826,149
13826,13825,149
13825,13824,149
13824,12879,149
38944,13354,149
38944,12889,139
38944,13730,20
42858,29311,149
42858,14537,503
42858,14536,395
29311,14509,149
14509,13920,149
42411,42408,149
42408,41389,149
41389,41387,149
41387,41386,149
41386,41384,149
41384,13963,149
34246,20430,352
20430,19787,342
20430,5842,4
19787,20280,310
19787,5842,8
19787,19487,24
20280,4339,12
20280,6117,74
20280,20480,277
20280,19494,42
4339,5986,261
5986,34248,8
5986,19798,251
5986,19791,2
34248,34253,115
34253,19791,20
34253,19500,101
34253,19792,4
19791,19497,232
19497,20833,24
19497,5603,206
19497,19798,2
20833,20834,326
20834,34250,326
34250,5930,224
34250,19752,102
5930,20835,228
5930,20839,2
20835,20837,228
20837,20839,228
20839,20838,230
20838,20845,230
20845,20836,230
20836,39197,230
39197,19752,224
39197,44226,6
19752,19753,328
19753,5603,10
19753,6038,300
19753,19791,18
5603,40688,34
5603,6118,289
40688,44220,113
40688,19483,12
40688,20480,4
44220,44219,113
44219,19483,113
19483,19484,329
19484,19485,327
19484,20858,2
19485,34308,327
34308,19742,327
19742,19743,329
19743,4230,329
4230,19810,237
4230,44221,90
4230,19489,2
19810,20278,237
20278,19782,245
20278,19479,4
19782,19479,237
19782,19809,2
19782,18717,4
19479,19480,231
19479,20150,8
19479,20276,2
19480,19808,203
19480,18712,10
48220,3368,417
17316,17314,966
17314,17312,966
17312,17310,966
17310,17309,966
17309,35831,966
35831,35833,966
35833,35476,966
35476,3979,966
35793,35820,966
35820,35819,966
35819,35791,966
35791,47855,1272
35791,35459,67
35791,48898,368
47855,35459,1568
35459,35458,1635
35458,35457,1635
35457,35455,1220
35457,35830,415
35455,35786,1220
35786,35785,1220
35785,35782,830
35785,42701,390
35782,35761,830
35761,35762,830
35762,35764,830
35764,35755,830
35755,35757,830
35757,35767,830
35767,35769,830
35769,35837,830
35837,50942,830
35837,35501,1920
35837,35772,22
35826,3368,117
35756,3431,837
35756,35772,415
3431,35770,837
3431,3402,1019
3431,3403,142
35770,35768,837
35768,35758,837
35758,35766,837
35766,35765,837
35765,35763,837
35763,35760,837
35760,35783,837
35783,35784,837
35784,35787,1225
35787,35454,1225
35454,35456,1225
35456,35829,1640
35829,35460,1640
35460,47854,1575
35460,35790,65
47854,35790,1272
47854,3437,303
35818,3698,966
3698,35792,966
35792,35854,966
35854,17299,966
17299,35832,966
35832,3813,966
3813,35824,966
35824,17311,966
17311,17313,966
17313,17315,966
17315,35794,534
17315,3611,432
42701,42706,390
42706,35759,390
35759,35751,390
35751,35749,390
35749,35800,390
35800,35798,390
35798,35796,785
35796,2243,395
35795,35797,761
35797,35799,388
35797,2240,373
35799,35748,388
35748,35750,388
35750,35752,388
35752,42705,388
42705,42702,388
42702,35784,388
44755,28865,111
44755,44925,13
28865,43749,69
28865,26122,224
28865,9056,259
28865,26058,42
28865,45019,177
28865,27623,4
28865,26846,2
43749,26121,1205
43749,25878,18
26121,26120,146
26121,26665,1102
26121,26496,418
26121,44758,7
26121,27623,118
26121,28472,9
26120,27649,206
26120,26119,303
26120,50166,118
28475,28480,179
28480,48733,182
28480,35201,5
48733,35201,160
48733,29160,19
48733,39590,3
35201,28450,229
35201,28453,11
28450,28439,240
28450,28442,75
28400,28403,155
28403,28401,131
28403,28406,20
28403,28421,5
12798,28289,274
12798,28272,5
28289,12788,274
12788,12782,349
48672,48562,16
48672,48399,61
48562,48831,16
48831,40477,16
40477,48819,16
40477,40476,72
48819,40464,16
40464,29169,88
29169,29170,88
29170,29172,77
29170,29171,11
29172,29175,88
29175,29176,88
29176,29177,88
29177,29178,16
29177,35201,61
29177,39590,11
28391,28374,10
28391,28382,61
26665,26689,1207
26665,40150,33
26665,26915,5
26689,40150,2258
26689,28232,233
40150,26475,314
40150,26873,1310
40150,26531,712
40150,26848,153
26475,26848,217
26475,41843,270
26848,25810,1257
26848,26700,764
26848,26502,89
25810,28246,791
25810,40146,93
25810,46257,620
28246,25770,44
28246,26691,922
25770,25766,557
25770,51484,223
25766,26849,44
25766,29305,768
39976,39967,72
39967,39966,97
39966,35546,74
35546,35530,49
35530,35533,49
35533,35535,49
35535,35536,49
35536,35538,49
35538,35540,49
35540,35529,49
35529,35562,27
35529,50060,22
35529,35541,48
35562,35560,27
35560,35555,27
35555,50060,27
50060,18677,27
50060,18687,22
18677,5760,27
18677,5498,195
5760,18691,881
5760,7197,25
18691,18700,145
18691,7197,617
18691,42400,182
18691,20637,3
18691,35542,48
18691,18692,10
18700,7197,57
18700,18695,88
18700,19478,2
20158,5843,59
5843,5844,59
5844,5845,42
5844,5849,17
5845,5849,42
5849,5855,42
5849,20162,17
5855,5856,42
5856,5858,42
5858,20162,41
5858,20354,1
20162,5868,41
20162,20354,17
5868,20354,41
20354,5871,59
5871,5879,59
5879,4177,59
4177,5517,396
4177,20390,105
4177,19545,5
5517,20390,341
5517,19545,54
5517,35253,1
20390,19545,274
20390,19546,170
20390,20117,2
19545,19546,513
19545,35274,2
19545,19547,2
19546,19547,54
19546,20117,308
19546,35274,318
19546,5565,3
19547,20841,189
19547,20720,93
19547,39024,108
19555,19556,600
5881,5882,457
5882,20721,275
5882,35263,182
20721,3945,183
20721,18803,1
20721,1766,91
3945,37028,41
3945,17566,215
3945,1765,212
37028,37029,81
37029,17566,41
37029,19087,40
42869,26654,37
42869,13103,67
42869,50480,17
42869,13060,6
48114,27623,226
36292,13356,141
47909,324,41
318,300,591
318,21795,4
300,15216,30
300,298,205
300,299,356
15216,15217,30
15217,14621,33
14621,21795,30
14621,223,3
21795,24943,30
21795,700,4
24943,737,30
737,14612,30
737,700,3
737,209,243
37473,14355,27
14355,13361,35
14355,13215,56
14355,14077,721
14355,38939,8
14355,24217,208
14355,13274,30
27900,27689,100
27900,27810,230
27900,21851,36
27689,21589,29
27689,27805,215
27689,26615,70
27689,4124,63
27689,27809,79
27689,42877,10
27689,7562,4
27689,51258,18
27689,23418,6
27689,51199,8
27689,10820,28
27689,49800,8
27689,21851,90
27689,43819,24
14227,50605,29
14227,44752,293
14227,24467,18
14227,24390,17
14227,48418,98
14227,21786,33
50150,9181,435
50150,44418,670
50150,10846,752
50150,9432,342
6405,18069,118
18069,18064,28
18069,18061,90
18064,18057,29
18057,20223,31
20223,18020,31
18001,18024,108
18001,18028,213
18024,17981,11
18024,50051,106
18024,6483,4
18024,17988,6
18024,39085,1
17981,17976,76
17981,5951,1
17976,5951,13
17976,6489,46
17976,6482,59
17976,39085,3
17976,5958,2
17976,5962,3
5951,7265,24
5951,7266,1
7265,7266,24
7266,5953,25
5953,5954,25
5954,5955,25
5955,5956,25
5956,5957,25
5957,7267,25
7267,5958,20
7267,5959,2
7267,7263,1
7267,50717,2
5958,7262,23
5958,5960,4
7262,5960,23
5960,19669,23
5960,44449,4
19669,19668,23
19668,19667,23
19667,44449,22
44449,7270,15
44449,6479,6
44449,6686,5
7270,7269,19
7269,7268,19
7268,5959,15
7268,39085,3
7268,5951,1
5959,5961,17
5961,5952,25
5961,17950,2
5952,17950,18
5952,5951,4
5952,5803,2
5952,17963,1
17950,5962,12
17950,6489,40
17950,17963,23
17950,7232,6
5962,5967,16
5967,5968,14
5967,5969,2
5968,5969,14
5969,5970,16
5970,6483,15
5970,5972,1
6483,5972,17
6483,17981,31
6483,7232,123
6483,17976,47
5972,5971,20
5972,5951,2
5971,7232,15
5971,17981,1
7232,18022,20
7232,50008,45
7232,6646,106
7232,18028,5
18022,18005,211
18022,17975,16
18022,18034,6
18022,18000,46
18022,6622,3
18005,6623,105
18005,18042,192
18005,18033,4
6623,6405,97
6623,5828,195
6623,18072,14
28296,43571,170
43571,43570,470
43571,43568,114
43570,26755,86
43570,28298,7
43570,43568,130
43570,46429,371
26755,28191,86
26755,26893,375
28191,26895,93
28191,43136,106
26895,26896,346
26895,28300,2
26896,26740,346
26896,46357,124
26740,26897,67
26740,28834,7
26740,26729,9
26740,26744,157
26740,26707,10
26897,26707,69
26897,26729,155
15877,15898,876
15877,44134,415
15877,15354,22
15877,41226,147
15877,15688,17
15877,24207,24
25338,15493,793
25338,15684,4
25338,43052,155
15493,15684,1050
15493,25070,204
15684,25073,1038
15684,15622,4
15684,25084,12
25073,23256,1376
23256,25084,1002
23256,15853,374
25084,15406,1289
25084,15473,12
15406,25086,1382
25086,15473,1382
15473,15678,1270
15473,44016,266
15473,25085,122
15473,15688,156
15473,49377,12
49377,15622,432
49377,15621,130
49377,15833,41
15622,15621,818
15621,15529,685
15621,48813,37
15621,23308,198
15621,25109,30
15836,15827,283
15836,25142,24
15827,15719,263
15827,13178,20
15719,44487,321
15719,21799,236
15719,21595,184
44487,15723,321
15865,15886,575
15865,44696,228
15865,23596,1066
15865,15709,50
15886,15709,920
15709,15606,592
15709,25033,69
15709,38692,309
25136,16036,972
25136,15683,81
25136,23863,314
15683,25135,1095
15683,23402,8
15683,23410,188
15683,23575,148
15683,34117,14
15903,977,82
15903,43519,76
15860,15859,1079
15860,972,912
15859,15686,969
15859,977,733
15686,15799,969
23762,15592,1056
23762,44697,5
15592,34134,963
15592,25033,413
15592,22895,50
34134,22895,607
34134,38692,446
23859,44697,756
23859,34029,83
23859,15866,50
44697,15866,789
44697,16802,5
15866,15869,1712
15866,16802,148
15866,23869,50
24755,24666,1014
24755,15625,199
24755,29342,5
24755,21595,26
24666,15625,1087
24666,24753,336
15625,22964,1206
15625,25107,223
15625,16824,174
15625,35173,5
16824,25107,1360
16824,25333,14
16824,25332,124
25107,22309,1579
25107,21595,13
25107,25137,4
22309,22116,544
22309,21595,613
22309,21799,174
22309,25137,248
22116,25137,90
22116,21595,454
25137,15679,778
15679,21798,761
15679,21478,17
21798,15826,274
21798,21478,8
21798,12975,327
21798,22935,105
21798,16031,21
21798,24791,8
21798,21589,4
21798,42877,12
21798,23478,2
15505,15671,328
15505,15873,15
15810,49366,534
49366,50468,464
49366,25083,55
49366,44016,15
15407,25076,959
25076,23316,523
25076,44250,437
39973,39965,155
39965,7243,155
7243,6566,155
6566,6570,155
6570,6569,155
6569,7240,155
7240,18251,114
7240,18857,41
18268,7235,351
7235,18270,351
18270,18872,229
18270,5776,122
18872,18873,229
18873,37186,229
37186,7236,229
7236,7237,229
7237,7238,229
7238,7239,229
7239,18256,229
18256,18254,229
18254,7234,317
18254,18869,62
7234,18234,114
7234,18869,205
18234,19381,114
18234,18192,356
18234,51790,179
18234,20265,202
19381,20265,398
19381,18192,131
19381,21286,115
19381,20621,104
41672,18116,731
41672,18103,310
41672,41639,40
41672,18121,26
17983,17989,116
17983,44440,566
17989,6573,184
17989,18860,285
17989,18825,2
17989,5820,302
6573,17913,116
6573,18860,29
6573,6538,41
17913,18860,116
18860,18862,598
18862,6534,284
18862,37272,314
6534,18835,229
6534,37272,55
48190,26122,195
48190,26659,30
48190,26631,2
26122,43749,1133
26122,27623,5
26122,25734,532
26873,26848,1028
26873,26475,67
26873,25794,209
26873,26502,6
26700,26874,916
26700,26715,77
26700,42023,28
26874,26706,800
26874,26715,12
26874,28727,104
26706,26714,81
26706,26715,724
26706,26921,9
26714,26712,81
26712,26713,81
26713,26857,81
26857,26719,81
26719,26720,81
26720,26858,81
26858,26722,81
26722,26721,81
26721,26860,81
26860,26861,81
26861,26723,81
26723,26862,81
26862,26863,81
26863,26726,81
26726,26864,81
26864,26865,81
26865,28579,81
28579,26866,81
26866,26867,81
26867,26868,81
26868,26869,81
26869,26918,75
26869,26870,6
26918,26870,75
26870,26919,81
26919,26717,81
26717,26716,81
26716,26711,75
28186,28515,434
28186,25777,86
28186,26886,41
28515,40147,309
28515,26886,131
40147,26886,303
40147,43614,6
28833,26688,21
26688,26670,21
26668,26667,240
26667,28544,240
28544,26657,98
28544,49159,142
26657,26664,240
26664,26675,240
26675,26676,240
26676,26681,240
26681,26674,238
26681,26662,2
26674,26662,175
26662,26656,177
26656,12054,177
12054,12055,121
12054,12058,56
12055,12056,121
12056,12057,121
12057,12058,121
12058,26666,177
26666,51117,121
26666,28545,56
51117,28545,119
51117,26692,2
28545,26694,175
26694,26692,157
26694,28528,18
26692,26645,119
26692,26626,2
26692,26622,56
26645,26622,119
26622,26624,157
26622,28547,18
26622,27918,2
26624,28546,101
26624,43898,56
28546,26618,101
26618,44690,98
26618,26585,56
26618,50652,3
44690,26585,101
26585,26635,99
26585,26626,76
26635,26626,99
26635,26625,91
26626,26644,177
26644,26651,99
26644,28278,22
26644,26649,56
26651,28278,99
26651,26647,91
28278,28279,10
28278,26649,111
28279,28317,8
28279,28280,2
28317,28280,8
28317,28302,7
28280,28281,8
28280,28282,2
28281,28282,8
28282,26890,8
28282,26895,2
28192,28188,338
28188,26756,333
28188,26758,5
26756,26758,333
26758,26891,214
26758,43070,28
26891,26892,15
26891,44630,114
26891,43567,80
26891,43568,5
26892,26754,132
26892,28191,7
26754,44630,8
26754,26755,375
28285,28286,88
28285,12408,78
29065,29055,261
29055,29049,254
29055,28868,7
29049,12432,398
12756,29021,8
12756,12642,38
12756,28866,23
12756,29031,5
12756,12596,299
29021,12596,8
12596,12642,285
12596,29200,137
12596,29044,174
12642,12639,323
12639,48422,88
12639,12640,76
12639,49061,7
12639,49438,152
48422,48072,103
48072,28866,103
28866,29293,378
28866,29031,147
28866,29063,148
29293,25860,337
29293,25822,41
29275,29276,256
29275,28868,137
29276,12437,259
12437,28319,259
28295,28296,73
28295,43571,9
28295,37776,30
28298,28192,7
28298,43567,130
28298,12407,199
28834,28300,7
28300,28301,7
28300,28302,2
28301,28317,7
28302,26650,9
26650,26651,91
26650,26647,28
26650,26643,41
26647,26643,119
26643,26635,91
26643,26625,69
26625,28527,132
26625,26586,26
26625,26693,2
28527,44689,88
28527,43898,41
28527,50652,3
44689,26619,91
26619,26629,91
26619,26623,41
26629,26623,91
26623,26631,158
26631,26639,117
26631,26693,41
26639,26693,92
26639,28528,25
26693,28529,117
26693,38588,2
26693,26695,41
28529,38588,158
38588,26663,119
38588,12205,41
26663,26658,119
26658,26653,119
26653,28530,119
28530,26661,160
26661,26668,119
26661,12424,41
48131,26659,110
26671,26887,454
26887,26685,25
26887,28187,363
26887,26710,43
26887,26687,71
26685,26687,368
26685,38378,20
26687,26704,429
26687,26709,35
26704,26709,310
26704,26710,119
26709,28517,231
26709,26617,5
26709,38737,88
26709,26640,18
26709,26641,2
26709,38736,1
28517,26641,108
28517,26640,124
26640,26637,232
26640,12035,20
26637,26617,208
26637,48740,24
26617,28525,151
26617,26611,62
28525,26620,151
26620,42282,13
26620,26633,138
42282,26633,13
42282,26621,20
26633,28526,110
26633,26650,41
28526,26650,110
26586,26558,26
26558,26623,26
26558,26585,18
28528,26600,43
26600,26693,25
26600,26692,18
28547,26558,18
26649,26634,111
26649,26621,56
26634,42282,20
26634,26621,91
26621,28320,167
28320,26616,167
26616,26630,217
28187,26685,363
49159,26657,142
28735,37522,96
37522,28734,96
28734,28733,113
28734,26728,1
28733,28732,110
28733,47983,3
28732,26718,102
28732,26728,8
26718,28207,335
26718,34287,52
28207,28208,473
28207,42281,6
28208,49689,473
49689,26696,473
26696,28578,717
28578,26673,564
28578,28194,153
41843,26511,982
26511,41261,313
26511,38806,669
41261,38806,43
41261,25809,302
29003,25952,179
25952,25953,99
25952,28111,143
25953,25749,23
25953,51210,30
25953,12491,192
25953,42812,10
48207,9056,60
9056,27833,665
9056,27822,9
9056,44201,678
27833,27830,1150
27830,27820,1150
27820,27822,1150
27822,27823,1224
27822,27825,9
27823,27813,1091
27823,27825,141
27813,27825,688
27813,41959,206
27813,44121,177
27813,26911,12
27813,35277,8
27825,44199,721
27825,27827,117
44199,27827,558
44199,26557,9
44199,27834,30
44199,50186,92
44199,50184,32
27827,27826,210
27827,27834,230
27827,50186,221
27827,25699,14
27826,27834,210
27834,26557,577
27834,27714,40
27834,50462,82
26557,27850,689
26557,26419,9
26557,26409,59
27850,27848,687
27850,27594,6
27850,27851,72
27850,27654,14
27848,27847,470
27848,27654,96
27848,27851,121
27847,27851,118
27847,27654,352
27851,26546,315
27851,27839,62
27851,27836,65
27851,26544,72
27851,27859,6
27851,49624,17
26546,26544,289
26546,27836,10
26546,27857,16
26544,27856,72
26544,27836,217
26544,27839,72
27856,27836,72
27836,27838,315
27836,27839,65
27838,27839,299
27838,41604,16
27839,27220,361
27839,27859,183
27839,26434,18
28592,28588,530
28588,28589,904
28589,28841,218
28589,28863,412
28589,27564,254
28589,39769,20
28841,27566,444
28841,27571,111
27566,27571,444
27571,12750,444
27571,48524,111
12750,27236,134
12750,27229,505
12750,27237,22
12750,47428,199
27236,28591,708
27236,29221,317
28591,28693,708
28693,27222,150
28693,43523,359
28693,27226,199
27222,27859,130
27222,27240,199
27222,27862,20
27859,27862,112
27859,27841,304
27859,27869,5
27859,27888,6
27859,27865,6
27862,27840,206
27862,41645,19
27840,26853,132
27840,44292,93
26853,27885,111
26853,39444,21
27885,50483,120
27885,27894,12
50483,27894,80
50483,49376,40
27894,27891,92
27891,27890,92
27891,27747,19
27890,27745,168
27745,27739,188
27739,27737,188
27737,27659,168
27737,28627,20
27659,27660,106
27659,27871,82
27660,11933,705
11933,27663,570
11933,42660,150
11933,28639,22
11933,27584,3
27663,27581,328
27663,51243,217
27663,51118,85
27583,27575,941
27583,27572,22
27583,39721,176
27575,27572,941
27572,27254,83
27572,39563,122
27572,27252,217
27572,27578,609
27254,27260,318
27260,11986,142
27260,27583,176
27664,27658,143
27658,27644,121
27658,28626,22
27644,27639,71
27644,28832,50
27644,51383,22
27639,27722,71
27639,44551,20
27722,26555,51
27722,27915,40
26555,26553,51
26555,26554,12
26553,28587,51
28587,25944,51
25945,50082,61
25945,25946,219
50082,25946,61
25947,25948,684
23209,15536,51
23209,15534,30
15573,21917,61
15573,15574,42
15573,15575,4
21917,15575,117
15575,15576,75
15575,15608,42
15575,15577,4
15576,15577,75
34109,15563,51
34109,15886,81
34109,23596,96
26729,26707,164
27654,27700,9
27654,27709,483
27654,27276,87
27654,27591,16
27654,27594,8
27654,27699,92
27700,27278,9
27700,27276,290
27700,27591,74
27700,39215,32
27700,50966,53
27700,39216,12
27700,27703,32
27278,27281,692
27278,39422,76
27278,26964,42
27281,27283,734
27281,39426,175
27283,27298,734
27298,28600,9
27298,27299,725
27298,39419,173
28600,27595,211
27595,28881,716
27595,27599,120
28881,12405,1201
12405,12406,1081
12405,27854,4
12405,27945,16
12405,27849,8
12406,11958,9
12406,48607,394
12406,29249,342
12406,27279,76
12406,39421,173
12406,27945,87
11958,27945,361
27945,27220,9
27945,27701,406
27945,27703,63
27945,39216,334
27945,26415,8
27945,27849,16
27945,11962,79
28863,39790,472
28863,28659,240
39790,39788,508
39790,39787,153
39790,12750,10
39788,39787,208
39788,28139,190
39788,42456,110
39787,12750,307
39787,48524,22
39787,27229,54
27229,27236,559
29221,26852,97
29221,48522,132
29221,35549,198
29221,44291,253
22343,24757,116
22343,16809,184
48189,27623,98
48189,9056,40
26615,27805,129
26601,26605,129
27905,27903,293
27905,49563,101
27905,49414,10
27905,47834,18
27905,28106,3
27903,26603,129
27903,49563,71
27903,21696,1
27903,27812,93
26603,27812,129
27812,49563,129
27812,28106,6
27812,49414,93
27812,49421,24
15418,15420,138
15418,15419,411
15418,15421,20
15418,15657,24
15421,15422,132
15421,15602,393
15421,24830,20
15421,15427,12
15422,15423,527
15422,15425,10
15423,15424,527
15423,15425,8
15424,15425,509
15424,39807,18
15425,15427,126
15425,15426,1004
15427,15428,1025
15427,24830,70
15427,2,14
15427,25,12
24861,21507,114
24861,24767,1213
24861,24755,31
24861,15616,178
24861,22723,23
24861,35287,156
24861,22592,7
22377,23596,114
22377,33994,176
23596,48215,56
23596,47836,440
23596,47833,148
23596,22804,356
23596,47831,261
23596,48194,96
23596,48262,104
23596,22672,245
23596,47837,201
27799,27804,141
27799,39936,20
27804,12975,15
27804,28819,58
27804,21851,50
27804,43819,131
27804,10794,16
50940,44568,22
50940,48642,12
50940,39214,12
50940,11961,75
44568,44565,34
44568,50410,284
44568,44567,451
44565,42694,34
42694,39482,823
39482,27598,34
39482,27589,472
39482,26968,176
39482,39498,141
27598,27294,857
27598,26427,173
27598,39497,14
27294,27293,385
27294,39497,566
27294,39488,115
27294,26427,46
27293,39718,777
39718,39499,230
39718,27275,547
39499,27590,230
27590,26968,890
27590,42693,586
26968,39249,1066
39249,27587,34
39249,39484,857
39249,39415,175
27587,27286,469
27587,28881,269
27587,39485,129
27286,27287,661
27287,26967,661
26967,39412,469
26967,43476,192
27300,27297,661
26965,27945,339
27701,27851,87
27701,11961,395
27841,27660,22
27841,27888,287
27841,27871,72
27841,39440,20
39563,27865,103
39563,46704,404
39563,44131,61
39563,37039,41
39563,44662,20
39563,27245,102
27865,13178,16
27865,27883,221
27865,27876,152
27865,25940,40
27865,38944,6
48112,26808,6
48112,29015,154
48112,26817,149
26808,26784,775
26784,26781,295
26784,27805,140
26784,35694,78
26784,26779,62
26784,21851,100
26784,27498,30
26784,28230,77
26784,28744,24
26784,49436,33
26781,26779,161
26781,37781,11
26781,35610,123
26779,26777,161
26779,26770,20
26779,27498,30
26779,26772,12
26777,28245,161
28245,26773,3
28245,26772,157
28245,26737,1
26773,28236,177
26773,28216,162
28236,28212,3
28236,28237,174
28212,28213,3
28212,44597,191
28212,44596,10
28213,28581,267
28581,28214,23
28581,44618,244
28214,42070,263
28214,28215,4
42070,28215,263
28215,26774,175
28215,42069,92
26774,26772,111
26774,37641,64
26772,28219,292
26772,28228,12
28219,26770,292
26770,28554,205
26770,28555,87
26770,26737,20
28554,28555,205
28555,28556,218
28555,28229,87
28556,12012,218
12012,28226,19
12012,28228,182
12012,28222,4
12012,48882,13
28226,28767,123
28226,28234,12
28226,40702,88
28767,28225,127
28225,28223,10
28225,28778,100
28225,28766,17
28223,28228,123
28223,28234,4
28228,28229,318
28228,26737,12
28229,26737,24
28229,28230,377
28229,51390,4
26737,51390,116
26737,27810,10
26737,29243,10
26737,27809,4
26737,28329,13
26737,28794,1
51390,28329,3
51390,28794,100
51390,28795,4
51390,28784,1
51390,28780,12
28329,27692,5
28329,28468,12
28329,28475,4
28329,27809,5
28329,42283,1
28329,28473,22
27692,26584,22
27692,26434,12
27692,27697,46
27692,27733,45
27692,27666,2
27692,27839,2
26584,27731,14
26584,26568,8
27731,27630,14
27731,28634,8
27630,27666,20
27630,27584,2
51119,27656,79
51119,26955,68
26117,28671,64
26117,43372,634
25561,25688,285
25561,43490,76
27911,28802,241
27911,44523,18
27911,26567,2
28802,26567,55
28802,27910,204
27880,27802,246
26593,27801,272
47891,27623,128
47891,25825,18
15096,26632,131
15096,15904,207
26632,15486,342
26632,38110,8
35566,14600,131
35566,15988,26
27778,49709,70
27778,26557,87
49709,49736,70
49736,27777,44
49736,12802,26
27777,26579,44
26579,49714,50
49714,28979,90
28979,27719,44
28979,27782,43
27719,28513,44
28513,27873,44
27910,27643,33
27910,26567,171
27643,27751,48
27643,39641,21
27751,27752,48
27752,27741,48
27752,39941,21
27741,27744,48
27744,27628,48
27628,27626,90
27626,27636,48
27626,51382,42
27636,28831,48
27636,39428,21
28831,27638,69
28831,27639,20
27709,27699,493
27699,27700,483
27699,39369,10
27699,27591,92
27276,27277,801
27277,27278,801
27299,26966,413
27299,43477,192
27299,28600,120
26966,27288,605
27288,27285,605
27285,27599,181
27285,42168,232
27285,28881,192
27599,26970,307
27599,41542,540
26970,26969,1191
26969,27589,873
26969,42693,147
26969,27598,171
27589,39498,98
27589,27598,839
27589,40881,408
39498,27296,239
27296,27292,849
27292,27295,432
27292,39488,417
27295,40423,691
27295,26427,309
40423,39363,890
39363,42693,34
39363,27590,856
42693,44563,34
42693,44566,232
44563,44564,458
44564,48800,328
44564,48848,349
44564,50941,22
48800,50941,214
48800,39217,407
48800,39213,84
48642,44568,353
48642,48848,173
11962,27653,472
11962,39374,10
11962,27849,39
11962,27851,40
27653,27851,76
27653,27849,396
28832,27635,50
28832,39428,40
27635,27634,50
27635,51382,22
27634,27627,89
27627,27743,67
27627,39645,22
27743,27742,50
27743,28682,17
27742,27740,50
27742,39941,17
27740,27750,67
27750,27642,50
27750,39641,17
27642,27909,29
27642,26567,38
27916,27912,180
27916,39526,17
37414,22899,96
11579,10529,1219
10529,10723,1221
10723,10528,1221
10528,10691,1221
10691,10531,291
10691,11477,936
10726,10560,291
10560,10714,291
10714,10724,1359
10724,10351,1359
10351,10352,1354
10351,11454,5
10352,11454,1354
11454,10692,1359
10692,10353,1359
11477,10685,1134
11477,8731,323
11477,9064,526
11477,9832,2
11477,9063,268
10685,10452,1514
10685,9064,6
10685,9841,4
10685,10474,6
10452,8936,2347
10452,10455,739
10452,10464,5
10452,49535,28
10452,10089,2
10502,10503,985
10503,9600,606
10503,10108,26
10503,9368,353
51553,35302,1519
35302,8733,763
35302,10759,351
35302,11725,512
10432,10433,1014
10433,10480,798
10433,11497,216
10480,10434,992
10434,10435,992
10435,10436,992
10436,10437,992
10437,11554,992
9691,9692,285
9692,9489,285
10517,8871,130
10517,9909,90
10517,9681,238
8871,8131,688
8871,7780,155
8871,40685,62
8871,35605,86
8871,10516,60
8871,38715,11
8871,34690,7
8871,42232,81
8413,34716,350
8413,8185,68
8413,8414,16
34716,8414,426
34716,7900,10
7902,7834,486
7834,35038,470
7834,7835,16
35038,7835,470
7835,8424,486
8424,8425,498
8425,8426,515
8426,8114,503
8426,34707,5
8125,43849,26
8125,42472,96
8125,10448,27
8125,9681,612
8125,10226,271
8125,43242,16
8125,10116,2
41501,41500,169
41500,38885,169
38885,38884,76
38885,7671,14
38884,34920,76
34920,36850,76
36850,36851,169
36851,48541,169
48541,43871,169
43871,38883,169
38883,38882,169
38882,38881,169
38881,41499,169
41499,41498,169
41498,34924,169
34924,34925,76
34924,34949,93
34925,34926,76
34926,44392,76
44392,7663,76
7663,8332,28
7663,7779,427
8332,7794,28
8332,50394,28
8332,7675,2
8332,34821,34
7794,34847,28
34847,34716,62
42472,7965,96
42472,8318,76
7965,37043,64
7965,34953,32
37043,37044,132
37044,34953,64
37044,42472,68
34953,34951,96
34951,34954,96
34954,34950,76
34950,34952,76
34952,36859,76
36859,37043,68
36859,42472,8
8318,8131,76
34703,8114,309
34703,8292,6
9343,11912,205
9343,9346,269
9343,9697,5
9343,10775,150
11912,10774,205
10774,34268,183
10774,11844,187
34268,9694,104
34268,9543,489
34268,9647,165
8749,10264,18
8749,10514,1070
8749,8965,6
8749,9966,323
8749,10775,78
8749,8750,742
8749,10179,243
8749,10446,34
10448,10716,19
10448,10226,8
10448,10193,181
10448,11734,29
10281,10323,670
10281,8734,522
10281,9896,12
10281,34273,32
10323,9621,2252
9621,9695,2252
9695,11847,276
9695,9342,1675
9695,9543,301
11843,11568,19
11843,11459,200
11843,9346,69
11843,9733,68
8938,8939,2150
8939,8940,2252
8939,10309,422
8939,9412,16
8940,8941,2252
8941,11561,1891
8941,11851,361
11561,10334,832
11561,8942,242
11561,9412,817
10334,8943,102
10334,9412,1444
10334,38591,299
8943,11623,328
8943,10097,73
8943,10106,4
11623,10402,917
11623,11458,299
10402,10168,2621
10402,8743,13
10168,11576,1733
10168,8743,888
11576,10707,29
11576,10121,1673
11576,11739,33
10707,10498,285
10707,10647,889
10498,9682,147
10498,51550,244
10498,9503,6
10498,11928,18
9682,8871,53
9682,9909,106
10166,10167,1294
10166,10097,13
10167,8947,54
10167,8917,1273
10167,10165,3
10167,11581,110
8947,8948,429
8948,10335,126
8948,38594,315
8948,8949,6
8948,9412,490
10735,8952,1779
10735,10309,43
10735,46743,290
8952,10468,308
8952,10477,1471
8952,10465,2
7913,7899,984
7899,7912,984
7912,7900,328
7912,8415,656
9914,8870,1955
9914,9503,3
9914,11339,476
9914,8871,81
50394,7675,79
50394,7671,92
7675,44393,93
7675,41501,4
44393,34918,93
34918,36850,93
34949,43960,93
43960,41501,93
7779,8328,406
7779,38849,17
7779,9681,4
8328,9681,187
8328,36858,2
8328,10226,8
8328,10193,78
8328,10448,210
8328,43849,8
42303,36814,106
42303,7673,29
36814,49182,197
49182,38880,197
38880,38879,201
38879,36854,173
38879,34843,16
36854,36815,97
36815,7672,95
36815,7673,2
7672,42302,124
7672,7663,259
42302,7663,120
42302,7675,4
36858,37526,2
37526,34703,2
51521,43387,13
51504,43882,5
51504,43880,5
48113,26122,390
26715,51421,452
26715,40444,12
26715,12193,119
26715,26906,77
26715,26738,153
51421,26906,354
51421,26738,105
51421,26737,97
51421,27810,1
51421,27809,1
26906,28233,393
26906,28561,18
26906,26782,56
26906,26787,21
26906,28234,15
26906,39134,1
28233,28560,77
28233,28234,187
28233,28222,5
28233,48809,89
28233,48277,35
28560,28561,77
28560,28220,216
28561,39135,293
28561,28217,18
39135,26773,264
39135,39134,4
39135,37641,25
28237,42073,261
28237,28238,4
42073,28238,261
28238,44612,253
28238,28572,4
28238,26775,8
44612,26775,243
44612,28572,10
26775,28572,192
26775,44611,59
28572,44598,181
28572,28239,25
44598,28239,181
28239,51651,159
28239,28216,4
28239,40483,4
28239,44595,39
51651,44595,149
51651,39226,4
51651,44593,6
44595,44593,157
26660,43995,395
43995,51486,395
51486,28531,395
51486,25770,223
28531,26847,950
26847,26502,711
26847,26503,42
26847,46257,197
26502,26700,257
26502,26503,1176
28234,26763,229
28234,39134,11
26763,28559,229
28559,28560,216
28559,50754,13
28220,28561,216
28216,26776,166
26776,28182,171
28182,28217,171
48120,359,197
14770,24901,40
24901,14775,40
14775,14780,40
14780,14784,40
14784,14798,40
14798,24902,40
24902,14815,40
14815,14816,40
14816,40,40
40,14820,40
14820,14863,40
14885,14914,40
14885,37017,29
14885,24912,33
14914,24951,79
24951,24950,79
24950,24948,79
24948,14975,40
24948,24912,39
14975,14987,40
14987,14992,40
14992,15005,40
15005,24907,40
24907,15015,40
15015,14970,40
14970,24914,79
24914,14851,40
24914,24908,39
14851,14850,40
14850,16691,39
24913,14970,39
24908,24909,39
24909,24910,39
24910,24911,39
24911,39,39
39,14914,39
24912,14866,57
24912,14860,43
14823,14812,39
14812,14806,39
14806,14817,39
14817,24906,39
24906,14797,39
14797,14782,39
14782,14778,39
14778,14776,39
14776,14779,39
14779,14765,39
47830,359,306
24920,24922,84
24920,14693,804
24922,14725,32
24922,14729,52
14725,14729,32
14729,24955,32
14729,45050,52
24955,24953,32
24953,14718,32
14718,14709,32
14709,14702,32
14702,14722,20
14702,14704,12
14722,14748,37
14748,14752,37
14752,14741,37
14741,14726,37
14726,14704,20
14726,24925,17
14704,14719,32
14719,736,32
736,735,32
735,17248,64
17248,800,64
800,802,32
49198,14897,217
49198,14885,29
14961,14954,511
14954,14963,262
14954,39044,249
14963,42817,294
14963,14990,217
42817,15003,411
15003,15035,259
15003,49517,152
15035,15037,77
15035,15045,75
15035,36997,107
24977,24972,112
24972,24976,112
24976,24979,112
24979,24973,112
24973,15184,112
15184,24970,112
24970,15174,112
15174,24974,112
24974,24975,112
24975,24971,112
24971,24889,55
24971,15176,57
15186,15181,77
15186,15180,78
15192,24891,112
15192,15194,75
24891,24892,112
24892,24893,112
24893,15198,112
15198,15200,112
15200,15194,112
15194,15189,188
40559,42094,42
40559,15193,57
40559,22567,13
42094,22567,65
42094,15205,50
22567,22564,180
22567,38306,21
22564,22556,180
22556,22560,157
22556,15207,23
22556,38306,8
22560,22561,157
22561,24933,55
22561,22559,102
24933,15207,55
24933,41369,102
15207,38310,55
15207,50776,96
15207,2608,96
15207,2969,50
38310,22557,157
22557,22558,150
22558,41368,150
41368,41367,150
41367,40555,150
40555,38307,150
38307,38306,150
38306,40556,179
40556,38305,158
40556,42734,21
38305,42734,57
38305,15205,96
38305,768,5
42734,40559,47
42734,15193,71
42734,40558,10
15034,24870,426
15034,49517,282
24870,15000,553
15000,14982,434
15000,14990,10
15000,39043,109
14982,14969,647
14969,14955,421
14969,39044,226
14955,14960,450
14955,42815,197
15148,15157,43
15157,15237,43
15237,15238,43
15238,24883,43
24883,15239,43
15239,24884,43
24884,24885,43
24885,15241,43
15241,24886,43
24886,15240,43
15240,25389,43
25389,24887,43
24887,24888,43
24888,25390,43
25390,24882,43
24882,15153,43
15153,15146,21
15153,15151,22
24881,15105,43
15105,15102,43
15102,15100,43
15100,15082,43
15082,15081,43
15081,15079,43
15079,777,21
15079,15115,22
15109,15107,49
15107,15101,49
15101,24872,49
24872,15089,49
15089,15075,49
15075,24873,49
24873,24874,78
24874,24875,78
24875,774,21
24875,690,57
14988,14994,17
14994,15014,33
15014,15017,17
15014,695,16
15017,695,17
695,567,36
567,566,36
566,266,36
266,14997,17
266,494,19
14997,15071,17
15071,15068,33
15068,24867,33
24867,24866,33
24866,15070,33
15070,15122,17
15070,14994,16
15122,990,33
990,15118,33
15118,44273,17
15118,51653,16
44273,43408,17
43408,15132,17
15132,43409,17
43409,24983,17
24983,24865,16
24865,15121,16
15121,15122,16
51653,15071,16
494,24939,16
494,486,3
636,22235,16
636,14612,49
636,35170,883
636,14607,4
636,249,435
636,40897,196
14814,14808,89
14808,15252,89
15252,42457,85
15252,24894,4
42457,42458,40
42457,24894,45
42458,24894,40
24894,42459,89
42459,14819,44
42459,14807,45
24877,15042,40
15042,24878,85
24878,15057,85
15057,15065,85
15065,15073,85
15073,24879,85
24879,15076,85
15076,15074,85
15074,30,85
30,31,85
31,32,85
32,33,85
33,34,85
34,15039,45
47966,359,84
47966,49032,6
47966,24920,110
14822,455,84
14822,454,663
14822,25339,16
455,496,202
496,497,202
497,501,202
476,490,202
490,488,202
470,473,202
473,461,202
720,718,160
720,14945,4
718,14945,136
48283,35115,164
48283,598,36
48282,24940,103
48282,492,98
722,704,157
704,484,149
704,720,4
704,492,4
469,471,190
471,475,190
491,477,190
477,472,190
498,495,194
495,14800,77
495,25339,66
495,454,51
14800,14813,556
14800,14825,247
14800,14843,33
14813,14825,528
14813,14827,28
37017,24873,29
690,15066,79
15066,687,51
15066,37016,28
687,688,51
688,685,51
685,689,51
689,684,51
684,15115,29
684,24881,22
37016,24912,28
25339,715,186
715,14762,149
715,453,82
715,39094,9
715,451,12
715,39125,7
715,39095,2
14762,413,82
14762,721,92
14762,39114,40
413,414,154
413,412,18
413,417,14
413,39105,8
413,39102,2
413,39103,8
414,412,60
414,39103,7
414,39102,2
414,417,54
414,50133,94
414,721,50
414,453,6
412,407,22
412,39105,50
412,14757,6
407,409,206
409,14757,54
409,406,80
409,410,94
409,405,38
14757,37117,114
14757,39107,11
14757,43572,6
14757,33917,66
14757,421,6
14947,486,108
14947,487,4
14947,481,16
14953,487,36
487,493,124
487,24940,54
569,35115,94
569,492,3
492,25348,138
492,484,41
25348,14917,34
25348,14901,100
25348,24939,4
14917,24939,22
14917,481,12
780,37018,123
780,768,2
780,15172,40
37018,15919,221
37018,38302,49
15919,22384,230
15919,15150,40
22384,15150,230
15150,15172,251
15150,698,12
15150,15171,14
15172,698,230
15172,22912,5
15172,35491,40
15172,15939,30
698,15939,237
698,22912,23
15939,39849,267
39849,39847,267
39847,15936,267
15936,39846,237
15936,37024,30
39846,15952,267
15952,37001,237
15952,37023,30
37001,37023,102
37001,39842,135
37023,39842,102
37023,15954,30
39842,15954,219
39842,15949,18
15954,39841,249
39841,15949,283
15949,15947,249
15949,22282,18
15949,46590,34
15947,15944,66
15947,22282,171
15947,50539,12
15944,50539,260
50539,50505,290
50505,22280,134
50505,24854,138
50505,793,18
22280,15922,223
22280,793,84
15922,15935,277
15935,15933,102
15935,15931,175
15933,15931,102
15931,15929,90
15931,24776,292
15929,24771,66
15929,15925,173
15929,15926,24
15929,22528,12
24771,15926,66
15926,15925,90
15925,37002,221
15925,15924,54
37002,15924,179
37002,40803,20
37003,22531,96
37003,15917,121
37003,38340,53
37003,49265,52
22531,15928,112
15928,22546,147
15928,38346,178
22546,15930,112
22546,15932,156
22546,49320,37
22546,36992,53
22546,49272,41
15930,15932,112
15932,792,96
15932,15934,176
792,15921,246
792,37149,22
792,16663,35
792,50504,16
15921,50504,268
50504,50537,284
50537,51214,96
50537,22914,23
50537,22915,4
50537,15946,161
51214,15946,96
15946,15948,112
15946,39840,145
15948,39840,112
39840,36989,275
39840,15955,16
36989,15955,241
36989,48460,34
15955,39843,226
15955,16712,31
39843,16712,226
16712,39845,132
16712,15953,125
39845,15953,132
15953,15951,257
15951,36993,250
15951,39848,7
36993,39848,208
36993,15938,42
39848,15938,215
15938,15183,200
15938,22386,16
15938,15940,26
15938,15168,15
15183,15168,225
15183,769,16
15183,15171,12
15168,22386,248
15168,15149,4
22386,38304,117
22386,24745,75
22386,38289,46
22386,38303,26
38304,769,135
769,37000,123
769,15151,16
769,36041,16
37000,778,96
37000,15151,27
454,419,515
454,37114,196
454,37115,3
454,24932,31
419,14788,515
14788,37114,447
14788,37115,68
37114,22267,736
37114,24932,16
37114,48417,20
22267,22266,554
22267,24932,182
22266,21859,554
21859,22265,554
22265,24932,453
22265,24981,52
22265,24982,49
24932,24928,449
24932,24458,16
24932,49800,2
24932,7562,2
24932,24467,7
24932,48417,182
24932,14355,31
24932,24392,12
24928,14787,398
24928,42313,8
24928,21994,10
24928,24535,186
24928,14355,90
24928,751,2
14787,21994,266
14787,42313,135
21994,22290,276
22290,21894,276
21894,16865,340
16865,24535,340
24536,24537,513
24536,16650,71
24537,16650,508
24537,24501,152
24538,48608,435
24538,24583,510
24538,37521,65
24538,1028,137
48608,24583,358
48608,1028,89
24583,24483,323
24583,787,106
24583,37243,3
24583,741,436
24483,741,284
24483,787,85
24483,742,25
16336,701,852
16336,38796,124
23294,16207,1092
22956,15808,671
22956,44371,40
22956,16209,46
15808,16206,643
15808,16384,156
15808,16203,15
24336,24786,486
24336,37415,228
24336,43324,16
16335,25206,486
16335,48561,104
25206,41463,1277
25206,24499,8
41463,24497,979
41463,742,2
41463,743,471
41463,16484,56
24497,743,298
24497,742,681
24498,22178,333
48727,24500,448
48727,24499,12
22018,34075,271
22018,24591,65
22018,23788,14
34075,23788,271
23788,48418,85
23788,34076,200
48418,21786,549
48418,24467,30
48418,49012,98
21786,16413,439
21786,22284,231
21786,2945,2
21786,37115,2
21786,37110,16
21786,14800,33
16413,22239,543
22239,22284,543
22284,37110,664
22284,37115,94
22284,37108,16
37110,14800,712
37110,49206,10
37110,14836,38
37110,455,46
44752,48418,46
44752,24467,241
44752,24928,6
269,270,1839
270,621,1216
270,48505,205
270,428,179
270,48507,285
621,591,1938
621,264,132
591,264,795
591,636,1103
591,268,36
48051,3368,526
3486,3821,1234
3486,41084,117
3486,3492,209
3821,2804,1632
2804,1860,788
2804,3962,493
2804,3290,351
15616,23883,34
15616,24768,1056
15616,24755,219
15616,23755,174
13493,43313,238
13493,43277,218
13472,13473,238
13471,43272,211
13492,51418,211
13492,44459,228
47839,37807,136
47839,26808,56
37807,28198,137
37807,26809,87
37807,29015,169
26797,26804,288
26804,26811,138
26804,12247,144
26804,26809,5
26804,28199,1
26811,26815,137
26811,26813,155
26926,26831,140
26831,26927,136
26831,26928,2
26831,26825,2
26927,26834,308
26834,26928,303
26834,26832,2
26834,26937,3
26928,26929,136
26928,12386,169
26928,26836,2
26929,26930,222
26930,26931,222
26931,26837,222
26837,26840,222
26840,25818,224
25818,26932,389
25818,25842,209
26932,28569,389
28569,26933,389
26933,26934,391
26934,28570,391
28570,26935,391
26935,26936,395
26935,25844,205
26936,35958,136
26936,26841,86
26936,26938,171
26936,26835,2
35958,26838,137
35958,26828,391
35958,44136,61
26838,26937,304
26937,28346,307
28346,26841,138
28346,26940,171
28266,26792,89
26792,40824,161
40824,26801,161
26801,40826,161
40826,26812,161
26812,12247,161
28273,26815,87
28273,26813,392
28201,26819,237
50957,50948,407
50957,42661,34
50948,27584,245
50948,27581,94
50948,51119,68
27584,39723,245
27584,27263,294
27584,39554,2
39723,39554,245
39554,39555,245
39554,39530,2
39555,39530,245
39530,39532,247
39532,39567,407
39532,27581,131
39532,27657,3
39567,42661,114
39567,44315,482
39567,27661,2
42661,27661,148
42661,27663,18
27871,28598,465
27871,27865,299
27871,25940,6
28598,37039,169
28598,44661,228
28598,39564,117
28598,46476,63
28598,27578,4
37039,46476,378
37039,27660,210
37039,50954,166
37039,39564,20
37039,27678,18
37039,28625,20
37039,27870,8
46476,39564,441
46476,27245,176
39564,27579,998
39564,51495,22
27579,51491,693
27579,51495,146
27579,27254,235
27579,51570,75
27579,26538,21
27579,27870,4
51491,26538,693
39561,44230,216
39561,48525,437
44230,50947,216
50947,51399,216
51399,43100,216
43100,50950,216
50950,43421,216
43421,50958,216
50958,44629,216
44629,50945,216
50945,44626,558
44626,27577,558
27577,50961,228
27577,27576,10
44661,27660,217
51243,27581,217
27580,27266,383
27266,27262,383
27262,27258,383
27258,27249,383
27249,27583,635
27252,26946,276
27252,27247,545
26946,26945,276
26945,26943,276
26943,27244,276
27244,27243,217
27244,44623,59
27243,27242,278
27243,51401,166
27242,27267,444
27267,27268,444
27268,27269,444
27269,50962,276
27269,39562,61
27269,39536,166
50962,26957,217
50962,43096,59
26957,39536,217
39536,50946,217
39536,43609,166
50946,43612,407
43612,48560,217
43612,26948,190
48560,48874,217
48560,27577,59
48874,51400,217
51400,39531,393
39531,39560,217
39531,39724,176
39560,44625,651
39560,39569,59
39560,27576,53
48206,26438,5
48206,26659,88
26611,26583,62
26583,28519,62
28519,26570,5
28519,28539,57
26570,28521,10
26570,28520,52
28521,28522,10
28521,26507,52
28522,26494,57
28522,28321,5
26494,40675,5
26494,28524,70
40675,28330,5
28330,28197,91
28197,12064,91
12064,26495,39
12064,28321,27
26495,28540,13
26495,26507,34
28540,28541,13
28540,28520,31
28540,26924,3
28541,26572,5
28541,28539,45
26572,28542,50
28542,28543,50
28543,26616,50
6194,20227,7
6194,6249,12
6194,6196,20
6194,6195,2
20227,18421,12
20227,37179,9
20227,18489,11
20227,18442,1
20227,18470,100
20227,6057,126
5616,5617,794
5616,5618,5
37179,18421,177
37179,38800,2
37179,51195,148
6247,18611,12
6247,18602,8
18611,18618,307
18618,18593,17
18618,18619,12
18618,18623,189
18618,18624,209
18593,18580,235
18593,18578,13
18580,6096,24
18580,18578,6
18580,50884,100
6096,7213,237
6249,20227,22
6249,37180,123
6249,18489,5
6249,18507,114
6249,18510,2
26889,28575,78
26889,26743,121
28575,26890,199
28575,43058,80
37760,13322,281
37760,12932,8
37760,29322,39
23267,16330,358
23267,25206,86
16330,24696,358
16330,16332,732
16330,16325,804
24696,25206,520
24696,16390,163
24696,16336,124
742,751,809
742,727,62
742,22742,10
742,16491,101
742,728,99
742,50681,6
42301,35493,4
42301,729,619
42301,35065,2
42301,34458,293
42301,43382,24
42301,51992,34
42301,34652,22
42301,48671,4
42301,35507,82
42301,34368,70
42301,34367,16
42301,34638,119
35493,34366,12
35493,48671,4
35493,34368,80
35493,729,2
47989,18116,77
47989,4179,7
4227,18926,354
4227,7096,16
18926,21279,354
18926,7115,16
21279,17600,239
21279,20184,131
17601,35461,344
17601,4182,40
35461,4182,328
35461,7125,16
4182,4180,351
4182,7136,17
4180,17828,223
4180,19168,128
17828,4181,351
4181,20912,164
4181,17605,103
4181,7139,68
4181,20920,16
4181,20829,16
20912,4199,93
20912,19178,145
4199,21309,281
21309,46514,221
21309,46399,74
21309,47145,44
46514,47145,150
46514,20158,15
46514,18715,165
47145,20917,194
47145,21295,124
47145,21304,50
36243,41133,281
20224,20397,70
20224,20893,24
20224,4226,10
20224,21304,546
20224,35345,69
20933,21285,325
20933,7122,17
21285,18925,342
21285,7096,17
18925,17994,330
18925,17983,29
19374,6334,65
19374,41673,55
19374,41639,609
19374,47989,7
19374,6848,17
19374,4179,2
19374,18103,30
19374,41784,39
5559,19578,190
19578,19857,187
19578,19858,3
19857,19858,187
19858,19859,329
19858,19860,3
19859,19860,329
19860,19861,119
19860,40524,213
19861,19579,125
19861,4176,4
19579,19862,233
19862,4176,91
19862,19263,142
18818,18832,77
18818,19863,84
18832,18828,180
18828,18829,180
18829,19581,86
18829,18824,134
6564,5821,186
5821,17969,4
5821,17991,582
5821,20485,95
17969,19889,4
17969,42151,130
19889,7290,6
19889,20214,130
19889,41007,52
7290,20212,199
7290,6551,109
7290,6550,40
20212,6551,81
20212,17946,40
6551,6552,190
6552,6553,190
6553,20215,6
6553,17961,131
6553,41007,53
20215,17961,59
17961,20485,4
17961,44442,131
17961,40999,53
17961,6573,2
18169,6554,135
6554,18177,4
6554,6555,131
48079,3368,164
48079,3228,80
3228,1848,1756
3228,37808,131
1848,1842,1958
1842,1781,550
1842,1782,1408
1781,1736,547
1781,1737,3
1736,3152,547
3152,1735,513
3152,38791,34
1735,2759,547
2759,2340,547
2340,2490,513
2340,38782,34
2490,2512,547
2512,1734,547
1734,2689,164
1734,3825,383
2689,1733,164
2689,3521,22
1733,2342,164
2342,3727,164
3727,43343,164
43343,2875,164
2875,3545,164
3545,3546,164
3546,2789,164
2789,2790,164
2790,17409,164
17409,3323,164
3323,2791,164
2791,2947,164
2947,2793,164
2793,3554,164
3554,3059,87
3554,17356,77
3059,3056,164
3056,3057,164
3057,3058,164
3058,2998,164
2998,2785,164
2785,3553,164
3553,3001,164
3001,2787,164
2787,2788,87
2787,3550,77
2788,3550,87
3550,43342,164
43342,43341,164
43341,3728,164
3728,2691,164
2691,2688,164
2688,3824,164
3824,2690,506
3824,38782,34
2690,2491,506
2491,2338,506
2338,2339,540
2339,2760,540
2760,2341,508
2760,38791,32
2341,3153,540
3153,2653,540
2653,1784,540
1784,1849,1834
1784,37808,179
1849,3521,1533
1849,2803,131
1849,3096,418
21634,22329,40
21634,24185,18
21634,25140,6
21634,24726,20
21634,50263,20
21634,15837,6
48420,2657,42
48420,1134,3
40543,41132,42
40543,4133,36
40543,43346,577
1669,17477,1032
1669,1109,6
1669,48340,28
17477,1134,46
17477,42992,178
26843,26842,592
26842,35958,451
26842,26940,89
26842,26938,114
26828,28566,391
26828,25847,262
26828,28254,2
28566,26821,547
26821,28273,392
26821,26817,325
26821,37807,1
26813,12771,391
26813,28200,155
26813,28262,61
26795,26903,641
26795,50564,141
26795,26789,8
26903,26807,411
26903,43357,59
26903,26791,169
26903,26798,2
26903,26797,2
26807,26808,411
26807,48205,59
26807,12247,114
26179,11931,1284
34273,48481,184
34273,10846,738
34273,8617,7
6439,22141,6
26940,25818,374
26940,25844,2
25842,25819,203
25842,26935,6
25819,25817,203
25817,25843,203
25843,28584,203
28584,26935,203
25844,26836,205
25844,12386,3
26836,28171,208
28171,25841,208
25841,28173,208
28173,44136,87
28173,26835,118
28173,28254,1
44136,26828,146
25847,26819,87
25847,26820,174
25847,28202,2
26822,26820,87
26822,28566,155
26820,25846,261
25846,37807,87
25846,26813,60
25846,28567,114
26809,40825,156
40825,26802,156
26802,26790,156
26790,37061,156
37061,28265,92
37061,37806,64
36847,36864,71
36864,37045,3
36864,36865,68
37045,36863,3
34849,36861,30
34849,50656,40
36861,8177,30
8177,7781,14
8177,8332,16
7781,8332,14
29015,26805,154
29015,28199,169
26805,26800,268
26800,26796,268
26796,26791,154
26796,43357,114
26791,28250,154
26791,28263,169
28250,28251,154
28251,28248,154
28248,28247,154
28247,28249,321
28249,28564,154
28249,26793,167
28564,28252,154
28252,26798,154
26798,12736,157
26798,26902,167
28200,26818,159
26818,26819,156
26818,26840,2
26818,26822,1
26816,26814,309
26814,28565,309
28565,28253,309
28253,26907,309
28254,28255,309
28255,26822,154
28255,28202,151
28255,26908,2
28255,26909,2
28256,28257,303
28257,28258,303
28258,28259,303
28259,28261,303
28261,28260,303
28260,28243,303
26825,12247,154
26825,28205,316
26825,37807,169
26825,28273,1
26825,26832,2
28202,28203,153
28203,26810,149
28203,26905,4
28567,28199,149
28567,26805,114
28199,12771,318
28199,26905,1
28262,26795,412
50564,26789,141
26789,28263,149
28263,26786,318
26786,26785,149
26786,37806,140
26785,26788,149
26788,28264,149
28264,26793,149
26793,26797,149
26793,26904,167
12510,29251,82
29251,29073,82
29073,12124,82
12124,12644,82
12644,29296,82
29296,12235,82
12235,12236,82
12236,12214,82
12214,12348,82
12348,12215,82
12215,12143,82
12143,12350,82
12350,12145,82
25876,12697,134
25876,29110,116
12697,12349,134
12349,49693,134
12349,35954,116
12165,12356,261
12165,49812,46
12356,49812,21
12356,29131,116
12356,12171,81
12356,49835,43
49812,51994,61
49812,29131,53
49812,12625,47
15760,15761,126
15761,15762,126
15762,15763,126
15763,15764,126
15764,15765,126
15765,15766,126
15766,15767,126
15768,15585,58
15768,16084,385
15736,15737,136
15737,15778,136
15778,15738,136
15738,16455,58
15738,15739,78
15770,16080,32
15770,16081,68
16080,16081,141
16080,41487,9
15782,39161,32
15782,15784,34
39161,15782,34
2113,2514,732
2514,3789,728
2514,2515,4
3789,2515,728
2515,2516,732
2516,3765,728
2516,2106,4
3765,17190,58
3765,2106,670
17190,2119,99
46987,2069,771
50575,23769,8
50575,42489,113
21319,21320,601
21319,21495,8
21324,21646,85
21324,21325,906
21646,51851,144
21646,23895,72
42520,41652,265
42520,35169,61
41652,27403,484
27403,27417,488
27417,27385,488
27385,42169,484
27385,27421,4
42169,27106,265
42169,27398,219
26992,29034,203
26992,42246,62
29034,49415,265
29034,49392,135
49415,27974,439
25970,27441,265
25970,28049,95
49769,25971,265
25971,25972,549
25971,27135,515
25971,27375,27
25972,25973,663
25973,50238,617
25973,43585,136
50238,43584,533
50238,43585,84
48143,17614,156
48143,17623,21
17614,17617,319
17614,17612,153
17617,17618,319
17618,20881,156
17618,17663,167
20881,6389,156
20881,17650,113
6389,17661,156
17661,17665,156
17661,44244,113
17665,17671,269
17671,17698,156
17671,44188,113
17698,6588,156
6588,49307,133
6588,18754,23
49307,17643,156
17643,17656,156
17656,17692,156
17692,17719,133
17692,41945,23
17719,17722,156
17722,17727,133
17722,17730,23
17727,17740,156
17740,41629,89
17740,17749,67
41629,41628,89
41628,17785,66
41628,6392,23
17785,6419,66
17785,41619,96
17785,6605,25
6419,17841,39
6419,17842,27
17841,17846,24
17841,17845,15
17846,17871,39
17871,6591,24
17871,6423,15
6591,6430,39
6430,6592,24
6430,6431,15
6592,6433,39
6433,17997,39
17997,6435,39
6435,6436,39
6436,18048,24
6436,18043,15
18048,18100,24
18048,18104,15
18100,18083,24
18083,6438,24
6438,6441,50
6441,6636,50
6636,6450,24
6636,6637,26
6450,7204,24
6450,18165,26
7204,6451,24
7204,18252,1
6451,18243,24
18243,6452,24
6452,18252,50
18252,7205,50
18252,7250,1
7205,6453,50
6453,7250,24
6453,18257,26
7250,18282,65
7250,18279,68
18282,18279,24
18282,18281,67
18279,50925,24
18279,18882,70
50925,18278,24
18278,18277,26
18278,18282,2
20637,4204,322
4204,20798,322
20798,20799,322
20799,20800,322
20800,18690,155
20800,42430,3
20800,18357,38
20800,18668,82
18690,18696,274
18690,18357,6
18690,18953,17
18690,20409,8
18690,18687,9
18696,7197,188
18696,18677,86
47799,18687,35
47799,18704,78
47799,18677,109
47799,18695,115
47799,5498,27
18687,5237,73
18687,18953,672
18687,5624,12
18687,20409,9
5237,5238,222
5237,18357,43
35295,5244,436
18470,35332,805
18470,18544,155
13478,13474,684
13450,43276,1153
43276,43271,705
43276,44460,448
42862,13602,801
42862,13601,572
4406,4407,38
4407,20412,82
20412,4408,38
20412,20298,44
4408,20295,38
20295,4412,74
4412,19973,78
19973,4415,35
19973,4414,43
4415,20002,35
20002,19830,78
19830,19978,35
19830,20023,43
19978,20025,35
20025,4420,78
4420,19980,35
4420,20024,43
19980,4431,33
19980,4425,2
4431,4432,33
4432,19979,76
19979,7169,21
19979,4430,40
19979,19449,15
7169,4425,21
7169,7167,19
4425,4287,49
4287,4422,29
4287,4421,20
4422,4296,58
4421,4328,45
4328,19992,45
19992,19931,36
19992,4334,2
19992,4348,2
19992,18964,48
19992,20044,5
19931,19929,38
19931,18965,46
19931,35118,3
19929,19928,89
19928,5580,41
19928,20138,88
5580,18717,41
5580,19796,132
18717,18723,861
18717,6058,90
18723,20480,855
18723,20285,4
18723,20137,2
20480,48183,464
43627,43626,90
43626,43624,90
43624,43622,90
43622,6622,90
6622,6597,93
6597,6624,93
6624,6593,93
6593,18005,90
6593,7209,3
18061,18052,94
18052,18037,93
18052,18034,1
18037,6397,90
18037,18034,3
6397,18015,90
17990,6620,182
17990,18012,317
18027,6834,182
6834,6835,182
6835,6836,182
6836,6837,182
6837,6838,182
6838,6839,182
6839,6393,90
6839,6840,92
6393,6769,177
6769,6771,177
6771,6770,3
6770,6792,92
6770,6777,90
6792,6830,184
6830,6831,184
6831,6832,184
6832,6833,184
6833,6794,184
6794,18020,184
18051,20479,138
18051,6484,544
20479,5832,92
20479,6465,44
20479,18057,2
5832,6843,92
6843,18032,86
6843,5828,6
18007,18011,92
18011,6805,92
6805,6806,92
6806,43621,92
43621,43623,92
43623,43625,92
43625,43627,92
6484,6485,544
6485,6486,544
6486,18015,458
6486,18002,86
5828,18072,189
5828,5831,14
5828,6464,5
18072,6406,87
18072,6466,116
6406,6407,88
6407,6408,88
6408,6464,203
6408,5831,1
6464,6465,205
6465,5829,129
6465,18054,140
5829,6802,84
5829,18036,45
6802,6803,84
6803,6813,84
6813,6817,84
6817,18016,84
18016,6399,84
6399,17977,84
17977,17968,84
17968,6396,84
6396,6395,84
6395,6398,84
6398,5827,84
5827,6393,84
6777,5830,90
5830,5200,90
5200,5201,90
5201,5202,90
5202,7188,90
7188,7189,90
7189,7190,90
7190,18030,90
18030,6625,90
6625,18059,90
18059,18067,90
18067,6400,90
6400,18068,90
18068,18054,90
18054,6401,230
6401,18036,230
18036,18046,274
18036,18061,1
18046,18070,86
18046,18020,184
18046,18064,1
18046,18061,3
18070,6402,86
6402,6403,86
6403,6811,86
6811,6812,86
6812,5831,86
5831,18042,86
5831,6405,8
5831,18032,7
18042,18033,318
18033,18051,322
5793,5794,222
5794,5795,222
5795,5797,203
5795,7207,19
5797,5796,222
5796,5799,222
5799,5798,222
5798,17915,92
5798,5793,38
17915,5824,92
17915,6633,5
17915,17932,2
5824,17941,92
17941,17940,92
17941,5804,61
17927,5805,92
17927,17918,270
17927,17908,6
5805,5807,92
5805,50993,50
5807,6791,92
5807,6393,3
6791,6792,92
6840,50996,92
50996,17919,92
50996,41068,13
50996,17902,39
17919,17924,363
17924,17925,363
17925,17933,109
17925,17932,256
17933,5804,107
17933,17941,61
5804,5803,92
5804,6018,74
5804,5951,2
5801,5793,92
37630,49062,29
37630,42114,29
37630,17749,25
49062,49042,58
49042,49022,58
49022,49010,58
49010,49038,58
49038,17749,29
49038,17746,29
17749,41627,121
41627,41624,238
41624,17772,238
17772,17767,238
17767,41614,121
17767,17754,117
41614,41615,121
41615,41616,121
41616,41617,121
41617,41626,121
41626,41618,121
41618,6392,121
6392,18760,96
6392,41632,69
18760,18763,125
18763,18761,125
18761,18762,125
18762,18765,125
18765,18766,125
18766,18753,125
18753,18768,96
18753,41631,29
18768,18771,142
18771,41634,54
18771,20883,88
41634,41633,54
41633,42113,29
41633,18770,25
42113,17746,29
42114,20883,29
20883,6391,117
6391,18770,96
6391,17801,21
18770,17801,121
17801,18760,29
17801,41631,67
17801,41619,21
17801,17785,25
41631,17785,96
41631,42112,24
41619,41620,117
41620,41621,117
41621,41622,117
41622,41623,117
41623,17754,117
17754,41627,117
17754,49062,29
17754,17753,88
48225,18544,95
48225,18538,13
48225,18523,67
48225,18459,35
48225,18421,36
18544,18547,566
18547,18551,727
18547,18560,432
18551,18549,819
18549,18550,494
18549,18527,286
18549,18561,28
18549,6057,189
18550,18561,518
18550,18556,154
18561,18507,422
18561,6249,114
18561,6194,10
18507,18459,48
18507,35332,161
18507,47944,64
18507,18458,29
18507,47997,4
18507,20227,230
18459,18458,333
18459,5616,447
18459,18442,6
18458,18442,780
18458,18434,174
18458,47944,6
18416,20776,626
18416,18389,31
20776,18389,738
20776,18397,2
20776,18420,10
18389,18407,769
18407,20722,769
20722,20308,769
20308,18365,209
20308,18345,560
18365,44342,29
18365,5238,460
18365,18919,76
18365,18953,38
18365,18692,6
18365,5623,28
18365,18918,8
18365,20695,17
18365,20637,7
18365,51974,100
44342,18919,152
44342,18341,24
18919,20878,227
18919,18310,109
18919,44025,59
18919,18918,2
20878,44025,48
20878,18918,210
20878,20792,28
44025,20792,29
44025,18917,8
44025,18907,67
44025,42430,3
44025,4791,3
44025,4754,4
20792,41575,57
20792,41472,83
20792,18342,6
20792,18357,10
41575,41574,57
41574,18916,57
18310,18307,45
18310,18302,89
18310,41573,20
18307,18758,57
18758,18321,29
18758,7255,22
18321,7255,28
18538,7223,13
18538,37163,13
7223,18508,26
18508,18469,26
18469,18500,26
18500,18538,13
18500,18531,13
37163,7223,13
17753,17750,67
17753,37630,21
17750,18838,134
17750,17739,28
18838,17739,134
17739,17729,138
17739,17730,24
17729,17723,162
17723,17720,138
17723,41945,24
17720,17691,162
17691,17654,162
17654,49295,162
49295,17686,138
49295,18754,24
17686,17689,162
17689,17670,275
17670,17664,275
17664,17653,162
17664,17635,113
17653,17650,162
17653,6390,334
17650,19908,162
17650,48958,113
19908,7199,162
7199,17612,163
7199,44341,163
17612,17594,162
17612,17595,154
17594,5575,138
17594,44243,24
17594,48062,5
5575,48221,8
5575,47827,8
17842,17848,27
17848,17861,27
17861,6751,27
17861,17849,28
6751,6753,27
6753,6754,27
6754,6752,27
6752,44044,27
44044,44043,55
44043,44042,55
44042,44041,55
44041,44040,55
44040,44039,55
44039,6414,27
44039,6417,28
6414,17882,27
17882,6628,27
6628,6629,55
6629,6630,27
6629,44045,28
6630,6628,28
44045,44044,28
6417,44049,28
44049,44048,28
44048,44047,28
44047,44046,28
44046,37176,28
37176,17859,28
17859,17861,28
17849,17840,28
17840,6463,71
6463,42112,71
6463,6392,21
42112,17750,95
6437,18144,17
18144,18043,17
18043,18050,32
18050,18071,32
18071,6447,32
6447,6448,32
6448,6449,32
6449,6442,17
6449,18048,15
6442,18018,43
18018,7192,43
7192,6455,43
6455,6443,43
6443,6431,17
6443,6456,26
6431,6432,32
6432,5934,32
5934,6456,17
5934,6592,15
6456,6423,17
6456,17884,26
6423,6424,32
6424,6425,32
6425,6426,32
6426,6635,17
6426,6427,15
6635,17884,17
17884,17872,43
17872,17845,17
17872,17847,26
17845,17843,32
17843,6445,32
6445,6421,32
6421,6420,32
6420,17840,17
6420,17846,15
18277,18282,26
18277,18281,76
18281,50202,26
18281,7251,117
18281,18252,2
50202,6452,26
18257,18244,26
18244,6454,26
6454,7203,26
7203,6450,26
18165,6637,26
6637,5939,52
5939,6438,26
5939,18081,26
18081,20361,26
20361,6442,26
17847,17840,26
18012,17986,317
17986,17975,319
17975,17930,325
17975,50996,52
17975,17939,2
17975,5807,3
17975,17897,2
17975,17932,1
17930,17933,59
17930,17927,260
17930,17918,4
17930,6612,2
17930,17897,2
6018,17950,55
6018,40263,19
6489,50068,86
50068,6488,70
50068,6686,16
6488,6686,66
6488,6487,4
6686,6487,87
6487,6687,64
6487,6691,27
6687,6691,64
6691,6690,91
6690,6688,91
6688,6692,91
6692,6693,71
6692,6735,4
6692,37172,16
6693,37172,66
6693,35554,5
37172,6695,110
37172,39957,31
6695,6697,56
6695,39957,54
6697,50870,56
50870,5592,40
50870,37026,16
5592,35504,30
5592,35474,10
35504,35474,30
35474,6703,40
35474,6046,72
6703,6704,255
6704,6705,255
6705,6706,113
6705,34210,142
6706,20108,197
20108,6707,160
20108,20152,66
20108,40770,72
6707,6708,284
6707,20768,29
6708,20219,224
6708,20766,77
20219,18822,184
20219,18823,59
20219,19581,17
18822,6713,1070
18822,6723,31
6713,19702,536
6713,19765,197
6713,38553,367
6713,20855,118
19702,6715,194
19702,20701,517
6715,6716,523
6715,6717,13
6716,6717,622
6716,34157,309
6717,34158,40
6717,34157,532
6717,20195,63
34158,42193,185
34158,5518,706
34158,6718,201
34158,19529,10
34158,50119,107
6742,19831,579
6742,6763,15
17613,17608,26
17613,20854,1
17608,6621,26
6621,19713,26
19713,17581,26
19713,6411,168
19713,40489,113
19713,17570,2
20070,20273,49
20273,44826,24
20273,44825,25
44826,38615,24
44826,48253,108
38615,20070,25
44825,17575,430
17575,17610,25
17575,17570,405
17610,5575,671
17610,17595,2
17836,41635,24
41635,41631,24
17730,38962,47
38962,17725,24
38962,17705,23
17725,17705,24
17705,7219,47
7219,17729,24
7219,17727,23
41945,41944,47
41944,17720,24
41944,17719,23
18754,38964,47
38964,6644,47
6644,38963,47
38963,17686,24
38963,49307,23
44243,5575,24
44243,17623,511
44243,17614,316
48180,17623,42
17710,17724,640
17710,17735,13
17710,47930,113
17761,17805,345
17761,17834,18
17805,17834,321
17805,17832,24
17834,6474,321
17834,17839,18
6474,17904,306
6474,43602,29
6474,17897,4
17904,17919,271
17904,5805,39
18028,18092,154
18028,18090,81
18028,18198,2
18028,6748,5
18028,6468,1
18028,40267,2
18028,18149,1
18092,6467,51
18092,18140,99
18092,18198,4
6467,6468,104
6468,6469,108
6469,6470,108
6470,18162,108
18162,6471,42
18162,18161,66
6471,18140,52
6471,18136,53
6471,18090,1
6471,18202,2
18140,18202,61
18140,18198,89
18140,18183,1
18202,18183,63
18202,6617,4
18183,6617,63
18183,18185,1
6617,6473,49
6617,6748,19
6473,6750,49
6750,6748,42
6750,6476,6
6750,18062,1
6748,6476,51
6748,39664,38
6476,6609,87
6609,6749,130
6609,39661,1
6609,18062,2
6749,18062,42
6749,39661,66
6749,18022,3
18062,18063,2
6466,6408,116
17918,17908,245
17918,17902,29
17908,17902,246
17908,17897,5
17902,17867,276
17902,6478,73
17867,6478,259
17867,17839,17
6478,17833,336
6478,17804,13
17833,17804,336
17804,17747,362
17804,19588,6
17747,17737,492
17747,40756,17
17747,17734,13
17737,17734,672
17734,17721,653
17734,17684,16
17734,17629,16
17721,17684,360
17721,17629,20
17721,19746,388
17684,17629,471
17684,17610,15
17684,47947,1
17629,17610,503
17629,5575,6
17629,44341,500
48221,17623,117
17756,17769,36
17756,7254,21
17769,7227,56
7227,37195,36
7227,17747,20
37195,17761,17
37195,17791,19
17832,17851,24
17851,6600,26
6600,17866,26
17866,6640,24
17866,17850,2
6640,6643,24
6643,17857,24
6643,17852,2
17857,17876,24
17876,17880,24
17880,6638,17
17880,5937,7
6638,6602,17
6602,7253,19
7253,6590,19
6590,17875,19
17875,17852,17
17875,6643,2
17852,17850,17
17852,17851,2
17850,17804,19
41784,18121,120
41784,18116,182
41784,18103,209
41784,4179,131
41784,41639,3
41784,50246,17
7057,7058,46
7057,18861,126
7057,18268,122
7058,5774,16
7058,20102,4
7058,7059,26
5774,7059,16
7059,20102,42
20102,21280,46
21280,39972,16
21280,20100,30
39972,7060,33
7060,7055,33
7055,20100,16
7055,49189,17
20100,39968,16
20100,20441,4
20100,7061,26
39968,39969,33
39969,39964,33
39964,39970,33
39970,42850,16
39970,39972,17
42850,42849,33
42849,42848,33
42848,42847,33
42847,7061,16
42847,7054,17
7061,7051,16
7061,21177,26
7051,7052,33
7052,7053,33
7053,7050,16
7053,42850,17
7050,21177,16
7050,7051,17
21177,21174,150
21177,18659,16
21177,19920,26
21174,18659,614
18659,21164,522
18659,43716,108
21164,19332,406
21164,21290,116
7094,7113,80
7094,7095,83
7094,7111,16
7113,7094,83
7113,7114,17
48106,17623,81
17791,6459,19
6459,38917,39
38917,38916,39
38916,6458,39
6458,6460,39
6460,38918,19
6460,6462,20
38918,38919,39
38919,17838,19
38919,17794,20
6461,38918,20
17794,6459,20
6462,17769,20
6462,17747,25
7254,17811,21
17811,6589,46
6589,17790,21
6589,17796,25
17790,6463,21
41632,18768,46
41632,41636,23
6605,17811,25
17796,6462,25
19746,17684,108
19746,17629,2
19746,6093,114
19746,5825,164
18090,18098,59
18090,50459,23
18098,18127,59
18098,40267,20
18127,18149,138
18149,6490,59
18149,18189,20
18149,6606,3
18149,18170,59
6490,18181,62
6490,6491,33
18181,6491,62
6491,6492,95
6492,18182,95
18182,6493,95
6493,5933,95
5933,18189,26
5933,18170,33
5933,18174,36
18189,6598,26
18189,6657,32
6598,6497,93
6497,18206,93
18206,7248,93
7248,18216,93
18216,18218,93
18218,18241,26
18218,49362,67
18241,40587,26
18241,6670,54
40587,18240,23
40587,49362,55
18240,18215,91
18215,7247,91
7247,18208,91
18208,37181,91
37181,18174,23
37181,37182,68
18174,18150,144
18150,18128,59
18150,40267,85
18128,18097,59
18128,50459,21
18128,18022,2
18097,18091,80
18097,17988,1
18097,6468,2
18091,18022,209
18091,18024,19
50459,50456,44
50456,50455,44
50455,18098,20
50455,18097,24
40267,6795,105
40267,39879,2
6795,6796,43
6795,39879,62
6796,6797,105
6796,39876,2
6797,39876,43
39876,6798,104
6798,6799,104
6799,6800,43
6799,18128,2
6799,39878,59
6800,39877,102
39877,18127,79
39877,18128,21
39877,18149,2
6657,6658,100
6658,6659,100
6659,6660,100
6660,6661,100
6661,6662,100
6662,6663,100
6663,6664,100
6664,6665,100
6665,6666,100
6666,6667,100
6667,49349,20
6667,39883,80
49349,6755,20
49349,49339,36
6755,6756,162
6756,6757,162
6757,6758,162
6758,6759,142
6759,18129,83
6759,18130,59
18129,49338,21
18129,49349,36
18129,6608,74
49338,6648,21
49338,18130,33
6648,6649,101
6649,6650,101
6650,6651,101
6651,6652,101
6652,6653,101
6653,6654,101
6654,37183,101
37183,6655,101
6655,6656,101
6656,18174,21
6656,18170,13
6656,6598,67
48240,17623,59
17963,6483,20
17963,7231,28
17963,5962,1
39957,39958,85
39958,39950,85
39950,39951,85
39951,39955,85
39955,39956,43
39955,35554,11
39956,6735,43
7231,6483,18
7231,5972,4
7231,7232,32
7231,17976,1
40756,40755,35
40755,17738,18
40755,17737,17
17839,6474,18
17839,6478,17
43602,41063,23
43602,41062,11
43602,17893,2
41063,17893,18
41063,39194,5
17893,17891,14
17893,39194,2
17891,41064,12
17891,39194,2
41064,43601,32
43601,17902,30
43601,5935,2
41062,41061,11
41061,41057,11
41057,41054,11
41054,41060,11
41060,41059,11
41059,5805,11
50993,17952,50
18161,6471,66
18198,18224,95
18224,18228,87
18224,18233,6
18224,18225,53
18224,18281,2
18228,18233,140
18233,18883,151
18883,18237,33
18883,6641,78
18883,44277,53
18237,6583,103
6583,18227,12
6583,18223,13
6583,18232,78
18227,38169,9
18227,18223,78
18227,18210,2
18227,18197,1
38169,18210,9
38169,41089,53
18210,38172,62
18210,18219,2
38172,38175,62
38175,18219,62
38174,38183,66
38183,38173,66
38173,38182,66
38182,38171,66
38171,38170,66
38170,38168,66
38168,18883,13
38168,18228,53
18223,18197,87
18223,18202,4
18197,6467,53
18197,18136,95
18197,17981,1
18136,18091,148
41068,41067,13
41067,41055,13
41055,41056,13
41056,41066,13
41066,41065,13
41065,41064,13
50119,50100,341
50100,39145,16
50100,50906,325
39145,39146,243
39145,18778,8
39145,39147,277
39146,38759,16
39146,18778,284
39146,40490,4
38759,41114,32
41114,47004,32
47004,41115,32
41115,51357,32
51357,38758,32
38758,18778,16
38758,19847,16
18778,38756,16
18778,20489,292
38756,38760,32
38760,38755,32
38755,20489,16
38755,20490,16
20489,20520,308
20520,38757,16
20520,18781,292
38757,19570,16
39147,18779,188
39147,5518,4
39147,50110,171
18779,42193,16
18779,39149,172
39708,39706,130
39706,39704,130
39704,39703,130
39703,6513,130
6513,6514,130
6514,6518,130
6518,6517,130
6517,18864,130
18864,18177,130
44440,17969,130
44440,17989,473
42151,19889,184
20214,17949,182
17949,17947,447
17947,6542,395
17947,6543,52
6542,6543,395
6543,6544,342
6543,40987,105
6544,6545,342
6545,6546,447
6546,6547,447
6547,6548,447
6548,6549,447
6549,42020,447
42020,7288,341
42020,7289,42
42020,20212,64
7288,7289,260
7288,40991,40
7289,7290,342
17946,17949,265
44442,17991,131
17991,17993,696
17991,50242,17
17993,17994,288
17993,34265,383
17993,4227,27
18192,18169,131
18192,17907,352
18192,41672,181
18192,18103,2
6555,6556,131
6556,6557,131
6557,44443,131
44443,39705,131
39705,39709,131
7213,18601,137
7213,18593,100
18601,18625,233
18601,18619,11
18601,18604,3
18625,18609,117
18625,18623,198
18609,6248,4
18609,18602,311
18527,18509,392
18509,18546,309
18509,18421,7
18509,6057,76
18546,18556,22
18546,18548,312
18546,18550,178
18556,18553,417
18553,18566,417
18566,18552,241
18566,18549,176
18552,18560,106
18552,18559,441
18560,18588,375
18560,7215,5
18560,18586,158
18588,6581,289
18588,7215,86
6581,6248,4
6581,18611,295
18623,18603,387
18603,18599,387
18599,18609,198
18599,18618,115
18599,18624,74
18602,7215,24
18602,41747,8
18602,18592,287
7215,18592,100
7215,18618,5
7215,6581,10
7215,41747,76
18592,7214,395
7214,18551,92
7214,18559,454
47861,2356,141
47861,2392,52
4171,4175,165
4171,19849,2
4171,40526,6
4175,19263,73
4175,19849,32
4175,19850,64
19263,50475,55
19263,50154,52
19263,40360,108
50475,7032,55
7032,20920,117
7032,20912,6
41673,18121,154
41673,18110,62
6641,18277,76
6641,18278,2
7251,18286,97
7251,18287,20
18286,18294,97
18294,18320,97
18320,18308,132
18308,18757,99
18308,41573,21
18308,18307,12
18757,18313,120
18757,20878,46
3840,2410,20
3840,3588,191
3840,2050,187
2659,2374,512
2374,19722,512
2374,6998,360
19722,19568,337
19722,42239,60
19722,19846,115
19568,19569,337
19569,19846,337
19846,19709,384
19846,6998,79
19709,20856,8
19709,6998,376
20688,20269,419
20269,19523,437
19523,6742,345
19523,6107,106
42653,19704,512
19704,20458,512
20458,20437,635
20437,20849,512
20437,46932,123
20849,39145,512
18781,20853,292
20853,19724,294
19724,44825,292
19724,17621,2
17570,17538,447
17570,6092,163
17570,17539,113
17538,17551,610
17551,17565,445
17551,17545,169
17565,17578,445
17578,6618,445
6618,5575,292
6618,44243,153
50051,17981,8
50051,6483,40
50051,17988,39
50051,6646,19
50008,18022,45
50008,18028,19
19842,19843,178
19842,19710,14
42062,39155,494
39155,39154,479
39155,23337,6
39155,42177,9
39154,42177,479
39154,42062,490
42177,35281,349
42177,42183,144
35281,35280,709
35280,42183,349
35280,42178,360
42183,23337,484
42183,23401,9
23337,1030,625
1030,16675,660
1030,21716,3
16675,16671,628
16675,21522,42
16675,21530,10
16675,16677,20
16671,16677,628
16677,16680,631
16677,21535,3
16677,35241,27
16677,16679,6
16680,16679,624
16680,21545,3
16680,21543,24
16680,35234,7
16679,21537,590
16679,16672,66
21537,21550,265
21537,16672,216
21537,21545,23
21537,35235,5
21537,16670,81
21550,21545,255
21550,21539,19
21550,21542,7
21545,21546,315
21545,48247,3
21546,21547,315
21547,21548,308
21547,48247,7
21548,49332,118
21548,16673,174
21548,21514,16
49332,49341,118
49341,49334,118
49334,49348,118
49348,49344,118
49344,16673,107
49344,21514,12
49344,21515,7
16673,15897,277
16673,21769,290
16673,21551,23
16673,42062,6
16673,21895,1
15897,24791,251
15897,24856,360
15897,22256,3
24720,24695,122
24720,22633,227
24695,23220,247
24695,24691,59
24695,24680,12
23220,36,8
23220,22633,139
23220,12975,18
47955,47143,73
47955,21369,201
21632,21672,55
21632,22257,13
21632,22101,235
21672,21441,41
21672,35707,161
21672,35710,36
21441,14842,41
14842,21435,41
21435,21439,41
21439,21437,41
21437,21436,41
21436,21438,44
21438,14831,44
14831,21440,44
21440,14835,44
14835,35707,44
35707,21782,51
35707,176,161
35707,173,231
21782,21617,297
21617,175,251
21617,21596,46
175,174,425
174,35321,402
174,21593,3
174,39127,9
35321,35322,402
35322,24823,80
35322,35710,249
35322,176,46
24823,21596,318
24823,43771,12
47956,21369,99
47956,14811,51
21393,23113,739
21393,21591,499
21393,21470,2
21393,21469,39
21393,23114,2
21394,21395,941
21395,21396,854
21395,21397,20
21395,40738,67
21396,21397,854
21397,21623,865
21397,21399,9
21623,21399,865
21399,21400,874
21400,21401,623
21400,21402,122
21400,48758,129
21401,21402,517
21401,48758,106
21402,48758,176
21402,22080,461
48758,44413,305
48758,23115,194
15367,15368,573
15368,16916,547
15368,16917,34
15368,43775,12
16916,43775,578
16916,24697,303
43775,43768,685
43775,44926,115
43775,15210,12
43768,43773,1022
43773,43771,244
43773,43772,778
43771,42664,964
42664,43770,964
43770,43769,675
43770,44926,286
43770,15278,3
43769,24697,244
43769,15367,14
43769,23125,5
43769,16917,426
43769,50798,115
24697,24991,547
24991,24698,547
24698,16917,547
6,49173,240
6,49170,217
21404,22081,782
21404,21362,130
21404,22082,102
21404,35706,262
14811,23102,231
14811,137,161
23102,14826,129
23102,22086,263
23102,16897,56
14826,14809,59
14826,16897,67
14809,43772,51
14809,15336,170
14809,15339,161
14809,43771,88
43772,21462,51
43772,15338,51
43772,21597,101
43772,43832,12
43772,21591,6
43772,11136,15
21462,21463,51
21463,21465,51
21465,21466,51
21466,21351,51
21351,21468,51
21468,43772,51
15338,21597,351
15338,134,8
15338,16896,8
21597,16896,51
21597,14809,161
21597,22086,239
21597,15277,162
16896,16897,219
16896,134,133
16896,22091,81
16897,22091,275
16897,137,67
22091,16909,51
22091,21633,160
22091,23108,214
22091,40737,56
22091,47954,8
36290,13246,65
36290,29318,223
21478,21480,42
21478,23334,200
21480,21481,242
21481,633,27
21481,22891,215
633,21482,42
21482,21483,242
21483,21484,242
21484,21485,242
21485,21799,8
21485,21595,19
21485,15719,110
21485,15679,96
21495,21489,8
21495,24184,18
21489,21488,29
21488,24184,8
21488,21490,21
24184,21635,66
24184,24185,121
21635,50266,26
21635,21322,20
21635,21634,20
50266,21634,55
22329,50263,40
50263,21489,21
50263,21490,17
50263,21320,7
50263,24185,15
21490,21491,38
21491,21493,38
21493,21594,21
21493,24183,17
21637,21638,131
21637,22693,6
21637,21649,4
21638,21649,118
21638,22693,13
21649,21650,131
21649,21657,10
21650,21639,150
21650,21641,6
21639,21641,146
21639,22694,4
21641,21643,146
21641,22694,6
21643,21653,119
21643,22695,27
21653,21654,28
21321,21637,57
21321,21322,567
21321,15624,184
21321,24787,244
21697,21345,670
21345,21671,654
21345,21713,16
21671,21347,670
21347,21700,131
21347,21501,286
21347,21348,253
21700,23896,251
21700,108,97
21700,50032,204
23896,21702,302
23896,21470,73
23896,23897,4
21702,21704,302
21704,50139,302
50139,50143,371
50139,50138,80
50143,50145,371
50145,51868,371
50145,50148,362
51868,21648,139
51868,21706,104
51868,42657,128
21648,21701,139
21648,21470,33
21701,21470,72
21701,21771,67
36491,13246,77
36491,13322,94
36491,13268,8
51851,50145,362
50148,50144,362
50144,50138,362
50138,44501,144
50138,128,97
50138,44500,158
50138,42657,43
44501,44500,144
44501,50139,149
44501,51851,218
44500,23895,308
23895,23894,259
23895,108,121
23894,24466,440
23894,21699,126
24466,21341,144
24466,106,104
24466,21348,275
24466,21501,6
24466,110,37
21341,21342,673
21342,21343,647
21342,21713,26
21343,21697,677
21598,21356,488
21356,21355,330
21356,21838,539
21356,966,12
21355,21599,233
21355,21354,436
21355,21352,373
21599,21388,490
21599,21378,3
21599,21600,33
21388,21600,666
21600,21390,566
21600,163,133
21390,21391,812
21391,21357,38
21391,21392,774
21357,21358,677
21358,21604,710
21604,21605,739
21604,21616,161
21605,21375,813
21605,21405,10
21375,21607,1103
21607,21363,857
21607,21393,11
21607,144,235
21363,21364,857
21364,21365,773
21364,21366,84
21365,21366,987
21366,23112,231
21366,50007,813
21366,21368,87
37597,13246,122
37597,13322,52
37597,13268,8
21362,21374,1075
21374,21606,942
21374,21405,133
21374,21614,7
21606,21359,202
21606,21376,450
21606,21615,203
21606,21383,87
21359,21417,335
21417,21355,335
21354,21613,50
21354,51113,140
21354,21609,133
21354,44765,129
21613,21388,176
21613,21387,7
21392,21382,127
21392,21357,452
21392,21356,162
21392,21358,33
21382,21621,214
21382,21426,244
21382,21430,12
21621,21622,214
21621,21366,60
21622,21365,214
50007,21368,813
22087,16901,365
22087,980,134
16901,22088,606
22088,21833,606
21833,22074,206
21833,35702,400
15269,16896,241
15269,14809,250
21633,21369,471
21633,46240,63
21633,21591,173
21633,23110,77
21633,23106,3
21608,21371,770
21608,21624,61
21371,21372,683
21371,21624,87
21372,21373,683
21373,21362,683
21376,21603,611
21603,21377,611
21377,21356,158
21377,21602,453
21352,966,300
21352,21383,73
21352,15402,129
966,44763,430
966,49004,161
44763,21497,418
44763,21498,12
21497,21498,587
21497,21499,81
21498,21499,599
21499,21500,510
21499,21700,12
21499,106,158
21500,21341,239
21500,21700,362
21500,110,6
21501,21797,487
21501,42501,6
21797,42501,158
21797,41378,232
21797,23880,97
42501,48760,158
42501,21504,6
48760,21504,167
21504,22758,173
22758,21505,167
22758,16189,6
22758,23598,152
21505,15613,158
21505,16189,9
21506,24861,982
21506,22934,2
24767,21507,1585
24767,15616,261
24767,23884,50
24768,23756,313
24768,24755,898
21590,21509,262
21509,21511,262
21511,21510,262
21510,21327,158
21510,34047,104
21327,23596,438
48122,21512,169
21512,21328,169
21512,23019,184
21512,22458,96
21328,21329,265
21329,21330,265
21334,21660,179
21660,21503,342
21503,21337,342
21337,48796,175
21337,21340,4
21337,34114,163
48796,21338,169
48796,48456,6
21338,21339,491
21339,21340,491
21340,21341,290
21340,21501,201
21340,21700,4
21348,21349,626
21348,21350,84
21349,21350,486
21349,44792,12
21349,21497,128
21350,44792,439
21350,44764,131
44792,21381,451
21381,21380,322
21381,21382,12
21381,15402,84
21380,21379,531
21379,21378,312
21379,21599,282
21379,21354,10
21378,21357,187
21378,21382,331
21378,21621,60
21556,14811,333
21556,47143,32
21556,21972,32
22086,23103,364
22086,15267,138
23103,16900,726
23103,22075,101
16900,51281,726
23105,16903,331
16903,16904,331
16904,23107,469
23107,21627,331
23107,23126,138
47954,21369,359
37279,29318,172
37279,13612,3
29318,43205,395
29318,13520,218
29516,13629,41
29516,12925,730
29516,29476,14
21383,21384,293
21384,21385,293
21385,21379,73
21385,15402,133
21385,21380,87
16031,21513,440
16031,36909,268
21513,16678,534
21513,44318,116
21513,23401,16
21513,21551,14
16678,21514,169
16678,21757,34
16678,16682,278
16678,48247,111
21514,21515,317
21515,21516,305
21515,35202,19
21516,632,300
21516,21517,5
632,21517,291
632,24706,10
632,35235,6
21517,21538,252
21517,21542,24
21517,21518,32
21538,16681,289
21538,35240,16
16681,16030,635
16681,16676,1
16030,21715,576
16030,21529,5
16030,16676,54
21715,16676,472
21715,21530,21
21715,35211,7
21715,23355,89
21715,23255,18
21715,16679,9
16676,23355,523
16676,21522,3
16676,23255,1
23355,23255,460
23355,1031,180
23255,1031,478
23255,23401,1
1031,23400,460
1031,1030,35
1031,42062,5
1031,16675,27
1031,23351,27
1031,23401,42
1031,21763,8
1031,35281,84
1031,21718,3
23400,42178,148
23400,35281,276
23400,21763,46
23400,21895,156
23400,41132,24
23400,15897,21
23400,22067,30
23400,23129,18
42178,42184,508
42184,39154,490
42184,23351,8
42184,42062,10
176,21782,243
21727,35706,3
21727,21368,7
35706,21729,3
35706,21362,262
21729,21733,3
21733,21734,3
21734,21407,3
21407,21408,10
21408,21409,10
21409,21410,3
21409,21735,7
21410,21411,136
21411,21614,136
21614,21413,143
21413,21381,10
21413,21383,133
21593,21432,141
21432,21618,3
21432,21672,134
21432,24823,4
21618,21619,3
21619,21601,138
21619,21390,243
21601,21390,3
21601,21387,14
21601,35713,311
21405,21406,143
21406,21735,3
21406,21410,133
21406,21407,7
21735,22081,7
21602,21601,179
21602,163,274
21387,153,18
21387,21378,25
21387,21352,129
21387,21354,6
153,21378,241
153,152,161
21716,16675,10
21522,21523,19
21522,35206,39
21523,21524,19
21524,21525,19
21525,21526,19
21526,16677,19
21535,16679,3
21539,21541,19
21539,16679,7
21541,21545,19
21541,21518,13
35206,35207,39
35207,35209,39
35209,35210,39
35210,16680,36
35210,1031,3
48247,49344,19
48247,49331,117
48247,21514,3
24706,35235,19
24706,35240,6
24706,35237,9
35235,35237,25
35235,21529,7
35237,21715,12
35237,21529,9
35237,16679,7
35237,35218,6
21530,21531,21
21530,21522,7
15784,15538,34
15784,15745,137
15540,16463,132
15540,15541,114
16463,15752,34
16463,39160,98
15752,16433,54
15752,15739,408
16433,16434,136
16434,16435,136
16435,16436,136
16436,16086,34
16436,16157,102
16466,25400,132
25400,16468,132
16468,16469,132
16469,16470,132
16470,16473,132
16473,16472,132
16472,16461,132
5498,18655,179
5498,18687,695
5498,5624,15
5498,5760,16
5498,42057,12
5498,18691,25
5498,20171,2
18655,42055,31
18655,19453,148
18655,42049,12
42055,18691,15
42055,5498,16
42055,5760,6
18704,7282,78
18704,20796,649
7282,6512,15
7282,18736,63
6512,18736,15
6512,20795,16
18736,20794,78
18736,20795,68
20794,39237,15
20794,18737,712
39237,41708,31
39237,39236,8
41708,41707,31
41707,41706,31
41706,39234,31
39234,39235,31
39235,39236,31
39236,37142,19
39236,18737,4
39236,18735,16
37142,37141,19
37141,51932,19
51932,37138,19
37138,37137,19
37137,37136,39
37136,37135,39
37135,37134,39
37134,37133,39
37133,41704,19
37133,37132,20
41704,37137,20
17605,50476,49
17605,50164,52
17605,4176,8
50476,4176,49
33917,411,39
33917,407,77
33917,39107,7
33917,417,7
33917,410,5
411,39102,11
411,39103,5
411,413,2
411,414,62
411,417,12
411,50133,50
39102,39101,51
39102,50124,2
39101,39104,16
39101,50124,21
39101,39093,14
39104,417,16
39104,39102,9
39104,39106,2
417,39125,25
417,453,18
417,14771,76
417,39095,57
39125,715,53
39125,39097,10
406,33929,42
33929,414,7
33929,39102,25
33929,411,91
39103,39093,20
39093,39095,13
39093,14762,2
39093,39125,4
39093,14771,2
39095,39099,126
39099,39097,14
39099,715,10
39099,39125,4
39099,25339,104
39099,421,2
39097,715,14
39097,39098,13
39106,721,7
39106,33917,27
721,43572,23
721,37116,4
721,39106,3
721,39114,120
721,39112,3
43572,39112,46
39112,39162,37
39112,39107,8
39112,417,4
39162,39115,29
39162,39107,12
39162,39113,7
39115,417,61
39115,39107,7
39115,43572,12
39115,39162,7
39115,413,108
39115,37117,16
39115,39116,4
453,451,108
451,39124,50
451,427,72
39124,39122,56
39122,450,54
39122,452,2
450,39120,48
450,452,118
450,39118,4
39120,39118,29
39120,39117,19
39118,39116,33
39116,452,5
39116,39119,11
39107,721,7
39107,39106,5
39107,407,4
39107,39102,2
39107,417,2
39107,413,2
39107,24937,18
39107,39092,3
36048,4070,276
36048,4065,54
36048,4069,48
4070,4071,331
4071,4072,331
4072,36051,331
36051,36115,127
36051,4075,149
36051,4076,55
36115,36055,127
36055,36116,127
36116,4054,127
4054,4057,127
4057,4058,181
4058,4059,44
4058,4060,54
4058,16945,83
4059,36059,44
36059,36060,44
36060,36061,44
36061,36062,44
36062,36063,44
36063,16946,44
16946,17253,173
16946,4070,55
16946,1727,372
16946,1726,34
17253,36049,46
4075,4076,149
4076,4077,149
4076,4078,55
4077,4078,149
4078,4079,151
4078,42256,53
4079,17257,200
17257,36058,145
17257,17258,55
36058,36118,145
36118,36056,145
36056,17258,145
17258,17251,200
17251,36050,96
17251,17250,55
17251,4066,49
36050,4066,96
4066,4068,54
4066,36049,49
18523,18919,169
18302,18309,119
18309,18319,87
18309,40926,22
18309,40925,10
18319,18293,87
18293,18285,87
18285,7250,108
18882,18237,70
18232,18227,78
16447,16448,283
16448,16074,147
16448,15548,106
16448,34019,30
16074,16449,147
16074,16075,123
16074,23210,42
16449,16450,147
16450,16477,147
16477,16429,147
16451,16452,147
16451,15545,26
16452,16453,285
16453,33886,147
16453,15742,138
16456,43741,225
43741,16458,225
16459,16460,225
16460,16461,199
16460,15771,26
47838,25540,198
47838,25553,38
25540,25541,397
25540,27415,876
25541,26209,297
25541,25542,100
25541,26206,709
26209,25542,235
26209,26210,276
26209,26213,436
25542,25543,275
25542,26213,60
25547,25548,402
25547,25805,55
25547,26291,332
41829,35720,399
35720,41485,218
35720,35721,137
35720,15744,64
15541,15542,108
15541,15753,6
15544,15545,228
15544,16452,28
15545,15546,122
15545,16148,242
15546,15547,164
15547,15548,152
15547,15780,167
15547,41830,12
15548,15599,258
15599,34019,240
15599,38931,30
34019,15551,442
34019,22426,3
34019,24324,150
15551,15552,442
15552,15553,795
15553,15554,440
15553,21971,480
15562,37414,226
15562,16061,239
15562,47842,194
15562,33982,46
15562,47917,117
15562,22761,5
15562,47875,141
15562,49521,144
15586,35179,248
15586,16083,364
15586,35175,36
35179,48840,274
48840,41493,176
48840,41491,98
44819,44817,260
44817,44815,260
35718,39806,162
39806,35719,162
35719,42061,162
42061,41829,136
42061,48559,26
15754,15755,303
15755,15545,110
15755,15756,167
15755,16076,26
16075,16452,110
16075,16076,219
16075,15756,28
35716,41490,158
41490,41493,101
41490,35717,57
44824,44818,256
44818,43660,256
43661,38660,270
38660,16149,250
38660,35175,20
10686,10089,623
10686,10049,2
10686,11562,2
10089,9389,625
9389,9390,625
9390,10087,625
10087,9686,625
9686,9370,623
9686,10272,2
9370,10713,322
9370,8939,179
9370,10477,8
9370,46743,301
10713,11471,657
11471,9387,657
9387,11851,657
11851,51360,1368
11851,9407,3
51360,9411,1368
9411,9712,386
9411,9423,982
9712,9429,2123
9712,9426,3
9429,10710,1761
9429,10626,9
9429,11903,353
10710,10626,2363
10710,10588,93
10710,9560,30
10710,11792,28
10626,9560,992
10626,11792,1371
10626,10588,9
11849,11635,322
11849,48481,18
11849,50150,860
11635,10323,322
9342,34238,1376
9342,9899,299
34238,10769,322
34238,9674,692
34238,10768,569
9937,9929,147
51560,10083,183
10083,8756,6
10083,51826,862
10083,10261,43
10083,51846,177
27714,28536,40
27714,7562,8
27714,27689,77
28536,49714,40
27782,27783,40
27782,28271,3
27783,27776,40
27776,49717,65
49717,49720,65
49720,27689,46
49720,27692,19
17922,6564,155
18869,18249,115
18869,18857,214
18869,47989,8
18249,7241,155
7241,6567,115
7241,37187,40
6567,6565,155
6565,6568,155
6568,39973,155
44625,44627,651
44627,44628,252
44627,48835,399
44628,42426,252
42426,51398,252
51398,43101,252
43101,50949,252
50949,43094,252
43094,44231,252
44231,44229,252
44229,27249,252
27578,39563,609
27578,27865,4
46704,37039,590
46704,27865,23
46704,49422,190
42660,27584,112
42660,44315,38
27263,39556,291
27263,26953,3
39556,27265,291
27265,27264,294
27264,39532,294
50961,50952,418
50952,39529,418
39529,48667,228
39529,51403,190
48667,39569,228
39569,48736,287
48736,43611,228
48736,26948,59
43611,48629,228
43611,43609,176
48629,43610,437
43610,50951,437
50951,39722,228
50951,39535,209
39722,39535,228
39535,39534,559
39534,42969,500
39534,51665,59
42969,39533,500
42969,44128,59
39533,29008,228
39533,44623,209
39533,44130,63
29008,27251,287
27251,27252,287
27247,27246,545
27246,39564,355
27246,46704,190
48525,29009,437
29009,29010,437
29010,29011,437
29011,28347,228
29011,11986,209
11975,26954,330
26954,51238,228
26954,39567,102
51238,27656,228
37208,35839,254
1432,1422,1272
1422,1398,983
1422,1388,6
1422,51626,283
1398,1391,1339
1391,2729,483
1391,1355,856
1391,1410,6
2729,1392,483
1392,2265,486
2265,3136,486
3136,3137,486
3137,2916,483
3137,1328,3
2916,1324,1200
2916,3395,4
1324,3395,655
1324,1336,545
3395,1326,825
1326,3396,85
1326,4044,737
1326,1307,3
3396,3397,85
3397,3400,85
3400,1678,85
1678,3401,85
3401,3399,79
3401,1410,6
3399,1410,438
3399,1398,356
3399,1392,3
1410,1417,731
1417,1424,1279
1417,3027,20
1424,1449,1279
3967,3419,8
3967,17325,239
3419,3747,8
3419,3420,253
3747,2071,8
3747,3965,239
3384,3753,152
3753,3358,152
3358,1967,152
1967,3764,152
3764,2591,152
2591,3754,152
3754,3353,152
3755,1983,152
1983,3756,300
3756,1965,300
1965,3757,300
3757,1966,300
1966,17368,300
17368,3944,300
3944,3018,148
3944,1964,152
3018,34219,148
34219,34220,148
34220,3718,148
3758,2695,148
3758,1984,4
3759,3946,152
3946,17364,152
17364,3760,152
3760,17365,152
17365,3976,152
3976,1970,152
3826,3828,152
3826,1989,22
50213,50203,374
50203,50190,374
50190,50191,374
50191,46835,374
46835,46748,374
46748,1179,246
46748,41510,128
1179,1194,854
1194,1198,874
1198,41513,366
1198,1192,394
1198,17219,114
41513,41989,608
41989,1200,246
41989,17272,345
41989,4029,17
1200,1205,246
1200,1209,39
1205,1202,394
1202,1180,394
1180,17272,394
17272,1163,877
17272,41519,114
1163,1155,991
1155,1152,877
1155,1162,114
1152,4028,723
1152,1148,154
4028,17218,266
4028,1128,60
4028,1126,531
17218,4045,266
4045,41999,384
41999,41535,384
41535,41536,384
41536,41534,384
41534,41533,384
41533,4031,364
41533,4028,20
4031,17217,358
4031,1167,42
17217,4047,358
4047,4038,152
4047,41538,206
4038,1190,152
1190,1227,158
1190,1225,36
4034,1186,177
1186,4033,141
1186,1183,36
4033,4032,141
4032,17216,356
17216,4011,356
4011,37519,362
37519,40888,362
40888,37517,362
37517,4046,362
4046,4010,362
4010,1140,255
4010,1153,107
1140,4027,255
4027,1143,255
1143,1153,141
1143,41523,114
1153,1162,272
1153,1159,6
1162,41518,386
41518,41517,255
41518,1158,505
41517,41516,255
41516,1158,238
41516,1176,17
1158,39221,763
39221,1176,763
1176,41514,238
1176,1178,658
1176,1177,101
41514,42663,238
42663,41512,238
41512,46628,238
46628,50240,369
50240,50222,369
50222,50188,369
50188,50219,369
50219,1154,131
1208,1205,128
1208,1176,217
1208,4029,66
1128,1115,591
1115,1132,591
1132,41518,374
1178,1179,533
1178,1177,125
1192,1209,326
1192,1205,68
1209,1641,316
1209,1243,20
1209,1642,39
1166,1259,116
1166,43455,22
1259,16996,116
16996,43461,855
16996,44362,22
16996,1284,287
43461,1284,855
1284,43471,1128
1284,43459,14
43471,44669,1128
44669,51915,60
44669,51813,997
44669,51919,79
44669,51918,18
51915,3371,310
51915,43473,10
3371,43460,1094
3371,1279,53
3371,1252,3
3371,50436,18
43460,50436,1046
43460,43458,20
43460,1279,48
50436,1323,687
50436,51005,73
50436,51637,304
1323,2916,710
1336,1363,545
1363,1388,545
1388,17228,551
17228,1410,281
17228,1417,264
17228,1411,6
1355,1318,690
1355,3395,166
1318,17232,690
17232,1328,690
1328,2549,10
1328,16996,683
1680,1323,14
1680,1394,69
17229,1467,554
17229,3293,230
17229,51636,235
1467,1438,554
1438,1420,400
1438,17479,154
1420,1412,617
1412,1404,617
1404,1397,615
1404,38578,2
1124,48060,323
1124,47975,232
1124,1109,1200
1124,47973,34
1124,47885,216
1124,48340,704
1124,48414,103
1124,1117,9
1124,48351,5
1587,1602,52
1602,4025,84
4025,1575,52
4025,1587,32
1575,1560,52
1560,1498,52
1498,1492,52
1492,1500,52
1500,17242,52
17242,17241,37
17242,1506,32
17241,17244,16
17241,49163,17
1528,17243,84
17243,1525,80
17243,1531,4
42841,4111,275
16930,38617,59
38617,16932,395
38617,51644,136
16932,16933,245
16932,38621,150
16933,16934,248
16934,16935,248
16935,2663,248
2663,17282,635
2663,1456,3
17282,1460,53
17282,1456,578
17282,1471,4
1042,17208,1075
17208,1053,1075
1053,3785,1075
3785,44095,170
3785,1644,905
3785,44097,115
3785,42314,76
44099,1057,91
44099,1644,269
44099,48060,33
1057,1052,1092
1052,1047,1092
1047,1043,1092
1043,1041,91
1043,1636,227
1043,3591,774
1041,1046,490
1041,4134,36
1046,4134,448
1046,1048,42
1046,3589,6
49330,2657,137
49330,1141,59
4138,4139,290
4139,4140,290
4140,4141,290
4141,4087,239
4141,4126,215
4089,4090,452
4090,4142,165
4090,37236,230
4090,4091,93
4090,37237,87
4090,38508,124
4142,38476,168
38476,4146,165
38476,38474,3
4146,4147,42
4146,38486,123
4147,40913,42
40913,6744,46
6744,16925,46
16925,1516,46
37236,4093,250
4093,4094,611
4093,37231,91
4093,4095,8
4094,4095,455
4094,4090,247
4095,4132,143
4095,4124,315
4095,4125,5
4018,1188,106
4018,1197,121
4018,42998,92
4018,1184,31
1173,1187,17
1173,1643,117
1098,38659,504
1098,50804,50
38659,14828,96
38659,14832,441
38659,14875,31
14828,24959,182
24959,17270,182
17270,24956,182
24956,24957,182
24957,24958,182
24958,14832,96
24958,14834,86
14832,14840,54
14832,14837,483
43619,15024,50
43619,15010,29
43619,15007,24
15024,15010,25
15024,15007,25
694,42500,54
694,42502,49
667,43875,25
667,43874,25
667,694,24
24962,24963,50
24963,24966,50
24966,24965,50
24965,24964,50
24964,24961,50
24961,24960,50
24960,15161,50
15161,44019,50
15156,655,68
655,51748,34
655,46339,34
656,15169,43
15169,24900,43
24900,46722,34
24900,49680,9
14838,14828,86
14838,14834,448
14838,48419,10
14838,1656,4
14834,38658,464
14834,50804,70
38658,49330,17
38658,1097,16
38658,42987,61
38658,47885,111
38658,47973,2
38658,47975,16
38658,48419,121
38658,48350,181
38658,42988,33
1097,44100,8
1097,1077,1736
1097,38700,18
1097,17203,108
44100,1644,84
1644,1645,1969
1644,38700,12
1644,1656,13
1644,17203,119
1645,1656,1705
1645,42581,271
1645,1098,50
1645,42988,62
1620,1627,356
1620,36030,53
1622,1739,411
1739,36080,83
1739,1607,286
1739,36128,42
36037,36039,181
49657,49662,223
49662,38658,61
49662,38659,14
49662,50085,50
49662,748,22
49662,16945,22
49662,34650,12
42987,1097,127
1077,44101,510
1077,44100,58
1077,44095,427
1077,43512,202
1077,1057,917
44101,43512,292
44101,1644,126
44101,43017,117
44101,42314,101
43512,43514,402
43512,42314,92
43514,43656,179
43514,1636,84
43514,17419,139
43656,1041,435
43656,1042,939
1646,1051,55
39090,3589,570
1217,1230,427
1217,39188,34
1217,16945,3
1230,16942,412
1230,36009,49
16943,16944,445
16943,16945,34
16944,16945,445
16945,16946,590
17250,36049,55
4065,4057,54
4060,4061,54
4061,4063,54
4063,4062,54
4062,4066,54
4068,4069,54
4069,16937,102
16937,16938,488
16937,3021,22
16938,17138,483
16938,1216,5
17138,16940,371
17138,1243,112
16940,16941,371
16940,1641,4
16940,1208,24
16940,36009,53
16940,36010,45
16941,1229,420
16941,39187,34
1229,1216,313
1229,35993,141
1134,2838,151
1134,1670,5
1134,2945,156
2838,3116,46
2838,1670,105
2838,42991,31
3116,1108,46
3116,42995,117
1108,38724,46
38724,48472,46
48472,49165,96
49165,49167,96
49167,48614,96
48614,673,96
673,670,96
670,671,96
671,677,96
677,676,96
676,672,96
672,675,96
675,674,96
674,4022,96
4022,4023,96
4023,14943,96
14943,24897,96
24897,1110,50
1110,1131,50
1131,42994,50
42994,3994,50
42994,1670,156
3994,1133,50
3994,42992,33
1133,42991,167
42991,49330,46
42991,42989,97
42991,48340,117
42991,48060,4
42991,49323,174
43001,35407,423
47885,1098,114
47885,1268,3
47885,1109,216
47885,1144,2
14867,14747,2
14867,45049,50
14747,24954,34
24954,14728,2
24954,45049,32
14728,33965,52
14728,24924,32
33965,14720,78
33965,14695,6
14720,333,381
14720,15233,428
14720,29450,78
50545,39830,40
39830,1585,40
39830,40543,577
39830,42902,22
39830,1569,2
1585,43346,40
1585,43345,42
43346,16929,40
43346,1569,542
43346,42821,35
16929,42821,40
16929,16928,136
16929,1203,14
42821,16928,40
42821,4008,77
42821,1566,33
42821,1559,31
42821,1569,35
16928,17235,40
16928,1561,136
17235,1561,40
17235,1562,42
1561,1203,176
1203,1559,58
1203,1566,132
1559,1549,204
1549,1515,196
1549,48400,8
1515,1507,204
1507,1495,182
1507,16930,22
38578,38577,84
38577,38576,84
38576,1397,42
38576,1403,42
1501,1510,214
1510,1517,206
1510,48400,8
1517,1555,214
1555,1563,93
1555,1566,121
1563,17236,196
1563,1562,64
17236,17235,42
17236,1562,140
17236,1569,14
1562,42821,106
1562,1569,137
1562,1495,3
4008,1585,42
4008,43345,639
4008,50557,2
43345,50558,187
43345,50557,494
50558,39827,6
50558,39830,22
50558,42908,33
50558,39829,18
1566,1574,239
1566,1568,33
1566,1584,14
1574,1584,206
1574,1583,28
1574,36125,5
1584,36125,260
36125,1592,297
36125,38284,61
36125,51115,5
1592,51115,297
51115,1600,173
51115,35991,26
51115,40554,103
42703,42704,347
42703,1624,58
42704,1624,347
2609,2607,196
2609,15206,52
2609,50781,5
2607,50781,102
2607,15206,80
2607,16698,14
50781,15206,102
50781,16698,5
15206,22566,248
22566,22567,198
22566,42734,50
22559,24933,102
41369,38310,102
1583,1617,42
1583,2899,27
1617,1618,54
1618,2899,54
2899,2898,81
2898,1584,28
2898,1579,29
2898,1608,12
2898,1617,12
15205,15207,219
50776,2608,93
50776,1620,3
2608,2969,116
2608,1615,73
1596,1589,303
1596,36124,3
1589,36124,319
36124,1579,222
36124,1583,41
36124,41042,46
1579,1572,237
1579,1563,14
1572,1559,115
1572,1563,153
1568,1554,33
1554,40804,33
40804,1536,64
1536,17394,64
17394,40914,64
40914,1522,64
1522,1546,33
1522,17340,31
1546,1535,33
1535,17238,33
17238,1539,33
17238,1530,31
1539,1530,33
1530,1504,64
1504,4048,64
4048,4050,64
4050,4049,64
4049,17239,33
4049,1534,31
17239,1532,33
1532,42823,33
42823,43251,64
43251,43250,64
43250,43249,64
43249,43248,64
43248,43247,64
43247,17240,31
17240,17238,31
1534,40804,31
17340,1556,31
1556,1572,31
47973,2657,309
47973,1109,34
47973,1098,2
1126,1128,531
50557,39829,404
50557,42908,114
39829,39827,543
39827,39825,549
39825,39823,549
39823,39821,416
39823,39820,12
39823,40545,121
39821,4015,779
39821,42928,125
4015,42929,779
42929,39819,779
39819,39820,537
39819,39822,363
39820,39817,428
39820,42952,121
39817,39815,428
39815,39813,428
39813,42965,428
42965,42923,549
42923,39810,781
42923,37234,35
42923,1632,55
39810,44050,543
39810,44052,57
39810,44055,216
44050,44033,1061
44033,44065,1061
44065,44035,1061
44035,44068,1061
44068,44051,922
44068,46875,139
44051,44053,922
44051,44054,31
44053,44059,567
44053,44054,518
44059,44036,600
44036,44038,567
44036,44060,33
44038,44060,644
44060,44062,655
44062,44056,125
44063,44061,613
44061,44017,549
44061,50557,22
44061,44037,42
44017,44050,369
44017,44023,31
44017,44052,149
44054,17234,734
44054,1632,35
17234,40547,494
17234,1616,317
40547,39812,369
40547,42966,125
39812,39814,369
39814,39816,369
39816,39818,369
39818,39821,488
39818,39822,6
39822,39824,494
39824,39826,494
39826,39828,494
39828,50556,363
39828,39830,6
39828,50558,125
50556,39830,473
1569,4133,535
1569,4124,115
1569,3956,14
1569,4089,22
1569,4871,44
46662,43348,26
43348,40915,26
43348,44334,39
40915,36000,46
36000,1061,52
1061,1072,52
1072,1068,46
1072,1074,6
1068,1066,178
1066,17220,178
17220,1087,178
1087,1095,178
1095,1086,178
1086,1091,178
1091,44358,178
44358,4030,178
4030,4042,178
4042,4041,178
4041,1067,68
4041,36127,51
4041,1074,59
1067,1040,68
1040,1034,94
1034,1036,68
1034,40915,20
1034,4040,6
1036,36111,73
1036,36003,42
36111,17256,96
17256,1068,73
36127,37226,57
37226,36001,57
36001,36003,34
36001,44334,23
36003,43823,34
36003,43347,42
43823,46505,34
46505,1111,34
43513,1644,219
43513,44101,50
43513,44098,130
1213,1223,118
1213,1231,33
4135,4136,184
4136,4138,20
4136,44734,164
4091,37236,20
4091,4142,3
4091,38508,89
6877,17090,10
6877,17053,55
6877,6878,31
6877,6875,29
17090,17080,10
17090,38561,96
17080,17063,10
17080,2600,96
17063,17092,792
17092,2931,48
17092,38784,744
2931,2932,10
2931,2748,782
2932,17101,10
2932,17186,782
17101,2350,10
17101,2349,946
2350,2933,10
2350,2750,784
2933,2751,756
2933,17114,162
2751,3975,10
2751,1747,746
2378,1267,54
2378,3983,14
2066,2083,6
2066,3986,889
2066,1271,50
2066,3672,310
17081,17089,10
17081,38562,96
17089,17054,10
17089,17087,96
1268,3140,515
3140,1277,515
1277,1276,281
1277,1288,234
1276,42985,546
42985,1288,546
1288,1304,1202
1304,1320,697
1304,17212,3
1304,3425,265
1320,1350,697
1350,3142,697
3142,1360,697
1360,17212,684
1360,16955,6
17212,1315,156
17212,1303,14
17212,1661,514
1315,1303,439
1303,17246,453
17246,1282,439
1282,17473,300
1282,51602,139
17473,1264,314
1264,1251,28
1264,17447,286
1251,1238,160
1251,37771,7
1238,17211,446
17211,17210,446
17211,16990,6
17210,17209,160
17210,42578,286
17209,1210,160
1210,1197,14
1210,2638,444
14707,14692,1012
14707,15233,16
14692,49665,257
14692,14720,546
14692,15233,209
49665,14720,257
49665,14750,6
49665,24920,8
14693,14710,1050
14710,2563,1056
2563,43656,439
2563,17222,20
2563,3797,811
2563,3265,66
2563,3360,301
2563,3021,15
2563,3870,130
2563,43513,84
2563,1372,42
2563,3521,16
48340,47885,23
48340,48060,18
48340,3522,4
48340,1109,145
1702,16941,30
1702,16943,69
1702,1189,4
1702,16940,53
1183,1149,30
1183,4011,6
1149,1153,30
1177,46628,131
1177,1194,20
1177,1179,75
44364,50213,128
44364,44357,29
44364,44366,10
41510,41513,128
1148,4031,36
1148,4045,118
1167,1190,42
43598,2335,193
2335,2336,722
2336,3399,722
4044,1307,737
1307,1292,740
1292,2928,740
2928,1298,740
1298,1345,736
1298,17233,4
1345,17233,736
17233,1354,736
17233,1380,4
1354,4043,736
4043,1380,736
1380,2730,740
2730,1409,740
1409,2335,529
1409,1411,211
17283,1475,52
17283,3037,16
17283,2663,6
17283,51629,367
1506,17244,32
1367,1375,347
1373,1379,342
1373,1361,32
1373,1707,92
1379,1361,342
1361,1333,374
1333,1707,353
1333,17462,21
1707,1705,466
1411,1420,217
43455,43453,22
43453,44363,22
44363,43450,22
43450,43448,22
43448,43446,22
43446,43457,22
43457,16996,22
44362,43463,22
43463,43465,22
43465,43467,22
43467,43469,22
43469,44361,22
44361,44360,22
44360,44669,12
44360,51915,10
41636,17836,23
14896,14899,29
14899,14910,29
14910,24895,29
24895,24896,29
24896,14973,15
24896,14977,14
14984,24898,31
669,666,24
666,657,24
657,658,24
658,14895,24
33963,51499,143
51499,24435,143
51499,24434,173
51499,21861,7
24435,24439,248
24435,826,13
24439,24442,626
24442,24482,415
24442,24440,102
24442,808,109
24584,24443,147
24584,808,238
24584,24440,265
826,832,164
832,834,164
834,14606,143
834,24430,13
834,837,5
834,848,3
14606,24456,775
24456,24418,546
24456,24430,239
24418,24415,730
24415,24412,730
24412,24408,741
24412,24409,8
24408,24407,432
24408,48862,633
24408,830,46
24407,22688,372
24407,858,6
24407,14730,145
24407,14615,4
24407,830,62
22688,830,681
22688,34154,6
830,828,719
830,34154,137
830,14603,178
830,48862,185
830,37416,92
830,1017,10
830,24409,12
830,24406,2
828,48862,306
828,14603,413
828,14730,137
1003,24393,143
1003,851,6
1003,1013,6
1003,872,3
868,866,904
866,871,484
866,1007,397
866,34146,24
866,874,16
866,872,15
871,872,687
871,874,54
872,876,246
872,877,199
872,22793,247
872,1,10
872,896,3
876,880,252
880,881,246
880,883,6
881,883,246
883,882,266
882,879,266
879,873,260
879,874,2
879,896,4
873,870,723
873,867,104
870,867,462
870,1007,261
867,869,943
867,1003,6
867,24394,46
867,24397,16
869,24394,492
869,24396,451
50938,24581,147
835,833,153
833,814,147
833,815,12
814,815,147
815,24480,143
815,24436,6
815,24439,4
757,33963,147
757,47038,177
757,34347,12
757,34346,62
757,34232,42
757,42176,60
757,34418,36
37689,12945,113
37689,29310,95
14209,14227,149
14209,14355,38
14209,743,25
14209,24859,90
14209,23408,6
24409,827,858
827,24414,439
827,37803,367
827,35327,18
827,15995,18
827,16666,6
827,24361,3
827,37804,24
827,25155,12
827,15996,16
827,35491,2
24414,24435,118
24414,757,382
24414,16581,7
24440,24437,604
24437,14606,495
24437,837,109
6427,6428,15
6428,6591,15
18104,18153,15
18153,6437,15
18063,6748,4
18063,6476,39
18063,39661,1
39661,6747,66
39661,18185,1
39661,7204,1
6747,18185,61
6747,18233,5
18185,6601,61
18185,6468,1
18185,6617,1
6601,18197,61
23993,24000,367
23993,23991,334
24025,42542,175
24025,23956,320
24025,24035,192
24025,24027,291
24025,24026,144
24025,24029,201
42542,24035,175
42542,23945,260
24035,24784,624
24035,23975,107
22737,50393,175
50393,25357,175
25357,23988,175
23988,23990,377
23990,24009,377
24009,24012,377
24018,24042,175
24042,24047,175
24047,24049,175
24049,24052,175
24052,24078,175
24078,13381,175
13381,13378,175
13378,13373,663
13373,13375,175
13373,29623,348
13373,43319,140
25362,24086,909
25362,42322,245
25362,759,362
25362,13404,24
22631,24500,6
24501,24539,305
24501,24574,16
24539,1024,92
24539,24540,149
24539,40674,64
1024,1021,3
1024,51589,220
1024,21904,3
1021,24505,3
1021,24509,6
24529,41053,24
24529,1014,8
24529,24530,165
24529,24848,13
24529,1017,34
49800,7294,4
6042,5085,175
6042,4150,32
19389,19264,41
19389,19386,364
19389,21142,596
19264,43147,227
19264,35291,23
19264,5088,674
19264,18383,243
19264,4588,3
4675,4861,41
4675,4838,508
4675,43913,143
4861,19093,41
4861,4858,2137
5143,4717,99
5143,51788,298
20740,4763,84
20740,42405,18
20740,19821,58
20740,4895,17
20740,14355,17
20740,42430,8
20740,23418,4
20740,23129,4
20740,35060,4
41429,7515,32
50722,49822,352
35241,35242,34
35242,35238,34
35238,35239,27
35238,35235,7
35239,35214,27
35214,21550,16
35214,35235,11
21542,21717,31
21717,21544,24
21717,23355,7
21544,21538,24
35240,35212,22
35212,35215,22
35215,21715,16
35215,35218,13
21531,21532,21
21532,23355,21
23734,21338,104
23734,50058,33
23734,22934,721
23734,35286,619
23734,23633,245
23734,43941,76
41378,41377,275
41377,41375,162
41377,41374,113
41375,23894,104
41375,107,43
41375,23896,128
106,128,104
106,42658,158
128,44501,112
128,42657,97
21706,50742,104
50742,21710,104
21711,21708,97
21708,21707,97
21707,44501,97
42657,105,268
105,21500,97
105,21348,171
108,41374,218
108,107,11
41374,41376,255
41374,44966,119
41374,42659,106
41376,21338,218
41376,43747,37
163,164,274
163,35711,133
164,21428,134
164,21598,290
21428,21429,134
21429,21430,134
21430,21593,138
21430,9046,12
51114,153,106
21426,21427,381
21427,21619,243
21427,641,33
21427,35711,98
21427,35707,7
144,21393,235
46520,42981,106
46520,15254,67
46520,15255,69
46520,15212,443
21838,21355,377
21838,152,162
51113,51112,140
22257,168,13
22257,22258,6
168,166,13
166,165,13
165,23199,13
23199,21672,13
23199,24823,234
23199,42182,6
8611,8978,30
8978,8604,30
8978,8611,32
8604,8605,62
8605,8606,62
8606,8607,62
8607,8608,62
8608,8609,62
8609,8613,30
8609,8978,32
8613,21456,30
8613,21458,77
21456,21458,30
21456,21457,32
21458,14965,30
21458,21459,77
14965,21451,62
21451,21452,62
21452,21453,62
21453,21454,62
21454,21459,30
21454,21455,32
21459,21460,107
21460,21442,30
21460,21461,77
21442,14976,62
14976,21443,62
21443,21444,62
21444,21445,62
21445,21446,62
21446,21447,62
21447,21461,30
21447,14965,32
21461,21584,30
21461,613,77
21584,21731,184
21731,21596,184
24183,21320,87
24183,21594,61
50577,10775,12
50577,48708,4
50577,10791,276
161,21356,12
161,159,137
23897,24182,141
23897,50266,7
24182,24726,12
24182,50266,2
24182,24184,121
24182,21495,6
24726,21495,12
24726,24184,40
152,21604,323
22695,21648,27
46481,14811,8
46481,23102,84
15336,15337,316
15337,15338,316
134,133,189
16672,16670,282
16670,21757,40
16670,16673,276
16670,48247,16
16670,16682,31
21757,21758,74
21758,21761,74
21761,21762,74
21762,16673,40
21762,16682,34
21769,21753,48
21769,36909,204
21769,15897,154
21753,21754,91
21754,36909,40
21754,16678,34
21754,21513,9
36909,24856,88
36909,21753,34
36909,24791,45
36909,36910,342
49170,15372,154
49170,21629,42
49170,22072,227
16682,16674,347
16674,16681,347
21714,21343,4
979,21513,142
979,24791,10
979,15897,81
21763,21764,105
21764,21765,105
21765,21766,105
21766,21767,88
21766,21769,8
21766,23337,9
21767,21751,46
21767,23337,42
21751,21745,88
21745,21746,88
21746,21747,88
21747,21749,88
21749,21750,88
21750,21752,88
21752,21738,46
21752,21768,42
21738,21739,88
21739,21740,88
21740,21741,88
21741,21742,88
21742,21743,88
21743,22067,46
21743,21751,42
44926,15210,133
44926,22069,12
44926,15278,221
44926,21588,12
44926,21591,15
44926,43832,8
35723,35724,271
35724,16896,133
35724,15336,138
133,22091,133
133,23102,56
15402,15384,262
15402,21605,84
15384,21359,133
15384,21375,129
21609,21613,133
35713,21420,161
35713,21387,150
21420,21611,161
21611,153,161
21616,21615,161
21615,150,161
21615,21380,122
21615,966,81
150,149,161
149,966,161
49004,145,161
145,21375,161
137,132,228
132,21597,228
15339,15277,161
14846,14847,32
14847,14858,32
14858,14861,32
14861,21561,32
21561,14893,32
14893,21565,32
21565,44894,32
44894,23693,32
44894,44895,38
23693,21566,32
23693,21569,174
21566,21567,70
21567,21568,70
21568,21569,32
21568,21578,38
21569,21576,32
21569,21570,174
21576,21572,32
21576,21566,38
21572,14944,70
21572,25043,174
14944,21726,70
21726,14957,70
14957,21582,32
14957,21575,211
21582,21574,32
21574,47910,32
47910,35982,32
35982,43155,32
22241,48480,152
22241,42504,102
22241,8462,4
22241,35041,4
22241,35978,2
48480,35975,38
48480,42504,96
48480,42845,18
35981,47938,38
47938,21728,38
21728,46574,38
46574,21572,38
21575,21576,38
21575,21577,173
21578,44894,38
21578,21579,173
44895,21562,38
21562,21583,38
21583,21732,38
21732,21584,38
21732,613,173
21771,21772,134
21772,21773,134
21773,21774,134
21774,21775,134
21775,21776,134
21776,21646,67
21776,21857,67
21768,21763,42
21768,25062,23
21768,22105,145
21768,16678,1
15254,15255,67
15254,15259,119
15254,15256,324
40738,23102,67
40737,21402,56
24680,24785,112
24680,36,60
24680,22633,69
24785,16031,230
24785,24856,58
24785,36909,48
24785,22092,19
49331,49343,117
49343,49333,117
49333,21514,117
36588,41133,62
27512,27499,313
27512,27514,194
27512,27154,134
27512,39557,56
17260,17261,32
17261,17262,32
17262,1493,32
1493,17263,32
17263,1499,32
1499,17264,32
17264,17265,32
17265,17266,32
17266,1602,32
37525,29310,109
14165,29404,79
14165,14394,174
14165,29402,1310
14165,29475,340
14165,14166,232
14165,24467,24
14165,22234,63
29404,13086,104
29404,29467,141
50612,35306,195
35306,43839,79
35306,14474,24
35306,14419,11
35306,14433,116
43839,14474,227
14474,42515,102
14474,41888,148
14474,24239,1
14474,14430,8
988,14657,233
988,14655,7
14657,995,236
940,943,690
940,945,37
943,35943,674
35943,38804,450
35747,942,224
35747,36835,450
942,938,329
942,22527,288
942,24369,112
938,997,232
938,51016,105
997,991,227
997,14637,5
991,14634,224
991,14655,4
24427,24425,1449
24425,24423,1333
24425,920,116
24423,24422,1333
24422,24419,1112
24422,918,326
24419,24253,1135
24253,24251,1245
24251,24240,1348
24240,24237,982
24240,24238,226
24240,44072,126
24240,23018,14
24237,42514,1603
24237,14297,33
24237,14470,3
42514,43895,169
42514,14297,1270
42514,29573,58
42514,13006,7
42514,14430,99
43895,13006,205
43895,14419,255
43895,14420,6
13006,38900,74
13006,45027,138
13006,14468,10
38900,29407,74
29407,29403,239
29407,29450,420
29403,14325,74
29403,29450,165
24540,24543,3
24540,24541,143
24540,24548,3
24548,24549,155
24549,24550,155
24550,24551,155
24551,24552,155
24552,24553,155
24553,24554,155
24554,24555,155
24555,24556,167
24555,24558,64
24556,24558,167
24558,21904,167
24558,40669,64
21904,24559,161
21904,1020,3
21904,22750,3
21904,1021,3
24559,24508,158
24559,24535,3
41747,41746,84
41746,41745,160
41745,41744,160
41744,41748,160
41748,18592,8
41748,7215,76
18559,7210,152
18559,18513,263
18559,18547,352
7210,18557,156
18557,18565,158
18565,18576,158
18576,18582,158
18582,18572,39
18582,35294,117
18582,18581,2
18572,18581,156
18581,18587,158
18587,18595,141
18587,18597,17
18595,18589,156
18595,7211,2
18589,7211,41
18589,18547,115
7211,18544,6
7211,18531,4
18619,7016,179
18619,18629,63
7016,7017,264
7017,7018,338
7018,7019,338
7019,6529,338
6529,6531,338
6531,7021,338
7021,35271,18
7021,35270,84
7021,6530,236
35271,35272,102
35272,35273,102
35273,6530,23
35273,7022,5
35273,7020,74
6530,7020,259
7020,7022,333
7022,7023,264
7022,7017,74
7023,18627,159
7023,18629,82
6196,6250,24
6196,6249,5
6250,6249,19
6250,18421,5
6250,6194,2
6250,6195,2
37180,18556,241
18578,18591,212
18578,6096,17
18591,6096,102
18591,18601,110
35270,35271,84
17770,17795,109
17795,19582,53
17795,6506,56
19582,19584,68
19582,17788,54
19584,17799,12
19584,17788,56
19584,6506,31
19584,17787,31
17799,19583,115
17799,42142,15
19583,42903,6
19583,17771,109
17771,19587,88
17771,42142,31
19587,6574,53
19587,17761,4
19587,17758,62
6574,17747,115
20139,20140,292
20140,20141,292
20141,42565,364
42565,6775,37
42565,20142,311
6775,6774,140
6774,6773,140
6773,20106,37
6773,40744,36
6773,6524,35
20106,17787,56
20106,19584,62
17787,17799,56
17787,6506,31
8826,9810,430
8826,8827,28
8826,9814,2
43395,9830,441
43395,9831,9
43395,43932,644
9830,9831,441
9831,10716,809
9831,10264,7
9831,44799,2
9726,9666,212
9666,8638,202
9666,9054,7
9666,34170,3
10100,10099,296
10099,9479,197
10099,11610,99
9479,8645,207
10018,9996,51
10781,10328,380
10781,11430,106
51183,9526,481
11546,10241,6
10509,39292,194
39292,11827,194
11827,11828,194
11828,11829,194
11829,9731,194
9731,11605,194
11628,11568,194
11628,9343,450
11628,9733,349
9351,9349,194
9349,10281,194
10846,37260,826
10846,10236,1108
10846,9048,299
37260,9348,194
37260,8750,406
37260,10775,632
9348,9350,194
9350,8796,194
37275,9625,194
9625,9626,194
9626,9729,194
9729,10583,194
10583,10443,194
10583,11907,194
11830,10583,194
11907,11920,194
11920,38766,194
38766,11717,194
11717,10480,194
10302,11810,266
11810,10304,266
10304,11557,266
11557,9970,100
11557,9968,166
9970,10063,652
10063,11700,652
11700,9786,345
11700,10065,307
9786,9882,100
9786,47061,339
9882,9788,1174
9788,9789,1174
9789,9798,1174
9798,9979,1174
9979,9980,1174
9980,47311,100
9980,9796,1074
9787,10065,100
9787,9785,349
10065,10066,407
10066,9793,407
9793,48362,647
9793,8751,5
48362,48361,647
48361,8751,647
9747,9676,966
9676,9680,966
9680,10135,966
10135,9366,664
10135,10016,302
9366,9393,664
9393,10688,664
10688,11750,100
10688,10424,564
11750,8935,1243
8935,10452,1033
8935,10455,3
8935,10497,5
8935,10689,833
8935,11806,69
8935,9063,50
10455,10456,858
10455,10474,81
10455,9600,27
10455,9782,2
10097,10165,789
10097,8945,66
10097,9435,7
10097,10402,13
10097,37257,506
10121,9914,531
10121,10707,1142
9633,10460,1597
9633,11612,511
10727,11715,415
10727,11562,317
10727,11441,319
9064,8731,806
9064,47098,378
9064,8732,50
8731,11532,94
8731,10424,335
8731,9802,3
8731,8732,610
8731,10617,728
11532,9391,656
9391,9392,656
9392,9677,656
9677,9678,956
9678,9679,956
9679,9319,956
9319,9804,631
9319,9802,325
9804,9805,631
9804,8751,455
9805,9852,631
9852,11732,631
11732,9799,631
9799,9790,388
9799,10067,243
9790,9791,388
9791,9786,94
9791,9785,294
47061,9794,94
47061,9796,351
47061,9982,245
9794,9795,1084
9795,9976,1084
9976,9977,1084
9977,9978,1084
9978,9797,1084
9797,11798,1072
9797,9787,12
11798,9787,94
11798,9875,978
9785,9874,643
9874,10038,643
10038,9967,631
10038,10068,12
9967,9968,631
9968,10302,94
9968,10068,703
10068,9963,1428
10068,44494,183
9565,10705,1024
10705,9739,1024
9739,9289,528
9739,10481,496
9292,9291,884
9291,9294,528
9291,46725,356
9294,9563,1019
9563,9515,528
9563,9551,247
9563,9292,244
9515,9520,1133
9520,9521,1133
9521,9301,651
9521,9300,482
9301,11229,797
9301,10079,1160
9301,50167,118
11229,11265,1102
11229,9533,32
11265,11264,1102
11264,9533,797
11264,9618,305
11269,11268,1111
11269,11228,34
11268,11267,1111
11267,11228,911
11267,10079,200
9510,9511,1123
9511,9522,1123
9522,9320,496
9522,9551,515
9522,9292,112
10185,9290,314
10185,9551,182
10185,10491,356
9290,9286,314
9286,9287,314
9287,9288,314
9288,9565,314
10481,10482,1258
10482,9549,1258
9549,9272,1258
9272,11495,1258
11495,9550,1258
9550,10483,1258
10483,11809,1011
10483,11629,247
46460,46635,515
46460,9664,128
11800,10073,515
10073,10074,515
10073,10179,5
10073,9541,5
10073,10790,5
10073,9824,5
10074,9649,523
9649,9337,523
9337,9650,523
9650,9338,518
9650,11922,5
9338,11922,518
11922,9362,523
9651,9359,499
9359,10122,511
10122,11552,511
11552,9361,511
9361,10076,511
10076,10075,511
10075,37833,499
10075,10790,2
37833,9541,499
9541,11921,499
9541,10014,5
11921,10014,499
10014,9743,499
10014,10780,5
47136,49357,499
49357,8977,649
9911,9782,312
9911,46460,128
9782,11269,312
10079,9302,295
10079,9538,753
10079,9304,312
10173,46254,1512
10173,10177,243
13662,13661,581
13661,44474,175
13661,44472,406
44474,13681,36
44474,13308,30
44474,13682,139
12839,12848,582
12848,13700,582
13812,12982,6
48278,16168,396
43978,16137,700
16137,23259,6
16137,25206,8
16137,16237,412
16137,38652,282
11807,10732,1043
10732,9518,488
10732,9734,555
9518,9530,488
9530,9519,488
9519,9306,488
9306,9510,488
9306,41933,312
9306,9301,243
9551,10584,944
10584,10481,762
10584,9565,182
9300,9516,482
9300,9307,558
9516,9517,482
9517,10033,482
10033,11467,1040
11467,9533,1040
11714,10156,966
10156,10406,253
10156,10157,784
10406,10201,182
10406,11901,71
10201,10217,568
10217,10203,568
10203,10204,763
10204,10652,763
10652,10205,763
10205,10206,1267
10206,10207,1267
10207,10208,1267
10208,10209,1267
10209,10407,686
10209,10158,581
10407,10408,686
10408,10116,686
10000,10003,1415
10003,10034,1415
10034,10037,856
10034,38589,504
10034,10251,55
10037,10054,1669
10054,10055,1669
10055,10057,418
10057,10128,489
10128,42749,489
42749,10129,489
10129,10702,418
10129,10700,71
10661,9660,2289
9660,9723,2289
9723,9527,1143
9723,9661,18
9723,10315,1128
34835,10315,18
34835,8405,124
9724,37256,2343
37256,9725,2343
9725,9524,2343
10409,43209,632
43209,10210,629
43209,10158,3
10210,10211,1104
10211,10212,1104
10212,10214,1104
10214,37786,1104
37786,11584,602
37786,43793,502
11584,10215,602
10215,10216,602
10216,10218,437
10216,10292,667
10218,11549,437
11549,10219,127
11549,11901,310
10219,10161,200
10161,10162,1093
10162,10155,1020
10162,11527,144
10155,10111,1020
10155,10160,73
10288,37263,1158
37263,10657,1158
10657,10289,1158
10289,10290,699
10289,10298,459
10290,11894,699
11894,10203,195
11894,38127,504
10158,10159,893
10159,10161,893
8917,10165,745
8917,8945,238
8917,9430,290
9432,11574,1754
9432,10789,1056
9432,8617,3
10298,10741,459
10741,10299,459
10299,10201,386
10299,10219,73
10157,11617,784
11617,10210,475
11617,51555,309
10292,10293,667
10293,10294,667
10294,10291,667
10291,10296,1048
10296,11676,1048
11676,10288,71
9909,10186,650
9909,11339,196
9909,9908,146
10186,11726,605
10186,10707,3
10186,43791,240
9413,9407,1015
9413,51361,290
9413,51366,353
9407,51368,1018
10275,9437,1371
9684,9457,2336
9684,9683,353
9457,9633,1724
9457,46430,612
46430,10713,332
46430,8939,361
46430,10477,12
46430,49223,301
46430,10309,299
10681,10711,2255
10681,9434,3
10711,10733,1258
10711,10746,708
10711,9434,281
11630,9363,985
9363,9356,985
9356,8755,884
9356,49074,93
9356,8711,8
9356,8756,8
42318,51116,544
10424,9677,300
10424,10200,950
10287,9652,759
10287,10790,4
10287,9046,158
10287,11726,268
10287,10716,151
10287,44800,215
10287,11897,371
9468,9586,1011
9468,10519,676
999,34104,373
34104,42313,373
42313,38117,95
42313,24513,551
42313,21951,106
38117,21951,30
38117,24514,65
21951,24532,595
24532,25376,660
787,14355,345
787,29383,125
787,29503,85
787,13193,15
787,25297,24
787,29461,2
24859,743,43
24859,16491,28
24859,742,345
24859,22742,12
24859,728,26
24530,24848,180
24530,21951,16
38392,54,140
38392,39805,23
38392,55,110
54,55,140
54,38368,18
55,61,140
55,44704,152
61,56,140
56,57,140
57,58,140
58,23725,140
23725,25016,140
25016,23726,140
25016,51,134
23726,22968,140
22968,25013,140
35323,64,140
35323,16251,60
64,15420,140
22427,22429,140
22429,23609,140
23609,23722,140
23722,23723,140
25023,25021,140
25021,25020,140
25020,25019,140
25019,51,140
51,23809,292
23809,16252,140
23809,38375,110
23809,15661,42
25378,53,140
53,37092,140
37092,38391,140
38391,23223,27
11901,10301,381
10301,51961,310
10301,10300,71
51961,10300,310
10300,10291,381
13395,48292,228
48292,13397,228
13397,42865,228
44460,13492,228
44460,43274,220
16010,22553,6
16010,16011,16
22351,38586,6
15426,38898,285
15426,15427,719
15426,38897,180
38898,15428,185
38898,24315,149
38898,16098,106
38898,15427,114
47870,16061,185
16064,16065,460
16065,16066,460
16066,16067,442
16066,21971,18
16082,16069,442
16069,24472,326
16069,16070,231
16069,15780,26
24472,34016,326
34016,14939,338
34016,34018,7
14939,24474,367
24474,14925,360
14925,24478,360
24478,24293,360
24293,39270,360
39270,24298,360
24298,39758,360
39758,24269,207
39758,42510,12
39758,40508,141
24269,42511,199
24269,42510,8
42511,25326,349
25326,22441,199
25326,40510,150
22441,39273,199
48885,23671,176
48885,34082,50
39764,22440,176
39764,21971,38
22440,33880,176
33880,42651,170
33880,25327,6
42651,25327,170
25327,24198,176
25327,42510,141
24198,39759,190
39759,24475,340
24475,39269,342
39269,24477,342
24477,24288,342
24288,24290,342
24290,42,342
42,24274,345
24274,24275,367
24275,22314,367
22314,34018,367
34018,22322,339
34018,14939,35
22322,24836,325
22322,21917,14
24836,34019,325
49521,16061,293
16093,16094,1211
16093,22783,144
16094,16097,710
16094,24830,197
16094,2,304
24315,50592,393
24315,23094,31
50592,15178,273
50592,25034,120
27888,27867,208
27888,39547,20
27888,27871,85
27867,27869,133
27867,27871,75
27867,39541,20
27869,27660,133
27869,11933,20
27869,27871,5
44131,44129,227
44129,27243,227
44129,29008,59
39562,39560,61
48205,26808,70
48205,26809,64
37781,37780,11
37780,50106,11
50106,37778,11
37778,12549,11
12549,34828,11
12549,37777,11
12549,12582,25
34828,34885,179
34828,34827,11
34885,41175,179
41175,7827,11
41175,39312,82
41175,35730,86
7827,37507,200
37507,35735,97
37507,35734,103
35735,7825,97
7825,35729,97
7825,41096,103
35729,7717,97
7717,41095,103
7717,35732,36
48995,13339,130
17222,1209,20
17222,1158,20
17222,1200,39
17222,17272,6
7284,20234,276
20234,7286,19
20234,7285,638
7286,20747,19
7286,19474,251
7286,7011,385
7286,18108,2
20747,19749,95
20747,34160,6
20747,6848,4
45003,49772,315
49772,25854,470
49772,42521,76
25854,25855,396
25854,27375,106
25855,49789,239
25855,11981,558
25855,27986,219
25855,28043,6
25855,25857,39
49789,25857,239
25857,25858,369
29033,27366,177
29033,42246,189
29033,28024,6
42165,27384,448
27384,27412,448
27412,27402,448
27402,35169,448
35169,41651,509
41651,41652,219
41651,27389,24
41651,27994,37
27373,27395,174
27373,27400,240
27395,27371,213
27371,27376,507
27371,27370,39
27376,27370,507
27370,27135,176
27370,25972,114
27370,27083,223
27370,25855,39
27135,27137,691
27137,49760,389
27137,27954,302
49760,48940,393
48940,48941,174
48940,49765,219
48941,49752,116
48941,52028,58
49752,43584,335
52028,52025,58
52025,43584,58
27458,41907,509
27458,44777,371
27458,27951,209
27458,27459,89
27458,27467,5
27458,41918,76
41907,41909,509
41909,41911,509
41911,44476,499
41911,41912,10
44476,40421,530
40421,40068,440
40421,40065,90
40068,41922,440
41922,41921,440
41921,41920,440
41920,27459,88
41920,44777,352
27459,27951,183
27459,27450,849
27459,12005,5
27951,27948,398
27948,28063,398
28063,27339,398
27339,27456,583
27339,27472,54
27339,27467,535
27456,27474,583
27474,27469,583
27469,49723,544
27469,27140,18
27469,27463,21
49723,27140,671
27140,27463,689
27463,27473,324
27463,27340,259
27463,27471,127
27473,27356,324
27356,27351,715
27351,27345,506
27351,27957,209
27345,27343,506
27343,25938,509
27343,27941,6
27343,49392,196
42522,41603,405
42522,27361,39
41603,27361,1394
44446,41929,846
44446,11449,20
41929,41931,856
41931,50648,713
41931,10220,4
41931,44444,139
50648,44444,713
11897,9652,423
11897,10114,3
11897,9914,140
11897,10193,751
11897,10226,397
121,23048,9
34049,34177,7
34049,24168,367
34177,22901,4
34177,16846,10
34177,22299,20
34177,33890,3
22901,24812,4
22901,23196,490
22901,22264,137
24826,24811,158
24826,23196,3
24826,21690,7
24811,21690,158
24811,22299,31
21690,24321,16
21690,22299,351
21690,22516,10
21690,33890,248
24321,33890,16
33890,22516,369
22516,24810,308
22516,50801,10
22516,7562,4
22516,50802,37
24810,21675,2
24810,46,204
89,15611,749
22934,21676,147
22934,16770,611
21676,35288,128
21676,22604,5
21676,16797,5
21676,24736,14
35288,23225,2
35288,24736,126
23225,34106,175
23225,38750,28
34106,38750,175
38750,23897,2
38750,21321,28
38750,25006,173
24185,24183,131
24185,25006,8
24185,50266,15
24185,21322,15
21699,24466,126
22760,24826,130
22760,16089,1039
50801,22316,10
50801,50802,126
50801,44685,20
22316,34180,10
22316,22317,431
22316,34177,20
22316,22299,1
34180,34183,310
34180,39278,7
34183,16093,116
34183,22999,180
34183,15432,7
22716,45,135
22716,22948,257
45,23531,113
45,42772,176
23196,22038,500
22038,23197,497
22038,23310,3
23197,23200,497
23200,23201,497
23200,16097,2
23201,33970,9
23201,44685,424
23201,2,8
23201,50802,64
33970,34060,52
33970,23919,381
34060,16839,93
16839,34061,93
34061,34062,93
34062,23919,52
34062,24169,41
23919,24087,433
24087,34180,300
24087,22396,133
22999,34087,121
22999,23017,280
22999,34057,141
34087,34059,129
34087,15430,94
34087,22034,3
34087,16093,144
34059,73,257
34059,23649,5
73,24328,295
24328,34031,284
24328,34057,11
34031,71,284
71,43,281
71,34178,3
43,68,247
43,22036,3
12042,12043,258
12042,22315,96
12042,22454,62
12042,38975,11
12042,21695,1
12043,22315,258
12043,7562,3
11161,41132,1098
11161,11173,42
11161,10776,2
28327,26604,121
28327,29243,70
28327,50472,6
28327,26906,4
28327,27778,6
28327,27901,1
28327,51430,1
15604,15906,796
15604,24674,21
15906,41130,275
15906,15905,359
15906,23308,162
41130,23309,523
23309,15905,523
24852,25127,95
15386,15388,360
15388,15389,360
15389,25079,360
25079,15359,360
15359,25073,224
15359,25070,136
11,12,20
12,16246,20
34178,22496,7
34178,43,3
47842,33982,216
47842,16061,111
47842,16062,4
23630,781,9
23630,16006,156
781,23206,232
23206,22676,232
22676,21989,418
21989,21990,418
21990,21980,418
21980,21981,418
21981,21982,418
21982,21986,418
21986,22437,343
21986,25396,75
22437,21818,186
22437,24112,2
22437,22434,148
49903,18395,759
44692,23924,963
23924,23909,244
23924,23920,743
23909,23930,359
23909,23910,192
23909,23911,226
23909,23936,86
24121,24177,10
24121,24127,557
24121,23660,86
24121,24124,156
24121,24131,148
49173,15372,240
44318,50396,116
50396,44340,116
50396,44317,2
44340,50396,2
44340,44317,106
44317,21769,108
24120,24160,2
24120,22061,194
24120,24109,89
24120,24117,499
24120,24111,154
21971,15562,518
21971,21889,18
49234,89,625
49234,50065,110
22948,24813,157
22948,16848,262
24813,21689,350
21689,21673,333
21689,33890,102
21689,34184,7
21689,23200,2
21673,22901,627
21673,22264,41
36865,8328,68
17788,20107,77
17788,17808,33
20107,6706,48
20107,20108,29
18825,18826,211
18825,2347,2
18826,18830,178
18826,2347,17
18826,1359,12
18826,14077,4
18830,18831,76
18830,19863,102
18816,19343,73
18816,19293,2
19343,19293,73
19293,19580,183
19293,4171,34
19293,20501,18
19580,2673,6
19580,3945,175
19580,4171,2
2673,3275,271
2673,3265,140
3275,1314,10
3275,1296,17
3275,3956,420
3275,3996,257
3275,2162,4
50173,13481,238
50173,14508,220
48435,29512,364
29512,13116,346
29512,13423,18
46578,17653,168
46578,17635,168
6390,17669,344
17669,17700,344
17700,17707,334
17700,49036,1
17700,49047,1
17707,17711,344
17711,17708,334
17711,6390,6
17711,19721,4
17708,17699,334
17699,17683,334
17683,46578,334
17635,17628,281
17628,17596,281
17596,17604,281
17604,19560,281
19560,17589,281
17589,17573,281
17589,48810,113
17573,17568,281
17568,17564,281
17564,17561,281
17561,48061,281
48061,44243,674
48061,17595,2
47947,47946,282
47947,17636,1
47946,17621,168
47946,47945,114
17621,17636,338
17621,17633,2
17636,17648,339
17648,17631,339
17631,17624,339
17624,6627,339
6627,19713,169
6627,17611,170
6411,17611,166
6411,17570,316
33982,22761,398
22761,22658,296
22761,34064,121
22761,23016,5
23016,22998,258
23016,48339,38
23016,2,5
22998,15431,254
22998,22034,170
42723,50250,359
50250,15860,586
50250,43519,875
972,34111,586
972,22927,326
34111,15645,784
38692,15593,998
38692,23861,579
15593,22825,1878
22825,22803,593
22825,23596,1267
22825,44697,18
22803,15866,1071
22803,21512,280
22803,24627,104
22803,16186,6
48923,48921,322
48921,22,549
48078,23675,893
47871,22658,9
47871,16097,24
47871,33982,94
22414,16867,9
16867,15423,8
16867,48364,6
50607,16867,4
43304,16237,163
43304,23259,192
43304,701,6
43304,43689,12
16332,16325,799
16325,24696,449
16325,16272,1154
25265,16345,397
25265,15834,6
25265,16347,182
25265,23367,44
16345,16347,415
16345,25209,444
16347,15834,525
16347,16282,94
16347,15803,4
15834,15881,616
15834,29243,6
15834,16218,6
15834,16220,108
15884,15712,273
15884,23429,35
15884,16377,112
15884,23493,44
15884,25192,46
15884,9046,67
15884,23418,8
15884,15809,182
15712,15792,273
15792,15889,267
15792,15703,6
15889,15809,297
15889,16088,30
15809,15703,289
15809,25097,182
15809,15521,8
15703,25097,195
15703,15828,108
22101,16350,235
22101,41132,33
22101,49229,6
22101,34181,6
16350,22258,235
22258,24335,235
22258,49229,6
24335,16346,299
24335,16097,20
16346,16348,321
16348,15428,195
16348,16097,62
16348,2,64
15823,15519,357
15823,15838,231
15823,15521,15
15519,15838,368
15519,15793,4
15838,15695,338
15838,15883,231
15838,23301,60
15695,15793,338
15793,15883,338
15793,16377,4
15835,16349,619
15835,16282,122
15835,15803,124
16349,24318,597
16349,25209,30
16349,25252,8
24318,25282,526
24318,25252,231
24318,23367,56
25282,25264,344
25282,24319,68
25282,25252,114
43324,43328,308
43324,43330,16
43324,43258,48
48098,16061,282
48098,33982,30
24830,24829,267
24830,25040,20
24830,44685,10
24830,22316,1
24829,24833,298
24829,49229,8
24829,35565,25
24833,25040,234
24833,39262,64
25040,23198,240
25040,41132,117
25040,24787,20
23198,23199,240
43629,50863,284
50863,50866,284
47916,4339,39
47916,19486,49
19798,19894,157
19798,19495,210
19798,50094,6
19894,34286,39
19894,50094,12
19894,20871,2
19894,20283,104
34286,20253,39
20253,4343,39
4343,4345,39
4345,19988,79
4345,20042,32
19988,4346,71
19988,20439,40
4346,18984,111
18984,34307,111
34307,20290,151
20290,19003,79
20290,20382,72
19003,20027,73
19003,5611,80
20027,50960,41
20027,19010,32
50960,20056,41
50960,19011,32
20056,20252,41
20252,4281,23
20252,41145,18
4281,51574,39
4281,4447,2
51574,4447,21
51574,38114,18
4447,4449,55
4449,4450,55
4450,38252,53
4450,20062,2
38252,40691,59
40691,39166,63
40691,20062,6
39166,20062,53
39166,38266,68
20062,4454,43
20062,38251,18
4454,4452,75
4454,4451,13
4454,4438,2
4452,48852,57
4452,6098,18
48852,48643,57
48643,48528,57
48528,4191,38
48528,19450,19
4191,19450,34
4191,20069,40
12823,13204,511
12823,14549,1475
12823,13320,70
12823,13206,9
29681,14349,170
29681,13126,38
50058,23894,203
50058,108,11
44764,153,120
44764,21599,11
641,35711,33
35711,22101,33
35711,35707,231
48129,6057,77
48129,18459,338
48129,18458,4
48129,46230,100
48129,18489,191
48129,18544,109
6057,18421,493
6057,38800,256
6057,37179,299
18345,18365,560
12589,12413,260
12589,39639,143
12589,38960,5
12413,12414,433
12413,38960,6
12414,12411,260
12414,12436,173
29019,12432,593
28744,12316,144
28744,28743,261
28744,26718,24
12316,26730,144
12316,12317,239
12316,43645,22
26730,28207,144
26730,26718,261
26730,28801,9
43392,3190,107
3190,3191,1176
3191,16974,865
3191,44671,6
3191,20508,4
3191,3194,301
16974,16972,286
16974,20508,585
16972,20484,117
16972,20431,4
16972,6845,273
20484,3193,1199
20484,2534,23
20484,17050,16
20484,14077,2
3193,16968,24
3193,16970,698
3193,17050,394
3193,2393,83
16968,16976,911
16968,3951,137
16976,2393,76
16976,50817,533
16976,3950,574
16976,3493,8
2393,2396,793
2396,2713,797
2713,3493,545
2713,3950,28
2713,17046,212
2713,17487,20
3493,3857,975
3857,2618,977
2618,3950,247
2618,17046,101
2618,2612,557
2618,17199,62
2618,17487,6
3950,20504,107
3950,3989,251
3950,3193,4
3950,3951,441
3950,2391,16
3950,17050,140
3950,2633,3
20504,3266,554
20504,41168,8
20504,19576,2
20504,6962,3
3266,1296,97
3266,3275,416
3266,2534,12
3266,23129,14
3266,3276,140
41137,11469,134
41137,10021,498
41137,34240,94
11469,38551,134
38551,9879,134
9879,11539,65
9879,10770,69
11539,9250,134
9250,9440,134
9440,11238,65
9440,11239,69
11238,11230,65
11230,11239,61
11239,40777,113
11239,11242,58
40777,11593,44
40777,11242,69
50689,9940,52
11235,41133,559
11235,11159,3
380,709,318
380,536,760
364,360,148
364,361,926
726,51257,145
726,329,671
726,305,8
726,700,8
15876,15391,677
15391,15617,736
15391,41264,122
15617,25130,900
25130,15830,780
25130,40699,143
13197,13098,1014
13197,13216,22
13197,13603,202
13098,12905,534
13098,12969,480
12905,13216,534
12905,13801,89
47810,18695,71
47810,19896,73
47810,5498,25
47810,4324,12
47810,18687,5
18695,18692,280
18692,49540,42
18692,18668,121
18692,20637,161
49540,49542,42
49542,49543,42
49543,18668,42
18668,19478,245
19478,20369,71
19478,18663,174
19478,18649,2
20369,20357,71
20357,20358,71
20358,49547,42
20358,18658,29
49547,18649,42
18649,6072,42
18649,18650,203
18649,18666,2
18649,7197,2
6072,20742,42
20742,6073,42
6073,18650,42
18650,34256,210
18650,20752,35
34256,18666,245
18666,19476,239
18666,7197,8
19476,18690,159
19476,20637,80
3907,3928,212
3928,1457,254
1457,18805,195
1457,18803,21
1457,4172,38
5552,18804,435
49514,20315,445
47287,20316,536
20321,50147,383
20321,47447,53
20321,20123,91
19879,20319,161
19879,20317,47
19879,7036,4
19879,47430,455
20319,19549,139
20319,5549,2
20319,7028,1
20319,39024,39
20319,20840,50
20319,47418,91
20319,20318,273
20121,19551,105
20121,20122,20
20121,5551,3
20121,20488,4
20121,19550,263
35245,4177,50
35245,5601,396
20117,20122,255
20117,5555,55
20122,5555,50
20122,5565,134
20122,5551,91
5555,5566,414
5566,5567,327
5566,38995,91
5567,5568,327
5568,37514,196
5568,35246,3
5568,5883,4
5568,39030,124
37514,37513,287
37513,46810,287
46810,37512,287
37512,39040,287
39040,37508,287
37508,49516,289
49516,39038,289
39038,20314,198
39038,39030,91
35274,19547,334
35274,20841,21
5883,5881,340
5883,5552,35
5883,18804,7
1765,3923,212
3923,3925,250
3925,3922,250
35264,5552,350
35264,18804,54
20317,20319,434
20317,39018,3
20317,39027,91
5565,20123,48
5565,5555,208
20123,20320,141
20123,18958,14
20320,20698,20
20320,41725,2
20320,18958,2
20320,18959,26
20320,42890,91
20698,44343,20
20698,6290,26
20698,20328,22
44343,49750,42
44343,18957,21
44343,18960,22
49750,41073,42
49750,20328,43
41073,41252,42
41252,41074,21
41074,41235,43
41235,49750,43
20328,44343,65
20114,20115,150
20114,50147,1
20114,5566,4
20115,50147,49
20115,5555,101
19863,19349,145
19863,19278,37
19863,19277,4
19349,19350,177
19350,19351,177
19350,7111,17
19351,19352,177
19259,21242,42
19259,21300,356
21242,17652,398
17652,17637,339
17652,19067,59
17637,21250,42
17637,19437,183
17637,19067,114
21250,5492,26
5496,21243,116
5496,21248,223
21243,5495,417
5495,5494,417
5494,6384,417
6384,5493,311
6384,5812,106
5493,19253,170
5493,50641,247
19253,18679,598
19253,21177,16
18679,21174,464
18679,21177,134
38921,43510,139
19295,18815,1185
18815,19293,160
18815,19321,981
3847,1267,144
3847,3061,4
3847,2378,26
3983,3986,6
3983,3061,897
3983,2066,14
3986,1271,49
3986,2070,800
3986,3144,282
1330,3276,6
1330,2392,4
1330,1296,14
3276,3668,241
3276,18829,25
3276,19576,4
3276,2534,140
3668,1766,2
3668,20114,14
3668,18959,203
3668,19576,14
3668,4171,18
49485,19879,434
49485,20317,23
5549,5544,135
5544,5565,28
5544,35250,2
5544,47447,105
41725,41727,93
41727,41730,2
41727,47417,91
41730,41734,2
41730,50122,91
41734,41732,2
41732,35245,2
35117,5880,20
35117,40305,40
5880,5857,2
5880,5874,58
5857,5851,42
5851,5847,55
5851,35598,1
5847,20159,55
20159,46377,2
20159,17572,14
20159,35598,39
20927,19182,202
20927,19183,60
47997,18523,96
47997,18459,127
47997,6057,41
47997,18458,4
18918,18907,198
18918,21282,2
18918,23418,4
18918,20917,6
18918,41572,12
18907,18917,261
18907,19833,4
18907,43093,12
18917,19833,267
18917,42430,8
18917,17972,6
19833,18877,210
19833,21282,21
19833,17972,40
18877,21282,169
18877,17972,79
21282,17970,483
21282,18875,8
21282,18116,2
21282,3437,4
21282,20648,40
21282,7109,21
17970,18875,212
17970,20648,292
18875,41094,88
18875,19762,134
41094,19762,88
19762,18254,150
19762,18869,70
19762,7234,2
18857,18234,483
18857,41593,6
18857,41592,12
17907,41672,129
17907,18103,72
17907,41639,66
17907,41673,102
18103,17989,184
18103,7048,240
18103,18825,17
18103,20091,181
18103,42151,2
37272,6021,340
6021,20091,625
6021,7076,17
20091,18833,806
20091,41638,17
18833,18824,843
18833,18825,46
18824,18822,917
18824,20218,79
20701,6715,342
20701,19566,112
20701,20461,63
34157,34158,1111
34157,5518,13
5518,42193,772
5518,20534,4
5518,6718,18
5518,20737,13
20737,42199,154
20737,19525,291
42199,19842,154
38553,2501,88
38553,2661,121
38553,2373,367
11755,9983,1497
11755,40784,12
11755,37065,110
9983,9687,1470
9983,37065,286
9983,11615,137
9983,11302,4
9687,9690,1595
9690,10097,960
9690,8948,508
9690,11623,888
35296,5238,35
18431,35332,280
18431,18470,419
18431,37179,7
18431,6057,144
18431,18489,74
6646,17958,125
17958,17953,125
17953,5942,125
17953,5946,128
5942,5944,125
5944,17914,40
5944,35572,17
5944,17934,68
17914,17934,40
17914,18077,44
17934,17966,223
17966,41673,132
17966,41639,76
17966,41784,2
17966,18116,29
11665,11671,80
11671,11672,80
11672,10731,80
10731,9853,80
9853,11673,80
11673,11486,153
11486,11487,153
11487,11674,153
11674,11488,153
11488,11490,153
11490,10730,80
11490,9860,73
10730,9866,80
9863,9864,1108
9864,11227,1096
9864,11224,85
11227,9334,881
11227,42014,491
11227,10595,12
11227,46725,381
11227,9715,95
9334,9301,869
9334,11229,32
50347,9566,263
9346,10775,263
9346,10264,69
9346,13320,6
44419,9181,263
44419,42300,672
8966,9733,723
8966,9627,416
9733,49074,704
9733,9627,391
9733,9364,6
9733,50780,68
7048,17967,224
7048,7049,16
17967,17935,175
17967,35572,32
17967,7038,17
17935,17914,43
17935,18077,78
17935,17923,1
17935,5945,19
17935,43679,62
18077,5945,109
18077,17988,1
18077,43679,12
5945,5943,128
5943,17953,128
5946,6483,43
5946,17981,16
5946,17988,50
5946,50008,19
35246,5540,94
5540,5545,94
5545,35247,3
5545,5546,94
35247,35243,3
35247,35248,91
35243,5548,94
35243,20317,3
5548,35249,94
35249,19879,94
7028,7030,3
7028,49601,14
7028,6064,222
7028,7029,28
7030,20372,222
35250,35251,93
35251,5550,93
5550,5541,93
51766,13940,423
13940,13756,423
13756,13755,423
13755,13735,423
13735,13734,423
51074,49943,423
51074,49937,364
49943,49934,423
49934,13540,901
13392,29335,641
29335,42864,864
29335,13398,218
42864,43289,423
42864,43288,441
43289,13412,563
11527,11528,144
11528,37398,144
37398,11529,144
11529,10155,73
11529,10156,71
38135,10162,71
47912,5048,116
47912,19821,59
4894,4876,690
4894,4746,63
4894,4877,13
4894,21302,42
4894,35111,42
4876,6864,695
4876,35111,41
6864,4746,695
4746,4548,758
4548,4549,776
4548,6858,259
4549,47851,640
4549,48181,64
4549,35465,72
4549,4505,257
47988,19486,220
19486,18716,805
19486,19809,45
18716,19808,805
19808,6850,805
19808,35316,304
6850,18727,759
6850,18724,46
18727,18730,718
18727,20086,45
18730,18739,718
18739,18748,718
18748,18735,714
18748,39237,4
18735,20795,646
18735,18736,68
18735,6512,16
20795,7194,730
7194,18703,730
47766,5498,220
18953,20696,698
18953,20409,55
18953,42430,19
18953,5232,10
20696,5627,827
20696,42009,12
5627,20171,605
5627,5628,234
20171,20409,174
20171,20288,431
20171,3489,2
20409,5750,507
20409,36134,12
20409,42430,33
20409,19598,18
5750,20126,452
5750,42430,38
5750,19598,17
20126,21287,452
20126,40306,12
21287,21294,638
21294,21291,719
21294,4220,20
21294,40343,22
21294,37632,12
21291,20917,174
21291,19598,156
21291,36134,363
21291,4220,38
20893,43054,22
20893,21304,24
20893,20894,122
21304,18008,197
21304,4243,627
21304,20792,6
21304,20873,22
18008,18713,692
18008,40328,114
18713,20325,481
18713,19074,82
18713,43917,12
18713,19384,129
20325,20209,481
20209,20374,481
20374,20408,523
20408,19911,193
20408,20303,252
20408,4185,72
20408,5237,43
20408,18876,6
20408,20695,21
20408,20792,4
20408,42008,12
20408,18692,7
20408,18691,10
20408,18916,7
19911,5231,843
19911,42009,12
5231,20694,726
5231,5232,147
20694,20695,697
20694,5237,42
20695,5760,734
20695,18691,65
20695,18692,21
20695,20637,26
20796,20794,649
18737,18747,716
18747,18738,716
18738,18728,716
18728,18718,758
18728,18724,2
18718,18707,804
18718,20480,2
18707,18712,1008
18707,20735,100
18712,18717,904
18712,19809,114
48349,21786,121
48349,37110,10
48349,24535,6
49206,14866,312
48419,1170,121
48419,1372,10
5320,5324,134
5320,5479,400
5320,5321,325
5320,5322,4
5324,6373,64
5324,5325,880
6373,5326,720
6373,5689,353
6373,5342,203
6373,42111,3
5326,5327,1191
5326,5461,96
5327,5336,723
5327,5328,467
5327,5729,2
5327,42111,3
5336,5307,64
5336,5337,1159
5336,4219,4
5307,4219,19
5307,19675,115
5307,6385,690
5307,5308,188
4225,21269,776
4225,44353,14
18912,4173,1276
4173,1764,148
4173,3886,1167
4173,3887,3
1764,18789,311
18789,19799,148
18789,20680,175
19799,19456,255
19799,19457,176
19799,19454,358
19799,43156,57
3489,3798,317
3489,3565,179
3489,1636,16
3489,3548,73
3798,1636,793
4222,18008,543
4222,20374,15
4222,18876,5
4222,20408,6
20303,20304,444
20304,19911,444
42400,47879,181
42400,47857,164
51579,5217,280
51579,5266,139
5218,5219,443
5219,39983,279
5219,5265,160
5219,5250,4
5227,5228,218
5228,5229,218
5229,19911,218
47857,18704,452
5628,5629,220
5628,39204,14
5629,5630,220
5630,5631,220
5631,5632,242
5632,5633,242
5633,5634,242
5633,5249,20
5634,5635,262
5635,5636,262
5636,5638,290
5636,5716,16
5638,5716,449
5638,5312,4
5716,6059,465
5716,5266,869
19598,19599,430
19598,4754,17
19599,19594,412
19599,4754,18
19594,19592,412
19592,19866,433
19866,4754,412
19866,4753,21
4754,18871,465
4754,4880,17
4754,4791,26
18871,4873,465
4873,4880,465
4873,35333,44
4873,40242,83
4880,5063,631
4880,4736,17
5063,4736,671
5063,4938,43
5063,41481,27
4736,49977,674
4736,4791,44
4736,51946,40
49977,4791,699
49977,5092,15
4791,4729,1203
4791,4728,25
4791,4510,34
4729,4510,721
4729,4915,1631
4729,4980,26
4510,6254,1475
4510,4980,17
4510,35337,455
4510,4530,132
4510,5139,24
4510,41045,87
6254,4530,925
6254,41045,632
6254,41047,34
6254,42431,27
4530,4512,1393
4530,47851,163
4530,4980,86
4512,47851,367
4512,4980,675
4512,4594,15
4512,48054,320
4512,48001,16
20288,20166,419
20288,42008,12
20166,20409,238
20166,4185,181
20166,42021,12
50583,10775,36
42405,5020,36
42405,41132,17
42405,19821,35
42405,4894,38
42405,748,18
4573,4509,15
4573,4959,781
4573,5026,27
4573,4957,19
4573,41743,1
18390,18397,777
18390,18420,5
16491,17303,34
16491,42405,21
16491,21270,52
16491,4936,8
16491,743,14
16491,50681,33
16491,4124,74
16491,16004,607
16491,21148,13
16491,49677,22
17303,18876,7
17303,20374,27
17303,18691,3
17303,4222,6
17303,20408,58
17303,4871,2
17303,5020,7
42430,748,46
42430,41132,39
42430,21692,6
42430,51199,3
42430,26179,7
42430,36797,12
42430,43374,5
748,14355,8
748,14077,131
748,29378,50
748,13193,12
748,741,500
748,787,24
748,14165,42
47944,18459,106
47944,18458,6
47944,18544,45
47944,18489,6
47944,44025,7
17972,20533,254
17972,20409,12
17972,4188,227
20533,20409,74
20533,20303,180
5092,4585,40
4585,4584,740
4584,4587,323
4584,38762,417
4587,4586,323
4586,5013,532
4586,4842,489
4586,4790,1
4586,4791,1
5013,4911,298
5013,49976,15
5013,4791,234
4911,4910,555
4910,4476,555
4476,4469,784
4469,4526,272
4469,4473,512
4526,4523,272
4523,4524,555
4524,4475,15
4524,4570,540
4475,4471,540
4471,4472,540
4472,4470,540
4470,4729,226
4470,4909,551
4470,4922,19
4470,5026,14
4915,4510,1369
4915,5139,262
47887,4957,15
47887,5048,117
47887,4773,11
4728,4476,229
4728,4502,529
4473,4474,512
4474,4477,229
4474,5079,283
4477,4527,15
4477,4570,214
4527,4525,551
4525,4528,270
4525,5015,281
4528,4470,270
4909,5190,551
5190,4922,296
5190,4791,255
4922,5070,48
4922,44425,488
5070,5071,329
5071,5072,744
5072,5013,15
5072,5073,696
5072,38764,33
3797,3021,524
3797,3548,287
3021,4003,211
3021,19455,5
3021,42406,176
3021,4871,147
3021,41132,69
3021,49677,22
4003,4001,252
4001,42406,25
4001,4871,217
4001,6878,23
42406,19455,25
42406,4871,172
42406,18008,4
4888,2392,25
4888,4222,5
4888,4882,38
4888,20385,292
4888,19571,231
4888,20697,143
4888,3996,44
2392,3276,264
2392,3265,495
2392,51864,102
2392,3266,12
2392,18959,16
2392,3668,10
20648,17907,17
20648,18857,246
20648,18234,236
2347,3275,17
2347,2673,159
2347,3295,2
4000,3536,180
4000,42256,58
3536,3489,180
3565,3798,169
3565,1636,10
43357,26807,173
35610,39226,59
35610,44594,64
39226,37221,59
39226,49379,4
39226,35609,6
35609,38983,59
35609,28763,6
38983,12557,59
38983,28744,1
5937,6603,7
6603,5938,7
5938,17911,7
17911,17915,7
6633,17932,5
6612,17916,2
17916,6602,2
39954,6480,5
37235,38925,3
37235,17269,8
38925,1395,9
18170,6606,105
6606,6599,108
6599,6610,105
6599,39668,3
6610,6604,143
6604,39672,33
6604,49338,33
6604,39677,2
6604,18130,13
6604,6755,59
39672,39674,38
39674,39676,38
39676,6610,38
18130,18125,105
18125,18119,105
18119,18114,72
18115,18122,110
18122,6615,110
6615,18129,48
6615,6755,62
49339,6608,36
6608,18139,84
6608,6607,62
18139,6607,84
6607,39675,36
6607,7244,48
6607,7245,62
39675,39673,36
39673,6608,36
7244,7245,50
7245,6490,36
7245,18174,64
7245,18189,12
3892,3792,713
3892,2106,14
3892,17190,41
3792,2107,809
2107,3883,809
3883,17321,809
17321,3361,809
3361,2513,809
2513,2114,579
2513,2115,440
2029,41354,379
2029,2566,10
41354,2566,357
41354,2052,22
1941,2722,117
1941,2769,349
2722,2723,117
2723,2724,117
2724,1907,117
16993,16994,248
16994,2705,117
16994,2807,131
41084,42679,248
42679,42577,248
42577,1849,248
42577,1848,202
37808,43207,310
43207,41084,131
43207,43208,179
2714,2715,131
2715,2716,131
2716,2733,131
50862,7969,95
50862,8456,218
49183,34859,95
34859,49191,65
17988,17981,17
17988,6483,78
17988,5963,2
39085,5961,7
39085,18022,3
39085,5958,5
39085,17934,2
39085,50717,5
23773,15347,186
48907,48913,1040
48913,48887,1040
3265,3295,576
3265,20503,137
3295,34279,452
3295,19922,122
3295,20503,4
34279,20503,452
20503,3989,316
20503,16970,277
20503,17049,7
20503,3951,4
20503,2713,8
3989,2390,579
2390,2391,579
2391,2633,595
2633,41946,224
2633,16972,28
2633,3194,10
2633,20508,343
41946,3194,750
3194,17051,1133
17051,3190,754
17051,38746,311
17051,43392,68
20508,20509,920
20508,20484,16
20509,20484,836
20509,47023,4
16970,17048,975
17048,17487,585
17048,3493,289
17048,2393,27
17048,50817,74
17048,16975,4
17487,16975,1294
16975,16968,694
16975,44673,602
50817,2393,607
17046,2405,323
2405,2614,323
2614,3271,323
3575,3576,811
3575,3579,22
3576,3577,835
3577,3578,835
3578,3579,403
3578,3805,4
3578,2311,15
3578,2302,10
3579,3196,399
3579,2360,22
3579,2305,4
3196,3423,395
3196,2305,4
3009,2305,1173
3009,3574,26
2305,2302,1181
2302,2303,1191
2303,2477,1191
2477,2586,1191
2586,2298,1071
2586,2740,120
2298,2296,1071
2296,2285,395
2296,2585,676
2285,2286,1106
2286,2287,1106
2287,2288,1106
2288,2289,968
2288,2273,138
2289,2268,968
2268,2270,752
2268,44851,216
2270,2271,752
2271,2273,752
2273,2275,868
2273,2740,22
2275,2280,395
2275,37466,351
2275,2862,6
2275,2739,116
2280,2281,395
2281,36107,395
36107,3722,782
36107,2911,273
3722,2322,782
2322,2909,760
2322,2480,494
2322,2983,22
2909,3723,1113
3723,2905,760
3723,3391,353
2905,2482,760
2905,42485,22
3724,3324,782
50972,35772,397
50972,3619,343
2908,2907,740
2908,42485,639
2907,2906,740
2907,3391,22
2906,2323,740
2906,2480,352
2910,36108,1049
36108,3433,397
36108,2277,287
36108,35945,365
3433,2276,397
2276,2279,397
2279,2274,899
2274,2272,779
2274,2266,142
2272,2581,779
2581,2269,989
2269,2266,989
2266,2267,1131
2267,2582,1131
2582,35625,1131
35625,2583,397
35625,2476,725
2535,2297,1036
2297,2299,1036
2299,2300,1152
2300,2301,1152
2301,2674,1128
2301,2304,24
2674,2360,1128
44945,3573,397
3573,3574,408
3574,3575,438
3574,3576,20
2650,2651,1000
2651,3501,24
2651,3222,730
2651,2881,242
2651,39239,4
3501,2648,24
2648,2649,24
2649,17501,24
17501,37469,26
37469,37468,26
37468,37467,26
37467,35673,26
35673,2666,26
35673,2881,250
2666,3497,1024
3497,3920,736
3497,3280,288
50971,3159,583
3159,3160,864
3160,2741,373
3160,2501,273
3160,44240,218
2741,2596,373
2596,17355,373
17355,2284,373
2284,2743,373
2743,2744,373
2744,2740,373
2740,2862,373
2740,37466,660
2740,2279,120
2862,35669,373
2862,17346,6
2862,35647,216
35669,35667,373
35667,35695,345
35667,44238,28
35695,3011,856
3011,2278,646
3011,35652,210
2278,35945,373
2278,36107,273
35945,3115,1025
35945,2862,216
3115,2279,373
3115,2739,652
3222,2616,742
2616,2468,738
2616,3582,4
2468,2469,1215
2468,3719,10
2469,2231,1215
2231,2233,956
2231,2234,247
2839,2840,373
2840,3186,373
3186,2841,954
2841,2473,604
2841,2263,350
2259,2260,351
2260,2261,351
2261,2256,351
2232,2230,1147
2230,3719,1147
3719,2470,1157
2470,2615,707
2470,3582,196
2470,35638,254
2615,3223,719
3223,2666,701
3223,35671,12
3223,2881,6
37466,2756,1221
2756,2277,351
2756,35695,273
2756,36107,387
2756,44850,210
2277,3012,638
3012,3145,860
3145,35666,319
3145,35945,287
3145,44238,6
3145,51493,248
35666,35668,377
35668,35568,377
35568,35648,351
35568,2475,9
35568,17346,9
35648,2739,351
35648,2279,9
35648,37466,210
2739,2282,351
2739,2364,630
2739,2359,22
2739,35944,116
2282,2475,351
2475,2283,360
2283,17354,360
17354,3316,360
3316,3183,360
3183,3161,360
3161,3162,576
3162,35626,576
35626,35837,567
17425,35629,537
17425,3852,46
35629,35630,537
35630,35631,537
35631,35632,287
35631,3803,250
51494,3387,287
2325,2324,287
2324,2487,287
2487,2878,287
2878,16988,287
42485,42483,661
42483,3131,309
42483,46319,352
3131,3132,309
3132,3133,309
3133,35624,309
2946,2910,287
50963,3159,273
50963,35772,136
2911,2912,273
2912,2913,273
2913,35622,273
3128,3129,295
3129,3130,295
3130,46319,295
46319,42484,648
42484,42486,648
42486,2482,273
42486,2481,353
42486,2907,22
2485,2486,273
2486,2588,273
2588,2483,273
2983,2984,295
2984,36132,295
36132,3393,273
36132,3389,22
3393,38137,273
3393,3025,353
38137,35627,273
35627,2202,991
2202,2203,1127
2203,2211,1127
2211,2188,1127
2188,2209,1127
2209,2190,409
2209,3559,718
38115,35633,273
35633,35634,520
35634,17425,520
39677,39679,2
39679,39670,2
39670,7244,2
39879,6796,64
17939,17930,2
17939,18001,1
17897,18028,2
17897,17904,4
17897,17902,5
29243,12408,25
29243,27689,101
29243,39133,70
29243,599,4
29243,42415,22
29243,27622,6
29243,16349,8
29243,12975,20
29243,27809,4
12268,12269,182
12269,12347,180
12269,12270,2
12347,12270,180
12270,12201,171
12270,12271,11
12201,12426,225
12426,12140,225
12140,12138,225
12138,12195,225
12195,42415,225
42415,12196,225
42415,49812,26
12196,12282,225
12282,12281,225
12281,12547,225
12547,12137,225
12137,12135,225
12135,12687,225
12687,12284,225
12284,12278,267
12278,38902,225
12278,42226,42
38902,12277,225
12277,12276,225
12277,42216,42
12276,12275,225
12275,12229,267
12275,42218,39
12229,12430,267
12229,42219,39
12430,12291,306
12291,12274,267
12291,42231,39
12274,35603,404
35603,35604,323
35603,41289,81
35604,41289,323
41289,12273,365
41289,12239,39
12273,49812,225
12273,49232,51
12273,49685,46
12273,41902,81
12273,43634,1
48241,19486,113
48241,18727,2
48241,19489,2
18663,18658,174
18658,18651,203
18651,18649,203
19453,18634,148
18634,18627,68
18634,7016,80
18627,18604,148
18627,18625,79
18604,7214,151
18513,18531,263
5623,20695,84
5623,18953,55
5623,5624,104
5623,18419,36
10780,9893,1599
10780,8750,421
9893,9564,1242
9893,10179,357
9593,9324,1236
9593,11520,239
9324,9373,1236
9373,9377,1574
9373,9585,294
9377,9381,1574
48471,23671,264
48471,34082,106
48339,73,38
34057,39280,11
34057,48077,126
34057,51476,141
38933,36907,11
38933,38929,30
43920,39807,11
39807,15179,323
15179,43927,11
15179,50591,18
15179,16243,64
49323,2657,832
3591,17419,767
3591,1636,181
17419,17420,906
17420,1590,612
17420,42827,313
1590,2678,1022
1590,2679,18
2678,2679,1022
2679,1586,528
2679,2976,76
2679,43018,436
1586,17471,862
17471,2220,862
2220,1488,665
2220,38968,5
2220,16947,18
2220,43021,174
1488,1496,872
1496,3071,872
3071,3072,868
3071,40725,4
3072,3073,868
3073,2976,784
3073,43018,84
2976,17422,578
2976,1590,428
17422,17421,886
17421,43656,756
17421,43513,130
49324,1141,480
15219,14598,427
15219,15218,125
15219,29581,50
15219,29450,132
15219,49032,90
14598,29581,365
14598,29407,187
36484,41133,273
35710,164,150
35710,21619,135
44765,21497,129
50032,23880,36
50032,35286,168
50032,23551,6
48646,43783,484
43783,44251,711
43783,25366,11
44251,25366,691
44251,25292,14
44251,43194,52
25366,44248,691
25366,25367,11
44248,44252,1394
44252,25367,796
44252,16766,598
25367,25338,471
25367,40432,136
25367,23316,666
43277,43279,1113
43279,13448,556
43279,13473,557
13398,48291,218
48291,25362,218
49653,24390,497
49653,24467,86
49653,24393,16
24390,24429,1109
24390,14633,110
24429,24427,1109
14297,14295,1091
14297,14301,74
14297,14293,3
14297,14300,135
14295,14293,1196
14295,14458,107
14293,14280,80
14293,13015,159
14293,14291,771
14293,14281,39
14293,14470,3
14293,41887,123
14293,14425,135
14280,29466,523
14280,14385,3
29466,51459,793
29466,29439,8
51459,29439,793
29439,29438,183
29439,14273,494
29439,14275,124
29438,14269,580
29438,14270,74
29438,14267,60
29438,29437,13
14269,29465,7
14269,29435,915
29465,29503,8
29465,13193,922
29465,14209,95
14161,29383,109
14161,14166,6
14161,14594,99
16303,21668,739
21668,16418,739
16338,25126,1348
25126,16481,932
25126,21669,394
25126,16396,106
16481,16479,1080
16479,24273,447
16479,16230,148
16479,16482,485
9898,9707,506
9707,34238,207
9707,9903,299
9543,9648,505
9543,9896,285
9648,9415,505
9415,9523,505
11511,10733,1875
11511,9434,879
10674,9475,1340
9475,10683,786
9475,34170,3
9475,49354,551
9473,44419,204
9473,9432,3
21555,21557,209
21557,24119,209
49552,24136,461
49552,24717,186
24139,24138,599
24138,21519,599
21519,24069,461
21519,24071,138
24069,24064,495
24064,24062,461
24064,13946,34
22776,24011,209
22776,24010,186
22776,38723,252
44308,13366,209
29485,29486,441
29486,29335,441
10577,8793,80
10577,8711,7
51000,23259,683
12847,49387,960
12847,12823,826
12847,13204,80
12847,13113,18
49387,13206,951
49387,12823,9
10021,49489,225
10021,49640,98
10021,34240,6
10021,11456,393
49489,49504,511
49504,51559,189
49504,43254,215
49504,49640,107
40263,40264,19
40264,5797,19
21744,21801,5
21744,2392,75
21744,21768,169
21744,17200,82
21744,22105,20
21744,34346,34
21744,34652,14
21744,23401,56
21744,21295,64
21744,5020,4
21801,21588,5
20766,20767,217
20767,4201,217
4201,20768,73
4201,40492,101
4201,20769,43
20768,20769,277
20768,6711,29
20769,6712,148
20769,40495,103
20769,6724,69
6712,6713,148
6712,18821,29
6746,6763,175
6763,6765,4
6763,6764,386
6765,4169,159
6765,42192,148
4169,6762,130
4169,6740,107
4169,6742,25
20086,5948,45
5948,35191,45
35191,20806,21
35191,20809,24
20806,20092,21
20092,51050,21
20092,20055,20
51050,35190,21
35190,20812,21
20812,20350,41
20350,51051,21
20350,35189,20
51051,51052,21
51052,18329,21
18329,7260,21
7260,18324,21
18324,7258,21
7258,18315,21
7258,7259,20
18315,18301,21
18301,18296,21
18301,7258,20
18296,18288,21
18288,7256,21
18288,18289,20
7256,7257,41
7257,18285,21
7257,18301,20
41573,18757,67
41573,18302,30
50584,9048,19
43615,28582,193
43615,26900,7
28582,40072,43
28582,12059,150
40072,40071,193
40071,28890,193
28890,41199,43
28890,43617,150
41199,25611,43
25611,25532,43
25611,25612,65
25611,26473,578
25532,26498,412
26498,25552,412
25552,26500,412
26500,39184,43
26500,25612,369
39184,26479,189
39184,42687,223
26479,26480,189
26480,45008,189
45008,26506,189
26506,25505,189
25505,42101,189
42101,40091,189
40091,25507,687
25507,25514,687
25507,40094,8
25514,25530,913
25514,28892,233
25530,26481,295
25530,25598,618
26481,41607,295
41607,48346,560
48346,11969,234
48346,28117,265
48346,25635,106
44200,27605,653
26846,28968,969
26846,26035,562
26846,26122,534
26846,27647,1595
26846,25734,5
28968,26058,746
28968,51488,223
26058,26501,513
26058,28531,42
26058,26446,233
26501,28531,513
26501,28577,209
26503,28231,1218
38806,26872,712
12740,40150,198
41045,41047,533
41045,41048,632
41045,40820,166
41047,21302,95
41047,49559,496
41047,4759,34
41047,20740,4
21302,4724,905
21302,4677,42
21302,18844,42
4724,18844,905
18844,4759,905
18844,4677,42
4759,4677,939
4677,4804,877
4677,5167,118
4804,4716,139
4804,4733,475
4804,5167,263
4716,4501,37
4716,5166,102
4501,18358,37
4501,18359,133
18358,18359,436
18359,4701,176
18359,4865,177
18359,44166,212
4701,4859,172
4701,18366,2
4701,4200,136
19625,19620,226
19625,40329,148
19620,40329,226
40329,40331,374
40331,40334,374
40334,40336,374
40336,40338,374
40338,19621,450
19621,40330,450
40330,19622,450
19622,19623,450
19623,19624,450
19624,4242,224
19624,17777,66
48034,3368,483
3029,17317,475
3029,3265,4
3029,3939,8
3029,2446,8
3029,25975,8
3029,541,8
35096,19446,6
4238,19447,24
4238,19950,30
20087,4373,97
4373,4374,117
4374,20080,20
4374,20079,97
20080,20085,52
20085,20079,24
20085,20081,25
20079,19953,101
20079,19952,20
19953,20206,4
19953,20291,117
20206,4391,35
4391,4395,35
4395,20093,60
20093,4394,35
20093,4393,27
4394,20366,35
20366,4274,25
20291,20203,136
20291,20202,2
19948,19445,12
19948,19946,119
19445,19946,19
19445,19947,10
19946,20052,2
19946,5215,118
19946,20051,18
20052,5215,20
20052,19945,14
5215,19942,122
5215,20049,16
19942,4363,28
19942,4362,110
4363,4283,22
4363,18999,6
4283,6351,36
4283,6350,42
6351,4357,34
6351,4360,2
6351,20363,36
6351,4353,2
6351,4358,2
6351,19937,2
4357,4356,129
4356,20363,4
4356,4210,118
4356,4360,5
20363,39150,14
20363,4357,56
20363,4360,2
39150,4210,4
39150,4357,6
38380,13268,168
15618,15392,773
15618,15627,217
15392,15620,981
15620,23133,338
15620,25099,146
15620,15409,300
15620,41264,190
15620,15504,30
39117,39115,19
39105,407,49
39105,14757,43
39094,39104,11
50124,50129,23
50129,39098,13
50129,39099,8
50129,39096,2
39098,39096,26
39096,14762,11
39096,453,2
39096,39125,4
39096,39094,2
35702,22074,400
15212,15254,443
15259,15266,119
15266,23601,119
23601,15360,119
42736,50869,607
42736,17580,15
50869,21211,693
21211,21198,549
21211,21209,162
21198,21188,597
21198,51235,2
21188,21189,549
21188,51245,48
21189,21172,543
21189,21193,6
21172,19429,543
21172,21175,8
19429,19428,549
19428,21150,711
21150,18901,706
21150,21144,41
21150,21148,51
21150,43142,2
18901,18902,760
18902,18903,710
18902,40720,50
18903,18904,710
18904,18414,698
18904,19392,62
18414,19392,718
18414,21087,18
19392,4166,844
19392,21070,56
19392,21074,17
4166,4164,1549
4164,4162,1518
4164,43910,31
4162,4860,1647
4162,18368,18
4860,18229,2137
18229,4861,2137
4858,4208,1113
4858,21037,820
4858,19093,204
4208,4857,36
4208,18195,248
4208,18363,687
4208,21037,268
4857,4674,1127
4857,21013,459
4674,19615,1424
4674,6232,31
19615,4703,178
19615,4200,655
19615,18366,567
4703,4702,312
4702,5000,391
4702,4865,134
5000,4999,399
4999,20986,399
20986,5019,174
20986,20976,225
5019,4717,24
5019,5166,150
41046,41048,518
41048,4659,706
41048,4530,186
41048,5165,34
41048,35334,292
41048,49546,262
41538,41991,206
41539,41537,215
41537,4032,215
48000,18121,16
48000,41672,383
48000,18116,16
20499,20237,202
20237,20190,16
20237,20236,173
20237,20747,13
20190,19840,663
19840,20192,282
19840,7170,383
20192,20193,282
20193,18041,18
20193,18066,247
20193,20153,9
20193,18082,8
2945,14077,4
2945,44397,156
2945,1642,11
2945,662,2
2945,24932,2
47898,2356,272
39149,5518,84
39149,42193,10
39149,18780,117
39149,50119,161
3649,3663,217
3663,3472,217
3472,3473,224
3473,17399,217
3473,3987,7
17399,3987,217
3987,3650,217
3987,3474,7
3650,3474,217
3474,39152,217
3474,2079,7
39152,2079,217
3652,2950,207
3652,50647,200
3652,2966,17
2950,3671,217
2950,2948,7
3671,2948,217
2948,17509,224
17509,2949,224
2949,3652,217
2949,50647,7
50647,50646,207
50646,2966,200
2081,2082,240
2082,3653,240
2082,2076,7
3653,2076,240
2076,2077,247
2077,2063,207
2077,3321,28
2077,48544,12
2063,3985,550
2063,2064,7
3985,17343,550
17343,2064,550
2064,3313,557
3313,2065,557
2065,3986,236
2065,2069,321
2070,2078,824
2078,2080,800
2078,3472,7
2078,3649,17
20236,20190,244
20748,20749,172
20748,7001,513
20748,38657,13
20749,20568,188
20749,20784,65
20568,20494,200
20494,6116,200
6116,6109,200
6109,6108,200
6108,20784,131
6108,20802,16
6108,20801,53
20784,20785,265
20785,20786,252
20785,39743,13
20786,20787,252
20787,20495,252
20495,20496,252
20496,20497,252
20496,39744,4
20497,18040,237
20497,7283,8
20153,7284,253
20153,39745,9
7285,7286,638
19474,37628,165
19474,34160,4
19474,20747,82
37628,37627,165
37627,20850,165
42239,42240,60
42240,42241,60
42241,42208,60
42208,42223,60
42223,19845,60
6764,19526,231
6764,6765,155
19526,5515,60
19526,37205,171
5515,20458,60
46932,50910,123
15287,15286,93
15286,15284,93
15284,15285,93
15285,15283,93
15283,15255,93
50679,27529,35
27196,25482,6
27196,27156,438
27196,27170,14
27196,27531,2
25482,27522,6
25482,27141,419
22520,21398,338
22520,24096,18
21398,21414,700
21414,21415,700
21415,786,202
21415,21944,498
786,24783,276
786,24057,545
36134,19456,6
36134,42430,6
36134,4223,335
36134,40343,12
36134,42736,16
28396,37577,55
37577,37576,111
37576,37575,111
37575,37574,111
37574,28397,55
37574,12803,56
28985,28982,75
28982,28980,75
28980,28450,75
28455,28447,75
28447,28449,75
28449,28459,75
28459,28458,75
28458,28478,75
28478,28445,75
28445,28435,75
28435,28432,75
28432,28429,75
28304,12799,75
12799,35200,75
35200,28290,75
28290,12788,75
48065,28638,132
41952,26098,132
48273,28638,120
26151,26148,127
26151,37420,986
26151,26150,6
26148,28678,127
28678,26084,133
28678,26093,333
26084,26080,128
26084,26082,221
46601,47138,120
46601,48012,154
47138,26028,120
26028,35404,120
48066,28799,188
28799,25932,477
25932,26304,477
26304,25934,711
25935,25936,504
25935,25996,50
25936,26177,430
25936,25807,80
26177,25990,701
26177,26192,163
26177,26155,2
25990,25930,896
25990,26160,334
43369,48411,188
48411,48413,188
48413,25563,188
25563,25564,372
25563,26067,212
25564,25565,372
25564,28845,2
25571,48010,332
25571,25572,32
48010,26036,188
48010,46712,144
26036,35404,188
40526,40525,172
40525,40507,61
40525,19852,213
40525,19861,6
40507,51223,61
51223,40520,61
40520,40517,61
40517,40512,169
40512,39015,61
40512,51222,108
39015,7030,217
40516,19575,175
40516,5558,108
19575,37146,216
19575,46568,23
19575,19858,28
37146,51219,307
51219,37144,307
37144,40514,307
40514,37143,307
37143,51224,307
51224,37145,307
37145,46568,152
37145,5570,64
37145,20349,91
46568,5570,175
5570,40523,125
5570,19858,114
40523,40522,264
40522,20349,173
40522,37146,91
20349,5558,64
20349,40515,177
20349,20373,26
5558,5559,186
14256,14245,528
14256,29495,159
14245,14234,125
14245,14243,244
14245,14236,159
14234,14231,613
14231,14215,454
14231,14232,159
14215,14212,368
14215,29331,86
14212,14218,368
14212,14220,5
14218,14213,764
14213,29420,351
14213,14220,488
29420,29461,125
29420,29465,226
29461,29436,823
29436,29472,593
29436,14270,230
29472,29473,737
29472,14274,2
29473,14274,556
29473,29440,181
14274,41882,115
14274,29440,383
14274,14275,60
41882,29440,241
29440,29441,679
29440,14385,126
29441,14281,315
29441,14294,58
29441,13015,304
29441,14447,3
29441,14425,2
14281,29496,518
14281,29434,46
14281,14368,7
29496,29434,115
29496,14368,154
29496,14282,131
29496,14390,118
29434,14377,641
29434,14378,29
29434,29415,21
14377,14378,639
14377,43952,4
14377,14363,2
14378,29415,1214
14378,40799,29
29415,14363,1120
29415,29433,10
29415,40799,107
29415,29426,10
14363,49473,967
14363,14393,181
49473,14166,807
49473,29401,160
14166,29504,731
14166,14369,176
14166,14176,20
14166,50888,19
14166,41898,135
29504,14176,807
14176,29505,554
14176,14175,192
14176,14369,81
29505,14171,554
14171,14170,438
14171,14399,116
14170,51462,438
51462,14121,548
51462,14365,6
14121,14365,1065
14365,45037,25
14365,14167,42
14398,14397,387
14398,14396,313
14397,14396,323
14397,14369,181
14396,14175,636
14175,14174,740
14175,14369,79
14175,14394,9
14174,14394,660
14174,29504,9
14174,29401,225
14174,29475,45
14174,44420,6
14394,38955,968
14394,40799,11
29433,14271,423
29433,14390,9
29433,14280,22
14271,14280,287
14271,14447,10
14271,14294,28
14271,13015,224
14273,29438,484
14273,14270,10
29435,29423,127
29435,29465,697
29435,14594,3
29435,48807,99
29435,14209,2
29423,29427,287
29423,14210,11
29427,14210,287
14210,14214,672
14214,14217,672
14217,14211,342
14217,14239,330
14217,14218,78
14211,14216,342
14216,14233,342
14233,14244,127
14233,14243,243
14233,14236,131
14244,14229,340
14244,14256,21
14229,14256,340
48443,395,354
389,387,357
387,382,357
382,381,212
382,49939,344
374,372,1567
374,662,12
374,351,225
372,371,1617
371,368,1617
368,366,1617
366,356,1617
356,354,2130
356,42785,18
354,42785,718
354,42546,1184
354,324,3
354,599,225
42785,359,1679
16926,6743,38
6743,40912,38
40912,4148,34
4148,4149,34
4149,16924,158
16924,4093,158
1708,1327,140
43870,19455,47
43870,43255,9
4882,4793,133
4793,4837,133
4837,4777,133
4777,4653,30
4777,4756,103
4653,4984,63
4984,4756,30
4984,4755,33
4756,34263,6
4756,4738,127
34263,34262,12
34262,4738,6
34262,4737,6
4738,4797,116
4738,40887,17
4797,4894,57
4797,19821,59
4797,4895,17
1475,1681,243
1681,1491,243
1491,51984,390
51984,1485,52
51984,2843,191
51984,40889,147
51984,51612,154
1485,4122,38
1485,1501,14
16437,16438,84
16437,16440,12
16438,16439,84
16439,16440,84
16440,16441,96
16441,16442,96
16442,16443,96
16443,16444,96
16444,16445,96
16445,16446,96
16446,38725,72
16446,14600,24
15748,15749,245
15749,15750,245
15750,15751,299
15751,16084,271
15751,16474,28
16083,15752,364
15756,15757,167
15756,16430,28
15757,15758,167
15758,15759,167
15759,15547,167
15780,25364,193
15780,15569,96
18788,19799,557
3525,2053,40
17356,16962,77
16962,3059,77
37625,20265,146
37625,37624,146
37622,37621,146
37621,37620,146
37620,50171,146
50171,19361,146
19472,19899,146
19472,20647,190
19472,7014,130
19899,19900,230
19900,20601,208
19900,6847,22
20601,20599,235
20599,20600,235
20600,20415,235
20415,37619,223
20415,20235,12
37619,5520,539
37619,20387,186
37619,37616,4
5520,37618,146
5520,34306,15
5520,20743,399
37618,18085,146
37617,34306,146
34306,20643,146
34306,20743,15
20643,37616,146
20643,20235,24
20643,20387,262
20643,42609,129
37616,37615,150
37615,37614,150
37614,38915,146
37614,6847,4
38915,6016,146
6016,37613,146
6016,20647,9
6016,18121,9
37613,37612,146
37612,41639,275
37612,41675,185
50175,37611,146
37611,37610,146
37610,37609,146
37609,18155,146
48118,25938,283
15602,15422,393
752,420,96
420,425,116
425,426,116
426,450,116
452,14762,54
452,14771,14
452,39095,54
452,39125,4
452,413,6
48281,48287,4
48287,18,4
42883,29482,16
42883,13214,271
42883,49236,14
42883,50385,206
43286,13453,513
13453,29647,674
29647,33815,222
29647,42471,452
33815,29507,222
29507,29508,442
29508,13389,442
37805,23905,468
23905,23898,845
23898,22709,850
22709,23902,444
22709,40641,406
23902,24995,850
39638,22372,687
39638,22822,753
39638,49322,50
83,23654,531
23654,23655,531
23655,15844,320
23655,22928,211
23871,23864,1136
23871,34117,15
22608,22306,239
22306,34007,102
22306,101,137
34007,22716,248
34007,35326,94
13034,13588,18
17,23658,223
17,23565,26
49246,16850,18
16248,16249,54
16248,23723,110
38370,38369,148
38369,44708,148
44708,44707,148
44707,44705,148
44705,38368,42
44705,38371,106
38368,38367,67
65,16253,152
3061,1271,4
3061,1269,859
3061,2066,26
3061,2070,17
17813,20106,35
17813,17808,34
3274,2168,100
2168,3139,100
3139,17439,100
17439,3490,100
3468,41118,210
41118,3328,4
41118,40907,196
2957,17362,90
2957,2958,193
17362,3404,90
3404,2975,90
2975,17359,90
17359,2497,90
2497,1993,90
1993,17300,90
17300,2028,90
2569,41355,90
41355,2048,90
2048,3731,90
3253,2151,90
3253,17318,256
34085,781,223
25396,21976,75
21976,21317,9
21976,25398,268
22935,21478,215
22891,633,15
22891,49475,200
36334,9048,97
36334,41133,95
21736,15342,101
2103,17198,124
17198,17197,124
17197,2104,124
17322,2105,124
3187,2006,138
2006,2009,138
2009,2010,138
2010,2020,138
2020,2988,138
2532,2533,156
2533,3086,156
3086,2445,152
3086,2444,4
46749,2112,162
2112,3364,162
3364,2444,138
3364,2836,6
3364,3224,4
17302,3365,537
3365,3155,146
3365,3004,301
3365,3560,94
3155,3156,150
3156,3004,150
3004,3005,451
3005,3006,142
3005,3560,309
3006,3560,142
3560,38892,138
3560,48343,351
3560,3029,56
50973,3431,667
2782,2783,723
2783,2780,365
2783,2502,343
2780,2781,373
2781,2786,373
2314,2479,725
2479,2317,721
2479,2587,4
2317,2587,721
2587,2309,725
2309,2310,725
2310,2501,721
2310,2358,4
34330,3620,365
3620,35501,365
3619,3621,343
3621,34329,343
34329,3016,343
2307,2308,704
2308,2311,704
2308,3573,11
2311,2318,719
2318,2312,719
2312,2313,719
2313,2742,719
1957,2858,338
2858,1958,421
1958,1901,133
1958,17276,245
1958,1898,9
1958,1911,2
1901,2568,137
2568,1874,133
2568,2559,4
1874,1871,97
1874,1869,36
1871,2870,97
2870,1875,97
1875,1876,103
1876,3962,97
1876,3694,6
2764,3966,666
3966,1866,459
3966,3235,209
1866,1867,668
1867,3962,285
1867,1859,383
2559,1891,109
2110,2111,101
2111,1960,101
50968,3431,472
2585,2294,676
2294,2295,685
2295,3725,352
2295,2833,9
2295,39198,4
2295,3066,18
2295,2500,302
3725,3726,848
3726,3786,702
3726,3594,4
3726,3630,142
3726,2193,8
3786,2466,702
2466,2218,702
2218,2181,702
2218,3594,4
2181,2193,702
2181,2194,138
2193,2197,710
2197,2196,710
2196,3595,710
3595,3594,710
3594,3593,718
3593,3558,718
3558,2191,710
3558,2192,8
2199,2200,710
2200,2201,710
2201,3022,360
2201,2675,350
3022,2184,360
2184,3023,360
3023,3387,352
3389,3390,374
3390,2906,352
3390,2905,22
3391,3392,375
3392,3393,353
3392,36131,22
3025,3026,361
3026,2182,361
2182,2183,718
2183,2185,718
2185,2186,718
2186,35627,718
3559,3596,718
3596,3627,718
3627,3288,712
3627,3281,6
3627,3631,6
3288,3628,710
3628,3629,710
3629,3630,710
3630,3631,710
3630,2589,22
3630,3277,120
3631,3632,718
3631,3932,6
3632,2206,848
3632,3726,8
2206,2205,375
2206,2500,357
2206,3915,116
2205,2291,353
2205,3915,22
2291,2292,612
2291,2584,4
2292,2584,612
2584,2583,616
3321,3660,350
3660,2063,350
3791,3892,758
48544,3415,12
3415,3321,322
47991,27623,65
47991,26438,41
2095,2096,548
2096,3311,548
3311,2099,548
2099,2101,758
2026,3731,139
33918,39097,3
39113,39106,3
39113,39107,2
39113,417,2
41353,41352,342
41352,2437,342
1894,1911,240
1894,1913,6
1911,1912,435
1912,3648,435
3648,3862,233
3648,1946,202
4676,21048,64
4676,4655,580
4676,5143,221
4676,19359,150
4676,21061,578
4676,4261,61
21048,19359,686
21048,4208,4
19359,18195,686
19359,21037,150
40328,19656,152
19656,19657,152
19657,40323,152
40323,40306,152
40306,19658,265
19658,40325,265
40325,19659,265
19659,19660,265
19660,40326,265
40326,19661,265
19661,19662,265
19662,40324,265
40324,40327,151
40324,43917,30
40324,18713,12
9963,9871,1428
9871,9873,1428
9873,47061,351
9873,9882,1074
9873,9796,3
9796,9803,1428
9803,8751,1044
9803,8732,384
10200,11835,950
11835,10425,950
10425,11738,919
10425,10473,31
11738,10061,930
11738,8733,1444
11738,51823,50
10061,51553,628
10061,10062,352
11814,10170,477
11814,37834,209
48133,21629,135
48133,15372,21
173,172,279
173,51229,52
172,21394,9
172,21596,11
172,171,137
16613,16506,706
16506,16505,830
16506,23291,10
16506,16608,20
16505,16608,720
16505,16609,68
16505,16513,42
16608,16513,537
16608,16597,132
16608,16510,216
16608,23293,4
16513,23291,1043
23291,16516,340
23291,733,415
23291,16521,116
23291,16607,42
16516,16517,1513
16517,16518,1513
16518,16520,1513
16520,16495,751
16520,40646,133
16520,16514,439
16520,16521,80
16520,16582,110
16495,16602,176
16495,16599,326
16495,24372,189
16495,16603,254
16602,24374,365
24374,16606,365
16606,16603,443
16606,16496,186
16606,16607,80
16603,16604,713
16603,40646,10
16603,40650,42
16604,40646,553
16604,40650,12
16604,16599,66
16604,16558,66
16604,16557,16
40646,16557,559
40646,41753,113
40646,16558,24
40646,39176,54
40646,44175,60
16557,16598,433
16557,16558,287
16557,16596,24
16598,16596,677
16598,16510,16
16596,16510,288
16596,16610,133
16596,16513,256
16596,23293,24
16510,23293,672
23293,16634,298
23293,16566,276
23293,16619,160
16634,16632,298
16632,16635,298
16635,16637,298
16637,16630,298
16630,16631,298
16631,23340,298
23340,16565,152
23340,16574,146
16565,16533,1011
16565,24704,36
16565,717,24
16643,16640,430
16640,25153,340
16640,16773,36
16640,23686,12
16640,748,42
25153,25152,781
25153,25150,56
25152,25150,781
25150,25151,837
25151,25264,733
25151,25252,104
25218,25219,152
25219,25217,152
25217,16115,152
16115,16116,747
16116,16412,152
16116,44329,915
16116,15605,22
16116,16206,14
2767,3766,204
3766,2073,204
2073,3767,204
3767,2074,204
2074,3768,204
3768,2687,204
2687,2075,204
2075,2683,204
2683,3769,204
3769,2684,204
2684,3770,204
3770,3771,204
3771,3772,187
3771,2685,17
3772,3773,187
3773,3942,187
3942,17326,187
17326,3943,187
3943,3774,187
3774,39062,187
39062,3775,187
3775,3104,187
3104,2686,204
2686,3094,204
3094,3776,204
3776,1843,204
1843,3030,204
3030,1844,204
1844,3777,204
3777,3778,204
3778,1845,204
1845,1594,204
1594,2939,204
2939,1846,204
1846,1847,204
1847,3779,204
3780,3695,204
3695,3788,199
3788,3781,199
3781,3988,199
3988,3692,199
48009,24404,13
877,16583,199
877,22548,15
16583,22854,13
16583,22268,186
22854,16651,25
16651,24761,25
24761,22268,13
24761,22286,12
22268,21924,13
22268,21919,99
22268,21918,87
21924,21925,25
21925,21927,25
21927,15973,25
15973,15974,25
15974,21928,25
21928,21919,13
21928,22278,12
21919,22851,135
21919,51779,5
22851,25363,140
22851,21920,3
25363,21920,133
25363,42312,92
25363,22637,7
21920,22637,136
22637,24820,143
24820,25363,92
24820,42312,51
42312,21924,12
42312,22286,3
42312,22278,44
42312,21918,39
42312,51778,43
42312,23474,2
22278,22854,12
22278,22286,183
22286,24748,198
24748,878,184
24748,874,14
878,873,184
18522,18546,8
18522,18527,16
18522,6194,3
18522,18534,6
18548,18552,306
18548,18523,6
18586,18593,13
18586,18619,145
18597,18595,17
4980,4668,68
4980,4598,736
4668,20740,68
4668,49545,1263
4668,49560,292
38800,37179,7
38800,51195,254
3272,17495,313
3272,2412,3
17495,2412,313
2412,17047,313
2412,2413,3
17047,3493,119
17047,2612,197
2612,2613,754
2613,2539,754
2539,2414,754
2414,17487,667
2414,3950,87
17050,20504,460
17050,2534,82
17050,3266,4
17050,23418,4
3956,48889,614
3956,48909,38
3956,35696,29
3956,1314,14
3956,3934,240
3956,17352,64
3956,2765,14
3956,3045,16
35173,25107,13
35173,15631,7
35173,15591,282
35173,15795,14
3933,3930,200
3933,2395,236
3930,48903,10
3930,2395,190
48896,35790,370
48896,2143,116
48896,2402,24
3582,3920,200
3582,2650,237
2192,2215,378
2215,35656,374
2215,2989,4
35656,3394,374
3394,3802,12
3394,39267,362
3802,20853,2
3802,17456,18
3802,2501,6
3830,3829,4
3830,51872,86
3829,3918,4
3066,2833,22
2833,2877,13
2833,39198,18
2877,2291,4
2304,3574,24
3805,2308,11
17199,3950,26
17199,17046,6
17199,17467,4
17199,17487,16
20431,20505,232
20505,17206,232
17206,41946,154
17206,16972,80
17206,20484,2
17206,14077,2
38746,3190,315
2816,3557,1098
2816,50170,214
3557,3354,1098
3354,2415,1098
2415,2837,1098
2837,3349,6
2837,1773,1092
3349,2826,6
2826,2827,311
2826,2815,202
2827,2828,311
2828,1785,6
2828,2832,305
1785,2676,571
1785,1775,46
2676,1786,784
1786,3342,12
1786,3346,761
1786,3340,489
3342,3343,1008
44671,16974,6
49058,49037,32
49037,35666,26
49037,35695,238
17346,35648,9
17346,35647,6
17276,2725,253
2725,3154,253
3154,3224,247
3154,2772,6
3224,3294,444
3294,3226,444
3226,3232,444
3232,3674,437
3232,3227,7
3674,3227,437
3227,3225,444
3225,46749,8
3225,3113,197
3225,2772,239
3661,3151,317
3661,3654,4
3151,3198,317
3198,3067,317
3067,3091,7
3067,3662,310
3091,2070,7
3091,3144,310
2856,2857,267
2857,3743,251
2857,2921,16
3743,2921,251
2921,3143,267
2921,3246,9
3143,3744,251
3143,17324,16
3744,3961,251
3961,17324,251
17324,43518,267
43518,2922,267
2922,3745,251
2922,2923,16
3745,2923,251
2923,2924,267
2924,1857,257
3416,3417,253
3417,3418,253
3418,3967,239
3418,17325,14
17325,3700,239
17325,3419,14
3700,3701,239
3701,3419,239
3420,3752,239
3420,3421,14
3752,3421,239
3421,3747,239
3421,3965,4
3421,2056,4
3965,2056,13
3965,3252,6
3965,3748,213
3965,2054,30
20953,20970,59
20970,20990,59
20990,20997,59
20990,18338,267
20997,20988,57
20997,20982,4
20997,6223,80
20988,43892,202
20988,20991,128
43892,43891,202
43891,43890,202
43890,43889,202
43889,43888,202
43888,4193,202
4193,19396,443
4193,4674,328
43910,43977,178
43977,43911,236
43911,4924,88
43911,43913,89
43911,4665,58
4588,21093,249
4588,4535,568
21093,21088,297
21088,4840,297
4840,18418,249
4840,21117,38
4840,4574,578
4633,18483,371
4633,18481,762
4633,4560,220
4633,4195,190
18483,21133,371
21133,21130,371
21130,19388,138
21130,21132,233
19388,18530,358
19388,19385,367
19388,19386,154
18530,43146,358
43146,38664,358
38664,21161,591
38664,18497,7
21161,21158,591
21158,21153,591
21153,18497,591
18497,19385,598
19385,4671,482
19385,21156,240
19385,18401,42
19385,19425,243
17557,18428,1932
17557,4266,9
20819,18440,169
51962,19427,217
51962,51809,77
19427,18443,586
19427,51959,32
47825,5048,404
47825,6189,292
4635,4565,1910
4565,4573,767
4565,4668,1555
4565,35410,259
4959,4957,781
4511,4728,422
4511,5026,780
4511,41743,783
4570,4572,1127
4572,4847,1127
4847,4849,1310
4849,5160,1310
5160,4846,1310
4846,5025,1127
4846,5011,183
5025,4848,1127
4848,42434,661
4848,4914,466
42434,5916,214
42434,4597,447
5916,5976,214
5976,40580,174
5976,4640,40
40580,5835,186
5835,5940,186
5940,4852,186
4852,4853,715
4853,4850,525
4853,5011,190
4850,5081,525
5081,4571,525
4571,4817,780
4817,4475,244
4817,4527,536
47828,5048,535
49545,41046,464
49545,21302,769
49545,41047,30
4597,4903,438
51227,13632,122
51227,13602,202
16215,16214,1430
23343,23345,532
23345,16312,532
16312,25271,532
25271,23344,532
23344,24311,122
23344,16377,410
24311,24310,122
24310,16219,122
48039,17505,502
34265,20703,799
34265,17994,4
20703,20704,308
20703,5599,512
20704,20705,308
20705,7171,293
20705,20617,15
7171,6999,306
6999,34305,241
6999,5599,65
34305,5599,234
34305,20618,7
5599,20618,811
20618,18040,593
20618,7283,137
20618,20749,72
48183,6117,329
48183,19489,191
48183,6118,228
48183,4339,108
48183,19494,42
6117,5995,282
6117,40688,95
6117,20480,144
5995,20833,298
6038,5602,300
5602,5994,298
5602,34280,2
5994,19791,184
5994,19494,14
5994,19798,102
6118,20480,373
6118,19489,130
6118,6058,114
5265,5264,160
5264,5481,160
5264,5259,44
5481,5482,160
5482,40002,160
40002,5483,160
5483,5484,160
5484,5485,172
5485,5486,227
5486,5487,215
5486,41554,12
5486,42090,254
5487,5488,342
5487,5489,106
5488,19251,123
5488,5489,185
5488,19225,127
51790,18192,179
51777,18236,208
4188,4189,198
4188,7100,29
4189,7106,227
7106,19886,204
7106,7107,23
19886,19200,198
19886,41556,6
19886,5489,6
19200,19189,285
19189,6382,198
19189,19201,8
19189,6277,87
19189,19190,8
19189,17962,6
6382,5756,116
6382,5489,102
6382,19023,6
6382,17962,141
6382,19036,129
5756,5755,322
5756,6282,12
5756,21265,85
5756,42090,129
5755,5754,429
5755,5753,59
5755,42084,87
5754,5753,171
5754,6079,258
5753,5752,175
5753,40783,55
5752,5751,163
5752,41585,12
5751,40000,163
40000,40001,163
40001,19916,102
40001,19915,61
19916,5637,163
19916,5261,44
5637,5638,163
20441,7054,4
7054,49189,28
7054,39968,17
49189,20648,4
49189,7056,41
5842,5841,246
5841,5840,246
5840,5839,246
5839,20864,8
5839,5988,10
5839,34281,228
20864,20871,327
20864,34282,100
20871,4234,341
4234,4235,341
4235,20870,341
20870,4231,341
4231,5915,341
5915,20868,341
20868,20869,331
20868,20138,2
20869,20450,341
20450,20451,341
20451,20452,341
20452,20453,341
20453,20454,341
20454,20455,341
20455,20456,333
20455,20871,8
20456,20832,209
20456,20872,4
20456,34282,98
20456,50094,4
20456,5988,4
5489,5490,306
5489,41556,6
5489,41559,87
5490,21264,341
5490,5497,41
5490,5491,57
21264,5491,140
21264,5497,68
21264,6272,133
5491,51331,218
5491,5492,49
5491,5496,97
51331,5496,126
51331,21248,54
51331,5492,64
21248,21243,277
50641,19253,317
50641,21217,24
50164,4176,20
50164,19849,32
20501,2673,38
20501,2347,9
50912,46701,122
46701,20848,122
19532,19527,220
19527,6761,220
6761,6760,348
6760,20534,187
6760,6741,163
42209,42207,59
42207,19710,59
47995,2356,198
47995,2179,180
19767,6722,201
19767,38356,138
7009,20234,381
7011,18108,385
38358,38357,321
38358,50905,63
38357,19767,183
38357,40438,138
7012,20190,387
7170,20187,383
20187,20642,383
7001,7000,513
7000,20617,513
20617,7002,513
20617,17994,15
20617,17983,2
7002,17983,363
7002,20702,169
7002,44440,20
7002,4227,16
19765,20466,345
20466,38360,325
20466,6716,20
38360,38359,325
38359,6716,388
50906,19530,57
50906,39144,268
19530,39146,57
6349,18934,58
18934,6346,58
6346,19611,58
19611,6029,58
6029,6344,58
6344,6343,58
6343,5651,38
6343,5287,20
47984,39052,186
47984,5266,284
20535,18893,209
20535,40269,128
21305,20397,230
21305,20917,125
21305,46514,8
19675,4219,209
19922,20128,93
19922,6962,29
20128,20129,93
20128,41148,79
20129,20130,93
20130,20685,93
20685,20686,93
20686,41144,93
41144,41143,93
41143,41149,93
41149,5607,87
49325,2657,89
49325,1141,117
49325,1134,115
49325,1109,2
2656,1665,100
1665,1666,192
1666,17502,100
1666,43012,92
17502,1668,100
1668,2697,184
2697,1671,100
2697,43000,84
1671,4018,95
24132,24098,233
24132,21419,490
24132,786,73
24098,22957,233
24098,24099,584
22957,23703,531
23703,23646,531
23646,23664,531
23646,48401,62
23664,22815,533
22815,22620,533
22620,22621,533
22621,24092,233
22621,23748,300
22928,971,710
22928,977,279
971,15859,623
971,43519,87
40483,42075,227
42075,28212,201
42075,44600,118
44597,44596,191
44596,28213,201
44618,28214,244
50341,3426,460
50341,42986,349
50341,1288,139
3426,3427,460
3426,1276,265
3427,3428,526
3428,17445,526
17445,36912,286
17445,37771,240
36912,1238,286
36912,3042,3
42578,51600,286
51600,2638,286
2638,1187,724
2638,1168,6
37806,28247,140
37806,26784,64
26902,12736,167
26938,26939,287
26939,26839,283
26939,26927,2
26939,26833,2
26839,26835,169
26839,26940,114
26835,26833,284
26835,28346,2
26835,26821,1
26835,28244,2
26833,28174,286
28174,26821,169
28174,26832,114
28174,26825,1
28174,26829,2
48509,34090,374
22981,24774,4
22981,23776,256
24774,15623,4
24774,24741,28
24774,22450,191
24774,22418,345
24774,22346,112
15623,16801,932
15623,23225,176
15623,16799,8
15623,35285,14
15623,35284,122
16801,23893,538
16801,50130,399
23893,16799,791
16799,24639,804
24639,22929,445
24639,35285,8
24639,16796,351
22929,22930,445
22930,45021,285
22930,22979,5
22930,44338,155
45021,43937,4
45021,76,357
45021,50843,5
43937,43939,258
43939,43940,544
43940,23736,9
43940,24309,530
43940,21676,5
23736,35286,9
23736,23604,253
35286,23857,4
35286,16813,5
35286,25328,232
35286,16803,8
35286,43742,5
35286,24767,669
35286,21507,29
23857,35287,6
23857,23856,712
38700,1077,10
38700,1134,10
38700,42581,14
1670,17434,266
17434,2972,254
17434,17508,12
2972,42620,371
42620,1595,330
42620,39257,41
1595,1599,371
1599,17490,371
17490,3385,371
3385,44491,156
3385,17508,98
3385,42993,117
44491,42506,156
42506,42505,41
42506,44347,115
42505,37767,11
42505,37768,30
42505,37774,115
37767,3386,281
37767,17508,7
3386,1643,269
3386,17493,129
1643,3993,386
1643,2838,31
3993,1134,117
3993,38700,12
3993,42991,240
1195,16950,438
1195,42586,231
1195,1207,32
16950,3040,291
16950,17496,133
16950,17446,14
3040,16952,291
16952,39259,5
16952,16953,286
39259,17433,5
39259,16990,292
17433,3376,380
17433,17211,6
3376,37771,11
3376,3042,133
3376,36911,245
37771,37770,258
37770,37769,18
37770,42575,240
37769,37768,252
37769,17433,6
37769,44348,117
37768,37767,277
16770,16761,877
16761,16760,877
16760,16759,481
16760,16816,15
16760,94,388
16759,16816,586
16759,43937,156
16816,16821,298
16816,44336,198
16816,44338,98
16816,50843,7
16821,22839,305
22839,22614,503
22614,22806,503
22806,16768,503
16768,16776,503
16776,16797,503
16797,16798,829
16798,23892,824
16798,24736,5
23892,16800,550
23892,50130,274
16800,24736,960
16800,23225,25
24736,22339,896
24736,24775,6
24736,24739,376
24736,22805,5
22339,22805,1185
22805,21678,1171
22805,21679,19
21678,21679,638
21678,16186,4
21678,23883,492
21678,24756,25
21678,43742,3
21679,22340,512
21679,21680,145
22340,15887,1049
22340,24755,6
44696,22672,15
44696,15606,8
44696,22804,18
44696,15886,195
22672,33915,418
33915,22673,418
22673,23242,418
23242,22360,15
23242,23864,158
23242,25120,14
23242,23872,245
22360,642,261
22360,16751,392
16752,24646,416
24646,24647,287
24646,22895,3
24646,23873,6
24646,23860,7
24646,23871,108
24647,24648,287
50206,34110,15
34110,24638,841
24638,23839,229
24638,23565,624
23839,23665,63
23839,38749,192
23665,34217,63
23665,23765,120
40806,34073,186
40806,22820,11
43519,25405,929
43519,25133,124
16751,34027,412
16751,22849,6
34027,22359,767
22359,21887,767
34117,23247,428
34117,23596,14
23247,22493,428
22493,22494,428
22494,44697,15
22494,23596,160
22494,22803,253
22661,21682,529
22661,21680,497
21682,21683,659
21682,21685,14
21683,22338,1182
21683,21685,8
22338,21685,1182
21685,21686,1196
21685,15623,8
21686,15623,909
21686,22835,23
21686,24739,108
21686,82,156
76,22943,512
22943,43939,281
22943,25372,155
22943,94,76
24309,23880,807
24309,35286,8
48423,24390,445
48423,24928,99
48423,37110,38
48423,24982,7
13015,14287,449
13015,13160,238
14287,14290,715
14287,14486,277
14290,14285,718
14285,14284,711
14285,41894,123
14284,29434,421
14284,29433,174
14284,43955,116
37687,29310,174
41892,14294,183
41892,14280,132
41892,29466,154
41892,14281,217
24392,24928,174
24392,48255,370
24392,42492,103
24392,24535,12
24236,24242,269
24236,24446,318
24236,51046,105
24242,24248,261
24242,24246,357
24242,981,105
24248,24256,528
24248,24241,3
24256,24259,515
24256,24258,13
24259,24258,515
24258,24257,528
24257,24255,528
24255,24245,528
24245,24246,38
24245,24247,368
24245,23631,13
24245,23018,109
24246,24243,504
24246,24239,21
13193,12930,1071
12930,29424,1300
12930,13155,1
29424,29447,436
29424,13155,713
29424,39132,151
29447,14149,50
29447,29464,386
51271,13029,1308
43314,13087,176
43314,13053,552
43314,50625,546
13187,14197,353
13187,14182,73
13187,29503,6
29458,29459,318
29459,29460,330
29460,29425,903
29460,14354,21
29460,14591,6
29460,14514,238
29425,14354,903
14354,29461,590
14354,29423,171
14354,14355,112
14354,24859,20
14354,42182,21
14354,742,10
24238,24244,515
24244,24248,148
24244,23018,352
24244,981,15
24247,23018,32
24247,981,110
24247,23631,113
24247,24246,113
23018,24241,384
23018,23631,219
24241,42621,387
42621,51039,205
42621,24236,103
42621,24242,31
14301,14302,429
14301,24235,3
14302,24235,429
24235,14298,435
14298,14299,435
14299,14295,209
14299,14296,214
14299,14467,6
14299,14466,6
14291,14492,791
14291,14280,2
14492,14489,791
14489,41892,228
14489,14287,547
14489,41887,3
14489,14491,3
14270,14224,318
14224,14223,314
14224,14221,4
14223,14221,374
14221,14210,374
14221,14211,4
14243,14248,328
14243,14246,159
14248,14251,328
14251,29382,233
14251,14249,253
14251,14240,1
29382,29656,152
29382,14259,159
29656,29677,152
29677,29495,152
29495,14260,311
14260,14258,311
14258,29606,311
29606,14249,74
29606,14250,237
14249,14240,327
14240,14219,75
14240,14235,253
14219,29394,226
14219,14218,159
29394,14213,75
29394,14218,151
13230,13088,78
13230,14577,295
13230,14575,45
13230,40636,52
14239,14241,78
14239,14238,159
14239,14235,93
14241,14252,217
14252,29382,78
14252,14250,139
14250,14247,376
14247,14242,245
14247,14244,131
14242,14234,245
29331,14217,78
29331,14218,8
14220,14222,493
14222,14225,433
14222,14276,60
14225,29472,86
14225,14269,342
14225,14267,5
14300,14301,355
29573,43895,64
14419,14481,515
14419,13008,92
14481,41891,273
14481,29641,254
41891,14444,414
14444,14289,298
14444,14285,116
51921,12990,394
51921,13143,194
51921,13060,8
14486,41890,394
14486,14420,6
41890,14482,287
41890,14483,107
14482,41889,66
14482,51456,221
41889,14418,441
14418,14423,283
14418,14488,12
14418,50645,375
14423,43839,148
14423,14435,6
14423,14433,128
14423,13006,10
41888,42515,523
34076,48342,43
34076,24467,157
48342,24390,116
48342,24982,14
48342,21786,16
48342,49012,8
48342,24928,34
40799,14364,422
40799,29416,11
16720,24394,246
16720,868,27
16720,866,16
44329,44372,553
44329,15605,320
44329,16379,42
44372,44371,587
44371,16206,191
44371,24779,473
4903,4571,255
4903,4847,183
47920,24404,46
42884,13354,33
42884,13154,20
42884,14339,14
14594,44420,197
14594,727,9
14594,29383,10
14594,29349,3
14594,29461,7
14594,14591,22
44420,48582,132
44420,14209,15
44420,29465,62
48582,29465,33
48582,29461,99
48414,1109,183
40725,14707,4
36896,13322,175
36896,13320,11
36896,13354,31
29406,15221,370
29406,50491,215
29406,14605,52
29406,15224,4
15221,14605,414
15221,680,127
14605,50491,557
14605,15224,269
52030,15604,144
24464,15377,380
24464,23252,6
15377,15397,228
15377,23260,52
15377,23252,100
15397,15394,228
15397,24457,63
15397,25117,99
15394,25069,442
15394,15358,6
25069,25074,442
25074,15358,327
25074,25073,114
25074,25076,1
15579,15819,302
15579,41232,104
15819,15607,260
15819,15898,42
15607,15708,457
15708,25078,369
15708,15406,93
15708,24464,99
15870,15634,460
15634,15628,570
15628,24210,570
24210,23257,460
24210,42680,110
49326,1141,593
44158,16205,239
16319,25255,959
25255,16370,819
25255,25257,34
25255,46350,106
16370,15868,484
16370,16338,335
15862,15644,603
15862,15841,124
15862,16417,4
15644,16362,764
16362,24296,764
16326,16328,1230
16328,16330,972
16328,25246,232
16328,25210,26
16272,16273,305
16272,16354,688
16272,25265,94
16272,16215,67
16273,25252,231
16273,25265,46
16273,16354,28
25252,25251,736
25252,24507,8
25251,16391,449
25251,41463,231
25251,25206,56
16391,25224,578
25224,25227,239
25224,49164,339
25227,25225,516
41070,50366,6
41070,41071,45
50366,51237,6
51237,17853,6
51237,51242,45
21209,51063,213
51063,51064,213
51064,51062,213
51062,51059,168
51062,43650,45
51059,21220,53
51059,51060,162
21220,17865,109
17865,21232,109
21232,21233,109
21233,21240,109
21240,21241,109
21241,21235,109
21235,21230,109
21230,21226,109
21226,21221,109
21221,51060,53
21221,21214,56
51060,51246,53
51060,51241,162
51246,51247,63
51247,51240,12
51247,19417,51
51240,51234,186
51234,21172,8
51234,19411,172
51234,21176,6
21175,19411,8
21175,21193,4
19411,21194,174
19411,5912,10
19411,21187,6
21194,19417,6
21194,6198,166
21194,21201,2
19417,36941,174
19417,19420,51
36941,36940,174
36940,36938,174
36938,19428,168
19419,19421,60
19421,21201,54
19421,51240,174
19421,6198,6
21201,21215,56
21215,21227,56
21227,6200,56
6200,19329,222
19329,6201,222
6201,21220,56
6201,21208,166
21214,43650,54
21214,21208,2
43650,43649,99
43649,43648,93
4265,4506,14
18464,21139,299
21139,18376,299
18376,21145,807
18376,4150,503
21151,4157,1021
4157,4151,1021
4151,18376,1011
4151,21135,7
4151,4529,3
21137,21126,335
21137,21145,64
4535,4840,568
19391,19388,683
19391,21125,410
19391,19385,42
21168,18462,252
18462,44139,252
44139,21169,252
21169,21178,252
18456,21167,877
21167,19427,392
21167,18446,373
21167,51809,112
21163,18455,315
18455,18443,155
18455,18440,160
17537,17543,136
17543,17552,136
17552,18451,136
4666,35291,749
4666,19391,714
4666,18383,83
21103,19422,523
19422,21119,520
21119,21122,520
21122,19423,520
19423,4633,517
19423,4195,3
18481,4194,512
18481,44141,250
4194,21132,7
4194,19264,444
4194,5088,3
4194,19388,58
21132,21136,240
21136,18490,240
18490,21146,240
21146,18492,240
18492,18493,240
18493,18494,240
18494,38664,240
21156,18499,479
18499,19394,236
18499,19425,236
20937,20943,95
20943,20940,6
20943,38201,89
20940,20939,96
20939,20935,96
20935,17817,96
17817,6213,96
6213,19372,96
6213,39310,29
18264,20968,410
20968,20959,440
20959,20967,440
20967,51231,440
51231,18358,399
51231,20976,42
18366,5168,1300
5168,4968,1148
5168,4479,186
4968,4479,630
4968,4261,465
4968,5143,34
4968,21048,213
4479,4975,356
4479,18488,1380
4975,21092,222
4975,36942,128
4975,4666,134
18532,21100,31
21100,21090,98
21100,19392,17
21090,19392,86
21090,21085,12
21070,18203,160
21070,21064,285
18203,21047,2
18203,21050,29
18203,5002,57
18203,21039,72
21047,21039,6
21047,21059,4
21039,21022,80
21022,4259,78
21022,18303,2
4259,21002,76
4259,21032,80
21002,6225,218
21002,51282,54
21002,19399,82
6225,20999,359
6225,6226,181
20999,6226,403
6226,20989,277
6226,18303,225
6226,18246,56
6226,18339,80
6226,20997,2
20989,18290,62
20989,6227,273
18290,20961,62
20961,6221,62
6221,20951,62
20951,51204,4
51204,51197,33
51197,20952,33
20952,38184,122
38184,20948,122
20948,17806,122
17806,6210,122
6210,17807,93
6210,38185,29
17807,20942,93
20942,17809,93
17809,6211,93
6211,19373,93
6211,38194,29
19373,6212,93
19373,19372,29
6212,20936,93
6212,38200,29
20936,20934,93
20934,17812,93
17812,20937,93
40286,18640,292
18640,40288,292
40288,40290,292
40290,40291,8
40290,49626,284
40291,21238,8
21238,21239,305
21239,40293,305
40293,18643,300
40293,6051,5
18643,18644,119
18643,40294,181
18644,21234,289
21234,21231,289
21231,21228,115
21231,5007,170
21228,21223,120
21223,39195,120
39195,51393,297
51393,18452,322
51393,21186,58
51393,4500,13
19386,21129,137
19386,19393,738
21129,21131,373
21131,21134,373
21134,18514,373
18514,4195,63
18514,21123,310
4195,21120,526
4195,21111,153
4195,18385,490
36942,21082,128
21082,36841,128
36841,21037,2
36841,4208,126
21037,4857,1550
21013,21025,190
21013,18284,319
21013,35578,44
21013,19434,191
21013,21000,41
21025,19434,190
19434,21019,324
19434,21006,57
21019,18339,14
21019,21006,230
21019,20997,80
18339,51153,14
18339,4259,80
51153,21047,4
51153,19400,10
21059,21069,174
21069,4160,60
21069,4166,403
21069,21074,2
21087,21095,136
21095,4924,39
21095,18425,70
21095,35836,44
21224,21229,116
21229,5007,112
21229,21237,2
21229,40292,2
5007,5918,282
5918,21237,282
21237,18639,284
18639,18641,288
18639,40292,2
18641,40286,288
18370,21165,1242
18370,19389,248
21165,4590,1242
4838,4860,490
4838,21097,18
21192,21186,941
38560,19394,476
19394,21156,233
19394,19389,479
21142,18502,593
21142,21160,3
18502,21157,593
21157,21160,593
21160,39265,239
21160,21155,357
39265,21159,239
21159,21154,239
21154,21147,239
21147,21143,239
21143,21140,239
21140,21138,239
21138,21129,236
21138,19393,3
21123,18471,502
18471,44142,502
44142,21104,502
21104,18474,425
21104,18413,77
18474,21117,233
18474,21103,416
18474,21099,56
18474,18480,58
18474,18413,192
4574,18413,592
4574,18474,284
4574,18480,243
21099,21096,540
21099,18478,294
21096,18479,540
18479,21107,834
21107,4666,510
21107,21092,324
19425,18401,479
38764,38765,712
38765,4945,417
38765,4561,295
4945,4944,700
4944,4585,700
38762,38761,417
38761,6167,417
6167,5076,993
5076,5077,698
5076,50479,281
5077,5078,698
5078,4935,698
4935,5809,698
5809,5810,698
5810,4586,698
4842,4841,489
4841,4513,489
4513,41742,208
4513,4729,281
41742,4729,470
41742,4728,281
5280,5281,294
5280,20039,33
5281,5282,294
5281,20068,33
5282,5283,327
5283,5284,292
5283,20072,33
5283,5286,2
5284,5286,274
5284,5653,2
5284,5652,16
5286,5287,273
5286,6342,36
5287,5288,273
5287,20346,20
5288,42526,290
42526,5289,273
42526,19603,17
5289,5290,273
5289,5297,17
5290,5291,273
5291,5292,273
5292,5293,290
5293,5294,273
5293,18890,17
5294,5295,266
5294,5560,24
5295,42398,17
5295,50024,157
5295,42397,26
5295,20739,66
42398,4515,34
4515,4628,273
4515,19561,418
4628,4663,21
4628,4629,423
4663,4627,246
4663,5016,359
4663,4611,27
4627,4943,382
4627,40840,163
4943,4826,570
4826,4618,155
4826,4942,415
4618,4766,155
4766,4897,155
4897,4784,155
4784,4732,155
4732,4770,155
4770,4719,155
4719,4740,155
4740,4721,155
4721,4638,288
4638,4902,288
4902,4890,261
4902,5197,27
4890,4727,297
4727,20384,23
4727,4772,303
20384,4885,23
20384,4886,88
4885,4884,23
4885,4679,22
4884,4869,47
4869,42405,6
4869,19821,4
4869,4895,13
4869,4876,46
544,545,871
545,518,3
545,546,708
545,449,145
518,515,722
515,517,722
517,449,577
517,516,145
449,447,670
449,445,52
447,444,178
447,610,489
447,445,3
444,602,521
602,438,60
602,24684,46
602,43758,415
438,442,9
438,24684,51
438,615,186
438,49949,335
442,511,9
511,503,9
503,202,43
202,325,43
202,47017,404
325,290,9
325,725,8
325,303,34
325,44439,404
285,287,412
285,48494,149
287,281,561
281,293,9
281,40900,403
281,48497,149
16848,22042,395
22042,50801,9
22042,33969,370
22042,48078,16
50802,9046,9
50802,25040,123
50802,24823,12
50802,41599,25
50802,24335,64
48510,47449,1093
48510,11878,314
10632,11702,87
44258,9609,69
44258,34266,273
44258,10328,935
44258,10498,6
44258,34267,380
44258,10114,309
44258,11590,376
11836,11837,232
11837,10320,234
11520,9374,239
9374,10011,874
10011,9599,874
9599,10078,234
9599,9394,5
9599,51003,632
9599,10012,3
10078,10738,234
10738,9594,234
9594,10012,234
10012,10739,1813
10739,9395,1813
9395,9409,234
9395,9822,926
9395,9544,653
9281,10675,1392
10675,9485,1392
40778,9730,879
40778,38681,742
10627,11479,1129
10627,9997,703
41932,41930,52
41932,50649,733
41932,44446,26
41930,41928,785
41928,44446,771
47807,4634,59
47807,19468,295
4634,19086,933
4634,37410,803
4634,47791,29
4634,42541,64
4634,41718,16
19086,18004,1169
18004,4214,961
18004,41716,200
4214,49633,807
4214,49642,154
49633,49614,807
49614,4202,558
49614,18971,249
4202,18971,599
4202,47177,20
18971,20891,69
18971,21308,799
20891,6257,134
20891,20900,63
20891,19147,33
6257,39898,134
39898,19128,134
19128,6260,134
6260,39890,134
39890,39920,69
39890,19129,65
39920,39902,69
39902,39901,59
39902,39910,10
39901,39910,59
39910,19129,69
19129,19121,124
19129,5523,10
19121,5523,59
19121,20900,65
5523,19122,69
19122,5524,69
5524,19123,69
19123,20898,69
20898,20896,132
20896,39919,69
20896,5525,63
39919,39918,69
39918,39917,69
39917,39916,69
39916,20897,69
20897,39914,132
39914,39913,132
39913,20900,69
39913,5522,63
20900,20904,225
20900,35348,33
20904,51310,225
51310,20908,207
51310,6265,18
20908,20914,69
20908,19155,148
20908,6266,8
20914,20915,124
20915,20918,132
20918,20916,132
20916,20911,122
20916,6266,10
20911,19155,77
20911,19154,73
19155,20907,160
19155,5529,65
20907,5532,225
5532,51336,225
51336,20207,124
51336,35345,63
51336,20892,28
51336,20894,10
20207,20892,124
20207,20894,57
20207,18913,66
20892,19134,152
19134,19046,87
19134,40496,65
19046,4269,59
19046,5533,93
4269,19048,116
4269,6269,8
19048,5904,124
5904,5903,124
5903,5902,124
5902,19049,59
5902,40503,65
19049,40503,59
40503,40502,124
40502,5535,122
4358,50589,42
4358,6350,34
4358,18999,1
4358,4357,2
50589,4364,19
50589,18999,57
37147,50019,5
37147,1695,19
37147,42256,18
37147,3834,7
37147,3873,5
42256,50019,217
3872,3430,17
3430,37103,5
3430,1700,3
3430,1703,9
7263,5961,5
40641,23902,406
40641,40806,11
40641,41100,389
23565,34112,627
23565,23848,26
34112,23852,184
34112,23848,440
8560,11123,32
11123,37036,32
37036,11158,66
11158,11157,66
11157,11161,32
11157,11124,34
14627,23741,10
14627,51022,105
23741,15125,5
23741,42467,5
15125,42467,10
42467,14623,118
42467,964,5
14623,985,10
14623,986,3
14623,42462,105
14623,987,112
985,24248,119
985,24246,17
985,23018,96
10193,10226,974
10193,8806,6
10193,11734,259
10193,8693,7
10193,10716,12
10193,43792,273
10193,10225,380
10193,49941,45
46232,9339,75
46232,9824,336
11590,9658,1135
11590,9261,82
50649,41930,733
36893,13320,285
36893,13354,44
19457,19455,630
19457,19456,204
19457,43403,593
19457,43156,64
19457,6985,146
19457,43255,25
20385,19872,192
20385,6105,262
19872,20697,192
20697,19572,192
20697,18793,143
19572,3891,186
19572,3886,6
4213,49649,886
4213,4239,14
49649,49634,886
49634,4239,1043
4239,19083,1203
4239,4977,58
19083,19468,785
19083,37410,420
19083,5065,12
19468,4706,1574
5097,17999,812
5097,4862,461
5097,4780,600
17999,21276,846
4647,4648,887
4648,18425,887
18425,4517,957
4517,4855,957
4517,18401,13
11177,11175,656
11175,11287,656
11287,11174,656
11174,11176,656
11176,11183,329
11176,11179,327
11183,11181,329
11183,11188,16
11181,11185,329
11185,11186,329
11186,11188,329
11188,11187,327
11187,11189,327
11189,11182,327
11182,11177,327
11179,11178,327
11179,23418,3
11179,10446,3
11178,41599,16
11178,11171,187
11178,41132,266
11178,11160,45
8732,10198,3
8732,11738,1505
8732,10381,14
49722,10457,252
11448,11475,1316
11448,11839,1277
11475,11519,1316
11475,10621,4
11519,10621,1316
10621,38684,6
10621,11476,683
10621,50484,631
38684,11911,1287
11911,11909,1287
11909,11681,1287
11681,11475,4
11681,11752,1283
11476,10714,4
11476,11517,1064
9841,9845,1604
9841,38819,42
9845,9846,1604
9845,11378,42
9845,9848,17
9846,10050,1604
10050,10051,1604
10051,9847,1604
9847,9842,1604
9842,9960,956
9842,11426,648
9960,10485,1135
10485,40024,4
10485,9835,179
10485,11805,952
40024,10563,614
10563,10042,614
10042,10071,614
10071,11756,819
10071,10272,608
10071,10310,179
11756,11563,718
11756,10025,101
11563,8942,718
8942,10334,1013
8942,8943,4
9412,9712,1459
9412,9423,1303
24063,24070,524
24070,24137,460
24070,24061,64
24137,24140,598
24140,24135,598
21870,21869,662
21869,24150,662
21585,21620,220
21620,24114,220
11903,11856,602
11856,9430,5
11856,37257,353
11856,10402,244
48233,22804,232
22804,16034,1863
16034,23861,733
16034,15606,416
16034,23854,544
16034,25033,26
16034,23477,144
23861,23865,1312
23865,23872,760
23865,22360,356
23865,642,36
23865,34117,160
22974,22975,531
22975,24641,531
24641,22374,531
22374,24759,531
24759,22356,531
22444,41100,444
22444,40641,400
41100,41099,833
41099,22820,833
22820,23906,468
22820,23908,120
22820,23930,245
23906,14613,580
16911,23647,324
21300,21242,356
19437,21250,79
19437,19067,104
25140,23250,30
25047,15837,6
20607,20608,29
20607,19340,42
20607,37201,156
20608,18819,227
18819,18816,29
18819,18820,142
18819,18818,42
19849,19851,4
19849,19850,60
19849,20373,2
19849,40525,108
19851,20373,4
19851,19852,92
20720,39024,212
39024,7030,2
39024,7028,266
39024,6064,2
39024,5554,182
11551,34166,1128
34166,34168,1128
34168,34169,806
34168,11871,84
34168,11294,44
34168,49731,108
34168,11291,32
34168,48462,36
34169,11873,890
11873,8636,650
11873,10790,148
6064,20841,2
6064,7029,131
6064,50596,91
19850,19851,92
19850,19852,26
19850,40524,6
19852,19853,331
19853,19854,331
19854,19855,188
19854,19856,4
19854,40523,139
19855,19856,188
19856,51216,64
19856,19575,4
19856,5557,124
51216,5557,64
5557,19575,64
5557,20373,16
5557,40515,108
40515,7034,64
40515,20373,113
40515,40517,108
40513,51172,172
51172,40524,64
51172,51218,108
40524,40527,175
40524,19579,108
40527,19576,6
41741,41739,26
41739,41737,117
41737,41736,117
41736,4177,117
5546,35243,3
5546,35247,91
39018,7036,185
39003,19549,7
39003,5549,14
39003,20840,316
39003,20841,113
48945,43374,280
26320,25982,1081
25984,26469,930
25984,25986,48
25984,26305,268
48215,14600,56
48215,22804,58
25236,16274,232
16274,23365,174
16274,16360,58
23365,16367,174
16367,16365,174
16365,16360,174
16360,16361,232
16361,16355,232
16355,25285,232
25285,25247,232
25249,23366,232
23366,25254,493
16423,16421,232
16421,16420,232
16420,25263,232
25263,25211,232
25211,16118,232
16118,16307,232
38652,38655,604
38652,16335,104
38655,25227,277
38655,25229,327
41263,15627,142
41263,15391,181
15627,15714,440
15714,15478,440
15714,25088,23
15478,25089,562
25089,25068,562
25068,25067,585
25067,15681,266
25067,15410,296
25067,42634,23
15681,15698,266
15698,15701,290
15701,15876,142
15701,15504,148
25085,15362,122
15362,15438,122
15438,15494,122
15494,15400,122
15400,15403,122
15403,15404,122
15404,15478,122
15410,15876,203
15410,41264,93
41264,15409,86
12991,14345,443
23264,51656,107
23264,23239,30
12993,13063,160
12993,13607,344
15641,15640,162
15640,15846,114
15640,25186,48
15846,15512,162
15512,15510,162
15510,15511,162
15511,50340,162
50340,50338,114
50340,43253,48
50338,50335,114
50338,41219,63
50335,40566,213
40566,39733,114
40566,39735,86
40566,51936,99
39733,15674,114
39733,24261,155
15674,15902,116
15902,15675,116
15675,24264,116
24264,15523,364
15523,15713,364
15713,15677,433
15677,23260,183
15677,15378,88
15677,15397,162
23260,25116,235
25116,15394,114
25116,40565,52
25116,15396,69
25070,15395,459
15395,15393,459
15393,25117,121
15393,15396,250
15393,24457,2
15393,39738,86
25117,15615,268
15615,23252,218
15615,15378,50
23252,24262,281
23252,44143,168
24262,24263,343
24262,24264,63
24262,25075,7
24263,25075,119
24263,39727,168
25075,25072,126
25072,39732,119
25072,24261,7
39732,51940,182
39732,51936,86
51940,40567,188
51940,43252,63
40567,50337,188
40567,44656,99
50337,50336,119
50337,41219,69
50336,50339,119
50336,43253,56
50339,15508,171
15508,15509,171
15509,15840,171
15840,15707,119
15840,25186,52
15707,15642,171
15642,23261,119
15642,16264,52
23261,15868,402
46425,46272,261
46272,23366,261
33971,23272,345
33971,24685,270
23272,24678,1093
24678,23273,1093
23273,825,627
23273,25367,466
50189,42894,261
50225,48279,423
48279,43308,423
43308,16203,261
43308,15639,444
43308,16195,14
16684,16116,342
16684,37472,61
48816,12935,113
12935,13066,113
12935,13568,478
13066,38952,113
12949,13091,113
17053,3703,782
3703,17055,880
17055,17056,880
17056,3260,880
3260,3262,344
3260,41595,536
3262,3263,880
3263,3264,880
3264,2968,784
3264,38570,96
2968,2747,976
2747,2344,976
2344,17060,974
2344,17059,2
17060,17061,974
17061,17063,782
17061,17062,96
17061,17081,96
38784,2931,744
2748,2932,782
17186,17101,944
2349,17102,784
2349,44652,162
17102,2350,784
17102,2750,162
2750,17106,784
2750,44631,162
17106,2933,946
1747,1267,287
1747,3975,440
1747,3512,14
1747,3974,17
1747,17116,2
50474,10775,18
50474,10236,64
4936,4552,14
4936,4664,628
4936,5067,225
41942,41719,202
41942,4978,4
41719,19083,14
41719,4577,188
4862,4654,501
48343,3563,351
50587,10775,110
50587,11292,4
3951,7186,360
3951,20431,224
3951,20484,6
7186,17180,376
17180,17181,376
17181,17182,376
17182,41946,372
17182,20508,4
2534,2666,297
2534,3222,4
2534,35671,247
3280,3583,288
3280,2615,12
3280,2468,228
3583,3584,288
3584,2229,288
3580,3581,237
3580,2964,10
3581,3582,237
2881,3194,68
2881,2713,8
2881,2228,256
2881,2534,9
2881,7562,4
2881,1296,4
2881,17206,2
2881,14077,7
2881,2673,140
36892,13356,190
36404,41133,183
47978,24861,174
47978,15886,69
23755,15625,174
23755,24666,404
47980,49248,174
21855,16498,174
16498,16490,174
16490,23693,174
21570,21572,174
25043,22409,174
22409,10331,174
10331,8439,174
34983,22410,173
22410,14957,173
21577,21578,173
21579,21580,173
21580,21732,173
613,21596,173
613,21584,77
16200,15723,173
47917,22658,99
47917,22760,117
47917,33982,12
25034,79,126
79,23093,140
23093,23094,119
23093,37723,21
23094,16295,99
23094,16290,7
23094,9612,31
23094,43659,20
16295,16296,99
16295,16487,19
16296,9612,99
16296,9736,19
9186,11736,99
11736,8439,99
36441,9048,185
36441,41133,9
8612,9043,89
80,22379,89
80,16487,20
80,23642,31
80,43213,20
80,24830,1
22379,16291,89
22379,16290,20
16291,23642,95
16291,43659,14
23642,23092,406
23642,15426,31
23643,25035,101
23643,43927,8
50591,15426,119
47899,27623,242
22693,21649,19
22694,21653,6
22694,22695,4
48920,13356,84
48920,41132,263
48920,13103,121
48920,22633,16
36144,41133,267
9996,8824,57
10027,10028,925
10028,9812,6
10028,43395,2
10028,43393,917
8945,10710,66
8945,11855,238
36225,10328,77
36225,7780,54
36225,51208,4
7867,7323,77
7867,7961,54
7323,7961,77
7961,7296,61
7961,7297,70
7296,7324,131
7324,40901,77
7324,7870,54
40901,7870,77
40901,7869,75
7870,7868,131
7868,7629,21
7868,7628,110
7629,7628,21
7629,7631,9
7628,12070,7
7628,34173,124
12070,34173,30
34173,12290,77
34173,12288,54
34173,29196,23
12290,29196,162
12290,12289,9
12290,12288,23
29196,12288,68
29196,12289,85
29196,12290,32
12288,12321,135
12288,12287,10
12321,12069,280
12069,12287,143
12069,12203,139
12287,29193,153
29193,29194,176
29194,12373,176
12373,44153,176
44153,12375,176
12375,44148,176
44148,12387,176
12387,12539,176
12539,12504,122
12539,51208,54
12504,12538,115
12504,12247,44
12504,12394,10
3549,3798,283
3549,3021,69
4745,4763,304
17000,17001,287
48351,1098,303
14872,14860,319
4780,4827,1052
4780,4550,383
4780,4916,450
4827,4634,1179
4827,5065,323
21308,19006,1035
21308,39998,67
21308,39993,20
19006,17583,1035
19006,49788,20
17583,18910,1055
18910,18911,1121
18911,18912,1003
18911,4173,12
18911,43054,46
18911,20224,66
3886,3891,161
3886,3887,1012
20680,18788,270
20680,6902,159
4529,4704,856
4529,21113,84
4704,4649,856
4649,4673,856
4673,4158,498
4673,4532,115
4673,38560,243
21125,18410,466
18410,4195,719
4655,4971,1403
4655,6240,31
4971,4206,1238
4971,21026,165
4206,18235,153
4206,4200,518
4206,4859,567
18235,21289,982
18235,18264,402
18235,20965,91
18235,19368,30
21289,20954,986
20954,21288,986
21288,19371,981
21288,21274,34
19371,21274,952
19371,6211,29
21274,19369,986
19369,4780,749
19369,21276,206
19369,4202,4
19369,5926,11
42121,42398,17
42121,20739,6
42121,42397,34
4942,4762,17
4942,4712,425
4762,4863,106
4863,4721,133
5301,5302,118
5301,42027,16
5302,5303,4
5302,6354,117
5302,19606,16
5303,5175,74
5175,5191,4
5175,4958,73
5191,5173,77
5173,5304,77
5304,5196,77
5196,5195,58
5196,6361,19
5195,5305,28
5195,5814,30
5305,4803,28
5305,6361,30
4803,4750,4
4803,4934,73
4750,4801,28
4750,4947,49
4801,4754,53
4801,20370,24
3360,1372,301
3360,1257,5
4877,4868,38
4877,4867,23
4868,20246,13
4868,4883,25
20246,20245,13
20245,4726,13
20245,35356,93
4726,4889,250
4726,5197,33
4889,4901,277
4901,4637,277
4637,4720,129
4637,40665,148
4720,4864,129
4864,4761,118
4864,40878,11
4761,4713,403
4761,43933,163
4761,4941,27
4761,5641,8
4713,4941,403
4713,40852,163
4941,4825,403
4941,40844,27
4825,4624,371
4825,40840,180
4624,4622,239
4624,5016,132
4624,4611,171
4622,4623,429
4622,50822,180
4623,4625,402
4623,4626,27
4625,4626,402
4626,4946,13
4626,4658,253
4626,19561,163
42454,5641,13
36895,13320,170
36895,13354,26
47911,19486,168
47911,47879,2
47879,5498,440
19571,20224,7
19571,42807,235
19571,1294,33
19571,18913,44
4393,4390,25
4393,20205,2
4390,20205,4
4390,20291,21
20205,20082,111
20205,19952,19
20082,20081,98
20082,20080,32
20081,4375,123
4375,4372,106
4375,39185,17
4372,20088,75
4372,20084,31
20088,19950,117
20088,4238,30
19950,19948,53
19950,20054,94
4362,19940,108
4362,20022,2
19940,19938,108
19940,20048,30
19940,18996,2
19938,19936,130
19938,4353,12
19936,4360,77
19936,4357,33
19936,20363,26
19936,4358,4
19936,4356,2
4360,19934,86
19934,19932,86
5560,4762,2
5560,43934,13
5560,4712,9
37051,13204,285
37051,13320,22
37051,13354,104
29467,15221,171
29467,29406,210
3548,3521,354
3548,2803,6
48134,16061,134
16070,16071,261
16071,16073,249
16071,41830,12
16073,15780,96
16073,16074,165
16076,16077,219
16076,16155,26
37662,13246,150
16977,3368,240
16977,51258,16
16977,1636,16
47951,3549,187
47951,15233,66
48350,1109,283
1727,1728,344
1727,1715,34
1727,35851,6
1727,1722,22
1728,1715,310
1728,38787,34
1715,1719,310
1715,38790,68
1719,1721,378
1721,1722,412
1721,38776,34
1722,1724,310
1722,38795,34
1722,38785,102
1722,2689,22
1724,1730,342
1724,38777,34
1730,1732,344
1730,39066,32
1732,3824,376
36316,41133,213
4243,19877,743
19877,17580,379
19877,4207,346
19877,21222,18
18489,18505,275
18489,18522,27
18505,18546,195
18505,18522,4
18505,18527,76
27167,27155,6
27167,27171,261
27167,27173,168
27155,27183,6
27155,27197,261
27155,27527,196
48003,4635,63
48003,4565,241
48003,4505,38
4733,19760,63
4733,43971,289
4733,43973,123
19760,19589,319
19760,40847,39
19589,18846,319
19589,40857,39
18846,18847,319
18846,40848,39
18847,18848,358
18848,49659,315
18848,6969,43
49659,19728,319
49659,35347,39
19728,20891,96
19728,21308,256
35345,20397,107
35345,21304,3
35345,21295,22
47210,46399,63
19178,4199,63
19178,19179,68
19178,21309,14
20894,51322,213
51322,5891,213
5891,17696,57
5891,20903,156
17696,20906,57
17696,20914,55
17696,19154,83
17696,6266,18
20906,51304,213
51304,17706,213
17706,19127,90
17706,20898,63
17706,5522,67
17706,20900,26
19127,5892,90
5892,19725,90
5892,4205,63
5892,21308,67
19725,19759,322
19725,35347,33
19759,18790,316
19759,6969,45
18790,18791,361
18791,18792,322
18791,40848,39
18792,6853,322
18792,40847,39
6853,4891,355
6853,4541,6
4891,4734,57
4891,43972,298
4734,4805,521
23081,21419,244
23081,24098,584
23081,21944,73
21419,22097,734
22097,21412,734
21412,24094,400
21412,24096,148
21412,23644,186
22765,16848,133
22765,16847,154
22765,22042,31
22765,33967,64
41226,15820,48
41226,15607,104
41226,35227,104
15820,15785,322
15785,15473,432
51497,48813,65
51497,25097,6
48813,40814,48
48813,48824,147
16955,36911,7
16955,17473,14
36911,1268,498
44079,41751,493
44079,41759,80
44079,41750,410
41751,39170,985
39170,41809,985
41809,39174,968
41809,41752,36
39174,40809,485
39174,39176,219
39174,39177,34
39174,16629,110
39174,16557,126
40809,16496,133
40809,16606,344
40809,16601,10
40809,16603,58
16496,16516,762
16496,16514,186
16610,16504,746
16610,16609,159
16610,16508,14
16504,16508,856
16504,16608,76
16508,16507,784
16508,16567,14
16508,23289,34
16508,16613,42
16507,23289,423
16507,16613,361
23289,16619,199
23289,16567,178
23289,16575,379
16619,16624,579
16619,16623,34
16624,16623,579
16623,16621,525
16623,39981,54
16623,16617,34
16535,16545,716
16535,40651,152
16535,16643,188
16545,23287,749
23287,23711,959
23287,16534,38
23711,16534,943
23711,16573,24
16534,39182,287
16534,16573,384
16534,16542,310
39182,15993,370
39182,23478,14
39182,33893,19
39182,16002,104
39182,23408,30
15993,35694,227
15993,23493,88
15993,25201,24
15993,23316,8
15993,23257,72
15993,33893,29
15993,16771,14
15993,23408,2
36541,13632,124
36541,13268,14
48294,25092,502
48294,24468,6
48294,16786,158
16003,16565,258
16003,16573,43
16003,16002,98
16003,23478,8
16536,16539,1136
16536,15991,10
16536,16537,18
16539,16618,387
16539,16537,749
16618,16616,571
16618,16622,30
16616,16622,132
16616,15991,439
16622,16625,628
16622,16567,30
16625,16611,250
16625,16567,378
16611,16613,593
16611,16506,124
16597,23288,478
16597,16558,286
23288,40650,132
23288,16607,495
23288,16600,14
23288,41753,138
23288,44174,20
23288,41752,22
23288,39180,22
23288,16629,2
40650,16516,132
40650,16514,160
16599,40810,502
16599,16601,346
16599,39176,16
40810,41753,468
40810,39176,34
41753,41754,969
41754,39169,969
39169,39168,949
39169,41750,42
39168,41810,494
39168,41750,436
39168,41809,19
41810,44080,422
41810,43220,470
41810,41758,24
964,14665,5
964,963,112
14665,926,5
14665,24243,3
14665,933,13
14665,36905,24
14665,957,96
926,14636,5
926,23662,103
14636,995,5
51993,49685,110
51993,49232,6
29110,12349,116
29110,49812,110
29110,49213,6
29131,12171,55
29131,12355,114
12171,12172,201
12172,12402,106
12172,12166,14
12172,12495,81
12402,29111,106
12402,12353,3
12402,12496,6
29111,12157,106
12157,29112,153
29112,29113,102
29112,12495,51
29113,29114,102
29114,29115,55
29114,29281,47
49900,12680,55
49900,12671,51
12168,12170,55
12170,29126,55
29126,49833,55
49833,29127,106
29127,29128,107
29128,29129,107
29129,12183,55
29129,12226,1
29129,49809,51
12183,12184,186
12183,12165,81
12184,12178,143
12184,28805,43
12178,29130,143
29130,12625,116
29130,49835,88
12625,12626,263
12625,12164,51
12626,12164,183
12626,12180,80
12355,12173,114
12355,12171,14
12173,29132,114
29132,12180,164
12180,29133,61
12180,36803,3
12180,29100,80
12180,49809,100
29133,29134,121
29134,49867,112
29134,12177,9
49867,29135,112
29135,12177,112
12177,12175,61
12177,12169,3
12177,12171,51
12175,29136,61
29136,12169,61
12169,12401,64
12401,29137,61
12401,12403,60
49910,29142,112
49855,29179,61
29143,29180,105
29180,12351,61
29180,12495,1
29180,29283,43
12351,29189,61
12351,12496,56
29189,12162,112
12162,12163,193
12163,29130,61
12163,29127,1
12163,12625,80
12163,49833,51
38959,12509,21
38959,48070,137
12509,37782,2
12509,41855,301
12509,49960,155
37782,12242,5
37782,28310,156
37782,43711,7
28743,28742,261
28742,12316,261
12317,12318,261
12318,26730,261
29282,12494,47
12494,29067,3
12494,29143,44
29067,29087,12
29067,29085,3
29067,29108,6
29067,29086,6
29067,29109,14
29067,12148,3
29186,12167,3
29186,29188,9
29186,29187,56
12167,12402,9
12167,12496,3
12167,12162,1
12167,12357,47
12353,12154,114
12367,12495,9
12367,29282,44
12367,29101,88
12495,29067,9
12495,29087,1
12495,12716,56
12495,29108,139
29188,36804,9
29188,12167,50
36804,12718,9
36804,36805,35
12718,49823,148
12718,12181,3
12718,12183,43
49823,29133,60
49823,12183,88
36803,36804,35
36805,12718,19
36805,49809,16
12181,12182,3
12182,12177,3
12403,12363,3
12403,12364,57
12363,12364,3
12364,12399,60
12399,12578,3
12399,29102,49
12399,29107,14
29085,12351,56
29085,12162,80
29085,49812,41
29085,29283,51
12496,12353,12
12496,29095,53
12221,27350,517
27350,27357,742
27350,27470,9
27357,27477,447
27357,27470,295
27477,27460,447
27460,27449,447
27449,27451,247
27449,27448,200
27451,27339,770
27472,27340,454
27472,27464,135
27340,27355,851
27355,27353,845
27355,29033,6
27353,27989,54
27353,49417,241
27353,49392,323
27353,28614,5
27353,27358,8
27353,49420,215
27989,27993,54
27989,27992,372
27989,28008,185
27993,27980,239
27980,27102,239
27102,27101,239
27101,27096,239
27096,27089,239
48231,25938,176
22345,16805,579
16805,23891,572
16805,16807,7
23891,22347,556
23891,24668,16
22347,24666,5
22347,22470,551
47844,26808,54
47844,12100,38
51996,12226,32
12226,40344,404
12226,12125,6
40344,40345,404
40345,12125,251
40345,42901,111
40345,42231,42
12125,12227,299
12227,12431,257
12227,42219,42
12431,12228,257
12228,12129,299
12129,12132,219
12129,43682,80
12132,12232,219
12132,42227,38
12232,38903,219
38903,12279,257
12279,12285,219
12279,42222,38
12285,12388,219
12388,12136,219
12136,12551,219
12551,12546,219
12546,12280,219
12280,12197,219
12197,12198,219
12198,12134,219
12134,12139,219
12139,42412,219
42412,12721,219
42412,51208,4
42412,29243,20
12721,12428,219
12428,12051,167
12428,12271,52
12051,12283,177
12283,12345,177
12345,12342,177
12342,44503,90
12342,28294,77
12342,28311,10
44503,28294,84
44503,12408,106
44503,43232,6
44503,29018,174
47918,44503,87
47918,43749,21
47918,43232,6
50606,11897,3
50606,23098,3
50606,9609,12
52019,12226,54
52018,12226,52
52018,42412,4
12271,12202,59
12271,35511,4
12202,12693,63
12693,51208,52
12693,12504,11
51208,12538,52
51208,12394,54
51208,11734,4
51208,42415,4
12538,12374,167
12374,44155,167
44155,44150,167
44150,44149,167
44149,44154,167
44154,12520,167
12520,12462,167
12462,12463,167
12463,12544,167
12544,34198,145
34198,12321,145
12203,12289,54
12203,12290,85
12289,12391,127
12289,12519,21
12391,7631,118
12391,7629,9
7631,7317,127
7317,7869,52
7317,40901,75
7869,7322,127
7322,7318,73
7322,7297,54
7318,7962,127
7962,7866,52
7962,7303,75
7866,38164,279
7866,38159,9
38164,7822,279
38164,34843,9
7822,7672,52
7822,7763,230
7822,7714,9
7822,7666,13
7822,7665,16
12394,12067,60
12394,35511,4
12067,12201,54
12067,12051,10
12640,28818,259
28818,28866,249
28818,29200,10
34287,26705,38
34287,28727,1
34287,28475,8
34287,27692,5
40146,26883,93
25733,26075,547
25733,43363,183
26075,25670,773
25670,25645,264
25670,26212,382
25670,25643,127
25645,26071,264
25645,26072,190
26071,25651,228
26071,40114,226
25651,25633,38
25651,28923,190
25633,28472,292
25633,26070,303
28472,41956,292
28472,28475,5
28472,26665,9
38394,28756,149
38394,41422,41
28756,28755,149
28755,28754,149
28754,28759,190
28759,28752,190
28752,28751,183
28752,28749,7
28751,28749,183
28749,28747,189
28749,41409,1
28747,28746,234
28746,28745,155
28746,28765,79
28745,50390,33
28745,28213,4
28745,28744,117
28745,38983,1
50390,37066,110
37066,37067,110
37067,35438,110
35438,37068,110
37068,37069,110
37069,37070,110
37070,12557,57
37070,28744,22
37070,28728,31
26744,26897,157
21680,16807,637
21680,22674,5
16807,23889,497
16807,22964,14
16807,15625,126
16807,24753,7
23889,23890,500
23890,22674,500
22674,86,5
22674,23234,493
48262,22672,158
48262,22803,104
23854,23843,702
23843,23841,702
23841,23552,592
23841,23853,110
23554,23781,472
23781,43782,472
43782,23558,472
24628,34010,304
24628,17,6
34010,33989,304
33989,33993,304
33993,17,184
33993,23665,120
14609,16010,16
2519,2467,251
2467,2224,263
2224,2225,275
2225,2545,275
2545,2546,275
2546,2547,275
2547,17511,275
17511,2544,251
17511,39241,12
17511,3910,12
2544,39089,251
2544,3034,4
39089,3034,251
3034,3102,260
3102,3103,251
3102,50160,9
3103,3379,263
3379,2534,263
19393,19264,685
19393,21125,56
5088,21092,881
5088,5169,134
5088,21093,48
44277,44278,53
44278,44279,53
44279,44280,53
44280,44283,53
44283,44284,53
44284,44286,53
44286,44285,53
44285,44282,53
44282,44281,53
44281,38166,53
38166,38176,53
38176,18224,53
18225,38181,53
18225,38169,53
38181,38180,53
38180,38179,53
38179,38167,53
38167,44275,53
44275,38165,53
38165,38178,53
38178,44276,53
44276,18225,53
41089,18210,53
17758,17744,118
17744,6500,118
6500,20264,118
20264,7198,118
7198,20259,118
20259,7292,118
7292,6501,118
6501,6502,118
6502,7293,118
7293,6503,118
6503,6505,56
6503,6574,62
6506,20230,118
20230,6519,118
6519,6520,118
6520,6521,118
6521,6522,118
6522,17816,118
17816,6026,118
6026,6523,118
6523,19582,56
6523,17799,62
6711,6712,29
6711,20175,101
41638,41796,17
41638,41786,17
17808,6541,176
6541,17815,176
17815,17818,176
17818,6703,36
17818,6046,106
17818,40773,34
20152,50389,112
20152,35581,72
50389,43908,136
50389,6025,52
43908,43907,208
43907,43906,208
43906,6025,136
43906,40942,72
6025,20824,220
20824,20513,220
20513,20139,31
20513,20822,262
20142,20143,311
20143,20144,155
20143,40962,72
20143,35579,84
20144,40953,239
40953,42566,212
40953,20550,27
42566,20550,212
20550,20551,223
20550,20552,16
20551,20552,295
20552,20553,311
20553,5582,368
20553,6067,16
5582,6067,368
6067,20556,247
6067,35594,37
6067,40975,100
20556,20555,381
43528,27900,36
43528,26705,4
51800,51802,872
51802,51759,594
51802,50627,278
51759,50627,845
50627,50633,845
50627,13053,278
50633,13053,293
50633,43314,552
26531,41261,65
26531,25809,647
25809,26848,712
25809,26883,237
26691,25770,513
26691,28577,409
29305,26849,198
29305,44001,779
45019,9056,428
44201,27560,251
44201,27833,427
27560,48347,569
27560,48345,53
48347,26476,302
48347,42123,267
26476,26477,302
26477,25513,913
25513,25503,720
25513,40094,448
25503,40090,198
25503,25487,522
40090,42108,198
42108,26492,198
26492,26491,198
26491,42103,198
42103,45009,198
45009,26532,198
26532,26478,198
26478,26234,198
26234,28971,407
28971,28972,407
28972,28973,407
28973,28974,407
28974,25612,407
25612,25611,643
25612,12041,65
25612,26473,133
12041,28593,244
28593,25764,244
25764,43615,65
25764,40144,179
1749,38142,10
1749,2602,380
38142,1747,14
48103,17505,176
48103,1296,3
48103,2392,29
17121,2753,411
17121,17078,96
17121,2601,96
41595,3262,536
1269,2066,1173
19729,19730,109
19730,19573,109
19573,19574,223
19574,2387,223
2387,2813,93
2387,3054,16
2387,3053,56
2387,1814,58
2813,1814,315
2813,18795,9
2813,17012,86
2813,3054,30
1814,1815,373
1815,1809,312
1815,3464,61
1809,1810,373
1809,17149,11
1810,1811,373
1810,17013,3
1811,2556,330
1811,51967,61
2556,17149,391
17149,1805,391
17149,2693,11
1805,1801,391
1801,1800,391
1800,3996,3
1800,2693,348
1800,3891,34
1800,1478,6
47878,1296,316
47878,48898,40
47878,20675,22
42805,17043,183
42805,17042,3
17043,1788,180
17043,17042,60
1788,17037,180
17037,17038,169
17037,43815,11
17038,2407,228
2407,3325,228
2407,1797,3
3325,1791,311
1791,17024,311
17024,2492,311
2492,1797,283
2492,1795,6
2492,1796,9
2492,17020,4
2492,3891,14
1797,2419,392
1797,3891,3
1797,3885,3
2419,2509,430
2509,1802,430
1802,1803,430
1803,1804,430
1804,1806,430
1806,1807,412
1806,1811,18
1806,51967,68
1807,1808,412
1808,17370,412
17370,1812,344
17370,3464,68
1812,1813,412
1813,17012,151
1813,3053,223
1813,17011,15
1813,17009,23
17012,19697,181
17012,19573,56
19697,6943,123
19697,19573,58
6943,19727,123
19727,6988,123
3053,3054,302
3053,6951,6
3054,40187,174
3054,20676,158
3054,20522,9
3054,20521,97
40187,40191,137
40187,40190,209
40191,40192,137
40192,40190,74
40192,20524,63
40190,20524,109
40190,20521,86
40190,20522,14
2693,2493,285
2693,1794,40
2693,3449,3
2693,1795,6
2693,17020,133
2693,2406,3
2693,2494,12
2693,38550,9
2493,2494,296
2494,1793,308
1793,1792,308
1792,3326,221
1792,3035,87
3326,2406,221
2406,17040,153
2406,17039,71
17040,1790,156
1790,17044,153
1790,17042,3
17044,42807,165
42807,42811,1338
42807,42809,39
42811,1294,1239
42811,51258,88
42811,3870,11
1294,3996,714
1294,3956,471
1294,3870,87
20524,6956,275
20524,2813,2
6956,2813,246
6956,3053,29
17114,17111,326
17111,17109,326
17109,17107,164
44644,44632,164
44632,2745,164
44647,44636,164
44636,44637,164
44637,44633,164
44633,44651,164
44651,44653,164
44653,2598,164
17099,17098,164
17098,44639,164
44639,44642,164
44642,44643,164
44643,17097,164
17097,17185,164
17097,17096,162
17185,17095,164
17095,6968,164
6968,7187,164
43158,19457,41
43158,19454,221
18786,6913,70
6913,18787,70
18787,6905,70
6905,19463,70
19463,6904,70
6904,6972,70
6972,19461,70
19461,6909,70
6909,6908,43
6909,19775,27
6908,19769,418
6908,4198,380
6908,6971,32
19769,19457,1177
19769,19454,25
6878,18773,134
6878,6882,31
6878,18772,29
18773,6882,106
18773,6872,28
18773,6981,29
6882,20641,135
6882,39086,2
20641,6886,354
20641,20578,524
6886,20572,342
6886,20577,412
6886,20576,262
20572,20425,534
20572,20426,44
20425,20426,534
20426,20427,578
20427,20377,578
20377,20588,578
20588,20268,567
20588,20852,11
20588,6992,11
20268,6895,567
6895,19769,731
6895,19458,419
6985,6902,66
6985,20385,162
6902,19799,78
6902,6901,159
19454,4198,722
19454,19458,374
19454,6971,58
4198,19774,648
4198,6973,457
19774,20570,498
19774,20852,150
20570,20595,334
20570,20478,334
20570,20472,3
20595,20596,334
20596,6889,334
6889,20571,668
20571,20574,149
20571,20576,147
20571,20577,179
20571,42606,193
20574,6883,339
20574,20578,166
20574,6885,3
6883,6881,134
6883,41186,251
6883,41188,189
6881,6879,167
6879,6877,115
6879,4870,22
6879,6878,61
42810,18788,195
42810,4882,59
41186,39086,297
39086,20641,254
39086,42604,297
39086,41193,426
6875,6878,31
20478,20423,334
20423,20424,334
20424,6892,334
6892,20783,334
20783,6890,334
6890,6889,334
20576,6887,629
20576,20681,171
6887,20639,629
20639,20640,629
20640,20641,271
20640,41188,232
20640,41186,297
20578,20579,690
20579,20580,690
20580,20581,690
20581,20582,690
20582,20583,690
20583,6886,488
20583,20574,95
20583,20572,85
20583,6885,3
20577,34333,472
20577,20584,275
20577,19769,53
20577,42596,150
34333,20750,487
20750,34331,484
20750,48797,3
34331,34332,487
34332,20584,297
34332,20576,14
34332,20572,151
20584,20473,572
20473,20474,572
20474,20475,572
20474,6894,11
20475,20587,583
20587,20586,583
20586,6895,583
19458,6910,40
19458,19775,452
19458,6908,301
6910,19460,40
19460,19466,40
19466,19465,40
19465,19462,40
19462,19870,40
19870,6912,40
6912,6914,40
19775,20471,470
19775,19778,9
20471,19776,470
19776,19777,470
19777,19778,470
19778,20470,486
20470,19771,486
19771,20157,486
20157,19772,486
19772,6908,486
40877,20680,57
43156,19454,57
43156,19457,80
6973,20591,457
20591,6974,457
6974,20589,445
6974,6894,12
20589,20590,445
20590,6976,445
6976,20585,453
20585,20574,60
20585,6885,3
20585,34333,12
20585,20576,189
20585,42596,189
6872,50842,57
50842,50834,57
50834,50840,57
50840,50839,57
50839,50836,57
50836,50837,57
50837,50832,57
50832,43245,57
50832,43246,64
43245,6870,28
43245,18657,29
6870,6868,57
6868,18311,28
6868,18777,29
18311,18777,28
18311,6869,33
18777,4174,61
18777,18087,31
4174,18776,28
4174,18087,33
18776,20011,28
20011,18086,61
18086,19763,28
18086,19817,33
19763,6865,28
6865,20011,33
18087,6869,31
18087,18311,33
6869,18657,31
6869,18749,33
18657,18689,60
18689,18749,31
18689,6870,29
18749,50838,64
50838,50835,64
50835,50841,64
50841,50833,64
50833,50832,64
43246,6981,31
43246,18775,33
6981,6978,60
6978,20097,60
20097,6873,60
6873,18775,31
6873,6872,29
18775,18772,31
18775,6881,33
18772,6874,60
6874,6879,31
6874,18773,29
6105,40817,404
40817,40870,36
40817,40869,38
3836,17040,3
17042,43815,51
17042,2407,3
17042,17038,50
43815,2794,62
2794,17035,62
17035,3310,6
17035,17033,56
3310,17136,6
3310,38547,112
17136,3452,148
3452,3325,83
3452,17018,65
1795,2506,38
1795,1797,18
1795,17022,221
2506,17021,46
17021,2508,267
2508,1797,19
2508,17120,241
2508,2493,7
17011,2813,20
17011,1809,11
1794,2417,244
2417,2418,244
2418,2420,234
2418,1795,10
2420,2421,234
2421,1795,234
17009,17007,97
17007,6955,97
6955,17006,90
17006,17008,90
17008,3054,90
20676,17010,158
17010,2813,76
17010,17009,68
2774,2775,239
2775,2776,239
2776,2778,189
2776,17023,30
2776,17015,20
2778,17023,199
17023,1798,219
1798,1799,227
1799,1797,180
1799,1796,3
1799,38550,40
1799,2493,4
42451,3309,9
42451,17136,18
42451,3469,113
42451,17148,3
3309,17036,9
3309,17033,125
17036,44451,45
44451,3083,9
44451,17039,36
3083,49733,47
3083,17044,12
49733,17038,9
49733,17042,38
1796,1794,9
1796,3449,3
17120,2774,233
17120,1798,8
3449,17137,131
17137,42451,122
17137,3469,9
17018,17019,76
17019,1795,21
17019,17020,55
18795,7178,63
7178,18796,63
18796,18801,36
18796,18798,27
18801,18802,63
18802,6997,63
6997,7176,63
7176,7177,63
7177,6940,27
17013,1810,3
3035,3449,76
3035,17018,11
20522,20132,37
20522,17505,4
20522,3870,14
20132,20503,7
20132,3266,109
20132,3275,4
17049,2633,7
6845,20484,269
6845,20431,4
6894,20476,23
20476,20852,23
20852,20376,184
20376,20477,184
20477,20570,173
20477,20588,11
6885,6886,27
20681,20682,322
20682,20683,322
20683,20684,322
20684,20640,171
20684,42605,151
48102,1296,300
48102,3999,36
43972,4734,464
6969,20414,88
20414,18790,45
20414,49659,43
20655,20656,52
20656,6919,1
20656,6923,51
6919,20561,49
20561,20558,49
20558,20559,49
20559,19092,49
19092,21298,1
19092,6916,48
43971,19760,289
3887,17148,971
3887,2693,24
3887,2419,20
17148,1478,968
17148,2419,6
1478,42807,974
4918,4893,25
4918,4894,17
4893,4796,106
4893,40887,20
4796,4737,120
4796,34263,6
4737,4755,93
4737,4653,33
4755,4776,126
4776,4836,126
4836,4792,126
4792,18788,38
4792,19571,88
40283,20521,2
40283,6953,92
40283,20675,66
20521,20522,32
20521,20674,153
38589,38590,1006
38590,11616,502
38590,10037,504
43793,38134,502
43793,10205,504
38134,38132,502
38132,38130,502
38130,38128,502
38128,10216,502
38127,38129,504
38129,38131,504
38131,38133,504
38133,43793,504
17069,17134,96
17134,17122,96
17122,17288,96
17288,17286,96
17286,17291,96
17291,17290,96
17290,17072,96
17072,17143,96
17143,34208,96
34208,34203,96
34203,34201,96
34201,17074,96
17074,17075,96
17075,17146,102
17146,17079,102
17079,2601,102
17124,17127,96
17127,17293,96
17064,17128,96
17128,17065,96
17065,17067,96
17067,17125,96
17125,2968,96
17078,17077,98
17077,17076,98
17076,17145,96
17145,34199,96
34199,34200,96
34200,34204,96
34204,34205,96
34205,34207,96
34207,17073,96
17073,17071,96
17071,17070,96
17070,17287,96
17287,17123,96
17123,17069,96
40870,6928,45
40870,43859,148
6928,6927,45
6927,6922,45
6922,19681,45
19681,7179,45
7179,7180,48
7180,7181,48
7181,7183,48
7183,6919,48
6916,6917,57
6916,18910,66
3277,35815,547
35815,1249,12
35815,35632,120
35815,35456,415
43862,18789,12
35337,42257,455
42257,42461,741
42461,35338,741
35338,4530,222
35338,49538,257
35338,41045,262
4594,4631,292
4631,4632,33
4631,42431,257
4631,44394,259
4632,4667,294
4632,4631,257
4667,48054,15
4667,4957,18
4667,47851,261
48054,4505,63
48054,35464,68
48054,4630,93
48054,6189,166
6155,6314,272
6155,49555,292
6314,4565,15
6314,7026,257
6315,35420,277
35420,4548,277
35420,50521,262
48181,4594,18
48181,4957,313
35334,35335,524
35335,35381,783
35381,42435,783
42435,5141,467
42435,49537,316
5141,5165,467
35464,4505,68
35464,4630,549
35464,47851,27
35465,4569,72
35465,35466,259
35465,4608,289
4569,5014,72
5014,5048,101
5014,48181,40
5014,47851,262
5139,49536,286
5140,6254,143
5140,6181,316
6326,4970,134
6326,6155,257
6963,6964,98
6964,38565,98
38565,38556,98
38556,38558,98
38558,3703,98
38570,38567,96
38570,38568,96
38567,2968,96
38567,3256,96
38562,17089,96
17087,17085,96
17085,17083,96
17083,17084,96
17084,17082,96
17082,17086,96
17086,17088,96
17088,17090,96
38561,17080,96
38568,38567,96
38566,38559,102
38559,38557,102
38557,38555,102
38555,38554,102
38554,6984,102
6984,6965,102
6965,6175,102
17039,49729,54
17039,42807,3
17039,3083,50
49729,17043,57
17033,38539,16
17033,3455,165
38539,38541,128
38541,38543,128
38543,3456,16
38543,2792,112
3456,17030,140
17030,3457,140
3457,17029,140
17029,17026,140
17026,17025,133
21529,21715,5
21529,35215,7
21529,35218,9
24323,333,118
24323,14751,101
42546,324,1405
42546,585,149
42546,50264,161
49195,14607,69
15218,15220,130
15220,679,130
679,14598,125
679,14325,5
37677,13322,71
29475,29402,385
29475,22235,16
680,681,127
681,682,127
682,15222,127
15222,14605,127
353,359,108
353,355,968
353,42786,509
353,42785,648
43859,3456,112
43859,2792,36
17025,3469,112
17025,17136,12
3469,17028,234
17028,38539,112
17028,3309,122
2792,2797,148
2797,38545,144
2797,2798,4
38545,2798,144
2798,3454,148
3454,2799,148
2799,3310,112
2799,17036,36
38547,17136,108
38547,38536,104
38547,3450,4
20674,20673,159
20673,6952,153
20673,7185,6
6952,20663,97
6952,6951,56
20663,6947,193
6947,6948,191
6947,6949,2
6948,6949,191
6949,6950,193
6950,6946,193
6946,6945,97
6946,6951,96
6945,20658,133
20658,20659,193
20659,20660,193
20660,20661,193
20661,6944,125
17022,2594,221
2594,2595,221
2595,17021,221
38550,38549,49
38549,3451,49
3451,3449,49
3455,38546,165
38546,17032,165
17032,2796,165
2796,38544,104
2796,3456,12
2796,6105,38
38544,38542,107
38542,38540,107
38540,38547,104
38540,3309,3
38536,38537,104
38537,38538,104
38538,38535,104
38535,6105,104
17020,1794,192
6940,18795,27
18798,17005,27
17005,4173,27
17005,6937,27
42809,43776,39
3464,3461,129
3461,3888,129
3888,3463,129
3463,17133,129
17133,17132,129
17132,1809,61
17132,1812,68
51967,2556,61
51967,1806,68
3984,2069,94
3984,46987,241
3984,3199,310
42658,44501,158
110,41374,37
110,50032,6
43747,13178,37
107,21700,43
107,21348,11
13192,13193,122
13192,29503,8
13155,13131,703
13155,14138,1
13155,13236,10
13131,13236,147
13131,14138,327
13131,14139,229
14141,14144,708
14141,29460,10
14144,29460,801
14144,14524,151
14144,29425,1
43984,15841,501
36296,13322,59
38927,554,664
554,550,1267
550,549,1267
549,543,664
549,547,603
543,518,716
610,25434,344
610,44698,385
25434,603,729
603,444,41
603,445,688
603,446,53
24684,23810,93
24684,43746,4
23810,441,93
23810,23803,419
441,445,62
441,446,231
441,610,240
445,740,808
740,647,639
740,48,145
740,456,24
647,24721,639
24721,431,1175
431,430,1029
431,617,146
430,617,1014
430,428,21
617,621,856
617,428,9
617,48505,295
37690,13322,46
42654,40899,1876
40899,618,869
40899,42777,1353
618,605,685
618,604,134
618,49924,335
605,604,1020
604,624,46
604,14731,1084
604,438,24
624,738,633
738,456,580
738,603,53
456,458,52
456,457,694
458,444,298
458,445,3
458,446,445
446,448,729
448,516,729
516,544,868
516,545,6
546,548,655
546,601,53
548,551,655
551,553,46
551,552,6
551,554,603
553,552,46
552,24345,46
552,758,6
38508,4093,171
38508,38507,124
38534,38533,123
38534,4149,124
38533,38532,131
38532,38531,123
38532,38488,8
38531,38530,123
38530,38456,123
38456,38489,123
38489,38528,123
38528,38527,123
38527,38482,123
38482,38458,123
38458,38459,123
38459,38460,123
38460,38525,123
38525,38461,123
38461,38524,123
38524,38523,123
38523,38495,123
38495,38496,123
38496,38521,123
38521,38497,123
38497,38520,123
38520,38518,123
38518,38516,123
38516,38502,123
38502,38501,123
38501,38513,123
38513,38503,123
38503,38512,123
38512,38504,123
38504,38511,123
38511,38509,123
38509,4093,131
39238,3725,4
39238,3922,6
2989,3802,4
2989,35653,395
1074,17222,65
4029,17254,59
4029,3798,24
17254,1068,59
17254,36127,6
44334,36111,23
44334,1036,39
43347,36004,42
36004,44357,37
36004,36006,5
44357,38575,66
38575,44355,66
44355,44365,66
44365,44356,66
44356,38574,66
38574,36006,37
38574,44366,29
36006,1166,42
51919,3371,434
51919,44679,24
1279,1252,101
1252,44364,39
1252,1154,13
1252,1165,72
44366,36005,39
36005,43348,39
24521,24524,155
24524,24525,140
24524,21905,16
24525,24526,156
24526,24527,152
24526,24528,4
24527,24528,152
24528,24529,156
1014,830,8
1014,24514,35
38302,38301,49
38301,38298,49
38298,38297,49
38297,38295,49
38295,15919,49
22282,15944,194
22282,50539,18
24854,22280,116
24854,24371,22
24776,15929,185
24776,37002,2
24776,38341,37
15924,15923,125
15924,40803,37
15924,49269,41
15924,16655,30
15923,16655,122
15923,41111,3
16655,22278,94
16655,22851,3
16655,21919,28
16655,873,30
41111,16655,3
41111,22548,7
268,752,92
14771,421,66
14771,39097,6
14771,39125,6
14771,14800,6
14771,455,8
421,455,64
421,14800,8
421,39125,2
21551,21895,23
21551,21763,9
21551,23418,5
21895,23129,145
21895,22067,35
24714,22136,174
24714,23036,6
24714,40437,170
24714,41599,2
22133,24711,6
25062,16678,23
21518,21538,29
21518,21539,7
40699,48881,42
40699,48615,135
40699,42648,23
11517,10714,1064
36335,11865,284
23152,21987,260
23152,21317,194
23152,21475,148
21987,21977,186
21987,25397,80
21977,22676,186
21811,21804,397
21804,21809,397
21809,21815,324
21809,22181,73
23985,23986,186
47848,16977,30
47848,3368,428
35551,35552,36
35551,16337,14
35552,35553,36
35552,35551,39
35553,16346,22
35553,35552,39
3037,38636,16
3037,2663,16
38636,38645,16
38636,51631,150
38645,38631,202
38645,1491,147
38631,38624,202
38624,3903,16
38624,38616,186
3903,17413,16
17413,17417,16
17417,17360,16
17360,2669,16
2669,2670,16
2670,2554,16
2554,38623,210
38623,38630,207
38623,16933,3
38630,38621,207
38621,38635,16
38621,51631,191
38621,38632,150
38635,38637,163
38637,3037,16
38637,38634,147
1773,1772,1092
1772,3547,787
1772,3340,305
3547,1774,822
3547,3350,484
1774,1776,608
1774,1775,214
1776,2832,648
1776,1785,6
2832,42762,745
2832,1780,168
2832,3609,40
42762,1780,1305
1780,3335,1473
3335,1784,1473
38799,18397,2
38799,50686,115
1782,3336,1408
3336,1783,1408
1783,3329,835
1783,3609,213
1783,42763,360
3329,1785,605
3329,2830,276
3346,3347,761
3347,3806,761
3806,3807,761
3807,3348,1037
3348,3352,1037
3352,2970,1037
2970,2816,1037
7255,41573,56
1028,22178,178
1028,37521,64
51589,51587,220
51587,24505,86
51587,24537,134
42488,49653,404
1007,35746,395
1007,23143,247
1007,884,16
35746,35744,395
35744,38704,392
35744,932,3
38704,38705,508
38705,38709,508
38709,38703,508
38703,38711,508
38711,34143,508
34143,42037,392
34143,42036,116
42037,42036,392
42036,42035,532
42035,35741,530
42035,38706,24
891,889,358
891,23695,2
889,23695,358
23695,37804,360
37804,24411,378
37804,46420,24
37804,15995,24
24411,24408,363
24411,48862,30
24411,46420,65
34154,34153,137
34154,39228,6
34153,24404,137
4311,4313,4
4311,4314,12
4313,4297,22
4297,4300,22
4300,4301,22
4301,4303,22
4303,5631,22
5373,5313,526
5373,5768,46
5373,5376,68
5373,5314,4
5373,5715,115
5318,21271,48
5318,5319,878
5318,5480,22
5318,5433,4
5318,6387,1
43087,43088,269
43088,42031,267
11737,8792,741
11737,8726,293
8792,8726,84
8792,9954,663
10532,10043,960
10532,9835,1281
10043,10194,1139
10194,10056,1139
10056,9836,960
10056,11426,179
9836,9843,1595
9843,9849,1595
9849,9850,1595
9850,9851,1595
9851,9848,1595
9848,9844,1638
9848,11407,34
9844,10048,1245
9844,46964,366
9844,11715,27
10048,9840,1424
9840,10049,1424
10049,9837,1424
9837,10045,1424
10045,11805,1245
10045,10043,179
11805,40024,2197
41188,50125,196
41188,41190,225
50125,46504,7
50125,50134,189
46504,47179,196
47179,41194,196
41194,41191,421
41191,42602,421
42602,39086,421
6992,20475,11
42700,20474,11
42700,6976,5
4753,4800,23
4753,4947,50
4800,5519,2
4800,4639,71
5519,5189,2
5189,4802,23
5189,6361,50
4802,4786,41
4802,5814,32
4786,4503,41
4503,4508,76
4508,5172,76
5172,5678,76
5678,19873,76
19873,5677,2
19873,4958,74
5677,5676,2
5677,19606,74
8599,8601,13
8601,8615,13
8615,8616,13
8616,8610,13
8610,8600,13
8600,8598,13
8598,8597,13
8597,8596,13
8596,8595,13
8595,8594,13
8594,11314,13
11314,8588,13
8588,11307,55
11307,8592,55
8592,8582,55
8582,8581,55
8581,8573,55
8573,11318,13
8573,8575,42
11318,11319,13
11319,11320,13
11320,11322,13
11322,11323,13
11323,11464,13
11464,38816,13
38816,11463,13
11463,11321,13
11321,38820,13
38820,8574,13
8574,11317,56
11317,8583,56
8583,8591,43
38698,8907,100
8907,8908,184
8908,8910,184
8910,11414,184
11414,10649,336
10649,9914,230
10649,10498,106
11339,9908,672
9908,8786,712
9908,8788,106
8786,8782,729
8786,11883,89
8782,8780,820
8780,8772,818
8772,11424,672
8772,10167,146
11424,44691,186
11424,44833,152
44574,8881,122
8881,9244,222
8881,43657,42
8881,8877,453
9244,11361,222
11361,9248,222
9248,9126,222
9126,9223,140
9126,9123,82
9223,9114,140
9114,9115,140
9115,9119,140
9119,9233,92
9119,9112,48
9233,9232,98
9232,9230,98
9230,9229,98
9229,9120,98
9120,9217,98
9217,9215,98
9215,9121,98
9121,9213,98
9213,9221,180
9221,9222,180
9222,9125,180
9125,9247,239
9247,9246,239
9246,9245,239
9245,9243,239
9243,9242,239
9242,8916,239
8916,11394,856
11394,8881,83
11394,44574,30
8873,8867,35
8867,8868,35
8868,11425,35
11425,8878,35
8878,8916,99
43657,8880,42
8880,8869,35
8880,8876,7
8869,8873,35
44575,8881,82
9123,9249,82
9249,9124,82
9124,9122,82
9122,9212,82
9212,11360,82
11360,9211,82
9211,41974,82
41974,9213,82
41974,41975,81
44827,39294,50
44827,8947,69
39294,8947,115
39294,8781,73
38594,10335,238
38594,9183,77
10145,10146,50
10146,44749,50
44749,11443,50
11443,11365,50
11365,9047,50
9047,8929,50
8929,44779,50
44779,8931,50
8931,8926,50
8926,46823,146
46823,8921,146
8921,42473,146
42473,42475,146
42475,42476,146
42476,42477,146
42477,42479,146
42479,42478,146
42478,8920,146
8920,51931,146
51931,48822,146
48822,8925,50
48822,44778,96
8925,8924,50
8924,8959,50
8959,44855,50
44855,44856,50
44856,9225,50
44857,44854,96
44854,44853,96
44853,8956,96
8956,8926,48
8956,52020,48
44778,8928,96
8928,8967,96
8967,44801,96
44801,9050,96
9050,44748,96
44748,10144,96
10144,10452,96
38591,8943,299
52020,8926,48
47736,8947,76
9063,9062,76
9063,11431,136
9062,10687,146
10687,11806,77
10687,8936,19
10687,10452,294
10687,10689,276
10687,9064,50
11806,10452,146
44576,39294,73
44576,8881,7
11343,8870,73
11343,48851,89
11343,10186,195
40685,38738,62
38715,40686,64
40686,8874,64
8874,8875,64
8875,8879,64
8879,8878,64
44577,8881,12
44577,39294,65
40784,9690,12
9183,9182,77
9182,9148,77
9148,9145,77
9145,9185,77
9185,9143,77
9143,9142,77
9142,9187,77
9187,9193,77
9193,9141,77
9141,9198,152
9198,9200,152
9200,9134,152
9134,11615,152
11615,39296,152
11615,41223,137
39296,8916,518
44578,8881,152
8621,8620,77
8620,8623,77
8623,8618,77
8618,11465,77
11465,44802,77
44802,11396,77
11396,11397,77
11397,44746,77
44746,10677,246
10677,41224,384
41224,39296,366
41224,11755,155
44836,8947,43
10025,11757,981
10025,10534,660
11757,11367,161
11757,9960,179
11757,11760,6
11757,9836,635
11367,11369,161
11369,9158,60
11369,11760,101
9158,11372,60
9158,9278,87
11372,11375,60
11375,38818,60
38818,9848,60
46964,8579,43
46964,46825,323
8579,38386,43
38386,8576,43
8576,8574,43
8591,11308,43
11308,38821,43
38821,8587,43
8587,11309,43
11309,8586,42
47754,8779,89
47754,8781,195
8779,8781,89
48851,43849,89
37734,8833,89
37734,41150,90
8833,8906,89
8906,8897,89
8897,8894,89
8894,8892,89
8892,8890,89
8890,8888,89
8888,8887,89
8887,8885,89
8885,10782,89
8882,10744,90
10744,8884,90
8884,8886,90
8886,44958,90
44958,8889,90
8889,8891,90
8891,8893,90
8893,8895,90
8895,8896,90
8896,8898,90
8898,37733,90
37733,8854,90
37733,48360,93
35572,20556,62
20555,20554,150
20555,40946,231
20554,42561,381
42561,20145,309
42561,42568,72
20145,20146,309
20146,20147,284
20146,42567,25
20147,42567,284
42567,20148,309
20148,40954,282
20148,20149,27
40954,40955,282
40955,20149,282
20149,40978,298
20149,42564,44
40978,42564,243
40978,40773,73
42564,20151,49
42564,40977,194
42564,35580,27
42564,20139,17
20151,35580,106
20151,50389,17
35580,50389,59
35580,20105,31
35580,6707,43
20822,50387,262
50387,20515,262
20515,50388,189
50388,20105,32
50388,35581,81
50388,6707,76
20112,6526,176
6045,6775,103
6045,20113,73
6046,6703,179
6046,20149,33
35581,20139,153
35594,37191,65
37191,17934,37
37191,17935,28
8586,8588,42
8575,8578,42
8578,8580,42
8580,46720,42
46720,47091,361
47091,9841,361
38819,9845,59
38819,11378,15
11378,11376,57
11376,11373,57
11373,38823,57
38823,38825,57
38823,10071,101
38825,11426,57
11426,10071,884
10272,8942,57
10272,8952,2
10272,46986,299
10272,10735,249
10272,10713,3
44837,8947,17
11407,11408,34
11408,11409,34
11409,38813,34
38813,11401,34
11401,38815,17
38815,38808,17
38808,38814,17
38808,51978,15
40977,6025,32
40977,20823,73
40977,20151,74
41714,35363,188
35363,4832,200
35363,35368,58
4832,4833,372
4833,4834,372
4834,5917,360
4834,41715,12
5917,5066,717
5066,41715,188
5066,4835,357
5066,4661,172
41715,4239,200
41715,49608,157
37410,47768,396
47768,5065,220
47768,19086,182
47768,5017,29
47768,4634,20
5065,4906,200
5065,4818,355
5065,4542,32
4593,4544,467
4544,4974,467
4937,4542,200
4937,4929,58
4937,4540,154
4542,4775,605
4542,748,8
4542,9046,8
4775,4562,605
4562,39225,433
4562,43974,166
4562,19760,6
39225,41221,219
39225,41713,214
41221,40823,245
40823,40864,55
4502,4913,529
4913,4493,471
4913,5028,58
4493,5069,471
5069,4491,471
4491,4486,471
4486,4489,471
4489,4490,471
4490,5028,471
5028,4852,529
5011,5012,373
5012,4570,373
5107,5106,32
5106,5108,32
5106,5107,29
4504,41939,61
4504,41935,132
4504,41876,611
4504,41978,29
41939,20739,61
20739,4656,978
20739,4515,66
4656,5057,136
4656,4515,531
4656,41876,140
4656,4520,171
5057,4627,136
4712,40818,517
4712,4762,74
4712,4863,27
40818,4762,13
51578,5373,183
51578,5266,212
5768,5769,315
5769,5266,315
5266,5267,433
5266,5268,1832
5266,6059,780
5266,5356,9
5266,5372,765
5266,5269,66
5272,5506,256
5272,5274,66
5272,50568,153
6354,6355,157
6354,5681,178
6355,6356,159
6355,5681,61
19606,5303,70
19606,6354,90
19606,5676,16
4958,6357,147
6357,5180,147
5180,5181,147
5181,5187,147
5187,5191,73
5187,5677,74
5814,6358,65
6358,6359,65
6359,5502,65
5502,6360,65
6360,5305,30
6360,4503,35
6361,4803,49
6361,4802,50
4934,5306,73
5306,4933,73
4933,5171,73
5171,5194,73
5194,40211,73
40211,4750,73
4947,4801,49
4947,4800,50
47925,4635,131
47925,4957,128
47925,5048,33
47925,4505,24
4639,4932,71
4932,4824,71
4824,40219,71
40219,5679,71
5679,5189,71
4742,4699,40
4742,40575,41
4742,50041,27
4699,51987,43
5024,4983,24
4983,4686,49
4686,5098,49
5098,4683,49
4683,4684,49
4684,4688,49
4688,4662,49
4662,5050,49
5050,4884,24
5050,5024,25
27088,27095,191
27095,27090,191
27090,27075,191
27075,27076,191
27076,27369,191
27369,27367,556
47846,27352,191
47846,25938,239
27352,27354,784
27352,27466,5
27354,28656,784
28656,27471,398
28656,27464,260
28656,27978,126
27471,27466,525
27466,27338,525
27466,27459,5
27338,27453,694
27338,28064,386
27453,27457,191
27453,27448,512
27457,27461,391
27461,27356,391
27129,28035,989
28035,41603,989
42170,27981,123
27981,28037,213
28037,28039,213
28039,28058,213
28058,28056,213
28056,42167,123
28056,42523,90
42167,28041,123
28041,27998,123
27998,27986,123
18000,17975,46
7283,20744,415
20744,4165,415
4165,20643,415
20235,6084,273
20235,5520,21
35114,19374,9
35114,18117,18
35114,20236,9
6848,20601,27
6848,6016,4
20743,20745,414
20745,20746,414
20746,7283,15
20746,18040,248
20746,20748,137
20746,17995,14
20387,20388,461
20388,20644,461
20644,20389,461
20389,20646,461
20646,20645,461
20645,39748,15
20645,20232,446
39748,7013,157
7013,20647,15
7013,6016,4
7013,37612,129
20647,44395,201
20647,20386,13
44395,20386,201
20386,20235,15
20386,20387,9
20386,37619,190
6084,6085,273
6085,19899,84
6085,37612,189
6847,18117,17
39745,39746,9
39746,20749,9
20802,20803,81
20803,6065,81
6065,20804,81
20804,6115,81
6115,20784,69
6115,20568,4
6115,20498,8
39743,20496,13
38657,7171,13
20801,20802,65
39744,39747,4
39747,7284,4
5159,4620,19
4620,5034,653
5034,47851,41
5034,35465,521
5034,48181,91
48242,5048,415
41743,4657,491
41743,6319,292
41743,49553,1
4657,5027,491
5027,4923,491
4923,44425,491
44425,4514,698
44425,5070,281
4514,4613,698
4613,4614,698
4614,5058,698
5058,4547,698
4547,4546,698
4546,4538,698
4538,4615,1015
4538,4586,2
4615,38763,415
4615,5059,600
38763,5071,415
5073,5074,696
5074,5075,696
5075,5091,415
5075,4561,281
5091,5092,732
35410,35412,259
35412,35414,259
35414,35417,259
35417,35418,259
35418,6862,259
6862,6859,259
6862,6160,262
6859,6315,259
6858,50521,259
50521,4620,521
35466,35468,259
35468,35470,259
35470,35423,299
35423,42433,286
35423,35471,302
42433,4636,259
42433,5114,90
42433,4773,36
42433,5165,27
4636,49556,259
4636,4632,261
49556,49562,259
49562,49561,259
49561,35335,259
5059,4945,283
5059,5091,317
5079,5080,283
5080,4523,283
4914,4488,466
4488,4499,466
4499,4485,466
4485,4492,466
4492,4487,466
4487,4494,466
4494,4912,466
4912,4591,466
4591,4729,183
5015,5029,281
5029,4475,281
4561,6167,576
49538,49530,257
49530,4632,257
42431,35424,284
42431,35471,119
35424,4948,297
35424,5030,319
4948,42560,257
4948,4949,40
42560,42557,257
42557,35464,257
4630,6855,257
4630,34293,115
4630,6169,311
6855,35421,257
35421,4549,257
7026,6863,257
6863,35419,257
6863,6860,292
35419,6159,257
6159,35415,257
35415,35413,257
35413,35411,257
35411,4598,257
49536,49532,286
49532,42257,286
49537,5140,316
6181,4509,316
40878,4761,140
40878,43935,11
5016,4811,132
5016,4845,359
4811,4504,132
41935,20739,85
41935,5561,47
19561,5103,418
19561,4812,163
5103,5104,27
5103,19733,203
5103,40834,188
5104,5105,27
5105,35386,27
35386,35353,27
35386,5108,29
35353,35385,27
35353,35395,29
35385,35353,29
47897,4594,259
47897,4630,22
47897,4505,33
47897,35465,27
44394,4773,259
4773,4771,306
4771,4726,270
4771,43218,36
5197,5198,60
5198,5199,33
5198,46470,27
5199,4698,33
4698,4816,33
4698,4785,36
4816,39874,33
4816,4758,36
39874,39875,33
39875,39867,36
39867,39872,36
39872,4813,36
4813,4816,36
4758,4698,36
4785,4789,63
4789,4890,36
4789,4889,27
4772,4774,303
4774,4636,261
4774,42431,119
4774,47851,13
51946,5035,81
5035,40252,81
40252,40250,81
40250,40254,81
40254,40255,81
40255,4781,41
40255,4782,40
4781,4735,41
40575,50041,41
50041,50042,68
50042,40235,41
50042,50027,27
40235,4839,41
4839,40228,41
4839,40232,40
40228,40229,41
40229,40231,41
40231,40237,41
40232,40240,40
40240,40230,40
40230,40227,40
40227,40225,40
40225,40239,40
40239,50015,40
50015,50070,67
50070,40571,40
50070,51987,27
40571,40574,40
40574,40569,40
40569,5032,40
5032,51987,40
51987,5063,110
4782,49977,40
5033,4938,38
5033,4736,43
4938,4940,81
4940,4829,81
4829,5975,81
5975,4480,81
4480,4735,38
4480,5033,43
40677,40681,236
40681,40627,236
40627,40682,236
40682,40683,236
40683,40678,236
40678,40679,236
40679,40680,236
40680,40635,236
40635,40634,236
40634,40632,236
40632,40631,110
40866,4530,177
34293,4794,115
4794,20245,93
4794,4885,22
35356,5039,71
35356,35357,22
35356,20384,88
5039,35390,137
35390,5040,137
5040,44517,71
5040,35388,66
44517,35374,71
35374,40167,71
35374,40174,66
40167,40166,71
40166,40172,71
40172,40173,71
40173,40175,71
40175,44516,71
40175,5046,66
44516,5042,71
5042,50492,71
5042,5043,66
50492,35378,71
35378,5044,71
5044,41286,36
5044,35379,30
41286,41285,72
41285,41283,72
41283,41288,36
41283,35379,36
41288,41284,36
41284,41286,36
35357,35358,22
35358,35360,22
35360,35361,22
35361,35387,22
35361,35359,22
35387,35396,22
35387,35361,22
35396,35387,22
35359,35392,22
35392,35391,22
35391,35356,22
4886,4795,113
4795,4620,113
4879,5036,115
5036,5119,115
5119,43485,235
43485,5120,235
5120,5121,235
5121,5124,115
5121,5116,120
5124,42311,115
42311,5125,115
5125,5127,115
5127,5128,115
5128,5129,115
5129,5131,115
5131,5132,115
5132,5147,115
5147,5133,115
5133,5134,115
5134,4873,81
5134,5145,34
35333,40247,44
35333,40258,46
40247,40243,44
40243,35333,44
40258,40259,46
40259,40256,46
40256,40257,46
40257,40242,46
40242,4878,133
40242,4880,46
5145,5146,120
5146,5149,120
5149,5156,120
5156,5155,120
5155,5154,120
5154,5153,120
5153,5152,120
5152,5151,120
5151,5150,120
5150,5118,120
5118,42310,120
42310,5119,120
5116,4880,120
48001,4635,324
48001,4565,123
48001,4957,13
5167,51786,297
5167,4479,42
5167,18195,42
51786,4479,222
51786,4655,34
51786,4261,37
51786,21048,4
44547,44545,187
44547,44543,13
44547,43145,13
44547,44544,64
44547,44541,1
44545,44544,187
44544,44543,251
44543,44542,264
44542,43144,251
44542,43142,13
43144,18452,64
43143,43145,215
43145,44541,228
44541,44540,215
44541,44546,14
44541,20408,1
44540,44546,215
44546,43142,106
44546,38965,122
44546,49553,1
43142,18452,106
43142,51393,96
43142,21224,2
5169,4676,318
5169,18488,128
51788,4717,298
4874,50395,47
50395,4644,93
4644,4645,93
4645,4843,47
4645,4873,46
4843,4844,93
4844,4787,47
4844,4788,46
4787,39864,47
39864,39862,47
39862,39861,47
39861,4643,47
4643,4531,47
4531,4919,46
38965,18445,115
38965,18437,66
38965,51959,13
38965,21152,2
38965,21191,77
38965,19427,32
18383,4212,206
18383,21124,249
4212,4195,194
4212,4633,4
4212,18385,8
4867,4495,23
4495,4692,23
4692,4693,45
4693,4687,23
4693,4982,22
4687,4692,22
6387,37465,18
6387,35113,3
6387,5317,8
6387,50682,115
37465,5710,18
37465,5708,16
37465,5318,2
37465,5395,92
37465,5709,115
28370,28378,61
28378,28380,61
28380,28383,61
28383,28381,61
28381,28390,61
28390,28392,61
28392,28417,160
28417,28414,61
28417,28422,99
28414,28412,61
28412,28404,61
28404,28407,61
35194,25463,61
35194,28341,38
25463,28334,61
28334,25468,61
25468,28331,61
28331,25462,61
25461,25466,61
25466,28597,61
28597,35195,61
35195,28333,61
35195,35400,59
35195,48380,61
28333,28335,61
28335,35193,61
35193,28425,99
28406,28405,61
28406,28420,142
28405,28413,61
28413,28415,61
28415,28416,61
28416,28391,160
28382,28384,61
28384,28379,61
28379,28369,61
28369,28374,61
43678,43664,16
43664,43666,16
43666,43668,16
43668,43671,16
43671,43673,16
43673,43675,16
43675,43677,16
43677,39138,16
26610,26636,16
35698,38378,16
38378,38377,36
38377,38376,36
38376,38120,36
38120,38121,36
38121,38122,36
38122,26686,16
38122,26687,20
13758,14564,168
13758,24659,104
44461,44469,274
44461,44470,405
13482,13488,163
13482,13481,224
13482,29634,120
13482,13487,13
37682,15416,40
37682,29243,19
25704,28327,70
25704,25949,63
25704,28183,480
25704,48087,24
49032,48349,6
49032,24928,90
14327,14141,338
14327,14144,1
21543,21541,13
21543,21545,11
35202,632,7
35202,49347,12
35218,1031,28
49335,24706,18
35211,35241,7
5497,21255,86
5497,5920,41
5497,21256,122
5497,5759,2
21255,21254,86
21254,21287,86
10259,10189,900
10189,10260,900
10260,10084,900
10084,10095,900
10084,11234,23
10084,9828,6
10084,41137,6
10084,29342,18
10084,10264,8
10084,10236,748
10084,41133,181
10753,11648,551
11648,10082,569
10082,10096,569
51826,10261,862
10261,10190,905
10190,10262,905
10262,9959,905
7303,7866,75
7763,7672,236
7763,36814,16
21026,38742,165
38742,38745,134
38742,21027,29
38745,4705,142
38745,6230,168
4705,4866,142
4866,4701,134
4866,5000,8
4200,18235,1309
4865,38744,311
38744,38743,134
38744,38742,177
38743,21027,134
38743,38745,176
21027,4968,163
9990,9986,6
9990,9892,1651
9986,8819,913
9986,8832,744
10615,8828,8
10615,10765,1017
10743,8669,15
49622,49638,293
49638,40289,293
40289,40287,297
40287,21236,297
21236,21238,297
40294,40296,181
40296,40298,177
40296,40301,4
40298,49609,177
49609,40300,177
40300,40301,177
40301,49621,179
49621,39195,177
49621,38965,2
6230,20995,168
20995,6231,168
6231,20976,168
20976,6217,435
6217,18261,435
18261,6218,435
6218,6219,435
6219,20975,435
20975,6220,435
6220,18238,389
6220,21289,4
6220,51201,42
18368,4924,437
18368,4665,62
49636,49606,176
49606,40302,176
40302,49618,176
49618,40299,176
40299,49648,176
49648,40297,176
40297,40295,176
40295,18644,170
40295,40285,6
49626,49622,284
35287,22992,22
35287,50058,170
35287,22934,21
35287,41132,69
35287,23880,582
35287,42182,50
35287,21692,32
22992,22993,267
22993,16770,260
22993,16760,7
24775,22990,6
24775,24668,210
24775,22989,431
24775,23889,3
22990,74,6
22990,23721,311
22990,25336,250
74,15795,124
74,25336,187
51997,12226,51
51997,42412,20
44995,23671,14
17508,3386,117
17508,38850,3
17493,1187,153
17493,1168,9
39114,39115,174
48776,14870,44
47924,24404,95
13915,13214,438
13915,42877,23
13915,13060,5
48204,26808,178
28577,26672,409
28577,51490,209
26672,43994,409
43994,27918,221
43994,25667,188
19529,5947,210
5947,39149,200
11456,10662,502
10662,11535,582
11535,10663,582
10663,11457,582
11457,9667,582
9667,9668,582
9668,11472,582
11472,9669,582
9669,9670,582
9670,9671,582
9671,9672,582
9672,34240,296
9672,49489,286
34240,9757,588
9757,9758,588
9758,9759,588
9759,9760,588
9760,11708,588
11708,11540,588
11540,11470,588
11470,10754,109
11470,11289,180
11470,41133,98
11470,10021,201
38994,13246,107
35721,15784,137
35721,48662,28
41936,20739,225
4629,4663,423
43973,4722,123
4722,4969,558
4969,19467,558
19467,4540,186
19467,4936,200
19467,4929,172
4540,19687,340
4540,43130,225
19687,19468,277
19687,4634,235
19687,35367,28
23583,22876,133
23583,22887,8
23583,24794,8
22876,15966,135
15966,22877,135
22877,22879,135
22879,15964,135
15964,15963,135
15963,15962,135
15962,22880,135
22880,22888,135
22888,15959,135
15959,15961,135
15961,15960,135
15960,22881,135
22881,15958,135
15958,15969,135
15969,22884,133
15969,22865,2
22884,15968,133
15968,22887,5
15968,42187,124
22887,23585,65
22887,23582,72
23585,23586,135
23586,23587,135
23587,23588,135
23588,23589,135
23589,23590,135
23590,23591,135
23591,23592,135
23592,23593,75
23592,42064,60
23593,23582,39
23593,23584,6
23593,23583,64
23582,24794,76
23582,22865,7
23582,15922,34
23582,46285,8
24794,22872,183
24794,42110,7
24794,16649,8
22872,46285,4
22872,16649,161
22872,751,18
46285,51499,97
47038,48007,97
47038,22889,80
48007,22889,80
48007,42110,7
48007,22886,10
22889,22886,79
22889,22865,112
22886,23585,6
22886,23582,7
22886,23584,76
22886,51670,33
23584,23583,82
24541,24542,143
24547,24548,149
24547,1027,150
24547,24573,4
45027,45029,138
45029,29454,123
45029,35300,15
29454,38954,6
29454,35307,11
38954,35307,6
35307,14585,17
14585,14363,6
14585,29416,11
14369,14121,517
41896,35942,8
35942,38953,8
38953,29426,8
29426,45028,140
29426,14417,92
45028,35306,24
45028,50612,116
24513,21951,443
24513,24514,99
24513,1014,35
21948,24562,145
24562,24563,157
24563,24564,161
37520,24568,145
16649,46285,85
16649,51499,83
16649,39261,8
35300,35308,205
35300,41893,3
35308,29679,469
29679,14378,449
29679,13189,6
29679,29415,14
13008,35739,95
13008,35300,2
35739,35300,84
35739,29454,11
43952,14416,82
43952,41895,395
43952,14479,4
14416,29426,98
14416,51456,10
14416,12933,143
14417,35740,92
35740,29665,94
29665,14418,94
37803,23694,348
37803,15996,19
23694,888,347
23694,890,1
888,890,347
21947,21559,150
21559,21581,150
21581,24119,150
24102,22957,298
24102,24100,546
24102,910,34
23748,23747,152
23748,24093,148
21871,24073,812
24073,24068,812
24068,24084,812
24084,24085,812
24085,24152,812
24152,21552,534
24152,24155,278
49303,24083,834
49303,22817,440
24153,21553,814
21553,24067,814
24067,24074,814
24074,24075,814
24075,24072,628
24075,24076,186
23745,22618,294
22618,22619,533
22619,23628,533
23628,49497,533
49497,23705,533
23705,23645,533
23705,51190,63
23645,23696,533
23696,24099,294
23696,910,239
21720,21560,150
21560,21962,150
21962,23730,150
50550,23660,150
50550,24126,474
831,24513,26
831,42313,236
24514,24515,155
24514,24532,65
24515,24516,155
24516,24522,137
24516,24517,18
24522,24523,137
24523,24579,137
24579,24580,137
24580,24519,137
24519,24520,155
24520,24521,157
37521,22178,64
37521,1028,65
40674,40673,64
40673,40670,64
40670,24555,64
40669,16862,64
16862,40668,76
40668,38896,76
38896,40667,76
40667,40666,76
40666,21894,64
40666,24604,12
44416,48815,64
44415,24505,65
40671,40672,65
40672,1026,65
5874,5870,58
5870,5860,4
5870,5861,54
5860,35598,4
5860,5857,40
38785,1724,32
38785,2337,100
39066,39064,66
39064,38786,66
38786,38775,66
38775,38778,66
38778,39088,66
39088,39065,66
39065,1732,32
39065,1731,34
38791,2341,32
38791,1735,34
3825,39066,34
3825,1731,349
3825,2337,22
1731,1729,349
1731,38777,34
1729,1723,349
1729,38795,34
1723,38785,34
1723,38776,34
1723,2337,315
2337,38793,68
2337,1720,349
2337,38790,32
2337,1725,22
38793,38792,68
38792,1721,68
38776,1722,34
38776,2337,34
38795,1724,34
38795,1723,34
38777,1730,34
38777,1729,34
38782,2338,34
38782,2490,34
1720,38790,34
1720,1718,315
38790,38779,68
38790,38789,66
38779,1718,34
38779,1719,34
1718,38787,34
1718,1716,347
38787,1716,34
38787,1715,34
1716,1717,349
1716,1726,32
1717,1725,349
1725,16937,408
39187,38781,34
38781,1229,34
38781,1230,34
1038,1216,34
1038,1217,34
39188,38781,34
38789,1718,32
38789,1719,34
1726,38788,32
1726,38794,34
38788,38794,32
38788,1727,34
38794,1725,32
38794,38788,34
38780,17223,32
38780,16943,34
38737,38736,88
38736,42189,85
38736,28549,1
38736,28517,1
42189,28549,85
4883,4983,25
4560,4563,220
4563,43147,116
4563,5088,104
4563,35291,7
4563,4588,7
4563,19391,243
51809,43142,112
51809,44547,154
51809,38965,7
38288,15860,239
22927,15687,239
22927,22974,87
910,34090,273
52023,13154,239
5166,35313,252
35313,4482,252
4482,4484,66
4482,5185,186
5185,40677,126
5185,4484,60
49191,8018,65
8018,50864,65
50864,50865,235
11087,48891,96
48891,11043,96
11043,11080,4
11043,50218,68
11043,50197,24
11080,41663,108
11080,41660,900
11080,41665,53
11080,41168,4
11080,36797,718
11080,11022,231
11080,51199,28
41663,11039,8
41663,36797,79
41663,11082,11
41663,41168,29
41663,11071,22
41663,8899,82
11039,41660,4
11039,11079,4
41660,48474,15
41660,11028,398
41660,41665,346
41660,8980,217
41660,11022,194
48474,11037,4
48474,11030,22
48474,49251,118
11037,11032,171
11032,11027,1910
11027,11034,581
11027,10981,1021
11027,10983,65
11027,11007,243
11034,11011,581
11011,11019,581
11019,11018,479
11019,11015,102
11018,11009,805
11009,11008,805
11008,10984,805
10984,10980,740
10984,10969,65
10980,10976,461
10980,10981,18
10980,11007,65
10980,11026,261
10976,10973,1371
10973,10936,1371
10973,42559,129
10936,42559,1371
42559,8981,1221
42559,10957,215
42559,10954,129
8981,10931,1156
8981,11276,167
10931,10954,1148
10931,10953,108
10931,10955,8
10954,10951,1192
10954,11279,380
10951,10950,546
10951,11279,646
10950,10924,654
10924,10921,654
10921,10927,654
10927,10955,366
10927,10928,108
10927,10961,180
10955,10961,469
10961,10963,649
10963,9031,436
10963,8990,213
9031,11004,533
9031,9032,774
9031,11001,491
9031,10591,18
11004,10591,409
11004,10995,304
11004,11070,282
10591,11064,353
10591,11070,1867
10591,11286,14
11069,11285,1013
11285,38854,403
11285,11284,610
38854,39083,403
39083,38855,403
38855,38857,403
38857,11071,826
38857,11286,427
11071,11003,601
11071,39224,880
11071,10572,689
11071,11067,479
11003,8983,474
11003,10999,525
11003,11001,323
8983,10998,403
8983,8984,71
10998,51121,403
51121,10992,403
10992,10991,409
10991,10996,226
10991,8865,177
10991,10400,6
10996,11061,226
10996,10591,1540
10996,10995,158
10996,11003,323
10996,8986,2
11061,11056,226
11056,11060,226
11060,11055,628
11060,10996,38
11060,10400,32
11055,10400,628
10400,8991,1312
10400,48353,515
10400,9029,230
10400,40742,126
8991,8992,2505
8992,8993,2505
8993,8994,2505
8994,8995,2505
8995,8996,1977
8995,8997,528
8996,10944,226
8996,8997,1751
10944,10941,226
10941,10938,226
10938,10940,226
10940,8998,226
8998,8999,1910
8998,11282,204
8998,9000,6
8998,50358,70
8999,9000,697
8999,10847,643
8999,11282,30
8999,50358,14
8999,43801,312
8999,10843,245
9000,9001,1547
9001,9002,1547
9002,9003,1547
9003,10866,1370
9003,10777,177
10866,9010,723
10866,10850,659
9010,10865,711
9010,9011,12
10865,10777,1370
10865,9004,175
10777,10845,1547
10845,41049,1143
10845,10844,404
41049,43699,1284
41049,38865,505
41049,8905,1057
43699,43709,956
43699,42714,243
43699,49672,551
43709,42708,223
43708,43700,942
43700,8862,733
43700,8905,427
8862,9006,1097
8862,10844,1655
9006,9007,1478
9006,9008,12
9007,9008,1478
9008,10864,1331
9008,9019,159
10864,11258,638
10864,9011,891
11258,9009,662
9009,9019,1331
9009,9004,24
9019,9020,1490
9020,10851,1490
10851,9021,1490
9021,8863,672
9021,11282,601
9021,50358,217
8863,9022,2232
8863,9023,32
9022,9023,2232
9023,10943,207
9023,9024,2321
9023,10947,22
10943,10939,207
10939,10942,207
10942,10946,207
10946,9024,207
9024,10947,2528
10947,9025,2550
9025,9026,2532
9025,9027,18
9026,9027,2532
9027,9028,2532
9027,9029,18
9028,10990,1735
9028,9029,550
9028,48353,247
10990,10949,734
10990,10996,1961
10990,10995,56
10949,11059,382
10949,10590,223
10949,41170,34
10949,8862,129
11059,11057,207
11059,41170,398
11059,8862,20
11057,11062,207
11062,10995,207
10995,8986,365
10995,10400,1040
10995,48353,177
10995,8991,442
10995,11059,20
10995,10575,56
10995,41170,22
8986,8987,367
8987,10994,365
8987,10988,2
10994,10997,365
10997,11002,365
11002,10591,263
11002,11004,158
11070,38858,845
11070,43857,278
11070,11286,1307
11070,48465,20
11070,41174,28
11070,44258,10
11070,11030,6
11070,10430,150
11070,36771,18
11070,10225,8
38858,38856,365
38858,43857,912
38856,51122,365
51122,10430,365
10430,11068,515
11068,11259,955
11068,11073,10
11068,36771,4
11259,11073,541
11259,11069,30
43443,43441,755
43441,43437,394
43441,43440,361
43437,43439,394
43439,46281,394
46281,47051,394
47051,43442,755
43442,44409,223
43442,43434,171
44409,44410,256
44409,44412,819
44410,8863,256
44410,9000,436
44410,50358,737
10590,11059,223
41170,11065,223
41170,35685,209
41170,40740,22
11065,35072,432
11065,11073,300
35072,11284,1314
11284,38858,432
11284,11071,1458
11284,11067,34
43857,37273,884
43857,41173,275
43857,36771,31
37273,11288,961
37273,11030,138
37273,49251,127
11288,49251,961
49251,49252,4
49250,11032,187
49250,11037,167
49250,11035,225
49250,11091,20
49250,11028,6
8990,10985,1067
8990,8991,84
8990,48353,374
10985,8991,422
10985,48353,215
10985,10990,175
10985,44402,221
10985,10949,34
8997,8998,1964
8997,8999,31
8997,51672,264
10850,9016,659
9016,10868,428
9016,9017,231
10868,9017,627
9017,9018,858
9018,10865,834
9018,11258,24
9011,9012,903
9012,9013,903
9013,9014,693
9013,51672,210
9014,9015,693
9015,9009,693
9029,9030,1579
9029,9031,38
9030,10964,239
9030,9031,1340
10964,10958,581
10958,42677,266
10958,10929,307
10958,10953,8
42677,10929,222
42677,10954,44
10929,10926,529
10926,10920,696
10920,10923,696
10923,10925,696
10925,10952,594
10925,11279,102
10952,10953,1138
10952,10955,95
10953,10956,1254
10953,9034,207
10953,42558,126
10956,42558,1146
10956,10957,108
42558,10972,1499
10972,10979,1499
10972,10975,65
10979,11007,461
10979,11026,1038
11007,11010,769
11010,11017,769
11017,11020,461
11017,11006,65
11017,11015,243
11020,11012,569
11012,11033,569
11033,11026,569
11026,11031,1742
11026,11030,126
11031,49251,1353
11031,11030,454
49252,11032,215
49252,41664,96
49252,11028,676
10981,10976,910
10981,10973,129
10957,10962,323
10962,10986,791
10986,8982,781
10986,10999,10
8982,10999,673
8982,11001,108
10999,8990,1312
10999,8989,342
10999,10992,6
48353,44402,1173
48353,10959,355
44402,44405,2046
44405,44407,2046
44407,44410,1173
44407,44411,873
10844,51255,749
10844,41161,18
10844,41234,1163
10844,10848,129
51255,41161,749
41161,41162,1608
41161,43805,171
41162,42722,634
41162,43810,627
41162,41164,542
42722,9451,1251
9451,42719,405
9451,42718,846
42719,42712,405
42712,42711,405
42711,42715,405
42715,43708,209
42715,49751,190
42715,43700,218
42708,42714,1067
42714,42716,405
42714,42717,905
42716,42710,405
42710,42713,405
42713,42720,405
42720,42721,1310
42721,41163,666
42721,41164,466
42721,43810,178
41163,41171,1740
41163,10848,39
41163,43805,157
41171,41050,760
41171,41234,1118
41171,10848,19
41050,9006,393
41050,41049,1703
11282,44412,1195
11282,44411,234
11282,11273,157
44412,44408,2014
44408,44406,2014
44406,44403,2014
44403,10960,1306
44403,10959,426
44403,10990,109
44403,40742,173
10960,9029,805
10960,10990,603
10960,8991,245
9032,10987,876
10987,9033,876
9033,10965,394
9033,9034,392
10965,42558,227
10965,8981,102
10965,10968,65
11015,11013,824
11015,11000,34
11013,11000,824
11000,9032,102
11000,10999,452
11000,11004,304
11276,11277,167
11277,11280,167
11280,11278,167
11278,10926,167
11279,10960,347
11279,44402,652
11279,10990,129
11063,39224,108
11063,11003,221
39224,10995,1397
39224,10400,103
10959,40742,781
40742,10950,108
40742,10952,639
40742,10953,333
10928,10922,108
10922,10934,108
10934,10931,108
11001,11014,890
11001,11016,32
11014,11016,890
11016,11020,108
11016,11018,326
11016,11066,553
49579,49581,437
49581,49564,437
49564,49519,437
49564,51953,200
49519,51387,237
49519,50356,200
51387,48513,2024
48513,47936,415
48513,48514,1635
47936,49515,237
47936,49487,178
47936,49482,200
49515,50899,237
50899,47935,415
47935,44260,1250
47935,50929,527
44260,43698,719
44260,43697,79
44260,51674,727
43698,36985,1405
43698,44261,79
43698,36980,1711
36985,38872,1405
38872,38871,237
38872,38868,1168
38871,38870,454
38870,38868,237
38870,37484,217
38868,36984,1405
36984,37478,237
36984,38867,1168
37478,37479,237
37479,37477,237
37477,37476,237
37476,38867,237
38867,40793,1215
38867,44805,190
40793,40794,997
40793,41165,218
40794,43710,221
40794,41165,776
43710,43702,221
43702,43703,221
43703,43803,221
43803,43799,221
43799,43796,221
43796,10840,221
10840,47400,662
10840,10847,700
10840,10839,171
10840,43801,126
47400,9000,392
47400,8863,263
47400,11282,7
38865,42668,237
38865,38862,268
42668,42671,447
42671,42674,447
42674,42670,447
42670,42676,447
42676,51956,447
51956,50062,435
51956,44888,12
50062,47847,237
50062,44888,198
47847,47850,469
47850,51654,469
51654,48452,647
48452,48450,237
48452,49754,410
48450,48451,454
48451,49754,237
48451,48453,217
49754,49757,647
49757,49778,237
49757,49762,178
49757,49759,232
49749,49744,217
49749,49782,178
49744,49756,217
49756,49773,626
49773,48450,217
49773,48453,409
48453,48454,436
48453,49775,190
48454,47845,436
47845,44888,217
47845,44887,219
44888,42460,217
44888,35683,451
44888,9046,268
44888,35686,379
42460,50049,416
42460,44887,632
42460,43699,243
50049,51104,416
51104,42675,416
42675,42669,416
42669,42673,416
42673,42672,416
42672,42667,416
42667,38863,217
42667,38862,199
38863,8862,481
50358,10843,237
50358,10847,801
10843,43797,217
10843,10838,1260
10843,44409,39
43797,43798,417
43798,43800,417
43800,43802,417
43802,43704,217
43802,41234,200
43704,51684,217
51684,43701,217
43701,40792,217
40792,40791,982
40792,51170,243
40791,51170,952
40791,38866,30
51170,38866,1195
38866,36982,217
38866,36983,1186
36982,37480,217
37480,36981,217
36981,37482,217
37482,36983,217
36983,38869,1403
38869,38871,217
38869,37484,1186
37484,43697,1403
43697,44261,715
43697,44262,1427
43697,49625,8
44261,47934,1290
44261,50929,176
44261,49625,74
44261,10818,14
47934,47932,407
47934,48515,1813
47932,47942,217
47932,49498,190
47942,47939,217
47939,48512,217
47939,48514,200
48512,49484,217
48512,50356,1773
48512,48511,30
49484,49584,417
49584,49582,417
49584,49574,200
49582,49586,417
49586,49600,417
49600,49599,417
49599,49596,200
49640,11222,64
11222,11156,53
11222,11556,11
11156,11154,53
11156,11223,54
11154,11152,53
11152,11167,107
11167,11165,107
11165,11163,107
11163,11164,107
11164,11166,107
11166,11148,107
11148,11151,107
11151,11149,53
11151,11153,54
11149,11147,53
11147,11141,53
11147,11142,54
11141,11786,53
11786,11788,53
11788,39075,53
39075,11114,53
11114,11110,53
11110,11108,53
11108,11109,107
11109,11105,53
11109,39082,54
11105,11112,53
11105,11256,54
11112,39080,53
39080,11256,53
11256,11106,53
11256,11107,54
11106,50239,54
11107,11106,54
50239,11111,54
11111,11108,54
39082,39076,54
39076,11789,54
11789,39077,54
39077,11787,54
11787,11140,54
11140,11147,54
11142,11150,54
11150,11152,54
11153,11156,54
11223,43254,66
11206,41395,187
41395,11194,187
11194,11191,187
11191,41394,187
11191,40193,32
41394,11184,187
11184,11178,187
11171,11172,187
11172,11254,187
11254,11169,187
11169,11162,187
11162,11253,160
11253,11168,160
11168,11170,160
11170,11173,160
11173,11180,160
11173,11177,313
11173,11179,6
11180,11190,160
11190,11192,160
11192,11193,160
11192,11196,37
11193,51597,160
51597,11208,160
11208,41132,295
11208,43367,166
11159,37036,34
11124,8560,34
11207,11204,42
11204,11202,64
11204,11205,34
11202,11205,64
11205,11203,42
11205,41132,56
11203,11200,42
11200,11197,42
11245,11199,56
11199,11204,56
7444,48498,75
7444,8733,83
7444,35680,83
7444,17303,4
7444,10886,615
7444,27692,8
7444,10818,8
7444,10775,832
7444,34984,55
7444,8731,600
7444,35683,18
7444,7662,12
7444,11081,33
7444,10790,91
7444,7543,64
7444,10452,33
7444,36771,6
7444,8667,8
7444,10225,8
7444,21788,8
7444,22305,6
7444,9658,4
48498,43484,111
43484,43221,111
43221,43241,111
43241,43491,111
43491,10881,75
43491,39070,36
10881,39070,75
39070,10880,111
10880,39072,75
10880,10393,42
39072,10393,126
10393,11249,117
10393,10421,83
10393,39074,51
11249,39073,117
11249,51427,113
39073,10421,147
10421,11262,230
11262,9754,188
11262,39074,42
9754,11249,113
9754,51427,62
51427,10879,113
51427,39071,62
10879,10878,113
10878,43492,113
10878,10392,6
43492,43481,83
43492,43482,30
43481,43482,83
43482,43483,113
43483,43238,113
43238,10884,113
10884,11746,175
11746,8899,103
11746,11144,92
11746,10886,21
8899,7444,83
8899,35697,50
8899,51199,429
8899,7381,158
8989,10964,342
11030,41664,595
11030,41662,100
11030,11022,11
11030,41663,11
11030,41132,68
41664,41662,780
41664,41663,4
41664,11081,247
41662,11081,968
41662,11091,82
41662,16289,28
41662,41495,28
41662,41132,126
41662,11079,92
11081,11091,77
11081,41495,459
11081,11094,112
11081,41132,179
11081,44961,202
11081,11120,392
11081,9046,294
11081,10236,34
11081,21589,150
11081,34652,18
11081,23418,33
11081,43831,8
11091,11052,240
11091,49360,20
11052,11050,189
11052,9043,38
11052,16289,13
11052,49361,20
11050,11048,209
11048,11045,189
11048,49356,20
11045,8613,77
11045,9043,132
47788,13246,121
47788,47999,18
47788,22803,6
48121,21972,90
24694,21448,90
21448,21449,90
21449,21455,90
21455,21457,90
21455,21456,32
21457,10894,90
21457,8603,32
10894,11046,214
10894,11051,38
10894,49356,26
11046,11047,240
11047,11049,214
11047,49352,26
11049,11051,214
11049,49361,26
11051,11090,172
11051,49360,26
11051,11092,93
11090,11080,503
11090,41663,80
11090,41665,31
11090,48474,26
11090,51199,21
11090,8899,44
11028,11032,1164
11028,11035,192
44262,44264,1835
44262,51184,377
44264,44266,1590
44264,51194,245
44266,51387,1364
44266,49484,200
44266,48513,26
48514,47935,1835
50929,49455,703
49455,43814,703
43814,43811,797
43814,41163,96
43811,41163,607
43811,42722,190
41234,10848,2481
10848,11282,744
10848,8863,1073
10848,10843,1034
10848,9000,16
41173,37273,236
41173,11030,39
41495,11094,440
41495,21588,158
41495,11161,28
11094,11120,552
11120,21744,38
11120,11161,259
11120,12975,143
11120,8494,112
11120,9046,231
11120,10236,10
11120,21588,151
22105,23401,165
23401,34084,80
23401,23418,157
23401,23351,9
23401,23419,48
23401,23446,22
34084,23421,38
34084,23419,18
34084,22002,24
23421,23436,199
23421,25421,965
23421,23438,11
23436,23445,840
23436,23433,87
23436,23447,10
23436,23460,33
23445,23447,904
23445,37829,117
23445,23408,18
23447,23460,987
23460,23462,302
23460,33871,680
23460,22046,10
23460,25423,33
23462,25423,229
23462,23508,87
23462,33905,73
25423,23491,909
25423,23494,33
23491,23494,660
23491,40031,264
23491,15884,42
23491,16003,86
23491,15492,4
23494,23490,1085
23494,15492,37
23490,23489,975
23490,40038,110
23489,15492,710
23489,15507,265
15492,25414,917
15492,23453,33
25414,23450,718
25414,23453,87
25414,15487,112
23450,23441,46
23450,40044,776
23450,23449,110
23441,23430,896
23430,33897,888
23430,663,8
33897,663,888
663,25424,352
663,23436,104
25424,25419,620
25424,23420,198
25424,23421,260
25419,23419,71
25419,23408,227
25419,19672,6
25419,35694,97
25419,325,8
25419,12884,18
25419,23316,136
25419,20792,4
25419,44250,11
25419,23400,24
25419,15883,8
25419,5020,8
25419,24201,12
25419,27520,2
25419,20503,4
25419,2090,4
25419,27692,2
25419,27778,4
25419,23751,2
23419,15883,38
23419,16003,54
23419,16542,34
23419,44250,11
23429,37828,240
23429,23426,103
23429,40434,110
37828,23431,240
23431,23443,757
23443,23448,771
23443,23449,73
23448,23459,35
23448,23453,215
23448,23501,87
23448,15487,546
23459,15491,581
23459,15492,87
23459,15507,110
15491,15499,844
15491,33894,28
15499,33894,542
15499,23493,414
33894,23493,35
33894,23491,73
33894,23470,28
23493,23492,770
23493,23491,74
23492,23470,224
23492,33905,546
23470,23463,224
23470,23461,102
23463,23461,138
23463,23455,86
23461,23446,785
23461,37829,74
23461,23438,28
23446,23438,720
23446,15474,197
23438,25424,725
23438,23429,103
23438,25419,28
23408,23300,67
23408,23351,15
23408,21998,5
23408,23400,177
23408,23337,7
23408,22002,11
23408,11173,3
23408,11080,28
23300,23400,58
23300,23337,71
23300,42177,5
11119,11093,713
11119,11080,231
11093,11080,301
11093,11090,331
11093,11091,81
41665,11028,170
41665,48474,103
41665,11035,39
41665,11032,129
11035,37274,1031
11035,43856,120
37274,43856,987
37274,36797,58
37274,41174,24
37274,11133,30
43856,11071,309
43856,38857,850
10847,43801,1817
10847,41161,110
10847,10606,210
10847,41162,14
10847,41050,32
43801,41161,455
43801,41050,1304
43801,51254,447
43801,43810,39
43801,41162,10
43810,43813,671
43810,49431,173
43813,49431,493
43813,44806,178
49431,50903,666
50903,47934,491
50903,44260,175
48515,48512,1613
48515,47936,200
50356,48511,1536
50356,44873,437
48511,44265,1566
44265,44263,1813
44263,43698,1446
49328,13356,125
49328,29482,262
49253,11035,675
49253,11071,20
11286,8558,1003
11286,11068,454
11286,11069,323
8558,11072,427
8558,11073,32
11072,48352,204
11072,35685,560
48352,11060,402
44411,43443,204
44411,43434,903
43440,46630,361
46630,43438,361
43438,46380,361
46380,47051,361
43645,12301,24
43645,12317,22
37071,37073,24
37073,37074,22
3252,3089,10
3252,3749,209
3089,3088,10
3089,3750,209
3088,3963,10
3088,3751,209
3963,1860,10
3963,3763,209
2685,3104,17
7038,7039,17
7039,7040,17
7039,40986,105
7040,7042,17
7042,7041,17
14470,981,3
14470,14294,3
981,986,128
981,42467,3
981,42462,105
986,987,131
987,958,116
987,36905,15
987,956,116
958,933,218
958,934,108
933,931,257
931,938,3
931,949,331
931,22288,23
931,22527,16
10613,10562,1272
10562,9827,1272
9827,9818,1280
9818,9819,1280
9819,10616,1272
9819,9990,8
10616,9990,1272
9892,9986,1651
9921,10535,350
10669,10670,327
10670,35700,327
35700,10668,327
10544,10547,327
10547,10546,327
10546,10545,327
10545,10548,327
10548,11534,371
43367,10505,189
10505,11646,352
11646,11647,352
11647,11794,352
11794,11461,163
35605,34718,108
34718,36863,108
36863,36846,111
36846,8172,111
50568,5285,408
5355,5763,291
5355,5356,5
5763,5266,979
5763,5376,2
5268,5673,1410
5268,5269,330
5268,5345,92
5376,5377,283
5377,5379,284
5377,44949,2
5379,5380,284
5380,5382,482
5380,5381,3
5382,5384,486
5384,5385,213
5384,5314,273
5385,5386,221
5385,5381,4
5386,5387,216
5386,5398,2
5386,5315,3
5387,5388,209
5388,5389,209
5389,5390,223
5390,42127,197
5390,5504,26
42127,5504,197
42127,39058,177
5504,5391,223
5391,5392,223
5392,5393,223
5393,5394,223
5394,5395,209
5394,5318,7
5395,5425,201
5395,5710,8
5395,6380,92
5425,5426,795
5426,5428,795
5428,5429,813
5429,5430,813
5430,5457,312
5430,5431,320
5430,5409,297
5430,5722,115
5457,5455,312
5455,5454,312
5454,5451,397
5454,5728,115
5451,5479,433
5451,5321,185
5451,5450,3
5479,5478,833
5478,43948,412
5478,5477,421
43948,43946,413
43948,5737,2
43946,43944,616
43944,50872,616
50872,5699,618
5699,5326,201
5699,5700,200
5699,5689,217
5337,5307,948
5337,48621,211
6385,49385,706
49385,6377,917
6377,5693,671
6377,5308,16
6377,48711,153
5693,5694,1010
5693,6385,16
5694,5695,915
5694,5696,95
5695,5696,915
5695,5328,153
5696,5697,1490
5696,5729,431
5697,5698,1303
5697,5461,181
5697,5701,6
5698,5342,183
5698,5689,340
5698,5700,787
5342,5343,541
5343,6378,541
6378,43945,541
43945,43947,533
43945,43949,2
43945,5739,6
43947,43949,330
43947,5469,201
43947,43948,2
43949,5743,339
5743,5744,743
5744,5705,720
5744,5727,16
5744,5707,7
5705,5727,569
5705,5706,854
5727,5453,496
5727,5728,213
5453,5456,408
5453,44928,203
5456,5458,408
5458,5723,408
5723,5722,611
5723,5409,119
5723,37465,2
5723,5430,115
5722,5721,907
5721,5720,678
5721,5708,6
5721,37465,223
5720,5719,678
5719,5718,678
5718,5317,177
5718,6381,9
5718,5710,369
5718,6380,123
39051,39060,177
39060,42127,177
39060,39059,8
39058,39059,177
39059,5712,183
39059,5367,6
5383,5381,185
5381,5378,189
5381,5714,1
5378,5375,189
5375,5717,189
48200,5266,604
5312,5313,734
5312,5717,115
5315,5316,1491
5315,5389,7
5427,51410,200
5427,5428,18
51410,44927,200
44927,5454,200
5477,5476,421
5476,5475,421
5475,5474,421
5474,5473,421
5473,5472,422
5473,5471,4
5472,5471,422
5471,5470,422
5471,43946,4
5470,5469,421
5470,43948,1
5469,5468,622
5468,5467,622
5467,5466,427
5467,5464,191
5467,5463,4
5466,5465,427
5465,5459,419
5465,5329,8
5459,5328,403
5459,5336,293
5328,5329,838
5328,5332,185
5329,5330,848
5330,5335,687
5330,51533,161
5335,5326,354
5335,5700,369
5335,5342,159
5689,5761,729
5689,5688,177
5689,5762,4
5761,5762,937
5762,5696,904
5762,5700,3
5762,5336,211
5729,5732,428
5729,42111,7
5732,5733,437
5733,5734,431
5733,5463,2
5733,5464,4
5734,5735,610
5735,5736,610
5736,5737,404
5736,43946,199
5736,43949,7
5737,5738,406
5738,5739,406
5739,5740,412
5740,5741,404
5740,5770,6
5741,5742,404
5742,5743,404
44928,51409,203
51409,5708,203
5715,5716,869
5464,5463,195
5463,5460,193
5463,5329,2
5463,5335,6
5460,5459,277
5460,5697,4
5460,5732,2
5460,5335,4
5332,5334,185
5334,5335,185
5334,5761,208
5700,5701,997
5688,5687,177
5687,5685,177
5685,5762,177
5461,5462,277
5462,49363,273
49363,5730,273
5730,5731,179
5730,5460,94
5731,5734,179
5321,5322,510
5322,5323,810
5323,5324,810
5325,6373,862
5325,5326,10
5325,5327,4
5325,5473,4
51533,51531,161
51531,51534,161
51534,5693,161
5308,5309,365
5308,19675,23
5308,5338,24
51532,51530,208
51530,5334,208
5701,5770,831
5701,5702,172
5770,5702,837
5702,5703,941
5702,5705,68
5703,5704,643
5703,5764,298
5704,5705,635
5704,5727,1
5704,5707,7
5728,5726,328
5726,5725,619
5725,5724,437
5725,5433,182
5724,5723,437
6353,5275,2
6353,19802,4
6353,5276,4
6353,5277,2
20039,5659,66
5659,5281,33
5659,5660,33
20068,18935,66
18935,5657,66
5657,5282,33
5657,5658,33
20072,5654,66
5654,5652,33
5654,5655,33
5652,5286,33
5652,5653,49
6342,6347,49
6342,18950,6
6347,6345,49
6345,6352,49
6352,6349,56
50024,20739,157
41876,5561,27
41937,50037,142
50037,5641,158
43125,5277,15
43125,5666,18
20037,42028,33
42028,42029,33
42029,5278,15
42029,5664,18
20043,18941,15
18941,18945,18
5561,50037,16
5561,4820,58
18890,5642,16
18890,5294,17
5816,5647,16
5647,5818,16
5818,5298,16
5298,5646,16
5646,5648,16
19603,5649,16
19603,5289,17
20346,5650,19
20346,5288,17
5431,5432,435
5432,5435,435
5435,5436,748
5436,5452,339
5436,5437,409
5452,5451,224
5452,5453,115
6372,6371,184
6371,6370,184
6370,5340,184
17524,6369,181
17524,6368,3
6369,6368,181
6368,6366,184
6366,6364,181
6366,6355,3
6364,6356,121
6364,6355,60
5681,6363,165
5681,5691,74
6363,6365,165
6365,6367,165
6367,5691,165
5691,5765,165
5691,5690,74
5765,5766,165
5766,5767,165
5767,5683,16
5767,5682,149
5683,5684,236
5684,5692,233
5684,6362,3
5692,5693,165
5692,19675,71
42031,5310,139
42031,5683,128
5682,43087,128
5682,5683,92
5480,5745,22
5745,5746,22
5745,5707,21
5746,5747,43
5747,50174,22
5747,5745,21
50174,5748,22
5748,5749,43
5749,50383,22
5749,50177,21
50383,5748,21
47860,5266,414
5356,5358,131
5358,5360,131
5360,5362,131
5362,5365,127
5362,5367,4
5365,5398,336
5398,5397,338
5398,5402,2
5397,39057,104
5397,5399,118
5397,5422,116
39057,5425,104
34304,34299,9
34304,34298,80
34299,34300,9
34303,34298,9
34298,17748,47
34298,4225,42
6381,5396,224
5396,5423,224
5423,5366,341
5366,5364,139
5366,5367,210
5364,5363,139
5363,5361,139
5361,5359,139
5359,5357,139
5357,5424,139
5424,6059,9
5424,5346,15
5424,5373,115
44353,39061,29
39061,44354,29
44354,39050,29
39050,21269,14
39050,21270,15
42724,39084,14
39084,42736,15
5249,5224,17
5249,5634,20
5245,5247,17
5247,5505,17
5247,5633,20
5505,5247,20
5250,5251,48
5251,5253,48
5253,5255,48
5255,6338,44
5255,5257,4
6338,6388,96
6388,5257,52
6388,5256,44
5257,5260,48
5257,6413,8
5260,19916,44
5261,39923,44
39923,39922,44
39922,5263,44
5263,5264,44
5259,5258,44
5258,6338,48
5256,5254,48
5254,5252,48
5252,5636,44
5920,21262,141
5920,5928,22
21262,5928,141
5928,40328,22
5928,21287,100
19384,21261,170
19384,5919,16
21261,5919,170
5919,41258,41
5919,5921,16
5919,5924,129
41258,41254,41
41254,41256,41
41256,5759,41
5759,5758,103
5759,5491,151
5232,5233,122
5232,42437,35
5233,5234,134
5234,5237,107
5234,20695,27
5624,5625,119
5624,42011,12
5625,20696,119
5625,42437,12
38849,8328,17
6362,6376,14
6376,6375,14
6375,6374,14
6374,5311,11
6374,5692,3
5372,5373,375
5372,6059,390
5437,5440,409
5440,5442,409
5442,5444,409
5444,5501,293
5444,5445,116
5501,5322,296
5764,5443,291
5764,5445,7
5443,5441,291
5441,5439,291
5439,5438,291
5438,5726,291
5409,5410,416
5410,5411,298
5410,39055,118
5411,5413,298
5413,5503,290
5413,6387,6
5413,5434,6
5503,5434,313
5434,5435,313
5433,5414,170
5433,6387,9
5433,5403,7
5414,5412,174
5412,5407,174
5407,5408,296
5408,5722,181
5408,5431,115
18950,6352,6
5690,5682,71
5690,6372,3
51576,5373,84
50473,13339,65
44397,42994,156
39257,1595,41
48169,25938,181
27792,27795,214
27792,44197,14
27792,27920,75
27792,27875,61
27792,27870,46
27792,27868,7
27792,27896,31
27792,26996,20
27795,27920,196
27795,39471,18
27920,42495,271
42495,27791,196
42495,27875,75
42495,28028,18
27791,27896,179
27791,27875,5
27791,28115,17
27791,27057,18
27896,27875,210
27896,28685,17
27875,27884,210
27875,27870,122
27875,28598,21
27875,39564,4
27884,27870,137
27884,28625,20
27884,28598,73
27870,27868,235
27870,27678,59
27870,27660,17
27870,27842,6
27868,27860,73
27868,39541,20
27868,27866,131
27868,27887,91
27868,27886,73
27868,27862,22
11970,44197,593
35830,2217,421
35830,3281,116
2217,2589,6
2217,35814,415
6917,19684,57
19684,19686,57
19686,7182,57
7182,7184,57
7184,19680,6
7184,20655,51
19680,18911,6
6951,2813,3
6951,40283,152
6951,20675,2
6413,6415,8
6415,6338,4
6415,5256,4
5402,5414,4
5402,5503,10
5402,37465,2
5402,5723,2
5402,5403,115
35113,5401,6
35113,39059,4
35113,5423,2
5401,5402,121
5351,5352,99
5352,5353,99
5353,5355,99
5399,5400,118
5400,35113,3
5400,5401,115
5346,5347,111
5347,5348,111
5348,5349,65
5348,5351,42
5371,5368,117
5368,5365,117
5367,5369,120
5367,5714,94
5367,5385,8
5367,5383,6
5369,5370,120
5370,5376,4
5370,5768,116
42794,3735,16
42794,3437,58
42794,41366,139
50177,5746,21
42111,51225,6
42111,5698,7
42111,5700,7
42111,5732,7
51225,42111,14
51225,5696,7
5349,5350,57
16079,16080,118
25908,25909,6
25908,25916,240
25909,25910,124
25910,25911,132
25911,26133,6
25911,25913,8
25911,48503,118
26133,25913,559
25913,25914,567
25914,25915,363
25914,26110,6
25914,25558,196
25914,25916,2
25915,25916,363
25915,25909,118
25588,25589,1092
25589,25936,6
25589,25556,38
25589,25590,639
25589,25883,75
25589,26257,334
47919,25553,48
47919,43422,20
25805,25806,521
25806,26177,434
25806,25555,55
25806,25990,195
47941,25553,56
47941,26170,6
47941,25540,12
47894,21589,70
47894,15872,28
47894,15582,14
47894,15746,36
47894,21921,40
48290,29350,44
47890,15988,102
47890,15989,35
47890,15725,12
47890,41828,16
47890,15746,6
43763,43762,46
43762,15412,16
43762,16147,30
15484,40909,16
15484,25962,28
40909,15486,140
40909,23211,6
49802,23193,28
38110,15484,28
38110,16107,124
38110,25962,8
16138,16139,232
16139,16129,232
16876,26026,54
26026,43764,54
43764,43763,28
43764,50386,26
35177,35179,26
35177,16149,39
35175,35176,56
35176,15752,50
35176,41486,6
15725,15726,84
15726,15727,84
15727,15728,84
15728,15729,84
15729,15730,84
15730,15731,84
15731,15732,84
15732,15733,72
15732,15735,12
15733,15734,72
15734,15735,72
15735,15583,72
15735,16158,12
47849,43422,63
47849,25553,39
25715,25716,23
25715,42819,8
25716,25717,23
25717,25718,46
25718,25719,46
25719,25720,46
25720,25721,23
25720,25946,23
25721,25724,23
25724,25725,23
25725,25848,23
25725,34316,23
25848,25849,23
25849,25728,23
25728,25729,23
25729,25730,23
25730,25735,46
25735,25898,46
25898,25732,46
25732,25741,23
25732,25961,23
25741,25743,49
25743,25744,49
25744,25746,23
25744,12326,26
25746,28616,23
28616,25749,23
25749,12326,23
25749,25954,23
28617,25753,196
25951,25952,63
25951,29003,143
25954,25955,23
25955,51210,23
51210,25956,53
25956,51209,53
51209,25730,23
51209,43763,30
25961,25725,23
34316,26017,23
26017,25723,23
25723,25717,23
48458,48459,112
48459,43660,28
48459,44810,84
44804,48817,104
48817,35720,20
48817,41829,84
36,22633,56
36,24785,12
22633,24785,94
22633,24695,53
22633,35,343
22633,24856,17
22633,23220,34
22633,13354,16
16192,16193,51
16192,50011,114
16193,16194,51
16194,16013,51
37661,13246,149
38931,38935,30
38935,38933,30
38929,15426,30
38897,15427,150
38897,16098,170
15572,15573,56
15574,21917,42
15578,34119,14
34122,16309,276
16309,34123,116
16309,49322,160
34123,34029,20
34123,34109,96
25333,25335,463
25337,15591,16
25337,25332,406
16015,16016,50
16017,16018,59
49798,26557,4
49798,23543,2
49798,7559,5
49798,7561,134
26409,26410,178
26410,26411,162
26410,26412,16
26411,26412,162
26412,26413,36
26412,12755,218
26413,26414,254
26414,26415,254
26415,26416,247
26415,27591,8
26415,27654,24
49801,27692,4
49801,34917,4
26434,26435,322
26435,26437,322
26437,27225,322
48522,28804,22
48522,27570,110
42456,39792,454
42456,39777,156
39792,39776,175
39792,44288,279
39776,39779,148
39776,28142,226
39779,44943,156
39779,47751,39
39779,38674,227
39779,48030,164
39779,48523,36
39779,27864,20
44943,39781,172
44943,44290,199
44943,39771,16
23543,21692,13
23543,39832,35
23543,16289,129
23543,21851,65
23543,7562,2
23543,49800,3
23543,23418,2
23543,36797,6
22454,21693,201
21693,23544,154
21693,21695,76
21693,16288,2
23544,38969,13
23544,39805,86
23544,21695,48
23544,23538,7
38969,39804,50
38969,39803,27
38969,12032,3
38969,26402,8
49795,2090,4
49795,21788,2
49795,21786,2
21788,21789,4
21788,15214,15
21788,330,8
21789,21790,4
21789,42683,15
21790,327,4
21790,319,15
21790,38673,426
49799,21786,2
49796,26557,6
49796,27778,8
39497,39494,580
39494,39493,580
39493,39490,580
39490,39489,476
39490,51465,188
39489,27295,40
39489,27293,392
39489,26427,32
26427,27601,468
26427,27595,171
27601,27595,468
49790,2392,4
49790,21304,6
49794,7561,34
49794,9658,4
26328,25596,1435
26328,25597,8
25596,25597,1435
25596,26448,234
26295,25980,609
49792,24713,23
49229,78,23
49229,46,100
49229,49207,14
49229,34181,6
34022,21673,294
22723,21683,526
22835,86,28
22835,24775,34
22835,77,349
22835,23777,96
86,87,149
86,36833,5
36771,11081,710
36771,41662,107
36771,2090,8
36771,20503,8
36771,47017,3
36771,19672,12
36771,17303,14
36771,23543,6
15445,15446,88
15446,15447,88
15447,15448,88
15654,16234,242
15654,16147,52
16234,16235,164
16234,16125,140
16235,15457,88
16235,16124,76
15457,15458,88
15458,15459,262
15459,15461,262
15483,40909,124
15483,26038,55
34080,23193,78
16107,16108,228
16123,15651,78
16131,16132,78
16132,16133,78
16133,16134,78
16134,16135,154
16135,16161,154
16161,16136,154
16136,16241,154
16241,16162,76
51808,28977,36
51808,16138,46
28977,34324,36
28977,51808,46
28977,25675,91
28977,16138,74
28977,15649,30
34324,25675,36
34324,34325,46
40910,15476,22
40910,25962,24
15664,16103,159
15664,15421,36
34325,28977,150
34325,16138,8
48100,23193,18
38372,38371,18
38372,55,42
38371,39805,18
38371,38391,106
38371,38975,7
39805,38969,77
39805,15185,50
39804,41030,18
39804,38975,80
39804,26402,32
41030,41031,18
38109,38392,23
15185,38975,50
38975,38974,105
38975,23538,27
38975,54,18
38974,21695,105
21695,39797,23
21695,22315,135
21695,16288,62
21695,39795,7
21695,23221,3
39797,39799,57
39799,39795,23
39795,23221,30
39795,21692,32
22336,23543,35
39832,39833,76
39833,39834,76
39834,39831,76
39831,23543,41
39800,39798,59
39798,39796,59
39796,21693,27
39796,39795,32
23538,38391,27
23538,38368,7
16040,23534,125
26326,26322,147
26326,25889,202
26326,25979,6
26326,26201,2
50386,25741,26
48095,25553,126
48095,43422,64
44027,25701,191
44027,25697,9
25701,25697,209
25701,48421,84
48212,25938,211
48212,27974,8
44144,25940,387
25974,44018,149
25974,44026,58
25974,25947,10
44018,25944,255
44018,43368,8
44026,51073,56
44026,51067,58
44026,25859,8
44026,40061,39
51073,38992,114
38992,25896,114
25896,38985,114
38985,38978,114
38978,38986,114
38986,38977,114
38977,38989,114
38989,38988,114
38988,38987,114
38987,38990,114
38990,48637,114
48637,38993,114
38993,51067,56
38993,44018,58
51067,51070,114
51070,38979,114
38979,38980,114
38980,51066,114
51066,44027,56
51066,51073,58
48947,43374,62
15417,38111,10
15417,15418,24
39278,22305,460
22305,21690,456
22305,22264,7
22305,24812,3
47895,47143,62
47895,21369,34
48357,25975,109
24663,48439,30
24663,25726,11
24663,50417,54
24663,42617,32
48439,42690,30
48439,49228,54
42690,10887,30
42690,28661,11
10887,10890,30
10887,10892,11
10890,10805,30
10890,10893,11
10805,10821,30
10805,10823,11
10821,10820,30
10821,10818,39
10820,10831,30
10820,49436,51
10820,51199,8
10820,10833,55
10831,10833,30
10833,10834,85
10834,35687,85
10834,35682,37
35687,10874,429
35687,11136,55
10874,11136,429
10874,9754,62
11136,8899,479
11136,11144,51
11136,10885,6
11136,11746,20
35697,51199,50
35697,7381,30
51199,7397,621
51199,7396,867
7397,7404,621
7397,7398,2839
7404,7430,676
7404,7405,2292
7430,34969,621
7430,38912,55
7430,7452,1245
7430,7431,389
7430,7447,655
34969,34966,621
34969,7475,55
34969,7488,513
34969,35055,3
34969,7472,1440
34966,7349,621
34966,7477,1332
34966,7481,379
7349,7352,621
7349,7530,2093
7352,7417,621
7352,7353,1472
7352,7416,306
7417,7393,16
7417,7491,375
7417,7392,844
7394,7384,624
7394,7395,960
7394,7422,244
7384,7387,624
7384,7385,1896
7387,34970,624
7387,7480,1798
7387,7608,369
34970,7486,624
34970,34962,3
34970,7473,623
7486,7372,624
7486,34968,1110
7486,41216,518
7372,7375,620
7372,7373,2882
7372,7378,4
7372,7374,52
7375,7378,620
7375,7444,4
7375,7376,2500
7375,7360,379
7378,7444,620
7378,7375,4
7378,7379,3034
35680,10886,26
35680,11144,36
35680,11746,21
10886,11135,474
10886,41495,46
10886,8905,12
10886,44424,3
10886,41662,112
10886,43771,15
10886,11130,62
11135,35681,422
11135,10873,51
11135,38904,52
35681,38904,26
35681,35682,396
38904,10863,78
38904,10855,38
10863,10832,78
10832,10634,26
10832,10818,52
10634,10819,26
10819,10822,26
10819,10823,39
10822,10806,26
10822,10893,11
10806,10891,26
10806,10892,11
10891,25815,26
10891,10889,11
25815,42691,26
25815,28661,11
42691,48440,78
42691,25726,11
48440,608,26
48440,50414,52
16124,16125,76
16126,16127,76
16127,15650,76
15650,15458,174
16140,16141,42
16141,16236,42
16236,16142,42
16142,16143,42
16240,16134,76
16109,15481,129
15481,15482,55
15481,16113,74
26038,26039,129
26039,26040,129
26040,26037,129
26037,16107,74
43368,25693,8
43368,25944,8
47862,25540,100
47862,25553,2
26210,26225,276
26225,25547,122
26225,25921,154
42875,13214,184
42875,15988,8
38936,15988,82
38936,24763,140
38936,14600,20
38936,44681,100
38936,41132,99
38936,50374,312
26227,26226,275
26226,25926,281
26226,26213,2
15608,15609,42
15609,15610,42
15610,15611,205
15610,50066,171
15610,34140,110
24753,24774,28
24753,22983,191
24753,22989,130
24741,22462,455
22462,15623,331
22462,22339,153
24740,25395,183
25395,24736,178
25395,16801,5
24739,22835,484
24668,15631,214
24668,15625,22
15534,15535,30
16025,16027,26
16027,23208,26
51943,51947,200
51947,13868,110
51947,13872,90
19450,20004,33
19450,4438,3
19450,35089,17
20004,4432,14
20004,7169,19
4430,4429,40
4429,20025,43
20024,20002,43
20023,4416,43
14061,14065,6
14061,29343,20
14061,13038,4
11650,10228,6
87,36831,149
36831,23224,333
23224,24740,149
23224,21321,184
22604,35286,5
22604,22738,136
17467,34278,4
34278,2768,4
2768,2404,4
2404,17046,4
18534,18527,9
10020,10790,12
10020,8636,7
10020,11590,7
10020,9828,3
8449,25160,5
8449,50098,57
25160,15972,62
15972,25190,108
25190,25188,108
25188,8448,108
8448,8451,40
8448,25189,68
8451,15970,40
15970,16054,40
16054,16052,108
16052,16055,108
16055,16053,96
16055,25162,12
16053,16051,96
16051,25154,62
16051,25162,34
25154,16049,45
25154,25164,18
25154,38324,14
25154,41766,17
16049,15996,5
16049,41766,6
16049,25155,34
16049,25165,40
15996,50681,152
15996,750,77
50681,750,151
50681,15998,123
50681,34232,4
50681,748,6
50681,34346,2
42014,9294,491
42014,10185,356
11441,52006,247
11441,46419,319
52006,52004,247
52004,52010,247
52010,52013,247
52013,52005,247
52005,52014,247
16953,39258,286
39258,3042,286
3042,1663,280
3042,48296,6
3042,16955,6
3042,51643,130
1663,1662,280
1662,1659,410
1659,1660,410
1660,3995,410
3995,1661,410
1661,3296,924
3296,17449,924
17449,3424,924
3424,1305,924
1305,42613,641
1305,2639,283
42613,3425,641
3425,3426,265
40060,40063,460
40060,48998,126
40063,40425,460
40063,40055,221
40425,28169,460
28169,28170,503
28170,28156,503
28170,41653,126
28156,28155,94
28156,27377,239
28156,28159,166
28156,27138,4
28155,28164,94
28164,28165,94
28165,42665,94
28165,29035,320
42665,27446,94
27446,27442,595
27442,27445,595
27445,27401,599
27401,12004,599
12004,27371,309
12004,27348,415
12004,43942,321
12004,27395,39
12004,49760,4
7209,17975,3
7063,7064,2
7063,39975,34
7064,7067,2
7064,7066,34
7067,7070,37
7070,7072,2
7070,7075,18
7070,39974,17
7072,7074,19
7074,37188,19
7074,7073,18
37188,7074,18
36797,11069,566
36797,11072,337
36797,51199,6
11073,36771,781
11073,41168,70
11073,44424,32
28100,28103,219
28103,28112,219
28112,25953,56
28112,28617,139
28112,29005,24
12491,27010,192
27010,27007,110
27010,42236,82
27007,44333,56
27007,42172,82
27007,27216,54
44333,28651,36
44333,12327,143
44333,49563,20
39803,39801,27
39801,26403,27
44332,27009,107
44332,42236,80
27009,12722,187
12722,12326,187
28111,28102,222
28102,12615,222
12615,42172,143
12615,27216,24
37685,29310,160
48255,42465,322
42872,29243,9
42872,27901,12
42872,15416,6
42872,13354,78
42872,13214,64
42872,13103,48
12100,12504,38
26416,12751,247
12751,26417,247
26417,26418,247
26418,26419,171
26418,48301,76
26420,26421,171
26421,27714,36
26421,27850,90
26421,27859,6
26421,27851,17
26421,27854,22
51256,318,4
700,7562,2
700,37114,2
700,207,3
700,51199,8
9880,9881,219
9881,10026,219
10026,9657,219
9657,9333,219
9333,34237,219
34237,9326,3
34237,9566,216
9326,9327,555
14480,14378,10
14480,14416,10
14480,14479,9
14447,14446,292
14446,14451,292
14451,14454,44
14451,14450,248
14454,14456,40
14454,14455,252
14456,14457,10
14456,14459,24
14456,14461,3
14457,14447,6
14457,14293,111
42619,42611,10
42611,17514,10
17514,35407,6
48461,48462,1057
208,214,589
214,213,19
214,40893,421
214,40895,149
213,206,596
206,578,251
206,208,345
578,209,5
578,737,246
209,211,16
209,241,232
211,238,927
238,236,927
236,243,922
236,661,5
243,245,922
245,246,922
246,251,922
251,250,922
278,286,20
278,293,3
278,294,420
278,48497,196
286,288,643
288,284,447
288,48494,196
284,283,643
725,311,716
725,330,8
522,519,20
522,523,3
522,42689,517
522,520,172
522,508,257
519,505,148
519,507,139
505,512,318
505,48520,483
505,509,21
512,514,318
514,588,315
514,589,3
588,524,315
524,525,632
525,14773,152
525,38927,612
38451,1542,17
43639,37225,17
37225,17242,17
935,932,243
935,36905,16
935,927,103
932,957,222
932,36905,14
932,24243,3
932,934,11
957,985,3
957,22858,109
957,51047,206
39127,173,18
39092,43572,5
410,33929,90
410,408,72
410,411,6
410,14757,20
20232,39748,9
20232,6082,567
50717,51648,7
51648,51652,7
51652,50716,7
50716,5803,5
50716,39085,2
7225,7226,7
7226,43602,7
39194,39193,9
39193,39192,9
39192,41064,7
39192,17839,2
14467,14445,258
14445,14457,117
14445,14294,141
14459,29658,271
29658,14448,271
14448,29573,6
14448,14291,10
14448,14447,255
14420,14423,9
14420,14419,341
14420,13008,5
14435,14440,134
14440,14442,250
14442,14441,250
14441,14434,6
14441,14439,125
14441,14432,3
14441,14436,116
14434,14432,122
14432,14431,250
14431,14474,8
14431,14488,3
14431,43895,233
4319,5213,31
4319,4316,2
4319,4317,8
5213,4323,31
4323,4322,31
4322,4317,14
4322,4316,13
14466,14458,3
14466,14296,3
14466,14295,3
14458,14460,251
14460,14280,3
14460,14459,252
14385,14387,129
14387,14389,129
14389,14391,129
14391,14282,3
14391,14271,123
14391,35305,3
14282,14283,21
14282,14377,4
14282,29434,109
14491,14381,7
14491,41881,126
14381,41884,131
41884,41886,131
41886,29617,125
29617,14447,7
29617,14294,118
5350,5351,55
39055,39054,118
39054,39053,118
39053,5503,3
39053,6387,115
5450,5448,3
5448,5446,3
5446,5501,3
5445,5447,123
5447,5449,123
5449,5727,123
5403,5404,122
5404,5405,122
5405,5406,122
5406,5407,122
6380,6381,215
20472,6893,3
6893,6976,3
48797,34331,3
44949,5382,4
10534,9958,660
9958,10532,660
10610,10618,493
10610,46303,378
10610,50484,4
10618,10619,1109
10619,11839,27
10619,11752,1082
11839,37261,1302
11839,11908,2
37261,11908,1302
11908,38685,352
11908,43149,298
11908,46941,378
11908,46625,276
38685,38683,650
38683,11752,27
38683,10618,616
38683,11476,7
11752,11579,930
11752,10527,1458
11752,10529,2
39629,26053,232
39629,48090,141
39629,28675,38
26053,25578,232
25578,25579,232
25578,28842,2
25579,28670,20
25579,48090,212
28999,25580,28
25580,25581,625
25580,25585,6
25582,25583,763
25583,25584,763
25584,25585,763
25585,25586,953
25586,12597,757
25586,26107,196
12597,25588,212
12597,26113,545
25590,25591,458
25590,26268,340
25590,26264,375
25590,26287,2
25590,26198,7
25591,25592,576
25592,25593,392
25592,26295,184
29246,28961,23
29246,28962,101
28961,29081,6
28961,29080,62
28961,12667,3
28961,49829,53
10110,10166,123
10110,11739,304
24649,24243,16
14655,14660,11
14660,14639,7
14660,762,4
14639,14640,7
14640,14645,4
14640,924,3
930,932,4
930,931,116
36905,23829,65
20675,40187,109
20675,20524,105
48099,24404,106
39067,39068,9
39068,39069,3
39069,14794,3
14794,39067,6
802,24934,32
24934,24925,32
24925,14722,17
24925,14703,32
14703,14696,32
14696,14715,32
14715,14747,32
45049,14728,82
24924,24923,32
24923,33965,32
42852,23321,298
23321,25280,298
40534,40535,437
40534,43595,293
40535,43593,736
48645,23359,474
48645,50210,73
23359,40538,551
40538,14576,474
40538,15815,77
14577,14575,484
14577,40450,10
14575,40450,525
14575,13361,4
40450,40537,453
40450,15815,82
23324,16875,262
16875,24278,168
16875,16204,94
25253,16747,460
16747,16843,298
16747,25284,162
48002,14602,18
48002,830,18
35327,43643,18
43643,38319,86
38319,43641,86
43641,38321,86
38321,38322,86
38322,38323,86
38323,25155,18
38323,41766,50
38323,25165,18
25155,25154,32
25155,15972,46
25164,25165,18
25165,16050,64
25165,38332,40
16050,38332,46
16050,38331,36
38332,38333,118
38333,25163,100
38333,16884,18
25163,25155,14
25163,16049,28
25163,41766,40
25163,38324,18
38324,16038,78
16038,43640,78
43640,43642,78
43642,38318,78
38318,16039,60
38318,38316,18
16039,15992,14
16039,16037,64
15992,24411,14
15992,15995,6
36112,3615,21
36112,16940,45
25398,23151,594
49179,23671,18
7,24819,132
24819,34015,132
39754,22449,282
22449,51477,150
22449,39271,141
22449,51476,144
42510,42512,161
34064,15173,5
34064,34056,121
42770,42768,352
42768,42766,352
42766,42765,352
42765,3609,6
42765,42762,346
3609,3610,259
3610,3483,259
3483,3484,433
3484,3555,433
3555,3485,433
3485,3337,173
3485,3607,260
3337,3338,173
3338,2416,173
2416,3339,6
2416,51611,167
3339,1776,46
3339,2676,213
10516,43852,60
39143,39141,358
39141,39140,358
39140,48408,358
48408,48407,358
48407,48406,358
48406,48409,358
48409,39142,358
39142,10048,179
9835,9834,1460
9834,10044,1460
10044,9838,1460
9838,10047,1460
9838,9832,2
10047,9839,1460
9839,39143,179
9839,9841,1281
12044,25864,38
12044,25880,51
12044,26404,5
12044,39577,19
1117,1134,9
1117,1141,27
17447,39259,292
16990,1210,298
16947,16948,413
16948,16949,413
16949,1488,207
16949,42587,206
38968,16947,5
38968,43023,397
3027,17451,20
17451,40889,20
17451,17415,154
40889,1471,412
40889,51633,154
1700,1694,3
3517,3709,196
3101,2541,262
2541,2542,262
2542,2543,262
2543,2467,12
2543,2226,250
39241,3103,12
35671,35642,259
35642,35643,259
35643,35644,259
35644,35645,259
35645,2468,259
35638,35639,254
35639,35640,254
35640,3222,4
35640,35673,250
39239,39240,4
39240,3101,4
49368,44332,20
49368,42172,139
15373,24720,45
24691,23220,53
24691,24680,6
4451,4438,13
4438,7173,31
7173,37510,16
7173,4439,15
37510,35089,14
37510,4191,2
35089,35091,31
35091,35093,31
35093,7167,13
35093,4425,18
19972,4409,44
4409,4407,44
20298,20255,44
4387,4388,10
4387,19999,9
4387,20322,9
4387,6336,15
4387,20324,2
11725,10490,51
11725,11814,12
11725,11813,512
46387,11226,51
46387,42014,356
46387,50361,323
11224,11146,57
11224,9856,73
11224,11131,34
11224,11223,12
11146,11131,51
11146,11133,6
11131,11102,113
11131,37273,36
11131,35072,34
11102,11099,113
11099,11098,113
11098,11097,113
11097,10385,113
10385,11096,113
11096,11134,113
11134,11133,51
11134,44424,62
11133,11130,51
11133,11136,6
11133,39073,30
11130,11129,113
11129,11128,113
11128,11132,113
11132,11136,51
11132,11131,62
11144,11143,179
11143,10885,51
11143,48498,36
11143,35697,30
11143,10886,62
10885,51377,51
10885,10397,6
51377,39072,51
39074,11135,51
39074,11131,36
10873,10875,51
10875,11125,51
11125,11127,51
11127,11126,62
41778,51025,215
41778,24237,242
41778,24239,116
51025,24236,215
24446,24448,318
24448,24447,318
24447,24242,318
949,946,581
949,943,14
949,950,16
946,950,581
950,42463,390
950,42468,16
950,33888,228
42463,38803,459
42463,42468,47
38803,35747,459
36835,942,466
36835,945,10
22527,24981,395
22527,24932,17
22527,15978,13
22527,23325,50
24981,37801,347
24981,38704,116
37801,886,264
37801,885,67
37801,873,16
886,887,250
886,24394,6
886,23142,16
887,23142,680
23142,871,257
23142,867,439
22793,896,247
896,899,257
896,850,6
899,850,247
899,852,75
899,40798,6
899,876,6
850,846,110
850,23759,205
850,833,6
846,24353,247
846,24456,10
24353,841,247
24353,843,8
841,24355,247
24355,836,247
836,24438,110
836,14606,137
808,892,475
892,22468,475
22468,893,475
893,24443,110
893,24480,237
893,24481,128
837,838,248
838,839,248
839,842,248
842,843,248
843,844,243
843,24431,5
843,24456,8
844,845,253
845,848,109
845,42040,10
845,23759,134
848,853,254
848,898,3
853,898,254
898,895,260
898,865,3
895,873,251
895,867,6
895,886,6
23143,884,247
23143,896,3
884,23286,301
884,37802,30
23286,37802,301
37802,24982,380
37802,23325,54
37802,24369,16
24982,940,272
24982,24369,162
24982,935,16
38804,22864,450
22864,947,373
22864,942,39
22864,953,215
947,948,582
947,22288,16
948,935,322
948,22288,250
948,22527,10
22858,985,123
51039,41772,175
51039,51261,30
47979,24404,23
47979,830,88
21918,22548,119
21918,41111,7
22548,22540,141
22540,37003,138
22540,15917,55
15917,15928,160
15917,22531,16
38346,22546,174
38346,15932,4
15934,792,124
15934,793,52
22914,15183,27
22914,22556,3
24745,38304,75
36030,1627,118
22912,794,28
794,22282,21
794,33996,2
48011,14602,18
15995,15996,163
15995,16043,32
25302,25305,18
25314,25315,166
25315,25316,166
25316,25317,20
25316,25318,146
25317,25318,20
16886,16887,163
16887,16888,163
16888,16882,163
16882,25320,21
16882,51269,142
25321,25311,19
25323,25324,21
16004,15998,73
16004,50681,787
16004,50739,24
15998,16000,135
15998,16043,22
15998,34346,61
16000,24411,35
16000,16049,12
16000,25156,74
16000,37804,42
44240,49058,8
44240,44236,210
22915,22281,4
22281,22914,4
15149,769,4
37237,38508,6
37237,4091,84
38278,4113,368
38278,48981,99
38278,48973,38
4113,38277,368
38277,4115,12
38277,4114,356
4115,38275,133
4115,38274,11
38275,38274,133
38274,4117,133
38274,4118,11
4117,38273,1
4117,4118,132
38273,4119,12
4119,38272,144
38272,42840,143
4103,4116,8
4116,4105,2
4116,4104,6
4105,38276,2
4105,4106,294
38276,4107,296
4107,4108,296
768,15150,7
768,698,18
33996,22282,2
50576,24390,8
50576,24467,19
14235,14244,103
14235,14234,243
42819,42818,8
42818,12326,8
42812,42820,10
42820,25946,10
51864,3911,102
2248,51771,231
2248,2249,350
51771,17452,231
17452,3186,581
51872,3956,86
49615,43494,248
49615,3917,120
49615,3185,75
43494,37570,248
2757,2758,494
2758,2322,494
39927,43493,256
39927,2454,12
39927,3185,8
43493,49611,256
49611,3437,362
49611,51258,75
47863,2356,72
47863,1296,82
47863,2392,133
4207,17580,278
4207,21222,68
3144,1271,282
3144,2090,310
39232,49611,106
23187,23054,18
23025,23026,313
23025,22130,8
23026,22130,160
23026,23027,153
34082,34083,679
34083,23672,6
34083,23763,146
34083,49176,501
34083,46,26
41764,41807,590
41764,39180,34
41807,39180,500
41807,44174,68
39180,39178,721
39180,41755,2
39178,41812,486
39178,41755,283
39178,39175,34
39178,41757,22
41812,41811,556
41811,44227,848
41811,41810,24
41811,41751,42
44227,41751,450
44227,41810,398
16514,16515,1051
16514,16610,14
16515,16510,152
16515,16610,557
16515,16597,266
16515,23293,34
16515,16504,42
16574,16563,700
16574,16591,188
16574,24708,24
16563,16591,146
16563,24708,554
16591,16590,402
16590,16588,402
16588,16551,146
16588,16528,256
16551,16536,146
16551,23711,8
16595,16525,904
16595,41370,65
16595,16769,24
16525,16526,650
16525,16491,18
16525,15998,16
16524,16594,886
16524,41370,208
16594,16592,949
16594,16540,19
16592,16540,869
16592,41211,56
16592,16535,24
16540,16535,711
16540,16545,19
16540,16618,214
16587,16589,413
16589,16570,345
16589,24708,68
16570,16571,931
16570,39182,4
16571,23338,152
16571,16542,459
16571,39182,40
16571,16565,269
23338,23342,338
23342,23339,338
23339,16638,308
23339,24942,30
16638,16636,308
16636,16633,308
16633,16639,308
16639,16572,308
16572,16509,633
16572,16611,83
16572,16506,10
16572,16619,254
16572,16613,34
16511,16513,178
16511,16597,326
16511,16610,216
733,16519,407
733,16603,10
733,16607,12
733,40646,114
16519,16495,194
16519,16516,213
41750,44499,880
41750,41756,30
44499,41756,522
44499,41811,358
41756,39177,514
41756,41755,38
39177,39179,777
39177,39180,44
39179,41749,558
39179,39180,43
39179,41760,66
39179,44174,108
39179,16557,24
39179,41764,2
41749,41764,174
41749,16541,20
41749,16543,156
41749,50052,250
41731,41733,1
41731,50084,91
41733,47414,1
47414,41729,92
41729,41728,92
41728,41726,92
41726,20114,1
41726,42890,91
339,357,426
357,362,265
357,361,161
363,527,231
527,528,231
528,529,231
529,531,231
531,539,231
539,538,231
538,533,231
533,376,149
533,532,82
49956,364,897
377,378,116
378,376,116
43648,43647,95
43647,51059,47
43647,21208,48
19420,19419,51
6189,35424,332
6189,42433,126
4949,35470,40
35471,5014,331
35471,5048,90
40887,40886,37
40886,4796,20
40886,4797,17
6971,20574,58
6971,20576,32
43869,4870,36
4818,4542,198
4818,4929,217
4818,4936,157
43974,43972,166
9282,8744,14
8744,8745,1900
8745,9478,12
8745,8638,5
8745,9433,667
8745,9435,1216
9054,9053,7
9054,8638,797
9054,37785,2231
40665,20403,148
20403,4739,148
4739,4718,148
4718,4769,148
4769,4731,148
4731,4783,148
4783,4896,148
4896,4765,148
4765,4807,148
4807,4617,148
4617,4616,148
4616,4825,148
4616,4942,27
2041,3818,22
2041,3971,39
48195,24404,6
14236,14241,139
14236,14219,151
23159,23160,160
23160,23063,160
19896,18956,73
19896,42019,12
18956,19897,73
18956,41985,12
19897,19898,85
19898,39219,73
19898,39283,12
39219,19824,73
19824,19827,73
39204,39203,32
39203,39202,14
39203,39201,18
39202,39200,14
39200,39206,14
39206,39205,32
39205,39287,14
39205,39288,18
39287,39207,14
39207,39210,32
39210,39211,32
39211,39212,32
39212,39209,32
39209,39285,14
39209,39206,18
39285,39208,14
39208,39286,18
39283,18962,12
41985,41986,24
41986,41984,24
41984,41987,24
41987,41988,24
41988,18961,12
41988,19897,12
42019,42018,24
42018,18955,12
42018,18956,12
4324,19896,12
13727,13154,384
13727,12890,24
13727,13113,32
3450,17136,4
7347,7608,1462
7347,7353,3
7347,8392,379
7347,7439,302
7608,7609,1837
7609,7610,1837
7610,34970,3
7610,34966,1088
7610,41995,377
34962,7471,754
7471,7492,754
7492,7487,510
7492,7472,244
7487,7486,1989
34968,7364,1061
34968,7372,52
34968,7445,828
7364,7365,2195
7365,7366,2195
7366,7367,2195
7367,7368,2195
7368,7369,2195
7369,7370,1818
7369,7448,377
7370,7371,2232
7371,7372,1824
7371,7431,170
7371,7434,244
7373,7406,3
7373,7374,2879
7406,7407,542
7407,7361,3
7407,7446,539
7361,7362,1814
7362,7363,1814
7363,7364,1130
7363,38912,379
50965,50408,157
50965,48642,173
50965,39214,192
50408,50404,157
50404,50407,157
50407,50403,241
50403,44564,241
48848,39360,532
39360,39928,532
39928,44787,532
44787,27594,349
44787,37216,173
44787,29249,10
27602,27294,235
27602,40423,175
27275,27302,547
27302,48036,157
27302,48015,74
27302,48055,316
48036,48026,224
48026,48022,157
48026,48017,67
48022,48023,157
48023,48029,157
48029,50237,157
50237,48041,157
48041,48017,157
48017,51465,157
48017,46859,67
51465,51439,345
51439,51469,395
51469,48015,202
51469,39491,193
48015,48042,202
48015,48047,74
48042,48048,202
48048,48033,202
48033,48032,202
48032,48047,202
48047,48025,276
48025,48027,202
48025,48055,74
48027,27301,543
27301,27274,610
27274,27291,610
27291,27296,610
48607,26963,579
26963,39361,579
39361,44568,394
39361,50940,10
39361,48800,175
50410,50406,284
50406,50405,202
50406,50409,82
50405,50402,202
50402,48800,202
38674,39781,332
38674,44290,225
38674,43522,19
39781,43522,68
39781,28142,172
39781,28127,226
39781,27567,38
39781,39771,133
43522,27567,87
27240,39453,21
27240,28838,867
39453,39454,21
39454,39463,21
39463,39467,21
39467,39465,41
39465,39466,41
39466,39461,21
39466,39464,20
39461,39387,41
39387,39458,41
39458,39457,41
39457,39449,21
39457,39467,20
39449,39452,21
39452,39451,20
39451,39450,20
39450,39461,20
39464,39455,20
39455,39386,20
39386,28153,20
28153,28592,20
28153,26434,190
28153,27220,623
27564,39769,84
27564,39779,20
27564,28120,150
39769,39779,104
49568,48330,380
49568,49084,211
49568,51125,201
48330,44871,380
44871,42446,567
44871,43502,24
42446,50610,581
42446,44866,211
50610,43506,581
43506,44867,581
44867,44864,380
44867,44863,201
44864,39612,380
39612,12498,189
39612,27529,191
27191,39558,551
39558,39323,189
39558,27146,362
39323,27144,189
27144,12007,189
27533,27482,528
27482,39348,510
27482,27527,58
27482,27155,2
27482,27518,18
39348,27518,381
39348,27176,129
39348,27526,29
27518,28080,189
27518,27534,192
27518,27526,18
27518,48256,39
28080,28079,189
28079,27525,189
27525,27534,251
27525,43031,16
27525,27531,32
27534,39399,251
27534,27196,194
27534,27531,61
27534,27197,201
27534,27499,28
39399,39398,189
39399,12674,62
39398,27200,189
27200,27203,563
27203,27501,563
27501,39507,189
27501,27498,374
39507,11988,189
11988,27159,381
27159,51496,189
27159,11995,192
51496,11999,390
51496,12341,184
11999,27507,1174
11999,27509,51
27507,27509,832
27507,11998,362
27509,28071,1074
28071,39559,152
28071,27510,294
28071,47835,51
39559,41543,152
41543,39980,124
41543,39338,4
41543,43050,24
39980,29013,104
39980,43046,20
39980,39339,2
29013,39338,104
39338,43041,108
43041,39322,108
39322,44937,104
39322,27493,4
44937,39349,128
39349,43037,128
43037,43036,128
43036,27491,128
27491,27493,128
27493,27496,132
49241,11995,364
49241,11999,194
49241,12341,168
49241,11992,185
49241,27175,154
11995,27162,556
27162,12000,365
27162,27509,191
12000,27505,1145
27505,27161,173
27505,47835,212
27505,49241,339
27505,12007,43
27505,48210,118
27505,27142,61
27505,12341,199
27161,39519,173
39519,28082,343
28082,39395,343
39395,27192,365
27192,27190,550
27190,27523,358
27190,27533,192
28076,28077,173
28077,27195,173
27185,27516,374
27516,27182,173
27516,27534,264
27516,43031,39
27516,27186,1
27178,47990,374
47990,27200,374
12674,27514,173
12674,11990,263
27514,27172,173
27514,27171,194
27514,27154,36
27172,25482,419
27141,28859,364
27141,11999,55
28859,47835,173
28859,49241,191
28859,11999,211
47835,27479,47
47835,27512,133
41605,49421,483
41605,25864,11
41605,49563,20
29004,42172,80
29004,44332,52
29004,28100,24
42172,44332,80
42172,44333,143
42172,28100,139
42172,27216,82
42236,42237,162
42237,27009,80
42237,27007,82
29005,29006,156
29006,28093,104
29006,27543,52
28093,43365,218
28093,28105,24
43365,28091,242
28091,42497,242
42497,42496,294
48835,44619,399
44619,48772,399
48772,44592,399
44592,48536,399
48536,44622,399
44622,48629,209
44622,50946,190
44623,44130,209
44623,51397,59
44130,44132,272
44132,44133,209
44132,39564,63
44133,46704,209
50954,44131,166
51401,27242,166
51401,48867,59
43609,44621,342
44621,48698,342
48698,44591,342
44591,48820,342
48820,44620,342
44620,50945,342
48116,26660,74
48116,9056,233
26212,43366,382
43366,25628,382
25628,26214,382
26214,27822,74
26214,26327,308
50186,27834,229
50186,50461,84
50462,26557,74
50462,29183,8
48055,27597,390
27597,27590,390
40881,48036,67
40881,48027,341
46859,27301,67
29249,11958,352
50185,11970,357
50185,44197,8
42161,28902,67
42161,26266,694
28902,28946,392
28946,25638,392
25638,25828,392
25828,25669,847
25669,26101,847
26101,27623,235
26101,25708,287
26101,28915,325
28149,28133,317
28133,28138,317
28138,42456,127
28138,28136,190
28142,28144,242
28142,28123,287
28144,39791,268
28144,28130,164
28144,28143,199
37832,39384,42
39384,37831,42
37831,37830,42
37830,39382,42
39382,27655,37
39382,27732,5
27655,27864,16
27655,27839,62
39583,27028,16
27028,27025,16
27028,39584,16
27025,39582,16
39582,27845,16
39582,39587,16
43878,27510,722
43878,43987,192
27510,11998,184
27510,12000,780
27510,12341,52
11998,27163,546
27163,51496,184
27163,11992,194
27163,47835,168
12341,27142,352
12341,12007,251
27142,27167,413
27171,27155,455
25457,27177,219
48257,39352,263
48257,27530,85
48257,48501,154
39352,27530,417
39352,12498,39
44859,44865,369
44865,44868,523
44868,43505,369
44868,49211,154
43505,44870,369
44870,44872,369
44870,49237,199
44872,49591,369
43030,27195,449
43030,48280,110
25456,27187,220
27156,27170,438
27170,27172,246
27170,27173,192
27170,25482,14
27213,27218,162
27218,27540,162
27540,27544,138
27540,44310,24
27544,27542,192
27542,28093,138
27542,27537,54
42499,42498,297
42498,42175,243
42498,44309,54
42175,29002,219
42175,28105,24
29002,27543,137
29002,27537,106
27543,27539,189
27539,27541,137
27539,44310,52
27541,27217,161
27217,27212,161
27212,27215,137
27212,29004,24
28183,44785,11
43987,39519,170
43987,43035,22
27173,27513,360
27173,11990,168
27513,11990,192
27513,27499,168
11990,11987,192
11990,47835,153
11990,27478,239
11990,51568,57
11987,11988,192
11992,11929,379
11929,11939,379
11939,27169,194
11939,39508,185
27169,27512,194
27527,43031,194
27527,27526,241
27527,27186,40
27527,48256,214
43031,43349,249
43349,27531,395
43349,27173,39
27531,27532,526
27531,27522,63
27531,27481,32
27532,27519,325
27532,27481,201
27519,27191,194
27519,27522,452
27146,28083,334
27146,43032,28
28083,48263,166
28083,27504,168
48263,43986,194
43986,28071,194
42727,28835,813
28835,28836,813
28836,28837,813
28837,28153,813
28864,28863,300
28864,27567,86
28139,28149,190
28136,39767,190
39767,28126,190
28126,39779,190
28126,28142,131
28127,44287,226
28127,44288,150
44287,28137,226
28137,28135,226
28135,28134,294
28135,28150,31
28134,28150,294
28150,28140,226
28150,12750,99
28140,39789,226
43523,39794,359
39794,39775,359
39775,27240,226
39775,27842,85
39775,27859,48
39775,27220,10
28838,28839,867
28839,28840,867
28840,28146,867
28840,39781,17
47900,26122,89
47900,45019,53
27603,27610,69
27610,27334,69
27334,27332,138
27332,27330,69
27332,27604,69
27330,27328,138
27328,27329,138
27329,27331,69
27329,27334,69
27331,27611,69
27611,27614,69
27614,27617,69
27617,27616,69
27616,27619,69
27619,29072,69
29072,26989,138
26989,26988,138
26988,27608,138
27608,27607,138
27607,27606,138
27606,27609,138
27609,43415,69
27609,27615,69
43415,43417,138
43417,43418,69
43417,43416,69
43418,43817,69
43817,43767,69
43767,43413,69
43413,28468,69
28473,43419,69
28473,11936,53
28473,12535,33
43419,43766,69
43766,43816,69
43816,43415,69
43416,29072,69
27615,27618,69
27618,27613,69
27613,29071,69
29071,27333,69
27333,27330,69
27604,11936,69
11936,27899,77
11936,28475,51
26130,28915,77
26130,27622,469
47403,49358,403
49358,48049,403
48049,47404,319
48049,47444,84
47404,47405,319
47405,43588,319
43588,47421,319
47421,44292,403
39773,42455,164
42455,28118,389
42455,39787,22
42455,39789,111
28118,28144,389
28130,28145,314
28145,28124,314
28124,28141,314
28141,39779,180
28141,28127,150
28141,44288,198
28141,39771,29
48030,44290,131
28123,28125,287
28125,28129,156
28125,28121,131
28129,39772,351
28129,28141,243
39772,42456,351
39777,39774,156
39774,44291,156
44291,43589,310
44291,47422,54
43589,43587,310
43587,47441,310
47441,47448,364
47448,47435,364
47435,47403,20
39525,39770,12
39770,27706,12
27706,39370,12
27706,27710,91
39370,39371,12
39371,28611,12
28611,39379,24
39379,39380,24
39380,39378,12
39380,27303,12
39378,39377,12
39377,27702,12
39377,28611,12
27702,39215,2
27702,27591,10
39215,50940,77
39215,50966,44
39215,39217,385
39215,50941,16
39214,11961,2
39214,27703,34
39214,39213,449
39214,40884,10
47929,25938,171
47929,27352,5
28641,27911,192
28641,27786,39
12008,27520,189
12008,27523,117
27176,27173,129
48210,27512,190
48210,27507,20
48210,27479,36
48210,28071,52
48210,12007,79
27154,27531,131
27154,27518,39
28643,27787,205
28643,39409,20
48280,27525,110
44448,2444,184
44448,3939,6
44448,2092,2
50511,27670,40
27670,27672,164
27670,27037,36
27672,27687,164
27672,27327,36
27687,27767,164
27687,27764,36
27767,27766,40
27767,27760,124
27766,27318,40
27318,27319,40
27319,41182,77
41182,27058,40
41182,41158,37
27058,41183,77
41183,48983,40
41183,27319,37
48983,27060,40
27060,27621,40
27621,41180,40
27621,27059,37
41180,26979,40
26979,26985,40
26985,41181,40
26985,26980,37
41181,26985,37
26980,27621,37
27059,26986,37
26986,26983,37
26983,27058,37
41158,11953,37
11953,27765,138
27765,27662,138
27765,27327,37
27662,27669,138
27662,27037,37
27669,50511,37
27669,50510,29
27669,50850,4
27669,50507,37
27669,50847,2
27669,50508,25
27669,44944,4
50506,27670,36
27037,27036,73
27036,27672,36
27036,50506,37
27327,27687,36
27327,27662,37
27764,27934,36
27934,27769,36
27934,27765,37
27769,27066,100
27769,27774,16
27066,27768,69
27066,27774,64
27768,48652,37
27768,27770,48
48652,27934,37
48208,9056,117
50966,39214,103
50966,48848,10
27703,27705,133
27703,39377,12
27705,27713,133
27713,27711,133
27711,27707,133
27707,27681,133
27707,27272,12
27681,37038,80
27681,28699,53
37038,27685,80
27685,27040,80
27685,27038,42
27040,27038,32
27040,27686,48
27040,27684,48
27038,26960,74
26960,27686,32
26960,27684,42
26960,27040,32
27686,27769,80
27774,27775,80
27775,27928,80
27928,29308,80
27928,27773,48
29308,27928,48
48152,25968,26
43585,25697,118
43585,25701,102
27747,27715,59
27747,41644,19
27715,27629,55
27715,27931,4
27629,27688,28
27629,27932,31
27688,27673,59
27673,28701,55
27673,27674,4
28701,27674,55
28701,27677,58
27674,50850,18
27674,50508,8
27674,50848,37
27674,50847,51
27674,44784,4
27674,50849,31
50850,27671,32
27671,27676,62
27671,27675,43
27676,28701,58
27676,27677,4
27677,27679,36
27677,27932,26
27679,27718,62
27718,27716,62
27716,27890,62
27716,27892,20
27883,27876,221
27876,27790,221
27876,42493,75
27876,27789,5
27876,25940,66
27876,28614,6
27876,28115,15
27790,27789,210
27790,25940,26
27790,28028,19
27789,42493,210
27789,49607,5
42493,11932,285
42493,39471,19
11932,27793,229
11932,25940,75
27793,25940,93
27793,25699,153
44147,25854,32
44147,25855,105
44147,49772,81
27375,25859,32
27375,27372,478
50508,27670,42
27760,27757,84
27760,27936,40
27757,27756,84
27757,27935,40
27756,11952,84
27756,27761,40
11952,11951,46
11952,26978,38
11951,42404,46
11951,27317,38
42404,42402,46
42404,50099,38
42402,27313,34
42402,43865,12
27313,27322,34
27313,50384,29
27322,40066,63
40066,43877,34
40066,27313,29
43877,49551,59
49551,43865,34
49551,43866,25
43865,28997,40
43865,41104,6
28997,41104,40
28997,28998,31
41104,35621,46
35621,28998,4
35621,28997,31
39213,27945,53
39213,27276,424
39213,27591,288
28699,27683,31
28699,27685,22
27683,27668,53
27668,27674,53
27500,27202,507
27202,27201,507
27201,27180,322
27201,39397,185
27180,12723,322
12723,27183,168
12723,27527,154
48256,27189,322
48256,27177,99
27189,27184,322
27184,27177,322
39720,39719,168
39719,27530,168
27504,11999,168
44391,39564,20
44391,46476,176
39541,39547,20
39541,27869,20
39547,41204,40
41204,50528,40
50528,39571,40
39571,50823,40
50823,39570,40
39570,27887,20
39570,27867,20
27887,39440,20
27887,27886,217
39440,39442,40
39442,39441,40
39441,27886,20
39441,27888,20
27886,27860,232
27886,27862,71
27886,27842,7
48523,39781,22
48523,44290,54
39484,27587,833
39484,28881,24
40884,39369,10
39369,39480,20
39480,11961,10
39480,27700,10
39374,39343,10
48345,27561,53
27561,27548,53
27548,27547,53
27547,27553,1023
27547,41853,8
27553,25467,1198
25467,47901,53
25467,49279,1145
47901,27015,53
27015,27013,53
27013,27018,53
27018,39593,98
39593,27017,53
39593,27012,45
27017,27930,14
27017,27023,39
27930,27023,14
27930,27016,16
27023,27005,53
27922,27930,16
27922,27016,29
27016,27018,45
27012,27014,45
27014,41202,45
41202,47884,45
47884,27550,1002
47884,41853,197
27550,25500,45
27550,41608,233
27550,28891,726
25500,48873,45
48873,27549,45
27549,27559,45
27559,48346,45
39469,39468,37
39468,39389,18
39468,27220,19
39389,39388,18
39388,41102,18
41102,27049,18
41102,27736,19
27049,39434,18
39434,39432,18
39432,39321,37
39321,39431,37
39431,27310,19
27310,39433,19
39433,41106,19
41106,41102,19
27736,39393,19
27736,27655,41
27736,37832,5
39393,39392,19
39392,39469,19
49531,27692,25
27697,49298,8
27697,26941,38
49298,39391,8
39391,39390,16
39390,26941,8
39390,27690,8
26941,27729,29
26941,39500,17
27729,27727,29
27729,39546,17
27727,27734,29
27727,39979,17
27734,39504,8
27734,27749,38
39504,49289,8
39504,27725,8
49289,41101,8
41101,44091,16
44091,39506,16
39506,27046,16
27046,39539,16
39539,39367,16
39367,27308,16
27308,27050,16
27050,27733,8
27050,49255,8
27733,27736,46
27733,26434,45
43046,43044,20
43044,43042,20
43042,41103,20
41103,39325,40
39325,41109,20
39325,41110,20
41109,49425,20
49425,49471,60
49471,49425,20
49471,49426,40
49426,49458,40
49458,39326,40
39326,41903,20
39326,41103,20
41903,41967,40
41967,41966,40
41966,39329,40
39329,39516,40
39516,26604,20
39516,49425,20
39517,41969,20
41969,39328,40
39328,41968,40
41968,41906,20
41906,41903,20
41110,43043,20
43043,43045,20
43045,43047,20
43047,43051,20
43051,39339,44
39339,43039,118
43039,28975,118
28975,28071,20
28975,43878,98
50967,48642,259
50967,39214,188
44567,42694,451
39488,39491,532
39491,39492,643
39491,43903,82
39492,39495,643
39495,39496,643
39496,27295,540
39496,40423,24
39496,26427,79
39358,39642,527
39642,48348,259
39642,27701,76
39642,39216,192
42168,27599,520
41542,26970,791
44566,44563,424
50510,27670,40
27936,27757,40
27936,11953,29
27935,27065,69
27065,27756,40
27065,27936,29
27761,27762,40
27762,27927,40
27927,27064,40
27927,28642,29
27064,27927,29
28642,27754,29
27754,27935,29
27754,27758,72
50507,27670,38
26978,11951,38
26978,42403,37
27317,42404,38
27317,42401,37
50099,27314,75
27314,50115,38
27314,41105,37
50115,26977,38
50115,26982,4
26977,26982,38
26977,50099,37
26982,26977,37
50848,27034,38
27034,41107,38
41107,41108,38
41107,27674,37
41108,27926,38
41108,41107,37
27926,26990,38
27926,41108,37
26990,41157,37
41157,27784,37
27784,27030,37
27030,27926,37
39508,27500,185
39397,39557,185
39557,27527,281
27526,28087,185
27526,48257,103
28087,28081,185
28081,43349,185
27143,27193,185
27193,27192,185
39611,43989,41
43989,43411,41
43411,39610,41
39610,43412,41
43412,43410,41
43410,43988,41
43988,39579,20
39579,39932,41
39932,39931,41
39931,39930,41
39930,39608,41
39608,39605,20
39608,39611,21
39605,39604,41
39604,39606,41
39606,26628,20
39606,39579,21
51568,11999,118
51568,28071,4
51568,12007,18
39324,41973,20
41973,26564,20
39335,41972,20
41972,41950,41
41950,41971,41
41971,41970,41
41970,50580,41
50580,50579,41
50579,39333,20
50579,26573,21
39333,39540,41
39540,26577,20
39540,41972,21
44316,12118,20
44316,26851,21
44786,41605,11
44785,26592,139
44785,27215,11
39646,27634,39
39646,27636,21
28682,39603,38
39603,39602,38
39602,39613,38
39613,39601,38
39601,29121,38
29121,39945,38
39945,39944,38
39944,39943,38
39943,39942,38
39942,39614,38
39614,39615,38
39615,28088,38
28088,29122,38
29122,27742,17
29122,27628,21
39941,27323,38
27323,27311,17
27323,27324,21
27311,27312,38
27312,27740,17
27312,28682,21
39641,39643,38
39643,27642,17
39643,27752,21
11981,27347,54
11981,27079,504
27347,25840,418
50847,27671,43
27675,27667,43
27667,27682,23
27667,27685,20
27682,27680,75
27680,27706,91
27710,27712,91
27712,27704,91
27704,27945,59
27704,39215,32
39216,39215,456
39216,48642,82
48170,25938,94
39409,39473,38
39473,27788,18
39473,27787,20
44551,44549,38
44549,44548,38
44548,44550,38
44550,48922,38
48922,44552,38
44552,39411,38
39411,27633,18
39411,27722,20
39428,39470,81
39470,50828,63
50828,28831,41
50828,27635,22
26975,27884,20
28625,27031,40
27031,37039,20
27031,28622,20
28639,28477,43
28639,27663,20
12755,26413,218
48301,39543,76
39543,39542,76
39542,39376,76
39376,39475,76
39475,49267,76
49267,39375,76
39375,51080,76
51080,26412,76
39422,27594,251
28998,43866,10
28998,43877,25
43866,50384,10
43866,27322,25
50384,41105,35
50384,50115,4
41105,42403,6
41105,27317,37
41105,42401,29
42403,27754,72
27758,27759,72
27759,11953,72
39487,39412,119
39487,43476,84
39487,27297,10
26390,26333,556
26390,48013,378
26948,50669,249
50669,44475,59
50669,26956,190
44475,27257,59
44475,39535,63
27257,47104,59
47104,43097,59
43097,43095,59
43095,48675,59
48675,39535,59
51665,48651,59
48651,44124,59
44124,42969,59
44128,44129,59
39645,27628,21
51382,39644,64
39644,39646,64
51383,28619,43
28619,28626,21
28619,28832,22
28626,12040,43
12040,27665,21
12040,27644,22
28477,27661,21
28477,27663,22
51570,27572,68
51570,26538,10
51001,51204,29
38185,38186,29
38186,38189,29
38189,38191,29
38191,39304,29
39304,38193,29
38193,38195,29
38195,19373,29
38197,38199,29
38199,6213,29
39310,39309,29
39309,39305,29
39305,39308,29
39308,39307,29
39307,39306,29
39306,6212,29
38200,38198,29
38198,38196,29
38196,20945,29
38194,38192,29
38192,38190,29
38190,38188,29
38188,38187,29
38187,17820,29
17820,6215,119
6215,20947,119
20947,17822,119
17822,6216,119
6216,17823,119
17823,51205,29
17823,17824,90
51205,51203,29
51205,20953,2
51203,51001,29
37216,39359,173
37216,37214,171
39359,37214,173
37214,37211,344
37211,37210,344
37210,41542,251
37210,26970,93
39421,39364,173
39364,39420,173
39420,27298,173
39419,39418,173
39418,39417,173
39417,39416,173
39416,27280,173
26964,27281,217
26964,27279,46
39426,39565,175
39565,39425,175
39425,39424,175
39424,27297,175
39423,39365,175
39365,39422,175
39415,37212,175
37212,37213,175
37213,39362,175
39362,37215,175
37215,48607,175
43477,43899,192
43899,43903,192
43903,43901,274
43901,43475,274
43475,49077,192
43475,28600,82
49077,26966,192
43476,43904,276
43904,43902,276
43902,43478,192
43902,39490,84
43478,43900,192
43900,27300,192
28120,28130,150
44288,39765,348
44288,39766,558
39765,39785,627
39765,39793,279
39785,39784,627
39784,48030,150
39784,48059,195
39784,44943,198
39784,48050,84
44290,44289,609
44289,39793,330
44289,44288,279
39793,28126,131
39793,39771,279
39793,39776,199
28121,28119,131
28119,27567,131
41604,27652,60
41604,27689,2
27652,27732,44
27652,37832,21
27732,27748,41
27732,27054,8
27748,27735,41
27748,27689,53
27735,44090,18
27735,27725,23
44090,39503,35
39503,39977,18
39503,27734,17
39977,27725,18
27725,39546,18
27725,27726,31
39546,39545,35
39545,27726,18
39545,27727,17
27726,39500,18
27726,27728,31
39500,41203,35
41203,39978,35
39978,27728,18
39978,27729,17
27728,27696,41
27728,39391,8
27696,27690,41
27690,49531,26
27690,27778,20
27690,39133,9
27690,27689,18
39979,44090,17
27749,27733,38
12535,27069,8
12535,50472,37
27069,27937,8
27937,27067,8
27937,27068,8
27067,27925,8
27925,40444,8
27925,27937,8
40444,40442,8
40444,40445,12
40444,7600,21
40442,40443,30
40443,35297,8
40443,40446,8
40443,40445,20
35297,40443,8
40446,44890,8
40446,28583,10
44890,27925,8
27068,27901,8
28819,27306,21
28819,36801,37
27306,48436,21
27306,43818,18
48436,28826,33
48436,36802,18
48436,46936,10
28826,26971,51
26971,46936,21
26971,48436,28
46936,46908,31
46936,47124,22
46908,48432,43
48432,39595,43
39595,39597,61
39597,39596,61
39596,48431,40
48431,48433,40
48433,46903,30
48433,47124,10
46903,28826,18
46903,48436,12
46903,36802,20
36802,27306,18
36802,43818,37
43818,28800,180
43818,26710,6
43818,39133,26
43818,39936,19
28800,43761,139
28800,27520,127
28800,27523,14
43761,27520,100
43761,27523,39
27866,27887,126
27866,27842,5
48168,9056,207
51118,27664,60
51118,27657,25
28627,27723,18
28627,27659,20
27907,50216,18
50216,27940,18
27940,11972,20
40445,40448,32
40448,42740,12
40448,39716,20
42740,36811,32
36811,40441,32
36811,36813,17
40441,26972,32
26972,39963,32
26972,34978,32
39963,46908,12
39963,26972,32
39963,46903,20
47124,39963,32
34978,40440,32
34978,35015,15
40440,42739,10
40440,39716,22
42739,40447,32
40447,40446,10
40447,40442,22
28583,26711,10
28583,43223,20
28622,26975,20
28659,28129,438
39766,39477,558
39477,39478,558
39478,39476,558
39476,39765,558
39771,42455,358
39771,28135,99
35549,47431,198
47431,27230,198
28143,39790,199
47428,35548,199
35548,43525,199
27226,27222,199
28420,28421,142
28421,28419,48
28421,28416,99
28419,27776,25
28419,28509,23
26568,28633,16
28633,27731,8
28633,27730,8
28634,27630,8
28634,27721,8
27657,28634,8
27657,39133,4
27657,27721,16
27721,26568,8
27721,27730,16
27730,27690,24
35198,28356,115
35198,35196,5
28356,35196,140
28356,35193,13
35196,35195,120
35196,35193,25
35400,12800,115
35400,12798,5
26953,27265,3
43434,36979,611
43434,11274,83
43434,43436,331
43434,10847,39
43434,10840,10
36979,43697,1551
49625,49460,82
49460,26787,30
49460,10818,52
24356,24358,68
24356,24365,3
24358,24360,71
24360,43227,71
43227,24414,68
43227,24411,3
22865,792,99
22865,15922,20
22865,37149,2
37149,15921,22
37149,24370,37
24371,22280,57
24371,22876,2
793,24794,114
793,23582,7
793,22886,33
24361,24363,71
24363,24366,52
24363,24483,19
24366,24483,52
40875,41222,116
41222,4541,429
4541,4722,435
19689,43351,339
19689,4576,76
43351,4576,564
4576,5037,618
4576,4907,22
5037,41718,182
5037,4593,279
5037,43354,157
41718,43353,182
41718,4972,16
43353,4972,182
4972,4973,477
4973,4543,457
4973,20779,20
4543,4592,457
4592,19690,457
19690,4907,182
19690,4577,275
4907,19691,204
19691,19688,200
19691,4929,4
19688,19687,200
19688,4818,217
41716,5917,182
41716,4835,18
4835,4831,375
4831,4830,375
4830,5095,357
4830,35362,18
5095,35362,182
5095,35368,175
35362,41714,182
35362,35365,75
49797,7561,168
12193,51421,106
12193,43559,13
26738,41641,174
26738,41642,84
41641,26746,161
41641,26745,97
26746,26759,151
26746,38119,84
26759,28573,151
28573,26757,316
26757,28195,232
26757,49373,84
28195,26745,77
28195,41643,74
28195,41642,81
26745,12457,21
26745,26748,153
12457,26748,21
12457,26747,20
26748,43223,21
26748,48616,153
43223,43222,41
43222,43339,41
43339,40444,21
43339,12457,20
7600,7601,20
7601,7589,20
7589,28583,20
26747,26746,74
26747,12456,101
41643,28230,256
26724,26711,115
27303,39345,12
39345,27707,12
27272,39525,12
25006,77,8
25006,36832,349
25006,23777,4
77,22345,574
22470,21681,687
21681,21682,144
21681,22340,543
35285,21688,130
35285,15606,14
21688,24309,285
23402,22848,213
23402,84,155
36833,50266,5
36833,39268,176
7343,7394,580
7343,7344,1601
22164,22165,572
40735,22117,311
40735,22166,164
22243,22244,22
42401,26978,37
42401,42403,29
37243,1028,5
38289,38290,46
38290,38291,46
38291,38292,46
38292,38294,46
38294,38296,46
38296,38299,46
38299,38300,46
38300,38303,46
38303,38304,72
24369,949,280
24369,935,10
22288,22527,161
22288,24981,16
22288,940,112
16384,16383,562
16383,51776,290
16383,16212,267
16383,16205,5
16354,16008,824
16008,16007,824
16007,16009,769
16007,15994,55
16009,15994,495
16009,16494,274
15994,16642,349
15994,15997,250
15994,25299,2
16642,16641,248
16642,16536,193
16641,23287,248
16573,23338,186
16573,16574,728
16607,16600,745
16600,16599,472
16600,16514,14
16600,16496,273
16601,16500,356
16500,24373,356
24373,16496,356
42878,14339,14
42878,13354,26
42878,13214,34
727,16504,144
727,16608,73
727,732,314
727,42301,14
24372,16602,189
16559,16555,629
16555,16538,629
41755,39175,343
39175,41753,250
39175,16557,9
39175,40809,60
39175,16629,56
16567,16566,428
16567,16621,14
16567,16509,158
16566,24133,704
24133,16570,592
24133,16591,68
24133,16571,40
24133,16551,4
16542,16544,909
16542,41764,76
16544,16541,575
16544,41764,334
16541,16553,595
16553,16554,595
16553,16556,14
16554,16556,595
16556,23288,367
16556,16598,260
16556,16607,6
16609,16582,156
16609,16521,71
49975,12990,62
15991,16622,496
15991,16572,10
15991,16546,261
39176,39177,273
39176,44783,10
39176,41812,40
24708,16572,696
23478,23481,218
23478,25153,6
23478,16494,4
23481,16494,34
23481,25153,196
23481,23686,22
16494,16491,14
16494,50851,74
16494,23686,30
16494,16524,200
16494,751,2
945,947,10
945,950,37
22742,16493,61
22742,16524,48
22742,50853,498
22742,16642,42
16493,15994,49
16493,25153,90
16493,16642,12
16493,15997,8
15997,25299,175
15997,16773,38
15997,15993,37
15997,23316,8
25299,16565,10
25299,15993,57
25299,16542,108
25299,15719,2
50494,15907,280
50494,44135,110
43305,16237,64
43305,38652,104
43305,38647,14
43305,43689,8
20717,43385,26
43300,16237,231
16546,16529,261
16529,16587,261
41168,43856,52
41168,37273,70
4919,39859,46
39859,39860,46
39860,39863,46
39863,39865,46
39865,4752,46
4752,4843,46
4788,50395,46
21669,15802,6
21669,43981,388
34107,22462,29
34107,23777,148
34107,77,16
34107,24741,9
48524,43525,133
18807,19323,670
19323,19324,430
19323,40363,127
19323,40358,113
19324,40365,193
19324,6005,303
19324,19325,42
40365,19325,193
19325,19326,348
19326,6015,348
6015,19309,235
6015,41277,113
19309,6000,312
6000,19308,425
19308,41011,198
19308,40374,119
41011,5898,198
5898,5998,198
19340,20608,42
18820,18818,65
51282,5006,109
5006,5004,109
5004,21050,46
5004,19400,4
5004,21059,59
21050,4260,207
4260,21045,46
4260,43885,132
4260,21042,29
21045,18347,77
18347,21069,77
21006,19414,471
21006,19399,83
19414,18305,49
19414,48416,134
19414,19399,288
18305,18306,49
18306,20966,49
20966,20950,49
20950,51200,44
51200,51196,44
51196,5001,44
5001,20955,44
20955,6207,44
6207,20978,44
20978,20993,44
20993,20999,44
18303,18246,299
18246,18213,116
18246,21018,239
18213,21018,116
21018,4193,355
21018,35578,44
21064,5207,72
21064,6251,213
5207,5208,72
5208,5209,72
5208,43885,31
5209,5210,202
5210,5002,41
5210,19400,130
5210,21059,31
5002,5003,98
5003,5005,98
5005,21003,98
21003,48416,52
29160,29161,91
29161,29162,91
29162,29165,91
29165,29167,80
29165,50626,11
29167,29168,91
29168,40462,91
40462,40463,91
40463,48653,19
40463,40461,72
48653,40478,19
40478,48844,19
40478,40479,72
48844,48534,19
48534,48721,19
48721,48766,19
48721,48375,61
40490,39147,4
40490,17611,108
41671,18833,31
41671,18824,19
6723,6724,31
6723,20175,148
6724,6725,100
6725,40495,100
40495,6728,31
40495,40493,172
18287,18288,20
18289,7256,20
7259,51049,20
51049,20812,20
35189,20092,20
20055,20813,20
20813,51065,44
51065,20814,44
20814,18728,44
23426,23431,211
23453,15489,190
23453,40035,112
15489,33871,103
15489,40428,87
33871,25416,870
25416,33907,190
25416,23508,112
25416,25423,680
33907,15491,263
33907,15492,112
15507,33906,265
15507,25330,110
33906,23465,104
33906,23508,87
33906,33907,112
33906,23470,74
23465,23455,104
23465,33899,546
23455,23450,104
23455,15487,86
40044,23441,850
40044,40045,86
23508,23503,174
23508,40430,112
23503,23461,87
23503,33871,87
15474,23437,197
23437,33912,197
33912,15463,197
15463,23421,197
25421,23436,667
25421,23429,315
23433,40030,87
40030,40046,87
40046,23443,87
23501,23403,87
23403,23404,87
23404,23459,87
40428,23462,87
15487,40041,198
15487,23459,546
15487,15491,28
40041,40040,86
40041,23407,112
40040,40429,86
40429,40042,86
40042,40044,86
40045,40047,86
40047,40052,86
40052,23438,86
23420,33911,198
33911,23500,198
23500,23445,199
40038,40039,110
40039,23459,110
25330,25329,110
25329,40037,110
40037,40431,110
40431,40032,110
40032,40049,110
40049,40435,110
40435,33905,110
33905,23464,110
33905,23465,546
33905,33907,73
23464,23458,110
23458,23454,110
23454,23450,110
23449,23446,110
23449,23447,73
40434,40436,110
40436,40051,110
40051,40048,112
40048,40050,112
40050,663,112
37829,33896,112
37829,40044,74
37829,23460,5
33896,23448,112
40035,40433,112
40433,25416,112
40430,40033,112
40033,40036,112
40036,33902,112
33902,33903,112
33903,33904,112
33904,33906,112
23407,33895,112
33895,15499,112
33899,23461,546
23351,15565,24
23351,21998,35
15565,15566,51
15566,15567,51
15567,23354,51
23354,23353,51
23353,51794,51
51794,15568,51
15568,16035,51
16035,25131,32
16035,817,19
25131,817,32
817,818,51
818,16032,51
16032,15829,15
16032,23418,17
16032,23300,10
16032,820,9
15829,16005,50
15829,16031,9
16005,22094,50
48615,48881,15
48615,15905,34
48615,41130,86
21998,22094,5
21998,15829,35
51498,24674,5
24674,21634,5
24674,15772,45
24674,15379,9
43983,16416,428
16416,15813,432
15813,15812,308
15813,15868,124
43303,23259,50
43981,43982,388
43982,15802,388
23418,23421,669
23418,25421,18
16526,16491,27
16526,23686,418
16526,25153,205
305,326,8
305,302,419
305,26330,8
305,304,240
326,23418,8
326,510,32
326,43606,401
50567,9046,80
50567,10775,27
12875,12847,222
12875,13644,179
13343,14045,140
13343,29432,32
16002,23478,168
16002,16494,8
16002,23481,34
40432,23418,14
40432,35701,111
40432,23438,11
11972,27745,20
50849,27671,26
50849,27670,4
27932,27679,26
27932,27688,31
49791,21270,6
49791,12032,3
49791,2534,4
49791,23543,3
49791,22062,4
38203,38202,90
38202,20940,90
20944,20941,90
20941,6214,90
6214,17820,90
17824,17825,90
17825,20981,90
43913,43912,232
43912,43909,176
43912,43977,56
43909,4162,147
43909,18199,29
20965,20956,91
20956,6208,91
6208,20952,89
6208,51205,2
38201,38203,89
21113,21100,84
21061,21048,409
21061,5143,101
21061,4479,216
21061,4655,608
21072,21065,177
21065,18312,177
18312,21057,177
21057,21041,299
21041,6203,299
6203,21015,299
21015,21017,175
21015,18248,130
21017,21054,278
21054,21068,278
21068,21077,278
21077,4166,302
21077,4160,17
18363,21049,623
18363,4479,64
18363,21081,128
21049,4261,411
21049,4655,212
4261,19380,685
19380,4479,243
19380,21061,46
45001,48974,112
45001,52026,56
48974,48939,112
48974,50053,213
48939,48938,168
48938,49764,381
49764,27136,375
49764,27394,6
27136,27134,687
27134,27375,168
27134,25855,519
27372,27394,478
27394,43774,484
43774,12004,168
43774,27400,316
43774,49304,331
27348,27089,411
27348,27409,4
52026,52027,56
52027,48939,56
27079,27987,1034
27079,27347,364
27079,25840,51
27987,27128,1034
27128,44145,307
27128,25839,219
27128,25700,419
27128,27431,89
44145,27364,383
27364,27433,389
27433,27122,175
27433,28657,138
27433,27425,76
27122,27120,175
27120,27072,173
27120,27124,2
27072,27124,173
27124,27425,169
27124,27967,2
27124,28030,4
27425,27078,253
27078,27964,177
27078,27341,76
27964,27962,177
27962,25840,175
49420,27352,463
49420,25938,215
27464,27462,690
27462,27468,564
27462,42254,135
27468,27454,564
27454,27455,564
27455,50464,555
27455,27453,9
50464,27338,555
27448,27459,382
27448,41918,330
27450,12005,118
27450,27458,80
12005,41613,97
12005,28065,26
41613,38981,97
38981,27476,118
27476,28068,96
27476,49637,5
27476,44515,22
28068,35690,96
28068,27475,5
35690,35689,96
35689,38982,85
44777,27447,723
27447,27451,523
27447,27457,200
49417,27961,152
49417,27352,126
49417,27358,89
27961,27965,154
27965,27970,154
27970,27365,154
27365,27125,152
27365,27346,90
27365,27967,2
27125,27070,154
27070,27121,154
27121,27346,154
27346,27435,370
27435,27429,370
27429,27129,278
27429,44146,90
28657,28030,75
28657,49718,63
28030,27975,142
27975,27966,144
27966,27988,138
27966,11979,6
27988,27968,138
27968,27341,138
27341,49389,138
27341,43197,76
49389,27073,138
27073,27979,138
27073,27350,219
27979,27340,138
49392,27974,557
49392,27358,331
27992,27081,372
27398,28021,138
27398,27421,219
28021,27113,138
27113,28023,138
28023,28046,581
28046,28044,581
28044,27438,581
27438,27440,372
27438,27437,209
27440,28159,138
27440,28157,234
27440,28169,4
28159,28158,304
28158,29036,138
28158,27423,127
28158,27138,39
29036,28160,334
28160,42524,334
28160,28162,80
42524,42247,138
42524,49002,196
42247,41927,138
41927,28168,138
28168,41654,138
28168,29199,476
41654,41656,138
41656,50563,138
50563,50982,138
50563,49000,194
50982,49041,138
49041,49055,138
49055,49088,138
49055,40063,194
49088,40064,783
40064,40060,449
40064,50563,194
48998,49023,126
48998,48999,196
49023,50561,126
50561,41657,126
41657,41655,126
41655,28170,126
41653,41926,126
41926,28165,320
29035,27115,320
27115,40053,153
27115,27423,637
40053,28163,288
28163,27377,126
28163,28157,162
27377,27439,365
27439,28045,584
28045,28047,584
28047,28022,584
28022,27114,126
28022,27108,458
27114,28020,126
28020,27112,126
27112,27378,126
27112,42165,209
28009,27991,365
27991,27369,365
27978,27074,126
27074,27342,126
27342,27969,126
27342,44389,90
27969,27977,126
27977,27967,126
27967,27976,130
27976,11979,130
11979,28658,83
11979,49718,43
11979,27425,8
11979,27125,2
28658,27346,126
49718,49711,106
49711,49734,106
49734,49726,106
49726,28658,43
49726,28030,63
27957,27959,209
27959,27955,209
27955,27343,209
27954,28060,302
28060,28061,302
28061,27999,302
27999,27086,302
27086,27084,302
27084,27996,209
27084,27082,93
27996,27375,209
27400,27444,556
27444,27443,556
27443,27139,470
27443,28161,80
27139,27115,470
27423,27107,443
27423,12004,321
27107,28023,443
27437,28652,209
28652,27112,209
27421,27436,223
27436,27439,219
27436,27440,4
27108,27422,458
27422,27138,458
27422,40053,135
27422,29036,196
27138,27446,501
27083,27085,223
27085,27087,312
27087,28000,312
28000,28062,312
28062,27953,312
27953,27136,312
27344,27956,221
27344,12221,463
27344,27350,13
27956,27960,221
27960,27958,221
27958,27073,219
27958,27350,2
27470,27464,295
27470,27462,9
28064,28647,386
28647,27949,386
27949,27950,386
27950,27450,386
28157,28168,476
29199,40424,449
29199,40063,27
40424,40061,645
40061,49088,449
40061,48998,196
40061,28169,39
28055,27133,72
27133,27426,72
27426,27430,72
27430,27129,72
27082,28001,91
27082,25855,2
28001,28048,91
28048,28003,91
28003,28027,91
28027,41647,87
28027,28050,4
41647,41649,87
41649,28050,87
28050,25857,91
41650,49420,87
41650,49418,321
38982,41611,59
38982,42166,26
41611,41612,109
41612,27475,109
27475,42250,109
27475,27458,5
42250,27458,109
27358,11980,442
11980,25969,89
11980,42688,331
11980,27080,22
11980,25968,6
11980,27093,8
28049,41648,89
28049,28026,6
41648,41646,89
41646,28026,89
28026,28002,95
28002,28004,95
28004,27085,89
28004,27370,6
27431,27428,89
27428,27427,89
27427,27132,89
27132,28055,89
39262,49229,96
39262,44685,64
46,33966,330
33966,24813,122
33966,16847,205
33966,98,3
44679,44359,24
44359,43470,24
43470,43468,24
43468,43466,24
43466,43464,24
43464,43462,24
43462,43460,20
43462,43458,4
43458,43444,24
43444,43447,24
43447,43449,24
43449,43451,24
43451,43452,24
43452,43454,24
43454,1252,20
43454,1165,4
7714,7665,25
7665,7666,23
7665,34843,18
7666,34843,14
7666,7763,22
7666,7325,15
34843,7325,14
34843,7822,41
38159,38148,14
38159,38164,9
7297,7296,70
7297,7318,54
27467,27472,535
27467,27353,5
28008,27993,185
42254,49719,135
49719,42246,135
42246,42251,386
42251,42252,259
42251,42253,127
42252,29034,197
42252,27366,62
42688,43943,331
43943,43774,331
49304,27422,331
43942,43786,321
43786,49160,321
49160,41650,321
49418,29033,127
49418,27344,194
42253,42255,127
42255,49723,127
41918,41919,397
41918,40420,9
41919,40420,397
40420,40058,406
40058,41916,482
41916,40057,467
41916,41913,6
41916,41912,9
40057,41910,473
41910,41908,473
41908,27459,473
50707,750,29
50707,15998,6
40210,40209,37
40209,40206,37
40206,40205,37
40205,39835,37
39835,40200,37
40200,40196,37
40196,40195,37
40195,11192,37
11196,11251,37
11251,11247,37
11247,11252,32
11252,11191,32
40193,40194,12
40193,40197,20
40194,40197,12
40197,40201,32
40201,40202,32
40202,40203,32
40203,40204,32
40204,40207,32
40207,40208,32
40208,11208,32
9647,9694,165
11461,41132,163
10770,11539,69
28990,28991,20
28991,49068,20
28991,49162,21
49068,26520,40
39444,39443,41
39443,26852,20
39443,27885,21
39716,50553,42
50553,42740,20
50553,42739,22
33961,33957,111
33957,50988,111
50988,33944,111
33944,33952,111
33952,33954,111
33954,33956,74
33954,33958,37
33956,33958,74
33956,33945,37
33958,33945,74
33958,33956,37
33945,15879,111
6962,20675,32
6944,20663,96
6953,20675,92
19067,17639,251
19067,21250,26
19248,19265,329
19915,19916,61
27684,27683,22
27684,27682,52
27684,27680,16
51995,12226,30
25099,15680,224
25099,42632,23
15680,15409,224
15680,23330,4
15409,15411,634
15411,25090,610
15411,42627,24
25090,15479,610
15479,15632,402
15479,25088,208
15632,15524,426
15524,15626,402
15524,42625,24
15626,41264,238
15626,15617,164
48272,25093,139
48272,25092,56
15396,15378,250
15396,23252,125
15378,15900,388
15900,25084,287
15900,15853,101
49607,28068,5
16232,44372,34
16232,44328,325
50461,50407,84
50409,50454,82
50454,50185,82
25088,15398,208
25088,42636,23
15398,15401,208
15401,15399,208
15399,15451,208
15451,15361,208
15361,25077,208
25077,25083,208
27537,25953,136
27537,28111,24
27216,49078,160
49078,27215,136
49078,27213,24
40869,20680,197
42166,41611,50
25102,15630,565
15630,25103,461
15630,35231,104
25103,15854,461
15854,15493,461
15853,23253,360
15853,15702,91
15853,41227,110
23253,15702,360
15702,15820,274
15702,15688,5
15702,15898,86
15702,15354,86
7095,21281,34
7095,17601,49
7095,19352,17
7056,20648,41
8073,8399,440
8073,11530,778
8073,8040,58
8073,8368,8
8073,38149,8
8399,8096,167
8399,8073,786
8399,34685,63
8399,42150,94
8399,42972,208
8399,7702,46
8399,8039,2
8096,7926,12
8096,36084,95
8096,49083,60
7926,34767,12
7926,34756,155
34767,34786,148
34767,34771,8
48944,28638,340
26125,26260,340
26260,26256,340
26256,25996,340
26333,26331,717
26331,25922,717
26158,26143,340
26143,25904,340
25904,25905,340
25905,25906,348
25906,28680,340
25906,25563,8
25906,27424,2
28680,25902,672
25902,25553,346
25902,25540,332
26175,26173,353
26173,26152,353
26152,26151,353
1159,17254,6
4040,36000,6
1687,3835,6
1687,42829,133
5114,37041,90
37041,35393,90
35393,5115,36
35393,5808,54
5115,39853,74
39853,39851,74
39851,39850,74
39850,39852,74
39852,5110,38
25124,25099,101
25124,15876,30
3937,48898,191
3937,3926,250
15504,15823,154
15504,15843,24
52029,15671,46
52029,15604,61
15815,44371,37
15815,24229,45
15815,15808,77
48824,15618,130
48824,40814,17
48824,42641,24
35741,35742,530
35742,34142,530
34142,38710,530
38710,34147,530
34147,34146,427
34147,37802,103
34146,35743,427
34146,42036,24
35743,35745,430
35745,887,430
42465,24928,135
51586,1025,135
1025,24573,135
44052,44069,24
44052,44024,33
44052,46875,149
44069,44067,24
44067,44066,24
44066,44032,24
44032,44034,24
44034,44053,24
37726,37725,287
37726,43334,14
37725,37724,287
37724,37723,287
37723,37722,308
44680,34217,548
44680,12823,100
44680,25058,244
2,24838,20
2,23537,70
2,34030,241
2,15667,64
24838,16709,6
24838,34096,33
24838,34135,38
16709,22017,317
16709,15667,14
22017,22453,331
22453,16097,21
22453,16711,310
25397,21991,80
21991,21983,442
21983,21984,442
21984,21985,442
21985,21978,442
21978,21979,442
21979,22677,442
22677,23207,240
22677,21988,202
23207,23205,84
23207,779,156
23205,24738,80
23205,21878,4
21144,4590,41
13465,43277,686
36910,21513,84
36910,15897,81
36910,979,177
28674,28675,270
28674,26046,20
28675,28842,302
28675,26063,6
28842,28843,302
28842,28612,2
28845,26012,518
26012,43371,302
26012,37420,384
26012,26150,2
43371,28846,302
28846,28847,302
28847,28848,302
28848,28849,302
28849,28861,302
28861,26251,302
26251,12025,732
26251,26326,2
12025,48397,726
12025,26353,6
48397,26353,726
26353,27307,476
26353,25975,208
26353,25919,270
26353,25550,38
27307,26345,476
26345,28603,832
28603,28604,832
28604,12029,832
12029,36090,832
36090,26369,832
26369,26372,832
26372,26373,34
7049,50006,16
50006,7046,32
7046,7047,32
7047,7044,16
7047,17966,16
7044,7045,16
7045,50006,16
7096,18926,16
7096,18925,17
7114,7094,16
7114,7095,17
7111,7112,33
7112,19328,16
7112,7113,17
20014,5587,16
5587,19350,17
7125,7126,16
7126,7127,31
7127,7129,16
7127,4183,15
7129,7130,31
7130,7131,16
7130,7126,15
7131,7133,16
7133,7134,31
7134,7129,15
21210,38965,63
21210,44547,13
39991,19148,172
19148,39996,172
39996,39994,57
39996,6255,48
39994,6255,57
6255,19488,85
6255,19006,20
5529,5530,132
5530,5531,132
5531,19043,132
19043,20907,65
19043,17696,67
40496,20890,122
40496,6261,10
20890,19270,132
19270,19138,132
19138,40497,132
40497,6267,132
6267,17718,132
17718,19046,57
17718,19139,67
17718,6261,8
5533,19133,160
19133,19136,160
19136,5534,160
5534,19047,132
5534,18957,28
19047,4269,57
19047,20888,93
19047,6268,8
14232,14237,159
14237,14219,159
14276,14272,60
14272,29438,60
14267,14265,65
14265,14264,60
14265,14568,5
14264,14266,60
14266,14178,60
14178,14164,60
14164,14569,60
14569,14263,60
14263,14268,64
14268,29472,60
14268,14270,4
14275,14279,184
14279,14278,60
14279,14381,6
14279,43840,118
14278,14226,60
14226,14223,60
14238,14230,159
14230,14233,159
14246,14253,159
14253,14251,159
14259,14261,159
14261,14256,159
44159,16205,317
25208,16874,317
25208,16347,26
25208,24318,106
16874,16228,317
16228,16184,409
16184,16185,409
16185,25237,409
25237,25238,409
25238,25239,409
25239,16227,409
16227,23367,317
16227,16226,92
23367,16164,417
16164,24319,361
16164,25252,56
24319,16172,462
16172,16226,370
16172,16228,92
16226,16345,462
25209,16112,474
16112,16110,474
16110,16278,444
16110,16297,30
49164,38796,543
38796,51506,667
51506,16237,162
51506,40530,505
16276,23274,162
23274,16275,162
16275,23275,162
23275,16422,162
16422,23276,162
23276,25253,162
25284,16358,162
16358,16356,162
16356,16357,162
16357,16359,104
16357,25248,58
16359,16366,104
16366,16333,104
16333,25248,104
25248,23280,162
44367,16283,124
44367,16215,15
44367,16286,353
20195,19534,116
20195,50915,161
20195,50909,63
19534,19535,277
19535,6721,116
19535,20461,161
5535,5536,122
5536,5537,122
5537,5538,122
5538,20887,112
5538,6269,10
20887,4268,122
4268,5539,122
5539,20888,55
5539,5533,57
5539,6268,10
20888,19095,148
19095,19139,81
19095,40496,67
19139,20893,122
19139,20894,26
20903,17696,89
20903,5529,67
19154,20906,138
19154,6265,18
5525,39915,63
39915,19044,63
19044,39897,63
39897,19110,63
19110,39896,63
39896,19045,63
19045,5528,63
5528,20897,63
5522,18596,130
18596,20901,63
18596,19118,67
20901,39912,63
39912,39892,63
39892,39909,63
39909,39907,63
39907,19124,130
19124,39906,63
19124,39891,67
39906,39911,63
39911,39905,63
39905,39891,63
39891,39904,130
39904,39899,130
39899,5892,130
27054,41101,8
49255,39505,8
39505,39504,8
24406,24404,259
24406,47924,6
50578,24390,5
14633,763,5
14633,14660,4
14633,762,110
763,938,5
14637,921,5
51456,14418,135
51456,41889,375
51456,14481,6
14488,14428,151
14488,41879,98
14428,14426,162
14426,14291,12
14426,13160,147
14426,29578,3
40065,40422,90
40422,43201,90
43201,27342,90
44389,27365,90
44146,27981,90
42523,25973,90
14479,51456,8
14433,14435,128
14433,14440,116
14439,14432,125
14430,14428,11
14430,14429,99
924,14665,3
924,962,103
24127,24131,646
22434,22544,474
42489,24390,113
1013,863,74
863,894,68
894,899,68
852,851,68
852,860,7
851,850,68
851,856,6
23759,854,68
23759,40796,271
854,855,68
855,856,68
856,857,68
857,860,68
860,862,75
862,865,68
862,1003,7
865,745,68
865,1003,3
22276,24845,19
24845,15915,19
15915,24520,2
15915,50080,17
24517,24518,18
24518,24519,18
21905,50093,17
50093,22276,17
50080,24525,16
50080,24524,1
994,24390,13
918,42128,41
918,765,4
918,24730,105
918,51045,208
42128,14665,133
42128,765,4
15978,15979,13
15979,15981,13
15981,15976,13
15976,15975,13
15975,15911,13
15911,15982,13
15982,24629,13
24629,15983,11
15983,24631,11
24631,24632,11
24632,24633,11
24633,24635,11
24635,24634,11
24634,24637,11
24637,15977,11
15977,935,11
934,961,142
934,959,112
962,919,242
962,24424,4
919,24421,329
919,24419,23
49803,24467,103
51779,23474,5
23474,22851,5
23474,51778,2
51778,22278,45
16666,15992,6
16666,35331,50
16043,16047,54
16047,16048,54
16048,16045,54
16045,16046,54
16046,16042,54
16042,16044,54
16044,799,54
799,25159,54
25159,16000,28
25159,15996,26
41766,24411,23
41766,15995,90
14393,29497,181
29497,14403,181
14403,14405,181
14405,14406,181
14406,14408,181
14408,14468,181
14468,14469,181
14468,29467,10
14469,14409,181
14409,14410,181
14410,14411,181
14411,14371,181
14371,14372,181
14372,14412,181
14412,14413,181
14413,29562,181
29562,29553,297
29553,14373,297
14373,14415,297
14415,14374,297
14374,14375,297
14375,14400,297
14400,14398,181
14400,51462,116
874,886,2
874,884,68
874,37802,16
49655,24390,2
49655,24467,35
24391,24390,3
26832,26828,118
41642,42044,165
42044,42034,165
42034,42033,165
42033,49336,165
49336,42045,165
42045,41641,84
42045,41643,81
38119,26875,84
26875,26877,165
26877,26876,165
26876,40920,165
40920,49378,165
49378,49375,165
49375,26762,165
26762,26764,165
26764,26766,165
26766,26879,165
26879,26767,165
26767,28574,165
28574,26880,165
26880,26765,165
26765,26761,165
26761,26760,165
26760,28573,165
49365,26875,81
48115,26659,81
48740,26596,24
26596,26590,44
26590,39136,24
26590,39137,20
39136,26594,24
26594,26582,24
26566,26562,24
47852,26122,56
16264,16261,910
16261,16262,910
16262,25260,910
16262,1030,7
25260,16266,1016
16266,23272,748
16266,43190,282
16766,16767,1082
16766,16775,13
16767,16775,1082
16775,24685,742
16775,43190,353
24685,16267,1006
24685,16266,6
16267,16263,900
16267,47254,106
16263,50380,887
16263,16268,13
50380,16268,570
50380,23261,283
50380,25258,34
16268,16338,522
16268,15641,48
16268,25258,13
28717,28716,97
28716,28715,97
28715,28713,97
28713,28712,97
28712,28711,97
28711,28710,97
28710,28709,88
28710,26705,1
28710,26706,10
28709,28708,84
28709,26706,3
28709,28707,1
28708,26705,84
28801,28741,92
28801,28734,1
28741,28740,97
28740,28739,80
28740,28734,17
28739,28738,80
28738,28736,75
47856,3937,86
47856,3999,58
47856,2356,56
47856,2394,7
40327,40322,151
40322,40321,151
40321,19663,151
19663,19664,151
19664,21294,135
19664,19384,16
41140,19646,116
19646,19647,116
19647,41142,116
41142,41146,244
41146,41141,244
41141,19648,116
41141,40319,128
19648,19649,116
19649,39838,116
39838,40317,116
40317,40314,116
40314,40311,116
40311,19651,116
19651,19652,116
19652,40313,116
40313,19653,116
19653,19654,116
19654,19655,116
19655,40268,116
40268,18893,116
21222,50869,86
2234,2963,269
2194,3632,138
35647,3012,222
44238,49058,6
44238,43433,238
21713,21343,26
21713,21671,16
21944,775,231
21944,24134,340
23010,21756,140
21756,23013,140
23013,21755,213
21755,22279,213
22279,21810,140
22279,42152,73
34021,21876,232
21876,24163,232
22544,22545,581
22544,23698,124
22545,21722,140
22545,23698,441
23920,23909,619
23920,44303,124
24056,23081,551
19809,20286,140
19809,34309,45
19809,20138,2
20286,5580,18
20286,20138,12
20286,5564,114
20286,19780,2
19796,19797,132
19797,34246,132
19487,5842,234
5988,19493,245
19493,19792,2
19493,20851,12
19493,6117,4
19493,34248,103
19493,19494,122
19792,19497,2
19792,5930,6
19792,20861,6
19792,19791,8
19792,19752,2
41031,39804,18
49716,49735,219
49735,49727,219
49727,49728,219
49728,49732,219
49732,50076,219
50076,49712,219
49712,49724,219
49724,42731,3
49724,39254,204
49724,43404,3
42731,35970,214
42731,35989,4
35970,35969,288
35969,23048,3
35969,22161,282
35969,23039,3
40790,35973,721
10572,39224,512
10572,11003,177
51672,38861,474
38861,38863,264
38861,42668,210
41164,40792,1008
41165,41163,567
41165,42722,427
38862,38860,467
38860,51675,268
38860,10868,199
51675,9023,268
27080,27094,10
27080,27358,2
27941,25968,2
27941,11980,18
28024,27389,6
38390,22127,9
38390,41878,211
35972,36094,382
44174,44781,44
44174,39178,44
44174,41749,42
44174,16557,4
44174,16629,72
44781,44782,44
44782,41812,24
44782,41755,20
41752,43219,30
41752,42853,28
43219,42853,30
42853,42854,58
42854,16557,6
42854,39169,22
42854,39174,6
41370,44076,20
41370,16885,113
41370,44498,140
44076,16769,20
44076,41371,4
16769,16693,360
16769,16576,24
16693,16576,360
16576,16611,384
43126,262,24
262,261,2448
262,257,225
14731,438,497
14731,624,587
615,48521,487
615,503,34
48521,589,487
589,520,130
589,590,3
589,507,642
520,525,152
520,524,317
526,519,128
526,42689,18
526,37538,603
48520,509,483
509,440,536
440,24721,146
440,437,390
260,262,943
50804,49677,68
50804,50105,52
49677,49674,222
49674,36041,222
42592,36035,176
36035,1740,18
36035,35991,136
36035,42703,22
36036,36037,120
9619,10747,7
9619,10722,650
28043,27997,131
27997,28040,131
28040,28053,8
28040,42171,123
28053,28059,131
28059,28057,207
28057,28038,207
28038,28029,207
28029,27361,4
28029,27986,123
28029,27364,2
28029,44145,76
28029,25971,2
40783,5485,55
5820,5822,302
5822,6021,302
10983,11025,65
11025,10974,65
10974,10937,65
10937,10967,65
10967,10970,65
10970,10980,65
11006,10978,65
10978,10971,65
10971,42559,65
10968,10977,65
10977,11005,65
11005,11016,65
10969,10966,65
10966,10972,65
10975,11024,65
11024,10982,65
10982,11031,65
40426,25512,331
40426,44758,943
40426,40108,325
40426,40124,204
25512,25490,331
25490,28918,331
28918,40122,395
28918,43187,142
40122,28917,191
40122,44106,344
28917,26180,191
26180,26182,191
26182,26183,191
26183,25465,191
25465,25459,191
25465,44754,204
25459,26186,191
26186,28916,331
26186,44482,204
28916,40084,201
28916,44481,273
40084,26188,468
26188,25491,468
25491,25506,466
25491,40162,10
25506,40117,191
25506,25527,275
40117,25521,191
40117,26024,174
25521,25535,191
25535,28922,191
28922,25608,191
25608,25617,191
25617,28924,191
28924,28925,219
28925,25654,219
25654,25646,478
25654,25828,28
25646,25643,191
25646,25828,287
25643,50636,318
50636,43695,191
50636,42555,127
43695,26165,316
43695,25637,10
26165,25830,623
25830,25832,770
25830,28948,307
25832,25833,603
25832,26849,2
25832,26121,59
25832,25763,106
25833,26849,961
25833,44001,1154
25656,26138,1404
26138,25657,1404
25657,25712,1592
25712,50766,316
25712,50730,1210
25712,50733,456
25712,50725,265
25712,50727,303
25712,50736,197
25712,50769,191
25712,26456,10
25712,50770,153
3293,50893,315
50893,41159,315
41159,1482,315
51636,3293,85
51636,51624,150
40890,50897,245
50897,40889,245
44137,20963,103
44137,20258,56
20963,21017,103
20963,41683,132
36135,18008,50
36135,37632,12
19074,21253,82
21253,5759,82
5492,50640,120
5492,19253,19
50640,50642,94
50642,50641,94
50768,25709,254
25709,28908,857
25709,25672,1038
25709,25667,794
25709,28695,356
28908,25663,857
25663,26846,1486
25663,26660,159
26035,25681,562
25681,44924,562
44924,26154,254
44924,26271,314
26154,25637,254
26154,50634,190
26154,42555,116
25637,25629,254
25637,25635,10
25629,28945,254
28945,25613,254
25613,25601,254
25601,40106,254
40106,25526,254
25526,25517,254
25517,29304,254
29304,25538,607
29304,26455,287
25538,26488,915
26488,42099,915
42099,40113,254
42099,26292,661
40113,41602,254
41602,40114,254
40114,25633,254
40114,40104,226
44758,28466,676
44758,26070,267
44758,25830,2
44758,28915,7
28466,28923,307
28466,26301,341
28466,28924,28
28923,25632,307
28923,40104,344
28923,26366,190
25632,25641,307
25632,25654,287
25641,26020,307
26020,26255,307
26255,26279,976
26279,41961,976
41961,29303,877
41961,25527,325
29303,25518,307
29303,26156,226
29303,26519,344
25518,26253,307
26253,40119,307
40119,25614,307
25614,28904,307
28904,25630,307
25630,28911,307
28911,26165,307
28911,42555,6
28948,28913,307
28913,26454,626
26454,25656,568
26454,44001,58
28884,47884,1154
41608,40093,233
40093,40092,498
40092,40091,498
28892,40089,233
40089,50632,233
50632,40087,233
40087,40142,233
40142,41296,233
41296,44108,233
44108,40698,233
40698,26472,233
40698,43160,6
26472,44759,1008
44759,25712,1133
50733,26846,456
26446,26447,233
26447,25789,233
25789,26444,233
26444,25795,233
25795,25790,233
25795,26872,223
25795,26475,106
25790,25785,233
25785,25772,233
25772,26065,233
26065,44379,233
44379,25878,233
25878,27623,980
25878,25733,491
25878,26121,536
26496,26689,887
26496,26915,418
28232,40151,255
29203,29204,255
29204,29205,255
29205,29206,255
29206,25794,255
25794,25792,568
25792,25782,255
25792,26240,313
25782,25781,255
25781,28936,255
28936,25766,255
44001,50735,255
44001,50731,267
44001,50767,341
44001,50734,175
44001,50726,209
44001,50764,58
44001,50769,151
44001,50724,248
44001,50772,238
44001,50765,147
44001,50688,27
50735,25709,255
25672,25650,1038
25650,26425,255
25650,25640,783
25650,40698,6
26425,26424,255
26424,28894,255
28894,41854,255
41854,25639,255
25639,26485,255
26485,28909,255
28909,25616,255
25616,28893,255
28893,25537,255
25537,25513,255
25487,25483,255
25487,50176,267
25483,28885,255
28885,27547,255
50728,25709,226
25667,25663,788
25667,25657,188
25667,25650,6
25734,28471,699
28471,25829,226
28471,26154,306
28471,28472,5
28471,26271,58
28471,46813,104
25829,26078,226
25829,25682,161
26078,25659,226
25659,28914,226
28914,26075,226
40104,40115,226
40104,26526,344
40115,40116,409
40116,48473,226
40116,28949,183
48473,41961,226
26156,26157,226
26156,41200,487
26157,25479,226
25479,44423,569
44423,26354,569
26354,25474,569
25474,43616,569
43616,26911,4
43616,43377,2
26518,28889,287
26518,26161,654
28889,42886,592
42886,28888,592
28888,45012,287
28888,26303,305
45012,41025,287
41025,29304,287
26455,26024,287
26024,25605,461
25605,26293,287
25605,26526,174
26293,25626,640
25626,25632,287
25626,26301,353
25708,25673,287
25673,25830,287
25673,46813,175
25673,26271,4
28891,42107,265
28891,25502,461
42107,40093,265
25598,25606,618
25606,26306,618
26306,41607,265
26306,26300,353
28117,26471,765
26471,26472,765
50725,26846,265
27647,43751,1595
43751,25878,1595
28928,25705,609
25705,25686,609
25705,43360,183
25686,26263,609
26263,41981,265
26263,41980,344
41981,26261,265
26261,26262,912
26262,41295,265
26262,35688,647
41295,26068,265
26068,28926,568
28926,41956,568
28926,28919,2
28926,42164,2
26070,26069,570
26069,41294,267
26069,26068,303
41294,26103,267
26103,26104,961
26104,25692,267
26104,25694,694
25692,26106,620
26106,25685,620
25685,28927,620
28927,27622,267
28927,26496,353
27624,43750,1620
27624,27646,17
50731,25709,267
25640,28906,783
28906,27560,267
28906,26341,516
42123,40449,611
40449,26477,611
50176,42158,267
42158,27547,723
26517,28889,303
26517,44760,125
26517,25469,10
26303,42100,305
42100,26207,1129
26207,43488,647
26207,25524,480
26207,26266,2
43488,26347,647
26347,26349,647
26349,25522,844
25522,28898,500
25522,42106,344
28898,25609,500
25609,28117,500
50727,26846,303
26119,25762,303
25762,25751,303
25751,26116,303
26116,26115,303
26115,25707,647
25707,26261,647
35688,25633,303
35688,28923,344
26301,26103,694
25694,41246,694
41246,26126,341
41246,28994,353
26126,25761,341
25761,26128,341
26128,25750,341
25750,41247,341
41247,26130,449
50767,25709,341
26341,28899,516
28899,26351,516
26351,25515,516
25515,38112,694
25515,26299,175
38112,42161,694
26266,25479,343
26266,26265,840
48463,28246,175
48463,26502,627
50734,25709,175
26299,25488,175
25488,26336,175
26336,25486,175
25486,42162,175
42162,26334,175
26334,25472,175
25472,25471,175
25472,41958,2
25471,25473,175
25473,41958,175
41958,41852,177
41852,27553,175
41852,27550,2
41853,40098,197
41853,40159,8
40098,40159,197
40159,40099,205
40099,41849,197
40099,27823,8
41849,41850,197
41850,42163,197
42163,41851,197
41851,26349,197
50736,26846,324
46257,48463,817
19118,19119,57
19118,39907,10
19119,39907,57
39998,39993,87
39993,39992,107
39992,39991,107
50732,25709,341
26915,44761,341
26915,29217,213
26915,42160,241
26915,29219,10
44761,25779,159
44761,26540,182
25779,40138,159
40138,40152,159
40152,40136,341
40152,25767,2
40152,28926,2
40136,26381,467
40136,25765,2
26381,28954,341
26381,28966,126
28954,40135,341
28954,28952,2
40135,42889,341
42889,44478,159
42889,40153,182
44478,44479,159
44479,26399,159
26399,40134,159
40134,25765,159
25765,41838,159
25765,26321,2
41838,29301,159
29301,42096,618
42096,28943,618
28943,41836,618
41836,40145,397
41836,29212,223
40145,40143,397
40143,40697,397
40697,45014,620
45014,44422,382
45014,41393,420
45014,45017,108
44422,45016,603
45016,26528,635
45016,45014,182
45016,45013,118
26528,26529,428
26528,29216,209
26529,26530,428
26529,29226,209
26530,41962,635
26530,26316,2
41962,29213,635
29213,29302,635
29302,44840,188
29302,29227,209
29302,44841,238
44840,41842,188
41842,25767,188
25767,26523,188
25767,28929,2
26523,26379,188
26379,26391,188
26391,44477,188
44477,40155,188
40155,42888,188
42888,26524,357
26524,41610,357
41610,28952,465
28952,28929,467
28929,25748,469
25748,26321,357
25748,26654,108
25748,28926,2
25748,44526,2
26321,25773,188
26321,26556,169
26321,40152,2
25773,25784,188
25784,25778,188
25778,42097,188
42097,26606,355
42097,26916,2
26606,26689,397
26606,26684,167
25502,25514,459
25502,25503,2
26300,25531,353
25531,25515,353
26265,25496,840
25496,29304,353
25496,26156,487
26292,26293,353
26292,40118,308
26292,40115,183
28994,25692,353
41980,26115,344
26526,26255,669
26526,40112,174
26519,25494,824
25494,42100,824
42106,40095,344
40095,42123,344
40094,42158,456
2446,3562,8
3562,3563,8
8865,10400,177
20858,5995,10
20858,6118,10
19494,19798,18
19494,20851,429
19494,19809,2
19494,20480,21
50094,44830,236
50094,46241,190
44830,46457,236
46457,46217,236
46217,47150,236
47150,47323,236
47323,47152,236
47152,50127,228
50127,44013,204
50127,34248,4
50127,20864,6
50127,44222,190
50127,5989,8
44013,20832,8
44013,19679,41
44013,20872,2
44013,20283,192
44013,20871,2
20832,5988,231
20832,5989,99
20851,20480,320
20851,6117,114
16575,16580,379
16580,23290,355
16580,16579,24
23290,16579,355
16579,44076,4
16579,44498,146
16579,16594,24
16579,16885,205
41371,16594,58
41371,16525,214
50688,26659,179
28194,50165,332
50165,43618,179
50165,43638,153
43618,12041,179
40144,43615,179
12059,40072,150
43617,26673,150
43617,26679,147
26850,26655,327
26473,25532,369
26473,39184,369
42687,25619,223
25619,26231,223
26231,25631,223
25631,26235,223
26235,25655,223
25655,25668,223
25668,26238,223
26238,28694,223
28694,28697,376
28697,25712,376
51488,51489,223
51489,51486,223
51484,25763,223
25763,25769,329
25769,26051,329
26051,25795,329
29217,29228,223
29217,37531,118
29228,29301,223
29212,29210,223
29210,29225,223
29225,29207,223
29207,29215,223
29215,40697,223
29216,29208,209
29208,29214,209
29214,26529,209
29226,29211,209
29211,26530,209
29227,29218,209
29218,26606,201
29218,26916,108
29218,29219,8
26240,26241,313
26241,26242,313
26242,26501,209
26242,25734,104
51490,51492,209
51492,29305,209
50726,25709,209
28695,28696,356
28696,41198,209
28696,25740,147
41198,25662,209
25662,28905,209
28905,26229,209
26229,25610,209
25610,42686,209
42686,26234,209
15821,15824,32
15821,25121,26
15821,23352,6
15824,25121,22
15824,25141,10
25121,23352,31
25121,15565,27
23352,23300,35
23352,23337,6
23352,23418,6
26161,25493,654
25493,25510,480
25493,43613,174
25510,26519,480
25524,25600,480
25600,26204,480
26204,25620,480
25620,25635,480
25635,25647,596
25647,25653,655
25653,25829,161
25653,26277,319
25653,25830,165
25653,41298,10
25682,25711,161
25711,25878,161
41087,26527,179
26527,25673,179
46813,26271,279
26271,26270,597
26271,27833,58
26270,25634,597
25634,40105,487
25634,28911,6
25634,27560,104
40105,25602,487
25602,28900,487
28900,25525,487
25525,26266,487
41200,26489,670
26489,26516,670
26516,26517,175
26516,43616,495
50771,25709,256
50771,26846,52
26327,25528,557
25528,25538,308
25528,44105,249
40118,43696,308
43696,40107,308
40107,40162,308
40162,41956,831
40162,40136,10
40108,40109,325
40109,26526,325
25527,28902,325
25527,28996,275
50764,25709,262
50764,26846,46
26277,28913,319
26540,26541,184
26541,26548,184
26548,40152,184
40153,26609,182
26609,28942,182
28942,41841,182
41841,41839,300
41839,41963,300
41839,28941,2
41963,43936,300
43936,42245,300
42245,41965,300
41965,45016,300
41393,41964,167
41393,45016,32
41964,26396,277
26396,42887,277
42887,41840,277
41840,42104,169
41840,28941,108
42104,26398,169
26398,40137,169
40137,42888,169
26556,26565,169
26565,42097,169
37165,19290,157
5861,35097,14
5861,5860,40
35097,5851,14
39696,17829,14
39696,17828,14
20840,19549,249
20840,5549,117
20840,49602,91
40305,5880,40
40744,6508,36
34210,6706,36
34210,40764,72
34210,17813,34
39699,39700,108
39699,48303,92
39700,39701,108
39701,39702,108
39702,39697,108
39702,48305,92
39697,39698,108
39698,19171,108
48767,46377,52
48767,46514,22
1394,1323,9
1394,16996,343
19321,18806,1080
18806,19322,551
19322,18807,628
37201,20608,156
49601,39015,156
49601,40513,108
40975,35594,16
40975,40976,84
50478,10775,53
50478,9048,18
50207,40535,299
50207,25288,126
7477,7478,1720
7478,7349,1720
7530,7350,1336
7530,7482,757
7350,7351,1778
7351,7352,1778
7351,7353,55
7353,7354,3111
7354,7355,2673
7354,7444,55
7354,7427,380
7354,7396,3
7355,7444,928
7355,7356,462
7355,7396,1665
7093,5823,294
5823,5821,294
19627,19628,89
19628,19629,89
19629,19630,89
19630,21128,20
19630,21116,69
21128,19415,20
19415,19280,20
19280,21102,20
21102,21112,20
21112,4245,20
4245,51157,20
51157,4247,20
51157,4244,18
4247,4248,20
4248,4250,20
4250,4251,18
18461,19268,245
19268,18463,245
18463,18450,245
21135,18519,334
21135,4963,32
18519,18520,334
18520,4963,185
18520,21151,3
18520,4150,146
27773,27066,32
27773,27768,16
27770,26960,32
27770,27040,16
50479,49529,281
49529,49544,281
49544,4537,262
42171,28053,123
29641,41894,141
29641,50644,107
29641,42685,6
41894,35308,264
14390,14388,127
14388,14386,127
14386,14384,127
14384,29466,124
14384,29441,3
47908,19468,217
47908,4634,154
4654,4567,501
4567,4950,501
4950,4953,501
4953,4952,389
4953,4780,112
4952,4951,389
4951,4534,389
4534,4533,389
4533,5096,217
4533,4832,172
5096,5017,442
5096,4634,198
5017,41684,392
5017,35367,29
5017,43350,225
41684,4981,392
4981,4931,392
4931,43356,217
4931,4961,175
43356,43355,371
43355,4977,217
43355,4577,154
4977,4978,275
4978,4972,279
5093,4558,217
4558,4554,237
4554,4555,237
4555,4559,237
4559,5164,237
5164,5094,233
5164,5067,4
46348,47232,442
47232,46509,442
46509,46322,442
46322,46506,442
46506,5022,442
41721,19688,217
4929,4926,451
4926,4518,447
4926,4921,4
4518,4928,604
4928,19694,604
19694,41722,217
19694,4921,387
41722,4518,157
41722,4930,225
19733,37271,174
19733,5162,29
37271,40860,29
37271,48444,92
37271,20200,53
40860,40859,58
40859,18887,29
40859,19800,29
40863,20200,29
6923,6925,51
6925,6926,51
6926,40817,51
40871,4761,343
40840,40841,343
40841,40842,343
40842,4622,343
50822,5182,180
5182,5188,180
5188,5184,180
5184,40835,180
40835,40833,180
40833,5109,180
41934,20739,359
40834,40836,188
40836,40837,188
40837,40838,188
40838,40839,188
40839,50827,188
50827,4663,188
4845,4568,359
4568,4943,188
4568,4624,171
43933,37288,334
37288,43934,334
43934,4713,163
43934,4712,184
40852,40846,163
40846,40851,163
40851,40845,163
40845,40850,163
40850,40844,163
40844,40849,190
40849,40843,190
40843,4627,163
40843,4622,27
4812,4604,163
4604,4603,163
4603,4521,163
4521,4522,163
4522,4504,163
4520,4519,171
4519,4595,171
4595,4602,171
4602,4672,171
4672,5109,171
4611,4612,198
4612,4609,198
4609,4610,171
4609,4616,27
4610,4582,171
4582,4583,171
4583,4606,171
4606,4607,171
4607,43933,171
40864,40821,55
40864,41710,29
40864,41222,102
40821,40823,55
41710,41711,211
41710,41221,26
41711,41712,211
41712,41222,211
47791,47768,29
35367,35362,57
35365,5926,29
35365,4202,46
5926,40858,29
5926,4202,11
40858,35364,26
6901,6900,159
6900,19454,147
6900,19456,12
42606,42594,382
42594,42595,382
42595,42599,382
42599,42603,382
42603,6886,147
42603,6883,235
48184,5017,175
4961,4580,332
4580,4579,332
4579,5917,175
4579,41715,157
35368,43350,175
35368,5096,26
35368,5065,32
43350,4956,400
4956,4660,400
4660,4954,400
4954,4955,400
4955,5100,400
5100,5099,400
5099,5102,400
5102,4828,400
4828,4780,416
4550,4601,383
4601,5031,383
5031,4930,383
4921,5097,387
4921,4827,4
4661,4578,326
4578,4589,326
4589,4965,172
4589,43356,154
4965,4925,397
4925,5096,397
22979,22931,5
22931,45021,5
50843,43939,5
50843,16821,7
39639,38959,7
39639,28310,286
41855,49056,138
41855,49050,347
49056,49030,138
49030,49005,138
49005,49018,138
49018,41868,135
49018,42452,3
41868,49061,8
41868,49438,127
49061,49026,8
49061,49474,131
49026,42576,8
42576,49427,3
42576,49015,359
42576,49464,272
49427,48071,172
48071,50696,172
50696,37782,3
50696,44502,169
12480,12433,154
38960,12590,12
38960,12413,21
38960,39639,2
12081,29241,332
29241,29066,327
29241,29056,5
29066,29057,331
29066,44344,155
29057,28813,328
29057,29038,3
28813,29192,328
29192,29058,328
29058,29245,3
29058,29038,325
29245,25869,170
25869,12086,170
12086,12092,313
12086,41855,5
12092,12091,162
12092,37782,3
12092,12509,148
12091,12089,286
12089,12088,438
12088,12299,749
49443,12768,634
12768,12081,323
12768,12082,311
29056,29245,167
49050,49009,5
49050,50824,621
49009,41869,129
41869,49033,129
49033,49053,129
49053,49015,129
49015,44502,290
49015,49427,7
49015,49960,3
49015,41870,183
44502,48070,174
44502,37782,16
44502,12091,124
44502,35510,152
48070,38957,311
38957,12298,167
38957,12207,144
29031,40802,5
29031,28867,147
40802,38678,5
40802,29028,152
38678,44506,141
38678,41858,8
44506,44508,149
44508,44510,149
44510,44511,149
44511,44514,142
44514,44512,147
44344,44345,155
44345,49427,155
29200,29184,3
29200,12595,144
29184,29201,150
29184,29024,137
29201,28866,150
28867,29276,3
28867,29049,144
27418,46712,141
46712,39629,141
46712,27416,144
48090,28679,353
28679,26074,355
26074,25899,355
26096,26149,141
26149,26170,141
24100,24097,546
24097,786,546
47903,43142,25
47903,51809,84
47023,17206,4
40803,37003,72
40803,38338,52
21116,19416,158
19416,21127,158
21127,4251,140
21127,19631,18
4251,4246,158
4246,4244,140
4246,51157,18
4244,19337,158
19337,19631,71
19337,21116,18
40269,19636,128
19636,19637,128
19637,19638,128
19638,19639,128
19639,40312,128
40312,19640,106
40312,40310,22
19640,40310,106
40310,40315,128
40315,40316,128
40316,40318,128
40318,19642,128
19642,19643,128
19643,19644,128
19644,41142,128
40319,19645,128
19645,41139,128
39286,39207,18
39288,39204,18
39201,5231,18
49207,69,8
49207,23672,6
16484,25205,44
39981,16549,322
16549,41371,122
16549,16769,200
35331,35328,68
35328,43643,68
50853,16493,90
50853,16524,408
43302,16237,76
43302,38652,24
25192,25195,46
25195,51583,46
51583,25198,46
25198,51582,46
51582,51581,46
51581,51580,46
51580,16088,16
51580,25180,30
16088,16029,96
16029,16645,96
16645,25174,46
16645,25191,50
25174,25176,46
25176,25178,46
25178,25180,46
25180,25181,80
43190,44369,635
44369,16179,368
44369,16176,267
16764,42893,437
42893,16765,331
42893,43830,106
16765,44248,331
16762,16763,366
16763,25277,366
16284,16058,62
16058,16060,62
16060,25167,62
25167,25171,62
25171,25169,62
25169,25168,62
25168,25170,62
25170,16057,62
16057,16056,66
16056,25166,66
25166,16270,66
16270,16271,66
16271,16339,66
16339,16389,66
16389,16223,66
16223,16285,66
25258,25256,47
16773,25204,74
25204,16642,38
25204,23478,36
25201,824,38
824,16003,36
824,16771,6
44161,16205,74
50851,16491,528
25156,25165,28
25156,38324,46
25189,16054,68
25162,25203,46
25203,8449,46
50098,25160,57
23686,748,12
23686,728,8
23686,16491,12
23686,50851,418
23686,751,32
16885,39982,318
39982,15991,318
35320,50520,148
35320,50522,36
35320,16521,12
35320,727,14
50520,50519,148
50519,47184,148
47184,16521,134
732,16514,120
732,16516,66
732,733,128
43220,44088,1068
44088,44086,1068
44086,44083,1068
44083,44400,1068
44400,44081,814
44400,44077,254
44081,44079,1068
41759,39180,80
41760,43220,66
6240,21038,31
21038,6241,31
6241,6244,31
6244,21021,31
21021,6245,31
6245,21010,31
21010,21009,31
43885,43884,163
43884,4256,31
43884,41460,132
4256,18322,31
4256,21014,31
4256,21020,245
18322,6204,31
6204,21011,31
21011,6205,31
6205,6206,31
6205,4258,2
6206,4252,31
4252,4255,31
4255,4254,31
4254,4258,31
4258,4256,33
21014,21033,31
21033,21030,31
21030,19306,275
19306,43887,31
19306,41460,242
19306,6205,2
43887,43886,161
43886,21045,31
43886,5209,130
6232,21012,31
21012,6233,31
6233,18276,31
18276,6234,31
6234,21023,31
21023,6238,31
6238,21036,31
21036,6239,31
6239,18269,31
18269,4968,31
17015,6929,20
6929,6930,20
6930,6931,20
6931,2777,20
2777,17023,10
2777,2778,10
4820,4810,58
4810,4898,31
4810,18894,27
4898,4723,31
4723,43131,31
43131,4778,31
43131,4779,29
4778,5176,31
5176,5054,31
5054,4767,31
5054,4768,29
4767,5056,31
5056,5054,29
4768,5163,29
5163,43131,29
4779,4757,29
4757,4809,29
4809,20739,56
35395,35352,29
35352,35386,29
5162,5106,29
19305,41005,154
41005,41003,154
41003,41012,154
41012,41014,154
41014,41013,154
41013,19335,154
19335,5997,77
19335,20607,77
40361,40347,190
40347,40349,190
40349,40391,190
40391,6009,77
40391,44299,113
40492,6711,101
20175,40494,204
20175,20756,2
20175,20758,43
40494,40491,204
40491,20768,204
40493,6062,172
6062,20760,215
20760,20761,112
6538,6537,93
6537,40995,93
40995,40993,93
40993,49192,93
49192,40990,93
40990,40998,52
40990,5973,41
40998,41000,52
41000,42151,52
41007,41008,105
41008,41009,105
41009,41010,105
41010,20214,52
41010,20215,53
40987,40966,105
40966,40965,105
40965,40964,105
40964,7039,105
40986,6545,105
40999,40997,53
40997,40991,53
40991,49181,93
49181,40992,93
40992,40994,93
40994,6562,93
6562,6563,93
6563,18860,53
6563,17922,40
6005,6006,303
6006,44300,303
44300,44299,190
44300,44296,113
44299,6010,303
6010,44296,77
6010,40406,226
44296,40348,77
44296,41278,113
40348,40364,190
40364,40360,190
40360,19314,77
40360,40358,113
40360,19324,108
19336,19305,77
33893,23408,30
33893,23418,18
35,23220,31
35,24785,137
35,43296,16
35,11161,16
35,24695,143
21155,18516,357
18516,44140,357
44140,19386,357
19817,18777,33
4679,4680,47
4680,4681,47
4681,4682,47
4682,4689,47
4689,4690,47
4690,4691,22
4690,4694,25
4691,4694,22
4694,4695,47
4695,4696,47
4696,4697,47
4697,4516,47
4516,4710,25
4710,4886,25
4982,4496,22
4496,4869,22
35379,5045,66
5045,5042,66
5043,35374,66
40174,40171,66
40171,40170,66
40170,35376,66
35376,40175,66
5046,5041,66
5041,5039,66
35388,35356,66
19677,19678,72
19678,19759,39
19678,19728,33
40848,40857,39
40848,18847,39
40857,18792,39
40857,18846,39
40847,6853,39
40847,19589,39
43218,40855,65
40855,40856,36
40855,4727,29
40856,40853,65
40853,40854,36
40853,43218,29
40854,40856,29
41349,43870,25
41349,43403,12
51325,51309,80
51309,51320,80
51320,51323,80
51323,51311,80
51311,51332,80
51332,51324,80
51324,51351,80
51351,51315,80
51315,51352,80
51352,25308,80
51302,51316,80
51316,51305,80
51305,51350,80
51350,16884,80
51313,16582,80
38204,38208,53
38208,38212,53
38212,38213,53
38213,38215,53
38215,4447,32
38215,51573,21
38251,38245,18
38251,38249,15
38245,38248,18
38248,4454,18
6098,6099,18
6099,38221,18
38221,38223,18
38223,38224,18
38224,38225,18
38225,38216,18
38216,38217,18
38217,38239,18
38239,38235,18
38235,38233,18
38233,38232,33
38232,40911,18
38232,38234,15
40911,38233,15
14198,14193,1034
14198,49372,456
14198,51271,338
41016,42894,195
48911,14207,841
48911,42528,348
48943,28638,163
48502,26133,553
48502,26132,136
26264,25806,163
26264,26198,348
26264,26287,138
26192,26195,163
26206,26211,393
26206,26209,650
26211,27414,393
27414,26216,393
26216,26219,163
26216,27109,230
26219,26223,375
26223,26215,163
26223,26243,212
26230,25544,725
26236,26332,727
26332,48013,163
26332,26335,564
48013,25919,163
48013,26345,356
48013,12031,240
26222,26224,161
26222,26243,366
12063,25926,391
26167,26197,493
26197,26193,161
26197,26199,214
26197,26194,118
26193,26191,161
26193,26175,6
26191,25554,161
26272,26275,495
26275,26302,359
26275,25558,136
43261,23324,114
7185,40283,6
26107,26109,196
26109,26111,52
26109,42024,138
26109,25910,2
26109,25916,6
26232,26247,22
26232,26224,2
26247,12022,176
12022,26362,176
26362,26364,176
26364,12018,176
12018,12016,84
12016,12019,32
12016,50477,62
12019,26363,176
26363,26361,176
26361,26248,176
26248,26245,32
26248,26246,144
26248,26249,6
26245,26230,32
25993,25994,610
25994,25995,474
25994,26264,136
26113,26112,599
26112,26110,54
26112,42024,545
26089,26094,546
26094,26084,214
26094,26147,332
26160,25540,544
26160,26155,334
27415,26167,332
27415,25541,546
26199,26203,433
26203,25921,424
26203,26226,2
26203,26227,7
11940,26219,406
11940,12063,230
26243,26249,424
26243,26247,154
26249,26251,430
39624,28680,306
39624,48446,212
26213,25543,496
26213,26224,2
26355,26358,148
26358,26360,148
26360,23228,148
23228,25551,60
23228,26374,30
23228,26371,58
26374,26376,90
26376,26378,90
26378,27145,90
27145,26382,164
26382,26383,164
26383,26384,164
26384,26387,164
26387,26386,164
26386,26385,164
26385,27483,164
27483,28688,74
48012,48008,154
26140,26012,172
50477,12019,46
26155,39625,280
26155,26004,336
26155,25905,8
26155,27424,18
39623,25562,144
25562,25563,176
40984,40983,324
40983,39621,324
23984,23988,202
21992,21991,362
21988,21976,202
35015,36811,17
35015,8001,7
36813,36802,17
36801,34978,15
36801,46936,22
41197,29352,6
41197,29370,4
41197,14556,2
26258,25910,6
26258,12026,334
19090,18441,41
20779,4558,20
44925,9056,8
44925,26846,5
29183,29149,8
29149,29153,8
29153,29156,16
29156,29157,8
29156,29158,8
29157,28480,8
38234,38236,15
38236,40694,15
40694,38240,15
38240,38218,15
38218,38227,15
38227,38226,15
38226,40696,15
40696,40695,15
40695,38222,15
38222,6097,15
6097,48661,15
48661,4453,77
4453,38251,15
4453,4455,77
38249,38244,15
38244,38250,15
38250,4455,15
4455,4456,60
4456,4458,60
4458,39166,58
4458,4462,2
38266,39167,68
39167,38253,50
39167,38252,8
39167,38264,10
38253,4462,35
38253,20256,15
4462,20256,37
20256,4448,52
4448,4446,52
4446,38114,30
4446,4349,2
4446,51573,20
38114,38214,48
38214,38211,48
38211,38210,48
38210,4443,48
4443,38206,48
38206,38205,48
8743,8744,1886
34170,10682,8
34170,9480,11
34170,8642,5
34170,8645,24
11698,9584,288
7393,8393,848
10838,36979,940
10838,44409,6
10838,43697,163
10838,43435,308
10818,27692,8
10818,27778,20
10818,10811,137
49436,44260,84
36980,43436,968
36980,43435,585
36980,10840,158
43436,10840,1099
43436,43797,200
8905,11060,20
8905,11065,12
8905,44888,888
8905,8899,12
8905,35683,218
8905,47847,232
8905,10400,126
12046,12047,9
12047,12048,9
12048,12049,9
12049,26735,9
26735,12050,9
12050,26736,9
26736,26732,9
26732,26731,9
26731,40262,9
40262,40261,9
40261,26730,9
16698,15206,14
16698,22556,5
5297,5299,17
5299,20689,17
20689,5300,17
5300,20690,17
20690,5817,17
5817,5815,17
5815,5292,17
15177,3956,16
15177,39261,6
15177,751,2
22528,15925,12
34236,10639,490
7073,7067,1
7073,39974,17
7075,20265,18
17923,17914,1
17923,35572,13
48232,359,3
523,590,182
523,519,139
29038,28827,328
28827,28828,328
28828,29039,328
29039,28816,328
28816,49427,7
28816,29198,321
44092,28209,334
44092,12084,427
49457,28181,14
49457,28817,144
12087,12090,286
12087,12086,148
12090,35510,159
12090,12509,127
35510,12586,314
12586,12085,162
12586,12089,152
12085,12493,162
12493,29066,159
12493,12575,3
29198,41392,469
41392,12575,307
41392,29056,162
12575,12297,310
12297,12492,310
12492,29053,303
49960,48073,158
48073,49958,158
49958,44502,7
49958,35510,3
49958,29198,148
12595,12592,288
12592,28316,288
28316,29237,7
28316,29184,281
29237,39999,144
39999,29238,144
29238,29239,144
29239,38678,136
29239,38676,8
28868,29047,7
28868,39314,137
49474,42452,7
49474,49009,124
42452,42576,626
43711,12590,145
43711,12413,155
40019,9048,16
43295,22633,16
4916,4827,450
4976,4979,279
4979,19086,54
4979,43354,225
47834,39404,18
39404,39357,38
39357,39514,38
39514,39356,38
39356,39513,18
39356,26613,20
39513,39512,18
39512,39511,18
39511,39403,18
39403,39330,18
39330,39510,18
39510,39402,18
39402,12117,18
44312,44311,38
44311,12118,18
44311,26851,20
41211,41207,56
41207,41206,56
41206,16540,56
41206,16593,66
41213,41212,66
41212,41206,66
3281,3631,8
3281,2181,116
5989,5990,107
5990,34249,107
34249,5991,107
5991,20137,107
20137,19785,10
20137,19487,4
20137,20280,93
20137,20284,6
19785,34246,2
19785,19786,189
26373,26359,108
26359,12017,108
12017,25918,108
48950,28638,58
11934,25885,298
11934,26469,138
11934,26314,136
28601,26355,58
34264,34258,35
34258,34260,35
34260,4319,19
34260,4316,16
4316,4315,31
4315,4313,18
4315,4312,13
28114,27052,99
28114,27003,2
28114,9046,12
28114,27523,8
28114,41905,26
28114,27529,4
28114,35694,8
28114,26405,2
28114,27011,29
28114,27325,1
27052,27325,125
27325,27326,157
27326,37783,157
8212,8174,16
11445,10193,658
11445,10226,4
20204,20205,124
20204,20206,31
42397,4515,60
20200,20275,108
20275,20469,145
20275,40861,29
20469,35005,145
35005,7301,132
35005,8216,13
7301,7764,132
7764,7302,132
7302,8055,132
8055,7327,132
7327,7333,26
7327,8433,106
7333,7330,145
7330,8436,145
7687,7680,148
7687,7677,13
7680,7686,148
7680,7678,13
7686,7689,148
7686,7683,13
7689,7326,134
7689,44165,14
7326,8030,148
8030,8031,132
8030,41117,29
8031,8033,132
8033,7866,161
36894,13322,175
36894,13268,24
36894,13354,26
16847,45,154
16847,24812,201
16847,22712,4
25033,23653,476
25033,24628,32
25033,22934,14
23653,24861,156
23653,23559,611
47963,14751,20
47963,29243,2
47963,359,332
48417,24535,202
48417,24467,214
50472,28794,15
50472,28795,5
50472,28328,12
50472,28780,12
28794,28784,41
28794,28791,85
28794,28782,3
28222,37523,21
28222,28778,179
28222,28224,8
28222,40711,33
28222,40713,55
37523,28224,112
28224,28771,120
28771,28470,188
28771,28226,16
28771,28767,4
28470,28234,9
28470,28770,179
39134,26776,5
39134,28217,11
51573,41145,21
51573,20251,20
41145,20251,21
41145,4281,18
20251,20030,43
20030,50955,41
20030,19958,34
50955,19004,75
19004,19773,43
19004,20382,32
19773,20287,73
19773,4348,2
20287,18985,73
18985,4347,113
4347,18983,41
4347,20042,32
4347,20439,40
18983,4344,73
18983,34285,40
4344,4342,41
4344,41696,32
4342,20248,41
20248,44013,41
19679,19494,244
19679,20851,7
19679,34253,2
37783,37784,118
37783,43030,2
37784,28114,91
37784,27011,27
27003,27806,2
27003,27802,26
47877,19486,254
48196,3549,69
3199,3092,310
3092,3200,310
3200,3150,310
3150,3654,310
3654,1269,314
3672,3655,310
3655,3656,310
3656,3657,310
3657,3658,310
3658,17466,310
17466,3982,310
3982,3659,310
3659,3415,310
3662,3091,310
3492,2996,209
2996,3964,444
2996,17323,16
3964,17323,444
17323,2997,460
2997,3737,444
2997,2999,16
3737,2999,444
2999,2889,460
2889,3821,219
2889,3526,209
3748,3252,213
3749,3089,209
3750,3088,209
3751,3963,209
3763,3962,209
3235,3739,209
3739,3740,209
3740,3237,209
3237,3238,209
3238,3741,209
3741,3742,209
3742,1866,209
2993,3736,235
2993,2994,16
3736,2994,235
2994,2995,251
2995,2996,251
20872,20832,6
20872,50094,12
20872,20283,2
20872,19792,2
20872,34253,8
20872,19679,2
6082,20235,247
6082,37619,316
6082,39748,4
49696,49708,324
49708,49705,324
49705,49700,324
49700,20876,324
49695,49707,195
49707,20541,65
49707,49696,129
47998,18116,8
47998,19472,4
20188,20190,8
20540,20628,8
20628,20465,176
44704,44706,152
44706,44709,152
44709,25016,134
44709,51,18
23763,39761,279
23763,48078,118
23763,97,94
39761,100,146
39761,99,133
100,34007,240
44685,33970,424
44685,44686,454
24168,24169,326
24168,34060,41
24169,44685,360
24169,44686,4
24169,22316,3
44686,22316,448
44686,34177,10
22317,22318,431
22318,39278,431
22606,101,118
101,34088,122
101,39763,133
34088,39762,118
34088,99,75
39762,23763,212
540,2444,8
540,21270,6
540,15233,76
540,542,1228
36888,13246,5
47831,24627,5
47831,22803,261
48173,22804,156
23659,24444,262
24444,773,448
24444,24105,144
23708,22543,498
779,23630,156
23719,24160,222
24673,24787,176
36832,36833,176
36832,34107,173
39268,24265,176
24265,24782,179
24265,72,201
24782,22418,176
24782,24775,3
22418,23777,176
22418,86,144
22418,22346,201
23777,24775,607
23777,24668,4
22376,22377,176
33994,34047,176
34047,21327,280
47836,22804,440
23561,23851,321
23851,23658,314
23851,23653,7
975,50250,332
23852,23564,184
23564,23862,184
23862,15592,320
23862,16036,330
23559,23557,480
23559,34133,131
23557,23555,480
23555,23553,480
23553,23840,604
23840,23842,712
23842,23858,712
23858,23857,712
23856,38692,822
23019,22343,184
16809,21331,184
22983,24774,648
22450,24233,184
22450,15795,7
24233,42773,184
42773,36830,184
36830,36831,184
41597,41598,120
41598,16705,120
23765,23766,120
23766,23779,120
44303,23905,377
44303,34073,96
38752,38751,124
38751,23767,124
23767,23768,124
23768,23576,124
23576,38749,124
38749,34009,310
38749,23148,6
34009,33988,310
33988,33987,310
33987,23653,284
33987,23148,26
34133,25032,131
25032,23553,131
22989,22990,561
23721,74,311
16823,16699,131
16699,16701,131
16701,16702,134
16702,22826,134
22826,34175,134
2843,17418,3
2843,1682,191
17418,17441,3
17441,3441,3
17441,38625,191
3441,17414,3
3441,38620,191
17414,2554,194
2958,1976,197
43498,43497,210
43497,43496,210
43496,43495,210
43495,2513,210
3762,17349,210
17349,3411,210
3411,3412,210
3412,3783,210
3783,17350,210
17350,3414,210
3414,3530,210
3530,3876,210
3876,17369,210
17369,3408,210
3408,3409,210
3409,2099,210
3510,2455,60
2455,3688,60
3688,2449,60
2449,2457,60
2457,2458,60
2458,2459,60
2459,2647,76
2647,2456,76
2456,2450,76
2450,3687,76
3687,2448,76
2448,2454,76
2454,2711,76
2454,35834,12
47959,3368,763
51611,3339,253
51611,1777,174
3340,3341,1008
3341,3342,1008
3343,3344,213
3343,3340,214
3343,3547,519
3343,1771,276
3344,3345,213
3345,2816,213
50170,50172,214
50172,3343,214
1775,51611,260
1777,1778,174
1778,1779,174
1779,3483,174
3607,3608,260
3608,42762,214
3608,3329,46
2830,2829,276
2829,2831,276
2831,17142,276
17142,50056,455
50056,47960,276
50056,42770,179
47960,47961,434
47961,47957,276
47961,48787,158
47957,47972,276
47972,47965,276
47965,17141,276
17141,2815,276
2815,1787,478
1787,1786,478
1771,3808,276
3808,1770,276
1770,3807,276
3350,3351,484
3351,3556,305
3351,17142,179
3556,17140,305
17140,47958,305
47958,47971,305
47971,47970,305
47970,47967,305
47967,47968,472
47968,49967,305
47968,42770,167
49967,50039,507
50039,2826,507
47893,48898,480
47893,49615,75
17465,3149,138
3110,3165,126
3122,17353,161
1737,3521,6
2228,2227,250
2227,49158,250
49158,3098,250
3098,3100,250
3100,3101,250
2226,2223,250
2223,2517,250
2517,2518,250
2518,35567,250
35567,2519,250
35653,17456,395
17456,35654,413
35654,2465,407
35654,3627,6
39267,2216,362
2216,2757,362
2694,2251,363
2251,2245,363
2245,2246,363
2246,3706,363
16987,17452,350
2249,2247,350
2247,2252,350
2252,2472,350
17157,2294,9
50160,3914,9
39242,39243,13
39243,39244,13
39244,39246,13
39246,39245,13
39245,1437,13
41148,41259,83
41259,6960,83
6960,6070,83
6070,20133,83
20133,20134,83
20134,20132,83
9569,40020,309
40020,39291,309
39291,35847,309
35847,35957,309
35957,9579,309
41933,9300,309
41933,9301,312
9307,9308,558
9308,9309,558
9329,10033,558
9734,9330,555
9330,9326,555
9327,10405,555
10405,9328,555
9328,9306,555
9304,11720,312
11720,9537,312
9537,39290,312
39290,9570,312
9570,9571,312
10381,41505,14
10381,48803,56
41505,41544,82
41544,35675,26
41544,35679,56
35675,35676,82
35676,9720,82
9720,9713,82
9713,35614,26
35614,11633,88
11633,35677,88
35677,35678,88
35678,35615,26
35678,35679,62
35615,7871,26
35615,40022,62
7871,7942,14
7871,40022,12
7942,7943,309
7943,41509,173
7943,34787,135
41509,41508,173
41508,41507,173
41507,41506,173
41506,41504,173
41504,34787,173
34787,34782,175
34787,7749,133
34782,34754,138
34782,7564,369
34754,8075,271
8075,7564,138
8075,7544,133
7564,7719,183
7564,7718,324
7719,43653,121
7719,8437,197
43653,7830,168
7830,43654,168
43654,7718,36
43654,7720,81
43654,8437,51
7718,7338,242
7718,34869,217
7338,34719,164
7338,43026,97
34719,34720,316
34720,34721,316
34721,43026,164
34721,43027,152
43026,7337,14
43026,36943,67
43026,34781,174
43026,7321,6
7337,41447,247
41447,43028,109
41447,7768,75
41447,7336,41
41447,36943,22
43028,43073,71
43028,43075,38
43028,7321,75
43028,8016,20
43073,8016,146
8016,8015,166
8015,7321,91
8015,43075,75
7321,43075,137
7321,43073,75
7321,43074,75
43854,44073,12
43854,34792,24
43854,34735,53
43854,49565,20
43854,50618,268
44073,8059,223
8059,34730,12
8059,34735,57
8059,10685,12
8059,51092,19
8059,34739,19
8059,49565,77
8059,34792,27
34730,34732,24
34730,51088,167
34732,34733,195
34733,34986,195
34986,8060,195
8060,34735,12
8060,49565,84
8060,44073,31
8060,34960,44
8060,10685,24
34735,42148,267
42148,42147,267
42147,34736,267
34736,34738,267
34738,34739,75
34738,7692,192
34739,34741,94
34741,34735,82
34741,7692,19
3246,1854,9
42763,42764,360
42764,42767,360
42767,42769,360
42769,42771,360
42771,47960,158
42771,49967,202
48787,48537,158
48537,47967,167
94,95,464
95,22604,136
95,16797,321
95,16759,7
22738,22339,136
23087,22723,252
23087,23756,148
23087,24768,155
82,81,156
81,22613,156
22613,16796,156
16796,23845,507
16796,22463,6
23845,16759,254
23845,25372,253
43321,37726,288
43321,23642,24
43321,9612,26
43321,16290,12
23537,23485,70
23485,34096,5
23485,34135,8
23485,34030,57
34096,16709,279
16711,21934,291
16711,79,14
15173,34056,5
34056,34057,126
22262,23671,25
22262,34082,40
35565,35553,25
14,15,37
15,16,37
16,22773,37
22773,10,37
34184,23201,8
34184,34180,7
34135,34136,46
34136,34137,46
34137,34138,46
34138,16709,46
21934,24789,291
24789,22368,291
22368,22016,272
22368,23393,19
22016,23393,286
23393,23388,305
23388,23373,8
23388,23383,297
23373,34124,305
34124,33995,291
34124,43333,14
33995,24790,291
24790,34128,291
37728,43384,287
43384,37727,287
37727,43383,301
43383,43322,293
38474,38533,3
38488,38509,8
38488,38454,124
37231,4094,91
3893,2052,6
3893,1906,5
3893,3360,5
17482,3992,180
3992,3065,180
3065,17480,370
17480,17403,370
17403,17460,370
17460,1051,370
21657,21650,10
48194,22804,26
48194,23242,14
48194,22803,96
23848,23847,466
23847,23850,466
23850,23862,466
41674,22182,160
41674,22241,51
41674,22131,2
38614,41502,27
38614,51709,141
41502,7752,154
7752,34875,154
34875,8026,27
34875,42662,24
34875,43846,53
34875,51159,50
8026,34857,79
34857,8027,79
8027,34858,79
34858,8025,76
8025,34853,27
8025,41502,24
8025,23784,14
8025,34856,11
34853,34839,79
34839,34854,79
34854,8008,79
8008,34855,79
34855,34856,68
34855,7721,11
34856,8012,79
8012,39725,79
39725,8010,79
8010,8011,79
8011,8013,79
8013,7721,65
8013,34853,11
8013,8026,3
7721,23784,19
7721,8026,38
23784,41464,33
41464,39282,33
41464,39281,35
39282,23300,22
39282,23421,11
22002,41464,35
39281,23783,35
23783,34853,24
23783,8026,11
42662,7561,68
38162,22252,608
38162,41599,3
12148,29186,9
29187,12167,6
29187,29188,50
12154,12355,14
12154,49812,100
12166,12401,57
42118,42119,111
42119,42115,17
42119,42120,94
42115,42116,111
42116,42117,111
42117,29246,3
42117,49683,1
42117,49905,94
23776,22983,256
23776,24668,6
22984,22985,144
22985,23001,144
23001,22472,151
22472,22507,151
22507,16803,151
23477,24733,144
24733,25120,144
23575,23479,148
23575,23863,7
23479,15593,148
47833,22803,148
22589,22591,148
22591,22789,148
22789,22592,148
22592,23086,148
22592,23001,7
23086,23087,148
23234,24741,306
23234,23777,187
25336,25337,593
41219,41231,110
41219,23316,63
41219,44250,69
41231,41230,110
41230,41229,110
41229,41228,110
41228,15634,110
42680,42681,110
42681,50495,110
50495,50496,214
50496,50493,214
50493,50494,214
41227,41233,110
41233,35226,110
35226,35220,110
35220,15785,110
47985,49377,110
47987,50747,104
41232,41226,104
35227,35225,104
35225,15708,104
35231,35232,104
35232,35223,104
35223,36129,104
36129,41219,104
49553,49534,311
49534,50481,309
49534,4538,2
50481,4538,309
27043,28113,26
27043,28114,39
28113,27335,52
27335,41904,52
41904,27304,52
27304,27052,26
27304,25481,26
41905,27205,26
27205,27207,26
27207,27003,26
42908,42904,322
42904,42951,322
42904,39818,125
42951,42923,322
37234,37239,35
37239,37241,35
37241,39811,35
39811,39810,35
44055,17294,35
44055,44057,121
44055,8219,22
44055,8218,38
17294,44054,35
1632,37242,35
1632,44038,55
37242,37223,35
37223,37240,35
37240,37233,35
37233,17234,35
1616,42952,317
42952,42905,317
42952,42906,121
42905,50556,110
42905,50558,207
19489,20284,20
19489,19785,181
19489,34309,2
19489,19487,206
20284,20285,26
20285,40687,30
40687,19809,24
40687,20846,6
20138,34246,202
20138,20280,2
34281,20864,222
34281,20872,6
34282,50094,198
4402,4404,40
4404,4410,40
4410,20295,36
4410,4412,4
4414,7165,17
4414,7166,26
7166,4425,8
7166,35095,13
7166,4426,22
13899,13896,148
14328,13900,148
14328,13878,123
48014,39624,212
48446,25563,212
28855,47079,212
28855,28856,288
47079,25580,212
26198,26199,219
26198,26195,136
9438,9603,596
9620,10012,944
9822,9545,294
9822,37730,758
49972,14061,10
49972,14060,10
40754,40753,72
40753,40751,72
40751,35474,72
40764,40762,72
40762,40760,72
40760,20108,72
40770,40771,107
40771,20141,72
40771,6045,35
40962,40961,72
40961,40960,72
40960,40952,72
40952,20551,72
40976,40963,72
40976,35594,12
40963,42563,72
42563,40958,72
40942,40944,72
40944,40943,72
40943,44940,72
44940,40941,72
40941,40939,72
40939,40937,72
40937,40938,72
40938,44899,72
44899,44898,72
44898,44558,72
44558,44557,72
44557,44556,72
44556,44555,72
44555,44554,72
44554,20139,72
35579,20144,84
40946,20554,231
42568,40949,72
40949,40947,72
40947,40945,72
40945,40948,73
23325,16413,104
50522,50524,36
50524,50526,36
50526,50525,36
50525,44684,36
44684,50851,36
43594,43592,100
43594,742,24
43594,728,26
43592,24384,100
24384,24387,30
24384,24385,70
24387,24388,30
24388,24386,30
24386,24385,30
24385,43591,100
43591,25297,48
43591,43593,52
25186,25182,100
25182,50095,100
50095,50120,100
50120,25183,100
25183,25185,100
25185,25187,100
25187,15846,48
25187,15707,52
43253,39735,48
43253,39733,56
39735,25117,48
39735,24457,86
35111,21302,83
45050,14876,52
50105,49677,52
50085,38659,50
43917,43915,80
43915,43914,80
43914,43916,42
43914,40306,26
43914,20126,12
43916,43919,42
43919,43918,42
43918,43917,38
37632,50430,24
50430,18008,12
50430,21291,12
41788,22254,24
41788,41599,94
21256,5922,122
5922,5920,22
5922,21259,100
40343,40342,76
40342,40339,76
40339,40338,76
5921,5923,145
5923,5491,16
5923,5759,129
42160,43993,108
42160,44326,241
43993,29218,108
26916,45011,110
45011,40139,110
40139,40140,110
40140,40141,110
40141,36937,108
40141,41836,2
36937,45014,108
36937,26528,2
45017,41964,108
28941,41610,108
28941,28954,2
45015,41247,108
50729,25709,312
50634,25644,330
25644,25645,190
25644,25828,140
26072,26071,190
26366,25607,190
25607,25599,190
25599,25519,190
25519,28920,190
28920,28949,190
28949,44105,190
28949,41200,183
44105,28919,439
28919,40085,441
40085,40083,439
40085,41846,2
40083,40132,441
40083,25465,204
40132,40131,317
40132,25469,122
40132,40133,2
40131,44757,523
44757,40164,190
44757,43183,206
44757,43182,127
40164,40130,190
40130,40129,190
40130,44481,206
40129,40128,190
40128,40127,190
40127,41844,190
41844,40163,190
40163,43188,396
40163,43187,127
43188,41845,531
41845,40126,317
41845,44483,206
41845,25491,8
40126,42098,317
42098,40162,317
40124,44526,204
44526,28918,206
44106,44107,204
44106,43185,140
44107,44485,206
44485,40083,206
44754,44198,204
44198,26186,344
44482,40133,204
40133,42164,206
40133,43378,122
42164,27814,204
42164,35277,2
42164,26911,2
50684,26846,354
44326,44325,241
44325,44323,241
44323,29301,236
44323,51765,5
50184,50185,32
44841,44324,238
44324,37531,242
37531,44327,242
37531,42160,118
44327,26684,242
50772,28865,238
41959,44760,214
41959,26518,2
44760,41960,214
44760,25469,125
41960,40131,206
41960,28916,143
43183,44480,206
44480,40130,206
44481,44484,214
44481,40084,265
44484,44486,214
44486,43186,206
44486,43185,8
43186,40163,333
44483,25504,206
25504,40162,206
42555,25621,249
25621,26327,249
25469,25464,257
25464,40133,122
25464,41960,135
43378,28889,2
28996,28903,275
28903,43695,135
28903,50634,140
12020,26264,138
12020,25995,334
26287,28073,140
28073,26290,138
28073,25889,2
26290,25593,138
14730,40797,282
40797,848,145
40797,846,137
40796,40798,271
40798,14603,137
40798,22688,6
40798,858,134
23829,22864,65
885,877,15
885,873,52
42468,22858,14
42468,934,135
42468,933,26
27576,44475,63
43187,43178,142
43187,43179,127
43178,43176,142
43176,43174,140
43176,44107,2
43174,43171,140
43171,43173,140
43173,43180,140
43180,40122,140
43180,43188,135
43185,43167,148
43167,43165,140
43167,43175,8
43165,43163,140
43163,44198,140
48809,28222,95
48809,49045,13
28778,28777,279
28777,28776,279
28776,28775,279
28775,28774,279
28774,28773,279
28773,28772,279
28772,37523,91
28772,28223,100
28772,28222,88
28770,28769,179
28769,28705,91
28705,12664,188
12664,28226,188
28727,28725,108
28727,28710,1
28727,28724,1
28727,28723,11
28725,28724,108
28724,28723,108
28724,28710,1
28723,28706,119
28706,28722,119
28722,28719,119
28719,28718,119
26486,29014,7
26486,26493,1
26486,26490,18
26486,28322,2
29014,26490,7
29014,26486,32
26490,28323,7
26490,29014,32
26490,26486,1
26490,28324,18
28323,28324,39
28324,28325,26
28324,26490,30
28324,26504,2
28325,26493,25
28325,26490,1
26493,26495,8
26493,26494,18
28539,26572,45
28539,26570,57
28791,28787,85
28787,28786,85
28520,26545,86
26545,26537,52
26545,28541,37
26537,28521,50
26537,26924,2
26507,28522,52
26507,28540,34
28524,28330,86
26924,28520,3
26924,28521,2
28065,28067,5
28065,38981,21
28067,27476,5
49637,27791,5
5110,39857,38
39857,5808,38
5808,35350,90
35350,37042,90
37042,5112,90
5112,35394,90
35394,4774,90
51230,19592,21
35347,19676,72
19676,19677,72
19147,20900,33
35348,17706,33
38714,43905,50
9118,9117,59
9117,9226,59
9226,9125,59
2772,3443,245
3443,2773,245
2773,2061,6
2773,1878,239
50223,44248,267
46513,46543,267
46543,16403,267
43032,43033,28
43033,48263,28
10397,10878,6
10392,10880,6
28321,28322,30
28321,26490,2
28322,28323,32
26504,28324,1
22848,16752,13
22848,34027,355
34005,35173,20
34005,34175,156
50003,16237,76
50003,38652,66
25181,25177,80
25177,25179,80
25179,25173,80
25173,25175,80
25175,16088,50
25175,25191,30
25191,25196,50
25191,15838,30
25196,25197,50
25197,16096,50
16096,16095,50
16095,25193,50
25193,25194,50
25194,15883,50
24457,15674,2
24457,39732,149
49180,23671,72
47874,16061,57
34030,24838,57
34030,34096,241
23383,23373,297
16290,16295,19
16290,16291,20
16487,16296,19
16487,22379,20
9736,9439,39
9439,9737,19
9439,80,20
16316,16322,26
16322,16323,26
16323,16334,26
16334,16337,26
21124,44141,7
21124,18410,253
44141,4563,257
40979,40925,23
40925,40929,33
40929,40927,23
40927,40923,23
40923,18320,35
40926,40928,22
40928,40930,22
40930,40924,34
40924,40922,22
40924,40923,12
40922,40980,22
40980,40979,22
48942,43374,29
25409,43768,12
43832,22101,12
43832,11080,8
48182,19489,80
48182,19486,46
19786,20032,189
20032,34309,80
20032,44215,101
20032,20869,8
34309,19968,87
34309,51053,40
19968,19969,70
19968,41724,14
19968,35118,3
19969,18965,40
19969,18967,45
18965,20044,40
18965,19929,34
18965,41724,12
20044,18967,40
20044,19931,51
18967,4333,85
4333,20816,86
4333,4332,51
20816,4334,40
20816,20044,46
4334,20815,40
4334,4348,2
20815,43120,46
47974,4339,102
19495,19496,210
19496,6851,210
6851,19740,210
6851,20394,94
19740,18973,70
19740,19758,32
19740,4229,108
18973,41696,32
18973,41694,38
41696,5979,64
5979,18991,64
18991,5981,32
18991,18992,32
5981,4345,32
5981,4229,32
20042,18993,64
18993,19988,32
18993,18983,32
20382,19003,72
20382,19773,32
19010,50960,32
19010,50955,32
19011,20326,32
20326,20364,32
20364,20030,32
19958,19010,32
19958,50955,2
18992,5981,32
4229,6851,94
4229,20394,116
20394,18975,210
18975,19679,210
51053,19890,40
19890,34294,40
34294,19891,40
19891,19893,40
19893,4345,40
20439,4346,40
20439,18983,40
5611,5613,80
5613,19057,40
5613,19444,40
19057,19132,40
19132,19444,40
19444,4337,80
4337,34307,40
4337,18985,40
48068,17623,68
48068,17613,1
48068,17588,8
42027,42026,32
42026,42025,32
42025,5674,16
42025,5302,16
27004,28114,2
27004,27206,26
11225,11227,106
43435,44409,807
43435,43443,157
4312,20300,13
4312,20301,3
19954,20410,15
19954,6337,14
20410,4310,27
4310,20017,13
4310,20306,14
19952,19951,39
19951,20082,19
19951,19953,20
39185,20483,17
20483,37509,17
37509,20417,35
20417,4371,15
20417,4370,20
4371,4366,15
4366,21273,35
21273,4369,17
21273,4368,18
4369,20019,15
4369,20018,2
20020,4366,20
4368,37509,18
4370,20481,18
4370,4373,2
20481,4373,18
4332,19993,51
19993,4327,51
19993,20360,46
4327,4422,29
4327,4284,22
4426,4435,51
4426,4429,3
4435,4432,29
4435,19449,22
35585,35564,24
35564,35585,24
35564,38699,58
11410,8631,244
8631,11398,244
11398,8629,244
8629,8628,244
8628,8626,244
8626,11387,244
11387,9209,75
11387,9130,82
11387,9132,87
9209,11390,75
11390,11391,75
11391,9196,75
9196,9141,75
8876,8872,7
8872,8871,7
34690,9113,9
9113,9116,57
9116,9118,57
9112,38714,48
38814,38812,32
38812,11404,32
11404,38811,32
38811,11432,32
11432,38819,32
10811,41112,137
41112,49370,123
41112,28800,14
49370,43818,157
49370,27022,19
43819,49384,162
43819,27022,20
49384,10794,125
49384,43663,37
10794,10816,141
10816,10820,86
10816,44260,16
10816,10819,39
4274,4398,25
4398,4395,25
48951,28638,332
26147,26151,332
26291,25593,332
46827,25921,385
26145,28678,333
23162,23163,153
23162,23164,2
23163,23164,153
23164,22194,155
22194,22195,155
22195,22196,155
49730,41321,549
41321,41340,549
41340,51213,208
41340,41342,160
41340,43404,181
51213,50992,220
50992,50997,208
50992,50999,12
50997,50999,208
50999,50991,220
50991,50990,220
50990,51006,208
50990,51004,12
51006,51004,208
51004,50995,208
51004,50994,12
50995,50994,208
50994,42731,220
25325,41599,1018
25325,23146,153
22176,22177,300
41336,41315,147
41336,22188,319
41315,22183,147
22244,22245,22
22245,35968,22
23171,23181,22
23181,23182,22
23182,22212,22
23175,23176,22
23176,23177,22
23177,23031,15
23177,22213,7
44969,44972,84
44972,44974,84
44974,44975,84
44975,50255,84
50255,50257,84
50257,50220,74
50257,49985,10
50220,41339,74
50220,49995,10
41339,41317,74
41317,41338,84
41338,45043,74
41338,50220,10
45043,23189,74
23189,35970,74
35989,23190,94
35989,47238,238
23190,41319,94
41319,41337,94
41337,41318,94
41337,22134,10
41318,22253,94
22253,50518,94
22253,41337,10
50518,44977,104
44977,44976,104
44976,44973,104
44973,44971,104
44971,41044,2
40292,40289,4
5924,5921,129
21259,5920,100
22152,22153,342
22154,22162,151
22154,22155,191
41767,22242,163
41767,23170,217
41767,38899,160
23046,23047,163
23046,23073,161
47238,49716,216
47238,41329,25
41341,41769,513
41769,49713,513
41342,41323,160
41323,43404,160
43404,48805,351
48805,43407,351
43407,43821,351
43821,41302,344
43821,41325,7
41302,41306,344
41306,41307,163
41306,41309,181
41307,41309,160
41307,41313,3
41309,42729,341
42729,23146,160
42729,22119,181
41381,41380,159
41380,42733,159
36092,40790,371
19284,19285,47
19284,19349,32
19278,19284,44
19278,19277,23
22190,22191,35
22191,23031,35
23068,22172,107
42509,24237,123
41887,41885,129
41885,41883,129
41883,14491,129
41881,41880,126
41880,41882,126
41895,41893,254
41895,14416,141
41893,14286,118
41893,42685,3
41893,51466,136
43840,14381,118
44072,41772,461
44072,51261,60
12933,51456,141
12933,35737,2
50645,14485,141
50645,14488,234
14485,13144,141
13144,41891,141
14450,14452,248
14452,14454,248
14455,14453,255
14453,14463,255
14463,14464,255
14464,29551,248
14464,14495,4
14464,29603,3
29551,43838,248
43838,14461,248
14461,14495,248
14461,14294,3
14495,14467,252
14495,14466,3
14483,14484,107
14484,14420,107
50644,35300,107
29159,29153,8
29158,29182,8
29182,27835,8
50458,27817,8
16037,16666,46
16037,43644,18
13716,43651,138
13716,13732,24
43651,13732,138
25298,48278,282
24283,16115,221
24283,25104,61
50217,43979,131
43979,16388,131
43980,50207,126
41313,41331,187
41331,41308,356
41308,41310,187
41308,41330,169
41310,41311,184
41310,23146,3
41311,41330,177
41311,42731,7
41330,43822,346
43822,43406,346
43406,48837,346
48837,43405,346
43405,41324,140
43405,51213,12
43405,41341,169
41324,41341,140
41679,22252,151
41314,41316,151
41316,23024,151
41379,41382,172
41382,22201,160
41382,23059,12
9394,9401,942
49002,40424,196
48999,49088,196
49642,49612,154
49612,49646,154
49646,49619,154
49619,4661,154
43354,41720,382
41720,4961,157
41720,4965,225
49608,49630,157
49630,49645,157
49645,49634,157
41713,41709,214
41709,41710,214
35364,35363,70
19023,6282,10
19023,5756,147
19023,19225,4
6282,19225,6
6282,6275,6
6282,19251,12
6282,5488,6
6282,19249,6
6285,19225,2
6285,5755,357
6285,5487,127
19225,19251,129
19225,21265,4
19225,19206,6
19225,19036,2
19225,19227,127
19225,6279,129
19868,19187,4
19868,21268,6
19187,19199,6
19187,19195,2
19187,19216,12
19199,6283,6
19199,4184,127
6283,6280,4
6283,19261,24
6283,41565,127
19239,19240,2
19239,39631,85
19239,42087,6
19240,6276,8
6276,19191,8
19191,19012,135
19191,19200,87
19191,19188,2
19012,19013,129
19012,19188,6
19013,19015,129
19015,6283,2
19015,19199,127
19229,19202,2
19202,21265,2
19202,19023,8
19249,19022,8
19022,19202,8
6280,19198,262
19198,19018,4
19198,19196,129
19198,6382,129
19018,6277,8
6277,19225,4
6277,5488,87
19261,19016,4
19261,19216,4
19261,19196,6
19261,19189,10
19016,19189,4
19201,17962,6
19201,21266,6
19201,6382,4
17962,19036,10
17962,19023,135
17962,5756,2
19036,6275,141
6284,42092,6
6284,41552,87
6284,41553,129
42092,41555,218
41555,6291,6
41555,4186,6
41555,7107,6
41555,41558,85
41555,42085,127
6291,6273,6
6291,42093,129
6273,6278,8
6273,42093,2
6278,41560,6
6278,19248,2
6278,41561,85
41560,41561,6
41561,42085,91
42085,5490,6
42085,19265,85
42085,19248,127
6272,19250,141
19250,19027,6
19250,19028,135
19027,19028,6
19028,19235,12
19028,21265,2
19028,19251,127
19235,19227,6
19235,19023,6
19227,19023,6
19227,6279,127
39634,19221,4
19221,19075,4
19221,6382,129
19195,4184,2
19205,21268,8
6271,19220,133
19220,19245,133
19245,19221,133
19075,5756,4
19075,6382,6
34239,9584,8
19216,19217,151
19217,6281,85
19217,19241,135
19217,19218,6
27324,27311,21
41644,27716,20
39448,39446,20
39446,39439,20
39439,39437,20
39437,49068,20
41645,27861,20
41645,27840,19
27857,39582,16
39587,39586,16
39586,39585,16
39585,27028,16
39584,27836,16
27002,27004,26
27206,27204,26
27204,42728,26
42728,28114,26
27011,28113,26
27011,26405,29
27011,27904,1
25481,28645,20
21624,21356,61
21624,21598,87
3960,2392,18
50181,2471,9
37132,37131,20
37131,19738,20
19738,19739,20
19739,21275,20
21275,39237,20
41585,5484,12
41554,41589,12
41554,42092,212
41589,41588,24
41588,41587,24
41587,41586,24
41586,41590,24
41590,41555,12
41590,6285,12
7100,7101,62
7101,7102,62
7102,7103,62
7103,7104,62
7104,7105,62
7105,41582,62
41582,41580,62
41580,41581,62
41581,4187,33
41581,4189,29
41593,18234,18
41593,18236,16
41592,41593,18
41556,41589,12
41556,6284,218
43093,41577,22
41577,41578,22
41578,41579,22
41579,18905,10
41579,18917,12
41572,43113,22
43113,41570,22
41570,41571,22
41571,19834,10
41571,18907,12
7107,7108,29
7108,19886,6
7108,4186,27
7041,17934,17
7109,7097,38
7097,7099,38
7099,21283,17
7099,17970,21
35518,35519,38
35519,35520,38
35520,35523,38
35523,35524,38
35524,35525,38
35525,35526,38
35526,18877,38
39975,7064,34
7066,7068,34
7068,7067,34
39974,7072,17
39974,7063,17
49376,49166,21
49376,39438,19
49166,28991,21
49162,28990,21
41523,41521,114
41521,41997,114
41997,41520,114
41520,1163,114
17219,41513,114
41519,41990,114
41990,41998,114
41998,41522,114
41522,1145,114
1145,4028,114
43130,43352,225
43352,19693,225
18284,51232,319
51232,51233,319
51233,20998,319
20998,20994,319
20994,20987,319
20987,6223,261
20987,20996,58
6223,20979,341
20979,19435,341
19435,6228,341
6228,18336,341
18336,18337,267
18337,6224,267
6224,20990,267
18338,21006,267
18338,18303,72
48416,21032,134
48416,21002,134
21032,21040,214
21040,21050,132
21040,21059,80
21040,21039,2
41460,41458,374
41458,41456,374
41456,20963,132
41456,41455,242
41683,41682,126
41682,41681,126
44776,41455,130
41455,41454,373
41454,41457,373
41457,41459,373
41459,41461,373
41461,43887,130
41461,4256,243
19400,21002,144
6227,6253,273
6253,20964,273
20964,20960,345
20960,20969,345
20969,20973,345
20973,6229,345
6229,20988,273
6229,20996,72
20991,6222,128
6222,21001,128
21001,18300,170
18300,4193,170
21081,5169,128
19399,20972,453
20972,20962,453
20962,19401,195
20962,20949,248
20962,4197,10
19401,19402,195
19402,19406,195
19406,19408,195
19408,19409,211
19409,19407,211
19407,19410,211
19410,4197,211
4197,19412,460
19412,20977,460
20977,6225,322
20977,6226,56
20977,48416,82
41825,41814,16
41814,41824,16
41824,41816,16
41824,41815,16
41816,41819,16
41819,41821,16
41819,41804,16
41821,41983,16
41821,41818,16
41983,41813,16
41813,936,16
41813,41823,16
936,15414,16
41828,41827,32
41827,41805,32
41805,23534,32
41804,41813,16
41823,41821,16
41818,41817,16
41817,41824,16
41815,41826,16
41826,15989,16
41830,41832,24
41832,41833,24
41833,41835,24
41835,41834,24
41834,41831,24
41831,15599,12
41831,16073,12
38930,38928,30
38932,38934,30
38934,16070,30
26259,25916,2
26259,26258,334
26150,26155,2
26150,26169,336
26150,28678,6
26150,26170,310
26004,25906,2
26004,26141,334
28856,12015,290
14537,13060,291
14537,12880,212
14537,13113,56
13425,43286,291
42471,29430,291
42471,15520,161
29430,43282,291
24027,24026,291
24027,23971,135
24027,24035,73
23961,23963,304
23963,24028,304
29332,42470,304
42470,43287,444
43287,42080,444
42080,13459,304
42080,43284,140
13459,13461,304
13461,13116,304
28645,28803,20
28645,28646,20
28803,25814,20
25814,28649,20
25814,28648,20
28649,28660,20
28660,10798,20
28660,25816,20
10798,10797,40
10797,10795,20
19631,19632,89
19632,19633,89
19633,19634,89
19634,21150,89
20949,6052,248
6052,20932,248
20932,18621,238
20932,40621,10
18621,5908,238
5908,40617,238
40617,44138,57
40617,40621,155
40617,19065,26
20258,40620,56
40620,6053,229
40620,6054,10
6053,40618,229
40618,20930,229
20930,18628,229
18628,6054,229
6054,6056,56
6054,6055,183
6056,4197,56
6056,51084,183
19758,18970,32
18970,19963,24
18970,20026,32
19963,18969,24
18969,5982,48
5982,20177,24
5982,19965,24
20177,20180,48
20180,19635,24
20180,18969,24
19635,20177,24
19965,19964,24
19964,18970,24
20026,4229,32
20283,20832,107
20283,20864,191
23330,23335,6
23335,23336,6
23336,49445,6
49445,23332,6
49445,21482,200
23332,23333,6
23333,23334,4
23333,15680,2
23334,21480,200
49347,21517,12
20924,21305,52
40861,40860,29
41978,20739,29
11556,9868,11
11556,9869,207
9868,9866,11
18724,41803,14
18724,19747,34
41803,35118,26
35118,41723,26
35118,41802,26
35118,19929,3
35118,19969,3
41723,19929,14
41723,19969,12
41724,35118,26
41802,5605,2
41802,19747,24
5605,19984,50
5605,20016,46
19984,18727,2
19984,18718,48
6762,6760,2
6762,6761,128
6762,42197,138
6741,34159,2
6741,6740,161
20756,20757,2
20757,20758,2
20758,20759,45
20759,20219,2
20759,6062,43
41399,41397,82
41397,41398,82
41398,41400,41
41400,41402,41
41402,41404,41
41404,41405,41
41405,41408,41
41408,28747,39
41408,28764,2
28765,28764,170
28765,41409,40
28764,28763,172
28763,28762,165
28763,38984,7
28763,28747,6
28762,28761,165
28761,28760,165
28760,28753,165
28753,41419,41
28753,28758,124
41419,41420,41
41420,38395,41
38395,38394,111
38395,50290,2
18999,4283,56
18999,4364,7
5345,5346,92
42023,28206,29
42023,26887,5
4118,38273,11
4118,48611,132
41123,41129,281
41129,41127,281
41127,41121,150
41127,48968,131
41121,43968,150
43968,43965,150
43965,43964,150
43965,48971,131
43964,43963,307
43963,43961,147
43963,50152,157
43961,43962,147
43961,48991,131
43962,41120,147
43962,48994,137
41120,41126,147
41126,41128,147
41128,41122,278
41122,4129,147
41122,48986,131
4114,4115,132
4114,50426,224
48611,48676,132
48676,48869,132
48869,48659,132
48659,4119,132
39344,39373,10
39373,27709,10
35944,2299,116
29578,14486,3
29578,14289,3
42685,14480,9
6078,41550,85
6078,5486,254
41550,6274,85
6274,42082,85
42082,42083,85
42083,42090,85
42090,41554,85
42090,42091,383
41558,6278,85
6281,41547,85
6281,19242,6
41547,41546,85
41546,42088,85
42088,39632,85
39632,39633,172
39633,19239,85
39633,19191,87
39631,39630,172
39630,42087,85
39630,39632,87
42087,19240,91
42057,42053,12
42053,42052,12
42052,42058,12
42058,42051,12
42051,18656,12
18656,18655,12
18656,18664,145
42049,42048,12
42048,42047,12
42047,42046,12
42046,42054,12
42054,18691,6
42054,42055,6
20752,20753,35
20753,20754,35
20754,49499,35
49499,49557,35
49557,49512,6
49557,51934,29
49512,49508,35
49508,20755,35
20755,6076,35
6076,34256,35
40948,40950,73
40950,40951,73
40951,42569,73
42569,20553,73
20823,44561,73
44561,44560,73
44560,44559,73
44559,44897,73
44897,44553,73
44553,40967,73
40967,42145,73
42145,42138,73
42138,42137,73
42137,40968,73
40968,40969,73
40969,42139,73
42139,40970,73
40970,20513,73
40956,40957,73
40957,40959,73
40959,40936,73
40936,20556,73
40773,40757,107
40757,40772,107
40772,40758,107
40758,40769,107
40769,40759,107
40759,40763,73
40759,6707,34
40767,40766,73
40766,40765,73
40765,6524,73
5510,6045,73
20113,35473,73
35473,35505,73
40750,40752,73
40752,41348,73
41348,40754,73
39017,47399,156
39017,50601,91
47399,7035,156
6290,19047,26
21141,21152,331
21141,21148,56
35305,14486,3
35298,14271,3
16663,37149,35
24370,15956,65
15956,24862,58
15956,15957,7
24862,24863,56
24862,24864,9
24863,24864,56
24864,24371,37
16581,51423,7
51423,21861,7
21861,757,7
21861,21862,7
42110,22889,7
42110,16649,7
15957,48937,7
48937,48936,14
48936,7892,7
48936,24862,7
7892,8453,14
8453,50113,14
50113,50101,7
50113,48937,7
50101,7892,7
21862,24434,7
42064,23585,64
42064,23593,34
42187,22887,124
42232,41974,81
41975,9681,81
19439,19440,161
19440,19441,161
19441,19442,161
19442,19443,81
19443,18568,81
6120,6147,81
6147,6145,81
6145,18570,81
21051,4989,81
21051,18583,108
4989,6130,81
6130,6131,81
6131,4991,81
4991,4993,81
4993,6132,81
6132,6125,81
6125,6122,189
6122,5885,189
5885,19332,85
5885,18573,104
28850,28851,288
28851,28852,288
28852,39626,288
39626,28853,288
28853,25930,288
35542,50010,23
35542,35528,25
50010,35529,23
35541,35539,48
35539,35537,48
35537,35534,48
35534,35532,48
35532,35531,48
35531,39976,23
35531,39967,25
39664,39663,38
39663,41269,38
41269,41268,38
41268,39655,38
39655,39666,38
39666,39662,38
39662,39654,38
39654,39665,38
39665,6609,38
41325,41305,7
41305,41313,7
51918,3371,410
51918,43473,4
51005,17227,73
1745,2951,18
1745,2953,30
42011,42017,24
42017,5625,12
42017,5233,12
42437,20696,12
42437,42011,12
42437,20694,13
42437,5626,10
42009,42016,24
42016,5627,12
42016,5231,12
42008,42006,24
42006,42007,24
42007,20166,12
42007,20303,12
42021,42022,24
42022,20408,12
47994,47975,2
4608,35423,289
41481,41482,54
41482,41484,27
41482,41474,27
41484,41476,27
41476,41479,27
41479,41480,27
41480,4735,27
41480,4736,27
50027,4785,27
18894,4809,27
46470,50018,27
50018,50015,27
41474,41478,27
41478,41477,27
41477,41480,27
5030,35464,319
6019,35364,44
6019,5927,7
50154,7032,52
9883,11556,207
9869,9880,207
11917,42233,20
11917,11801,196
42233,11801,20
42233,11916,20
11801,11919,216
11919,11802,216
11802,11918,217
11918,11804,217
11804,42233,20
11804,11916,197
11916,10443,217
9870,9184,217
97,34088,71
97,100,94
99,24813,71
99,34176,137
14591,44420,6
14591,33843,41
21020,21031,245
21031,21044,245
21044,5208,31
21044,21058,214
21042,21030,242
50548,39830,44
33843,29383,13
41329,41313,25
17496,17446,133
17446,3376,3
17446,17433,375
2979,17508,3
2979,42585,240
38850,37774,243
37774,37773,358
37773,37772,3
37773,42574,240
37773,42575,117
37772,36912,3
37772,36911,240
48067,48914,62
35319,46925,487
46925,50930,859
50930,46288,859
46288,46661,859
46661,47119,487
46661,47016,372
37729,9046,1204
37729,51199,95
46414,34236,490
8390,8391,1169
8391,7597,1169
7597,7439,790
7597,34942,379
7439,7440,1092
7440,7441,1092
7441,7442,1092
7442,7443,1092
7443,7395,546
7443,7417,244
7443,34964,302
7395,7353,1581
7395,7384,302
7446,7450,539
7446,7419,1245
7450,7412,539
7412,7413,783
7413,7414,539
7413,34313,244
7414,7415,539
7415,7377,539
7377,7378,3034
7377,7379,19
7377,7357,5
7379,7380,2732
7379,7382,3
7379,7356,302
7380,7444,853
7380,7382,6
7380,7381,2117
7374,7375,2879
7374,7376,36
7374,7377,16
7376,7377,2500
7376,7379,36
43935,5641,11
48085,11028,39
48085,37274,38
48085,11032,44
11274,10912,39
11274,48354,44
10912,10825,50
10825,10821,39
10825,10822,11
26316,26309,2
26309,25798,120
25798,28939,120
28939,26307,120
26307,41609,120
41609,28938,120
28938,26540,2
28938,26914,118
41846,43378,2
25257,16264,34
18478,18479,294
20996,20989,58
20996,18338,72
19910,19909,17
19909,20210,17
19909,19910,17
20210,20313,17
20210,19909,17
20313,17668,17
4640,40579,40
40579,40576,40
40576,40577,40
40577,40578,40
40578,40580,40
35095,35094,32
35094,35092,32
35092,35090,32
35090,4438,13
35090,4191,19
4439,4453,15
207,194,1018
194,192,1320
192,15234,614
192,189,441
192,42530,265
15234,14611,614
14611,14632,614
14632,195,305
14632,42782,309
195,14612,20
195,593,721
195,592,265
223,222,240
223,226,205
222,221,465
221,215,465
215,217,465
217,218,465
218,224,465
224,226,240
224,42684,225
226,219,442
226,283,7
219,271,845
271,273,845
273,274,845
247,242,911
242,240,911
242,244,8
240,211,911
240,210,225
47906,324,27
47906,585,16
304,326,433
304,49951,196
510,509,32
437,24721,390
43746,24683,176
43746,432,161
24683,635,176
635,634,176
634,621,4
634,42777,172
42491,24239,24
14667,14659,1004
14667,382,199
14644,14642,392
14642,348,193
14642,48486,199
348,372,48
348,351,145
348,708,195
29437,29435,13
44861,43504,199
43504,42443,353
42443,44870,175
42443,43501,178
49237,48333,199
48333,48331,353
48331,51124,353
51124,49591,199
51124,51125,154
49084,48332,412
48332,48334,412
48334,49214,211
48334,42444,201
49214,44871,211
44866,44860,211
44860,27520,211
44860,27523,201
11083,11084,22
11084,11085,22
11085,11082,11
11082,41660,11
11082,11083,11
11022,10932,11
11022,8980,415
11022,11275,10
10932,10912,11
10893,10806,11
10893,10805,11
10892,10891,11
10892,10890,11
10889,10888,22
10888,25815,11
10888,10887,11
28661,41249,22
41249,42691,11
41249,10889,11
25726,608,11
25726,42690,11
10823,10826,50
10826,10935,11
10826,48355,39
10935,41665,11
15214,24944,15
24944,21789,15
42683,15215,15
15215,21790,15
37675,13322,59
42492,49803,103
1017,24514,10
1017,24848,34
35283,13178,42
35283,13429,132
35283,23973,63
35283,24083,138
35283,13295,6
25060,25140,24
25142,23248,24
23248,15779,24
26743,28575,121
43182,43164,127
43164,43166,127
43166,43168,127
43168,43186,127
43179,43172,127
43172,43169,127
43169,43175,127
43175,43177,135
43177,43998,135
43998,43180,135
47362,41168,3
47017,327,3
47017,325,404
25141,25149,19
25149,15773,19
15773,15892,19
15892,820,10
15892,15829,9
820,15716,19
15716,15893,19
15893,25148,19
25148,15891,19
15891,25121,10
15891,25141,9
629,23680,6
24937,407,54
24937,410,3
24937,33917,18
42445,42520,24
42445,28007,37
42829,42828,88
42829,3834,45
42828,42256,88
49379,28765,100
28758,28757,124
28757,38395,124
19242,39631,87
19242,19219,6
41559,41557,89
41557,42093,87
41557,6273,2
42093,41556,218
41552,6285,472
42084,42081,87
42081,41548,87
41548,41549,87
41549,41551,87
41551,6078,87
6110,6124,190
6124,6113,190
6113,4992,80
6113,6111,110
4992,4994,80
4994,4995,80
4995,4990,80
4990,6133,80
6133,21056,80
6133,18571,108
4987,6146,80
6146,6144,80
6144,6119,80
6119,21306,80
19438,19439,80
5203,21018,44
35578,4193,44
35578,5203,44
35836,21109,44
21109,21110,44
21110,18535,44
18535,18536,44
18536,18414,44
6169,5161,311
5161,5159,19
5161,6155,292
98,39763,67
98,39762,94
39763,43742,3
39763,23763,133
39763,49176,64
39198,3915,23
39198,2291,5
20846,20286,6
1639,1395,10
1189,1261,6
40374,40362,6
40374,44208,113
40362,19315,6
40362,18814,113
171,170,189
170,169,189
169,162,137
169,173,52
162,161,137
159,21426,137
47999,16186,18
26911,44113,183
26911,44121,2
6337,20410,16
44966,41375,63
44966,41374,56
42659,41375,50
42659,41374,56
21718,16262,10
44232,10776,135
44232,10264,20
9896,11604,1039
11604,9824,929
11604,9544,110
42604,42605,505
42605,42598,656
42598,20574,146
42598,20577,359
42598,20681,151
25024,25013,24
15317,15321,41
15321,15309,41
15309,15329,21
15309,15376,20
15329,15328,42
15328,15293,42
15293,15331,21
15293,15307,21
15331,21805,42
21805,15330,42
15330,15376,21
15330,15329,21
15376,15776,21
15376,15836,20
23258,15604,21
15307,15308,30
15308,15310,30
15310,15318,30
15318,15319,30
15319,15320,30
15320,15316,30
15316,15314,21
15316,15313,9
27424,25573,2
27424,26136,18
26169,26172,336
26172,26174,336
26174,27415,2
26174,25990,334
20051,20052,28
188,190,628
190,42530,302
190,191,436
42530,42532,567
42532,42533,17
42532,48962,550
42533,42551,567
42551,42781,557
42551,195,10
42781,194,302
42781,195,255
42782,42554,309
42554,42534,309
42534,42531,309
42531,189,309
765,987,4
765,962,4
765,965,112
956,955,228
955,954,228
954,42468,112
954,22864,112
911,908,4
911,51033,116
908,906,4
766,903,109
766,51032,116
903,996,109
996,992,109
992,918,4
992,24422,105
762,937,4
762,51040,110
50246,50248,186
50246,50247,17
50248,50245,203
50245,41675,186
50245,41639,17
40907,3328,196
19449,4191,15
19449,20069,22
20069,48542,62
48542,20065,62
20065,48661,62
42142,42144,88
42144,42140,88
42140,42129,88
42129,42130,88
42130,42135,88
42135,42132,88
42132,42131,88
42131,42136,88
42136,42143,88
42143,19582,13
42143,17764,29
42143,19587,31
19525,19831,291
20380,34159,281
5812,5493,106
17640,21251,24
21251,21249,24
21249,21244,24
21244,21243,24
21217,18665,126
18665,21203,24
18665,43731,102
21203,18669,24
18669,21179,24
21179,18662,24
21878,21881,240
21881,22181,4
21881,22819,138
21881,21815,98
42174,42691,52
42174,608,34
50414,608,52
44310,26991,52
44310,28871,24
26991,42497,52
38507,38506,124
38506,38505,124
38505,38471,124
38471,38470,124
38470,38468,124
38468,38467,124
38467,38466,124
38466,38500,124
38500,38517,124
38517,38499,124
38499,38463,124
38463,38462,124
38462,38494,124
38494,38492,124
38492,38491,124
38491,38483,124
38483,38484,124
38484,38485,124
38485,38526,124
38526,38457,124
38457,38490,124
38490,38529,124
38529,38488,124
38454,38487,124
38487,38486,124
40558,40557,23
40557,15201,23
15201,40559,23
14204,14157,93
14157,14154,93
14154,14153,93
14153,39132,93
39132,42857,244
42857,14144,244
14524,14155,151
14155,14156,151
14156,14203,151
14203,14190,151
14544,13694,175
14151,14150,101
14150,14147,101
14147,14005,101
42469,14350,44
42469,14132,44
49476,13758,104
49476,13946,1
14003,14006,104
14003,29462,108
14003,14004,264
14006,14007,104
14007,14148,104
14148,29333,104
29333,14182,104
42528,42529,791
42529,14200,105
42529,14198,686
14096,14098,105
14098,14107,105
14107,14123,105
14123,13054,105
51253,34495,537
51253,39250,152
51253,51616,362
34495,51617,955
34495,34482,135
34495,34493,215
34495,34649,12
34495,34494,2
51617,34493,733
51617,34634,222
34493,34491,701
34493,8192,462
34493,35099,3
34491,34631,933
34491,34484,7
34631,34336,1141
34336,34632,673
34336,34477,461
34632,34630,1076
34630,34452,1039
34630,34450,24
34630,35103,10
34630,34469,3
34452,34450,1273
34450,34490,638
34450,35105,87
34450,51714,258
34450,34462,314
34490,34633,1076
34633,34648,1076
34648,34459,288
34648,34647,557
34648,34460,231
34459,34649,314
34649,34457,802
34649,34668,30
34649,34565,51
34649,49677,12
34649,729,2
34649,34566,25
34457,34636,118
34457,34638,92
34457,42301,295
34457,51992,25
34457,35507,4
34457,729,350
34636,34629,337
34629,34623,440
34623,34637,340
34623,34655,100
34637,34641,340
34641,34639,340
34639,42301,118
34639,34458,192
34639,51992,4
34639,35065,26
729,743,12
729,727,24
729,22742,28
729,35320,12
729,50738,48
729,16004,48
729,787,307
729,741,33
729,748,417
729,48342,4
729,15994,2
729,22241,2
729,11161,10
729,25404,2
729,22071,2
729,15176,2
729,50739,20
15379,15307,9
14122,14106,108
14106,14097,108
14097,14550,108
14550,14099,108
616,505,24
590,235,944
235,601,944
35065,35066,28
35066,35067,28
35067,34364,28
34364,34458,26
44143,24262,132
43252,50338,63
43252,50339,52
43052,50336,56
43052,50335,99
24261,15396,56
24261,15394,7
24261,40565,99
699,49193,365
49193,43228,365
43228,16221,207
37572,659,357
659,16781,357
50445,12823,301
42814,49503,163
49503,36994,163
49503,22569,109
36994,24378,338
36994,39043,114
24378,22571,283
24378,42814,175
22571,15011,392
15011,15247,392
15247,22576,272
15247,24379,110
15247,42833,10
22576,15029,399
15029,15248,272
15029,24870,127
15248,15046,554
15046,15056,554
15056,15061,554
15061,15060,554
15060,15053,554
15053,15043,554
15043,15250,554
15250,36997,272
15250,49517,282
36997,36998,554
36998,15034,554
48192,359,317
49200,14897,104
49200,14961,75
42815,44524,301
44524,47003,299
47003,14966,104
47003,14960,88
47003,14961,107
49517,15248,282
49517,42851,434
42851,36988,282
42851,42833,142
42851,24379,10
36988,36996,396
36996,36995,396
36995,36994,289
36995,49506,107
49483,42801,340
42801,42798,709
42798,42796,709
42796,42799,709
42799,42802,340
42799,49483,369
42802,42804,340
42804,24380,226
42804,42816,114
24380,24381,226
24381,24383,117
24381,49603,109
24383,22576,117
24383,36988,10
39044,22575,475
22575,14955,226
22575,14963,249
49205,14897,213
49205,14961,110
49205,14966,46
49205,15037,6
42833,42813,142
42833,48288,10
42813,42832,249
42832,42803,249
42803,42801,369
42816,36988,104
42816,22576,10
39043,14982,213
39043,42817,10
42689,505,650
42689,520,145
191,193,436
193,195,436
507,520,22
507,590,759
14990,24378,120
14990,42817,107
24379,42803,120
13833,13828,478
13065,12935,478
13568,49934,478
44999,49772,74
44999,48974,6
28161,28160,80
28162,29037,80
29037,28157,80
45000,49772,76
427,424,54
424,422,94
422,797,94
797,264,48
797,586,6
797,270,40
34152,34155,266
34155,39228,266
39228,830,129
39228,828,137
49000,49055,194
40055,49001,194
40055,44018,27
49001,41926,194
25901,25562,6
49322,33943,1114
15267,15261,297
15261,35704,297
35704,21312,297
21312,42981,297
15256,15260,324
15260,15335,324
15335,15271,162
15335,15270,162
42979,44390,52
44390,49247,51
44390,12274,47
49247,12274,51
49232,49835,51
49232,29110,6
49835,12625,51
49835,12404,131
12147,12185,71
12185,12359,71
12359,12186,71
12186,12217,71
12217,12219,71
12219,12220,71
12220,12360,71
12360,12643,71
12643,12361,71
12361,29273,71
29273,29234,71
29234,29202,71
29202,48504,71
48504,12510,20
14568,29491,9
29491,14567,9
14567,14566,9
14566,14263,4
707,26654,4
20498,20568,8
28011,27445,4
22712,16062,4
41190,41194,225
41193,41195,426
41195,42601,208
41195,46709,218
42601,41189,208
41189,41187,208
41187,42604,208
41187,20641,218
43255,19454,339
43255,19457,25
42596,42607,339
42607,42600,339
42600,42597,339
42597,42606,189
42597,20576,150
50134,46504,189
46709,50109,218
50109,50128,218
50128,41187,218
5607,20774,87
5607,5606,79
20774,5606,87
5606,41134,87
5606,20775,79
41134,35569,166
35569,35570,166
35570,41076,166
41076,41075,166
41075,35571,166
35571,42970,87
35571,5607,79
42970,41134,79
20775,17515,79
17515,20128,79
35284,35285,122
49176,48928,565
48928,48924,565
48924,89,110
48924,48546,216
48924,49234,239
51190,806,63
51190,43951,186
806,22474,63
22976,811,62
22976,23731,62
22976,812,186
807,23646,62
807,23638,204
48401,24093,62
21170,21171,132
21171,18460,132
18460,18435,132
42881,13214,224
23227,22842,155
22844,22845,155
22845,22848,155
50130,50126,353
50130,21594,76
50130,21321,244
50126,21652,695
21652,23893,253
21652,16800,442
44338,44335,253
44335,76,155
44335,43937,98
25372,22932,408
22932,22933,408
22933,21688,155
22933,23736,253
44336,44339,274
44339,22839,198
44339,45021,76
22846,22847,198
22847,22843,198
22843,23226,205
23226,3,205
42285,42577,202
43137,43068,381
43068,43067,381
43067,42188,381
42188,28191,106
42188,26751,24
42188,12407,251
43136,43135,130
43136,43063,124
43136,26895,251
43135,43132,130
43132,43566,130
43132,44186,124
43566,43564,130
43564,44178,130
44178,44179,130
44179,44181,130
44181,44183,130
44183,44185,130
44185,43563,130
43563,43061,130
43563,43133,124
43061,43060,130
43060,26890,130
26854,26855,130
26855,26856,130
26856,28189,130
43064,26894,329
26894,42190,329
42190,43055,329
43055,28210,329
43567,44630,210
43599,43571,130
43569,44630,124
43569,43571,151
43569,46429,4
43600,43138,124
43138,43570,124
46429,26892,124
46429,43137,251
26893,42191,375
42191,43065,375
43065,26749,375
26749,43136,375
43063,29279,124
29279,29280,124
29280,29287,124
29287,29285,124
29285,26896,124
46357,43059,124
43059,43132,124
44186,44184,124
44184,44182,124
44182,44180,124
44180,44177,124
44177,43139,124
43139,43565,124
43565,43563,124
43133,43134,124
43134,28190,124
12407,28192,323
12407,26754,251
51994,49213,61
51994,43633,1
49213,43633,61
49213,49812,6
43633,12226,109
42901,44388,111
44388,43636,111
51991,12164,47
42978,44390,46
46350,25260,106
25221,23236,106
23236,23235,212
23235,23237,212
23237,23238,212
23238,25220,212
25220,16764,106
25220,16177,106
43830,25292,106
43830,44251,32
44331,25212,212
25212,25214,212
25214,25290,212
25290,16467,212
16467,16311,212
16311,25213,212
25213,40690,212
40690,44330,212
44330,43308,106
44330,16259,106
16454,22099,223
43829,23236,106
43829,25274,29
47254,25256,106
37688,29310,19
37688,13004,1
42521,28059,76
43197,41924,76
41924,40069,76
40069,40058,76
35528,35545,25
35545,35561,25
35561,35529,25
19214,19215,129
19215,19031,135
19031,19191,127
50546,39830,56
47993,22804,36
43056,43071,24
43071,43069,24
43069,43137,24
26751,43136,24
26751,12407,28
44990,13187,24
34346,34408,159
34408,34232,48
34408,34412,14
34408,34806,97
34232,34429,134
34429,34657,126
34429,34427,157
34429,34540,42
34657,35317,211
34657,34431,50
34657,8503,62
34657,34436,2
35317,34435,86
35317,8503,34
35317,34436,91
34435,34431,86
34435,34429,191
34431,34538,12
34431,51149,28
34431,34348,40
34431,34540,10
34431,50681,4
34431,24434,42
34538,51149,26
34538,34532,234
51149,34529,332
51149,34520,38
51149,8281,3
34529,34525,332
34525,34522,332
34522,34526,332
34526,34513,332
34513,34516,332
34516,34527,332
34527,34517,332
34517,34518,332
34518,34521,332
34521,51148,129
51148,34540,12
51148,34541,33
51148,34232,27
51148,34537,36
51148,34533,242
51148,34509,22
51148,14077,18
34540,34545,70
34540,34543,198
34545,34548,264
34545,34544,4
34548,34552,262
34552,34554,262
34554,34557,262
34557,34669,54
34557,41282,208
34669,34556,142
51585,24163,63
51584,24738,62
47865,5266,3
37648,13321,316
25010,24020,338
29582,13374,338
29582,13375,201
13380,13387,499
13387,25362,499
13386,29629,488
29629,13378,488
14562,13366,348
10795,28660,20
25816,25814,20
28648,28645,20
28646,26405,20
43659,43322,28
43659,43213,6
51920,25059,256
50790,33998,256
43334,37720,14
43333,37727,14
42586,17446,231
21783,14355,21
28688,26377,74
26377,26375,74
26375,15990,74
48621,48585,211
48585,49385,211
48711,48704,153
48704,48876,153
48876,5695,153
48285,598,4
41095,7825,103
41096,7827,103
35734,41178,103
41178,34828,175
34827,12549,11
37777,50103,11
50103,37779,11
37779,28217,11
47840,26659,134
47840,26122,5
51764,51763,4
51763,44324,4
37776,28296,30
37776,28285,14
43058,26890,80
48149,43422,334
26141,26142,334
26142,26006,334
26006,26206,334
26257,26259,334
44799,11292,8
44799,10131,8
44799,10750,8
44799,10790,23
44799,11590,8
44799,10225,14
44799,10446,6
27485,27495,98
27495,27492,98
27492,27489,98
27489,43038,98
43038,27487,98
27487,27486,98
27486,27535,74
27486,44938,24
27535,43040,74
43040,28089,74
28089,39339,72
28089,39980,2
43035,43034,22
43034,39395,22
10244,10152,162
39119,39124,2
39119,452,7
39119,451,2
43932,43397,644
43397,43399,644
43399,9828,249
43399,9831,395
35234,21545,7
47872,39408,20
39408,39331,20
39331,39407,20
39407,39406,20
39406,39479,20
39479,39405,20
39405,39404,20
12035,26596,20
39137,43674,20
43674,43672,20
43672,43670,20
43670,43669,20
43669,43667,20
43667,43665,20
43665,43678,20
37074,37075,22
37075,29190,22
22905,24129,138
22905,24131,98
48559,48723,26
48723,35722,26
48662,35716,28
47904,12404,1
12404,12367,132
49683,29246,1
49683,49882,94
28962,28961,101
49688,29116,1
49688,49874,98
38798,12226,1
38798,29085,41
41914,41913,21
41913,44476,31
41913,40057,6
922,14645,3
24365,24358,3
47798,13322,14
331,805,445
331,600,428
585,726,419
585,47204,149
40898,29450,16
40898,42654,1058
40898,264,425
34366,42301,92
34366,35507,4
34458,34650,779
34650,43382,573
34650,51623,263
34650,34494,12
34650,34647,26
43382,51619,510
43382,34635,81
43382,34467,6
51619,34635,741
51619,34467,51
34635,34463,400
34635,34490,242
34635,35105,293
34635,34462,172
34463,34468,1172
34468,46616,900
34468,34546,75
34468,35103,187
34468,34469,10
46616,51620,865
46616,34546,35
51620,34546,523
51620,34477,342
34546,34489,983
34489,34662,839
34489,34484,144
34662,34492,649
34662,51621,16
34662,34491,10
34662,8192,167
34492,51621,797
34492,34494,81
34492,39250,3
34492,41875,7
34492,34498,144
51621,51622,977
51622,34494,488
51622,34495,24
51622,39250,155
51622,51616,310
34494,8240,70
34494,49395,16
34494,34751,43
34494,41185,18
34494,7747,2
50052,16543,250
13872,14012,185
14012,13871,185
13871,13868,90
13871,14013,95
14538,42707,116
14536,14539,395
14539,12918,395
22463,16774,6
16774,16770,6
38331,38330,36
38330,38328,36
38328,38327,36
38327,38326,36
38326,38332,36
38316,16039,18
43644,38312,18
38312,38311,18
38311,38313,18
38313,35331,18
41901,12239,42
41901,12226,38
41901,50069,148
41901,38797,3
12239,12226,42
12239,12273,39
42231,42230,81
42230,42229,81
42229,42228,81
42228,42220,81
42220,12125,42
42220,12274,39
42219,42218,42
42219,12430,39
42218,12228,42
42218,12229,39
43682,43681,81
43682,47976,80
43681,47976,81
47976,12275,81
47976,42216,38
41902,12719,263
42216,12132,38
42216,43682,42
42227,42226,38
42227,12277,42
42226,38903,38
42226,42227,42
42222,12284,42
8040,38149,362
8040,7865,58
38149,8156,276
38149,41006,98
8156,34934,550
8156,34728,12
34934,34935,550
34935,34712,550
34712,34936,550
34936,34728,550
34728,41006,276
34728,8170,209
34728,38886,77
41006,8157,370
41006,8168,4
8157,8160,362
8157,42696,8
8160,34714,362
34714,34996,362
34714,34713,205
34996,42696,362
42696,8162,370
8162,8163,370
8163,34727,370
34727,47937,362
34727,8168,8
47937,47940,718
47940,8168,362
47940,34724,356
8168,47937,356
8168,8170,8
8168,34724,4
37813,37814,102
37814,37815,102
37815,37816,108
37816,37817,108
37817,37818,108
37818,37819,108
37819,37820,108
37820,37821,108
37821,37822,108
37822,37823,108
37823,37825,108
37825,37824,102
37825,43553,108
37825,50650,6
37824,50650,102
37824,6125,108
50650,50666,108
50666,50657,108
50657,50663,108
43536,43537,108
43537,43538,108
43538,6133,108
50665,50664,108
50664,50651,108
50651,6111,108
6111,6136,108
6111,43551,110
6136,6126,108
6136,43550,110
6126,6114,108
6114,6129,108
6129,6127,108
6127,6128,108
6128,4988,108
4988,6140,108
6140,6134,108
6134,6135,108
6135,21004,108
6135,43545,108
21004,6141,206
21004,6139,12
6141,6142,206
6142,6139,206
43532,43533,108
43533,18579,108
43540,43541,108
43541,43542,108
43542,43543,108
43543,43544,108
43544,6135,108
43545,43547,108
43547,43549,108
43549,37825,108
43553,43552,108
43552,37824,108
43531,43535,104
43535,50890,104
50890,18563,104
43530,43534,104
43534,6110,104
43551,43554,110
43554,6136,110
43550,43548,110
43548,43539,110
43539,43546,110
43546,21004,110
21654,21655,28
21655,21656,28
21656,24,28
24,22692,15
24,21322,6
22692,24787,15
555,559,34
559,560,34
560,562,34
562,564,34
564,563,34
563,557,34
557,535,34
535,379,34
24990,24350,204
24350,43950,204
43950,807,204
23638,21398,204
23644,51190,186
43951,810,186
810,24101,186
43777,2394,41
6936,17005,27
6937,18795,27
44581,8881,120
38829,11306,120
11306,11381,120
11381,11383,120
11383,8767,120
8767,11385,120
11385,9197,120
9197,9133,120
9133,8770,120
8770,11384,120
11384,11305,120
11305,11304,120
11304,10677,120
14117,49819,15
49819,50345,5
49819,14095,10
19188,19189,8
19190,19201,8
21266,19075,6
34176,22716,137
48288,48286,10
48286,35116,10
1,846,10
42040,873,10
48284,48289,10
48289,24383,10
28358,28595,25
28595,28357,25
28357,28596,25
28596,25480,25
25480,25478,25
25478,28348,25
28348,25498,25
25498,28359,25
28359,28356,25
51966,43787,327
43787,13618,332
14158,14514,229
14514,42855,467
42855,14512,467
14512,14513,467
14513,12930,229
14513,14158,238
47416,12834,259
29603,14495,3
541,662,12
541,537,1262
51765,42023,5
21299,6102,32
21299,18938,16
21299,20367,6
6102,39151,4
6102,18994,26
6102,19961,2
39151,18994,10
18994,19961,30
18994,19962,36
19961,20310,28
19961,20309,2
19961,19940,2
20310,20309,30
20310,6103,2
20310,18994,30
20310,39151,2
20309,19940,30
20309,19941,2
20048,18996,64
18996,19938,34
18996,19939,32
4353,19936,12
4353,19937,12
4348,4333,6
4348,19003,2
6195,6250,2
6195,6196,2
51195,18489,4
51195,6250,2
51195,46230,128
51195,18459,126
51195,18470,142
35294,18572,117
18510,6195,2
18510,6249,112
18510,37180,118
18341,18360,24
18360,7272,24
7272,7278,24
7278,7279,48
7279,7280,48
7280,7281,48
7281,18334,24
7281,18332,24
18334,18759,24
18759,7275,24
7275,42134,48
42134,43112,48
43112,43111,48
43111,18327,24
43111,18328,24
18327,40715,24
40715,40716,48
40716,40717,48
40717,18373,24
40717,18375,24
18373,43110,24
43110,43109,48
43109,43108,48
43108,43107,48
43107,18503,48
18503,18415,48
18415,51055,24
18415,37174,24
51055,35184,24
35184,21310,48
21310,35185,48
35185,35186,48
35186,35188,48
35188,20811,48
20811,35183,24
20811,51056,24
35183,35181,24
35181,5577,24
5577,20808,48
20808,41703,48
41703,41702,48
41702,35292,24
41702,35293,24
35292,20813,24
48485,39333,21
39509,39324,21
39577,39574,39
39574,39573,39
39573,39576,39
39576,39572,39
39572,39589,39
39589,39588,39
39588,39575,20
39588,25880,19
39575,39652,20
39652,43715,20
39652,39651,19
43715,39652,19
39651,39653,19
39653,12044,19
40363,40367,121
40363,19290,6
40367,44295,121
44295,44245,121
44245,38920,121
47163,35340,44
35340,47145,22
35340,48767,22
49470,46984,22
46984,35384,22
35384,4218,22
35382,35349,44
35349,20491,44
20491,20492,44
20492,21296,22
20492,21307,22
35344,46517,22
46517,47291,22
47291,49470,22
49565,51090,178
49565,44073,27
51090,44073,57
51090,51092,121
7692,10685,57
7692,34730,12
7692,44073,72
7692,43577,19
7692,34960,51
20150,19781,4
20150,20858,4
19781,5995,4
44226,44217,107
44217,44216,107
44216,5603,6
44216,44213,101
20861,19494,6
28795,28794,9
48277,28222,16
48277,48809,19
28766,28223,17
39312,34976,107
34976,48599,101
34976,34871,97
34976,8035,25
34976,7980,47
48599,26747,155
12456,41643,101
47943,26122,157
48616,7590,153
7590,34976,97
7590,8035,25
7590,7598,31
34871,41178,72
34871,12582,25
35730,7827,86
12582,39312,25
12582,12549,25
8035,8366,50
8366,48599,25
8366,34976,72
8366,41138,47
7598,7612,60
7612,41177,60
41177,41176,60
41176,7596,60
7596,7595,29
7595,48599,29
8140,8147,695
8140,34870,33
8140,8145,30
8147,8141,695
8141,8142,695
8142,34691,695
34691,8144,340
34691,34870,75
8144,8145,340
8145,8441,370
8441,40779,336
8441,8107,34
40779,40780,695
40780,40781,695
40781,8394,695
8394,8138,695
8138,8107,336
8138,34866,359
8107,8108,370
8108,8146,370
8146,8044,56
8146,7819,54
8146,7887,36
8146,7717,10
8146,8438,143
8146,34697,57
8146,8733,30
8044,34794,56
8044,34772,46
8044,8146,8
34794,8069,114
8069,8001,56
8069,8044,54
8069,8427,4
8001,8427,47
8001,34794,54
8001,35015,9
8427,41136,47
8427,8001,47
41136,7980,47
7980,8366,94
41138,8427,47
34772,8109,392
8109,40779,359
8109,34866,33
34866,34698,392
34698,41135,359
34698,8140,33
41135,8446,359
8446,8395,359
8395,8139,475
8139,8140,475
40078,44918,91
44918,44912,91
44912,49407,91
49407,46494,91
46494,44917,244
44917,44920,244
44920,26696,244
50792,28865,177
44121,44119,179
44119,44116,179
44116,44114,177
44116,44197,2
44114,44112,177
44112,44123,177
44123,26911,177
44123,35277,183
25788,25791,93
25791,26432,93
26432,26431,93
26431,41541,86
26431,29139,7
41541,40077,86
41541,43159,153
40077,40079,86
40079,40081,86
40081,26428,92
26428,26677,86
26428,28515,6
44113,44115,183
44115,44117,183
44117,44118,183
44118,44120,183
44120,44123,183
35277,27814,185
35277,41959,8
50687,26659,183
44923,44922,244
44922,44914,244
44914,44907,97
44914,44906,147
44907,44913,97
44913,44911,97
44911,49405,97
49405,40078,97
25777,40082,93
40082,40080,86
40082,26436,7
40080,40076,86
40076,41540,86
40076,29139,147
41540,40075,92
40075,42244,92
42244,40074,92
40074,40073,92
49974,13143,106
49974,12946,89
37472,40537,75
38647,38649,14
38649,40531,14
50210,16910,73
16910,16116,14
16910,16384,59
50694,750,140
16629,16607,110
16629,40650,106
16629,42301,24
50691,750,104
44077,44081,254
50693,750,128
44498,41371,146
44498,16769,140
50690,750,140
41912,41913,10
43873,37570,470
42571,43431,254
43431,43430,254
43430,43428,254
43428,43426,254
43426,51526,254
51526,51512,254
51512,2742,254
51527,51522,302
51522,43424,302
43424,43427,302
43427,43429,302
43429,43432,302
43432,42572,302
42572,3423,302
39590,39591,18
39591,29178,4
39591,35201,14
44162,22099,86
39738,44656,86
44656,40566,86
44656,15394,99
51936,40564,185
40564,39728,185
39728,40563,185
40563,24264,185
43194,50225,162
43194,39302,52
44167,44223,190
44223,50094,190
35316,18707,304
6058,19744,204
19744,19483,204
44221,6118,90
46241,46978,190
46978,46310,190
46310,46507,190
46507,47161,190
47161,44831,190
44831,50127,190
44222,44167,190
19500,19793,101
19793,5576,101
5576,44226,101
44213,5603,101
44215,44214,101
44214,44218,101
44218,19808,101
20735,20736,100
20736,5564,100
5564,51086,214
51086,20138,100
51086,5580,114
14615,1003,4
1004,23143,3
43791,10647,616
44259,38721,89
44259,38716,84
38721,38698,89
11883,8782,89
11079,11044,4
11079,11087,92
11044,11089,4
11089,11086,4
44851,35945,216
51493,44241,248
44241,44237,216
44241,35666,32
44237,44235,216
44235,44239,216
44239,3161,216
44236,44238,210
43433,49037,238
35652,35956,210
35956,35648,210
44850,2581,210
8434,34750,165
34750,38887,16
34750,38888,149
38887,48780,16
38887,38353,141
48780,48527,16
48527,38353,16
38353,38889,157
38889,8036,157
8036,8434,16
8036,34747,141
38888,7746,149
7746,34751,8
7746,49388,71
7746,8148,70
34751,34752,105
34752,38158,105
38158,34753,105
34753,7798,97
7798,7747,8
7798,34505,46
7798,49388,43
7747,7745,149
7747,49386,52
7747,8148,83
7747,49388,46
7747,8039,2
7747,34494,2
7745,8434,8
7745,38887,141
36084,49083,95
36084,42971,88
49083,7926,155
49083,36084,88
49083,42971,60
34756,34757,155
34757,34758,155
34758,34759,155
34759,8435,155
8435,34761,155
34761,34762,155
34762,34763,155
34763,34784,155
34763,34764,148
34784,34760,155
34760,34785,155
34785,38160,148
38160,7931,148
7931,34763,148
34764,34765,148
34765,34766,148
34766,34767,148
34786,34768,148
34768,34769,148
34769,34770,148
34770,34771,148
34771,49083,148
34771,42971,8
42971,8399,351
34685,7873,63
7873,34686,64
7873,8049,8
34686,8399,64
8049,7873,14
51709,8339,46
51709,41502,53
51709,47882,42
8339,7935,46
7935,8429,46
7935,51159,44
7935,41502,50
8429,38156,90
38156,38152,90
38152,38150,90
38150,7821,90
7821,38151,90
38151,38154,90
38154,38153,90
38153,38155,90
38155,38157,90
38157,8348,46
38157,8365,44
8348,8363,46
8363,38873,46
38873,8351,46
8351,8003,46
8003,8352,46
8352,8354,46
8354,43826,46
43826,8356,46
43826,38878,44
8356,8357,44
8357,34873,44
34873,43826,44
38878,8359,44
8359,8360,44
8360,8361,44
8361,8362,44
8362,38874,44
38874,8350,44
8350,8429,44
8365,7935,44
51159,7559,133
43846,43845,103
43845,43844,103
43844,43843,103
43843,43842,103
43842,38877,53
43842,7935,50
38877,38876,103
38876,49185,103
49185,49194,103
49194,49187,53
49194,43846,50
49187,38877,50
38161,43872,34
38161,11530,62
38161,8408,21
43872,8408,34
43872,38161,36
8408,44074,34
8408,43788,21
44074,43788,34
44074,43872,36
43788,43790,55
43790,38349,55
38349,38350,62
38350,43789,62
43789,7934,62
7934,34710,62
34710,44074,36
34710,38161,26
7865,34722,62
34722,7864,126
7864,39521,60
39521,38890,60
38890,39049,60
39049,8399,56
39049,38149,4
42972,8148,169
42972,8039,39
8148,7747,169
8148,42971,195
8148,7725,39
34747,34748,141
34748,34749,141
34749,8434,141
49388,8240,71
49388,8241,89
8240,38891,141
38891,8241,141
8241,8331,230
8331,8246,141
8331,8242,89
8246,8244,141
8244,8245,141
8245,34947,141
34947,8242,141
8242,49386,117
8242,49395,113
49386,34505,93
49386,34653,8
49386,34507,22
49386,34751,46
34505,34495,139
34482,34470,216
34482,51274,7
34482,34476,166
34470,34465,216
34470,34635,234
34465,41801,579
34465,43381,620
41801,34467,131
41801,34635,34
41801,51619,282
34467,34471,188
34467,51279,170
34467,51590,3
34471,34481,131
34471,34483,232
34481,34494,131
49395,7747,153
35105,51618,536
35105,34460,41
51618,51623,289
51618,34460,221
51618,34459,26
51623,51783,552
51783,51714,166
51783,34463,386
51714,34465,910
51714,34467,173
34647,34654,583
34654,34462,349
34654,51768,234
34462,34463,206
34462,51714,625
34462,34465,4
34653,34579,26
34653,34580,38
34653,34567,35
34579,34578,8
34579,36086,19
34579,37812,55
34579,34577,32
34578,37812,13
37812,34582,121
34582,34584,13
34582,34583,108
34584,41248,103
41248,39164,8
41248,34580,40
41248,34577,37
41248,34579,18
39164,51093,8
51093,34540,8
51093,34541,3
34556,34555,230
34555,34553,230
34553,34551,230
34551,34544,230
34544,34542,236
34542,34539,190
34542,34547,46
34539,51094,5
34539,34541,87
34539,51149,11
34539,34530,35
34539,34602,42
34539,34443,6
34539,34657,46
34539,34232,2
34539,34445,2
51094,39165,5
51094,34567,5
39165,34578,5
34580,34564,5
34580,34581,73
34564,49395,5
34564,34507,37
34507,36086,22
34507,49395,19
34507,34653,18
34507,41185,18
36086,34562,41
36086,34565,14
36086,34650,30
34562,34561,143
34561,34653,73
34561,34564,19
34561,34650,51
34581,34586,78
34581,34579,70
34581,34567,3
34586,34588,78
34588,34589,22
34588,8230,56
34589,34592,78
34592,34595,43
34592,34593,35
34595,34594,151
34594,34597,78
34594,34593,73
34597,34599,78
34599,34595,73
34593,34591,73
34593,34595,35
34591,34590,73
34590,34587,70
34590,34585,3
34587,34585,70
34585,34581,73
8039,38352,81
8039,8399,2
8039,7747,2
38352,38351,81
38351,8148,81
7725,8071,81
8071,8317,39
8071,8039,42
8317,43244,39
43244,43243,81
43243,7758,81
7758,38348,81
38348,7754,81
7754,7756,81
7756,7755,81
7755,47881,39
7755,7743,42
47881,51159,39
47882,43244,42
7743,8316,42
8316,7725,42
34541,34540,90
34541,51149,30
34541,51094,5
34541,34445,60
34520,34519,206
34520,34799,3
34519,34799,206
34799,8281,256
34799,34515,5
8281,34515,259
34515,34514,261
34515,34520,3
34514,34512,256
34514,51148,5
34512,34523,256
34523,34524,256
34524,34528,256
34528,51148,256
34348,34345,102
34348,34409,55
34345,23129,29
34345,750,11
34345,24434,124
34345,15995,57
34652,34511,92
34652,34443,122
34652,51149,18
34511,34538,82
34511,34445,36
34511,34530,76
34511,34540,4
36413,43905,29
43976,41091,29
43976,8033,29
41091,8032,29
34615,34613,32
34615,7695,12
34613,34607,44
34607,8207,178
8207,34822,178
34822,34667,178
34667,8209,123
34667,34897,55
8209,34608,123
34608,34605,91
34608,34606,41
34605,34604,61
34605,34576,30
34604,34575,62
34604,34576,59
34575,34607,87
34606,34614,27
34606,7695,14
34614,8436,16
34614,34616,25
41117,43976,29
7881,8034,15
7881,8030,13
7683,7679,15
7683,7881,13
7683,7688,2
7679,7678,15
7679,7686,13
7679,7684,2
7678,7684,15
7678,7679,15
7677,7681,17
7677,7680,13
7613,7594,27
7613,7333,13
7613,8021,14
7594,7626,27
7594,7613,27
7626,7963,27
7626,7594,27
7963,8052,27
8052,35004,15
8052,8053,27
35004,8213,15
35004,8052,13
8213,35006,15
8213,35004,13
8216,8213,13
8053,7626,27
44165,7940,24
7940,7688,10
7940,7326,14
7695,34613,12
7695,34614,14
34576,34612,42
34576,7890,47
34612,7736,12
34612,41090,14
34612,34575,25
34612,34571,30
7736,8021,12
8021,8019,12
8021,8022,14
8019,7613,12
8022,34612,14
41090,34604,14
7702,34905,93
34905,7890,46
34905,8399,47
7890,34909,93
34909,34604,46
34909,7702,47
19747,5605,94
20016,18964,46
18964,19002,46
18964,19747,36
18964,41803,12
19002,19993,46
19002,19992,48
20360,19002,48
34537,34232,11
34537,34510,89
34537,34540,54
34537,34443,45
34537,34445,61
34724,34725,360
34725,42695,360
42695,34714,205
42695,34713,151
42695,8169,4
34713,8159,356
8159,8169,356
8169,8156,286
8169,8170,74
8170,38886,291
38886,8399,360
38886,34722,8
42149,8040,162
51978,38814,15
34510,34509,107
34510,34508,99
34509,23129,25
34509,44164,36
34509,34656,39
34509,42301,18
34509,34458,6
34509,11080,22
34509,34457,74
17633,17662,232
17662,7201,232
7201,17703,233
17703,17712,233
17712,6094,2
17712,6093,117
17712,17702,114
6094,39229,233
39229,6095,233
6095,17684,3
6095,48260,113
6095,17710,113
6095,5825,4
17595,17588,437
17588,17586,283
17588,48358,158
17588,17594,4
17586,17590,281
17586,48987,108
17590,17602,281
17602,17591,281
17591,17582,281
17582,17599,279
27245,27248,278
27248,11975,102
27248,27579,176
21058,21063,214
21063,21069,214
44166,4702,213
6251,21055,213
21055,21042,213
17116,3974,2
40565,43252,52
40565,40567,99
51758,51760,251
51760,51759,251
600,42546,34
600,353,416
600,585,403
600,338,232
50133,50107,94
50133,414,50
50107,39105,34
50107,50081,60
50888,14365,19
50888,45035,135
45037,14174,25
39030,49485,114
39030,5883,101
7029,39016,159
39016,49601,159
6060,7036,221
39029,20314,113
39029,37514,91
41422,41421,41
41421,28754,41
41409,41407,41
41407,41406,41
41406,41403,41
41403,41401,41
41401,41399,41
1232,1228,92
42998,42999,92
42999,1665,92
43012,43010,92
43010,43008,92
43008,43006,92
43006,43004,92
43004,43002,92
43002,17271,92
42314,44097,84
42314,44101,76
42314,43017,73
42314,44099,30
44098,1644,192
42988,42990,95
42990,42992,62
42990,3994,33
42992,2979,240
42992,17493,33
42585,42982,240
42982,38850,240
42574,37772,240
42986,42984,349
42984,42983,349
42983,3427,66
42983,1288,283
42575,37769,357
42989,42987,66
42989,1098,31
42772,15436,176
43731,43732,102
43732,43734,102
43734,43737,102
43737,43714,102
43714,43738,102
43738,43728,102
43728,43725,102
43725,43724,102
43724,43721,102
43721,43720,102
43720,43719,102
43719,43717,102
43717,21292,102
43730,18675,108
18675,19253,108
18675,21218,26
43716,43718,108
43718,43722,108
43722,43723,108
43723,43726,108
43726,43727,108
43727,43740,108
43740,43739,108
43739,43713,108
43713,43736,108
43736,43735,108
43735,43733,108
43733,43730,108
20049,19942,16
20049,19943,12
20022,20310,36
20022,39151,2
6103,39151,2
19962,21299,36
12293,12268,11
35511,29248,8
29248,29075,8
29075,12202,4
29075,12067,4
43014,1648,369
1648,3991,369
3991,3064,191
3991,1655,178
3064,2885,191
2885,3785,191
44097,1644,199
44347,42505,115
4349,20251,2
44348,44492,117
44492,42993,117
42993,2972,117
42993,1604,117
1604,3116,117
42995,42996,117
42996,44346,117
44346,1133,117
43017,44489,190
44489,43016,190
43016,3065,190
457,458,694
428,429,209
429,432,209
432,43603,170
432,23810,179
432,23803,21
43603,43605,413
43605,616,9
43605,202,404
43459,43474,14
43474,44669,14
43473,3371,4
43473,1295,10
44783,44780,10
44780,44174,10
5193,18428,52
5193,18429,9
5193,5085,9
51572,20630,104
20630,47364,104
47364,21190,52
47364,21191,52
40720,40719,50
40719,40718,50
40718,18904,50
51379,51378,50
51378,19404,50
19404,4196,50
26646,26668,5
44523,39526,18
44523,27912,17
39526,39600,35
39600,28802,18
39600,44523,17
39581,39580,35
39580,42248,35
42248,27878,17
5963,5964,2
5964,5965,2
5965,5966,2
5966,7264,2
7264,5951,2
1295,3371,10
14542,13644,244
14542,13813,20
44256,44255,212
44257,12978,218
49172,13946,63
39607,39605,21
39438,39436,19
39436,39435,19
39435,39445,19
39445,39447,19
39447,27891,19
35717,41492,57
50166,45018,118
45018,27649,118
28966,41841,118
28966,42887,8
45013,26309,118
26914,29217,118
29219,29217,10
29219,26606,8
43160,44924,6
41298,26472,10
44494,44496,183
44496,44495,183
44495,44493,183
44493,9969,183
26905,12771,5
19206,19207,6
19207,6382,6
19241,19218,135
19218,6281,6
19218,19219,6
19218,6271,129
6292,19215,6
6292,19214,127
19196,19216,135
68,22489,247
22489,22771,133
22489,16833,114
22945,22941,94
22941,34050,94
34050,34052,94
34052,34049,94
49793,15823,4
49793,5020,6
39721,43099,176
43099,51400,176
39724,39553,176
39553,39552,176
39552,50677,176
50677,39551,235
39551,43611,176
39551,48560,59
7344,7491,1459
7344,7394,832
7491,7345,1834
7345,7346,1834
7346,7347,1465
7346,34942,369
7427,7428,770
7428,7355,382
7428,7382,388
47964,3228,181
5935,5936,2
5936,17925,2
39549,27252,317
51397,48720,59
48720,51404,59
51404,51401,59
48867,48753,59
48753,27269,59
43096,43098,59
43098,26958,59
26958,39527,59
39527,50677,59
25825,25837,18
25837,26122,18
22458,21328,96
49475,49445,200
23633,22992,245
23604,23880,253
22346,24741,112
22346,77,201
42513,24198,14
42513,42511,150
50574,27875,6
43232,44503,6
43232,28294,6
43003,43005,84
43005,43007,84
43007,43009,84
43009,43011,84
43011,43013,84
43013,1668,84
43000,42997,84
42997,1207,84
51998,12625,20
43208,3821,179
41757,41750,22
43381,42301,24
43381,34649,596
41758,39179,24
6966,6967,162
6967,17184,162
17184,44641,162
44641,44640,162
44640,17097,162
17096,17186,162
44652,44650,162
44650,44634,162
44634,44638,162
44638,44635,162
44635,44646,162
44646,44648,162
44648,17102,162
44631,44645,162
44645,17106,162
7819,7820,79
7820,34772,47
7820,7717,28
7820,34794,4
7887,7919,36
7887,34772,43
7919,7887,43
7919,43662,34
35732,7819,22
35732,34772,14
36477,9553,238
8437,34776,127
8437,8274,239
8437,42205,16
8274,7766,385
7766,7718,99
7766,7720,98
7766,34729,141
7766,43653,47
34869,8146,8
34869,34697,96
34869,34772,132
8438,7719,135
8438,7720,296
7720,7544,342
7720,34754,133
7544,7749,304
7544,7942,171
7749,8733,371
7749,41505,12
7749,8935,48
7749,8731,6
35685,35686,58
35685,40740,699
35685,8905,12
35686,38904,38
35686,51199,22
35686,35687,399
10855,10852,38
10852,50443,38
50443,7321,38
43075,7768,104
43075,7337,94
43075,36943,52
7768,34781,164
7768,34719,48
7768,43027,38
34781,43027,60
34781,7337,117
34781,34719,104
34781,43028,57
43027,8438,231
43027,34869,19
43662,49370,34
43663,7919,37
40022,8935,12
40022,11478,62
49535,10464,28
34697,7848,153
7848,35008,153
35008,35009,153
35009,34772,77
35009,8438,57
35009,7338,19
34870,49480,108
49480,7676,108
7676,7845,108
7676,49479,116
7845,7847,108
7847,35007,116
35007,7676,116
49479,34981,116
34981,8395,116
8275,7991,98
7991,34780,98
34780,34777,98
34777,34778,98
34778,8277,98
8277,40903,98
40903,34779,98
34779,8264,98
8264,8279,299
8279,40905,299
35016,40906,299
40906,44538,134
40906,8269,149
40906,44539,16
8269,34985,299
34985,42608,4
34985,8733,149
34985,42757,94
34985,7381,52
37730,38682,758
38682,11848,4
38682,50150,752
36943,43028,38
36943,7321,51
36943,7337,22
36943,7768,30
34729,43577,19
34729,8070,51
34729,8072,71
43577,34735,19
43577,8437,19
51092,34730,167
51088,34732,167
34746,8262,129
42203,41862,184
41862,34776,164
41862,8274,20
42205,41861,201
41861,42204,201
42204,8264,201
43074,8067,38
43074,8497,37
8067,7321,41
7336,7768,41
48803,41505,56
35679,35675,56
35679,35615,62
8070,7938,71
8070,8437,52
8070,8072,16
7938,7813,68
7813,8070,68
8072,34833,87
8072,8437,47
34833,8072,47
34833,8437,16
34833,8070,20
34792,44073,24
34792,10685,27
34960,42297,95
42297,34735,44
42297,51092,27
42297,49565,24
7381,7382,2660
7381,7437,130
7381,7427,388
7382,7384,52
7382,7383,3135
7385,7483,36
7385,7482,448
7385,7386,1412
7483,7487,36
7483,34967,130
7483,7484,1064
7396,7398,55
7396,7397,2839
7398,7404,55
7398,7418,2292
7398,7399,547
38912,34969,1110
38912,41216,286
7475,7493,55
7475,7476,1197
7493,7351,55
7493,7350,442
7493,7386,755
7482,7484,16
7482,7483,1189
7484,7486,16
7484,7487,1443
7484,7488,244
14429,14424,236
14424,14420,236
41879,41888,98
44838,1024,134
48354,10901,44
10901,10896,44
10896,10903,44
10903,10904,44
10904,10908,44
10908,39255,44
39255,10909,30
10909,10905,30
10905,10902,30
10902,10897,30
10897,10898,30
10898,51096,30
51096,48355,30
48355,43435,69
40740,42460,699
40740,35686,22
44887,43699,223
44887,8862,884
42717,42720,905
42718,42715,846
35683,40739,451
35683,11065,58
35683,40741,236
40739,40741,451
40741,11065,439
40741,48352,198
40741,11060,50
51254,41161,447
11067,11015,513
9004,10605,199
10605,10848,199
51184,44269,377
44269,44271,377
44271,44877,377
44877,50904,199
44877,44884,423
50904,44886,199
44886,44881,199
44881,44879,622
44879,44878,622
44878,51387,423
44873,44880,647
44880,50913,210
44880,44882,437
50913,44885,210
44885,50919,210
50919,44876,210
44876,44270,400
44876,51673,247
44270,44268,400
44268,44263,400
10606,10607,210
10607,10866,12
10607,10864,198
11066,11070,521
11066,11286,32
48807,48655,99
48655,14161,99
10839,10837,171
10837,10842,328
10842,10841,328
10841,10836,328
10836,10840,171
10836,10838,157
43805,43706,171
43805,43795,157
43706,43804,171
43804,41162,171
43804,41171,157
11575,37258,108
37258,9202,105
37258,10071,3
9202,38823,101
9202,10071,4
9202,11769,87
11760,40025,101
11760,11575,6
11760,11371,82
40025,11575,101
8094,8614,13
10106,9688,747
9688,9689,747
9689,37065,353
9689,9983,390
37065,9690,749
37257,10106,743
16771,16772,20
16772,16003,6
16772,25201,14
8497,50444,37
50444,10854,37
10854,10834,37
35682,35683,58
35682,42460,375
44691,8781,224
8788,8817,376
8788,8816,106
8817,43791,376
38716,8907,38
38739,8907,46
50603,10775,58
50604,10775,55
43613,40117,174
40112,43082,174
43082,43361,174
43361,43362,174
43362,43359,174
43359,28915,174
50765,25709,147
25740,43617,147
44906,44902,147
44902,42281,147
42281,43161,147
42281,40149,6
43161,40076,147
29139,43614,147
29139,43615,7
43614,41541,153
43614,41540,6
44944,27671,4
44784,50849,4
49782,51654,178
49762,49785,178
49785,42708,178
44806,38866,178
44884,44881,423
49487,49493,178
49493,49494,178
49494,49522,178
49522,50899,178
49498,49526,190
49526,49518,190
49518,49566,190
49566,48512,190
44882,44883,437
44883,44876,437
44805,43814,190
49751,49774,190
49774,49786,190
49786,49756,409
49775,49778,190
44056,44054,125
42966,42963,125
42963,42960,125
42960,42957,125
42957,42955,125
42955,42953,125
42953,42916,125
42916,42918,125
42918,42911,125
42911,42909,125
42909,42904,125
42928,42941,125
42941,42939,125
42939,42938,125
42938,42936,125
42936,40544,125
40544,39822,125
50544,39829,121
40545,42934,121
42934,42935,121
42935,42937,121
42937,42940,121
42940,42942,121
42942,39819,121
42906,42910,121
42910,42912,121
42912,42917,121
42917,42914,121
42914,42954,121
42954,42956,121
42956,42958,121
42958,42961,121
42961,42962,121
42962,42965,121
27175,27479,154
48501,39352,154
48501,43030,201
44862,44865,154
49211,43504,154
43501,43637,178
43637,48335,178
48335,48336,178
48336,42448,178
42448,48329,154
42448,43503,24
48329,48333,154
51125,49208,355
49208,49591,154
49208,49084,201
43159,42280,160
42280,44903,153
42280,28576,7
44903,46494,153
43638,26468,153
26468,28694,153
50770,26846,183
43363,25705,183
43360,43080,183
43080,51952,153
43080,26292,30
51952,26292,153
51696,20254,4
17938,18028,3
17938,18001,2
6350,6351,42
6350,50589,34
49555,6300,292
6300,6310,292
6310,49528,292
49528,6161,292
6161,6863,292
6860,4565,292
49560,49558,292
49558,49549,292
49549,49550,292
49550,41048,292
6319,49553,292
4537,41742,262
49546,49548,262
49548,49541,262
49541,49539,262
49539,49559,262
6861,6862,262
6160,49533,262
49533,6309,262
6309,6311,262
6311,6298,262
6298,6299,262
6299,35420,262
42444,48338,225
48338,48337,225
48337,43499,225
43499,43500,225
43500,44869,225
44869,42446,225
44863,44860,201
41174,36771,28
41174,36797,24
1637,1313,6
48932,11448,1672
50484,43149,315
50484,38684,320
43149,43152,315
43149,43151,298
43152,43150,315
43150,38684,315
44418,9432,967
43151,38685,298
48933,10532,1575
51358,47253,349
47253,47352,349
47253,51362,353
47352,9605,349
46373,46838,617
46838,46206,617
10564,10025,726
405,410,80
408,14757,74
408,411,6
42283,27810,1
9154,9066,82
9066,9156,82
9156,11297,82
11297,11760,82
11371,9129,82
9129,9128,82
9128,9127,82
9127,9149,82
9149,51980,82
51980,11386,169
11386,8624,169
8624,8627,169
8627,44745,169
44745,8737,169
8737,11300,169
11300,44746,169
9130,9269,82
9269,11380,82
11380,9274,82
9274,51930,82
51930,11379,82
11379,9275,82
9275,9150,82
9150,11411,82
11411,9154,66
44580,8881,73
9132,9131,87
9131,9204,87
9204,11389,87
11389,9203,87
9203,11370,87
11370,9190,87
9190,9202,87
11769,9159,87
9159,9158,87
9278,9155,87
9155,9277,87
9277,44935,73
44935,9151,87
9151,9280,87
9280,9279,87
9279,9153,87
9153,9271,87
9271,9152,87
9152,9206,87
9206,9207,87
9207,9180,87
9180,51980,87
44579,8881,66
35804,35806,415
35806,35807,415
35807,35776,415
35776,35779,415
35779,35780,415
35780,35809,415
35809,35810,415
35810,35811,415
35811,35813,415
35813,3277,415
3734,3731,657
35814,35812,415
35812,35828,415
35828,35808,415
35808,35781,415
35781,35778,415
35778,35777,415
35777,35775,415
35775,35805,415
35805,35803,415
35803,35801,415
3185,48434,75
47177,47112,40
47112,18971,20
47112,18972,20
49788,49770,40
49770,17583,20
49770,21298,20
44309,27544,54
44309,27541,24
50417,48439,54
49228,42173,54
49012,599,8
49012,14605,98
44938,43048,24
43048,43051,24
43503,44870,24
11431,7662,17
11431,38720,69
11431,9062,50
7662,9062,19
7662,51199,12
9885,10695,190
9885,11481,93
10695,11619,190
10695,9889,93
11619,9495,190
9495,48360,190
48359,9487,283
35848,9552,808
11481,10695,93
11481,9887,90
9889,9890,93
9890,11514,93
11514,37733,93
51369,46373,281
51369,51364,301
48365,9493,191
48365,37734,90
9493,34272,191
34272,39289,191
39289,9887,191
39289,11481,90
41150,11890,90
11890,11891,90
11891,39289,90
17611,17615,448
17615,17621,170
17615,48258,278
48258,17629,274
48258,17633,4
44341,17595,279
44341,48062,384
44341,17579,153
17599,17627,279
17627,17630,279
17630,17653,166
17630,17661,113
47930,17721,115
6093,6094,231
48260,48957,227
48957,48259,227
48259,17629,226
48259,47947,1
44244,17665,113
44188,44191,113
44191,44192,113
44192,44195,113
44195,44196,113
44196,44194,113
44194,44193,113
44193,44190,113
44190,44189,113
44189,17689,113
6092,47866,163
47866,47868,163
47868,47867,163
47867,6578,163
6578,17532,276
17532,17538,163
17532,17569,113
17545,6619,282
6619,17553,282
17553,17560,282
17560,48061,282
17663,17674,167
17674,7200,167
7200,17694,163
7200,47114,4
17694,17681,276
17681,17710,163
17681,48260,113
49031,46320,271
49047,49057,276
49047,49039,114
49057,51290,163
49057,48801,113
51290,17737,163
5825,17693,281
17693,17690,164
17693,47931,113
17693,47114,4
17690,17673,164
17673,17649,164
17649,5826,164
5826,7199,164
48062,17559,281
48062,49871,108
17559,17555,281
17555,17544,280
17555,5575,1
17544,17550,167
17544,17536,113
17539,17529,276
17529,6088,163
17529,17527,113
6088,6090,163
6090,6091,163
6091,47869,163
47869,17569,163
49039,49036,114
49036,46902,115
46902,47926,113
46902,47069,110
47926,17694,113
17536,20623,113
20623,17526,113
17526,6578,113
7191,44825,113
7191,44826,108
17527,17530,113
17530,17535,113
17535,17545,113
17702,5825,113
17702,48260,1
47931,49043,113
49043,49064,121
49064,49024,113
49064,49016,8
49024,49047,113
48253,48250,108
48250,40487,108
40487,40490,108
49871,48517,108
48517,48883,108
48883,17586,108
48987,46902,108
47069,47024,109
47069,48086,1
47024,48086,109
48086,49031,108
48086,47930,2
48801,47114,113
47114,47156,121
47156,47923,113
47156,49043,8
47923,20881,113
48958,17589,113
48810,48516,113
48516,49880,113
49880,48061,113
47945,47949,114
47949,19713,114
40489,40488,113
40488,40486,113
40486,48254,113
48254,48251,113
48251,48252,113
48252,7191,113
15667,22017,14
15667,15178,64
8980,11275,632
11275,10954,251
11275,10962,391
9034,41662,173
9034,41664,241
9034,9035,185
39802,39804,34
47969,3549,90
48358,44341,153
48358,17618,4
48358,17594,1
49624,28840,17
43070,43056,28
41058,17938,3
41058,17939,1
39668,39669,3
39669,39678,3
39678,39672,3
9499,9484,2
8024,7730,22
8024,7731,28
7730,40165,22
40165,7731,74
40165,34829,28
7731,34829,22
7731,8024,52
7731,40165,28
34829,34790,50
34829,40165,52
34790,34711,50
34711,7728,22
34711,34838,28
7728,34838,74
34838,8219,22
34838,34789,52
34838,17517,28
8219,44054,60
8219,7728,22
42902,44038,22
34638,34640,219
34640,34636,219
34655,44164,38
34655,34508,62
44164,34508,38
44164,34656,38
34508,34652,122
34508,34509,91
34508,34457,8
34443,34808,86
34443,34511,58
34443,34510,41
34443,34433,36
34808,34434,84
34434,34433,70
34434,34443,14
34433,34511,48
34433,34510,58
34445,34435,93
34445,34440,52
34445,34441,14
8503,34436,96
34436,34444,83
34436,34442,8
34436,34441,14
34436,34440,84
34444,34443,34
34444,34538,55
34444,34541,62
34656,34629,103
34530,34538,111
34532,51149,234
34533,34537,224
34533,34510,18
34543,34545,198
41282,34556,6
41282,34669,82
34789,34829,52
36198,13632,60
44175,39178,60
24942,24708,30
198,592,530
198,207,632
44594,40483,123
44594,42075,33
44600,44599,118
44599,44602,59
44599,44595,59
44602,44604,59
44604,44606,59
44606,44607,59
44607,44610,59
44610,28213,59
42069,42065,92
42065,42068,92
42068,42067,92
42067,42072,92
35514,42071,91
42071,42074,91
42074,42077,91
42077,42066,91
42066,42076,91
42076,28237,91
44611,44608,59
44608,44605,59
44605,44603,59
44603,44601,59
44601,42075,59
44593,39226,6
44593,39227,72
1608,1584,12
48598,774,12
49016,17707,8
19721,6390,4
48302,48304,184
48304,48868,92
48304,19171,92
48868,48306,92
48306,48307,92
48307,48310,92
48310,48312,92
48312,48314,92
48314,48316,92
48316,48319,92
48319,48320,92
48320,48322,92
48322,48324,92
48324,48326,92
48326,20927,92
48303,48302,184
48327,48325,92
48325,48323,92
48323,48321,92
48321,48318,92
48318,48317,92
48317,48315,92
48315,48313,92
48313,48311,92
48311,39702,92
48305,48808,92
48808,48303,92
9656,11227,563
46725,10595,625
46725,11809,112
51550,43847,244
11855,43931,238
43502,42444,24
43050,43049,24
43049,44937,24
34689,11350,236
34689,9082,200
11350,9084,236
9084,9087,236
9087,39284,236
39284,44735,388
39284,8447,215
44735,8447,388
8447,9264,603
9264,9075,603
9075,39299,306
9075,11502,82
9075,9658,215
39299,9258,306
9258,9254,412
9254,9255,412
9255,38834,106
9255,46951,96
9255,11335,258
38834,44803,282
38834,50123,48
44803,11897,58
44803,10627,224
44800,11333,58
44800,46951,215
11333,11334,114
11334,11337,411
11334,50000,56
11337,11338,411
11338,11340,305
11338,9258,106
11340,9261,305
9261,9262,611
9262,9265,611
9265,44736,611
44736,10751,235
44736,48850,376
10751,9086,235
9086,9085,235
9085,35582,58
9085,11439,177
35582,35564,58
38699,34688,58
48400,1517,8
48400,1515,8
40474,40476,61
40476,48381,61
40476,40474,133
48381,48398,61
48398,48372,61
48372,48384,61
48384,48721,61
48375,48374,61
48374,48378,61
48378,37090,61
48370,48368,61
48368,12780,61
48380,35400,61
48369,37091,61
48377,48376,61
48376,48672,61
48399,48385,61
48385,48373,61
48373,48383,61
48383,48382,61
48382,40475,61
40475,40476,61
40475,40478,72
44673,44670,602
44670,44675,602
44675,49879,602
49879,44674,322
49879,44677,280
44674,16968,322
44677,44676,280
44676,44678,280
44678,16976,280
49675,8862,505
36784,9048,180
36782,9048,67
36782,11235,51
44417,43996,84
41366,41364,139
41364,41363,139
41363,41360,139
41360,41359,139
41359,2164,139
2016,2013,139
2013,2014,139
2014,2015,139
2015,2023,139
2023,2024,139
2024,2681,139
2681,2682,139
2682,2019,139
2019,2026,139
41362,3954,139
41361,41365,139
41365,38805,139
34233,34387,70
34387,34664,6
34387,38663,64
34664,34391,70
34664,34378,72
34391,34395,142
34395,34400,142
34400,34398,70
34400,34415,72
34398,34413,70
34413,34416,70
34416,34403,70
34403,34401,70
34401,34479,70
34479,34388,70
34479,34394,72
34388,34384,142
34384,34383,142
34383,34389,142
34389,34385,70
34389,34391,72
34385,34382,142
34382,34379,142
34379,34376,142
34376,34377,142
34377,34390,142
34390,34392,142
34392,34394,70
34392,34388,72
34394,34380,70
34394,34234,12
34394,38663,60
34380,41119,70
41119,34374,70
34374,24434,6
34374,34345,64
34347,34664,72
34378,34381,72
34381,34386,72
34386,34385,72
34415,34414,72
34414,34397,72
34397,34399,72
34399,34479,72
34234,34233,72
11945,26312,358
26312,26305,118
26312,26469,240
48949,28638,136
26132,26127,136
26127,26129,136
26129,26272,136
26314,25888,136
26314,26320,234
43608,28638,116
46930,46758,234
46758,46803,234
26337,28072,234
28072,25596,234
47186,46940,234
46940,25883,234
43490,25948,66
48948,28638,174
26280,12030,240
12030,25593,240
48006,25597,240
47160,47208,240
47208,26372,240
48093,43422,194
19566,19705,283
19705,39741,112
19705,20460,171
39741,34157,283
39741,20194,63
48395,48457,64
48457,48783,227
48783,48921,227
16243,16244,64
33967,98,64
48546,48812,216
48812,48761,216
48761,48394,64
48761,37095,152
48394,48456,64
48456,13178,64
48456,41132,6
47837,22804,293
50718,24024,240
46941,46244,378
46244,11476,378
47098,8733,471
46303,47298,378
47298,38684,378
41278,40384,113
40384,40390,113
40390,40388,113
40388,40393,113
40393,44203,113
44203,40407,113
40407,40404,113
40404,40406,113
40406,41273,226
40406,40413,113
41273,44246,226
44246,44206,226
44206,44205,226
44205,40412,339
40412,44294,339
44294,19303,226
44294,40403,113
40358,40355,226
40355,40354,226
40354,40352,226
40352,40350,226
40350,40346,226
40346,40351,226
40351,40353,226
40353,40356,226
40356,40357,226
40357,18814,113
40357,40359,113
40378,44247,113
44247,41275,113
41275,44202,113
44202,6002,113
40414,44207,113
44207,41280,113
41280,44205,113
40413,41281,113
41281,41279,113
41279,40415,113
40415,40410,113
40410,6013,113
6013,6014,113
6014,19325,113
41277,41270,113
41270,41276,113
41276,40381,113
40381,6000,113
44208,40366,113
40366,40362,113
15940,15183,26
51670,42064,33
46270,22827,34
22827,47148,34
47148,46997,34
46997,47168,34
47168,46427,34
46427,46782,34
46782,46600,34
46600,46371,34
46371,46528,34
46528,46873,34
46873,46773,34
46773,22873,34
22873,46702,34
46702,46204,34
46204,39840,34
48460,39841,34
46590,46344,34
46344,46710,34
46710,47288,34
47288,33948,34
33948,47120,34
47120,47070,34
47070,47194,34
47194,46917,34
46917,46215,34
46215,46824,34
46824,22961,34
22961,46864,34
46864,47117,34
47117,46753,34
49320,49301,37
49301,49317,37
49317,49294,37
49294,49286,37
49286,49270,37
49270,37009,37
37009,36990,37
36990,37011,37
37011,24776,37
38341,37002,37
38340,15928,53
36992,37010,53
37010,16735,53
16735,37007,53
37007,49273,53
49273,49277,53
49277,49266,53
49266,49280,53
49280,49262,53
49262,49297,53
49297,49268,53
49268,15931,53
49272,49261,41
49261,49271,41
49271,49274,41
49274,49278,41
49278,37002,41
49269,49350,41
49350,37005,41
37005,16713,41
16713,40803,41
38338,37004,52
37004,16718,52
16718,49337,52
49337,49288,52
49288,22540,52
49265,49258,52
49258,49291,52
49291,49275,52
49275,15931,52
10067,9792,243
9792,47311,243
9982,9793,245
34412,34411,36
34412,34418,6
34412,15176,6
34411,22889,8
34411,34348,14
34411,34418,14
39261,34412,20
34418,34417,102
34417,34806,20
34417,34419,88
34806,40539,153
40539,34423,153
34423,35497,153
34423,34425,2
35497,35499,6
35497,35498,147
35499,34425,153
34425,34428,155
34428,34657,155
34442,34438,176
34438,34437,176
34437,34439,176
34439,34441,176
34441,34444,68
34441,34435,98
34668,34508,22
34668,34656,26
34668,34652,56
34602,34601,90
34601,35509,90
35509,34453,42
35509,34540,48
34453,34454,90
34454,34455,90
34455,34446,42
34455,34602,48
34446,34447,90
34447,34448,90
34448,34449,90
34449,41225,90
41225,34451,90
34451,42109,90
42109,41982,90
41982,35490,42
41982,34453,48
35490,778,40
35490,24411,2
15092,774,40
15092,767,6
35491,34446,48
34350,34351,37
34351,41798,37
41798,41799,74
41799,41800,74
41800,34804,74
34804,34354,74
34354,42846,37
34354,34350,37
42846,34356,74
34356,51992,37
34356,41798,37
51992,42301,32
51992,42846,37
51992,34638,8
51992,34668,6
51992,34458,17
50738,751,20
50738,750,28
38706,873,24
48482,11459,297
48448,50349,297
50349,11269,297
9856,9857,73
9857,9858,73
9858,11673,73
9860,9862,73
9862,11667,73
11667,11666,73
11666,11665,73
6550,20212,40
37187,6567,40
5973,5974,41
5974,17946,41
5836,40006,23
40006,40010,23
40010,40008,23
40008,40004,23
40004,40013,23
40013,40017,23
40017,40016,23
40016,40014,23
40014,19590,23
19590,19281,23
19281,19284,33
19277,40003,23
19277,19281,10
40003,40015,23
40015,40018,23
40018,40012,23
40012,40005,23
40005,40007,23
40007,40011,23
40011,40009,23
43679,18114,74
18114,18115,74
18114,39671,72
39883,39889,80
39888,39886,80
39886,39884,80
39884,39882,80
39882,6648,80
39671,17923,13
39671,17934,59
11502,11897,859
11439,34688,385
15171,24967,26
24967,24968,26
24968,24969,26
24969,15172,14
24969,691,12
691,15168,12
18629,18637,145
18637,18642,145
18642,18656,145
18664,5760,145
48245,18544,82
48245,18421,74
48245,6057,142
11217,11220,95
11220,11214,95
11214,11211,95
11211,11221,95
11221,11216,95
11221,11212,103
11216,8474,95
8474,50489,198
50489,8476,198
8476,8477,198
8477,8478,198
8478,8479,198
8479,8482,198
8482,8480,198
8480,8481,198
8481,8483,198
8483,8473,198
8473,8472,198
8472,8484,198
8484,8485,198
8485,8475,198
8475,50488,95
8475,8471,103
50488,8474,103
8471,11215,103
11215,11221,103
11212,11210,103
11210,11219,103
11219,11208,103
44424,11225,32
44424,11224,3
44424,11145,62
14695,14682,14
14682,39742,14
39742,14678,14
14678,14673,14
14673,14668,14
14668,14674,14
14674,24917,14
24917,24918,14
24918,14683,14
14683,14689,14
14689,14698,14
14698,49665,14
14750,14736,26
14736,14720,6
14736,14695,8
14736,24920,12
49362,5781,122
5781,5782,122
5782,51228,122
51228,5783,122
5783,20648,122
5776,5777,122
5777,5778,122
5778,5779,122
5779,18240,68
5779,18204,54
37182,6657,68
39878,6800,59
40359,40361,113
40359,19849,108
40403,40402,113
40402,40394,113
40394,40392,113
40392,40389,113
40389,40385,113
40385,40386,113
40386,18812,113
586,270,6
14676,628,359
628,24915,220
628,344,139
24915,344,220
344,345,359
345,347,359
347,350,359
350,48798,220
350,708,139
48798,15228,220
536,540,1228
542,622,445
622,48959,1262
48959,541,1262
537,709,460
537,379,802
351,349,370
349,346,370
346,44380,370
44380,340,370
340,356,370
298,296,437
296,295,437
295,230,437
230,223,437
44432,259,490
259,260,490
48505,48508,500
48508,40899,295
48507,48506,512
48506,42777,227
48506,618,285
42777,264,1752
44699,44431,2649
44431,44433,522
44433,267,522
272,276,647
272,582,225
276,581,647
581,220,647
220,582,647
582,583,452
582,278,420
583,42684,227
583,222,225
42684,216,452
216,227,452
227,205,452
205,584,452
584,297,452
297,580,452
580,21790,227
580,299,225
38673,319,227
38673,309,360
50081,409,60
37634,37635,40
37635,399,40
196,201,40
201,199,40
199,200,40
200,401,40
401,402,40
402,403,40
403,404,40
404,423,40
423,424,40
43606,43604,401
43604,23810,240
43604,43746,161
23803,441,440
44698,25434,385
43743,41022,1511
43743,48518,195
43743,260,435
41022,262,1511
43758,43603,243
43758,43746,172
44439,44700,553
44700,303,404
44700,291,149
40900,50265,403
50265,219,403
294,286,623
294,277,149
50382,188,611
49924,605,335
49949,615,335
49939,14661,937
49939,14644,344
48962,42533,550
338,336,232
336,316,232
316,44429,232
44429,44430,431
44430,298,232
44430,21790,199
40892,40894,381
40894,213,381
233,229,467
229,197,467
197,232,467
232,234,467
234,714,232
234,237,235
210,208,225
40893,40891,421
40891,35170,421
299,301,581
301,317,225
301,334,195
301,49935,161
317,322,386
322,323,386
547,526,603
37538,523,318
37538,513,285
47880,42785,257
508,611,257
611,42689,257
48172,42785,38
513,589,285
48,436,145
436,49926,139
49926,456,139
48486,48487,199
48487,44427,199
44427,44428,199
44428,44429,199
48518,262,195
334,335,195
335,337,195
337,341,195
341,342,195
342,348,195
35343,20874,22
20874,17675,22
20874,35343,22
47044,35342,44
35342,35341,44
35341,21309,44
20873,20874,22
49603,49503,109
22569,22571,109
49506,49488,107
49488,42813,107
27931,27629,4
9082,11349,263
9082,9770,152
11349,11795,263
11795,11791,263
11791,9770,263
9770,11586,415
11586,11347,415
11347,9772,215
11347,48742,152
11347,48563,48
9772,9773,439
9773,11345,215
9773,9778,224
11345,48742,215
11345,9768,224
48742,39284,367
46951,47122,265
46951,44011,46
47122,10716,215
47122,9553,50
49168,38834,224
49168,11334,95
48850,11346,432
11346,9772,224
11346,9768,208
9778,11345,224
9768,11587,432
11587,11790,224
11587,11348,208
11790,11796,280
11796,11351,280
11351,11352,280
11352,9081,280
9081,11439,208
43795,43705,157
43705,43804,157
11273,11281,157
11281,10837,157
44037,17234,42
44023,44051,31
44024,44059,33
48421,12110,84
43400,43398,371
43398,43396,371
43396,49161,371
49161,9829,371
47016,46976,1498
46976,46717,754
46976,46490,744
46717,47094,1498
47094,47119,746
47094,8797,380
47094,47173,372
47204,48491,149
48491,47303,149
47303,44435,149
44435,44439,149
48494,48495,345
48495,287,149
48495,284,196
48497,294,345
40895,40898,149
40897,40896,196
40896,213,196
49951,44437,196
44437,44436,196
44436,48493,196
48493,48492,196
48492,48490,196
48490,47028,196
47028,331,196
34583,34584,90
34577,34567,37
34577,34564,18
34577,36086,14
34567,34568,80
34568,34565,37
34568,37812,35
34568,51093,3
34568,34581,5
34565,34562,88
34565,8152,14
34460,34461,493
34461,34464,493
34464,34465,69
34464,34463,180
34464,51714,34
34464,34490,196
8230,34619,56
34619,34589,56
41185,34507,18
41185,34495,18
34407,34406,94
34406,44933,70
34406,37811,24
44933,34801,4
44933,34800,90
34801,34810,180
34810,34352,92
34810,34353,66
34810,34800,8
34810,44934,14
34352,35493,94
48671,34369,158
34369,34366,84
34369,34367,80
35507,34339,8
35507,34227,82
34339,42301,84
34339,34368,6
34483,34487,229
34483,34621,3
34487,34492,373
34487,34488,138
8192,51717,587
8192,35099,10
8192,34488,26
8192,34482,6
51717,34482,241
51717,34621,208
51717,34487,138
34367,35492,96
35492,34801,88
35492,34353,8
34353,44934,10
34353,34800,64
44934,34405,96
34405,34803,44
34405,34407,46
34803,34407,44
44734,44732,164
44732,44731,164
44731,4141,164
37230,4099,83
44719,44717,83
44719,44712,81
44717,44715,83
44715,44713,83
44713,44718,83
44718,44710,164
44710,44720,83
44710,35913,81
44720,4081,83
44724,44726,83
44726,44727,83
44727,44730,83
44730,44728,83
44728,35915,83
44729,44725,81
44725,44723,81
44723,44721,81
44721,44711,81
44711,44719,81
44712,44714,81
44714,44716,81
44716,50307,81
50307,44718,81
28707,26706,1
8152,34562,14
41044,44969,2
50774,8439,159
38713,14047,3
51361,51363,290
51363,8949,290
46743,46548,591
46548,9973,591
51194,44877,245
51673,44265,247
26436,43159,7
40149,40081,6
50264,315,161
315,313,161
313,312,161
312,38673,161
49935,317,161
10575,10574,56
10574,11002,56
9035,41664,99
9035,41662,52
9035,21589,34
8984,8985,71
8985,10400,71
14360,14356,2
51934,51926,29
51926,49512,29
26921,51392,9
51392,49406,9
49406,49400,9
49400,49412,9
49412,49409,9
49409,26922,9
26922,28580,9
28580,49391,9
49391,49410,9
49410,49403,9
49403,49393,9
49393,28196,9
28196,26859,9
26859,26711,9
4104,4105,6
4106,38276,294
34800,34352,2
34800,37811,24
34800,34801,88
34800,44934,48
34368,34370,156
34370,8499,150
34370,34404,6
8499,8500,150
8500,34404,150
34404,34373,156
34373,35494,156
35494,34365,156
34365,8501,150
34365,35495,6
8501,8498,150
8498,34802,150
34802,35495,150
35495,34371,156
34371,34372,156
34372,48671,150
34372,34369,6
34227,34337,82
34337,754,170
754,755,170
755,756,170
756,34342,170
34342,34344,170
34344,34343,170
34343,34341,165
34343,34674,5
34341,34338,165
34338,34340,165
34340,35508,76
34340,38694,56
34340,34339,6
34340,34228,34
35508,35070,130
35070,38695,125
35070,34230,5
38695,51396,76
38695,34672,42
38695,34229,7
51396,34229,76
34229,34230,83
50739,750,44
37811,37810,48
37810,44934,24
37810,44933,24
34230,34231,83
34230,34672,5
34231,34672,83
34672,35508,42
34672,35069,88
35069,38694,83
35069,34228,5
38694,35062,83
38694,34228,49
38694,34339,7
35062,34337,83
34228,34339,76
34228,35508,7
14579,42861,161
42861,13438,161
15520,15516,161
15516,29341,161
29341,29324,161
29324,29379,161
29379,29414,161
29414,29384,161
29381,29376,140
29376,29400,140
29400,29320,140
29320,15517,140
15517,15518,140
15518,42470,140
14580,13521,140
42609,39748,129
7014,20232,130
23957,23647,148
23966,23954,144
34440,34442,100
34440,50168,68
34427,34426,157
34426,34422,107
34426,34421,4
34426,34424,46
34422,34420,153
34420,34807,6
34420,34421,147
34807,34417,6
34807,34418,46
34807,34805,103
34419,39261,6
34419,34805,46
34419,34806,36
34421,34807,149
34421,34423,2
34805,34412,14
34805,34348,103
34805,24434,32
35498,35499,147
44011,44009,46
44009,51979,46
51979,44012,46
44012,49931,46
49931,51929,46
51929,51925,46
51925,11414,46
49941,49928,45
49928,44007,45
44007,49954,45
49954,44010,45
44010,49168,45
11430,10648,106
10648,11415,106
11415,11417,106
11417,11419,106
11419,11399,106
11399,11423,258
11423,11332,258
11332,11336,258
11336,39297,258
39297,11334,258
11335,11331,258
11331,11329,258
11329,44741,258
44741,11422,258
11422,11421,106
11422,49703,152
11421,11420,106
11420,11418,106
11418,11416,106
11416,11414,106
8816,8786,106
49703,9914,152
49703,50092,56
44833,8781,152
11348,9081,152
11348,11790,56
48563,50470,48
50470,51927,48
51927,9094,48
9094,38844,48
38844,9102,48
9102,9257,48
9257,46729,48
46729,46861,104
46861,46627,104
46627,9239,104
9239,9237,104
9237,38843,104
38843,9161,104
9161,38841,104
38841,38840,104
38840,38842,104
38842,9238,104
9238,51977,48
9238,38839,56
51977,49980,48
49980,9255,48
50123,50118,48
50118,50087,48
50087,50116,48
50116,49703,48
50092,50091,56
50091,50108,56
50108,11333,56
50000,49987,56
49987,49998,56
49998,46729,56
38839,9260,56
9260,9259,56
9259,38845,56
38845,51928,56
51928,50471,56
50471,50469,56
50469,48850,56
20761,20220,78
20761,20219,34
41796,18827,34
41796,18833,17
18827,37164,34
37164,37161,34
37194,35611,35
35611,41786,35
41786,18833,35
41786,18834,17
6740,6742,224
6740,4168,107
50915,19706,161
19706,19745,161
19706,50923,171
19745,19536,161
19536,19534,161
20461,20609,161
20461,50907,63
20609,6024,161
6024,20462,161
20462,20700,161
20700,20463,161
20463,38356,161
38356,50901,468
50914,50902,489
50902,6080,489
6080,20196,171
6080,19765,148
6080,19702,170
20196,20197,171
20197,20198,171
20198,20242,171
20242,20243,171
20243,20459,171
20459,20610,171
20610,19566,171
20610,6721,63
20460,19537,171
19537,19706,171
50923,39741,171
6107,6746,171
6107,4169,106
6107,42192,63
37205,19528,171
19528,19531,171
19531,42653,171
50110,50135,171
50135,19529,171
42196,6765,148
42192,37606,148
42192,42202,63
37606,42200,138
42200,6762,138
42200,6740,63
42197,20534,138
40438,19767,138
50907,50908,63
50908,50920,63
50920,39741,63
50905,50916,63
50916,34158,63
42202,50917,63
50917,42194,63
42194,20458,63
42238,50924,63
50924,42201,63
42201,42200,63
50900,50921,63
50921,38359,63
50909,50911,63
50911,50922,63
50922,20610,63
28105,29002,24
28105,43365,24
28871,25755,24
48087,44521,24
44521,44519,24
44519,44522,24
39727,39729,168
39729,39731,168
39731,39733,99
39731,51940,69
42890,37631,364
37631,39002,91
37631,42890,91
37631,20114,91
37631,18959,91
37631,41725,91
39002,39036,91
39036,39001,91
39001,41098,91
41098,38996,91
38996,39033,91
39033,47287,91
47407,35250,91
47433,5542,182
35244,19545,91
5554,39008,182
39008,47419,91
39008,49588,91
47419,47437,91
47437,20422,91
20422,20841,91
47430,20317,455
47418,47426,91
47426,39018,91
46881,47427,91
47427,46942,91
46942,47445,91
47445,5565,91
38995,39034,91
39034,39012,91
39012,39037,91
39037,39011,91
39011,39010,91
39010,39009,91
39009,37631,91
41740,35314,91
41740,17572,17
20318,39024,91
20318,20720,91
20318,20840,91
51218,40516,108
51222,39017,199
6066,6060,182
47417,41730,91
50122,50112,91
50112,19545,91
49602,35258,182
35258,41093,182
41093,19554,182
19554,19555,182
50596,50097,91
50097,50598,91
50598,50600,91
50600,50593,91
50593,50599,91
50599,49601,91
50601,50602,91
50602,50595,91
50595,50594,91
50594,50090,91
50090,50597,91
50597,7035,91
50084,50079,91
50079,47414,91
49588,39006,91
39006,39019,91
39019,39023,91
39023,39026,91
39026,19553,91
47425,20336,91
35248,35243,91
39027,39022,91
39022,49593,91
49593,46545,91
46545,50256,91
50256,39018,91
41735,41738,91
41738,41739,91
41738,41740,17
48475,37274,30
48475,11035,20
44515,42166,24
49765,49747,219
49747,49758,215
49747,49748,4
49758,49761,215
49761,49738,215
49738,49755,215
49755,49748,215
49748,49752,219
43586,48974,207
50053,49771,207
50053,49787,6
49771,49779,207
49779,49742,207
49742,49787,207
49787,49745,213
49745,48938,213
49781,49786,219
50874,50881,100
50881,50882,100
50882,50877,100
50877,18578,100
51974,7221,176
7221,18348,176
7221,18357,100
7221,5238,76
18348,38689,352
38689,38686,352
38686,38688,176
38688,18348,176
38688,7221,176
46230,18510,228
18624,6096,100
18624,18619,74
18624,18593,109
50884,50880,100
50880,50883,100
46875,47139,288
47139,44050,149
47139,44053,139
50542,42908,139
48428,48429,93
48429,48430,93
48430,35918,93
50426,50153,224
50153,50161,224
50161,50159,186
50161,43961,131
50159,50163,186
50163,50078,93
50163,50162,93
50078,50075,250
50075,50074,250
50074,50077,250
50077,50073,250
50073,50161,93
50073,50155,157
50162,50157,93
50157,43964,93
50152,50158,157
50158,50078,157
50155,1754,288
1754,4105,288
48425,48426,157
48426,48427,157
43941,43938,76
43938,38970,76
38970,44336,76
23608,15610,444
23608,16192,114
23608,24582,110
50066,50818,171
50818,34113,171
34113,22533,171
22533,22539,171
22539,24803,171
24803,24486,171
24486,24487,171
24487,24490,323
24490,24806,323
24806,50047,171
24806,16733,152
50047,50038,171
50038,24799,171
24799,22465,323
22465,35325,171
22465,23612,281
22465,24575,163
35325,37097,171
35325,23617,152
37097,37099,171
37099,50044,171
50044,50046,300
50044,24504,114
50046,50031,171
50046,50065,129
50031,24327,171
24327,23830,391
24327,50017,165
23830,24601,281
23830,24618,110
24601,24614,281
24614,24612,281
24612,24495,281
24495,24491,391
24495,50072,171
24491,37102,556
37102,37100,556
37100,24493,556
24493,24494,556
24494,24495,281
24494,24613,275
50072,50819,153
50072,50820,18
50819,48893,153
48893,50820,147
50820,50012,165
50012,24491,165
24613,24611,275
24611,24615,275
24615,50033,275
50033,24327,385
50017,50011,165
50011,50054,279
50054,37098,165
50054,34101,243
37098,37101,165
37101,24575,165
24575,23617,165
24575,34103,163
23617,24804,328
23617,23217,266
24804,24801,328
24801,22598,328
22598,50009,165
22598,25041,163
50009,50013,165
50013,50515,165
50515,22537,165
50515,16895,163
22537,24622,165
24622,50028,165
50028,24623,165
24623,50065,165
50065,41257,446
50065,23608,110
48500,8750,513
48500,9564,268
43377,40084,2
40479,40460,72
40460,40464,72
28502,28430,72
28430,28594,72
28594,28501,61
28594,28492,11
28501,28503,72
28503,28504,72
28504,28505,72
28505,28506,72
28506,28507,72
28507,28490,72
28490,28491,72
28491,28498,61
28491,28493,11
28498,28499,72
28499,28500,72
28500,28410,72
40461,40480,72
40480,40477,72
29171,50628,11
50628,50630,11
50630,29172,11
28453,28464,11
28464,28462,11
28462,28452,11
28452,28450,11
28492,28497,11
28497,28501,11
28493,28494,11
28494,28495,11
28495,28496,11
28496,28498,11
50626,50629,11
50629,29166,11
29166,29167,11
49356,49355,46
49355,11046,26
49355,11045,20
49352,11049,26
49352,11050,20
49361,11051,26
49361,49352,20
49360,11090,26
49360,11052,20
49223,9371,301
51364,9417,301
51370,9420,301
22134,41317,10
49995,49990,10
49990,49979,10
49979,50518,10
49985,49992,10
49992,49999,10
49999,22253,10
43120,4335,46
4335,4333,46
47444,47402,84
47402,47421,84
47422,47452,54
47452,47441,54
20367,18938,6
20367,21299,5
46986,47110,299
47110,9683,299
9386,9438,299
47002,9437,299
50267,50277,46
50277,50276,46
50276,50271,46
50271,50278,46
50278,50275,46
50275,1596,46
41042,41041,46
41041,41038,46
41038,41036,46
41036,50281,46
50281,41034,46
50281,41037,42
41034,41032,46
41032,42703,46
50297,36836,46
48828,48712,46
48712,50321,46
50321,48567,46
48567,48683,46
48683,48673,46
48673,48530,46
48530,48679,46
48679,48588,46
48588,48538,46
48538,48856,46
48856,48613,46
48613,36024,46
48569,48752,46
48752,48729,46
48729,50289,46
50289,48804,46
48804,48792,46
48792,1609,46
1609,2969,46
48648,48535,42
48535,48689,42
48689,48555,42
48555,50325,42
50325,36026,42
48695,48756,42
48756,48779,42
48779,48713,42
48713,48597,42
48597,50334,42
50334,48641,42
48641,48875,42
48875,48751,42
48751,48586,42
48586,48865,42
48865,38267,42
41033,50273,42
50273,41035,42
41035,50281,42
41037,41039,42
41039,41040,42
41040,41043,42
41043,36125,42
50268,50280,42
50280,50279,42
50279,50270,42
50270,50269,42
50269,36039,42
50686,20776,115
7152,50685,115
44512,44509,147
44509,44507,147
44507,44505,143
44507,41858,4
44505,38679,143
44505,38675,4
38679,29041,147
29041,29026,147
29026,29042,147
29042,29030,147
29030,29184,3
29030,29240,144
38956,38958,306
38958,12509,162
38958,37782,144
29053,29298,630
29298,12589,3
29298,35276,627
49065,23099,27
49065,23098,20
49065,41132,74
2639,1302,283
1302,42612,283
42612,1315,283
17404,2334,76
2334,1081,76
51602,51607,139
51607,51757,139
51757,1251,139
42827,3482,313
3482,38966,313
38966,42584,139
38966,42825,174
42584,50381,223
50381,43021,223
43021,38968,397
43023,43019,397
43019,42588,206
42588,16947,384
42587,38138,130
42587,42825,76
38138,3481,308
3481,42826,308
42826,17422,308
51643,17513,130
17513,51604,130
51604,1662,130
17203,17489,227
17489,17459,227
17459,3684,227
3684,17204,227
17204,3685,227
3685,1077,108
3685,1645,119
42825,1586,76
42825,2976,174
38923,38922,94
38922,1099,94
43018,42210,262
43018,1586,258
42210,38138,178
42210,42584,84
1655,2680,178
2680,2580,178
44096,1644,119
44096,1057,84
17297,1649,73
1649,17404,73
44664,50332,312
50374,50377,936
50377,50376,936
44665,13206,312
50342,11302,9
36360,41133,124
23844,25404,124
9052,11292,250
50375,12975,312
38681,9896,742
50622,51548,309
51548,10158,309
51555,10037,309
23301,23302,60
23302,23303,60
23303,23304,60
23304,821,60
821,23305,60
23305,23306,60
23306,15889,60
42632,42630,23
42630,42629,23
42629,25068,23
42634,15714,23
42636,42638,23
42638,42640,23
42640,25130,23
42648,43760,23
43760,42646,23
42646,15788,23
42644,43759,24
43759,42647,24
42647,48824,24
42641,42639,24
42639,42624,24
42624,42637,24
42637,15632,24
42625,15409,24
42627,42628,24
42628,42631,24
42631,15698,24
34141,16665,121
16665,16652,121
16652,15717,121
28115,27896,17
28115,27790,15
28685,28608,17
28685,27876,15
28608,27336,17
27336,28685,15
11092,41495,93
51003,10012,632
51002,38123,632
8093,8466,8
8093,8074,82
40702,40700,33
40702,40701,55
40700,28222,88
40711,28771,88
19957,21299,15
19957,20367,5
7383,7384,1542
7383,7347,3
7383,7416,1590
7386,7387,2167
7480,34971,1412
7480,7481,386
34971,35055,1168
34971,34970,623
35055,8388,1168
35055,7347,3
8388,7602,1914
7602,7603,1914
7603,7389,1545
7603,7349,369
7389,7390,1917
7390,7391,1917
7391,7490,1917
7490,7392,1545
7490,7394,372
7392,47952,1663
7392,43317,188
7392,44005,538
47952,7393,1663
5927,21276,7
39471,27071,37
27071,42495,18
27071,11932,19
28028,27791,18
28028,42493,19
27057,27316,18
27316,28687,18
27316,27790,19
28687,27946,18
28687,27316,19
27946,28687,19
26996,26999,20
26999,29236,20
29236,39474,20
39474,39427,37
39427,27000,20
39427,29235,17
27000,27116,20
27116,39460,17
39460,39474,17
29235,26998,17
26998,26997,17
26997,27793,17
6670,6671,109
6671,50811,109
50811,50806,83
50811,6790,109
50806,50813,109
50813,50812,109
50812,50810,109
50810,50807,109
50807,50805,109
50805,49204,109
49204,49201,109
49201,49202,109
49202,50816,109
50816,50808,109
50808,50809,109
50809,50814,109
50814,50815,109
50815,50811,55
50815,6668,54
6790,6674,27
6790,6672,82
6674,6675,109
6675,6676,109
6676,6677,109
6677,6685,109
6685,40592,81
6685,6678,28
40592,6678,81
6678,6679,109
6679,40595,109
40595,6680,109
6680,40596,109
40596,40599,109
40599,40598,109
40598,40597,109
40597,40676,109
40676,40714,109
40714,40586,109
40586,6668,55
40586,50811,28
40586,50806,26
6668,40587,109
18204,18241,54
6672,6674,82
50682,5423,115
5422,5421,116
5421,5419,116
5419,5417,116
5417,5416,116
5416,5430,116
50656,50655,40
50655,34811,40
34811,34814,40
34814,34815,40
34815,8334,40
8334,37800,40
37800,37797,40
37797,8178,40
8178,8179,40
8179,7795,40
7795,7786,40
7786,34818,40
34818,34820,40
34820,8332,40
34821,34819,34
34819,7801,34
7801,7791,34
7791,34999,34
34999,8337,34
8337,37796,34
37796,37799,34
37799,34813,34
34813,34812,34
34812,50661,34
50661,50659,34
50659,34847,34
38264,38262,10
38262,38261,10
38261,38259,10
38259,38257,10
38257,38255,10
38255,38254,10
38254,38263,10
38263,40692,10
40692,38265,10
38265,40691,10
48984,41123,131
48968,43965,131
48971,48982,131
48982,48972,131
48972,50155,131
48991,41128,131
48988,48975,137
48975,35879,137
48985,48990,137
48990,17004,137
48981,35872,99
48973,35872,38
48978,48960,137
48960,43969,137
48977,43962,137
48994,48954,137
14436,14434,116
43955,43975,116
43975,43953,116
43953,45031,116
45031,45047,233
45047,45033,233
45033,45026,233
45026,45023,233
45023,51452,116
45023,45030,117
51452,14378,116
14399,14422,116
14422,14307,116
14307,14305,116
14305,29562,116
14177,51445,117
51445,51448,117
51448,14397,117
43954,45031,117
45030,45045,117
45045,14368,117
45035,45034,136
45034,41900,136
41900,14394,136
51466,51456,136
14425,14427,137
14427,14473,137
14473,14429,137
41898,50888,135
52017,12495,56
12716,12477,56
12477,12500,56
12500,12473,2
12500,38661,54
12473,42212,56
42212,12474,2
42212,38807,54
12474,12533,56
12533,12471,56
12471,12698,2
12471,50616,54
12698,12527,56
12527,39319,2
12527,12529,54
39319,12523,2
39319,34172,54
12523,12464,56
12464,12542,2
12464,39317,54
12542,12685,56
12685,12421,56
12421,12691,56
12691,12689,56
12689,12690,56
12690,12694,56
12694,50614,56
50614,26674,56
43898,26618,56
43898,26619,41
38661,12473,54
38661,12502,39
38807,12474,54
38807,12469,39
50616,28810,93
28810,12698,54
28810,12534,39
12529,42060,93
42060,12525,93
12525,39319,54
12525,12528,39
34172,12523,54
34172,12530,39
39317,12531,93
12531,12542,54
12531,12537,39
26695,28529,41
12205,29191,41
29191,28530,41
12424,50613,41
50613,12688,41
12688,25834,41
25834,12548,41
12548,12686,41
12686,12490,41
12490,12537,2
12490,39317,39
12537,12465,41
12465,12530,2
12465,34172,39
12530,12528,2
12530,12529,39
12528,12699,41
12699,12534,2
12699,50616,39
12534,12476,41
12476,12468,41
12468,12469,2
12468,50615,39
12469,42211,41
42211,12502,2
42211,38661,39
12502,12475,41
12475,12708,41
12708,12715,41
12715,38798,41
50615,38807,39
46625,50623,276
50623,10685,276
39139,11748,276
11748,47201,268
47201,9738,268
50618,50619,268
50619,38684,268
50750,2812,75
2812,3604,75
3604,49611,75
37640,37639,72
37640,50755,24
37639,26773,72
37639,26772,24
37641,37638,64
37641,50755,25
37638,37640,89
43559,43557,26
43557,43556,26
43556,43558,26
43558,51422,26
51422,26906,13
51422,26724,13
49045,49063,13
49063,49035,13
49035,49040,13
49040,49021,13
49021,48764,13
48764,49025,13
48764,48775,13
49025,28234,13
50754,50753,13
50753,50758,13
50758,50756,13
50756,50761,13
50761,50762,13
50762,50763,13
50763,28555,13
48882,50675,13
50675,50674,13
50674,49011,13
49011,48764,13
48775,48726,13
48726,48827,13
48827,48617,13
48617,28228,13
50755,50757,49
50757,50759,49
50759,50096,49
50096,50760,49
50760,50752,49
50752,50751,49
50751,37638,25
50751,37639,24
51846,8795,177
51846,8756,372
51264,42908,36
8218,34796,38
34796,34834,38
34796,8219,38
34834,34796,38
2953,17406,30
17406,17429,58
17429,40178,58
40178,17517,30
40178,2965,28
17517,17518,58
17518,17519,58
17519,17520,58
17520,17521,58
17521,17522,30
17521,17406,28
17522,7728,30
2965,4132,28
34646,34335,996
34335,34493,10
34335,34495,514
34335,34494,465
35099,35100,20
35100,35101,20
35101,34466,20
34466,34491,229
34466,34492,10
34466,34480,3
35110,51274,7
35110,34645,7
35110,34485,7
51274,51935,222
51274,51277,26
51935,51277,222
51935,51280,150
51277,51275,248
51275,51590,7
51275,50683,241
51590,34635,14
51590,51279,3
35103,35104,197
35104,35105,197
34622,34632,10
34622,34546,7
34622,8086,397
34469,34474,6
34474,34473,3
34474,34622,7
34473,34475,3
34475,35110,3
34484,34485,151
34485,34482,7
34485,35099,7
34485,34487,144
50683,34470,234
39250,34646,258
39250,48328,390
34477,34645,397
34477,51769,406
34645,34472,404
34472,34622,404
8086,34632,227
8086,34546,170
34409,34345,55
51616,39250,338
51616,41875,334
48328,34646,734
34476,34478,336
34478,34632,166
34478,34546,170
51769,34471,172
51769,51274,234
35737,35740,2
34674,38696,5
34674,34340,7
38696,35508,5
38696,34674,7
34547,34539,46
34424,34422,46
38663,34664,64
38663,34234,60
42176,34347,60
50168,34442,68
34634,34466,222
51768,51767,234
51767,34452,234
51279,51278,176
51278,51280,26
51278,51935,150
51280,51276,176
51276,34476,170
51276,34471,3
51276,35110,3
34488,34497,164
34497,51621,164
38720,8935,69
50780,39680,68
39680,51923,68
51923,41133,68
39682,39685,82
39685,39686,82
39686,39688,164
39688,39687,164
39687,39684,82
39684,39683,82
39683,8093,82
7340,8456,14
44522,27812,24
28108,28109,24
28109,44309,24
41562,41559,2
42837,14339,12
7356,7357,1400
7357,7358,1437
7358,7359,1437
7359,7360,1437
7360,7361,1811
7360,7463,547
7360,7468,5
7418,7404,2292
7405,7429,2292
7429,7430,2289
7429,7452,3
7452,7453,1245
7453,7454,1001
7453,7448,244
7454,7455,1378
7454,7458,3
7455,7456,1378
7456,7457,1378
7457,7458,1378
7458,7459,1378
7458,38912,3
7459,7460,697
7459,38912,681
7460,7461,1245
7461,7446,1245
7419,7420,1245
7420,41220,1245
41220,7381,35
41220,7380,244
41220,7396,304
10988,9031,2
43317,43315,699
7445,7434,160
7445,7372,668
7434,7435,792
7435,7436,792
7436,7448,160
7436,7447,244
7436,7372,388
7448,7449,537
7448,7410,244
7449,7466,537
7466,7406,537
7399,7400,547
7400,7401,547
7401,7402,791
7402,7403,547
7402,34310,244
7403,7360,547
7463,7464,547
7464,7408,547
7408,7409,547
7409,7465,170
7409,7454,377
7465,7370,414
7431,7432,559
7432,7433,559
7433,7447,170
7447,38912,825
7447,7460,244
44536,44535,686
44535,43316,686
43316,44006,686
44006,7344,156
44006,44004,530
43315,44537,699
34942,41218,1212
41218,38913,1212
38913,34943,1212
34943,34944,1212
34944,44534,1212
44534,43958,1212
43958,42004,158
43958,42003,1054
42004,41994,779
41994,8390,402
41994,8388,377
7416,7422,544
7416,7417,975
7416,34964,377
7422,7423,1094
7423,7424,1094
7424,7425,1094
7425,7426,1094
7426,8392,788
7426,34942,306
8392,7599,1167
7599,8389,1167
8389,41995,400
8389,34971,379
8389,7477,388
41995,42005,777
42005,43959,156
42005,42003,621
43959,44533,1206
44533,44532,1206
44532,34945,1206
34945,34946,1206
34946,38914,1206
38914,38911,1206
38911,7389,525
38911,7347,681
43957,49397,1870
49397,44531,1870
44531,41215,1870
41215,34969,522
41215,34968,294
7488,7489,757
7489,41217,757
41217,34963,136
41217,41992,621
34963,7473,136
7473,7474,759
7474,7470,759
7470,7475,136
7470,7484,623
7476,7493,1197
7437,7438,130
7438,7382,130
34967,7485,753
7485,34973,753
34973,7479,753
7479,34962,130
7479,34966,623
41216,41214,1854
41214,44530,1854
44530,49401,1854
49401,41993,130
49401,42002,1050
41993,34962,621
7469,7607,830
7607,7343,830
8393,38910,848
38910,7605,683
42002,43959,1050
42002,42004,621
7472,34967,623
7472,7475,1061
7481,8390,765
42003,43957,1054
42003,41993,621
44004,7344,530
7410,7412,244
34313,34311,244
34312,34314,244
34314,7401,244
34310,7465,244
41992,42002,621
44005,43317,538
34964,7606,679
7606,7469,679
7605,34965,683
34965,7422,306
34965,7395,377
36133,3937,12
36133,17505,12
20809,5577,24
35293,35182,24
35182,35184,24
51056,7276,24
7276,43110,24
37174,40715,24
18375,7275,24
18328,7273,24
7273,7278,24
18332,7271,24
7271,18356,24
18356,41472,24
50652,44689,3
50652,44690,3
41694,41695,38
41695,41693,38
41693,41685,38
41685,41692,38
41692,41691,38
41691,20563,38
20563,6030,38
6030,20566,38
20566,5563,38
5563,5977,38
5977,5950,38
5950,5984,38
5984,4229,38
34285,34284,40
34284,18978,40
18978,18979,40
18979,18976,40
18976,18977,40
18977,5949,40
5949,35301,40
35301,19928,40
50821,42452,616
12742,12589,4
51058,12757,749
12757,29016,749
12757,51375,745
12757,41859,6
29016,49443,622
29016,12589,127
35276,12757,751
39313,29050,137
39314,12596,289
29024,12594,137
12594,29237,137
38676,38675,8
38675,38678,8
38675,38677,4
41858,41857,12
41857,44506,8
41857,44505,4
29240,12591,144
12591,12595,144
38677,44504,4
44504,38679,4
29044,29043,174
29043,29274,174
29274,25861,174
25861,12641,174
12641,50698,174
50698,41855,174
41870,29045,183
29045,29022,183
29022,12640,183
12036,28310,214
49438,49441,279
49441,49050,279
49464,49454,272
49454,49061,124
49454,49054,148
29028,28869,152
28869,39314,152
41859,51058,4
49054,28963,148
28963,28866,148
29063,29185,148
29185,29064,148
29064,29050,148
51040,937,110
51047,44847,206
44847,51019,206
51019,42517,206
42517,42466,206
42466,51017,110
42466,985,96
51017,51015,110
51015,51034,110
51034,51026,110
51026,919,110
51038,51011,110
51011,51037,213
51037,51036,110
51037,51035,103
51036,14949,110
51022,51028,105
51028,766,221
24730,914,105
914,24607,105
24607,42467,105
42462,44849,210
44849,51030,210
51030,44848,210
44848,44846,210
44846,958,210
51016,51020,105
51020,24392,105
51045,42128,96
51045,765,112
51046,24242,105
33888,953,228
953,956,112
953,952,215
953,42463,116
959,960,112
960,16853,112
16853,965,112
965,964,112
965,14623,112
963,917,112
917,915,112
915,24420,112
952,947,215
927,926,103
23662,924,103
51044,51023,103
51023,51043,103
51043,51041,103
51041,51011,103
51035,51646,103
51646,42482,103
42482,51042,103
51042,51027,103
51027,51018,103
51018,24251,103
51033,37717,116
37717,51031,116
51031,51029,116
51029,906,116
51032,51024,116
51024,51013,116
51013,24427,116
19780,34251,2
34251,5992,2
5992,5993,2
5993,19479,2
20276,18717,2
51830,10472,50
51823,10061,50
40621,40624,191
40624,19055,191
19055,19061,191
19061,19054,181
19054,40616,354
40616,40614,354
40614,40612,181
40614,40610,173
40612,40607,181
40607,40602,181
40602,40604,181
40604,40606,181
40606,40611,181
40611,40613,181
40613,40615,354
40615,19040,181
40615,19039,173
19040,19054,173
40610,40605,173
40605,40626,173
40626,40601,173
40601,40603,173
40603,40608,173
40608,40609,173
40609,40613,173
19039,20928,173
20928,20929,183
20929,19060,183
19060,40623,183
40623,40622,183
40622,40620,155
40622,19065,28
6055,6056,183
51084,4197,183
19065,51085,54
51085,40621,26
51085,40620,28
43634,49835,1
49854,49870,98
49854,29246,53
49870,49918,51
49870,49886,47
49918,49821,98
49821,49806,98
49806,49688,98
49874,49840,51
49874,49889,47
49840,29116,51
29283,29284,94
29284,49907,51
29284,34225,43
49907,29189,51
49809,49909,151
49809,36803,16
49909,29100,151
50069,41902,179
50286,50069,179
49878,29140,51
49878,12680,88
49899,42118,51
42120,42115,94
49905,49683,94
49882,49890,94
49829,49805,53
49805,49865,53
49865,49889,53
49865,42118,43
49889,29120,100
49847,49857,96
49857,49807,53
49857,49811,43
49807,49875,53
49875,12671,53
29095,12353,53
29101,50036,88
50036,12495,88
49836,29081,88
49861,49844,88
49844,29123,88
49811,49914,131
49914,49890,88
49914,49865,43
49886,49918,47
12357,12188,47
12188,12157,47
29281,12353,47
38797,41902,3
34225,12189,43
12189,12166,43
51241,51249,162
51249,51236,162
51236,51248,162
51248,21193,162
21193,19417,168
21193,6198,4
38901,21084,41
21084,18908,41
18908,21077,41
21000,19365,41
19365,19364,41
19364,19366,41
19366,19367,41
19367,20992,41
20992,18235,41
19368,18266,30
18266,20984,30
20984,20968,30
51201,51207,42
51207,51206,42
51206,51198,42
51198,21001,42
21078,18906,42
18906,4267,42
4267,38901,42
36837,36838,174
36838,36839,174
36839,36840,174
36840,19421,174
6198,21204,176
21204,6199,176
6199,21225,176
21225,6200,166
21225,51246,10
21208,21205,216
21205,21200,216
21200,21207,216
21207,21216,216
21216,6202,216
6202,21213,166
6202,51295,50
5911,42736,172
18473,21099,9
4266,5193,18
51295,21198,50
51245,51250,48
51250,51239,48
51239,51235,48
51235,50371,48
51235,50370,2
50371,50368,48
50368,50370,48
50370,50363,48
50370,41069,2
50363,50367,48
50367,41072,48
41072,41069,48
41069,41070,45
41071,50362,45
50362,50369,45
50369,51237,45
51242,51251,45
51251,51244,45
51244,5913,45
6051,6050,5
6050,21228,5
40285,18639,6
51229,174,46
49574,49579,200
51953,49571,200
49571,49505,200
49505,47939,200
49482,49492,200
49492,49594,200
49594,49584,200
49596,49572,200
49572,49564,200
50218,47036,68
47036,50209,68
50209,50194,68
50209,50196,24
50194,50211,92
50211,41660,92
50197,50226,24
50226,50192,24
50192,50201,24
50201,50193,24
50193,50224,24
50224,50214,24
50214,50209,24
50196,50227,24
50227,50194,24
51367,51359,353
51359,11851,353
51366,47253,353
51362,51368,353
11126,10870,62
10870,10871,62
10871,10869,62
10869,10872,62
10872,10874,62
39071,10882,62
10882,10884,62
11145,11225,62
42152,801,73
46490,50560,744
50560,50559,744
50559,46555,744
46555,46717,744
34621,34658,211
34658,34662,3
34658,34631,208
41875,48344,341
41875,41874,3
48344,41874,341
41874,48328,344
50167,11229,118
15521,15703,8
15521,15519,15
34480,35110,3
51477,48077,150
51477,48069,114
44585,22998,150
40510,40509,150
40509,39759,150
40508,37714,141
37714,25327,141
51476,22449,141
51476,39271,144
16869,24831,114
24831,24834,114
24834,15429,114
16833,16834,114
16834,15435,114
22782,24825,144
24825,34054,130
24825,22761,14
34054,16831,130
16831,47071,130
47071,48077,130
22783,22784,144
22784,22785,144
22785,26,144
26,16869,144
34566,34571,25
34571,34612,25
34571,36086,30
34897,34608,55
5626,20696,10
34101,24844,243
24844,24795,243
24795,24796,243
24796,34065,243
34065,50044,243
24504,34102,114
34102,50021,114
50021,50022,114
50022,23752,114
23752,22735,114
22735,34103,114
34103,23616,277
23616,23617,277
51154,22261,367
23612,34001,129
23612,50517,152
34001,24843,129
24843,23615,129
23615,50025,129
50025,24619,129
24619,24620,129
24620,50054,129
25041,21660,163
34114,50515,163
16895,48457,163
37095,24487,152
16733,22535,152
22535,22536,152
22536,24488,152
24488,22758,152
23598,42743,152
42743,24800,152
24800,24799,152
50517,35325,152
24618,24582,110
24582,23608,110
24582,24600,110
24600,50033,110
21176,19429,6
43831,43768,8
26956,26951,190
26951,50953,190
50953,50961,190
51403,42428,190
42428,39566,190
39566,11978,190
26955,26952,68
26952,39549,68
72,22983,201
791,24102,74
50247,44440,17
7076,37167,34
37167,7146,34
7146,7078,34
7078,7079,34
7079,7081,34
7081,7082,34
7082,7083,34
7083,7080,34
7080,37192,34
37192,20091,17
37192,20090,17
7086,7087,17
7087,7088,17
7088,7089,17
7089,7090,17
7090,7091,17
7091,6708,17
50242,50248,17
7115,7116,16
7116,7117,33
7117,7118,33
7118,7119,33
7119,7120,33
7120,7123,16
7120,21285,17
7123,7121,16
7123,50538,17
7121,50538,16
7121,7124,17
50538,50541,33
50541,7122,16
50541,7121,17
7122,21279,16
7122,7123,17
7124,7116,17
7136,20210,17
51629,1460,176
51629,1475,191
51612,38617,136
51644,51640,136
51640,51625,136
51625,17415,136
51625,1421,136
17415,17437,290
17437,51625,136
17437,40889,154
51626,51639,283
51639,51634,283
51634,1394,283
38640,51627,333
51627,38645,186
51627,38635,147
38616,38619,186
38619,38626,186
38626,51645,186
51645,38627,186
38627,38629,186
38629,1685,186
1685,2823,186
2823,38617,186
1682,17441,191
38625,3441,191
38620,38618,191
38618,17414,191
51631,38638,341
38638,38641,341
38641,38640,341
38634,38633,147
38633,38645,147
51637,51630,304
51630,51632,304
51632,1417,304
51624,38617,150
38632,38636,150
20604,4181,16
20604,17829,16
20829,20830,32
20830,7137,32
7137,7138,32
7138,7032,16
42091,41552,256
42091,41554,127
41565,41567,512
41567,41568,512
41568,41569,512
41569,6280,512
6279,19037,256
19037,19247,256
19247,5490,127
19247,6291,129
41553,41552,129
19920,18667,26
18667,21202,26
21202,21206,26
21206,18675,26
46825,47006,323
46419,46720,319
34280,5994,2
42980,23115,115
42980,46520,7
50798,51715,115
51715,51716,115
51716,51718,115
51718,43775,115
35018,34501,208
34501,34499,208
34499,34493,208
34498,34500,144
34500,34659,144
34659,34503,144
37024,39846,30
50313,43489,1
43489,50283,1
50283,50287,1
50287,38394,1
50290,50330,2
50330,50302,2
50302,50313,2
2413,17047,3
11661,9194,95
9194,11662,95
11662,9220,95
9220,9195,95
9195,10698,95
10698,11663,95
11663,9716,95
9716,11664,95
11664,11227,95
9715,11655,95
11655,11657,95
11657,11656,95
11656,9205,95
9205,11658,95
11658,9631,95
9631,11659,95
11659,11660,95
11660,11661,95
51733,13103,272
51733,42858,272
51733,13206,272
51733,13113,272
51733,13946,272
49937,49927,364
17479,3861,154
3861,17366,154
17366,3292,154
3292,51628,154
51628,17451,154
51633,51642,154
51642,51984,154
39936,39935,39
39935,39934,39
39934,43819,20
39934,28800,19
27022,27020,20
27022,43818,19
27020,49370,19
48139,22804,110
23853,23856,110
37694,47432,108
23855,23840,108
48138,22804,138
6265,20908,18
6265,20906,18
6266,20911,28
6266,20915,8
6261,19046,8
6261,20890,10
6268,4269,8
6268,5533,10
6269,19137,18
19137,19048,8
19137,20887,10
40701,40700,55
40713,40712,55
40712,40711,55
