stop_id,stop_name,region,metro,lat,lon,degree,degree_centrality,in_degree,out_degree,pagerank,betweenness,harmonic,nearest_alt_m
17303,ת.התרעננות/דור אלון מגל 6,מרכז,פריפריה,32.380891,35.017969,16,0.000525,9,7,9.66e-06,0.10626263,4581.0306,71.89415348165318
41133,מחלף חמד,ירושלים,ירושלים,31.801002,35.12454,62,0.002035,25,37,0.00012536,0.08074954,4733.7566,69.03741491051251
41132,מחלף חמד,ירושלים,ירושלים,31.80033,35.126238,44,0.001444,32,12,0.00039912,0.08072416,4681.0911,93.91560823604094
27689,מחלף קמה לצפון,דרום,באר שבע,31.442254,34.766984,24,0.000788,10,14,9.228e-05,0.07324505,4582.2913,32.2292242292436
7562,שדרות בית הלל/כניסה לעיר,מרכז,תל אביב,31.936583,35.035446,29,0.000952,24,5,8.232e-05,0.06568018,4556.8953,102.09919333128656
7444,דרך האר''י/ כביש 375,ירושלים,ירושלים,31.704533,35.126243,29,0.000952,7,22,5.632e-05,0.06456275,4421.8011,116.31940132218303
9048,בן גוריון/שערי ירושלים,ירושלים,ירושלים,31.791535,35.196465,41,0.001346,18,23,8.513e-05,0.05528422,4604.5665,58.158276408650615
4132,צומת כפר קרע,מרכז,פריפריה,32.496878,35.062384,14,0.00046,5,9,9.856e-05,0.04307605,4319.2067,140.37136901206733
748,מחלף קסם,מרכז,תל אביב,32.119458,34.93836,19,0.000624,12,7,5.947e-05,0.04284379,4362.7277,131.7164220436182
13274,מחלף גבעת שמואל/כביש 4,מרכז,תל אביב,32.074823,34.843553,24,0.000788,6,18,9.292e-05,0.03976986,4549.2843,100.39420540048594
29243,תחנת התרעננות/פונדק בית קמה,דרום,באר שבע,31.442304,34.764124,19,0.000624,10,9,2.656e-05,0.03951961,4372.7928,72.16383995379739
23418,רבי יהודה הנשיא/כניסה לעיר,מרכז,תל אביב,32.052593,34.944195,24,0.000788,22,2,4.685e-05,0.03743714,4515.0161,89.44844081593996
18691,צומת ראש פינה,צפון,פריפריה,32.968266,35.551334,13,0.000427,7,6,0.00011255,0.03501475,3954.428,84.77803391523395
39133,מחלף קמה לדרום,דרום,באר שבע,31.442307,34.767318,19,0.000624,8,11,5.555e-05,0.03475731,4253.8239,32.2292242292436
42430,ת.התרעננות/דור אלון מגל כביש 6,מרכז,פריפריה,32.38104,35.017224,15,0.000492,8,7,1.495e-05,0.03422246,4420.7843,71.89415348165318
18876,צומת חנניה צומת שבע,צפון,פריפריה,32.928025,35.406759,13,0.000427,8,5,3.357e-05,0.03392862,4082.0888,93.19192334768428
16491,מחלף קסם,מרכז,תל אביב,32.115483,34.941008,19,0.000624,9,10,6.285e-05,0.0327714,4315.6322,89.55479874759416
20917,מחלף המוביל/לדרום,צפון,חיפה,32.757731,35.23184,17,0.000558,8,9,8.952e-05,0.03134123,4166.2297,162.97573325732589
51258,ת. מרכזית המפרץ/הורדה,צפון,חיפה,32.792214,35.034786,12,0.000394,8,4,6.285e-05,0.03058621,4093.3918,0.0
47879,מסוף חצור הגלילית/רציפים,צפון,פריפריה,32.98083,35.556268,5,0.000164,4,1,4.745e-05,0.0302731,3139.4173,0.0
47911,ת. מרכזית ק''ש/רציפים,צפון,פריפריה,33.209085,35.569276,2,6.6e-05,0,2,5.11e-06,0.03020664,2835.0967,0.0
19486,תל חי/סיני,צפון,פריפריה,33.204747,35.569361,8,0.000263,6,2,2.628e-05,0.03019468,2599.3629,69.4994003051958
14348,מחלף גהה/דרך ז'בוטינסקי,מרכז,תל אביב,32.092314,34.844941,15,0.000492,1,14,2.082e-05,0.0290206,4171.7523,109.3702879590651
1296,מחלף יגור,צפון,חיפה,32.752167,35.071543,26,0.000854,18,8,5.637e-05,0.02873792,4274.1519,171.9761893474518
9046,ויצמן/גבעת שאול,ירושלים,ירושלים,31.790348,35.197526,36,0.001182,25,11,0.00021822,0.02820226,4528.9275,52.90452408156548
25419,רבי יהודה הנשיא/חוני המעגל,מרכז,תל אביב,32.052767,34.945148,21,0.000689,2,19,5.722e-05,0.02758105,4323.7479,67.8602149564215
27692,צומת בית קמה למערב,דרום,באר שבע,31.442525,34.762677,16,0.000525,10,6,4.267e-05,0.02752768,4227.3496,139.4556511780804
5020,צומת עוקף עפולה/מעונות הסטודנטים,צפון,פריפריה,32.622273,35.289279,12,0.000394,7,5,5.562e-05,0.02721744,4288.108,137.59644668324736
29350,מחלף מסובים,מרכז,תל אביב,32.036975,34.829135,27,0.000886,10,17,5.111e-05,0.02703817,4477.3647,192.1340681917692
4124,צומת כפר קרע,מרכז,פריפריה,32.497446,35.063862,11,0.000361,7,4,8.106e-05,0.02655991,4342.5729,116.85029242736461
13246,בית ספר הולץ/חיל השריון,מרכז,תל אביב,32.046238,34.783261,31,0.001018,15,16,9.146e-05,0.0262135,3980.8956,144.3779630437646
4179,צומת כרמיאל,צפון,פריפריה,32.923958,35.301965,11,0.000361,7,4,3.132e-05,0.02615995,3659.0282,172.81579255129003
14355,מחלף מורשה,מרכז,תל אביב,32.123726,34.854708,20,0.000657,14,6,7.604e-05,0.0252866,4311.7131,184.67761174539393
18958,צומת שפרעם,צפון,חיפה,32.796384,35.169748,9,0.000295,3,6,5.234e-05,0.02523165,3527.1978,134.59430225410634
24932,מחלף רעננה צפון,מרכז,תל אביב,32.190754,34.887242,14,0.00046,6,8,4.26e-05,0.02520636,4134.876,62.53311402334472
12975,מחלף לה גווארדייה,מרכז,תל אביב,32.059454,34.786354,34,0.001116,22,12,0.00012842,0.0249305,4431.746,35.591693092603286
2047,שבתאי לוי/רשפון,צפון,חיפה,32.814497,34.993351,9,0.000295,4,5,4.891e-05,0.02463364,3252.7887,120.52534652315327
20740,צומת עוקף עפולה,צפון,פריפריה,32.623319,35.288494,14,0.00046,5,9,1.517e-05,0.02455691,4283.2588,137.59644668324736
21744,צומת מודיעים (גמזו),מרכז,תל אביב,31.954615,34.939978,15,0.000492,5,10,2.573e-05,0.02413881,4279.7659,100.92046496828712
17966,צומת הר חלוץ,צפון,פריפריה,32.94059,35.276878,6,0.000197,2,4,7.838e-05,0.02394629,3080.6183,96.91053103337453
17934,צומת כישור,צפון,פריפריה,32.946069,35.268081,7,0.00023,6,1,6.759e-05,0.02389969,2806.6938,104.76573010460889
751,מחלף קסם,מרכז,תל אביב,32.114882,34.941641,16,0.000525,11,5,6.697e-05,0.02383738,4140.6218,89.55479874759416
21282,צומת שבע,צפון,פריפריה,32.927767,35.405161,10,0.000328,4,6,8.466e-05,0.02325426,3681.6969,132.3564846129768
27623,מרכז רפואי סורוקה/אוניברסיטת בן גוריון,דרום,באר שבע,31.25922,34.798363,20,0.000657,13,7,0.00020865,0.02299273,4187.7267,108.39526182050355
27842,מסעף נתיבות/מרכז העיר,דרום,פריפריה,31.424305,34.601822,15,0.000492,6,9,5.943e-05,0.0229786,3973.7603,161.09273075884175
42405,תחנת התרעננות/צומת מגידו,צפון,פריפריה,32.573184,35.196511,10,0.000328,5,5,2.035e-05,0.02278638,4347.5732,354.1986992189141
19831,ת.מרכזית עכו/דרך הארבעה,צפון,חיפה,32.9272,35.079629,12,0.000394,4,8,0.00010582,0.02265594,2768.3658,148.95418932752258
729,מחלף ראש העין מזרח,מרכז,תל אביב,32.107606,34.962074,21,0.000689,4,17,6.694e-05,0.02259896,4195.4625,55.87487008214312
14077,מחלף גהה/דרך ז'בוטינסקי,מרכז,תל אביב,32.092621,34.843838,16,0.000525,13,3,0.00016483,0.02176218,4174.5557,109.3702879590651
20408,מסעף קיבוץ קדרים לצפון,צפון,פריפריה,32.89703,35.479896,19,0.000624,8,11,4.941e-05,0.02156755,4072.8396,427.66729312284673
17610,צומת נהריה,צפון,פריפריה,33.006062,35.098376,6,0.000197,4,2,6.864e-05,0.02104796,2539.5645,54.20886774147055
2027,תחנת כרמלית/הנביאים,צפון,חיפה,32.812434,34.995015,7,0.00023,2,5,6.112e-05,0.0209219,2995.5183,38.92733540100604
16289,צומת יסודות,מרכז,פריפריה,31.809847,34.858167,20,0.000657,8,12,6.359e-05,0.02028002,4384.3496,147.28836389798568
15176,צומת ניצני עוז,מרכז,פריפריה,32.312045,34.998098,9,0.000295,6,3,5.975e-05,0.02011548,4026.8046,128.38817009107905
39085,בית ספר ניסויי תפן,צפון,פריפריה,32.996235,35.264492,9,0.000295,4,5,1.452e-05,0.02003241,2589.1787,113.97242310387217
2945,רש''י/חטיבת הראל,מרכז,פריפריה,32.431006,34.913913,9,0.000295,5,5,1.67e-05,0.01956873,3928.257,110.2960589021917
51199,דרך האר''י/המגיד ממעזריטש,ירושלים,ירושלים,31.703488,35.126299,22,0.000722,20,2,9.473e-05,0.01937878,4404.468,96.03062102949195
22235,מחלף נתניה,מרכז,תל אביב,32.324197,34.867696,16,0.000525,9,7,5.14e-05,0.01873154,4120.2036,75.96792372000021
3996,מחלף יגור,צפון,חיפה,32.754292,35.070839,9,0.000295,5,4,6.636e-05,0.01845423,3822.2258,164.0276789629208
18918,מושב מירון,צפון,פריפריה,32.983535,35.443474,8,0.000263,3,5,2.552e-05,0.01832092,4027.4828,145.51068453286973
44503,שד' גולדה מאיר/שד' הרצל,דרום,פריפריה,31.068233,35.03214,9,0.000295,6,4,3.824e-05,0.0182342,3841.5261,36.560575004739945
10452,דרך חברון/גבעת המטוס,ירושלים,ירושלים,31.740214,35.21323,12,0.000394,7,5,0.00013245,0.01823286,3807.085,93.26211687299272
44887,שדרות נהר הירקון/קליין,ירושלים,פריפריה,31.705271,35.003648,5,0.000164,3,2,5.56e-05,0.01800063,3915.8331,117.88803600506326
5498,תחנה מרכזית ראש פינה,צפון,פריפריה,32.968734,35.548852,13,0.000427,6,7,0.00011353,0.01788095,3524.9896,30.23442158601329
28671,ביה''ח אסותא,מרכז,פריפריה,31.78112,34.657394,14,0.00046,5,9,9.084e-05,0.01778202,4092.8693,163.66043986637382
23129,צומת גמזו,מרכז,תל אביב,31.952761,34.94065,15,0.000492,11,4,5.781e-05,0.01776323,4265.4638,91.65945814808606
19809,הנרייטה סאלד/אליעזר פרי,צפון,פריפריה,33.19993,35.5716,8,0.000263,5,3,2.567e-05,0.01772874,2403.7543,80.50617838784397
2392,מחלף יגור,צפון,חיפה,32.754433,35.072585,19,0.000624,13,6,3.751e-05,0.01770694,3958.3852,164.0276789629208
1636,צומת אולגה,מרכז,פריפריה,32.438329,34.890943,15,0.000492,12,3,0.0001075,0.01765084,4023.0126,59.78160804570586
27714,צומת הנשיא,דרום,באר שבע,31.331751,34.699675,6,0.000197,3,3,1.459e-05,0.01757295,4099.3496,155.47140918319843
17488,גרנד קניון/שמחה גולן,צפון,חיפה,32.789197,35.008062,13,0.000427,4,9,9.511e-05,0.01756039,3659.8018,48.821600054291636
26787,אזור תעשיה,דרום,פריפריה,31.248833,35.198232,12,0.000394,9,3,0.00010195,0.01732762,3993.4199,177.53786268528398
3021,צומת פוריידיס,צפון,חיפה,32.591896,34.947792,10,0.000328,4,6,2.601e-05,0.01719867,4197.8877,127.28834201781002
15416,מחלף בית רבן למזרח,מרכז,תל אביב,31.819528,34.730697,19,0.000624,11,8,4.792e-05,0.01678971,4235.4796,140.760227279202
2563,צומת אולגה,מרכז,פריפריה,32.438234,34.89157,13,0.000427,3,10,6.258e-05,0.01665535,3996.4209,59.78160804570586
10226,יגאל ידין/דרוק,ירושלים,ירושלים,31.806598,35.216384,20,0.000657,11,9,0.00010843,0.01653904,4291.8016,71.70728956056657
3956,מחלף יגור,צפון,חיפה,32.752539,35.069758,14,0.00046,6,8,7.86e-05,0.01622779,3717.3749,171.9761893474518
35701,מחלף שעריה,מרכז,תל אביב,32.065055,34.90225,13,0.000427,5,8,2.302e-05,0.01616926,4387.6408,183.46352545599754
27649,מרכז אורן/יצחק רגר,דרום,באר שבע,31.272046,34.79807,15,0.000492,3,12,0.00010425,0.01587598,4252.6749,103.41116485359467
17734,מרכז רפואי גליל,צפון,פריפריה,33.007959,35.116582,5,0.000164,2,3,0.00012146,0.01586758,2191.1273,125.84459134151585
9526,מסוף 700/שד' נווה יעקב,ירושלים,ירושלים,31.837748,35.231598,17,0.000558,3,14,4.243e-05,0.01565242,4211.9991,36.88686545373448
2444,רופין/קניאל,צפון,חיפה,32.799437,35.002022,14,0.00046,9,5,5.419e-05,0.01512953,3667.1989,59.99916208141811
36097,בית חולים איטלקי/המגינים,צפון,חיפה,32.822102,34.989222,8,0.000263,5,3,6.772e-05,0.01512034,3366.584,120.63984490854341
19581,צומת אחיהוד,צפון,חיפה,32.911913,35.167244,12,0.000394,5,7,7.202e-05,0.01501744,3511.1603,107.34259874622124
3870,ת. מרכזית המפרץ/הורדה,צפון,חיפה,32.792214,35.034786,14,0.00046,9,5,0.00016589,0.01494759,3794.856,0.0
27666,צומת דורות לדרום,דרום,פריפריה,31.529164,34.609954,5,0.000164,3,2,6.607e-05,0.01480935,3650.5821,101.32955752279183
3489,צומת פוריידיס,צפון,חיפה,32.592688,34.946426,9,0.000295,5,4,4.338e-05,0.01477777,4167.8973,116.70982504829975
2881,העצמאות/בית וגן,צפון,חיפה,32.79879,35.102497,12,0.000394,3,9,4.214e-05,0.01453373,4133.1159,108.16055169298457
2673,צומת זבולון,צפון,חיפה,32.767894,35.101237,7,0.00023,5,2,4.969e-05,0.0144587,3783.2432,147.5729798777082
21271,צומת טבריה עילית,צפון,פריפריה,32.790177,35.514864,5,0.000164,2,3,2.593e-05,0.0143077,3621.0367,143.1647141389132
17747,צומת כברי,צפון,פריפריה,33.016548,35.141832,7,0.00023,4,3,0.00014729,0.01425971,2059.7112,129.29848530110064
10446,צומת גבעת מרדכי/בייט,ירושלים,ירושלים,31.767336,35.193158,23,0.000755,15,8,6.004e-05,0.01417919,4258.3053,27.86110516049402
5710,משטרה/שמעון דהאן,צפון,פריפריה,32.795598,35.525558,12,0.000394,5,7,0.00010435,0.01398017,2711.2668,112.22959186823934
4871,מחלף אליקים לצפון,צפון,חיפה,32.637507,35.066015,11,0.000361,7,4,4.148e-05,0.013912,4277.8207,214.74333930245575
18441,נוף הגליל/יציאה,צפון,פריפריה,32.727396,35.324081,8,0.000263,3,5,2.713e-05,0.01389051,3770.8174,96.09919469530837
8862,נהר הירקון/נהר הירדן,ירושלים,פריפריה,31.70735,35.0002,8,0.000263,6,2,9.186e-05,0.01381526,3446.0482,82.49301038544709
13178,חיל השריון/קיבוץ גלויות,מרכז,תל אביב,32.04815,34.78452,17,0.000558,14,3,0.00015399,0.01380621,4031.4721,143.55397366681936
4219,צומת פוריה,צפון,פריפריה,32.786112,35.494281,11,0.000361,5,6,4.517e-05,0.01378632,4020.5115,114.53545073393552
15233,מחלף נתניה,מרכז,תל אביב,32.323729,34.867107,18,0.000591,9,9,0.00010965,0.01373559,4042.6418,75.96792372000021
7197,מסוף חצור הגלילית/הורדה,צפון,פריפריה,32.980861,35.556525,13,0.000427,7,6,0.00014639,0.01363936,3471.0411,0.0
20534,ת.מרכזית עכו/דרך הארבעה,צפון,חיפה,32.926115,35.078693,13,0.000427,5,8,0.000118,0.01356217,2961.3046,148.95418932752258
13354,ת. רכבת תל אביב - סבידור/דרך נמיר,מרכז,תל אביב,32.083482,34.795008,31,0.001018,22,9,9.893e-05,0.01354952,4134.5011,0.0
18826,מסעף אחיהוד,צפון,חיפה,32.906283,35.168572,5,0.000164,1,4,2.025e-05,0.01345538,3709.6331,148.8624507032471
3668,צומת זבולון,צפון,חיפה,32.767722,35.102802,7,0.00023,2,5,1.841e-05,0.01335226,3537.6499,147.5729798777082
12299,מ''ד מעפילים/דאר,דרום,פריפריה,31.066705,35.034661,7,0.00023,2,5,8.391e-05,0.01332879,3366.5167,199.28919140405927
21589,מחלף מסובים,מרכז,תל אביב,32.038296,34.831105,25,0.000821,12,13,8.558e-05,0.01324254,4351.5786,148.36677808522967
27865,צומת ניר עם,דרום,פריפריה,31.517158,34.586272,10,0.000328,5,5,4.445e-05,0.01324242,3679.7568,74.83430079140405
5318,אולפנית/דרך מנחם בגין,צפון,פריפריה,32.799179,35.520149,9,0.000295,4,5,3.418e-05,0.01323732,3226.4194,101.07895412677938
27849,צומת גילת לדרום,דרום,באר שבע,31.33702,34.654274,16,0.000525,9,7,7.155e-05,0.01293353,3585.9275,142.5097995763942
36771,כביש 3855/שדרות יגאל אלון,ירושלים,פריפריה,31.752618,35.000727,14,0.00046,6,8,4.717e-05,0.01286838,4302.2402,86.23896928081676
10886,מסעף מבוא ביתר,ירושלים,ירושלים,31.719594,35.102603,11,0.000361,4,7,3.207e-05,0.01275694,3960.1354,212.3005582213284
21270,צומת גבעת אבני,צפון,פריפריה,32.780795,35.435202,9,0.000295,5,4,6.757e-05,0.01274739,3945.1778,99.780889913004
20224,מחלף ישי/כביש 77,צפון,חיפה,32.70871,35.157937,11,0.000361,6,5,3.257e-05,0.0126819,4108.5377,134.08161662710668
6462,צומת מנות עבדון,צפון,פריפריה,33.041738,35.14779,4,0.000131,2,2,3.491e-05,0.01262229,1920.8046,97.38577640166899
3521,מת''מ,צפון,חיפה,32.790385,34.96134,13,0.000427,10,3,0.00018811,0.01258235,3888.7582,110.35134373488168
27918,ת.מרכזית באר שבע/הורדה,דרום,באר שבע,31.243017,34.796138,14,0.00046,12,2,0.00017883,0.01248646,3845.7363,57.51667994565648
9658,שד' נווה יעקב/משה סנה,ירושלים,ירושלים,31.837381,35.230573,10,0.000328,8,2,5.578e-05,0.01235802,4135.3393,88.5549518961376
17796,מסעף מצובה,צפון,פריפריה,33.060441,35.150853,2,6.6e-05,1,1,1.613e-05,0.0123135,1800.6983,141.5575195377514
6589,מצובה/יציאה,צפון,פריפריה,33.061012,35.154035,3,9.8e-05,1,2,2.38e-05,0.01230985,1699.8024,303.25700949261693
3437,גרנד קניון/שמחה גולן,צפון,חיפה,32.789085,35.008567,15,0.000492,10,5,0.00014494,0.01206222,3556.2978,48.821600054291636
1569,צומת חריש לצפון,מרכז,פריפריה,32.472127,35.020284,10,0.000328,5,5,6.845e-05,0.01206155,3943.9004,128.75915945103574
18116,נשיאי ישראל/אילנות,צפון,פריפריה,32.920665,35.302521,11,0.000361,10,1,8.733e-05,0.01200855,3308.8236,114.0835013448232
28294,מסעף דימונה/פרץ סנטר,דרום,פריפריה,31.062378,35.0192,14,0.00046,5,9,5.823e-05,0.01197414,4098.9417,68.38633406283117
35694,מחלף שעריה למערב,מרכז,תל אביב,32.067954,34.902997,14,0.00046,10,4,5.409e-05,0.01191261,4350.8271,20.331088784906086
21851,מסעף יסודות,מרכז,פריפריה,31.809807,34.859725,19,0.000624,10,9,0.00010414,0.01174136,4383.0377,147.28836389798568
8750,אצטדיון טדי/א''ס ביתר,ירושלים,ירושלים,31.751345,35.188474,27,0.000886,14,13,0.0001109,0.011691,4061.4275,82.6837337123386
11289,הראל/יסמין,ירושלים,ירושלים,31.799962,35.148045,10,0.000328,6,4,4.496e-05,0.01163447,4161.0211,43.17542641571782
27522,מלכי ישראל/יציאה צפונית,מרכז,פריפריה,31.619029,34.767723,18,0.000591,6,12,0.00011464,0.01155028,4129.1473,112.67113464574612
29342,מחלף גבעת שמואל/מבצע קדש,מרכז,תל אביב,32.075497,34.844626,19,0.000624,17,2,0.00010146,0.01140991,4317.8803,125.84873060239246
4171,צומת אבליים,צפון,חיפה,32.824051,35.153035,7,0.00023,4,3,1.708e-05,0.01135747,3196.0714,135.0531602007505
1249,הסתדרות/צומת קרית אתא,צפון,חיפה,32.810104,35.06881,11,0.000361,7,4,6.239e-05,0.01131138,3581.3593,58.321928529953105
10716,צומת רמות/גולדה,ירושלים,ירושלים,31.808253,35.204001,40,0.001313,17,23,0.00019086,0.0112478,4244.4672,36.94180178528192
20958,מחלף אל-משארף,צפון,פריפריה,32.727838,35.284564,4,0.000131,2,2,3.527e-05,0.01123229,3631.7512,81.3923780925657
3959,חסן שוקרי/הנביאים,צפון,חיפה,32.814442,34.997827,6,0.000197,4,2,3.543e-05,0.01115601,3398.8822,10.819860362387455
4185,צומת שש/חלפתא,צפון,פריפריה,32.922476,35.417409,5,0.000164,3,2,7.16e-05,0.01103613,3654.7955,120.4087791792616
11081,מחלף הרטוב,ירושלים,פריפריה,31.767124,34.99773,18,0.000591,5,13,9.255e-05,0.01099938,4439.0364,26.594120338790844
21778,מחלף גדרה/נתיב תחבורה ציבורית,מרכז,פריפריה,31.805834,34.765216,10,0.000328,5,5,5.458e-05,0.01089696,4213.3949,41.617076529248294
44138,כיכר אל-משארף,צפון,פריפריה,32.725344,35.284684,3,9.8e-05,2,1,1.923e-05,0.01085741,3215.0583,94.02655395958405
19672,צומת פוריה,צפון,פריפריה,32.785352,35.495108,8,0.000263,6,2,2.039e-05,0.01080038,3956.5471,108.33955361162077
17790,מסעף מצובה,צפון,פריפריה,33.061701,35.150636,2,6.6e-05,1,1,1.437e-05,0.01078356,1609.5669,141.5575195377514
11161,מחלף שורש,ירושלים,ירושלים,31.800293,35.077409,15,0.000492,12,3,0.00011791,0.01078037,4333.6121,149.0844797368096
6463,צומת חניתה,צפון,פריפריה,33.070943,35.152072,4,0.000131,2,2,7.004e-05,0.01077262,1533.6926,81.60953177356542
4678,מכללת עמק יזרעאל,צפון,פריפריה,32.652404,35.291738,5,0.000164,2,3,7.661e-05,0.01072387,3700.5408,47.67505488652761
47827,ת. מרכזית נהריה/רציפים,צפון,פריפריה,33.005504,35.097344,4,0.000131,1,3,4.766e-05,0.01068587,2690.7865,0.0
16582,פארק סיבל/יציאה לכביש 5,מרכז,תל אביב,32.108854,34.961605,15,0.000492,5,10,5.807e-05,0.01056413,3697.3831,121.52640719703085
10775,גשר המיתרים/שד' הרצל,ירושלים,ירושלים,31.787162,35.199533,37,0.001215,24,13,0.00017693,0.01055441,4350.364,23.596605571117856
4717,מחלף איכסאל,צפון,פריפריה,32.674089,35.290932,6,0.000197,4,2,4.285e-05,0.01053669,3280.4513,102.75496498299995
33943,ת. רכבת משה דיין,מרכז,תל אביב,31.987208,34.757307,10,0.000328,7,3,5.806e-05,0.01051024,3556.201,31.46943616987421
16147,מסעף גן יבנה,מרכז,פריפריה,31.783772,34.672409,16,0.000525,10,6,0.00012087,0.010469,4077.7691,195.82424796602658
25941,צומת ברכיה,מרכז,פריפריה,31.666503,34.606749,9,0.000295,4,5,0.00010803,0.01041189,3693.1282,127.03121702694364
18022,צומת תפן,צפון,פריפריה,33.00611,35.283395,11,0.000361,6,5,8.829e-05,0.0102151,2407.3556,116.59196332556259
42877,ת. רכבת תל אביב - סבידור/הורדה,מרכז,תל אביב,32.082845,34.796638,15,0.000492,15,0,3.742e-05,0.010084,4395.2822,62.28052967212912
37465,אצטדיון עירוני/בר כוכבא,צפון,פריפריה,32.798237,35.520343,9,0.000295,4,5,2.211e-05,0.01004591,2916.5084,19.233922713904683
25549,בני ברית/הפלמח,מרכז,פריפריה,31.805193,34.661045,8,0.000263,2,6,5.936e-05,0.00998483,3825.0538,121.72693869924687
11160,מחלף שורש,ירושלים,ירושלים,31.800861,35.07598,13,0.000427,2,11,3.215e-05,0.00994443,4321.6191,149.0844797368096
27945,הרצל/קיבוץ גלויות,דרום,באר שבע,31.320462,34.619915,13,0.000427,6,7,7.342e-05,0.00991364,3244.0735,39.19938829390949
780,צומת בארותיים לדרום,מרכז,פריפריה,32.311386,34.984668,5,0.000164,2,3,2.844e-05,0.00983836,3520.7255,174.53818849269018
17629,שד. הנשיא בן צבי/הגלעד,צפון,פריפריה,33.005523,35.101838,9,0.000295,6,3,0.00011971,0.00980916,2354.6516,111.65184426386415
4869,צומת אומן,צפון,פריפריה,32.574384,35.248993,6,0.000197,2,4,4.551e-05,0.00979861,3755.7161,126.3929345214544
4542,שד' צבי אלדרוטי/רמת יזרעאל,צפון,פריפריה,32.673445,35.239656,8,0.000263,5,3,4.495e-05,0.0097909,4096.6944,74.51066977073175
4221,צומת פוריה,צפון,פריפריה,32.786068,35.495894,4,0.000131,2,2,4.821e-05,0.00967854,3455.1613,108.33955361162077
40136,שדרות הערים התאומות/ליאו פיקרד,דרום,באר שבע,31.278123,34.799092,5,0.000164,3,2,4.272e-05,0.00965147,3671.4238,67.13987705057957
5706,שדרות מנחם בגין/ספיר,צפון,פריפריה,32.790783,35.516611,5,0.000164,3,2,8.178e-05,0.00961964,3096.7712,99.9327839288318
16186,ת. רכבת ראשונים,מרכז,תל אביב,31.948274,34.801453,13,0.000427,9,4,5.337e-05,0.00961218,4025.5551,114.54435264618475
4884,צומת חבר,צפון,פריפריה,32.56738,35.259548,3,9.8e-05,2,1,2.905e-05,0.00960405,3303.0233,87.75142386729598
26654,מרכז אורן/יצחק רגר,דרום,באר שבע,31.271125,34.797919,15,0.000492,11,4,0.00012203,0.00958973,4138.2733,103.41116485359467
27581,אזור תעשיה שדרות,דרום,פריפריה,31.524455,34.604409,8,0.000263,5,3,0.00010384,0.00953605,3279.2814,23.07331697863419
43374,המשנה,מרכז,פריפריה,31.780039,34.660266,15,0.000492,10,5,0.00015218,0.00948846,3987.5275,104.44613548798492
42415,תחנת התרעננות/פונדק עין יהב,דרום,פריפריה,30.620758,35.194215,5,0.000164,3,2,4.789e-05,0.00948545,3797.9569,272.0316406095842
14600,ת. מרכזית יבנה,מרכז,תל אביב,31.890228,34.731686,22,0.000722,15,7,7.251e-05,0.00944036,4083.1071,55.131119353762564
5267,הגליל/הקישון,צפון,פריפריה,32.785308,35.540584,9,0.000295,5,4,3.391e-05,0.00940853,2491.3966,88.96845690209781
13320,קניון עזריאלי/דרך מנחם בגין,מרכז,תל אביב,32.074453,34.791116,24,0.000788,17,7,8.964e-05,0.00936907,4275.6593,52.45486812607475
27704,צומת רנן,דרום,באר שבע,31.318065,34.606079,3,9.8e-05,1,2,4.444e-05,0.00936186,2901.0933,149.07959209192185
4885,צומת יזרעאל,צפון,פריפריה,32.558358,35.316841,4,0.000131,2,2,1.402e-05,0.00935399,2961.9937,97.26023866627827
39830,דרך ארץ/אשל,מרכז,פריפריה,32.470312,35.039346,10,0.000328,6,4,6.756e-05,0.00933258,3704.8289,110.24294653589125
27809,צומת פלוגות לצפון,מרכז,פריפריה,31.626417,34.758679,13,0.000427,7,6,4.464e-05,0.00932513,4104.0062,142.89899437265146
27712,קרית חינוך מרחבים,דרום,באר שבע,31.316592,34.596751,2,6.6e-05,1,1,4.218e-05,0.00932438,2628.7335,108.19925477266929
22817,בי''ח וולפסון,מרכז,תל אביב,32.036636,34.761227,7,0.00023,2,5,2.985e-05,0.00930198,3165.9592,86.04933492460862
27710,צומת מסלול,דרום,באר שבע,31.315705,34.590747,2,6.6e-05,1,1,4.338e-05,0.00929175,2408.6465,113.35396522215969
27706,צומת פטיש,דרום,באר שבע,31.316996,34.558968,4,0.000131,2,2,5.241e-05,0.00926105,2227.3737,137.27909791137546
18829,מסעף אחיהוד,צפון,חיפה,32.907594,35.168249,6,0.000197,4,2,4.476e-05,0.00921414,3708.2645,148.8624507032471
25940,צומת אשקלון,מרכז,פריפריה,31.659233,34.60346,12,0.000394,8,4,8.326e-05,0.00919148,3523.9873,138.4193110977848
27680,צומת מחנה אורים/כביש 241,דרום,באר שבע,31.31784,34.542528,3,9.8e-05,2,1,4.038e-05,0.00916789,2071.7374,63.71772518531942
20370,צומת כפר תבור,צפון,פריפריה,32.690638,35.418975,9,0.000295,4,5,5.09e-05,0.00914221,3696.8966,87.71859345626909
20792,מירון מרכז,צפון,פריפריה,32.984122,35.441198,12,0.000394,8,4,2.245e-05,0.00911644,3930.9077,200.41159741612177
21799,צומת בית דגן,מרכז,תל אביב,32.000365,34.821606,15,0.000492,9,6,4.448e-05,0.00906078,4118.9687,130.80535277099662
19576,צומת אבליים,צפון,חיפה,32.825162,35.152451,11,0.000361,7,4,4.466e-05,0.00901414,3479.7467,135.0531602007505
41048,תחנת רכבת עפולה/יואש דובנוב,צפון,פריפריה,32.619774,35.295163,10,0.000328,5,5,6.981e-05,0.00899771,3717.2686,198.7975260996163
34650,צומת אריאל,מרכז,פריפריה,32.108142,35.165317,9,0.000295,5,4,9.239e-05,0.00894403,3699.7755,25.73080433277064
5165,פארק העמק,צפון,פריפריה,32.619971,35.310682,7,0.00023,5,2,9.406e-05,0.00891135,3309.7999,155.68244960154297
16945,צומת פוריידיס,צפון,חיפה,32.593044,34.947607,7,0.00023,6,1,6.206e-05,0.00890819,3769.0137,109.04967584692119
27876,צומת יד מרדכי,מרכז,פריפריה,31.588885,34.563847,9,0.000295,3,6,4.841e-05,0.00888771,3323.3444,101.52238140864353
17684,שדרות הנשיא בן צבי/הנגב,צפון,פריפריה,33.005629,35.105499,7,0.00023,4,3,6.441e-05,0.00887755,2348.7019,123.07216012397171
757,נווה ימין/מזרח,מרכז,תל אביב,32.176573,34.938396,10,0.000328,3,7,4.57e-05,0.00884473,3394.0059,265.19696804336417
42433,חרוד/כורש,צפון,פריפריה,32.606599,35.300597,6,0.000197,2,4,3.276e-05,0.00883713,2966.8614,29.309985581450494
5276,בית ספר אזורי בית ירח,צפון,פריפריה,32.712392,35.57295,10,0.000328,5,5,4.677e-05,0.00878738,2303.7294,39.85518695130155
13356,דרך קיבוץ גלויות/כביש 1,מרכז,תל אביב,32.046861,34.784605,20,0.000657,8,12,3.26e-05,0.00873848,4283.491,84.98954734777388
22234,צומת אודים,מרכז,תל אביב,32.269538,34.846971,10,0.000328,4,6,3.04e-05,0.00872853,4163.0326,93.76514753637576
24535,מרכז הוד השרון/דרך רמתיים,מרכז,תל אביב,32.154639,34.894508,14,0.00046,7,7,0.00010191,0.00872236,3726.1716,42.54806619332596
599,ת. מרכזית נתניה/הורדה,מרכז,תל אביב,32.327128,34.85839,10,0.000328,7,3,9.332e-05,0.00871019,3893.8819,30.562655410126006
4187,צומת חנניה,צפון,פריפריה,32.917731,35.416999,3,9.8e-05,2,1,5.366e-05,0.00867035,3230.284,109.25745249367198
28614,ת.מרכזית אשקלון/הורדה,מרכז,פריפריה,31.663834,34.565989,10,0.000328,7,3,9.926e-05,0.00864556,3014.8807,22.90635040739918
16087,מסעף גן יבנה,מרכז,פריפריה,31.784729,34.674167,13,0.000427,4,9,5.494e-05,0.00863891,4078.4117,197.31941786704374
10844,שדרות נהר הירקון/נחל לוז,ירושלים,פריפריה,31.708531,34.995046,6,0.000197,2,4,6.36e-05,0.00860633,3074.2144,56.975774884237715
19885,מסעף ענבר,צפון,פריפריה,32.903668,35.41274,3,9.8e-05,1,2,4.908e-05,0.00859952,2905.6244,23.407991717239955
25948,צומת עד הלום,מרכז,פריפריה,31.767495,34.667652,11,0.000361,4,7,0.00011538,0.00858092,3971.5349,179.70824418530464
28728,צומת ערערה בנגב,דרום,באר שבע,31.149654,34.984734,8,0.000263,4,4,3.041e-05,0.00856033,3490.522,115.01100209317086
4186,מחווה אלון,צפון,פריפריה,32.900194,35.415088,4,0.000131,3,1,5.156e-05,0.00854361,2649.9216,76.58432760618192
23534,מחלף בית רבן למערב,מרכז,תל אביב,31.82164,34.730096,19,0.000624,6,13,9.103e-05,0.00853863,4199.1421,241.61123868775036
12408,פרץ סנטר /כביש 25,דרום,פריפריה,31.061575,35.020321,10,0.000328,8,2,8.782e-05,0.00849763,4155.2364,99.40867511994249
42400,מסוף חצור הגלילית/הורדה,צפון,פריפריה,32.980861,35.556525,4,0.000131,2,2,3.932e-05,0.00849423,3457.1468,0.0
18825,צומת אחיהוד,צפון,חיפה,32.911137,35.16656,7,0.00023,5,2,1.749e-05,0.00849266,3418.0755,107.34259874622124
21588,מחלף גנות/כביש 4,מרכז,תל אביב,32.022045,34.82412,18,0.000591,14,4,8.092e-05,0.00847483,4325.3456,58.0075423393952
2693,כיכר הציונות,צפון,חיפה,32.711667,35.124503,11,0.000361,3,8,3.883e-05,0.00845601,3077.5694,47.95933646118825
26579,צומת רהט דרום,דרום,באר שבע,31.382507,34.720313,3,9.8e-05,2,1,2.079e-05,0.00835977,2858.4548,138.7149215658347
12405,שד.הרצל/משעול איריס,דרום,באר שבע,31.312614,34.621553,5,0.000164,1,4,5.875e-05,0.00834795,3268.1466,75.0735423737534
1906,האצ''ל,צפון,חיפה,32.811867,34.956389,6,0.000197,4,2,4.248e-05,0.00833439,3038.2503,68.28052302761171
37077,חממות דרום,דרום,באר שבע,31.378507,34.73199,3,9.8e-05,1,2,3.302e-05,0.00832229,2605.4729,23.895676232528377
4222,מחלף גולני/לכיוון צפון,צפון,פריפריה,32.772886,35.407323,9,0.000295,5,4,3.977e-05,0.00831873,4038.3815,84.66739567166267
4122,צומת כרכור,מרכז,פריפריה,32.4654,34.994606,7,0.00023,3,4,5.744e-05,0.0082833,3905.9756,105.2283423893415
49812,ת. מרכזית אילת,דרום,פריפריה,29.557507,34.95336,12,0.000394,9,3,0.00011262,0.00827896,3355.0895,38.48041661494973
4727,מסעף גבע,צפון,פריפריה,32.557777,35.366428,4,0.000131,2,2,7.381e-05,0.00821909,2480.695,120.24429799769752
41639,ת. רכבת כרמיאל,צפון,פריפריה,32.923845,35.29746,14,0.00046,9,5,0.00011961,0.00820882,3321.6538,0.0
12780,חממות,דרום,באר שבע,31.383734,34.732549,5,0.000164,3,2,8.768e-05,0.0082005,2402.698,25.539299438801535
27583,ספרייה ציבורית/יצחק שמיר,דרום,פריפריה,31.526812,34.600979,6,0.000197,3,3,0.00010495,0.00812894,3005.0488,25.06443731849145
10818,צומת האלה,מרכז,פריפריה,31.686561,34.946639,10,0.000328,6,4,4.792e-05,0.00811805,3928.4044,87.85221092072047
21148,נוף הגליל/כניסה צפונית,צפון,פריפריה,32.726987,35.324986,6,0.000197,4,2,3.226e-05,0.0081165,3740.3165,89.77712711450782
4890,צומת יששכר,צפון,פריפריה,32.555146,35.382336,3,9.8e-05,2,1,6.976e-05,0.00811315,2287.609,92.27728928130341
13429,ת. רכבת צומת חולון,מרכז,תל אביב,32.037191,34.778231,8,0.000263,6,2,6.129e-05,0.00809953,3687.0286,52.21212277487777
28536,ימ''ח משמר הנגב,דרום,באר שבע,31.34125,34.704242,2,6.6e-05,1,1,9.1e-06,0.00807269,3554.5407,138.73525974486498
1641,צומת אור עקיבא לדרום,צפון,פריפריה,32.500294,34.927745,7,0.00023,4,3,5.812e-05,0.00804873,3456.2635,132.4693550289379
49714,צומת קיבוץ משמר הנגב/כניסה,דרום,באר שבע,31.369044,34.713547,3,9.8e-05,2,1,3.072e-05,0.00804054,3154.0263,110.8315947496559
18103,צומת כרמיאל,צפון,פריפריה,32.924556,35.300256,11,0.000361,6,5,3.13e-05,0.00801887,3181.2238,146.16298033543382
6877,מחלף אליקים/כביש 672 למערב,צפון,חיפה,32.636889,35.063626,6,0.000197,2,4,2.544e-05,0.00799561,3731.7732,136.0087840652125
1909,אצל/הרותם,צפון,חיפה,32.813612,34.959153,4,0.000131,2,2,3.569e-05,0.00799216,2745.8918,75.20970951207408
25968,אלי כהן/יצחק בן צבי,מרכז,פריפריה,31.668214,34.572132,12,0.000394,6,6,3.886e-05,0.00798122,2816.7831,121.39894353605915
9553,גשר המיתרים/שד' הרצל,ירושלים,ירושלים,31.787322,35.199369,22,0.000722,7,15,0.00010314,0.00795536,4297.0172,23.596605571117856
20384,צומת יזרעאל,צפון,פריפריה,32.557501,35.322285,4,0.000131,2,2,3.626e-05,0.00795088,2692.4915,327.71186720112786
768,צומת קלנסאווה,מרכז,תל אביב,32.288955,34.985955,5,0.000164,3,2,8.67e-06,0.00793078,3141.5117,135.1208624217394
24928,מסוף רעננה/דרך השרון,מרכז,תל אביב,32.175756,34.890738,15,0.000492,9,6,8.741e-05,0.0078958,3973.2697,48.984710654755375
49800,מסוף מודיעין עילית/הורדה,מרכז,תל אביב,31.936203,35.037062,13,0.000427,12,1,2.411e-05,0.00788812,4273.5768,37.35867420136604
41784,ת. רכבת כרמיאל/רציפים,צפון,פריפריה,32.923794,35.29835,10,0.000328,4,6,1.425e-05,0.00787739,3318.6098,0.0
3731,העירייה,צפון,חיפה,32.812464,34.997602,13,0.000427,9,4,0.00015453,0.00786309,3128.0718,53.296354539987135
22527,שדרות וייצמן/עקיבא,מרכז,תל אביב,32.191298,34.884583,8,0.000263,4,4,3.801e-05,0.00785806,3593.0211,100.1230957022435
4801,מסעף שדמות דבורה,צפון,פריפריה,32.698602,35.430617,4,0.000131,2,2,2.861e-05,0.00779763,3354.0038,121.05336145793987
3897,קריית אליעזר,צפון,חיפה,32.828995,34.980618,7,0.00023,3,4,2.698e-05,0.00777563,2823.6351,137.32887205558592
41662,כביש 38/כביש 3855,ירושלים,פריפריה,31.76127,34.989123,12,0.000394,6,6,6.126e-05,0.00776981,4229.2906,112.37521719743994
28881,שדרות הרצל/החיד''א,דרום,באר שבע,31.310443,34.621269,5,0.000164,4,1,6.267e-05,0.00775282,2928.2899,132.98347386878413
3265,צומת כפר חסידים/כביש 762,צפון,חיפה,32.761556,35.089118,7,0.00023,5,2,3.766e-05,0.0077488,3970.2292,109.45307788524457
39721,העליה/מגן דוד,דרום,פריפריה,31.528012,34.59925,2,6.6e-05,1,1,1.867e-05,0.00771377,2712.0369,49.278884393565754
38305,צומת זמר,מרכז,פריפריה,32.36005,35.029495,4,0.000131,1,3,3.401e-05,0.00768782,2830.5548,17.012326365966526
25688,צומת עד הלום/כביש 4,מרכז,פריפריה,31.765906,34.667305,7,0.00023,4,3,6.708e-05,0.00766703,4032.8511,179.70824418530464
4750,מסעף כפר כמא מערב,צפון,פריפריה,32.717518,35.438137,4,0.000131,2,2,3.595e-05,0.00760652,2993.0393,108.26983178606868
27684,צומת קיבוץ אורים לצפון,דרום,פריפריה,31.308485,34.530245,5,0.000164,2,3,3.486e-05,0.00758966,1940.2079,82.06380503228229
27899,מחלף עידן הנגב לדרום,דרום,באר שבע,31.371602,34.792349,9,0.000295,5,4,9.008e-05,0.00758939,4005.5845,148.63893410137354
2836,גרנד קניון/רופין,צפון,חיפה,32.789683,35.003258,8,0.000263,3,5,5.616e-05,0.00756766,3308.9863,102.20207617677849
3894,מרכז רפואי לין/רוטשילד,צפון,חיפה,32.825496,34.983761,9,0.000295,3,6,6.664e-05,0.00756267,3090.0948,98.03484553631141
10236,שערי ירושלים/ליפתא,ירושלים,ירושלים,31.790818,35.197613,24,0.000788,14,10,8.167e-05,0.00753651,4317.9885,52.90452408156548
20171,צומת עמיעד,צפון,פריפריה,32.913386,35.542509,5,0.000164,2,3,5.361e-05,0.00753451,3711.0115,144.3203998297929
14165,סינמה סיטי/כביש 2,מרכז,תל אביב,32.148067,34.803856,12,0.000394,5,7,4.049e-05,0.00752817,4001.5815,67.82371707440223
23543,יסודות/מזכירות,מרכז,פריפריה,31.815141,34.864194,19,0.000624,11,8,4.075e-05,0.00749701,4430.2343,593.6427696379184
43294,אד' קוץ/אלפרדו דבלין,מרכז,תל אביב,32.037461,34.757416,4,0.000131,2,2,5.467e-05,0.00748942,2838.342,197.3982063665838
20219,מסעף גדידה,צפון,חיפה,32.922271,35.159143,6,0.000197,3,3,6.306e-05,0.00748837,3143.2625,486.9281044131009
4803,מסעף שרונה,צפון,פריפריה,32.716327,35.46489,4,0.000131,2,2,3.417e-05,0.007467,2707.9686,114.21886936891461
19992,מסעף להבות הבשן,צפון,פריפריה,33.140056,35.644011,7,0.00023,2,5,5.168e-05,0.00741335,1725.9111,90.43876376645083
19931,מסעף עמיר,צפון,פריפריה,33.180513,35.623718,5,0.000164,2,3,3.97e-05,0.0074093,1823.3433,97.08974264870562
27870,צומת שדרות דרום,דרום,פריפריה,31.516088,34.586234,9,0.000295,5,4,4.157e-05,0.00738213,3545.3968,28.73428734733355
19849,כניסה מזרחית,צפון,חיפה,32.829096,35.18136,8,0.000263,4,4,2.606e-05,0.00737457,2884.157,29.77358619457652
4870,מחלף אליקים לדרום,צפון,חיפה,32.635796,35.064278,9,0.000295,4,5,6.013e-05,0.0073718,4103.781,136.0087840652125
727,פארק סיבל/יציאה מכביש 5,מרכז,תל אביב,32.10624,34.961352,11,0.000361,7,4,3.585e-05,0.00735606,3838.7424,110.62289161056553
1372,צומת גרנות/גן שמואל,מרכז,פריפריה,32.447713,34.957584,11,0.000361,6,5,6.597e-05,0.00727528,3654.4293,162.57095505882594
21788,בן גוריון/לבון,מרכז,תל אביב,32.278581,34.849664,7,0.00023,4,3,6.96e-06,0.00727493,3965.3235,108.85332241583227
34346,צומת אלפי מנשה,מרכז,תל אביב,32.176884,34.980582,5,0.000164,4,1,2.234e-05,0.00726606,3794.0752,78.88130834995816
19494,תל חי/הגלעד,צפון,פריפריה,33.217544,35.570756,10,0.000328,6,4,9.01e-05,0.00725918,2232.0679,178.76045130452067
20535,מחלף אזור תעשיה ציפורית,צפון,פריפריה,32.765644,35.31998,3,9.8e-05,1,2,2.863e-05,0.00725228,2929.5797,175.3802756938566
1365,צומת גרנות/גן שמואל,מרכז,פריפריה,32.447577,34.955859,9,0.000295,3,6,0.0001098,0.0072156,3631.3766,162.57095505882594
11534,הראל/יצחק נסים,ירושלים,ירושלים,31.804288,35.150668,10,0.000328,8,2,7.919e-05,0.00719286,3597.2339,110.45291481208146
27595,שדרות הרצל,דרום,באר שבע,31.307741,34.620138,5,0.000164,3,2,5.015e-05,0.00718824,2658.8314,27.90120493721016
2090,טרומפלדור/מרכז זיו,צפון,חיפה,32.783433,35.01514,12,0.000394,10,2,0.00014027,0.00718603,4001.6292,21.190243253849037
35286,קניון ראשונים/שדרות נים,מרכז,תל אביב,31.949172,34.805243,15,0.000492,8,7,3.058e-05,0.00717523,4131.2788,56.559393657496464
48342,מסוף רעננה/רציפים,מרכז,תל אביב,32.175565,34.890269,10,0.000328,5,5,2.418e-05,0.00716596,3820.0233,0.0
4726,מסעף גבע,צפון,פריפריה,32.557773,35.367711,4,0.000131,2,2,2.586e-05,0.0071634,2371.7648,85.26194399018273
2091,טרומפלדור/מרכז זיו,צפון,חיפה,32.78356,35.014971,9,0.000295,1,8,0.00011396,0.00715527,4168.8179,21.190243253849037
27794,צומת ברכיה,מרכז,פריפריה,31.665614,34.607592,10,0.000328,4,6,3.648e-05,0.0071483,3710.9899,106.4895411248081
26170,בני ברית,מרכז,פריפריה,31.786142,34.647017,8,0.000263,5,3,3.661e-05,0.00713195,3260.9678,128.33861012311013
11496,שמואל מאיר/יצחק נסים,ירושלים,ירושלים,31.726916,35.224027,6,0.000197,2,4,5.763e-05,0.00711877,3338.3862,12.615316599829946
8733,אצטדיון טדי/א''ס ביתר,ירושלים,ירושלים,31.751193,35.18933,20,0.000657,9,11,0.00013466,0.00708781,4015.115,82.6837337123386
27657,צומת דורות למזרח,דרום,פריפריה,31.529039,34.611013,5,0.000164,2,3,8.65e-06,0.00708585,3665.4681,101.32955752279183
15177,צומת ניצני עוז,מרכז,פריפריה,32.31182,34.999902,4,0.000131,1,3,9.86e-06,0.00708349,3720.8647,112.4104310803625
6708,מסעף טל אל,צפון,חיפה,32.931543,35.160755,4,0.000131,2,2,7.446e-05,0.00706084,2833.2516,105.49049832539218
18893,צומת ערב אל היב,צפון,פריפריה,32.767595,35.310158,5,0.000164,3,2,7.712e-05,0.00705484,3250.5919,64.59244576428235
44424,צומת נס הרים,ירושלים,ירושלים,31.732844,35.075929,6,0.000197,3,3,2.33e-05,0.00704693,3521.3356,108.13868959585481
2500,צומת קרית חיים,צפון,חיפה,32.817155,35.076678,6,0.000197,3,3,0.00010375,0.00701261,3424.7491,61.183304313837276
47884,בית העלמין החדש,דרום,באר שבע,31.241834,34.751009,4,0.000131,2,2,2.756e-05,0.00701165,2055.9801,40.214393908903524
13946,ת. רכבת האוניברסיטה/שד' רוקח,מרכז,תל אביב,32.102783,34.80697,15,0.000492,12,3,4.705e-05,0.00701163,3718.5831,157.8266382775376
15746,שד. ירושלים/שד. הסנהדרין,מרכז,תל אביב,31.887569,34.733548,8,0.000263,6,2,7.355e-05,0.00696911,3607.0035,74.73641019710976
29402,צומת הרצליה,מרכז,תל אביב,32.165855,34.813911,15,0.000492,4,11,3.891e-05,0.00696005,3961.9459,169.29387255977824
6707,צומת ירכא/ג'וליס,צפון,חיפה,32.941041,35.163446,6,0.000197,4,2,6.638e-05,0.00695654,2590.3561,104.74259512865348
4894,צומת מגידו,צפון,פריפריה,32.573021,35.192736,13,0.000427,8,5,7.769e-05,0.0069383,3787.9246,114.36995422669051
35287,קניון ראשונים/שדרות נים,מרכז,תל אביב,31.949262,34.804653,15,0.000492,8,7,3.982e-05,0.00692537,4084.4741,56.559393657496464
1495,צומת כרכור,מרכז,פריפריה,32.46454,34.993136,9,0.000295,6,3,0.00011828,0.0069201,3833.9811,117.32991481234876
18024,צומת תפן,צפון,פריפריה,33.005062,35.283435,8,0.000263,3,5,2.388e-05,0.00689189,2390.8739,56.391890584203466
5114,קיבוץ מרחביה,צפון,פריפריה,32.606804,35.306533,2,6.6e-05,1,1,1.132e-05,0.00689,2680.9181,110.73660042174652
44025,מירון שער כחול,צפון,פריפריה,32.985867,35.442657,9,0.000295,3,6,1.315e-05,0.0068814,3935.3656,126.19175534214396
37041,בית כנסת/מרחביה,צפון,פריפריה,32.603484,35.315918,2,6.6e-05,1,1,1.411e-05,0.00685737,2449.9909,47.08209341964621
34494,מוריה/שד. ירושלים,מרכז,פריפריה,32.102172,35.208233,11,0.000361,7,5,6.211e-05,0.0068287,3285.8279,114.41699791284007
35815,חלוצי התעשייה,צפון,חיפה,32.815384,35.06149,4,0.000131,1,3,3.758e-05,0.00682527,3172.8028,20.126145603402932
40543,כביש 6353 מערב/דרך ארץ,מרכז,פריפריה,32.472157,35.040088,6,0.000197,3,3,5.83e-05,0.0068134,4177.6596,137.95420120329248
26427,דרך הטייסים/דרך הנביאים,דרום,באר שבע,31.305839,34.62233,7,0.00023,5,2,3.358e-05,0.00681071,2437.5449,95.43677698267169
540,פרופסור אלברט איינשטיין/פרופסור שור,מרכז,תל אביב,32.340353,34.870635,7,0.00023,3,4,4.794e-05,0.00679858,3743.2869,55.7771682419435
12247,יהודה/תחנה מרכזית,דרום,פריפריה,31.256153,35.21114,12,0.000394,7,5,0.00011365,0.0067903,3493.6753,29.327978413986806
16937,פוריידיס/כביש 4 לדרום,צפון,חיפה,32.595734,34.949146,4,0.000131,2,2,7.088e-05,0.00678034,3642.5779,147.28409581667412
43054,צומת ישי/כביש 77,צפון,חיפה,32.707873,35.153331,7,0.00023,3,4,4.473e-05,0.00675338,4094.5119,98.34251643459842
4790,דרך גולני/קוממיות,צפון,פריפריה,32.629757,35.327759,10,0.000328,3,7,2.919e-05,0.00674813,3591.2032,118.23505207590306
38936,קניון עזריאלי/כביש 20,מרכז,תל אביב,32.072545,34.792553,8,0.000263,2,6,1.576e-05,0.00669875,4097.901,80.00486239622695
15834,צומת סירקין/כביש 40,מרכז,תל אביב,32.081557,34.902558,8,0.000263,4,4,3.594e-05,0.0066932,3782.275,134.20817535308393
27823,שדרות דוד טוביהו/שאול המלך,דרום,באר שבע,31.253387,34.765468,4,0.000131,2,2,4.403e-05,0.00667753,2842.9471,114.36988950764844
25404,מחלף גדרה למערב,מרכז,פריפריה,31.805818,34.764776,11,0.000361,8,3,5.711e-05,0.00666546,4023.4902,41.617076529248294
11080,מחלף הרטוב,ירושלים,פריפריה,31.767298,34.997537,18,0.000591,10,8,8.723e-05,0.00665324,4399.2856,26.594120338790844
4877,צומת הסרגל,צפון,פריפריה,32.590567,35.240351,4,0.000131,2,2,8.27e-06,0.00664901,3410.8916,100.94119500327822
40099,הגאונים/הרב יחיא קפאח,דרום,באר שבע,31.252851,34.761301,3,9.8e-05,1,2,1.907e-05,0.00663847,2583.4014,69.6947933842639
48481,שדרות שז''ר/בנייני האומה,ירושלים,ירושלים,31.787719,35.202632,16,0.000525,7,9,3.537e-05,0.0066208,4213.906,19.136967675731302
1800,צומת קרית טבעון/האלונים,צפון,חיפה,32.712736,35.125069,5,0.000164,1,4,3.932e-05,0.00661258,3360.47,35.96807889316028
18830,מסעף יסעור,צפון,חיפה,32.899631,35.170453,3,9.8e-05,1,2,1.968e-05,0.0066096,3270.6153,110.14248618939898
44261,זכריה הנביא/שדרות האמוראים,ירושלים,פריפריה,31.703301,34.975458,6,0.000197,2,4,3.786e-05,0.00660576,3437.2264,37.283281437564206
27854,צומת תפרח,דרום,באר שבע,31.3321,34.675606,6,0.000197,4,2,5.44e-05,0.00659618,3622.0194,84.21852451570264
12963,גשר בר אילן/כביש 4,מרכז,תל אביב,32.067809,34.83984,16,0.000525,1,15,4.486e-05,0.00659336,4378.0868,110.65664650954133
24467,בית משפט/טשרניחובסקי,מרכז,תל אביב,32.175709,34.891979,16,0.000525,13,3,8.191e-05,0.00659266,3806.1941,116.91664946676917
21786,צומת כפר סבא רעננה צפון,מרכז,תל אביב,32.192382,34.888841,12,0.000394,6,6,4.372e-05,0.00657359,3730.888,180.19762100642694
1849,ההגנה/רוטנברג,צפון,חיפה,32.785647,34.962823,5,0.000164,2,3,9.639e-05,0.00656864,3437.1993,118.96707544700733
27805,צומת אבן שמואל,מרכז,פריפריה,31.573779,34.759109,12,0.000394,6,6,6.341e-05,0.0065658,4063.6052,87.26429824014433
4868,צומת אומן,צפון,פריפריה,32.573317,35.249458,3,9.8e-05,1,2,9.45e-06,0.00656476,3040.7771,123.91067777004118
7559,שדרות בית הלל/ יציאה מהעיר,מרכז,תל אביב,31.936611,35.037296,19,0.000624,8,11,8.033e-05,0.00651458,4159.6814,49.10377334178256
4889,צומת יששכר,צפון,פריפריה,32.554565,35.383346,3,9.8e-05,2,1,3.625e-05,0.00647278,2194.9392,103.40876230695451
40159,הגאונים/משה וילנסקי,דרום,באר שבע,31.247459,34.761513,3,9.8e-05,2,1,1.7e-05,0.00647238,2371.1767,50.386118441014105
25939,שד' בן גוריון/רמז,מרכז,פריפריה,31.661375,34.584537,5,0.000164,1,4,6.756e-05,0.00647032,3187.8177,37.23633078818939
48241,ת. מרכזית ק''ש/רציפים,צפון,פריפריה,33.209085,35.569276,3,9.8e-05,0,3,5.11e-06,0.00642508,2389.0652,0.0
41853,שמעון אגרנט/יצחק ולבר,דרום,באר שבע,31.243486,34.763214,4,0.000131,2,2,1.005e-05,0.00641699,2196.5146,59.15359234751879
8936,דרך חברון/אשר וינר,ירושלים,ירושלים,31.744918,35.216479,6,0.000197,3,3,0.00010579,0.00639741,3347.2602,11.829100213026388
41219,דרך רפאל איתן/הדובדבן,מרכז,תל אביב,32.067259,34.863109,6,0.000197,3,3,3.939e-05,0.00638845,3481.3617,41.69347965534568
11581,סולטן סולימאן/שער שכם,ירושלים,ירושלים,31.781558,35.228886,5,0.000164,4,1,2.942e-05,0.00637663,3685.1174,25.17660172774522
26179,הכלנית/מבוא האתרוג,מרכז,פריפריה,31.786499,34.650186,6,0.000197,5,1,5.754e-05,0.00637375,3816.7914,29.258889230538735
49662,ביר באקה/כביש 61,מרכז,פריפריה,32.413215,35.029254,7,0.00023,1,6,3.338e-05,0.0063487,3816.829,61.0528760141573
5575,ת. מרכזית נהריה/הורדה,צפון,פריפריה,33.005512,35.097968,8,0.000263,6,2,0.00010565,0.00633764,2487.6857,47.53419184640022
22080,חברת החשמל/יוספטל,מרכז,תל אביב,31.9398,34.87065,10,0.000328,4,6,5.379e-05,0.00630652,3247.1445,76.28663623120092
26707,צומת הנגב,דרום,באר שבע,31.067243,34.838615,14,0.00046,6,8,0.0001158,0.00629838,3988.8824,105.7498692505638
1784,מסעף טירת כרמל/הרצל,צפון,חיפה,32.773179,34.96341,4,0.000131,2,2,9.857e-05,0.00629167,3058.282,112.13130139958487
21152,צומת משהד,צפון,פריפריה,32.735439,35.32624,6,0.000197,4,2,4.286e-05,0.00628374,3340.2822,95.401676846835
4677,מכללת עמק יזרעאל,צפון,פריפריה,32.652476,35.29224,5,0.000164,3,2,4.002e-05,0.006283,3124.4645,47.67505488652761
35456,חוצות המפרץ,צפון,חיפה,32.806001,35.056488,3,9.8e-05,2,1,7.569e-05,0.00626989,2860.5265,24.997811038341535
8125,משטרת מעלה אדומים/דרך הר הבית,ירושלים,ירושלים,31.767998,35.291749,9,0.000295,2,7,6.284e-05,0.00625012,3706.6704,154.09508218256533
4173,צומת אלונים,צפון,חיפה,32.70921,35.142188,7,0.00023,4,3,0.00010263,0.00622467,3636.5697,124.29473449487152
35454,שנקר,צפון,חיפה,32.807386,35.061922,2,6.6e-05,1,1,5.067e-05,0.00622282,2597.1984,10.029235129348887
20648,צומת ראמה,צפון,פריפריה,32.93337,35.367178,8,0.000263,5,3,0.00011835,0.0062121,3279.4519,111.70447865309534
35787,צומת קרית אתא/מחלף מוטה גור,צפון,חיפה,32.810358,35.069356,2,6.6e-05,1,1,5.368e-05,0.00619041,2381.8367,52.19875452894824
4901,צומת תל יוסף,צפון,פריפריה,32.550732,35.394841,2,6.6e-05,1,1,3.614e-05,0.00618845,2042.9399,165.2360826851231
8731,הרוזמרין/כביש המנהרות,ירושלים,ירושלים,31.732231,35.202069,11,0.000361,6,5,4.123e-05,0.00618343,3798.7291,112.58209759515731
35784,בן צבי,צפון,חיפה,32.815571,35.074953,3,9.8e-05,2,1,4.992e-05,0.00616888,2202.568,14.85906808718346
601,צומת נווה איתמר,מרכז,תל אביב,32.324396,34.874173,11,0.000361,5,6,0.00015054,0.00616328,3585.3629,112.85694974588435
4637,כלא שאטה,צפון,פריפריה,32.547912,35.415645,3,9.8e-05,1,2,3.835e-05,0.00615661,1914.2075,129.4245123145079
5167,מחלף איכסאל,צפון,פריפריה,32.675116,35.29169,5,0.000164,2,3,1.718e-05,0.00614397,2839.5774,106.03429997294685
3335,הרצל/כרמלים,צפון,חיפה,32.770856,34.965243,2,6.6e-05,1,1,8.18e-05,0.00610988,2759.3248,117.91342371738419
10309,ינובסקי/דרך חברון,ירושלים,ירושלים,31.755927,35.222452,9,0.000295,7,2,2.898e-05,0.00607937,3006.8515,79.3205839504112
1780,הרצל/קרן היסוד,צפון,חיפה,32.769261,34.966792,3,9.8e-05,2,1,8.963e-05,0.00607703,2520.0231,122.48826385794746
1725,צומת נחשולים/דור,צפון,חיפה,32.605658,34.952011,5,0.000164,4,1,4.934e-05,0.0060712,3246.4182,79.53588785593494
34649,צומת אריאל,מרכז,פריפריה,32.10826,35.165552,9,0.000295,3,6,4.833e-05,0.00605204,3734.4718,25.73080433277064
17090,עוקף דאליה,צפון,חיפה,32.695503,35.062657,4,0.000131,2,2,3.533e-05,0.00602135,3283.3392,9.928957747640577
13086,המעפילים/נורדאו,מרכז,תל אביב,32.179674,34.817979,6,0.000197,2,4,2.136e-05,0.00601576,3409.0697,20.576442870045344
18248,ספוריה/בלאל,צפון,פריפריה,32.721373,35.291534,4,0.000131,2,2,2.13e-05,0.00600107,2894.1451,138.81124860026648
17675,מחלף הושעיה,צפון,פריפריה,32.770039,35.292348,6,0.000197,2,4,6.864e-05,0.00597069,3646.8403,176.66495458953023
39254,כביש 431/יהודה המכבי,ירושלים,תל אביב,31.894877,34.988545,10,0.000328,2,8,4.321e-05,0.00596616,4010.6401,85.51788522233977
50338,דרך התקווה/דרך אילות,מרכז,תל אביב,32.06726,34.869502,4,0.000131,2,2,3.227e-05,0.00596082,3092.3395,95.63225951918184
4888,צומת יקנעם המושבה,צפון,חיפה,32.667848,35.108626,8,0.000263,1,7,4.176e-05,0.00593824,3780.967,146.43490931752734
161,ביאליק/חניתה,מרכז,תל אביב,31.924484,34.870366,4,0.000131,2,2,3.053e-05,0.0059148,3904.8183,57.39530729112399
27622,מרכז רפואי סורוקה/אוניברסיטת בן גוריון,דרום,באר שבע,31.260299,34.79805,13,0.000427,6,7,0.00016316,0.00591377,3959.0219,123.61301597154339
4328,צומת גונן,צפון,פריפריה,33.121427,35.648667,2,6.6e-05,1,1,3.252e-05,0.00591258,1628.6086,138.15197061452082
4421,מסעף קלע אלון,צפון,פריפריה,33.124247,35.681281,3,9.8e-05,2,1,3.203e-05,0.00587976,1546.4827,113.46890580073733
1166,צומת פל ים,מרכז,פריפריה,32.48007,34.920973,5,0.000164,3,2,3.168e-05,0.00587972,3139.5859,139.28434009216565
21276,יפיע/אל-אלמאניה,צפון,פריפריה,32.681407,35.271201,6,0.000197,4,2,4.607e-05,0.0058781,2447.0797,149.19300976909096
4720,מסעף בית השיטה,צפון,פריפריה,32.541395,35.437219,2,6.6e-05,1,1,2.067e-05,0.00586841,1802.0256,77.36714035655336
2347,צומת סומך,צפון,חיפה,32.805842,35.146076,7,0.00023,4,3,2.375e-05,0.00586735,3617.5664,83.00937932619931
4902,צומת תל יוסף,צפון,פריפריה,32.550351,35.396545,3,9.8e-05,1,2,6.285e-05,0.00586664,2124.7592,165.2360826851231
26710,צומת הנגב,דרום,באר שבע,31.066509,34.839321,10,0.000328,7,3,2.304e-05,0.00585157,3886.2658,105.7498692505638
18032,שד. מ''ג המעפילים/כלנית,צפון,פריפריה,33.008244,35.283831,8,0.000263,5,3,4.719e-05,0.00583738,2221.3579,56.669403659743416
4864,שדה נחום,צפון,פריפריה,32.520365,35.484074,3,9.8e-05,1,2,2.182e-05,0.00583593,1706.4687,121.0653329807477
4638,כלא שאטה,צפון,פריפריה,32.548168,35.414298,2,6.6e-05,1,1,7.047e-05,0.00583362,1982.8177,129.4245123145079
22872,צומת אייל,מרכז,תל אביב,32.209016,34.973128,4,0.000131,1,3,4.016e-05,0.00582739,3585.1661,115.03214720358076
50681,תחנת רכבת ראש העין צפון/הורדה,מרכז,תל אביב,32.121336,34.934637,10,0.000328,5,5,8.85e-05,0.00580844,3943.6699,24.900950947482478
17080,אלביט הישן,צפון,חיפה,32.697166,35.058915,4,0.000131,2,2,3.539e-05,0.00580637,2940.456,97.70185315040942
4721,מסעף בית השיטה,צפון,פריפריה,32.543589,35.433428,3,9.8e-05,2,1,7.663e-05,0.00580137,1862.2259,163.9243760419153
35306,אוניברסיטת רייכמן/מנחם בגין,מרכז,תל אביב,32.177482,34.837112,7,0.00023,3,4,2.705e-05,0.00580126,3050.8451,174.2268933894689
50340,דרך התקווה/האקליפטוס,מרכז,תל אביב,32.066263,34.875757,3,9.8e-05,1,2,2.999e-05,0.00577338,2785.3257,190.59781662066007
4761,צומת מחנה גדעון,צפון,פריפריה,32.513083,35.495006,7,0.00023,3,4,3.396e-05,0.00576889,1625.801,49.25943421416676
4287,מחנה רוויה,צפון,פריפריה,33.125374,35.689143,3,9.8e-05,1,2,3.712e-05,0.00576286,1474.597,173.05760052292655
39238,י.ל. פרץ/פרישמן,צפון,חיפה,32.814089,35.102692,4,0.000131,2,2,5.44e-06,0.00576108,2660.4833,236.79287529093727
21356,יהודה שטיין/בן צבי,מרכז,תל אביב,31.926527,34.859865,8,0.000263,5,3,5.03e-05,0.00575876,3424.1382,72.86112205241021
3915,ההסתדרות/צומת קרית חיים,צפון,חיפה,32.81808,35.078286,8,0.000263,6,2,8.121e-05,0.0057433,3352.7281,35.713744059750766
4425,צומת האמיר,צפון,פריפריה,33.137907,35.730915,5,0.000164,4,1,3.726e-05,0.00573637,1412.5426,83.41243363190293
24394,טשרניחובסקי/ויצמן,מרכז,תל אביב,32.177906,34.894049,20,0.000657,7,13,8.702e-05,0.00572858,3558.9346,21.430298358467738
26784,אזור תעשיה ערד,דרום,פריפריה,31.249049,35.195233,11,0.000361,2,9,5.464e-05,0.00568654,3960.6376,276.0722616224966
49677,ביר באקה/כביש 61,מרכז,פריפריה,32.413196,35.028604,6,0.000197,5,1,2.496e-05,0.00566897,3915.1581,61.0528760141573
16097,צומת בילו/כביש 40,מרכז,תל אביב,31.870021,34.818466,17,0.000558,8,9,6.249e-05,0.00561436,3569.9578,147.13521348789303
4863,שדה נחום,צפון,פריפריה,32.521095,35.483116,3,9.8e-05,2,1,5.365e-05,0.00557191,1757.3229,121.0653329807477
21150,צומת משהד,צפון,פריפריה,32.734552,35.325194,6,0.000197,2,4,0.00010426,0.0055646,3326.1104,115.1308631087498
5065,שד' צבי אלדרוטי/שד' הבנים,צפון,פריפריה,32.677464,35.241264,7,0.00023,4,3,4.279e-05,0.00555895,3575.6094,43.84914633200048
2093,חניתה/טרומפלדור,צפון,חיפה,32.786016,35.017577,11,0.000361,3,8,5.808e-05,0.00551969,3733.8396,111.74524536807695
23897,צומת חב''ד,מרכז,תל אביב,31.979243,34.837288,8,0.000263,6,2,1.114e-05,0.0055181,3631.7235,73.64668584015956
28865,שדרות דוד חכם/תחנה מרכזית,דרום,באר שבע,31.241665,34.796479,14,0.00046,7,7,5.313e-05,0.00550521,3823.6078,145.94687950607934
3372,מרכז הקונגרסים/פלימן,צפון,חיפה,32.790444,34.965229,6,0.000197,4,2,5.73e-05,0.00550518,3610.7867,84.64325326834482
27686,צומת קיבוץ אורים לדרום,דרום,פריפריה,31.307401,34.5308,3,9.8e-05,2,1,3.147e-05,0.00550201,1716.0783,84.64611992248557
44026,מחלף אשקלון צפון/למערב,מרכז,פריפריה,31.704513,34.619979,7,0.00023,3,4,1.614e-05,0.00550182,2967.1565,103.3024344820782
24856,צומת אל על,מרכז,תל אביב,31.990742,34.907208,17,0.000558,5,12,9.498e-05,0.0054996,4164.0051,81.29925589407921
15996,כביש 444/צומת חגור לדרום,מרכז,תל אביב,32.136757,34.940229,7,0.00023,5,2,6.377e-05,0.00547226,3522.9925,147.72858914958277
28206,צומת שרה למזרח,דרום,באר שבע,31.224774,34.83011,7,0.00023,4,3,4.071e-05,0.00547114,3706.2863,106.0304880283901
27769,צומת צאלים/222,דרום,פריפריה,31.212042,34.531793,4,0.000131,2,2,4.552e-05,0.00547068,1625.0582,116.7093729640099
25938,בן גוריון/נאות אשקלון,מרכז,פריפריה,31.661191,34.577653,14,0.00046,11,3,9.502e-05,0.00545584,2894.9797,113.22341673445655
10287,עמיחי גידי פאגלין/שדרות משה דיין,ירושלים,ירושלים,31.826095,35.239105,9,0.000295,2,7,5.589e-05,0.00544699,3973.917,89.8844639158158
43905,מצודת אדומים,ירושלים,ירושלים,31.796492,35.25755,10,0.000328,5,5,3.147e-05,0.00543205,3722.2972,174.94025849283219
17623,צומת נהריה,צפון,פריפריה,33.005573,35.10031,12,0.000394,8,4,0.00010945,0.00542069,2148.1218,111.0231060688039
27778,צומת בית קמה לדרום,דרום,באר שבע,31.441212,34.763314,9,0.000295,7,2,3.378e-05,0.00541373,4088.5213,131.0005180101264
2443,שבתאי לוי/פרץ,צפון,חיפה,32.813298,34.994313,7,0.00023,3,4,5.236e-05,0.00541321,3131.8223,92.18195052175977
27901,צומת דבירה,דרום,באר שבע,31.422247,34.784296,14,0.00046,8,6,5.156e-05,0.00538688,4067.4116,201.49027404787498
2239,איינשטיין/הצנחנים,צפון,חיפה,32.812757,35.11279,4,0.000131,1,3,6.064e-05,0.00538628,2431.7922,78.65533934125924
25918,בני ברית/האורגים,מרכז,פריפריה,31.809569,34.664104,11,0.000361,7,4,0.00014052,0.00536146,4031.9819,97.63101581885383
8328,צומת אדומים/צומת מחנה ישי,מרכז,ירושלים,31.799721,35.310861,10,0.000328,4,6,9.322e-05,0.00536048,3708.3862,121.3432242599839
27934,גבולות מרכז,דרום,פריפריה,31.210131,34.466103,4,0.000131,2,2,3.254e-05,0.00535737,1544.4707,4189.103725625826
5708,שדרות מנחם בגין/וינגייט,צפון,פריפריה,32.798577,35.520979,7,0.00023,5,2,9.335e-05,0.00534888,2833.3999,70.44949250300542
36134,מחלף גולני/מקדונלדס למערב,צפון,פריפריה,32.774995,35.406577,7,0.00023,2,5,4.144e-05,0.00533367,3892.6284,169.77424204793095
9464,מוזיאון רוקפלר/סולטאן סולימאן,ירושלים,ירושלים,31.783471,35.235107,2,6.6e-05,1,1,3.025e-05,0.00533081,3244.3414,44.524522160891216
4095,ח'אלת זבדה/תחנת דלק,מרכז,פריפריה,32.499871,35.061626,5,0.000164,2,3,5.352e-05,0.00532339,3892.8782,231.05163414594998
41047,תחנת רכבת עפולה/יואש דובנוב,צפון,פריפריה,32.620677,35.293331,8,0.000263,4,4,3.034e-05,0.00531121,3863.6812,164.81263238154833
2832,הרצל/ביאליק,צפון,חיפה,32.766475,34.969528,5,0.000164,2,3,5.451e-05,0.00531058,2322.761,63.06091832246658
8877,דרך יריחו/דרך העופל,ירושלים,ירושלים,31.780728,35.238456,5,0.000164,2,3,0.00010446,0.00530879,2918.2916,80.63699183756017
8905,שדרות נהר הירקון/אליהו הנביא,ירושלים,פריפריה,31.706622,35.001382,11,0.000361,4,7,4.092e-05,0.00530431,3652.6783,97.0872091709588
26117,המייסדים,מרכז,פריפריה,31.784246,34.650909,3,9.8e-05,1,2,3.566e-05,0.00530268,3594.0889,103.37152883057905
15420,תחנה מרכזית גדרה,מרכז,תל אביב,31.815657,34.771112,10,0.000328,4,6,9.959e-05,0.00529527,3392.6294,84.44795605351047
26604,צומת איתן,מרכז,פריפריה,31.572822,34.758707,14,0.00046,6,8,7.233e-05,0.00529433,4055.404,74.32426360126146
42112,צומת חניתה,צפון,פריפריה,33.073393,35.148934,3,9.8e-05,2,1,5.793e-05,0.0052927,1459.4519,104.80812465137116
19455,צומת יקנעם עילית,צפון,חיפה,32.661858,35.105401,11,0.000361,5,6,6.981e-05,0.00528239,3909.0339,139.81563919534898
5143,כביש 60/תאופיק זיאד,צפון,פריפריה,32.693033,35.299561,6,0.000197,4,2,1.831e-05,0.00526328,2959.0286,89.7922453029037
7169,מחנה אל פורן,צפון,פריפריה,33.140001,35.767502,4,0.000131,2,2,2.66e-05,0.00525135,1350.2798,15.106789077912953
28114,אלומה/מרכז,מרכז,פריפריה,31.651214,34.743265,19,0.000624,9,10,5.315e-05,0.00524795,4184.3061,298.4693623577742
27792,צומת אשקלון,מרכז,פריפריה,31.658183,34.601906,12,0.000394,4,8,3.096e-05,0.0052301,3357.9537,130.0955606945523
14227,כביש 4/מחלף מורשה,מרכז,תל אביב,32.124662,34.856328,12,0.000394,6,6,1.805e-05,0.00523005,3964.3525,182.2377715217951
27765,צומת גבולות,דרום,פריפריה,31.270398,34.432446,4,0.000131,2,2,7.241e-05,0.00522318,1472.9935,152.22332807714395
23408,צומת אלעד,מרכז,תל אביב,32.052151,34.943402,14,0.00046,6,8,2.973e-05,0.00521487,4110.8824,89.44844081593996
2092,טרומפלדור/כיכר דוד,צפון,חיפה,32.784852,35.017412,9,0.000295,4,5,0.00012517,0.00521472,3812.3155,21.8809735871809
24794,צומת כוכב יאיר,מרכז,תל אביב,32.220311,34.980331,6,0.000197,3,3,4.394e-05,0.00520932,3189.7343,87.89871483175747
34309,הירדן/התעשיה,צפון,פריפריה,33.199245,35.577479,5,0.000164,3,2,2.094e-05,0.00520537,2223.6252,98.62812678228842
25092,אוניברסיטת בר אילן,מרכז,תל אביב,32.065377,34.845842,19,0.000624,9,10,8.568e-05,0.00517971,4121.308,26.749620605749627
19679,צומת המצודות/תל חי,צפון,פריפריה,33.22147,35.573999,6,0.000197,3,3,6.002e-05,0.00517749,2073.6275,141.23973226145876
11953,צומת מבטחים,דרום,פריפריה,31.25689,34.403063,4,0.000131,3,1,6.164e-05,0.00515352,1404.3365,98.37546435407323
42301,מסוף אורנית,מרכז,תל אביב,32.107422,34.999199,22,0.000722,11,12,0.00010758,0.00514758,3831.9275,163.67328649149238
18881,מסעף פרוד,צפון,פריפריה,32.937349,35.428001,6,0.000197,3,3,3.138e-05,0.00513646,3672.7412,108.2433221164401
44147,מרכז מסחרי/הרכבת,מרכז,פריפריה,31.676657,34.606399,5,0.000164,2,3,2.03e-05,0.00513304,3266.4881,34.09020266671816
21595,צומת בית דגן,מרכז,תל אביב,32.002455,34.820515,15,0.000492,9,6,0.0001018,0.00512585,4078.9355,60.55372953394577
11090,מחלף שמשון לדרום,ירושלים,ירושלים,31.775349,35.004232,12,0.000394,6,6,5.734e-05,0.00512259,4171.9015,105.2473833049485
47918,ת.מרכזית באר שבע/רציפים בינעירוני,דרום,באר שבע,31.243017,34.796743,6,0.000197,3,3,7.04e-06,0.00510353,3735.0348,0.0
27371,שד. מנחם בגין/שד. יצחק רבין,מרכז,פריפריה,31.675112,34.578362,5,0.000164,3,2,3.772e-05,0.00509929,2561.6243,23.174701838952156
9740,גולומב/בוליביה,ירושלים,ירושלים,31.757533,35.181578,8,0.000263,5,3,5.729e-05,0.00509553,3144.4936,56.892084101668985
23596,ת. מרכזית ראשל''צ,מרכז,תל אביב,31.967621,34.784636,18,0.000591,9,9,0.00014251,0.00509546,3859.6598,61.252052664331146
20504,מעון נווה רם/הרב עובדיה יוסף,צפון,חיפה,32.756128,35.094914,6,0.000197,2,4,3.069e-05,0.0050904,3748.1731,40.59002631770524
37115,מחלף דרור למערב,מרכז,תל אביב,32.255041,34.88821,11,0.000361,6,5,4.877e-05,0.00509016,3625.3874,137.32423692599778
11824,צומת גבעת מרדכי/בייט,ירושלים,ירושלים,31.767092,35.193225,15,0.000492,3,12,4.493e-05,0.00506908,4177.9289,27.86110516049402
4093,חאכורת אל עסלי א,צפון,פריפריה,32.504268,35.057424,7,0.00023,4,3,9.262e-05,0.00506627,3408.8125,10.578492205050088
3887,צומת קרית עמל,צפון,חיפה,32.711739,35.130765,5,0.000164,2,3,5.984e-05,0.00506127,3243.4797,25.000444919741696
787,מחלף ירקון,מרכז,תל אביב,32.122112,34.902396,11,0.000361,5,6,4.52e-05,0.00505558,4000.8689,161.25937508497714
4573,צומת מכבי אש,צפון,פריפריה,32.615697,35.289726,7,0.00023,2,5,3.659e-05,0.0050346,3723.2741,104.23400322764073
25748,שדרות הערים התאומות/רוברטו בקי,דרום,באר שבע,31.277522,34.799024,5,0.000164,1,4,5.461e-05,0.00501866,3590.8038,67.13987705057957
4111,כביש 65/צומת אום אל פחם,צפון,פריפריה,32.532844,35.147242,16,0.000525,9,7,0.00010198,0.00501242,3789.4388,120.71621824873672
11225,מסעף ביה''ח הדסה,ירושלים,ירושלים,31.764015,35.151519,4,0.000131,3,1,2.585e-05,0.00501212,3133.3258,34.88581615007798
19821,צומת מגידו,צפון,פריפריה,32.572656,35.190945,16,0.000525,10,6,8.63e-05,0.0050096,3926.3349,115.38145812016262
18704,צומת מחניים,צפון,פריפריה,32.991201,35.56177,6,0.000197,4,2,8.143e-05,0.00500707,3106.4972,140.44797916482824
359,הרצל/בנימין מינץ,מרכז,תל אביב,32.326176,34.863338,17,0.000558,13,4,0.00014086,0.00498505,3852.2204,108.24920883110846
21304,מחלף המוביל/לצפון,צפון,חיפה,32.758551,35.233642,10,0.000328,6,4,5.953e-05,0.00497807,3786.4077,118.48829245104857
39532,קהילת מילנו/מדריד,דרום,פריפריה,31.522289,34.606775,5,0.000164,2,3,5.146e-05,0.00497748,3295.2965,64.03175134577039
15771,שדרות ירושלים/השרון,מרכז,תל אביב,31.881989,34.73309,6,0.000197,3,3,3.822e-05,0.00495145,3187.8931,158.2459509329978
14474,הבריגדה היהודית/הדר,מרכז,תל אביב,32.176338,34.847494,7,0.00023,3,4,3.26e-05,0.00494239,2768.2754,97.30796893598108
2471,איינשטיין/אסף שמחוני,צפון,חיפה,32.813598,35.115717,4,0.000131,2,2,4.983e-05,0.00492625,2240.9532,22.77218632604849
25975,שדרות הפלמח/חטיבת כרמלי,מרכז,פריפריה,31.804129,34.660742,12,0.000394,9,3,8.333e-05,0.00491934,3878.1079,33.341637512639146
4936,רמת יזרעאל/הזית,צפון,פריפריה,32.67418,35.238793,10,0.000328,7,3,6.594e-05,0.00491774,4045.8369,44.88966029819935
23098,צומת מצפה מודיעין,מרכז,תל אביב,31.951698,34.956087,11,0.000361,9,2,3.882e-05,0.00491085,4120.6875,128.5528767370794
20893,תחנת התרעננות/מחלף זרזיר,צפון,חיפה,32.73472,35.209666,6,0.000197,3,3,3.475e-05,0.00490833,3842.2908,22.191182609337417
42736,צומת בית רימון,צפון,פריפריה,32.762723,35.34563,6,0.000197,4,2,6.264e-05,0.004902,3420.9926,143.31756166537656
44758,מכללת קיי/יהודה הלוי,דרום,באר שבע,31.27112,34.781478,8,0.000263,4,4,8.12e-06,0.00487133,3546.831,99.89529277670371
19799,צומת יקנעם/מושבה,צפון,חיפה,32.666662,35.107946,8,0.000263,4,4,7.206e-05,0.00486428,3769.5175,125.10005800697523
4754,צומת כפר תבור,צפון,פריפריה,32.689564,35.419101,9,0.000295,6,3,5.839e-05,0.0048616,3626.5717,98.81417696664471
16946,פוריידיס/כביש 4 לצפון,צפון,חיפה,32.596925,34.949834,6,0.000197,2,4,8.078e-05,0.00485712,3336.2563,147.28409581667412
8073,אזור תעשיה שער בנימין,ירושלים,ירושלים,31.864909,35.261405,7,0.00023,3,5,9.178e-05,0.00485342,2821.2471,26.471844715515434
873,טשרניחובסקי/שד' מנחם בגין,מרכז,תל אביב,32.186513,34.903427,10,0.000328,8,2,0.0001249,0.0048484,2850.1057,29.302747938913278
29503,מחלף הכפר הירוק,מרכז,תל אביב,32.135579,34.833007,12,0.000394,7,5,2.583e-05,0.00484774,3821.8513,190.6072297300179
16650,קניון עזריאלי הוד השרון/דרך רמתיים,מרכז,תל אביב,32.14303,34.894369,8,0.000263,4,4,9.223e-05,0.00484324,4004.5014,149.17611108165025
37782,שדרות הרצל/מכבים,דרום,פריפריה,31.067159,35.037639,8,0.000263,5,3,1.713e-05,0.00484133,2724.6053,140.6551906666319
48296,צה''ל,מרכז,פריפריה,32.443695,34.938681,4,0.000131,2,2,5.233e-05,0.00484005,3226.7834,87.0480016494634
40617,ספוריה 1,צפון,פריפריה,32.71759,35.261763,4,0.000131,1,3,2.746e-05,0.00483799,2887.0665,54.499770843477236
3364,קניאל/רופין,צפון,חיפה,32.798046,35.000718,4,0.000131,1,3,1.717e-05,0.00482812,3238.3284,127.0120049246866
10025,ינובסקי/ביתר,ירושלים,ירושלים,31.755492,35.225547,6,0.000197,4,2,4.652e-05,0.00482154,2722.3285,120.7659217787965
19968,מסעף בית הלל דרום,צפון,פריפריה,33.190633,35.605065,4,0.000131,1,3,1.701e-05,0.00481259,2066.8279,117.53771661249506
3042,חטיבת גולני/יפה נוף,מרכז,פריפריה,32.432312,34.943357,7,0.00023,3,4,2.98e-05,0.00481253,2900.29,111.78044266817159
19263,צומת אעבלין מזרח,צפון,חיפה,32.829835,35.181192,5,0.000164,2,3,3.03e-05,0.00479858,2657.6439,56.93187911473284
2028,הגפן/הפרסים,צפון,חיפה,32.81685,34.990107,8,0.000263,4,4,5.833e-05,0.00478673,3076.0207,56.77937008961174
6197,צומת שכונת בנה ביתך,צפון,פריפריה,32.736724,35.328848,3,9.8e-05,1,2,3.278e-05,0.00477481,2982.3646,38.35355247120174
22889,צומת אייל,מרכז,תל אביב,32.209999,34.973509,7,0.00023,5,2,2.947e-05,0.00477385,3284.9353,115.03214720358076
11616,שדרות סיירת דוכיפת/חיל האוויר,ירושלים,ירושלים,31.828575,35.246635,7,0.00023,3,4,0.00010492,0.00477207,3469.2663,120.61252175640695
44018,מחלף אשקלון צפון/לצפון,מרכז,פריפריה,31.703907,34.622026,7,0.00023,5,2,3.36e-05,0.00475226,2999.172,164.09724553935794
24982,מחלף רעננה צפון,מרכז,תל אביב,32.191365,34.886585,7,0.00023,4,3,3.981e-05,0.00475018,3406.524,91.85945600848302
9056,שדרות דוד טוביהו/סוקולוב,דרום,באר שבע,31.245292,34.78872,11,0.000361,8,3,6.053e-05,0.00474637,3362.4087,74.956509542284
2879,אסף שמחוני/טביב,צפון,חיפה,32.809663,35.117067,3,9.8e-05,1,2,3.812e-05,0.00473124,2080.6694,15.029591291612757
1797,כיכר הציונות,צפון,חיפה,32.711688,35.125015,8,0.000263,5,3,8.102e-05,0.00471338,2943.9037,47.95933646118825
40360,ח'לאיל א נואר,צפון,חיפה,32.851626,35.187127,5,0.000164,2,3,3.976e-05,0.00470907,2436.8518,35.09807623518266
2476,צומת מוצקין,צפון,חיפה,32.823742,35.079421,5,0.000164,3,2,9.275e-05,0.00469996,3089.5641,27.58206523400889
17572,צומת ביר אל מכסור,צפון,חיפה,32.773661,35.213518,10,0.000328,4,6,5.032e-05,0.0046988,3428.106,131.65398791151318
21175,בריאות המשפחה,צפון,פריפריה,32.740126,35.335767,4,0.000131,2,2,5.85e-06,0.00466464,2703.1996,10.236027532404275
12004,שדרות ירושלים/שדרות מונטיפיורי,מרכז,פריפריה,31.681519,34.573113,8,0.000263,3,5,7.503e-05,0.00466321,2355.1726,87.33295980955208
7543,מרכז מסחרי/שדרות יחזקאל,מרכז,תל אביב,31.93743,35.037612,8,0.000263,6,2,6.397e-05,0.00466127,4086.9296,47.117518043948294
49563,מסוף קסטינה-מלאכי לצפון,מרכז,פריפריה,31.731264,34.756176,13,0.000427,8,5,6.467e-05,0.00465568,3762.3798,0.0
40889,דרך הנדיב/החלוץ,מרכז,פריפריה,32.468495,34.980886,6,0.000197,4,2,6.204e-05,0.00465482,2830.3167,58.21515261546341
2358,דרך עכו/המייסדים,צפון,חיפה,32.845136,35.0903,10,0.000328,7,3,9.97e-05,0.00465382,2918.7022,75.28663761907048
9802,הגננת/דב יוסף,ירושלים,ירושלים,31.732353,35.193837,7,0.00023,4,3,3.952e-05,0.00463863,3348.2079,105.09701316053747
16521,צומת פארק אפק,מרכז,תל אביב,32.108532,34.962838,11,0.000361,8,3,6.728e-05,0.00462323,3634.242,121.52640719703085
11757,טיילת א. הנציב/דניאל ינובסקי,ירושלים,ירושלים,31.754585,35.228572,5,0.000164,1,4,2.858e-05,0.00461499,2485.2006,62.60933833103616
19372,יפיע/מרכז,צפון,פריפריה,32.684157,35.276298,6,0.000197,3,3,8.182e-05,0.00461322,2261.4394,52.11481057314589
41049,שדרות נהר הירקון/נחל לוז,ירושלים,פריפריה,31.708245,34.996115,5,0.000164,2,3,7.593e-05,0.00460274,3256.4375,77.09292881429981
20004,צומת בראון,צפון,פריפריה,33.151073,35.788017,3,9.8e-05,1,2,2.188e-05,0.00459759,1292.4516,85.3656231324166
1642,צומת אור עקיבא לצפון,צפון,פריפריה,32.501306,34.928512,7,0.00023,3,4,3.281e-05,0.00459099,3459.9917,133.55394353698367
38509,קובאא אלדאארי א,צפון,פריפריה,32.504402,35.053553,3,9.8e-05,2,1,3.555e-05,0.00458518,3036.572,95.70076495014051
16655,צומת רמת הכובש,מרכז,תל אביב,32.222209,34.937475,7,0.00023,3,4,5.73e-05,0.00458186,2592.7114,83.61173169022575
24787,צומת צריפין לצפון,מרכז,תל אביב,31.969932,34.843347,17,0.000558,7,10,9.301e-05,0.00456459,3727.1652,165.90508770221436
19454,התמר/התאנה,צפון,חיפה,32.658231,35.106608,9,0.000295,6,3,6.433e-05,0.00456173,3321.1535,77.90573981698162
19450,מסעף אלרום,צפון,פריפריה,33.178186,35.775132,5,0.000164,2,3,3.144e-05,0.0045547,1242.5436,104.28960465067637
16349,צומת סירקין/כביש 40,מרכז,תל אביב,32.083232,34.902272,6,0.000197,3,3,4.236e-05,0.00454752,3779.5209,91.61203872688125
20503,מעון נווה רם/הרב עובדיה יוסף,צפון,חיפה,32.755763,35.09492,11,0.000361,6,5,3.618e-05,0.0045457,4006.6926,40.59002631770524
867,בי''ח מאיר/טשרניחובסקי,מרכז,תל אביב,32.181197,34.897648,8,0.000263,4,4,9.33e-05,0.00454147,3158.0502,20.35899154499784
4927,קרן היסוד/שד' צבי אלדרוטי,צפון,פריפריה,32.673351,35.240731,5,0.000164,1,4,2.883e-05,0.00453929,3656.3677,56.19867899368765
28071,תחנת רכבת קריית גת/כניסה,מרכז,פריפריה,31.60329,34.777577,8,0.000263,5,3,8.608e-05,0.00452801,2900.1305,37.981773930284334
29018,גולדה מאיר/המעפיל,דרום,פריפריה,31.07227,35.031931,5,0.000164,3,2,5.528e-05,0.00452378,3364.5016,66.94885244366182
10790,צומת רמות/גולדה,ירושלים,ירושלים,31.809649,35.204075,31,0.001018,24,7,0.00013953,0.00451344,4208.1124,144.74709591596476
20114,שפרעם/כניסה דרומית,צפון,חיפה,32.798618,35.170701,7,0.00023,4,3,2.647e-05,0.00450618,3178.67,23.31597546377342
24428,אחוזה/רבוצקי,מרכז,תל אביב,32.178505,34.883219,9,0.000295,1,8,6.808e-05,0.0044932,3771.1286,62.90714651260786
50869,קאנא אל-ג'ליל/אל-מחדר,צפון,פריפריה,32.75859,35.345561,3,9.8e-05,2,1,6.597e-05,0.00449247,3046.9365,242.22307377168724
2248,טביב/אסף שמחוני,צפון,חיפה,32.808826,35.118298,4,0.000131,2,2,2.297e-05,0.00448929,1943.3451,21.12507853602776
29401,מחלף הסירה לדרום,מרכז,תל אביב,32.159868,34.810438,9,0.000295,4,5,0.00011926,0.00448833,3881.9925,136.89422604054582
35312,בית ספר ראנד/איכסאל,צפון,פריפריה,32.675334,35.314042,3,9.8e-05,1,2,4.632e-05,0.00448166,2937.5723,26.3575975196254
28598,ת. רכבת שדרות/בגין,דרום,פריפריה,31.516631,34.586763,9,0.000295,4,5,6.676e-05,0.00447512,3512.9256,35.66999841112129
40061,אריה תגר/אנה טיכו,מרכז,פריפריה,31.699704,34.582944,5,0.000164,2,3,5.461e-05,0.00446523,2684.1287,109.2702281974634
3275,צומת כפר חסידים,צפון,חיפה,32.761957,35.088049,9,0.000295,4,5,6.716e-05,0.00446497,3843.5539,109.45307788524457
21302,צומת עוקף עפולה,צפון,פריפריה,32.624033,35.289773,7,0.00023,4,3,4.595e-05,0.00444606,3497.4903,143.7033092875537
40621,אלקודס 1,צפון,פריפריה,32.722448,35.263739,4,0.000131,3,1,2.728e-05,0.0044405,2624.655,73.54989669764198
8468,מחלף בית חורון,ירושלים,ירושלים,31.874438,35.130145,13,0.000427,5,8,3.509e-05,0.00442949,4129.4454,84.23673516549883
7952,קרית יערים/הלולב,ירושלים,ירושלים,31.857529,35.171971,5,0.000164,2,3,3.008e-05,0.00442867,3879.2569,29.02317755414981
48920,ת.רכבת תל אביב - סבידור/רציפים B,מרכז,תל אביב,32.082918,34.795635,6,0.000197,2,4,6.19e-06,0.00442439,4141.4391,0.0
7747,צומת שילה,מרכז,פריפריה,32.048149,35.290424,8,0.000263,5,6,6.74e-05,0.00442421,2951.21,722.6791420567442
14497,חזון אי''ש/האדמור מנדבורנא,מרכז,תל אביב,32.076786,34.833392,9,0.000295,3,6,3.75e-05,0.00442028,3998.3082,111.47877330185767
9552,צומת פת/גולומב,ירושלים,ירושלים,31.757465,35.197119,9,0.000295,4,5,8.17e-05,0.00441777,3730.3134,130.70388647821264
20138,הירדן,צפון,פריפריה,33.200427,35.576637,7,0.00023,5,2,6.095e-05,0.0044165,2223.9058,118.75548225027826
4438,מסעף אודם,צפון,פריפריה,33.203558,35.737342,5,0.000164,4,1,2.667e-05,0.00441493,1195.1698,68.59094154353834
7567,שדרות בית הלל/מסילת ישרים,מרכז,תל אביב,31.936258,35.039119,6,0.000197,5,1,4.44e-05,0.00440592,3886.231,38.01950171434758
15207,כביש 574/בית ספר ביר א סיכה,מרכז,פריפריה,32.368265,35.033438,7,0.00023,3,4,4.914e-05,0.00439999,2388.6319,136.13266043253304
27839,צומת הגדי לצפון,דרום,פריפריה,31.417334,34.606634,9,0.000295,6,3,0.00010205,0.00438931,3731.2052,75.03789294322154
3725,אחי אילת/צומת קרית חיים,צפון,חיפה,32.81785,35.076978,5,0.000164,4,1,3.11e-05,0.00438175,2817.3805,22.47727335322841
11530,סיירת דוכיפת/מחסום חזמא,ירושלים,ירושלים,31.828108,35.250581,5,0.000164,3,2,8.952e-05,0.00438116,3099.8759,99.3956215885564
4671,אורט יגאל אלון/מעלה יצחק,צפון,פריפריה,32.708282,35.334618,8,0.000263,3,5,7.842e-05,0.00437985,3000.4232,81.70939524655743
25040,צומת רחובות מזרח,מרכז,תל אביב,31.889747,34.836705,6,0.000197,3,3,3.534e-05,0.00437836,4016.5345,95.34561504968856
4008,צומת חריש למזרח,מרכז,פריפריה,32.471126,35.020974,6,0.000197,3,3,3.467e-05,0.00437579,3644.3942,115.76715172183171
662,הרצוג/עובדיה מברטנורא,מרכז,תל אביב,32.342204,34.859563,15,0.000492,10,6,1.525e-05,0.00437468,3648.8529,105.17453274484694
18727,צומת גומא,צפון,פריפריה,33.169021,35.56994,5,0.000164,3,2,4.82e-05,0.00437347,2212.3839,86.44567290365465
43099,הרב יורם אברג'ל/דרך מנחם בגין,דרום,פריפריה,31.530373,34.598844,2,6.6e-05,1,1,2.067e-05,0.00437103,2476.9645,68.34620296491795
19090,בית עלמין ישן/כביש 6400,צפון,פריפריה,32.710517,35.335394,2,6.6e-05,1,1,6.22e-06,0.00437033,3321.9676,82.7699019965369
2345,צומת סומך,צפון,חיפה,32.807002,35.14568,4,0.000131,1,3,2.655e-05,0.00437003,3154.701,110.83146509363681
2323,משה שרת/מרכז ניצן,צפון,חיפה,32.842812,35.067131,5,0.000164,3,2,5.418e-05,0.00436468,1913.2343,22.397785045157136
4930,קרן היסוד/ששת הימים,צפון,פריפריה,32.671911,35.243586,4,0.000131,3,2,3.725e-05,0.00436368,3230.6331,26.495132096045598
3254,פלימן/ולנברג,צפון,חיפה,32.77869,34.980137,5,0.000164,2,3,6.029e-05,0.00436011,3197.4157,134.95529845703913
19863,צומת יבור,צפון,חיפה,32.893225,35.18249,5,0.000164,2,3,3.532e-05,0.00433708,2945.857,109.83274102748243
21692,צומת יד בנימין,מרכז,פריפריה,31.791357,34.824579,11,0.000361,7,4,4.107e-05,0.00433268,4182.6203,123.7383881165468
44250,מחלף אונו/דרך יצחק רבין,מרכז,תל אביב,32.070171,34.860108,8,0.000263,6,2,5.545e-05,0.00433254,3955.9749,105.7787322734742
51400,הרב יורם אברג'ל/סחלב,דרום,פריפריה,31.530839,34.597154,3,9.8e-05,2,1,4.39e-05,0.00433248,2283.9381,104.85381380315076
10848,שד.נחל הקישון/נחל שחם,ירושלים,פריפריה,31.711805,34.990483,9,0.000295,5,4,8.987e-05,0.00433218,2788.0178,75.31860605563121
3029,הרצל/זבולון,צפון,חיפה,32.804682,35.003205,8,0.000263,2,6,2.499e-05,0.00432636,3767.5473,23.466571771684155
2711,החשמל,צפון,חיפה,32.796691,35.019007,5,0.000164,3,2,5.53e-05,0.00432548,3146.1466,19.970082314883037
935,שדרות וייצמן/החרושת,מרכז,תל אביב,32.192441,34.880435,8,0.000263,5,3,6.736e-05,0.00432381,3050.1949,90.99984256224168
43699,אליהו הנביא/שדרות נהר הירקון,ירושלים,פריפריה,31.70661,35.000262,6,0.000197,3,3,5.68e-05,0.00432133,3438.9569,82.49301038544709
18975,בית עלמין,צפון,פריפריה,33.226944,35.577492,2,6.6e-05,1,1,5.543e-05,0.00430608,1931.3074,85.48166881616974
19456,צומת יקנעם עילית,צפון,חיפה,32.66086,35.104358,12,0.000394,7,5,5.918e-05,0.00429001,3983.9418,147.81067129817572
19179,כפר מנדא/כניסה,צפון,חיפה,32.805168,35.254224,4,0.000131,2,2,2.995e-05,0.004289,2739.9553,13.36357062728039
14468,המעפילים/נורדאו,מרכז,תל אביב,32.179859,34.817974,4,0.000131,2,2,2.622e-05,0.00428881,3083.5843,20.576442870045344
3224,ורדיה/נורית,צפון,חיפה,32.794269,34.993713,4,0.000131,3,1,3.845e-05,0.00428427,2902.1045,15.38493985424127
20394,מכללת תל חי/כביש 90,צפון,פריפריה,33.232877,35.57882,3,9.8e-05,2,1,5.887e-05,0.00427323,1813.2183,175.14086168456166
4454,מועצה,צפון,פריפריה,33.229575,35.756285,5,0.000164,2,3,5.344e-05,0.00427283,1151.4124,17.732138601990084
28763,מועצה מקומית,דרום,באר שבע,31.161487,35.019999,5,0.000164,2,3,3.708e-05,0.00426464,2857.6081,371.28785640647084
21648,שער ירושלים/4313,מרכז,תל אביב,31.951196,34.84951,5,0.000164,3,2,2.645e-05,0.00426307,3999.8,150.93516588346014
38944,גשר דוד שיפמן /דרך מנחם בגין,מרכז,תל אביב,32.080454,34.797667,6,0.000197,3,3,1.629e-05,0.00425581,3679.8608,29.391880535668335
29467,צומת כפר שמריהו,מרכז,תל אביב,32.18075,34.81606,5,0.000164,3,2,1.45e-05,0.00425253,3454.9147,146.20717495579353
2969,מסוף ג'ת,מרכז,פריפריה,32.396462,35.042492,9,0.000295,6,3,0.00012375,0.00425224,2221.1243,44.93158365658014
34217,מתחם פלאנט,מרכז,תל אביב,31.980599,34.74823,12,0.000394,6,7,2.994e-05,0.00425045,3364.7759,560.6652991096954
18655,דוד שו''ב/התמרים,צפון,פריפריה,32.965306,35.543009,5,0.000164,2,3,2.606e-05,0.00424563,3125.5738,90.26662864611428
3898,בר יהודה/דרך משה,צפון,חיפה,32.767889,35.051045,8,0.000263,4,4,2.555e-05,0.00423812,3783.3533,74.39774191637336
11227,צומת אורה,ירושלים,ירושלים,31.757147,35.159936,9,0.000295,4,5,0.00010141,0.0042363,2852.7298,10.005108064269583
8439,צומת חטיבה שבע/לטרון,ירושלים,פריפריה,31.835052,34.978365,10,0.000328,6,4,0.00012453,0.00423355,4096.9224,111.65887436431858
10659,שדרות נווה יעקב/אחימאיר,ירושלים,ירושלים,31.838299,35.236908,4,0.000131,1,3,5.041e-05,0.00422642,3625.969,29.451968343451195
25855,אנה פרנק/שד.מנחם בגין,מרכז,פריפריה,31.672818,34.584882,10,0.000328,5,5,7.848e-05,0.00422375,2943.5567,97.32725062387668
9075,צומת נווה יעקב/דרך רמאללה,ירושלים,ירושלים,31.840632,35.229889,4,0.000131,1,3,4.136e-05,0.00421878,3585.3448,73.58495287274954
20245,צומת יזרעאל,צפון,פריפריה,32.557921,35.318824,4,0.000131,2,2,2.18e-05,0.00421535,2527.5409,134.15475860341797
17575,מסעף מזרעה,צפון,חיפה,32.983108,35.094913,3,9.8e-05,1,2,6.474e-05,0.00420948,2330.3893,124.93345183902632
51371,כביש 806/אלמנסורה,צפון,פריפריה,32.895183,35.41431,2,6.6e-05,1,1,4.373e-05,0.00420795,2428.789,210.09935901407022
41555,שכונת אלגמשה 9,צפון,פריפריה,32.879866,35.413557,7,0.00023,2,5,4.3e-05,0.00420646,2441.523,52.89024307194368
3885,צומת קריית עמל,צפון,חיפה,32.711515,35.130742,6,0.000197,2,4,5.859e-05,0.00420364,3224.5624,25.000444919741696
3893,יצחק שדה/ביס אורטודוקסי,צפון,חיפה,32.821003,34.986627,5,0.000164,2,3,5.41e-06,0.00420238,3184.0072,226.58665443425397
26381,מתנ''ס רמות ספורטיב/שדרות הערים התאומות,דרום,באר שבע,31.280519,34.799364,3,9.8e-05,1,2,4.042e-05,0.00420077,3233.2172,96.76217513775235
3327,הגפן/בן גוריון,צפון,חיפה,32.817951,34.987617,4,0.000131,2,2,2.996e-05,0.00419474,2770.9809,101.63600305664683
26906,מחלף מיתר לערד,דרום,באר שבע,31.306639,34.901729,14,0.00046,8,6,4.5e-05,0.00419431,3841.1513,137.8522127168883
41599,שדרות החשמונאים/לב העיר,מרכז,תל אביב,31.900044,35.00669,22,0.000722,13,9,0.00019875,0.00419368,3936.4355,16.367034587195796
4706,מנזר המלאך גבריאל,צפון,פריפריה,32.676881,35.247274,5,0.000164,1,4,5.975e-05,0.00418811,2910.227,98.83606072574733
11593,שמעון סוויסה/חצב,ירושלים,ירושלים,31.799189,35.16584,6,0.000197,4,2,1.906e-05,0.00418559,3913.7832,59.33886784782544
1727,צומת נחשולים/דור,צפון,חיפה,32.606595,34.952366,6,0.000197,2,4,5.092e-05,0.00418019,3070.2418,63.87104529840782
4184,מע'אר יציאה,צפון,פריפריה,32.893273,35.413331,6,0.000197,4,2,7.388e-05,0.00417618,2253.7509,21.99805199241143
19489,הירדן/תל חי,צפון,פריפריה,33.211105,35.571541,9,0.000295,5,4,6.159e-05,0.00416055,2225.7318,62.36614344786544
50557,מסוף חריש/גפן,מרכז,פריפריה,32.471234,35.038786,5,0.000164,3,2,2.954e-05,0.00415867,3221.582,0.0
34984,אפרת שער צפוני/כניסה,מרכז,ירושלים,31.681124,35.168517,5,0.000164,3,2,2.106e-05,0.00415847,3774.1108,43.05894490551019
17750,מסעף שלומי מערב,צפון,פריפריה,33.07567,35.14202,4,0.000131,2,2,6.898e-05,0.00415823,1391.8174,99.07493186072121
17888,צומת אלונים,צפון,חיפה,32.708841,35.143442,4,0.000131,2,2,6.158e-05,0.00415756,3564.4673,124.29473449487152
9524,שדרות נווה יעקב/הרב פרדס,ירושלים,ירושלים,31.840063,35.240062,3,9.8e-05,2,1,5.175e-05,0.00415624,3198.4649,69.36467867153262
4229,צומת תל חי,צפון,פריפריה,33.23515,35.580119,6,0.000197,4,2,8.194e-05,0.004154,1713.3541,108.14833257877244
34345,צומת אלפי מנשה,מרכז,תל אביב,32.176659,34.979197,7,0.00023,3,4,6.081e-05,0.00415323,3773.3436,132.73048917208234
2583,דרך עכו/צומת ביאליק,צפון,חיפה,32.825021,35.079888,5,0.000164,3,2,9.515e-05,0.00415097,3019.3048,121.90809292916677
43698,זכריה הנביא/שדרות האמוראים,ירושלים,פריפריה,31.704448,34.976028,5,0.000164,2,3,0.00011068,0.00414719,3106.1964,134.37751530971835
4501,ביר אבו אל-ג'יש/דרך עפולה,צפון,פריפריה,32.679162,35.287048,4,0.000131,2,2,2.928e-05,0.00413674,2673.4922,110.28904292667686
20796,צומת תל חצור,צפון,פריפריה,33.009179,35.559814,2,6.6e-05,1,1,6.665e-05,0.00412673,2797.6738,104.8371490158432
43246,צומת מבוא כרמל,צפון,חיפה,32.621345,35.079917,3,9.8e-05,1,2,3.186e-05,0.00412434,2625.6433,150.11070761760095
21224,עין מאהל א'/כניסה,צפון,פריפריה,32.723988,35.346772,3,9.8e-05,2,1,7.53e-06,0.00412284,2755.7765,25.294002159283846
9264,דאחיית אל בריד/דרך רמאללה,ירושלים,ירושלים,31.843512,35.229572,2,6.6e-05,1,1,4.243e-05,0.00411358,3166.2529,97.06821251190793
4942,שאול המלך/דבורה הנביאה,צפון,פריפריה,32.504338,35.493333,4,0.000131,2,2,4.498e-05,0.00411265,1580.8088,28.223753155622386
15205,ביר אל סיכה,מרכז,פריפריה,32.361937,35.030071,3,9.8e-05,2,1,3.341e-05,0.00410856,2580.7246,70.73451528226076
20794,צומת איילת השחר,צפון,פריפריה,33.03227,35.571974,4,0.000131,2,2,7.063e-05,0.00410307,2555.311,126.0626435678447
49189,סלמה שכונה מזרחית,צפון,פריפריה,32.896741,35.364823,4,0.000131,2,2,3.215e-05,0.00409953,2940.1242,43.88126009058811
50832,האלון/הרימון,צפון,חיפה,32.619844,35.074935,4,0.000131,2,2,5.894e-05,0.00409216,2406.4194,76.83642844029013
3050,הברוש/פרץ,צפון,חיפה,32.772311,35.042024,5,0.000164,3,2,3.608e-05,0.00409018,3681.657,19.52391678559059
21229,עין מאהל כניסה,צפון,פריפריה,32.723032,35.348448,4,0.000131,1,3,1.138e-05,0.00408509,2512.1556,44.561748928522654
8447,בית ספר אל אימאן/דרך רמאללה,ירושלים,ירושלים,31.845808,35.228724,3,9.8e-05,2,1,4.401e-05,0.00408072,2843.6978,103.33730722026799
3939,טרומפלדור/חניתה,צפון,חיפה,32.785034,35.017323,12,0.000394,10,2,0.0001295,0.0040768,3767.342,21.8809735871809
2989,הים התיכון/וורבורג,צפון,חיפה,32.836391,35.066848,4,0.000131,2,2,2.253e-05,0.00407146,2359.2302,64.84765363383676
2532,רבי עקיבא/ליאון בלום,צפון,חיפה,32.80361,34.99699,4,0.000131,3,1,1.473e-05,0.00407067,3230.6342,73.3248357877162
16504,דרך הציונות / הדרור,מרכז,תל אביב,32.100413,34.962434,5,0.000164,3,2,4.296e-05,0.00406377,3360.8765,28.589224410917303
1869,מוריה/קרית ספר,צפון,חיפה,32.788997,34.986546,4,0.000131,2,2,5.042e-05,0.00406031,2299.991,146.80487181651367
23316,מחלף אונו/כביש 471,מרכז,תל אביב,32.069393,34.859462,10,0.000328,7,3,9.902e-05,0.00406002,3972.9226,105.7787322734742
27759,צומת ניר יצחק,דרום,פריפריה,31.232407,34.357313,2,6.6e-05,1,1,3.607e-05,0.00405664,1338.7986,121.11926107344061
10779,יהודה הנשיא/בן יאיר,ירושלים,ירושלים,31.755797,35.201418,5,0.000164,1,4,3.883e-05,0.00405437,3274.7754,54.31808642858267
17999,שכונת נוף העמק,צפון,פריפריה,32.672778,35.252503,3,9.8e-05,2,1,3.408e-05,0.00405054,2649.7234,145.94476858268897
18357,צה''ל 1,צפון,פריפריה,32.964929,35.487497,11,0.000361,8,3,7.303e-05,0.00404967,3592.6142,134.9111713410828
27859,מסעף נתיבות/מרכז העיר,דרום,פריפריה,31.425716,34.601437,11,0.000361,6,5,4.915e-05,0.00404858,3577.7844,161.09273075884175
27851,צומת גילת לצפון,דרום,באר שבע,31.338182,34.653641,14,0.00046,8,6,6.878e-05,0.00404306,3602.6982,142.5097995763942
2957,דרך סטלה מאריס,צפון,חיפה,32.819128,34.982387,4,0.000131,2,2,1.298e-05,0.00404293,2525.9413,55.9978256846473
3154,שמשון/מבצע יונתן,צפון,חיפה,32.79479,34.992558,3,9.8e-05,1,2,2.153e-05,0.00404,2634.9836,30.726223142388555
4470,אבן גבירול/קוממיות,צפון,פריפריה,32.624186,35.323881,6,0.000197,2,4,4.748e-05,0.00403705,3023.4151,25.352616246800032
2534,עצמאות/בית וגן,צפון,חיפה,32.799637,35.103066,11,0.000361,8,3,5.119e-05,0.00402825,3960.1598,90.87168654869295
27758,צומת חולית,דרום,פריפריה,31.226579,34.336791,2,6.6e-05,1,1,3.614e-05,0.00402378,1281.61,118.90728715814382
3276,צומת כפר חסידים,צפון,חיפה,32.762526,35.089342,7,0.00023,3,4,2.574e-05,0.00402373,3706.698,109.87399243973287
19453,מועצה מקומית,צפון,פריפריה,32.968452,35.537777,2,6.6e-05,1,1,2.218e-05,0.00402246,2813.4428,43.6677554609984
39284,צומת ביר נבאלה/דרך רמאללה,ירושלים,ירושלים,31.848814,35.227414,4,0.000131,2,2,4.425e-05,0.0040188,2585.9914,149.54373417866736
1862,חורב/מאפו,צפון,חיפה,32.787024,34.985451,4,0.000131,1,3,4.367e-05,0.0040188,2495.241,88.28202007527506
34347,אזור תעשיה אלפי מנשה,מרכז,תל אביב,32.170283,34.994981,3,9.8e-05,2,1,1.415e-05,0.00401719,3018.1505,237.36696993168744
24981,מחלף רעננה צפון,מרכז,תל אביב,32.191001,34.887839,5,0.000164,3,2,3.453e-05,0.00401088,3192.8821,62.53311402334472
15831,מחלף מסובים   לכיוון מזרח,מרכז,תל אביב,32.037455,34.832327,7,0.00023,5,2,2.196e-05,0.00400454,3892.74,148.36677808522967
19928,מסעף בית הלל דרום,צפון,פריפריה,33.19148,35.603721,4,0.000131,2,2,6.264e-05,0.00400442,2066.7795,99.27878225769355
9372,יהודה הנשיא/בני בתירא,ירושלים,ירושלים,31.755371,35.20374,3,9.8e-05,2,1,4.248e-05,0.00400423,2927.5046,36.91125386701844
8131,דרך הר הבית/האשל,ירושלים,ירושלים,31.768002,35.293379,8,0.000263,7,1,8.158e-05,0.00399965,3294.4695,154.09508218256533
2725,שמשון/יוכבד,צפון,חיפה,32.796216,34.990191,2,6.6e-05,1,1,1.954e-05,0.0039967,2417.0904,86.78509226389467
27754,צומת אבשלום,דרום,פריפריה,31.223208,34.327789,4,0.000131,2,2,5.109e-05,0.0039943,1231.9632,102.66539017385918
11226,צומת אורה,ירושלים,ירושלים,31.757657,35.159474,8,0.000263,5,3,4.05e-05,0.00399373,2915.5057,71.58193969637271
4175,צומת אעבלין מערב,צפון,חיפה,32.827455,35.174454,5,0.000164,2,3,1.958e-05,0.00399313,2884.9418,138.12846099316428
24062,קק''ל/יגאל אלון,מרכז,תל אביב,32.023435,34.759632,5,0.000164,3,2,3.405e-05,0.00399123,3474.9552,213.03932774890097
18634,בית עלמין צבאי,צפון,פריפריה,32.964125,35.537374,3,9.8e-05,1,2,2.353e-05,0.00398961,2566.1111,119.77795257558176
34664,מחסום,מרכז,תל אביב,32.172371,35.003809,5,0.000164,3,2,3.727e-05,0.00398689,2726.7215,89.25463700618397
35674,שדרות ירושלים/שדרות ז'בוטינסקי,צפון,חיפה,32.838279,35.066778,3,9.8e-05,1,2,2.8e-05,0.00398572,2181.4744,21.352696394681924
10004,שדרות נווה יעקב/משה דיין,ירושלים,ירושלים,31.838017,35.234681,5,0.000164,3,2,8.06e-05,0.00398536,3574.6887,71.23876667385417
19182,כפר מנדא/בנק,צפון,פריפריה,32.807546,35.259679,4,0.000131,2,2,4.748e-05,0.00398489,2500.9557,140.00919075215555
24499,קניון עזריאלי הוד השרון/דרך רמתיים,מרכז,תל אביב,32.14435,34.894652,7,0.00023,4,3,5.684e-05,0.00398131,4045.3016,149.17611108165025
38149,דרך כוכב יעקב,ירושלים,ירושלים,31.877147,35.247048,5,0.000164,3,2,2.189e-05,0.00397737,2562.5738,125.40360457785656
19139,בית עלמין/חג'אג'רה,צפון,חיפה,32.741795,35.203844,4,0.000131,2,2,3.769e-05,0.00397395,3367.1827,11.456513868880245
1020,הגיבור/שחר,מרכז,תל אביב,32.150048,34.891951,7,0.00023,3,4,7.23e-06,0.00395686,3285.0953,194.37150275007545
19277,שעב/כביש ראשי,צפון,פריפריה,32.891716,35.235377,5,0.000164,3,2,1.074e-05,0.0039556,2669.739,75.69589002904506
21269,צומת גבעת אבני/לביא,צפון,פריפריה,32.780978,35.433721,9,0.000295,3,6,5.029e-05,0.00394918,3963.5556,96.75592725907613
13122,דרך מנחם בגין/הגליל,מרכז,תל אביב,32.061823,34.777831,7,0.00023,3,4,4.393e-05,0.00394741,3705.5986,24.247874444904642
9034,בן זאב/הדקל,ירושלים,פריפריה,31.744808,34.98007,5,0.000164,2,3,2.469e-05,0.00394071,3688.0581,56.06411165515173
15884,מחלף שעריה לדרום,מרכז,תל אביב,32.06792,34.903209,14,0.00046,6,8,3.114e-05,0.0039284,4202.2767,20.331088784906086
1893,מוריה/נחשון,צפון,חיפה,32.791805,34.986255,2,6.6e-05,1,1,4.867e-05,0.00392816,2132.2663,90.87403854010384
3266,מסעף כפר חסידים,צפון,חיפה,32.760335,35.090916,9,0.000295,4,5,6.009e-05,0.00392768,3993.8827,216.10161032720814
44861,שדרות לכיש/נחל זויתן,מרכז,פריפריה,31.624412,34.767751,2,6.6e-05,1,1,1.488e-05,0.00392756,3564.2451,166.8851677310521
11452,תחנת משטרה/הראל,ירושלים,ירושלים,31.802479,35.149484,7,0.00023,2,5,4.46e-05,0.00392628,3593.5006,25.256316736294576
10328,תחנת רקל''ה גבעת המבתר/יגאל ידין,ירושלים,ירושלים,31.806874,35.234922,16,0.000525,7,9,3.626e-05,0.00392406,3878.0016,125.28525085737901
2958,רכבל/סטלה מאריס,צפון,חיפה,32.82754,34.969384,2,6.6e-05,1,1,1.24e-05,0.00392083,2323.0369,30.841926493930448
17063,מרכז גביה,צפון,חיפה,32.701685,35.057996,3,9.8e-05,2,1,4.484e-05,0.00390881,2666.0897,85.28316012744959
20086,צומת כ''ח,צפון,פריפריה,33.125851,35.570337,2,6.6e-05,1,1,7.82e-06,0.00390544,2053.3642,101.85752315846325
15922,צומת טירה,מרכז,תל אביב,32.232319,34.983452,4,0.000131,3,1,6.176e-05,0.00390536,2734.8064,92.99595779648345
23972,תחנת דלק היובל/משה דיין,מרכז,תל אביב,32.001204,34.76328,6,0.000197,2,4,4.528e-05,0.00390412,3148.0939,119.53865744256464
17570,קניון נהריה/זלמן שז''ר,צפון,חיפה,32.989332,35.094168,6,0.000197,3,3,8.445e-05,0.00390264,2158.3707,34.32763858607692
40269,הייב/כניסה דרומית,צפון,פריפריה,32.768007,35.309671,2,6.6e-05,1,1,1.417e-05,0.00390163,2653.6683,64.59244576428235
17451,חבצלת/שדרות קק''ל,מרכז,פריפריה,32.465093,34.976954,4,0.000131,2,2,2.85e-05,0.00389489,2573.9646,120.14861430076004
43504,שדרות לכיש/נחל רביבים,מרכז,פריפריה,31.62634,34.771151,3,9.8e-05,2,1,3.008e-05,0.00389478,3152.2851,107.99684272848383
1976,טשרניחובסקי/האקדמית גורדון,צפון,חיפה,32.825277,34.969622,4,0.000131,2,2,3.93e-05,0.00389049,2156.8778,29.991887776171602
34860,קופת חולים/המכבים,ירושלים,ירושלים,31.864711,35.167799,5,0.000164,2,3,3.858e-05,0.00388544,3393.3933,41.25998665199673
3124,ליאון בלום/מארק לברי,צפון,חיפה,32.802272,34.997864,3,9.8e-05,1,2,2.496e-05,0.00388033,2895.7931,83.4704671287067
7532,שדרות בית הלל/חפץ חיים,מרכז,פריפריה,31.934638,35.047961,6,0.000197,3,3,4.025e-05,0.00388009,2783.1436,84.02361090624073
35191,חניון שביל הפלמ''ח/כביש 899,צפון,פריפריה,33.117841,35.56801,3,9.8e-05,1,2,1.516e-05,0.0038765,1803.9832,280.90109955138314
5948,מועצה אזורית מבואות חרמון,צפון,פריפריה,33.122799,35.568909,2,6.6e-05,1,1,1.182e-05,0.00387259,1919.0136,130.07896385928288
49473,שדרות שבעת הכוכבים/משה דיין,מרכז,תל אביב,32.160435,34.81372,3,9.8e-05,1,2,5.871e-05,0.00386425,3409.9681,139.76540567988374
28242,חברון/נתיב גפן,דרום,פריפריה,31.26063,35.206924,7,0.00023,1,6,8.769e-05,0.00386357,3098.6969,106.34290357744126
43245,צומת מבוא כרמל,צפון,חיפה,32.619996,35.079978,3,9.8e-05,1,2,2.893e-05,0.00385881,2221.1408,150.11070761760095
19636,היב 1,צפון,פריפריה,32.76881,35.306943,2,6.6e-05,1,1,1.637e-05,0.0038582,2428.2733,45.97121248424808
15935,גן אירועים,מרכז,תל אביב,32.23374,34.968868,3,9.8e-05,1,2,5.984e-05,0.00385478,2495.9825,144.48284956889424
23660,שדרות ירושלים/מפרץ שלמה,מרכז,תל אביב,32.005196,34.799558,7,0.00023,5,2,7.97e-05,0.00385323,3729.2862,121.67407548836232
35572,ירכא/כניסה מזרחית,צפון,פריפריה,32.955222,35.222518,4,0.000131,3,1,1.776e-05,0.00385249,2433.5504,10.038107239116876
44061,קידמה/החלומות,מרכז,פריפריה,32.462734,35.054249,4,0.000131,1,3,9.45e-06,0.00384758,2891.6248,78.69913843761736
9875,צביה ויצחק/הסנונית,ירושלים,ירושלים,31.732602,35.185749,4,0.000131,3,1,4.5e-05,0.00384475,2982.1745,24.169917763773093
15931,עבד אל חי/חמזה,מרכז,תל אביב,32.233494,34.96169,6,0.000197,4,2,0.00010709,0.00384053,2304.218,132.2077801815398
1907,המלך דוד/אצל,צפון,חיפה,32.811814,34.958412,4,0.000131,2,2,4.73e-05,0.0038391,2504.2886,124.67489499322599
2766,ליאון בלום,צפון,חיפה,32.800915,35.000116,3,9.8e-05,2,1,2.335e-05,0.00383845,2630.3777,112.07990098518006
14363,ת. רכבת הרצליה,מרכז,תל אביב,32.163045,34.818347,5,0.000164,3,2,8.156e-05,0.00383739,3048.9478,105.35522350186748
6392,מסעף שלומי,צפון,פריפריה,33.073167,35.150026,5,0.000164,3,2,4.789e-05,0.00383359,1459.3392,71.17081243901039
10677,ככר ראס אלעמוד/ דרך יריחו,ירושלים,ירושלים,31.77359,35.240765,4,0.000131,3,1,9.562e-05,0.00383182,2244.3489,87.3831826756224
27814,קאנטרי קלאב/שדרות דוד טוביהו,דרום,באר שבע,31.256273,34.759125,8,0.000263,4,4,0.00011997,0.00383159,2919.6721,112.05774744389771
20556,מועצה מקומית,צפון,פריפריה,32.954757,35.215369,4,0.000131,3,1,7.281e-05,0.00382907,2245.7431,187.6395280665176
42443,שדרות לכיש/שדרות כרמי גת,מרכז,פריפריה,31.629012,34.773023,3,9.8e-05,1,2,3.065e-05,0.003829,2832.9063,21.117922415197704
19637,היב 2,צפון,פריפריה,32.771087,35.306429,2,6.6e-05,1,1,1.861e-05,0.00382534,2239.9554,94.6213347804416
48368,אלחזאן/אלבאדיה,דרום,באר שבע,31.382809,34.735194,2,6.6e-05,1,1,2.87e-05,0.00382515,2216.0897,104.86150216479518
1745,צומת ברטעה,מרכז,פריפריה,32.499317,35.068299,3,9.8e-05,1,2,7.55e-06,0.00382422,3726.475,78.28943844953787
28169,שדרות ירושלים/אגמית,מרכז,פריפריה,31.698355,34.578387,4,0.000131,3,1,3.87e-05,0.00382203,2454.0881,156.1174396777674
17718,חג'אג'רה ד'/בית ספר יסודי,צפון,חיפה,32.743567,35.197468,4,0.000131,1,3,3.247e-05,0.0038216,3007.3117,27.506801768293652
20373,בית ספר מאר אליאס,צפון,חיפה,32.818131,35.191262,6,0.000197,5,1,2.516e-05,0.00381835,2624.2945,123.06123811211712
1485,דרך עירון/המייסדים,מרכז,פריפריה,32.46727,34.990408,3,9.8e-05,1,2,9.63e-06,0.00381617,3419.6404,111.43273802163846
4941,שאול המלך/דבורה הנביאה,צפון,פריפריה,32.50459,35.493297,4,0.000131,2,2,3.108e-05,0.00381087,1541.4689,28.223753155622386
23221,צומת יד בנימין,מרכז,פריפריה,31.791696,34.825826,11,0.000361,4,7,5.819e-05,0.00380161,4221.7865,123.7383881165468
35118,מרכז קלור/כפר בלום,צפון,פריפריה,33.175424,35.613654,8,0.000263,4,4,2.661e-05,0.0038,1938.7861,385.50260583466627
42905,דרך ארץ/אודם,מרכז,פריפריה,32.467293,35.039674,3,9.8e-05,1,2,3.648e-05,0.00379826,2923.6548,79.04685913004712
34495,מוריה/שד. ירושלים,מרכז,פריפריה,32.10284,35.206225,10,0.000328,5,5,6.165e-05,0.00379706,3307.7325,102.70190467908539
26149,מרכז מסחרי/הציונות,מרכז,פריפריה,31.785777,34.643444,2,6.6e-05,1,1,1.626e-05,0.00379564,2913.9712,41.67360699955849
19638,היב 3,צפון,פריפריה,32.773663,35.305619,2,6.6e-05,1,1,2.056e-05,0.00379249,2079.9437,89.54291872740329
48370,אלחזאן/אריחא,דרום,באר שבע,31.381102,34.741521,2,6.6e-05,1,1,2.639e-05,0.0037923,2060.3869,107.04015804129575
43711,שדרות הרצל/שדרות גולדה מאיר,דרום,פריפריה,31.067749,35.031579,5,0.000164,3,2,2.181e-05,0.00379085,3004.8248,67.24548189540043
38511,אלערק ה,מרכז,פריפריה,32.499578,35.052083,2,6.6e-05,1,1,3.377e-05,0.0037887,2739.352,18.44547652248708
49559,אשכול פיס/חטיבה תשע,צפון,פריפריה,32.618078,35.288966,4,0.000131,3,1,8.711e-05,0.00378081,3715.9238,80.27518303185707
42952,דרך ארץ/ספיר,מרכז,פריפריה,32.463596,35.042466,4,0.000131,2,2,4.625e-05,0.00377826,2655.0572,87.72531948223926
25942,צומת אבא הילל סילבר/לצפון,מרכז,פריפריה,31.674937,34.60944,7,0.00023,2,5,6.811e-05,0.00377522,3327.8659,98.87218734896085
51984,המייסדים/אחוזה,מרכז,פריפריה,32.471721,34.99014,6,0.000197,2,4,5.915e-05,0.00377191,3058.537,128.47028680637203
11962,גילת/בטחה,דרום,באר שבע,31.332982,34.643427,6,0.000197,2,4,4.795e-05,0.00376809,3285.6637,122.65332975419818
2803,קניון חיפה/פלימן,צפון,חיפה,32.790214,34.962988,7,0.00023,3,4,4.347e-05,0.00376803,3551.4979,105.61563850950915
37090,בית ספר סלמאן,דרום,באר שבע,31.380161,34.742023,6,0.000197,3,3,5.417e-05,0.0037664,1929.509,10.049169622023552
20409,מסעף קיבוץ קדרים לדרום,צפון,פריפריה,32.893187,35.479712,11,0.000361,7,4,5.372e-05,0.00376094,3878.8264,427.66729312284673
19639,היב 4,צפון,פריפריה,32.777762,35.304466,2,6.6e-05,1,1,2.296e-05,0.00375964,1942.1747,191.36810615457554
19929,מסעף כפר בלום צפון,צפון,פריפריה,33.187258,35.611504,5,0.000164,4,1,3.928e-05,0.00375808,1935.8489,124.86377641101659
6879,מסעף אליקים למערב,צפון,חיפה,32.635594,35.068832,5,0.000164,2,3,4.047e-05,0.00375618,3617.1092,129.53680573784405
48874,סחלב/גרנית,דרום,פריפריה,31.533176,34.593976,2,6.6e-05,1,1,2.654e-05,0.00375613,2117.9943,142.80804717048673
38504,אלערק ד,מרכז,פריפריה,32.498782,35.050701,2,6.6e-05,1,1,3.377e-05,0.00375585,2498.5867,62.204672862513405
35283,ת. רכבת משה דיין,מרכז,תל אביב,31.987896,34.758433,7,0.00023,2,5,1.594e-05,0.00375459,3619.4866,98.69786651634234
40292,אלבייאדה,צפון,פריפריה,32.717591,35.354935,3,9.8e-05,2,1,5.51e-06,0.00375008,2309.7277,86.80085190435982
22668,קק''ל/כצנלסון,מרכז,תל אביב,32.023428,34.755606,5,0.000164,3,2,2.681e-05,0.00374702,3055.6184,42.30154437279247
9876,מעון נכים/צביה ויצחק,ירושלים,ירושלים,31.733273,35.182873,2,6.6e-05,1,1,4.165e-05,0.00374599,2692.7553,130.95456721914817
29085,בית חולים יוספטל,דרום,פריפריה,29.5549,34.940085,7,0.00023,3,4,4.568e-05,0.00374507,3002.5678,39.012248230624344
3373,יעקב דורי/גשר גדוד 21,צפון,חיפה,32.793937,35.02211,3,9.8e-05,2,1,5.913e-05,0.00374345,3451.2534,109.83327026595512
11120,מחלף מסילת ציון,ירושלים,ירושלים,31.798074,35.014756,9,0.000295,2,7,5.065e-05,0.00374134,4288.9189,44.11890158049921
3860,אבא חושי/שינדלר,צפון,חיפה,32.766833,35.011845,6,0.000197,2,4,7.123e-05,0.00374132,3335.1555,24.143820880119428
4826,משטרה,צפון,פריפריה,32.501933,35.493744,3,9.8e-05,1,2,6.095e-05,0.00374095,1501.8716,62.63675125632182
26886,צומת מחנה נתן,דרום,באר שבע,31.219722,34.804661,9,0.000295,5,4,2.742e-05,0.00373658,3437.5092,98.35621148806203
25208,א.ד. גורדון/עמיצור אברהם,מרכז,תל אביב,32.088524,34.898788,5,0.000164,2,3,1.606e-05,0.00372819,3021.0164,52.12888416715429
2483,בן צבי/צהל,צפון,חיפה,32.845411,35.066931,5,0.000164,2,3,5.319e-05,0.00372809,1796.5939,85.17478198541085
40312,הייב 4,צפון,פריפריה,32.779806,35.303297,3,9.8e-05,1,2,2.406e-05,0.00372678,1822.4791,66.06003041709909
19458,הגיבורים/השיטה,צפון,חיפה,32.655414,35.105809,5,0.000164,2,3,4.294e-05,0.00372665,2966.865,52.73347441349944
39237,שדה אליעזר כניסה,צפון,פריפריה,33.046059,35.571183,5,0.000164,3,2,2.915e-05,0.00372663,2350.8651,77.59970971131678
48560,יהושע בן נון/מרים הנביאה,דרום,פריפריה,31.535558,34.590477,4,0.000131,2,2,3.122e-05,0.00372586,1980.0086,65.91919737200453
36028,באר אלבום/אלשייך אבו עלא,מרכז,פריפריה,32.396255,35.039041,2,6.6e-05,1,1,4.283e-05,0.00372444,2057.1779,10.67348514067825
38512,אלערק ג,מרכז,פריפריה,32.497923,35.049612,2,6.6e-05,1,1,3.377e-05,0.00372299,2298.7311,89.42219789652353
28762,בית ספר רב תחומי,דרום,באר שבע,31.161817,35.023882,2,6.6e-05,1,1,3.433e-05,0.00372128,2591.0198,99.60175251339663
18959,צומת שפרעם,צפון,חיפה,32.795377,35.170547,8,0.000263,6,2,5.077e-05,0.00371718,3518.6983,134.59430225410634
10321,קרית הממשלה/לורך,ירושלים,ירושלים,31.783663,35.199886,6,0.000197,3,3,2.176e-05,0.00371631,3835.7943,77.65106157960857
25765,שד.לוי אשכול/פרופסור יוסף שטרן,דרום,באר שבע,31.279626,34.802006,4,0.000131,2,2,2.488e-05,0.00371453,3242.3649,98.04038510683911
44547,הרב פנחס מילר,צפון,פריפריה,32.729129,35.343026,9,0.000295,4,5,1.988e-05,0.00371373,3202.2382,38.94109111123161
9877,צביה ויצחק/החסידה,ירושלים,ירושלים,31.734983,35.181506,2,6.6e-05,1,1,4.171e-05,0.00371314,2459.6867,113.74637669236812
21404,שדרות הרצל/שיבת ציון,מרכז,תל אביב,31.937407,34.866101,7,0.00023,3,4,5.699e-05,0.00371008,2938.6369,18.674446778809894
23583,שדרות הארץ/דרך הפרחים,מרכז,תל אביב,32.220044,34.993493,5,0.000164,2,3,3.54e-05,0.00370881,2862.5958,20.398871314393762
41974,מצפה הר הזיתים/מלון שבע הקשתות,ירושלים,ירושלים,31.776233,35.243345,4,0.000131,2,2,3.529e-05,0.00370819,2749.2228,271.16325751435863
7054,סלמה,צפון,פריפריה,32.893402,35.360166,5,0.000164,3,2,2.726e-05,0.0037062,2675.9722,188.42350500248133
7034,אעבלין/יציאה דרומית,צפון,חיפה,32.817413,35.189901,7,0.00023,2,5,3.42e-05,0.00370608,2417.0504,73.57587317372489
35493,אלקנה/מכללת אורות,מרכז,תל אביב,32.113555,35.033877,7,0.00023,3,4,2.758e-05,0.0036992,3671.2829,43.894424831670115
15255,תחנת רכבת לוד/יוספטל,מרכז,תל אביב,31.946838,34.879725,8,0.000263,4,4,8.556e-05,0.00369859,2903.5826,85.62620539148625
2496,ליאון בלום/חנה סנש,צפון,חיפה,32.798866,34.999772,4,0.000131,1,3,3.931e-05,0.00369519,2415.3765,111.49638702979014
17092,תיכון אורט רונסון,צפון,חיפה,32.705516,35.059903,3,9.8e-05,1,2,4.228e-05,0.00369287,2440.3339,127.94228708188749
22865,צומת כוכב יאיר,מרכז,תל אביב,32.221199,34.980929,6,0.000197,3,3,2.235e-05,0.0036927,2951.7395,99.10370370904452
36027,אלשאפעי/באר אלבום,מרכז,פריפריה,32.396342,35.035366,3,9.8e-05,1,2,5.852e-05,0.00369208,1920.2997,38.661782115388014
38503,אלערק ב,מרכז,פריפריה,32.495073,35.046379,2,6.6e-05,1,1,3.377e-05,0.00369014,2129.7748,320.55392032434537
28761,מועצה מקומית,דרום,באר שבע,31.163609,35.026568,2,6.6e-05,1,1,3.397e-05,0.00368843,2373.8865,36.427702504777784
12432,סטרומה/טיילת ספורט,דרום,פריפריה,31.074733,35.03373,6,0.000197,3,3,9.438e-05,0.00368595,3004.0013,85.25641780491863
17421,שדרות בגין/היסעור,מרכז,פריפריה,32.443754,34.890246,3,9.8e-05,1,2,4.875e-05,0.00368445,3106.3098,105.64277678566224
17200,יעקב דורי/משאש,צפון,חיפה,32.790413,35.024652,6,0.000197,2,4,5.711e-05,0.00368409,3808.5213,54.576637265996375
9964,צביה ויצחק/המרגלית,ירושלים,ירושלים,31.738093,35.18221,4,0.000131,1,3,4.034e-05,0.00368128,2268.5297,110.89319209877604
28576,איקאה/יגאל אלון,דרום,באר שבע,31.226238,34.82352,3,9.8e-05,2,1,2.957e-05,0.00367854,3257.0008,190.56899699710846
18015,הרב קוק/ז'בוטינסקי,צפון,פריפריה,33.015356,35.281995,7,0.00023,3,4,0.0001675,0.00367602,2067.7626,172.13147939690532
14633,רבוצקי/אחוזה,מרכז,תל אביב,32.179302,34.884776,6,0.000197,3,3,1.587e-05,0.00367406,3361.6326,31.098809312349797
16285,הרב עובדיה יוסף/שלום צלח,מרכז,תל אביב,32.078751,34.912098,5,0.000164,2,3,5.915e-05,0.00366939,2967.5788,69.58221543061731
17739,מסעף בצת,צפון,פריפריה,33.075848,35.129437,4,0.000131,2,2,6.405e-05,0.00366657,1328.9618,94.57889264783384
24057,יוספטל/אילת,מרכז,תל אביב,32.014706,34.764162,6,0.000197,3,3,4.17e-05,0.00366445,3252.1681,29.24854300043175
40310,הייב/יציאה צפונית,צפון,פריפריה,32.784806,35.303287,3,9.8e-05,2,1,2.706e-05,0.00366107,1716.735,74.18989104446028
9681,שדרות האוניברסיטה העברית/קציר,ירושלים,ירושלים,31.797179,35.235092,13,0.000427,7,6,9.787e-05,0.0036576,3426.4942,45.93513402349508
38513,אלערק א,מרכז,פריפריה,32.494587,35.04301,2,6.6e-05,1,1,3.377e-05,0.00365728,1984.8407,68.00886627117936
27825,קאנטרי קלאב/שדרות דוד טוביהו,דרום,באר שבע,31.257609,34.758453,5,0.000164,3,2,3.828e-05,0.00365575,3051.3154,90.02630547848382
28760,בית ספר אבו עראר,דרום,באר שבע,31.165665,35.028691,2,6.6e-05,1,1,3.381e-05,0.00365557,2192.6478,79.9501737715378
27810,צומת דבירה,דרום,באר שבע,31.423239,34.786073,11,0.000361,5,6,3.378e-05,0.0036534,4105.8235,179.84407318159586
17422,שדרות בגין/הראשונים,מרכז,פריפריה,32.443887,34.887436,3,9.8e-05,2,1,5.142e-05,0.00365233,2796.2063,23.57407153577093
27885,צומת תקומה,דרום,פריפריה,31.444428,34.573947,4,0.000131,2,2,2.825e-05,0.00364466,2432.0408,116.43490398493545
42472,קדר,מרכז,ירושלים,31.747017,35.301774,5,0.000164,3,2,2.952e-05,0.00364358,3256.3901,863.2601768142794
21818,המלאכה/השבעה,מרכז,תל אביב,32.020859,34.805102,7,0.00023,5,2,4.866e-05,0.00363714,3617.4397,56.573460703264914
38863,נהר הירדן/נחל רפאים,ירושלים,פריפריה,31.710915,35.001446,3,9.8e-05,2,1,2.602e-05,0.00363467,3058.7141,95.40928409840755
16884,עבד אל כרים קאסם/אל ח'ליל,מרכז,תל אביב,32.118341,34.96741,5,0.000164,3,2,5.872e-05,0.00363283,2910.5458,19.13910717476343
15151,צומת בארותיים למזרח,מרכז,פריפריה,32.311949,34.987748,9,0.000295,5,4,7.146e-05,0.00363062,3395.8135,62.38448527609875
20605,בנק מרכנתיל,צפון,חיפה,32.871254,35.201482,4,0.000131,2,2,2.964e-05,0.0036289,2468.4365,121.21895983366541
2931,ביטוח לאומי,צפון,חיפה,32.707092,35.066915,4,0.000131,2,2,4.095e-05,0.00362825,2254.959,165.4517309515677
40315,רומאנה/כניסה מערבית,צפון,פריפריה,32.786094,35.309538,2,6.6e-05,1,1,2.927e-05,0.00362822,1622.4381,145.75501036852467
10845,נחל לוז/נחל גילה,ירושלים,פריפריה,31.709542,34.994111,3,9.8e-05,1,2,4.433e-05,0.0036269,2915.8921,133.5451713674163
20026,מסעף כפר גלעדי,צפון,פריפריה,33.237131,35.576572,2,6.6e-05,1,1,2.139e-05,0.00362572,1615.5436,300.1250070004308
38501,אלסנדחאוי ב/טארק בן זיאד,מרכז,פריפריה,32.497728,35.041899,2,6.6e-05,1,1,3.377e-05,0.00362443,1859.0071,54.2122865255216
48297,צה''ל,מרכז,פריפריה,32.443329,34.937861,4,0.000131,2,2,6.255e-05,0.00362422,3208.1594,87.0480016494634
1929,אנקואה/האצל,צפון,חיפה,32.815088,34.960151,4,0.000131,1,3,4e-05,0.00362383,2508.4129,22.60711828299715
28753,טיפת חלב,דרום,באר שבע,31.165647,35.030566,3,9.8e-05,1,2,3.39e-05,0.00362272,2039.0259,59.54186679701803
25304,פלפלה/עבד אל כרים קאסם,מרכז,תל אביב,32.113056,34.963889,3,9.8e-05,2,1,3.359e-05,0.00362199,3243.1039,63.0669628575443
6870,צומת רמת השופט,צפון,חיפה,32.611873,35.084602,3,9.8e-05,2,1,3.121e-05,0.00362004,2063.6876,117.83765486486644
18195,תחנה מרכזית נצרת,צפון,פריפריה,32.701639,35.2989,7,0.00023,5,2,0.00011765,0.00362003,2604.8572,56.33049647848742
11217,מסעף בית נקופה,ירושלים,ירושלים,31.802234,35.123351,2,6.6e-05,1,1,7.06e-06,0.0036171,3976.6461,177.1787018215747
21865,ירושלים/דניאל,מרכז,תל אביב,32.025814,34.750723,4,0.000131,2,2,2.76e-05,0.00361615,2761.5843,102.1691111599179
9395,טשרניחובסקי/הרצוג,ירושלים,ירושלים,31.768817,35.208391,4,0.000131,1,3,6.403e-05,0.0036144,3004.3286,15.665215249495684
44746,מעלה זיתים/דרך בית לחם הישנה,ירושלים,ירושלים,31.771779,35.24121,3,9.8e-05,2,1,6.504e-05,0.00361331,2081.1302,61.4680957224199
22876,אגוז/אורן,מרכז,תל אביב,32.222203,34.989111,3,9.8e-05,2,1,3.29e-05,0.00361323,2599.3394,196.0283673950725
10541,שד.החושן/אופיר,ירושלים,ירושלים,31.808218,35.156291,4,0.000131,1,3,4.137e-05,0.00361179,3173.38,86.87006248250721
41202,בסיס מזון חצרים/2357,דרום,באר שבע,31.241682,34.746891,2,6.6e-05,1,1,2.131e-05,0.00361073,1917.9709,157.10149875303185
47963,ת. מרכזית נתניה/רציפים,מרכז,תל אביב,32.326889,34.85874,5,0.000164,2,3,3.895e-05,0.00360622,3888.3516,0.0
34652,צומת רבבה,מרכז,פריפריה,32.122835,35.129922,8,0.000263,5,3,2.897e-05,0.00360536,4036.9408,101.21626937103495
25982,יהודה הנשיא/הלל,מרכז,פריפריה,31.792357,34.665887,6,0.000197,4,2,5.298e-05,0.00360482,3509.7376,85.70680896325803
35589,שדרות בית הלל/עטרת שלמה,מרכז,תל אביב,31.936169,35.042157,2,6.6e-05,1,1,4.147e-05,0.00360417,3400.8105,20.971347303057907
2157,החשמל/חטיבת כרמלי,צפון,חיפה,32.797615,35.017773,5,0.000164,2,3,3.395e-05,0.00360067,2957.9214,84.70495388853439
42151,ביענה כניסה,צפון,פריפריה,32.926182,35.275847,4,0.000131,3,1,3.112e-05,0.00360008,2853.7597,14.444984518572452
26613,צומת ניר בנים,מרכז,פריפריה,31.677873,34.765325,7,0.00023,5,2,5.263e-05,0.00359899,3464.4867,67.74359419092234
8326,האלמוג/חלוקי נחל,מרכז,ירושלים,31.789164,35.310064,3,9.8e-05,1,2,3.708e-05,0.00359816,3252.7846,61.64043252489447
27589,דוד בוזגלו/רפאל אלנקווה,דרום,באר שבע,31.305739,34.627829,5,0.000164,2,3,6.172e-05,0.00359799,2101.5419,109.25256370800254
2320,ירושלים/משה שרת,צפון,חיפה,32.840708,35.06814,2,6.6e-05,1,1,2.622e-05,0.00359771,2031.7618,46.78755868015928
18970,כפר גלעדי,צפון,פריפריה,33.242363,35.574841,4,0.000131,2,2,3.304e-05,0.00359644,1531.938,603.6347892074082
9715,אולמי אורה/יסמין,ירושלים,ירושלים,31.753246,35.153717,2,6.6e-05,1,1,9.44e-06,0.00359539,2583.5896,24.355807676954708
40316,רומאנה/יציאה מזרחית,צפון,פריפריה,32.787281,35.312373,2,6.6e-05,1,1,3.35e-05,0.00359537,1538.4785,33.41166252259957
36928,שדרות בית הלל/שדרות אביי ורבא,מרכז,תל אביב,31.935553,35.046439,6,0.000197,2,4,7.027e-05,0.00359479,3043.8201,27.9191804466609
17447,חטיבת גולני/ניצנים,מרכז,פריפריה,32.43254,34.942197,3,9.8e-05,2,1,2.931e-05,0.00359353,2880.33,58.78007810514489
38502,אלסנדחאוי ו/טארק בן זיאד,מרכז,פריפריה,32.496733,35.036466,2,6.6e-05,1,1,3.377e-05,0.00359158,1748.6415,186.7719189824941
16223,הרב עובדיה יוסף/נווה רעים,מרכז,תל אביב,32.077844,34.914199,2,6.6e-05,1,1,3.377e-05,0.00359154,2681.184,14.935028079033602
1176,שדרות דוד המלך/גלפנשטיין,צפון,פריפריה,32.500749,34.921172,6,0.000197,3,3,7.763e-05,0.00358969,2766.5112,37.438356166794186
23723,וייצמן/כצנלסון,מרכז,תל אביב,31.816458,34.779564,5,0.000164,3,2,4.349e-05,0.00358933,2726.7123,22.359218095163506
40289,מוחמד מוסא ח'טיב,צפון,פריפריה,32.715598,35.35362,3,9.8e-05,2,1,3.792e-05,0.003589,2138.2829,62.714037744001956
5755,מראר,צפון,פריפריה,32.883941,35.420877,5,0.000164,2,3,0.00011052,0.00358875,1978.4685,111.9536695453859
42280,איקאה/ירדן,דרום,באר שבע,31.224622,34.821167,3,9.8e-05,1,2,3.364e-05,0.00358805,2914.9123,80.4121493141888
12781,שכונה 18,דרום,באר שבע,31.384568,34.734412,3,9.8e-05,1,2,7.581e-05,0.00358655,2215.3011,18.83408317077395
11220,קריית ענבים/מלון כרמים,ירושלים,ירושלים,31.811461,35.12093,2,6.6e-05,1,1,1.11e-05,0.00358424,3457.5237,70.17301347994929
19580,צומת אזור תעשייה טמרה,צפון,חיפה,32.848568,35.165998,4,0.000131,1,3,2.49e-05,0.0035831,3345.9969,133.38200672522814
42515,תחנת רכבת רעננה מערב/דרך ירושלים,מרכז,תל אביב,32.180419,34.852723,6,0.000197,3,3,0.00012535,0.00358244,2534.6056,41.26139054577517
47145,מחלף יפתחאל/יציאה לכביש 79,צפון,חיפה,32.767526,35.224461,7,0.00023,4,3,5.597e-05,0.00358046,3694.5427,122.51338780528097
9921,הראל/יצחק נסים,ירושלים,ירושלים,31.805116,35.151793,4,0.000131,3,1,2.263e-05,0.00357933,3174.3395,70.58583425717546
27014,בסיס מזון חצרים,דרום,באר שבע,31.241593,34.743661,2,6.6e-05,1,1,1.948e-05,0.00357788,1799.1362,119.73363579554257
36024,אלשאפי/אלכוואריג,מרכז,פריפריה,32.398016,35.034084,3,9.8e-05,2,1,5.754e-05,0.00357742,1801.1898,77.96303744350342
1795,כצנלסון/אלכסנדר זייד,צפון,חיפה,32.706857,35.123604,8,0.000263,5,3,4.107e-05,0.00357672,2811.4223,52.36182980756233
39699,עראביה/52,צפון,פריפריה,32.811279,35.26731,3,9.8e-05,1,2,3.409e-05,0.00357545,2299.9736,80.2527960715373
1996,ההגנה/יואב,צפון,חיפה,32.830145,34.975488,3,9.8e-05,1,2,3.764e-05,0.00357445,2563.6697,33.66036289038768
5305,מסעף סמדר,צפון,פריפריה,32.714889,35.493985,4,0.000131,2,2,2.689e-05,0.00356642,2474.6351,82.89227038948425
9725,הרב פרדס/שדרות נווה יעקב,ירושלים,ירושלים,31.840649,35.24107,2,6.6e-05,1,1,3.094e-05,0.00356448,2867.0974,21.71431099970808
28200,הקנאים/דוד המלך,דרום,פריפריה,31.26177,35.211584,3,9.8e-05,2,1,1.821e-05,0.00356437,2787.8807,21.96170005170184
7022,נוף הגולן/נוף הכנרת,צפון,פריפריה,32.952099,35.529255,4,0.000131,2,2,4.398e-05,0.00356314,2033.0445,160.0706066408572
11655,יסמין/אלה,ירושלים,ירושלים,31.752962,35.151841,2,6.6e-05,1,1,1.308e-05,0.00356254,2366.0544,86.95829602090484
40318,מועדון פיס לנוער,צפון,פריפריה,32.788256,35.316554,2,6.6e-05,1,1,3.423e-05,0.00356251,1463.0759,77.48492807692648
6868,רמת השופט,צפון,חיפה,32.608813,35.090315,3,9.8e-05,1,2,3.147e-05,0.00355972,1927.8637,86.14373406967046
38516,אלסנדחאוי א,מרכז,פריפריה,32.496199,35.03439,2,6.6e-05,1,1,3.377e-05,0.00355872,1650.9964,203.54989670719652
16389,נווה רעים/אופקים,מרכז,תל אביב,32.079924,34.915082,2,6.6e-05,1,1,3.377e-05,0.00355869,2449.0798,245.79299892697028
2454,מכבי אש/חלץ,צפון,חיפה,32.800097,35.021714,4,0.000131,2,2,3.429e-05,0.00355729,2843.1843,198.08830456796798
28089,אשלגן/זרחן,מרכז,פריפריה,31.593497,34.779923,3,9.8e-05,1,2,2.872e-05,0.00355205,2062.8058,25.670597963315863
11214,מלון כרמים,ירושלים,ירושלים,31.812584,35.118306,2,6.6e-05,1,1,1.453e-05,0.00355139,3070.0171,277.6148522922126
4241,ביר א-שמאלי,צפון,פריפריה,32.726808,35.320457,4,0.000131,1,3,4.242e-05,0.00355134,3053.6787,141.45488242793277
25733,מרכז רפואי סורוקה/דרך מצדה,דרום,באר שבע,31.258557,34.797527,4,0.000131,2,2,3.2e-05,0.00355112,3256.7908,103.33692315845131
2254,זבוטינסקי/אסף שמחוני,צפון,חיפה,32.808194,35.119179,4,0.000131,1,3,5.598e-05,0.00355097,1823.2654,29.176952287510527
51234,בנק מרכנתיל,צפון,פריפריה,32.74277,35.339067,4,0.000131,1,3,3.252e-05,0.00355049,2324.5343,47.140439243826656
17710,שדרות הנשיא בן צבי/מכבי אש,צפון,פריפריה,33.008263,35.108987,7,0.00023,4,3,7.854e-05,0.00354717,2046.0148,158.7401170628253
10535,שד.החושן/הראל,ירושלים,ירושלים,31.807641,35.155487,3,9.8e-05,2,1,4.735e-05,0.00354663,2847.0184,91.13696021871692
10353,הרב יצחק נסים/פיקרד,ירושלים,ירושלים,31.726324,35.223475,3,9.8e-05,2,1,5.902e-05,0.0035461,2973.2742,77.38033737936104
27012,צומת חצרים/2357,דרום,באר שבע,31.243425,34.720096,2,6.6e-05,1,1,1.727e-05,0.00354502,1695.2864,129.53242574973686
6009,דואר,צפון,חיפה,32.850845,35.200835,3,9.8e-05,2,1,5.927e-05,0.00354356,1826.5281,34.12684538651873
28765,בית ספר אלנג'אח,דרום,באר שבע,31.163071,35.00852,5,0.000164,3,2,4.406e-05,0.00354355,3095.3342,44.90359872250513
14469,קרן היסוד/שלווה,מרכז,תל אביב,32.180396,34.814173,2,6.6e-05,1,1,2.616e-05,0.00354147,2774.0017,181.900351107917
10777,נחל לוז/נחל רפאים,ירושלים,פריפריה,31.711116,34.996249,3,9.8e-05,2,1,4.501e-05,0.00353984,2640.5474,35.948506084684375
42714,דבורה הנביאה/אליהו הנביא,ירושלים,פריפריה,31.702702,34.995805,4,0.000131,2,2,5.147e-05,0.00353958,3055.4567,66.8660576945047
12823,ת. רכבת השלום,מרכז,תל אביב,32.073483,34.791645,10,0.000328,6,4,4.947e-05,0.00353749,3752.9604,118.81908685690932
40881,דרך הטייסים/ירושלים,דרום,באר שבע,31.302921,34.629703,3,9.8e-05,1,2,2.107e-05,0.00353604,1958.9142,53.082282236260205
26818,הקנאים/יאשיהו,דרום,פריפריה,31.262838,35.213628,4,0.000131,1,3,2.063e-05,0.00353339,2542.3681,34.36922047536908
3075,אלנבי,צפון,חיפה,32.830346,34.970092,4,0.000131,2,2,5.24e-05,0.00353129,2355.0607,71.12500362425091
28926,בי''ח פסיכיאטרי/הצדיק מירושלים,דרום,באר שבע,31.272021,34.784382,6,0.000197,3,3,3.35e-05,0.00353081,3220.9485,214.8735012662752
21275,צומת יסוד המעלה,צפון,פריפריה,33.046024,35.573455,2,6.6e-05,1,1,2.655e-05,0.00353047,2172.0014,84.319730613609
11657,מועדון נוער/יסמין,ירושלים,ירושלים,31.751882,35.150686,2,6.6e-05,1,1,1.638e-05,0.00352968,2184.7647,27.079124841665244
19642,בית ספר,צפון,פריפריה,32.789281,35.319033,2,6.6e-05,1,1,3.416e-05,0.00352966,1394.9629,43.363189304684454
27822,שדרות דוד טוביהו/דרך מצדה,דרום,באר שבע,31.252417,34.769507,5,0.000164,3,2,4.502e-05,0.00352963,3035.764,92.72473096078402
24569,הנרייטה סולד/יורדי הים,מרכז,תל אביב,32.147839,34.875478,3,9.8e-05,2,1,3.744e-05,0.00352766,2932.7433,10.825174300557892
40418,ח'לית אלג'זאל,צפון,חיפה,32.861185,35.192877,4,0.000131,1,3,6.473e-05,0.00352749,2085.6206,70.05250451012122
10264,צומת רמות/ידין,ירושלים,ירושלים,31.806286,35.204892,27,0.000886,17,10,6.612e-05,0.00352725,4067.6116,204.43521911386534
34352,אלקנה/טרמפיאדה,מרכז,תל אביב,32.112465,35.035487,3,9.8e-05,2,1,2.576e-05,0.00352633,3229.3995,140.36671714391815
5026,דרך גולני/דוד אלעזר,צפון,פריפריה,32.626493,35.322438,7,0.00023,4,3,4.513e-05,0.00352612,3350.9923,103.72193960076984
38518,אבן סינאא ג,צפון,פריפריה,32.500082,35.038492,2,6.6e-05,1,1,3.377e-05,0.00352587,1563.95,275.4425079330561
16339,יחיעם/עמיקם,מרכז,תל אביב,32.079923,34.918087,2,6.6e-05,1,1,3.377e-05,0.00352583,2256.0733,247.81755188701223
27440,קניון ברנע/קדש,מרכז,פריפריה,31.69141,34.575761,5,0.000164,2,3,2.798e-05,0.00352532,2265.2769,66.43879971413145
41448,שדרות רחל אמנו/זית שמן,מרכז,ירושלים,31.668465,35.164376,5,0.000164,1,4,7.258e-05,0.00352224,2461.6259,149.85471074657602
51421,מחלף קריית המודיעין/כביש 60,דרום,באר שבע,31.286565,34.87009,7,0.00023,2,5,2.885e-05,0.0035206,3693.0246,84.58603411212579
19616,פאולוס השישי/תאופיק זיאד,צפון,פריפריה,32.699861,35.296647,4,0.000131,1,3,0.00010159,0.00351968,2394.8112,20.512400320461396
786,מרכז רפואי מכבי הופיין,מרכז,תל אביב,32.014255,34.766926,5,0.000164,3,2,3.738e-05,0.00351659,2935.0682,48.72744085178476
43373,המשנה,מרכז,פריפריה,31.779244,34.660972,7,0.00023,3,4,5.784e-05,0.00351514,4017.5983,110.76112620783468
2573,רופין/קניאל,צפון,חיפה,32.798871,35.001669,8,0.000263,2,6,4.519e-05,0.00351498,3549.7041,71.06046966898128
39356,ניר בנים/נתיב האפרסק,מרכז,פריפריה,31.672356,34.755953,3,9.8e-05,1,2,3.687e-05,0.00351479,3071.0723,287.0953453447941
28327,צומת פלוגות לדרום,מרכז,פריפריה,31.625608,34.756787,13,0.000427,6,7,2.731e-05,0.00351401,3994.1437,100.79016346353086
39593,חצרים מזכירות,דרום,באר שבע,31.239983,34.714882,3,9.8e-05,1,2,3.103e-05,0.00351255,1604.0713,339.3155595871855
9566,תחנת רק''ל יפה נוף,ירושלים,ירושלים,31.776787,35.185059,15,0.000492,9,6,0.0001236,0.00351136,3430.2562,11.85800574039364
18777,בית ספר מגידו / 6953,צפון,חיפה,32.600411,35.097593,5,0.000164,3,2,5.196e-05,0.00351126,1810.3658,55.99902839574877
2253,ז'בוטינסקי/יבניאלי,צפון,חיפה,32.808818,35.120924,2,6.6e-05,1,1,5.516e-05,0.00350907,1715.0435,111.98990868658915
14409,הנשיא/קרן היסוד,מרכז,תל אביב,32.18118,34.811586,2,6.6e-05,1,1,2.708e-05,0.00350861,2525.3406,211.94558784711433
15966,אגוז/אלון,מרכז,תל אביב,32.220443,34.989231,2,6.6e-05,1,1,3.304e-05,0.00350828,2380.406,157.74111426591196
35393,מושב מרחביה,צפון,פריפריה,32.605816,35.31808,3,9.8e-05,1,2,1.723e-05,0.00350452,2258.6766,67.08415479069878
36925,חניון תח''צ/שדרות בית הלל,מרכז,פריפריה,31.934222,35.049032,9,0.000295,3,6,5.017e-05,0.00350377,2756.0387,108.41193313211201
20680,צומת כפר יהושע,צפון,חיפה,32.682793,35.121891,5,0.000164,3,2,5.474e-05,0.00350213,3202.6411,152.67438117906923
40426,אצטדיון טרנר,דרום,באר שבע,31.273006,34.781099,4,0.000131,0,4,5.11e-06,0.00350097,3138.5494,96.7337538960476
19775,כיכר הגיבורים/היסמין,צפון,חיפה,32.65897,35.109429,4,0.000131,2,2,3.686e-05,0.00350047,2683.6962,80.67186346035852
21015,בלאל/דרך שפרעם,צפון,פריפריה,32.721772,35.29294,3,9.8e-05,1,2,2.523e-05,0.00349981,2627.019,95.88581121347323
12783,שכונה 18,דרום,באר שבע,31.385183,34.734595,2,6.6e-05,1,1,1.609e-05,0.00349885,2056.1668,10.86854014509202
43142,מעלה יצחק/הרב פינחס מילר,צפון,פריפריה,32.728331,35.341841,9,0.000295,6,3,2.747e-05,0.0034985,3041.9274,77.71865581558191
41408,שכונה 5/קופת חולים,דרום,באר שבע,31.158555,35.015297,3,9.8e-05,1,2,3.377e-05,0.00349787,2546.4893,60.51253880845399
20159,שכונה דרומית א,צפון,חיפה,32.77257,35.21809,4,0.000131,1,3,3.704e-05,0.00349764,3048.1064,41.862337749888155
19739,צומת השיכון,צפון,פריפריה,33.051449,35.59278,2,6.6e-05,1,1,2.915e-05,0.00349761,2020.5432,92.2813658727834
20999,אל-כורום/סאליזיאן,צפון,פריפריה,32.705246,35.289061,3,9.8e-05,2,1,7.296e-05,0.00349746,1634.8174,66.80981256079713
42906,אודם/דרך ארץ,מרכז,פריפריה,32.46682,35.040303,2,6.6e-05,1,1,1.708e-05,0.00349705,2426.7851,68.44737136600259
11656,יסמין/נרקיס,ירושלים,ירושלים,31.751923,35.149744,2,6.6e-05,1,1,1.936e-05,0.00349683,2030.7407,89.18544130117091
46494,נחל קדרון/נחל פרת,דרום,באר שבע,31.230142,34.822218,3,9.8e-05,2,1,5.832e-05,0.00349626,2418.5157,68.42943182644521
2448,גאזל/סלמן,צפון,חיפה,32.801591,35.020323,2,6.6e-05,1,1,3.377e-05,0.00349332,2580.596,56.817054015321766
23445,בית הכנסת אחיעזר/יהודה הנשיא,מרכז,תל אביב,32.051322,34.951638,5,0.000164,2,3,7.817e-05,0.00349319,3564.162,84.1880052758537
38520,אלירמוק/ח'לת אלשלח,צפון,פריפריה,32.505688,35.043269,2,6.6e-05,1,1,3.377e-05,0.00349302,1485.8354,49.72754037846731
16271,אליקים/הר ציון,מרכז,תל אביב,32.077771,34.918771,2,6.6e-05,1,1,3.377e-05,0.00349298,2092.6045,171.34455203721626
44017,תנופה/הגשמה,מרכז,פריפריה,32.460728,35.054007,4,0.000131,1,3,1.23e-05,0.0034926,2626.8783,76.84064964885341
8419,דרך צמח השדה/העירית,מרכז,ירושלים,31.769203,35.305366,3,9.8e-05,1,2,2.867e-05,0.00349043,2933.9126,113.96056102513977
202,האורזים/האר''י,מרכז,תל אביב,32.312257,34.869559,4,0.000131,2,2,4.175e-05,0.00348692,3394.929,70.17173868850996
44903,נחל פרת/שדרות יגאל אלון,דרום,באר שבע,31.227288,34.821936,2,6.6e-05,1,1,3.456e-05,0.00348681,2639.8486,30.532876297619747
2508,בריכת שחייה,צפון,חיפה,32.710503,35.126043,4,0.000131,1,3,4.111e-05,0.00348638,2664.9046,143.04521800438562
19396,פאולוס השישי/אבונא אוגו,צפון,פריפריה,32.697912,35.293956,3,9.8e-05,2,1,0.00010973,0.00348498,2216.9203,131.57193860584584
24414,קניון ג'י/כביש 55,מרכז,תל אביב,32.170574,34.929172,5,0.000164,2,3,4.078e-05,0.00348479,3058.7165,140.19783428860703
49268,א-סולטאני/אבן ח'לדון,מרכז,תל אביב,32.237264,34.963491,2,6.6e-05,1,1,3.377e-05,0.00348304,2130.103,136.1317514279246
9211,כנסיית העלייה/ראבע אל עדוויה,ירושלים,ירושלים,31.779097,35.244578,2,6.6e-05,1,1,2.706e-05,0.00347949,2501.8304,76.72626119067553
2256,אנילביץ/יצחק שדה,צפון,חיפה,32.808793,35.123983,3,9.8e-05,2,1,5.924e-05,0.00347908,1621.2821,36.02636599296645
17539,זלמן שז''ר/הצלף,צפון,חיפה,32.990007,35.089241,3,9.8e-05,2,1,2.741e-05,0.00347786,2004.4724,21.29615700206319
23724,וייצמן/העצמאות,מרכז,תל אביב,31.817042,34.782367,4,0.000131,1,3,2.835e-05,0.00347683,2485.1539,67.17285616040638
18775,מסעף עין העמק,צפון,חיפה,32.628729,35.077934,4,0.000131,2,2,3.247e-05,0.00347602,2892.8896,95.045709822614
26840,צבעוני,דרום,פריפריה,31.263152,35.223263,3,9.8e-05,2,1,2.884e-05,0.00347592,2334.6605,22.245312923665757
22877,אגוז/אלה,מרכז,תל אביב,32.220627,34.992899,2,6.6e-05,1,1,3.343e-05,0.00347543,2197.7778,65.25572349801037
36922,דרך צרפת/יצחק נדב,צפון,חיפה,32.822979,34.967502,3,9.8e-05,2,1,2.717e-05,0.00347413,2011.6416,68.41097743593541
48613,אלשאפעי/אלזעאריך,מרכז,פריפריה,32.40026,35.032128,2,6.6e-05,1,1,3.377e-05,0.00347145,1695.6475,61.01544311803155
41168,שדרות יגאל אלון/3855,ירושלים,פריפריה,31.752143,35.000006,9,0.000295,7,2,2.298e-05,0.00347098,3995.1256,86.23896928081676
50483,צומת נתיבות/שדרות ויצמן,דרום,פריפריה,31.446469,34.569822,3,9.8e-05,1,2,2.692e-05,0.00346901,2242.5228,177.1783132515169
6360,סמדר 1,צפון,פריפריה,32.715608,35.494219,3,9.8e-05,1,2,3.191e-05,0.00346847,2279.9861,82.89227038948425
8148,עפרה/יציאה,מרכז,פריפריה,31.955625,35.256997,6,0.000197,4,3,7.159e-05,0.00346625,2681.7342,23.078430172378656
41540,הכשרת הישוב/הבונים,דרום,באר שבע,31.219572,34.81243,3,9.8e-05,2,1,1.772e-05,0.00346612,2519.5607,126.31450634636609
15725,בית ספר אורמת/נחל חריף,מרכז,תל אביב,31.894514,34.734783,4,0.000131,3,1,1.303e-05,0.00346608,3370.0145,218.649736422125
28274,שכונה 18,דרום,באר שבע,31.384949,34.732377,2,6.6e-05,1,1,1.873e-05,0.00346599,1919.866,29.76401605572204
41405,מסגד אלסלאם,דרום,באר שבע,31.158495,35.011204,2,6.6e-05,1,1,3.377e-05,0.00346501,2336.0394,10.60304263976866
15414,צומת נווה הרצוג,מרכז,תל אביב,31.831106,34.692743,15,0.000492,2,13,5.146e-05,0.00346482,4026.1792,153.09365779965944
19738,המייסדים/התאנה,צפון,פריפריה,33.054745,35.602069,2,6.6e-05,1,1,2.634e-05,0.00346476,1889.8755,223.40277566356548
20993,אל-כורום/דואר,צפון,פריפריה,32.706266,35.287869,2,6.6e-05,1,1,3.377e-05,0.0034646,1545.1619,52.247171719564946
42910,שוהם/אשל,מרכז,פריפריה,32.468942,35.039768,2,6.6e-05,1,1,1.879e-05,0.0034642,2237.2272,33.88962208964606
9205,הארז/הדקל,ירושלים,ירושלים,31.752489,35.146737,2,6.6e-05,1,1,2.097e-05,0.00346398,1897.9609,30.291252701934454
10692,יצחק ניסים ד',ירושלים,ירושלים,31.727393,35.221741,2,6.6e-05,1,1,4.394e-05,0.00346391,2686.1639,90.17223384432545
9087,איזור תעשייה עטרות כניסה דרומית,ירושלים,ירושלים,31.852427,35.224677,2,6.6e-05,1,1,1.484e-05,0.00346306,2369.5694,201.58215324253825
3687,אופיר/הבשן,צפון,חיפה,32.805474,35.017648,2,6.6e-05,1,1,3.377e-05,0.00346047,2365.936,27.037986695723927
16270,הר ציון /האילנות,מרכז,תל אביב,32.076263,34.918397,2,6.6e-05,1,1,3.377e-05,0.00346013,1952.1323,55.74853571546745
41618,דוד בן גוריון/יפה נוף,צפון,פריפריה,33.07101,35.149291,2,6.6e-05,1,1,2.76e-05,0.00345751,1385.9388,12.90648057038319
35273,נוף החולה ב,צפון,פריפריה,32.948126,35.531272,4,0.000131,1,3,2.181e-05,0.00345359,1900.4318,112.2279081401214
8899,מסעף מבוא ביתר,ירושלים,ירושלים,31.718824,35.105044,9,0.000295,5,4,9.661e-05,0.00345358,4043.9629,241.86006391779017
2846,האורן/הברוש,צפון,חיפה,32.773636,35.039769,3,9.8e-05,1,2,2.928e-05,0.00345137,3252.6248,62.020589251503324
15533,בית החולים תל השומר/ילדים,מרכז,תל אביב,32.048024,34.842623,5,0.000164,1,4,4.925e-05,0.00345119,3314.7223,10.130981210320705
9902,ניקרגואה,ירושלים,ירושלים,31.758236,35.162352,4,0.000131,1,3,3.461e-05,0.00344979,2636.2874,39.79580452107396
48474,מרכז ביג/שדרות יגאל אלון,ירושלים,פריפריה,31.756903,34.985676,7,0.00023,4,3,3.215e-05,0.00344783,3756.356,78.80644577867484
39017,עין עאפיה/כניסה,צפון,חיפה,32.811825,35.186091,4,0.000131,2,2,3.949e-05,0.00344744,2223.7886,109.94036438869135
41839,מנחם דידנר/נחום גולדמן,דרום,באר שבע,31.28055,34.80492,3,9.8e-05,1,2,3.567e-05,0.00344719,2411.0545,23.51620359808097
11360,בית חולים מקאסד כניסה ראשית/ראבעה אל עדוויה,ירושלים,ירושלים,31.780277,35.246042,2,6.6e-05,1,1,2.585e-05,0.00344663,2298.674,10.657102889575043
48699,ישעי ח,ירושלים,פריפריה,31.751376,34.970619,3,9.8e-05,1,2,3.417e-05,0.00344631,3298.7289,193.22139073345375
2717,המלך דוד/המלך עוזיהו,צפון,חיפה,32.810059,34.958979,2,6.6e-05,1,1,3.909e-05,0.003445,2301.0681,78.64727750520872
324,שד. בנימין/שד. ירושלים,מרכז,תל אביב,32.324201,34.856548,7,0.00023,6,1,5.175e-05,0.00344273,3158.6651,31.783168219667616
455,צומת הדסים,מרכז,תל אביב,32.284115,34.897933,5,0.000164,4,1,3.507e-05,0.00344272,3063.496,119.17975557403518
49407,נחל פרת/נחל ערוגות,דרום,באר שבע,31.23233,34.823244,2,6.6e-05,1,1,2.835e-05,0.00344226,2229.5612,102.13354284156895
27017,צומת חצרים,דרום,באר שבע,31.243645,34.718758,3,9.8e-05,1,2,1.943e-05,0.0034385,1521.1773,129.53242574973686
40844,יעקב מכלוף/העצמון,מרכז,פריפריה,32.498863,35.491669,3,9.8e-05,2,1,2.755e-05,0.00343746,1463.0264,39.87344424483045
7773,המכבים/השקד,ירושלים,ירושלים,31.862471,35.165846,4,0.000131,2,2,3.746e-05,0.00343601,3021.7728,39.81818699633041
15429,מסעף כפר בילו,מרכז,תל אביב,31.877984,34.818665,3,9.8e-05,2,1,0.00011789,0.00343549,2847.1738,103.72140863974981
5808,סולם/כביש 7155,צפון,פריפריה,32.6064,35.331079,3,9.8e-05,2,1,3.685e-05,0.00343514,2098.26,135.61361998139049
17529,זלמן שז''ר/בלפור,צפון,חיפה,32.990325,35.087357,3,9.8e-05,1,2,2.812e-05,0.00343437,1872.6706,20.014796444726407
28277,אלתייסיר/אלתלאוה,דרום,באר שבע,31.388832,34.733305,2,6.6e-05,1,1,2.106e-05,0.00343314,1801.3428,86.89174048686988
44072,פארק רעננה מערב,מרכז,תל אביב,32.185479,34.8526,4,0.000131,2,2,3.927e-05,0.00343296,2326.3192,155.4326479755098
40075,הכשרת הישוב/החורש,דרום,באר שבע,31.216835,34.812557,2,6.6e-05,1,1,2.197e-05,0.003432,2313.2423,95.62743770596525
40936,מרכז פיס,צפון,פריפריה,32.958646,35.217125,2,6.6e-05,1,1,1.628e-05,0.003432,2080.9189,289.3016762667094
36985,נריה הנביא/זכריה הנביא,ירושלים,פריפריה,31.705202,34.977523,2,6.6e-05,1,1,4.881e-05,0.00343193,2791.6213,82.48814125695802
37131,מועצה מקומית/המייסדים,צפון,פריפריה,33.055535,35.604273,2,6.6e-05,1,1,2.501e-05,0.00343191,1775.7899,34.36564236311333
44934,מגדל הלבנון/השקמה,מרכז,תל אביב,32.113232,35.042807,5,0.000164,4,1,3.32e-05,0.00343182,2623.048,65.00289742632965
11658,הארז/האלון,ירושלים,ירושלים,31.752168,35.144939,2,6.6e-05,1,1,2.301e-05,0.00343112,1782.1434,69.15509983334981
11454,יצחק ניסים ג',ירושלים,ירושלים,31.72731,35.220016,3,9.8e-05,2,1,4.008e-05,0.00343106,2454.4556,67.64983133348872
51205,עין אל-מוקביי/חרבג'י,צפון,פריפריה,32.704739,35.281868,4,0.000131,2,2,1.499e-05,0.00343049,1601.2132,69.68257565297303
9084,עיתון אלקודס/דרך נמל התעופה,ירושלים,ירושלים,31.8573,35.222676,2,6.6e-05,1,1,1.145e-05,0.0034302,2188.839,67.60452795943793
684,דרך הארז/דרך ההדס,מרכז,פריפריה,32.319569,34.96444,3,9.8e-05,1,2,2.729e-05,0.00342876,2878.3725,24.240368259766875
11135,מסעף צור הדסה,ירושלים,ירושלים,31.722368,35.09109,5,0.000164,2,3,3.342e-05,0.00342865,3455.7349,112.53481320168133
2450,אופיר/העתיד,צפון,חיפה,32.807294,35.015431,2,6.6e-05,1,1,3.377e-05,0.00342762,2186.1439,24.560540961449274
25166,האילנות/המרגניות,מרכז,תל אביב,32.074913,34.920458,2,6.6e-05,1,1,3.377e-05,0.00342727,1829.9764,245.44525743675035
19487,שפרינצק/הירדן,צפון,פריפריה,33.209797,35.574761,4,0.000131,3,1,3.562e-05,0.00342684,2062.5178,38.5153497254434
19817,מסעף דליה,צפון,חיפה,32.592952,35.081918,2,6.6e-05,1,1,2.288e-05,0.00342622,1703.9165,88.78079662687111
987,שדרות וייצמן/מגדל,מרכז,תל אביב,32.192458,34.866262,6,0.000197,3,3,3.613e-05,0.00342494,2525.7373,108.4333448855212
43455,השיטה/אלון התבור,מרכז,פריפריה,32.476967,34.943145,2,6.6e-05,1,1,9.47e-06,0.0034248,2816.8106,208.36841279035076
41626,דוד בן גוריון,צפון,פריפריה,33.069449,35.148051,2,6.6e-05,1,1,2.841e-05,0.00342466,1321.7249,16.168749887134396
40287,משפחת מועד,צפון,פריפריה,32.716284,35.352047,2,6.6e-05,1,1,3.734e-05,0.00342436,1991.0466,21.312487069409034
1208,צומת אור עקיבא למערב,צפון,פריפריה,32.501394,34.926538,6,0.000197,3,3,3.074e-05,0.00342324,3052.6464,35.01296518636105
35978,כיכר החושן,ירושלים,פריפריה,31.868967,34.991002,5,0.000164,2,3,2.526e-05,0.00342311,3384.5935,72.23786512502387
42667,הנצי''ב/שדרות נהר הירדן,ירושלים,פריפריה,31.712455,35.002176,3,9.8e-05,1,2,3.005e-05,0.00342303,2756.237,82.96269402752867
8981,שד.בן גוריון/שד.הדקל,ירושלים,פריפריה,31.744038,34.980749,4,0.000131,2,2,5.471e-05,0.00342248,2655.6687,21.852509739366692
17735,מרכז רפואי גליל,צפון,פריפריה,33.007588,35.117857,5,0.000164,2,3,5.957e-05,0.00342185,1927.3152,125.84459134151585
25818,אודם/ספיר,דרום,פריפריה,31.263391,35.226317,4,0.000131,2,2,5.18e-05,0.00342134,2163.6275,128.0361990345106
36859,זריחה/אור,מרכז,ירושלים,31.755535,35.309205,3,9.8e-05,1,2,3.081e-05,0.00342088,2908.6038,230.7923955242526
38704,ספיר/רפפורט,מרכז,תל אביב,32.19095,34.891517,3,9.8e-05,2,1,3.772e-05,0.00342014,2871.1574,77.64854358132904
10113,יקותיאל אדם/תמיר,ירושלים,ירושלים,31.819004,35.236798,9,0.000295,1,8,6.416e-05,0.00341944,3717.7584,75.4851508253235
1177,שד. דוד המלך/הרימון,מרכז,פריפריה,32.49816,34.921163,5,0.000164,2,3,1.954e-05,0.00341887,2519.9124,35.27311940861995
41975,דרך מנהרת הר הצופים/מרטין בובר,ירושלים,ירושלים,31.789427,35.246539,2,6.6e-05,1,1,2.001e-05,0.00341485,3035.8154,57.41220781886719
41963,נחום שריג/עוזי נרקיס,דרום,באר שבע,31.283527,34.806085,2,6.6e-05,1,1,3.639e-05,0.00341434,2224.1864,135.41666994073677
48303,דרך עראבייה,צפון,פריפריה,32.811511,35.268814,3,9.8e-05,2,1,4.16e-05,0.00341383,2130.6725,64.03815757227355
24568,הנרייטה סולד/התאנה,מרכז,תל אביב,32.150189,34.875359,3,9.8e-05,2,1,3.226e-05,0.00341315,2653.9123,44.762325609585275
2718,המלך דוד/המלך אסא,צפון,חיפה,32.809219,34.959255,3,9.8e-05,1,2,3.808e-05,0.00341277,2131.9462,61.63931208308589
14585,קניון שבעת הכוכבים/יוסף נבו,מרכז,תל אביב,32.165409,34.823154,3,9.8e-05,1,2,2.921e-05,0.00341192,2751.5334,54.370049411970705
2845,האורן,צפון,חיפה,32.772642,35.040229,2,6.6e-05,1,1,2.847e-05,0.00340998,2911.0245,59.5026206485173
9485,שד' אשכול/משמר הגבול,ירושלים,ירושלים,31.797691,35.222887,5,0.000164,2,3,4.76e-05,0.00340948,3031.8936,53.442516278832194
44912,נחל ערוגות/נחל חבר,דרום,באר שבע,31.234621,34.820613,2,6.6e-05,1,1,2.736e-05,0.00340941,2069.5544,127.28501528474705
2363,דרך עכו/הגפן,צפון,חיפה,32.829962,35.080975,3,9.8e-05,1,2,7.348e-05,0.00340867,2746.2298,104.31801497301358
15254,נימרוב/פנקס,מרכז,תל אביב,31.94392,34.881408,5,0.000164,2,3,1.963e-05,0.00340628,2627.8621,102.32881279422666
48027,דרך הטייסים,דרום,באר שבע,31.301118,34.633315,3,9.8e-05,2,1,4.026e-05,0.00340304,1835.4425,75.56037785634882
51628,חבצלת/עמל,מרכז,פריפריה,32.464609,34.975809,2,6.6e-05,1,1,2.18e-05,0.00340265,2359.2868,120.14861430076004
34861,הרכס/נופי הסלע,מרכז,ירושלים,31.786209,35.310027,2,6.6e-05,1,1,3.29e-05,0.00340195,2906.2276,11.102908597802545
19305,כניסה למרכז הכפר,צפון,חיפה,32.868988,35.21035,3,9.8e-05,2,1,2.842e-05,0.00340192,1968.4225,86.56302230399692
42826,שדרות מנחם בגין/החופית,מרכז,פריפריה,32.443896,34.883977,2,6.6e-05,1,1,2.684e-05,0.00340084,2543.1628,99.563224911981
12785,שכונה 18,דרום,באר שבע,31.389703,34.734888,2,6.6e-05,1,1,2.254e-05,0.00340029,1697.1485,15.106596363709688
4086,צומת ערערה,צפון,פריפריה,32.502982,35.085499,9,0.000295,4,5,0.00010819,0.00340019,3731.6107,128.54632539586413
38393,המחקר/אבא הלל סילבר,מרכז,תל אביב,31.964181,34.90083,10,0.000328,4,6,5.316e-05,0.00339946,4070.0505,191.42305554218035
40959,בי''ס חדשני ג',צפון,פריפריה,32.961247,35.217868,2,6.6e-05,1,1,1.314e-05,0.00339915,1940.5659,10.129017127843321
2819,הצוללת דקר/פיקא,צפון,חיפה,32.786543,34.9963,4,0.000131,3,1,1.892e-05,0.00339909,2955.7496,55.444231020887656
37132,כיכר יסוד המעלה/המייסדים,צפון,פריפריה,33.057144,35.608824,2,6.6e-05,1,1,2.345e-05,0.00339905,1675.2967,72.022428932439
19778,בית ספר אורנים/לילך,צפון,חיפה,32.659547,35.111104,3,9.8e-05,2,1,3.607e-05,0.00339904,2451.7211,111.9595282400558
17120,חנה סנש/יזרעאל,צפון,חיפה,32.710852,35.128067,3,9.8e-05,1,2,3.597e-05,0.00339889,2435.8358,71.17891151342985
50601,אלירמוק,צפון,חיפה,32.810467,35.185273,2,6.6e-05,1,1,1.773e-05,0.00339876,2061.2652,17.088947778321163
10536,שד.החושן/אופיר,ירושלים,ירושלים,31.808444,35.157171,2,6.6e-05,1,1,4.741e-05,0.00339862,2584.228,86.87006248250721
16281,ספורטק/הרב עובדיה יוסף,מרכז,תל אביב,32.081548,34.906085,5,0.000164,3,2,6.095e-05,0.00339838,3321.4045,92.73139469375775
6267,בי''ס יסודי חגאגרה,צפון,חיפה,32.744488,35.197065,2,6.6e-05,1,1,3.328e-05,0.00339828,2715.0228,93.97222272042924
9631,הארז/הרימון,ירושלים,ירושלים,31.751949,35.14306,2,6.6e-05,1,1,2.513e-05,0.00339827,1680.1276,47.98245080141846
34378,צופית/שלדג,מרכז,תל אביב,32.173654,35.00628,2,6.6e-05,1,1,2.2e-05,0.00339823,2484.7459,155.76228774649664
1931,בר רב האי/סעדיה הגאון,צפון,חיפה,32.817993,34.963607,3,9.8e-05,2,1,5.304e-05,0.00339816,1997.3673,100.84923847274767
28642,צומת כרם שלום,דרום,פריפריה,31.210734,34.29409,2,6.6e-05,1,1,2.052e-05,0.00339793,1180.4486,132.3383040065176
1758,צומת אום אל פחם,צפון,פריפריה,32.533601,35.148165,12,0.000394,9,3,6.369e-05,0.00339631,3774.6536,113.0852792547469
22264,עזרא/וייס יום טוב,מרכז,תל אביב,31.89211,34.816343,10,0.000328,4,6,4.191e-05,0.0033961,3833.6147,22.105172570330456
6203,שכונת בלאל,צפון,פריפריה,32.721433,35.294279,2,6.6e-05,1,1,2.383e-05,0.00339536,2404.8022,34.84576631319076
13223,ת. רק''ל אלנבי/רוטשילד,מרכז,תל אביב,32.064045,34.775308,6,0.000197,3,3,1.328e-05,0.00339447,3139.7256,81.41828454389677
16802,רמז/הגליל,מרכז,תל אביב,31.962195,34.792339,5,0.000164,3,2,1.118e-05,0.00339412,3245.8273,81.28303775576339
18086,מרכז דליה,צפון,חיפה,32.590833,35.07531,3,9.8e-05,1,2,3.929e-05,0.00339351,1610.9736,575.6957745630053
25916,הכלנית/הנורית,מרכז,פריפריה,31.784433,34.654581,13,0.000427,8,5,0.00010118,0.00339236,3537.1087,33.04597838494033
3360,צומת נחל חדרה,מרכז,פריפריה,32.464571,34.914503,4,0.000131,2,2,1.495e-05,0.00339224,3513.793,127.14786853088167
27295,מגדל המים,דרום,באר שבע,31.304301,34.622633,5,0.000164,3,2,5.64e-05,0.00339223,2247.1975,70.83851218509682
43453,השיטה/הרדוף הנחלים,מרכז,פריפריה,32.474536,34.942117,2,6.6e-05,1,1,1.316e-05,0.00339194,2559.5177,84.42707892663269
50696,תל גבעון/תל שילה,דרום,פריפריה,31.06211,35.040588,3,9.8e-05,1,2,2.567e-05,0.00339184,2482.7262,56.929647864700804
41617,בי''ס ארז/דוד בן גוריון,צפון,פריפריה,33.069252,35.146434,2,6.6e-05,1,1,2.93e-05,0.00339181,1264.2669,64.04776544849048
8324,דרך צמח השדה/העירית,מרכז,ירושלים,31.769181,35.30686,3,9.8e-05,2,1,3.055e-05,0.00339148,2652.06,95.75713773753908
4193,אל-ואדי אל-ג'ואני/דיאנה,צפון,פריפריה,32.698405,35.292423,6,0.000197,4,2,0.00010694,0.00339029,2068.0425,20.62207150046794
43155,בית ספר שלהבת/נוף איילון,ירושלים,פריפריה,31.867451,34.985983,3,9.8e-05,2,1,2.407e-05,0.00338963,3011.3064,152.38857274666773
11276,הארזים/ההדר,ירושלים,פריפריה,31.74466,34.977659,2,6.6e-05,1,1,1.103e-05,0.00338721,2426.0264,200.67589680317093
16509,בית ספר טל/דרך מנחם בגין,מרכז,תל אביב,32.097546,34.960232,7,0.00023,2,5,4.702e-05,0.00338309,2770.0047,90.83514373812693
28832,צומת חלץ,מרכז,פריפריה,31.568544,34.643787,5,0.000164,3,2,2.573e-05,0.00338256,2459.5136,78.29397220622587
43936,נחום שריג/רחבעם זאבי,דרום,באר שבע,31.285419,34.805931,2,6.6e-05,1,1,3.799e-05,0.00338148,2066.4122,75.89741209934868
10155,מאיר גרשון/אלי תבין,ירושלים,ירושלים,31.819947,35.241101,4,0.000131,2,2,4.986e-05,0.00338136,2930.1578,43.58618736534963
25690,מסעף אמונים,מרכז,פריפריה,31.75265,34.662094,5,0.000164,2,3,3.504e-05,0.00338033,3523.7624,126.45378549143415
40359,ח'לאיל א נואר,צפון,חיפה,32.851311,35.187151,4,0.000131,2,2,2.795e-05,0.00338015,2616.6217,35.09807623518266
15428,צומת בילו,מרכז,תל אביב,31.872097,34.819403,9,0.000295,5,4,0.00014468,0.00337872,3181.9623,106.09527377808654
27292,קרית ספר/אליהו התשבי,דרום,באר שבע,31.301042,34.622582,3,9.8e-05,1,2,5.285e-05,0.00337728,2084.5772,17.34729876736651
2844,גן ציבורי/האורן,צפון,חיפה,32.771012,35.041002,2,6.6e-05,1,1,2.753e-05,0.00337713,2639.2377,43.297802629011514
22284,בית סוהר השרון/מחלף הדרים,מרכז,תל אביב,32.235422,34.885989,5,0.000164,2,3,4.802e-05,0.00337681,3371.547,139.38635482201028
10780,גולומב/קוליץ,ירושלים,ירושלים,31.755666,35.183779,8,0.000263,6,2,6.988e-05,0.00337479,3517.819,64.88346356572426
11529,אלי תבין א',ירושלים,ירושלים,31.817726,35.241574,3,9.8e-05,1,2,1.998e-05,0.00337337,2652.1803,24.127137032981786
20397,מחלף המוביל/למערב,צפון,חיפה,32.759074,35.232538,11,0.000361,6,5,8.47e-05,0.00337256,3680.4101,118.48829245104857
26932,שוהם/אודם,דרום,פריפריה,31.264193,35.227978,2,6.6e-05,1,1,3.336e-05,0.00337216,2009.9268,21.89466988660476
4503,אולם ספורט,צפון,פריפריה,32.713552,35.49861,3,9.8e-05,2,1,3.873e-05,0.00337192,2117.0935,100.21529479049865
46399,מחלף יפתחאל,צפון,חיפה,32.76858,35.226465,8,0.000263,4,4,5.271e-05,0.00337072,3386.4302,74.687133254535
8226,הרכס/השיש,מרכז,ירושלים,31.785154,35.309954,2,6.6e-05,1,1,3.372e-05,0.00336909,2632.6318,96.28525930265268
17022,בי''ס אורט,צפון,חיפה,32.705719,35.124944,2,6.6e-05,1,1,3.456e-05,0.00336799,2552.5997,118.79553399818168
12789,בית ספר ח'מיס,דרום,באר שבע,31.388592,34.737111,2,6.6e-05,1,1,2.341e-05,0.00336743,1604.7356,46.91595096541565
39374,דרור/קנריות,דרום,באר שבע,31.330637,34.64874,2,6.6e-05,1,1,5.82e-06,0.0033663,2930.3692,28.688772029780633
27927,מחנה אמיתי,דרום,פריפריה,31.204353,34.284683,3,9.8e-05,2,2,4.365e-05,0.0033663,1134.7708,1028.8300816386763
40957,צפון/מזרח,צפון,פריפריה,32.962309,35.217196,2,6.6e-05,1,1,9.45e-06,0.0033663,1818.7546,10.298198364612308
48808,בי''ס אלזייתון/עלי בן אבי טאלב,צפון,פריפריה,32.812798,35.267524,2,6.6e-05,1,1,2.704e-05,0.00336453,1984.794,20.113012985087522
772,שדרות העצמאות/רוטשילד,מרכז,תל אביב,32.026569,34.748079,6,0.000197,3,3,7.355e-05,0.00336258,2527.1755,91.55106948512986
51203,אום קוביי/רדיו א-שמס,צפון,פריפריה,32.707071,35.280243,2,6.6e-05,1,1,1.7e-05,0.00336115,1515.934,58.95344795022524
20603,צומת חנתון,צפון,חיפה,32.779251,35.244981,4,0.000131,2,2,4.219e-05,0.00336089,3028.4868,65.17806029790803
24201,צומת גבעת שמואל,מרכז,תל אביב,32.075268,34.846423,12,0.000394,6,6,5.273e-05,0.00335997,4079.4383,18.509988456755018
44363,האשל/השיטה,מרכז,פריפריה,32.472479,34.940006,2,6.6e-05,1,1,1.624e-05,0.00335914,2348.0914,72.59395276640389
1928,אנקווה/בר רב האי,צפון,חיפה,32.817085,34.959509,3,9.8e-05,2,1,4.092e-05,0.00335896,2311.4396,75.03961559644506
28645,גת/מרכז,מרכז,פריפריה,31.628365,34.795385,4,0.000131,2,2,4.053e-05,0.00335863,3185.8014,381.7104412070266
8133,העירית/האזוב,מרכז,ירושלים,31.768716,35.30929,2,6.6e-05,1,1,2.886e-05,0.00335862,2422.8023,231.0915730038861
17527,בלפור/זלמן שז''ר,צפון,חיפה,32.992185,35.087202,2,6.6e-05,1,1,1.433e-05,0.00335477,1757.7567,43.0689057122685
35982,בי''ס ממ''ד שלהבת,ירושלים,פריפריה,31.867336,34.984375,2,6.6e-05,1,1,1.91e-05,0.0033492,2717.1934,27.006552455762293
5621,דוד אלעזר/דרך הרמב''ם,צפון,פריפריה,32.958719,35.490877,5,0.000164,3,2,5.08e-05,0.00334889,3184.9899,84.96255119473177
38705,קניון כפר סבא הירוקה/אנגל,מרכז,תל אביב,32.192535,34.892565,2,6.6e-05,1,1,3.82e-05,0.00334811,2603.2864,56.10011972908137
2847,ששת הימים/האורן,צפון,חיפה,32.770258,35.042797,3,9.8e-05,1,2,3.377e-05,0.00334708,2417.3608,17.484478935651577
6226,אל-כורום/אל-בתריס,צפון,פריפריה,32.703577,35.291064,8,0.000263,3,5,9.297e-05,0.00334604,1737.2847,24.282518023561018
5620,דוד אלעזר/יפה נוף,צפון,פריפריה,32.957531,35.492738,8,0.000263,5,3,3.83e-05,0.00334447,2868.5386,75.31619037372602
22342,רמז/הר ציון,מרכז,תל אביב,31.960073,34.791681,4,0.000131,1,3,6.43e-06,0.00334309,3675.7368,89.26473727954513
16248,וייצמן/סברדלוב,מרכז,תל אביב,31.817737,34.776491,4,0.000131,2,2,2.049e-05,0.00333999,3020.5719,50.55184354330607
4508,בית העם,צפון,פריפריה,32.71136,35.499945,2,6.6e-05,1,1,3.799e-05,0.00333951,1977.8321,101.84030692773806
1932,בר רב האי/מרסיי,צפון,חיפה,32.817706,34.96155,4,0.000131,1,3,5.048e-05,0.00333798,2144.3083,97.39822333206148
34034,הפרחים/ורד,מרכז,תל אביב,32.099212,34.967348,2,6.6e-05,1,1,5.62e-06,0.00333748,2516.0233,230.55213781229818
26738,מחלף מיתר למיתר,דרום,באר שבע,31.308225,34.902813,4,0.000131,2,2,1.526e-05,0.00333011,3255.1574,128.89549498373444
6620,הרצל/זלמן שז''ר,צפון,פריפריה,33.017169,35.282315,5,0.000164,2,3,7.091e-05,0.00332496,1809.2816,91.76122166961261
26185,הפרחים / הכלנית,מרכז,פריפריה,31.786725,34.651782,6,0.000197,1,5,5.041e-05,0.00332365,3432.1027,45.813869779858265
38709,שלמה וחיה אנגל/מאשה ודב סקיבין,מרכז,תל אביב,32.194781,34.892984,2,6.6e-05,1,1,3.594e-05,0.00331525,2384.587,88.1946794093054
10556,ליכטנשטיין,ירושלים,ירושלים,31.723831,35.223665,3,9.8e-05,1,2,1.061e-05,0.00331043,2975.042,55.607197017372094
12007,שדרות לכיש/שדרות גת,מרכז,פריפריה,31.613428,34.768775,10,0.000328,6,4,7.41e-05,0.00330781,3583.5216,38.19023977751882
4763,מסעף מחנה עמוס,צפון,פריפריה,32.598845,35.257734,6,0.000197,3,3,4.215e-05,0.00330297,3712.0145,137.87155098679415
503,כיכר אורט,מרכז,תל אביב,32.312364,34.871873,3,9.8e-05,2,1,1.476e-05,0.00330225,3024.9598,107.31205839710245
4176,צומת אעבלין מזרח,צפון,חיפה,32.829914,35.179855,8,0.000263,6,2,3.243e-05,0.00329751,3111.0455,125.23149748767109
966,גולדה מאיר/משה שרת,מרכז,תל אביב,31.934081,34.854318,6,0.000197,4,2,4.214e-05,0.00329721,3049.8346,54.62075852493437
41590,ישיבת הסדר נתיב/הזית,צפון,פריפריה,32.870981,35.418913,3,9.8e-05,1,2,2.104e-05,0.00329577,2252.6386,36.612619896289374
27591,שד. הרצל/הנשיא,דרום,באר שבע,31.320131,34.619773,10,0.000328,7,3,3.953e-05,0.00329422,3478.3451,39.19938829390949
14005,פנחס רוזן/מבצע קדש,מרכז,תל אביב,32.111225,34.825429,5,0.000164,2,3,4.639e-05,0.00329136,2540.5862,20.64140940986723
18027,מרכז מסחרי/שלמה שרירא,צפון,פריפריה,33.020131,35.283249,2,6.6e-05,1,1,2.347e-05,0.00328508,1699.3103,24.682279633855547
41726,ואדי אלסקיע/מחמוד דרוויש,צפון,חיפה,32.796464,35.172045,3,9.8e-05,1,2,2.809e-05,0.00328454,2847.66,40.86703173083919
6526,רח 120/מינימרקט,צפון,חיפה,32.95804,35.167175,6,0.000197,2,4,4.569e-05,0.00328415,1815.9321,29.306057334987994
6285,בי''ס מופתן,צפון,פריפריה,32.881715,35.420219,5,0.000164,2,3,7.448e-05,0.00327934,2108.0048,53.04596934905034
24436,דרך הפועל/דרך אלי הורוביץ,מרכז,תל אביב,32.176138,34.935324,5,0.000164,3,2,2.059e-05,0.00327192,3116.8932,28.008255113584475
43880,רמב''ן/שדרות בית שמאי,מרכז,פריפריה,31.934343,35.052361,6,0.000197,3,3,5.238e-05,0.00326183,2512.2912,146.80929538650375
18662,בי''ס תיכון אלבטוף,צפון,פריפריה,32.857391,35.335862,6,0.000197,2,4,7.641e-05,0.0032597,2463.7532,29.44529660732916
25814,גלאון/מרכז,מרכז,פריפריה,31.633532,34.849097,4,0.000131,2,2,4.423e-05,0.00325895,2594.8685,565.6618506726763
6834,שלמה שרירא/חרושת,צפון,פריפריה,33.020323,35.280829,2,6.6e-05,1,1,2.457e-05,0.00325227,1604.4725,10.071773347292904
41728,ואדי אלסקיע,צפון,חיפה,32.794499,35.174041,2,6.6e-05,1,1,2.768e-05,0.00325154,2584.2713,45.7080765080612
44052,שדרות ההגשמה/סביון,מרכז,פריפריה,32.455983,35.055688,5,0.000164,2,3,1.331e-05,0.00324622,2410.8413,94.4284823278172
35505,בית העם,צפון,פריפריה,32.960001,35.176288,4,0.000131,2,2,3.229e-05,0.00324472,1721.126,10.45715181128388
17811,מצובה/מרכז,צפון,פריפריה,33.063,35.15811,3,9.8e-05,2,1,2.23e-05,0.00323945,1618.5409,439.40416150393696
27630,צומת קיבוץ דורות,דרום,פריפריה,31.511297,34.647687,4,0.000131,2,2,2.047e-05,0.00323781,3265.1696,126.67574536288004
11729,הרב יצחק נסים/שמעון בן חמו,ירושלים,ירושלים,31.722748,35.222307,3,9.8e-05,1,2,3.141e-05,0.0032319,2690.8087,17.324436445550763
2192,שדרות ורבורג/אח''י אילת,צפון,חיפה,32.827375,35.062729,4,0.000131,3,1,1.779e-05,0.00323153,2695.03,57.68130841342607
2359,דרך עכו/צומת צבר,צפון,חיפה,32.835869,35.084365,7,0.00023,3,4,0.00011076,0.00322658,2860.1169,13.57571592727444
43612,נחל הבשור/נחל דולב,דרום,פריפריה,31.536462,34.588063,3,9.8e-05,1,2,3.889e-05,0.00322307,1855.1411,81.04568592221547
41729,שכונת אלואדי,צפון,חיפה,32.792911,35.176388,2,6.6e-05,1,1,2.674e-05,0.00321872,2369.4856,39.27816804400275
24093,משה דיין/בן גוריון,מרכז,תל אביב,32.00106,34.766169,7,0.00023,4,3,6.334e-05,0.00321731,2830.5696,151.67159974443499
3866,ששת הימים/פרץ,צפון,חיפה,32.769392,35.044269,2,6.6e-05,1,1,3.377e-05,0.00321672,2229.8905,10.019818762159577
35821,יל''ג,צפון,חיפה,32.80475,35.004316,4,0.000131,1,3,7.627e-05,0.00321589,3212.723,17.699234806815408
27425,השופטים/התחייה,מרכז,פריפריה,31.654371,34.583233,4,0.000131,3,1,3.069e-05,0.00321099,2027.5746,66.40058112687323
38984,צומת ערערה בנגב לצפון,דרום,באר שבע,31.165807,35.006671,4,0.000131,2,2,1.371e-05,0.00320866,3178.7757,122.13011346448363
21676,יגאל אלון/ראם,מרכז,תל אביב,31.954575,34.815187,6,0.000197,2,4,6.79e-06,0.00320616,3264.4181,112.48547100271723
4773,צומת מרחביה,צפון,פריפריה,32.605835,35.302885,4,0.000131,3,1,2.419e-05,0.00320435,2714.6736,152.19873407866172
2501,דרך עכו/צומת עין אפק,צפון,חיפה,32.849634,35.093082,11,0.000361,6,5,8.876e-05,0.00320154,2689.9012,12.239793668309716
26322,אלתא/רבי שמעון בן שטח,מרכז,פריפריה,31.794337,34.663198,6,0.000197,3,3,4.335e-05,0.00319945,3194.5134,63.53511040271717
11734,ת. מרכזית ירושלים/הורדה,ירושלים,ירושלים,31.789082,35.202487,11,0.000361,11,0,0.00021316,0.00319913,4205.2855,37.747913650251554
21295,מחלף המוביל/למזרח,צפון,חיפה,32.756013,35.235249,7,0.00023,4,3,3.67e-05,0.0031933,3745.6695,319.72808869932067
6881,צומת יקנעם מערב,צפון,חיפה,32.633896,35.074295,3,9.8e-05,2,1,2.821e-05,0.00319313,3200.6708,108.16937574697779
44258,יגאל ידין/רבי שלמה זלמן דרוק,ירושלים,ירושלים,31.806057,35.216797,12,0.000394,5,7,4.414e-05,0.00318841,4114.1081,71.70728956056657
47414,ואדי אלסקיע/גברת אלנכל,צפון,חיפה,32.791921,35.180376,3,9.8e-05,2,1,2.538e-05,0.00318621,2191.5594,163.49578060171058
10873,אלון / האלה,ירושלים,ירושלים,31.71472,35.062681,2,6.6e-05,1,1,7.83e-06,0.00318607,3064.3585,40.59154904203338
17328,קרן היסוד/פרץ,צפון,חיפה,32.768623,35.045204,2,6.6e-05,1,1,3.128e-05,0.00318387,2070.7834,66.69525566225226
10111,יקותיאל אדם/דוד ניב,ירושלים,ירושלים,31.819783,35.239477,3,9.8e-05,2,1,7.118e-05,0.00317987,3267.0437,54.808850328919846
43614,חניון רכב כבד/הבונים,דרום,באר שבע,31.220558,34.808171,4,0.000131,2,2,2.959e-05,0.00317877,2765.1827,99.07297729200602
6605,צומת חניתה,צפון,פריפריה,33.070277,35.151704,2,6.6e-05,1,1,1.183e-05,0.00317828,1537.2363,81.60953177356542
17975,מסעף מעלות צפון,צפון,פריפריה,33.01524,35.276281,10,0.000328,4,6,5.81e-05,0.00317781,2238.7322,124.96365620179381
9946,שמעון סוויסה/רקפת,ירושלים,ירושלים,31.801232,35.158469,7,0.00023,1,6,4.062e-05,0.00316377,3177.4062,29.88736821170463
21615,צה''ל/קרן היסוד,מרכז,תל אביב,31.930698,34.855487,5,0.000164,2,3,2.463e-05,0.00315495,2758.478,26.405106358357628
17785,צומת חניתה,צפון,פריפריה,33.072543,35.149856,6,0.000197,3,3,5.682e-05,0.00315443,1469.3952,71.17081243901039
1134,יצחק בן צבי/אסירי ציון,מרכז,פריפריה,32.431763,34.915582,9,0.000295,6,3,2.686e-05,0.00315423,3445.1749,18.949474885732766
4771,צומת מושב מרחביה,צפון,פריפריה,32.594596,35.313413,3,9.8e-05,1,2,2.486e-05,0.00315346,2485.1971,110.3039982149807
10875,אלון א,ירושלים,ירושלים,31.717631,35.062824,2,6.6e-05,1,1,1.179e-05,0.00315322,2759.6181,144.98162441678002
1827,קרן היסוד/דרך משה,צפון,חיפה,32.767546,35.046152,2,6.6e-05,1,1,3.083e-05,0.00315102,1933.7954,43.874562141252035
41641,צומת כרמית,דרום,באר שבע,31.315396,34.911609,4,0.000131,2,2,2.53e-05,0.00314825,2916.8419,102.09570291849725
3798,מחלף אור עקיבא,צפון,פריפריה,32.504071,34.913587,5,0.000164,4,1,5.207e-05,0.00314633,3751.4225,120.74209532462984
17613,צומת נהריה,צפון,פריפריה,33.004903,35.099141,5,0.000164,3,2,6.09e-06,0.00314597,2470.4104,44.50959792399598
27436,ככר נחשון,מרכז,פריפריה,31.6929,34.570644,3,9.8e-05,1,2,2.19e-05,0.00314183,2098.6535,58.379359668252675
20246,צומת חבר,צפון,פריפריה,32.567086,35.260417,2,6.6e-05,1,1,7.86e-06,0.0031335,2752.1225,75.26977904573747
44069,לוטם/צבעוני,מרכז,פריפריה,32.454289,35.054172,2,6.6e-05,1,1,6.41e-06,0.00313043,2221.776,65.36783567873833
14354,צומת הכפר הירוק,מרכז,תל אביב,32.132791,34.832617,8,0.000263,2,6,4.729e-05,0.00312747,3872.7723,67.85404040627651
28764,אזור תעשייה,דרום,באר שבע,31.161779,35.015954,3,9.8e-05,2,1,3.766e-05,0.00312074,2795.0102,122.33700295303319
11125,אלון ב,ירושלים,ירושלים,31.71999,35.062599,2,6.6e-05,1,1,1.508e-05,0.00312036,2513.7087,114.78971393459375
23208,צומת בני דרום,מרכז,פריפריה,31.821871,34.705391,7,0.00023,4,3,4.317e-05,0.00311935,3791.0015,119.39843308571169
1826,דרך משה/קרן היסוד,צפון,חיפה,32.766901,35.048217,2,6.6e-05,1,1,3.347e-05,0.00311824,1814.5415,83.58216555893516
43053,תחנה מרכזית גדרה,מרכז,פריפריה,31.815043,34.770586,9,0.000295,4,5,7.316e-05,0.00311406,3791.9665,84.44795605351047
22062,צומת שילת,מרכז,תל אביב,31.913079,35.016672,18,0.000591,11,7,7.174e-05,0.00311265,4059.6207,111.65615507380978
34989,מרכז מסחרי/אגן האיילות,ירושלים,ירושלים,31.864678,35.143482,3,9.8e-05,1,2,3.53e-05,0.00311083,3563.7346,12.2967233692796
9321,מכון סולד/קולומביה,ירושלים,ירושלים,31.758918,35.164833,2,6.6e-05,1,1,3.511e-05,0.00311009,2408.0616,40.38520684706961
9317,שח''ל/הלר,ירושלים,ירושלים,31.765169,35.194349,7,0.00023,1,6,2.659e-05,0.00310686,3788.0159,79.31177739908047
15643,ביה''ח תל השומר/מיון,מרכז,תל אביב,32.045836,34.841248,8,0.000263,5,3,3.14e-05,0.00310042,3738.9196,30.695524444256264
6004,אלקודס/מועאד' בן ג'בל,צפון,חיפה,32.855314,35.187872,7,0.00023,3,4,8.567e-05,0.00309837,2248.2842,19.676774592954555
44067,לוטם/יסמין,מרכז,פריפריה,32.45384,35.05222,2,6.6e-05,1,1,1.056e-05,0.00309763,2062.6129,125.1117433747655
22966,מסוף קרית שרת/שדרות ירושלים,מרכז,תל אביב,32.003314,34.80185,8,0.000263,4,4,3.825e-05,0.00309622,3752.4934,153.7132154554949
10685,שמואל מאיר/כביש 398,ירושלים,ירושלים,31.73193,35.21971,10,0.000328,6,4,5.833e-05,0.00308948,3352.9822,142.00073120132691
11127,הזית ב,ירושלים,ירושלים,31.721591,35.066559,2,6.6e-05,1,1,1.795e-05,0.00308751,2310.2695,400.210656169523
15115,צומת תנובות,מרכז,פריפריה,32.313789,34.965635,8,0.000263,4,4,6.342e-05,0.00308652,3214.8749,143.93772775878472
4827,משטרה/שדרות הבנים,צפון,פריפריה,32.677467,35.24648,5,0.000164,3,2,6.299e-05,0.00308041,3172.5945,98.83606072574733
750,צומת רכבת ראש העין צפון,מרכז,תל אביב,32.123156,34.93743,16,0.000525,11,5,0.00010208,0.00307888,3920.7668,169.41950981225222
49791,מסוף מודיעין עילית,מרכז,תל אביב,31.935834,35.03744,6,0.000197,1,5,5.17e-06,0.00307719,4040.0484,0.0
48456,כביש 423/מרגולין,מרכז,תל אביב,31.933237,34.814294,4,0.000131,2,2,1.449e-05,0.0030722,4041.486,84.15280816388201
1125,צומת נחל חדרה,מרכז,פריפריה,32.465712,34.914414,6,0.000197,2,4,3.284e-05,0.00307079,3256.951,127.14786853088167
4029,שדרות שידלובסקי/וייצמן,צפון,פריפריה,32.504672,34.918367,4,0.000131,2,2,1.022e-05,0.00306719,3318.4336,143.01552603919365
42412,תחנת התרעננות/פונדק חצבה,דרום,פריפריה,30.798872,35.243661,6,0.000197,3,3,3.53e-05,0.00306333,3786.7892,65.42609513684657
19933,צומת כורסי,צפון,פריפריה,32.826966,35.650105,5,0.000164,4,1,4.196e-05,0.00306318,2137.6323,75.96389086867048
2916,המסילה/גאולה,מרכז,פריפריה,32.47511,34.951681,4,0.000131,2,2,5.954e-05,0.00305754,2050.8779,23.37932165735139
9941,שמעון סוויסה/רמב''ם,ירושלים,ירושלים,31.797504,35.16382,3,9.8e-05,1,2,3.844e-05,0.00305339,3040.2891,32.57126490473582
3967,בית כנסת רפורמי/הנטקה,צפון,חיפה,32.783889,34.994383,4,0.000131,2,2,1.92e-05,0.00305004,2461.1529,116.4187927390529
42872,ת. רכבת תל אביב- סבידור/רציפים A,מרכז,תל אביב,32.083157,34.796089,6,0.000197,0,6,5.11e-06,0.00304746,4043.9616,0.0
25698,צומת ברכיה,מרכז,פריפריה,31.665272,34.606541,6,0.000197,4,2,9.527e-05,0.0030468,3573.1385,106.4895411248081
48914,רכבת/מסוף ביג,מרכז,פריפריה,31.774616,34.664572,8,0.000263,2,6,0.00010913,0.00304479,3427.0807,26.750643657864494
4517,קופת חולים/חרמון,צפון,פריפריה,32.706845,35.318126,3,9.8e-05,1,2,3.756e-05,0.00302867,2367.7612,32.06280964139196
6027,מסעף כאבול,צפון,חיפה,32.876979,35.17861,4,0.000131,2,2,2.623e-05,0.00302633,2700.4938,88.83507825056705
36905,עתידים/וייצמן,מרכז,תל אביב,32.192924,34.874926,5,0.000164,4,1,1.387e-05,0.00302254,2759.3628,71.80678668475753
4895,צומת מגידו,צפון,פריפריה,32.572085,35.19223,10,0.000328,6,4,2.587e-05,0.00302019,3906.5098,114.36995422669051
21018,אל-ואדי אל-ג'ואני/בתי חולים,צפון,פריפריה,32.700926,35.292828,5,0.000164,3,2,5.66e-05,0.00301239,1934.4027,110.53787879929946
27421,מלון גלי תמר/יקותיאל אדם,מרכז,פריפריה,31.688807,34.566285,3,9.8e-05,2,1,1.954e-05,0.0030044,1957.428,75.97856708242723
11562,דרך חברון/גבעת המטוס,ירושלים,ירושלים,31.739691,35.212459,12,0.000394,4,8,6.77e-05,0.00300215,3489.1015,93.26211687299272
742,מחלף ירקון,מרכז,תל אביב,32.120694,34.904657,12,0.000394,6,6,3.828e-05,0.00299679,3948.6506,160.44732647614717
23400,צומת שוהם,מרכז,תל אביב,32.006629,34.953441,12,0.000394,4,8,9.357e-05,0.0029851,4231.5682,87.9534824455004
8636,גולדה/שלמה הלוי,ירושלים,ירושלים,31.8003,35.208257,16,0.000525,8,8,9.588e-05,0.00298175,4272.7365,148.59729348568047
15777,שד. דואני/שד. ירושלים,מרכז,תל אביב,31.876042,34.732314,4,0.000131,2,2,1.011e-05,0.00298026,2863.1315,32.71785469908838
11073,כביש 3855/רבי יוסף קארו,ירושלים,פריפריה,31.746194,35.002247,8,0.000263,4,4,5.126e-05,0.00296555,3782.7435,81.67137651624508
24083,בי''ח וולפסון,מרכז,תל אביב,32.036342,34.762698,5,0.000164,3,2,2.498e-05,0.00296498,3303.9788,54.812897797080765
4479,כביש 75/תאופיק זיאד,צפון,פריפריה,32.694207,35.300136,10,0.000328,8,2,0.00010884,0.00295036,2604.4809,126.12000145373317
7048,צומת כרמיאל,צפון,פריפריה,32.925538,35.299215,3,9.8e-05,1,2,1.504e-05,0.00294588,2857.069,146.16298033543382
1880,מרכז מסחרי/אורן,צפון,חיפה,32.784437,34.996351,3,9.8e-05,2,1,3.219e-05,0.00294478,2952.5291,106.41426436128437
18246,אל-ואדי אל-ג'ואני/שכונת דבס,צפון,פריפריה,32.702031,35.293819,4,0.000131,2,2,4.824e-05,0.00293715,1821.815,47.03711612608261
11728,יצחק ניסים/באום,ירושלים,ירושלים,31.721889,35.220176,2,6.6e-05,1,1,3.236e-05,0.00292763,2455.7079,108.29229002545443
4791,דרך גולני/קפלן,צפון,פריפריה,32.629604,35.326367,10,0.000328,7,3,0.00013219,0.0029267,3495.6261,75.6714898522299
16024,מושב בן זכאי,מרכז,תל אביב,31.849891,34.728563,5,0.000164,2,3,1.941e-05,0.00292216,3329.4732,84.01691953014718
37110,מחלף דרור לצפון,מרכז,תל אביב,32.256516,34.893387,9,0.000295,5,4,4.892e-05,0.00292107,3389.6622,99.36304319492362
39530,קהילת מילנו/דבלין,דרום,פריפריה,31.521653,34.608065,3,9.8e-05,2,1,2.434e-05,0.00292056,2941.8563,11.901254831793208
51868,הרב ניסים טולדנו/דגן,מרכז,תל אביב,31.952068,34.848284,4,0.000131,1,3,3.387e-05,0.00290453,3477.448,150.93516588346014
35587,שדרות בית הלל/מרכז מסחרי,מרכז,תל אביב,31.936436,35.039463,5,0.000164,1,4,3.054e-05,0.00290014,3879.09,38.01950171434758
40906,שדרות דוד המלך/זרובבל,מרכז,ירושלים,31.669555,35.162199,4,0.000131,1,3,3.841e-05,0.00289817,2977.752,112.87123964967792
10349,יצחק ניסים א',ירושלים,ירושלים,31.72249,35.218347,2,6.6e-05,1,1,3.2e-05,0.00289477,2261.0415,82.78144202044852
29482,ת. רכבת ההגנה/החרש,מרכז,תל אביב,32.055692,34.783286,16,0.000525,10,6,6.346e-05,0.002891,4021.263,107.30763429663197
27040,בסיס אורים,דרום,באר שבע,31.313656,34.542717,6,0.000197,3,3,4.561e-05,0.00288888,1822.4783,455.77186567487803
27398,אבא אחימאיר/בר כוכבא,מרכז,פריפריה,31.685484,34.566511,4,0.000131,2,2,2.813e-05,0.002888,1837.7252,61.24791768618413
26960,אורים מרכז,דרום,פריפריה,31.304643,34.524134,5,0.000164,2,3,4.204e-05,0.00288562,1820.9616,658.7659543978947
51208,תחנת התרעננות/נווה זוהר,דרום,פריפריה,31.147978,35.370028,8,0.000263,4,4,3.099e-05,0.00288557,3723.6429,654.4872419183991
454,צומת הדסים,מרכז,תל אביב,32.283842,34.89663,7,0.00023,3,4,5.88e-05,0.00288473,3648.4495,126.19459614373167
1881,אורן/הפרחים,צפון,חיפה,32.783112,34.997123,4,0.000131,1,3,3.269e-05,0.00288447,2676.1043,57.65630626536086
27862,צומת נתיבות/כניסה צפונית,דרום,פריפריה,31.429812,34.599193,6,0.000197,4,2,2.94e-05,0.00288376,3266.5224,77.21923778638565
2215,וורבורג/יחיעם,צפון,חיפה,32.831127,35.064098,3,9.8e-05,1,2,2.009e-05,0.0028737,2488.5851,14.378218505484702
26557,צומת הנשיא,דרום,באר שבע,31.331054,34.698256,9,0.000295,6,3,5.262e-05,0.00287057,3690.187,145.68024278001047
40147,ישפרו פלאנט/דרך אילת,דרום,באר שבע,31.224024,34.803937,3,9.8e-05,1,2,1.793e-05,0.00286983,3051.0959,232.4860809492767
35016,שדרות דוד המלך/שדרות רחל אמנו,מרכז,ירושלים,31.667506,35.160849,3,9.8e-05,2,1,3.937e-05,0.00286531,2692.5961,52.082183035054015
931,בורוכוב/וייצמן,מרכז,תל אביב,32.192385,34.878513,6,0.000197,2,4,6.379e-05,0.00286448,3187.8604,94.14090841622294
29450,צומת הרצליה,מרכז,תל אביב,32.164486,34.813124,14,0.00046,10,4,0.0001101,0.0028635,3836.8563,169.29387255977824
24158,הלוחמים/תל גיבורים,מרכז,תל אביב,32.035433,34.767471,6,0.000197,2,4,4.894e-05,0.00286306,2956.9036,71.40633307848798
7561,צומת חשמונאים דרום,מרכז,תל אביב,31.929869,35.02517,15,0.000492,5,10,7.18e-05,0.00285986,3988.6566,145.27043039805505
4780,שדרות הבנים/נוף העמק,צפון,פריפריה,32.67355,35.251242,7,0.00023,4,3,8.573e-05,0.00285962,2860.8502,51.619735093828496
17967,מסעף הר חלוץ,צפון,פריפריה,32.940404,35.274828,4,0.000131,1,3,1.687e-05,0.00285914,2612.5592,106.96635724341849
7780,צומת אדומים/צומת מחנה ישי,מרכז,ירושלים,31.799656,35.312629,7,0.00023,4,3,2.385e-05,0.00285873,3436.2721,133.9842714790415
8415,תלמוד תורה/דרך קדם,מרכז,ירושלים,31.777369,35.305508,5,0.000164,4,1,3.361e-05,0.00285588,3700.6032,22.189107715730923
34412,ערבי הנחל/הדס,מרכז,תל אביב,32.196116,35.00851,6,0.000197,3,3,1.822e-05,0.00285255,3538.2576,572.9108151110104
21341,איילה/דרך חיים,מרכז,תל אביב,31.935073,34.834259,4,0.000131,3,1,4.92e-05,0.00284836,2693.5834,14.09062156297655
23217,ת. מרכזית נס ציונה/ויצמן,מרכז,תל אביב,31.925479,34.797722,10,0.000328,3,7,6.947e-05,0.00283898,3531.9017,20.57649860622474
35060,מסילת ישרים/שדרות בית הלל,מרכז,תל אביב,31.935677,35.037737,8,0.000263,6,2,4.523e-05,0.00283533,4057.2569,33.01880658590357
14599,צומת בית דגן,מרכז,תל אביב,32.001227,34.820309,6,0.000197,3,3,2.689e-05,0.00283284,3856.0151,44.51282145646022
21430,ביאליק/הרב עובדיה סומך,מרכז,תל אביב,31.924009,34.870128,4,0.000131,2,2,2.009e-05,0.00282962,3849.0906,57.39530729112399
1776,קניון לב העיר/הרצל,צפון,חיפה,32.764202,34.971667,4,0.000131,2,2,2.67e-05,0.00282315,2152.4367,48.783490883081974
35588,שדרות בית הלל/עטרת שלמה,מרכז,תל אביב,31.936348,35.042087,2,6.6e-05,1,1,2.996e-05,0.00282224,3395.849,20.971347303057907
49611,דרך יגאל ידין,צפון,חיפה,32.795205,35.035074,5,0.000164,3,2,4.316e-05,0.00281881,3625.4587,117.98448536451228
41223,הר הזיתים,ירושלים,ירושלים,31.779233,35.23931,4,0.000131,2,2,4.651e-05,0.00281771,2645.9373,42.15636006233664
18788,צומת התשבי,צפון,חיפה,32.671844,35.107764,5,0.000164,4,1,5.468e-05,0.00281707,3616.3035,128.28833867657804
21342,איילה/דיזנגוף,מרכז,תל אביב,31.930375,34.831976,3,9.8e-05,1,2,5.133e-05,0.00281473,2457.0841,63.96700855220643
18687,צומת ראש פינה,צפון,פריפריה,32.967464,35.550281,9,0.000295,5,4,9.351e-05,0.00281424,3471.8405,103.20612738995611
4712,אזור תעשיה/71,צפון,פריפריה,32.512778,35.495387,6,0.000197,3,3,6.374e-05,0.00281049,1668.3465,49.25943421416676
25947,כביש 4/שדה עוזיה,מרכז,פריפריה,31.761951,34.667509,5,0.000164,4,1,6.954e-05,0.00280929,3491.4583,140.70684589583607
6878,מחלף אליקים/כביש 672 למזרח,צפון,חיפה,32.635794,35.067074,8,0.000263,5,3,5.366e-05,0.00280845,3451.6911,166.11291922568364
1324,דרך למרחב/חבקוק,מרכז,פריפריה,32.472611,34.952711,3,9.8e-05,1,2,5.484e-05,0.00280658,1914.4144,78.69986198172425
13295,הרכבת/סלומון,מרכז,תל אביב,32.062007,34.780752,9,0.000295,4,5,3.2e-05,0.00280616,3864.2099,40.47624429625209
18401,מנחם אריאב/הפסגות,צפון,פריפריה,32.705264,35.31874,13,0.000427,6,7,5.981e-05,0.00280439,2583.7582,58.38961287517422
13993,הדר יוסף/קהילת ורשה,מרכז,תל אביב,32.109673,34.818831,3,9.8e-05,1,2,2.918e-05,0.00280193,2532.3195,103.47653767462646
381,בית חולים לניאדו,מרכז,תל אביב,32.34622,34.857721,4,0.000131,2,2,4.539e-05,0.00279406,2999.4902,22.73464735488186
36929,שדרות בית הלל/שדרות אביי ורבא,מרכז,פריפריה,31.935614,35.046726,5,0.000164,3,2,7.264e-05,0.00278982,3039.6134,27.9191804466609
27840,קרית חינוך שדות נגב,דרום,פריפריה,31.43243,34.593876,4,0.000131,2,2,3.334e-05,0.00278882,2925.0059,79.98036144312185
23401,צומת שוהם,מרכז,תל אביב,32.007722,34.953684,12,0.000394,7,5,3.279e-05,0.00278072,4232.1272,111.03202069617792
22265,מחלף בצרה,מרכז,תל אביב,32.209417,34.883706,4,0.000131,1,3,3.433e-05,0.00277782,3593.8075,96.05780739347888
36041,מרכז תרבות אלקאסמי,מרכז,פריפריה,32.415045,35.035405,7,0.00023,3,4,5.356e-05,0.00277155,3110.0901,139.5501885800099
17050,הרב עובדיה יוסף/כלניות,צפון,חיפה,32.75439,35.096387,7,0.00023,3,4,2.7e-05,0.00276882,4007.5727,10.242282307930187
29067,בית ספר רבין/דרך יותם,דרום,פריפריה,29.55413,34.936442,12,0.000394,6,6,1.508e-05,0.00276718,2724.6216,215.5274828764109
21193,בנק מרכנתיל,צפון,פריפריה,32.742947,35.338609,5,0.000164,3,2,3.616e-05,0.00276411,2473.2616,47.140439243826656
27220,שדרות ירושלים/יוסף סמלו,דרום,פריפריה,31.423804,34.59781,9,0.000295,6,3,0.00013004,0.00275364,3370.9301,75.4404739450617
28481,צומת רהט דרום,דרום,באר שבע,31.371342,34.783933,4,0.000131,2,2,3.395e-05,0.00275278,3521.9737,109.1810961861284
382,הגדוד העברי/דברי חיים,מרכז,פריפריה,32.34798,34.857421,4,0.000131,2,2,2.412e-05,0.00274965,2711.0509,23.791835232225974
26087,יותם המלך/דוד המלך,מרכז,פריפריה,31.777241,34.641657,5,0.000164,2,3,3.115e-05,0.00273435,2540.7932,22.158353263890103
4762,צומת מחנה גדעון,צפון,פריפריה,32.513769,35.494326,5,0.000164,4,1,5.398e-05,0.00272475,1666.6049,99.41890634995922
15769,שדרות דואני/הערבה,מרכז,תל אביב,31.874398,34.737366,3,9.8e-05,2,1,2.713e-05,0.00271925,2606.5737,117.15052842482693
16022,ת. רכבת יבנה מזרח/העצמאות,מרכז,תל אביב,31.86195,34.742601,7,0.00023,3,4,3.282e-05,0.00271365,2985.349,77.4319231625907
44539,דוד המלך/הדבש,מרכז,ירושלים,31.678817,35.167617,5,0.000164,3,2,2.975e-05,0.00271355,3310.0465,46.488081752491716
13361,מחלף גהה/כביש 4,מרכז,תל אביב,32.091267,34.845151,8,0.000263,6,2,2.737e-05,0.00271267,3859.4497,118.08993004017528
19310,קופת חולים כללית,צפון,חיפה,32.851517,35.199718,3,9.8e-05,1,2,5.241e-05,0.00270869,1947.1967,96.31097335298243
27644,צומת ברור חיל/אור הנר,מרכז,פריפריה,31.557413,34.632575,5,0.000164,2,3,2.683e-05,0.0027064,2679.2433,80.46691771698015
26205,המייסדים/בן עמי,מרכז,פריפריה,31.780916,34.645396,4,0.000131,1,3,4.94e-05,0.00270362,2767.9484,154.9041713215411
42702,העמקים,צפון,חיפה,32.81602,35.080419,2,6.6e-05,1,1,2.42e-05,0.00270273,2047.8076,25.464454905173344
15739,שד. דואני/סחלב,מרכז,תל אביב,31.873071,34.739786,5,0.000164,3,2,7.851e-05,0.0026939,2401.1317,23.477699994519917
16940,צומת זכרון יעקב/כביש 4,צפון,פריפריה,32.571108,34.937372,9,0.000295,4,5,6.028e-05,0.00269379,3124.6733,131.88444899197825
13220,אקספו תל אביב/שד' רוקח,מרכז,תל אביב,32.103834,34.809664,5,0.000164,2,3,4.32e-05,0.00268902,3294.5573,128.46875262394101
16608,נחל רבה/חט''ב גוונים,מרכז,תל אביב,32.098953,34.963262,8,0.000263,4,4,5.55e-05,0.00268199,3366.782,104.24000360787171
42705,ביאליק,צפון,חיפה,32.812727,35.100539,2,6.6e-05,1,1,2.247e-05,0.00267802,1916.4498,22.2071019430038
21382,שטיין/אלעזר,מרכז,תל אביב,31.926214,34.862703,6,0.000197,3,3,3.741e-05,0.0026655,3377.6408,19.039883185831798
20108,עוקף כפר יאסיף 1,צפון,חיפה,32.952483,35.162739,6,0.000197,3,3,7.184e-05,0.00266175,2385.5912,10.769118264836196
1860,מרכז חורב/פיקא,צפון,חיפה,32.785094,34.98734,8,0.000263,5,3,6.574e-05,0.00265822,2675.7085,79.52488160112533
27674,צומת מעון,דרום,פריפריה,31.312821,34.438809,10,0.000328,4,6,6.954e-05,0.00265373,1644.0319,104.37783956964142
332,הרצל/עולי הגרדום,מרכז,תל אביב,32.325412,34.864958,8,0.000263,1,7,0.00011773,0.00265339,3635.1278,33.228279745443956
44199,שדרות דוד טוביהו/לימונית,דרום,באר שבע,31.260093,34.755456,6,0.000197,1,5,3.559e-05,0.00264967,3356.9715,99.6890781281682
42657,טיילת חתני פרס ישראל/נעומי שמר,מרכז,תל אביב,31.939515,34.841123,4,0.000131,3,1,2.71e-05,0.00264755,3095.6157,112.62735292236168
26108,מרכז מסחרי רובע י'/המייסדים,מרכז,פריפריה,31.782474,34.647819,4,0.000131,3,1,4.892e-05,0.00264716,3062.6841,73.38917794590871
35752,העצמאות,צפון,חיפה,32.812915,35.104806,2,6.6e-05,1,1,2.142e-05,0.00264673,1808.2416,19.564261258726802
51247,אל משוח,צפון,פריפריה,32.740544,35.342918,3,9.8e-05,1,2,1.787e-05,0.00264285,2114.9491,145.51465677021974
13103,קניון עזריאלי/דרך מנחם בגין,מרכז,תל אביב,32.074592,34.790584,19,0.000624,9,10,0.00016277,0.00263866,3967.081,52.45486812607475
325,האר''י/הרב חרל''פ,מרכז,תל אביב,32.312226,34.860947,7,0.00023,3,4,4.04e-05,0.00263517,3752.6016,32.12552255264169
2402,ההסתדרות/צומת הקריות,צפון,חיפה,32.789389,35.030298,10,0.000328,5,5,0.00010307,0.00263476,3884.7798,134.52619424333236
47894,ת. מרכזית יבנה/רציפים,מרכז,תל אביב,31.890474,34.732193,7,0.00023,2,5,2.034e-05,0.00263294,3859.2314,0.0
29178,עומר אלמוח'תאר/כ. אבן רושד,דרום,באר שבע,31.379842,34.781083,5,0.000164,3,2,3.627e-05,0.00262892,3128.3077,88.35715977169397
4226,צומת מחנה שמשון,צפון,פריפריה,32.771461,35.392396,6,0.000197,3,3,6.542e-05,0.00262808,3728.1189,107.38811363833814
51246,כורום א רישה,צפון,פריפריה,32.741169,35.348567,3,9.8e-05,2,1,1.536e-05,0.00261043,1973.3128,44.170245733586306
44541,בית ספר הר יונה/האדמו''ר מבעלזא ,צפון,פריפריה,32.73016,35.347419,5,0.000164,2,3,1.427e-05,0.00260706,3550.9416,81.76589007796015
35851,האצ''ל,צפון,חיפה,32.812449,34.956622,5,0.000164,2,3,3.251e-05,0.00260074,2845.5774,68.28052302761171
25878,סורוקה מיון/יצחק רגר,דרום,באר שבע,31.256367,34.798679,7,0.00023,4,3,8.887e-05,0.00259967,3628.151,125.32517381909568
51374,רקפת/שמעון סוויסה,ירושלים,ירושלים,31.80145,35.158284,4,0.000131,2,2,3.138e-05,0.0025946,2848.8065,29.88736821170463
3532,דרך עכו/המייסדים,צפון,חיפה,32.845733,35.091101,9,0.000295,3,6,7.187e-05,0.00259278,2742.1564,11.544168179609182
24086,בי''ח וולפסון,מרכז,תל אביב,32.036288,34.763276,3,9.8e-05,1,2,2.946e-05,0.00259202,2677.5436,54.812897797080765
19457,התמר / הפעמונית,צפון,חיפה,32.658906,35.106831,10,0.000328,6,6,9.367e-05,0.00259152,3785.5743,77.90573981698162
27834,צומת מחנה שדה תימן,דרום,באר שבע,31.297362,34.712921,7,0.00023,4,3,3.289e-05,0.00259074,3608.5548,147.03351873000835
27598,דרך הטייסים/רבי עקיבא,דרום,באר שבע,31.304786,34.625185,6,0.000197,3,3,4.709e-05,0.00258747,2251.0547,41.31823855590326
28729,ערוער/מערב,דרום,באר שבע,31.168232,34.974614,4,0.000131,1,3,2.934e-05,0.00258499,3093.5678,134.80418607413623
21392,בן גוריון/שטיין,מרכז,תל אביב,31.925695,34.860533,5,0.000164,1,4,5.44e-05,0.00258374,3111.9392,111.95174304700781
20385,צומת התשבי,צפון,חיפה,32.673179,35.10957,4,0.000131,2,2,2.827e-05,0.00258236,3325.2341,127.14524246854987
3233,פרויד/ויתקין,צפון,חיפה,32.782407,34.987604,6,0.000197,3,3,5.768e-05,0.0025788,2886.2532,79.74192250622255
11294,שפע חיים/שדרות גולדה מאיר,ירושלים,ירושלים,31.798773,35.213278,17,0.000558,6,11,4.213e-05,0.00257783,4241.7957,23.745542862457757
50558,מסוף חריש/הורדה,מרכז,פריפריה,32.471023,35.038527,7,0.00023,3,4,4.351e-05,0.00257713,3266.6303,18.325143314942803
15542,הדרור/שדרות דואני,מרכז,תל אביב,31.87139,34.742241,3,9.8e-05,2,1,6.145e-05,0.0025771,2214.3682,12.71599595079565
36797,כביש 3855/שדרות יגאל אלון,ירושלים,פריפריה,31.751453,35.000784,11,0.000361,7,4,4.476e-05,0.0025759,4171.2593,106.29229995278499
49674,מרכז מסחרי/ביר באקה,מרכז,פריפריה,32.412179,35.033754,2,6.6e-05,1,1,2.618e-05,0.0025745,3432.9937,94.92483213482993
25481,צומת קוממיות,מרכז,פריפריה,31.651096,34.765623,3,9.8e-05,2,1,1.578e-05,0.00257141,3549.1421,106.46544146084483
18810,צומת טמרה,צפון,חיפה,32.859498,35.169523,6,0.000197,2,4,3.317e-05,0.00256264,3089.7508,172.37235419546604
22241,חשמונאים/431,ירושלים,תל אביב,31.892797,35.00085,11,0.000361,6,5,1.45e-05,0.00255763,3725.0031,85.63780251306508
19369,יפיע/אל-אלמאניה,צפון,פריפריה,32.680886,35.269732,5,0.000164,1,4,3.983e-05,0.00255735,2612.8298,149.19300976909096
27520,שד. לכיש/שד. מלכי ישראל,מרכז,פריפריה,31.618159,34.767113,13,0.000427,8,5,0.00016748,0.00255211,3842.1188,110.26277619732363
27860,צומת נתיבות/כניסה צפונית,דרום,פריפריה,31.429158,34.599737,6,0.000197,3,3,7.769e-05,0.00255102,3562.0583,89.17697099722945
12910,דרך נמיר/יהודה המכבי,מרכז,תל אביב,32.095376,34.794137,10,0.000328,3,7,0.00017958,0.00254903,3746.5015,39.41455896116151
18824,צומת אחיהוד,צפון,חיפה,32.912147,35.166038,5,0.000164,3,2,9.243e-05,0.00254538,3296.4573,115.54639526308317
37221,מחנה נבטים,דרום,פריפריה,31.172342,35.042848,7,0.00023,4,4,3.392e-05,0.00254195,3377.8223,458.52152263024595
4796,מסעף מגידו עתיקות,צפון,פריפריה,32.588425,35.186121,4,0.000131,2,2,2.287e-05,0.00253952,2804.7166,71.50139679635342
19417,בנה ביתך 1,צפון,פריפריה,32.739111,35.340101,5,0.000164,3,2,4.882e-05,0.00253255,2280.8163,139.59615903421184
6105,צומת כפר יהושע,צפון,חיפה,32.682355,35.124147,4,0.000131,3,1,5.178e-05,0.00252899,2973.4233,149.80331804103966
14394,מחלף הסירה למזרח,מרכז,תל אביב,32.160149,34.812147,6,0.000197,4,2,6.496e-05,0.00252014,3500.3018,119.41429302130815
49720,כפר הנוער עדנים,דרום,באר שבע,31.435128,34.761711,3,9.8e-05,1,2,2.959e-05,0.00251868,4004.7202,138.47368720856275
28475,מחלף עידן הנגב למערב,דרום,באר שבע,31.372444,34.791133,6,0.000197,5,1,2.9e-05,0.00251483,3730.0714,148.63893410137354
10820,צומת האלה,מרכז,פריפריה,31.687139,34.947272,8,0.000263,3,5,4.17e-05,0.00251433,4047.1025,87.85221092072047
15228,נחום סוקולוב/קמיל הויסמנס,מרכז,תל אביב,32.341779,34.862198,8,0.000263,5,3,4.122e-05,0.00250703,3366.44,82.7989996184791
11302,מעלה הזיתים,ירושלים,ירושלים,31.772301,35.240996,8,0.000263,4,6,4.026e-05,0.00250269,2436.1665,61.4680957224199
27875,צומת יד מרדכי,מרכז,פריפריה,31.587975,34.563934,9,0.000295,5,4,4.634e-05,0.00250268,3311.1479,101.52238140864353
18831,צומת יבור,צפון,חיפה,32.892355,35.181933,4,0.000131,2,2,2.809e-05,0.00250238,2941.7153,109.83274102748243
22066,צומת מצפה מודיעין,מרכז,תל אביב,31.952138,34.954827,10,0.000328,2,8,4.262e-05,0.00249221,4181.8874,128.5528767370794
12898,ת.רק''ל אהרונוביץ'/דרך ז'בוטינסקי,מרכז,תל אביב,32.092564,34.840305,11,0.000361,6,5,6.77e-05,0.00248785,3729.0602,132.949102189793
9513,אורוגואי/מרקו ברוך,ירושלים,ירושלים,31.757897,35.17695,3,9.8e-05,1,2,3.229e-05,0.00248503,2818.313,48.1241141799921
15146,צומת בארותיים למערב,מרכז,פריפריה,32.3122,34.986256,7,0.00023,2,5,6.06e-05,0.00248152,3516.9128,109.48205917443771
43513,דרך יצחק שמיר/פרופ. משה אדד,מרכז,פריפריה,32.441543,34.897773,7,0.00023,4,3,2.482e-05,0.00248132,3506.4367,64.2890649442073
9021,נחל שורק/ נחל אוריה,ירושלים,פריפריה,31.715713,34.991215,4,0.000131,1,3,4.203e-05,0.00248019,2362.2845,112.75298118202775
26150,העצמאות/הציונות,מרכז,פריפריה,31.787916,34.642769,8,0.000263,4,4,2.401e-05,0.00247353,3173.9345,82.24063210319157
15802,בי''ס ברנר/עין גנים,מרכז,תל אביב,32.082426,34.898098,6,0.000197,4,2,4.949e-05,0.00247341,3323.259,75.54277536512248
34571,מזכירות,מרכז,פריפריה,32.089657,35.342697,3,9.8e-05,2,2,2.279e-05,0.00246945,3013.6183,4648.171894448584
49229,דרך מנחם בגין/דרך ירושלים,מרכז,תל אביב,31.891538,34.830916,10,0.000328,6,4,1.372e-05,0.00246861,3996.5873,126.69619669441653
111,פארק תעשיות שילת,מרכז,תל אביב,31.914324,35.023589,3,9.8e-05,2,1,1.324e-05,0.00246509,3258.8448,105.85958742670219
34612,'גיתית א,מרכז,פריפריה,32.100737,35.394923,6,0.000197,3,4,4.016e-05,0.00246085,2730.4384,545.0916953818835
26852,צומת נתיבות מערב,דרום,פריפריה,31.435095,34.58866,5,0.000164,3,2,5.872e-05,0.0024582,2879.0058,126.55831222420682
27861,קרית חינוך שדות נגב,דרום,פריפריה,31.431972,34.594526,4,0.000131,2,2,5.917e-05,0.00245385,3200.8113,79.98036144312185
28638,משה סנה,מרכז,פריפריה,31.778838,34.662757,19,0.000624,14,5,9.67e-05,0.00244408,3810.1236,103.85741350222646
44260,זכריה הנביא/אליהו הנביא,ירושלים,פריפריה,31.700647,34.977088,7,0.00023,4,3,8.542e-05,0.00244156,3255.2883,125.23180294804894
27364,התחייה/עזרא,מרכז,פריפריה,31.657689,34.587369,3,9.8e-05,2,1,3.344e-05,0.00243709,2316.3879,89.4793198845598
12918,ביאליק/תובל,מרכז,תל אביב,32.08834,34.803723,8,0.000263,4,4,4.746e-05,0.00243615,3616.9194,93.70557059545727
184,החרוב א,מרכז,תל אביב,31.919207,35.0234,2,6.6e-05,1,1,1.629e-05,0.00243195,2912.047,329.4320162957393
4035,ת. רכבת בנימינה/הטחנה,צפון,פריפריה,32.513667,34.949307,6,0.000197,3,3,1.876e-05,0.00242289,3080.2208,42.847262478667275
40763,עוקף כפר יאסיף,צפון,חיפה,32.952538,35.162834,6,0.000197,2,4,5.251e-05,0.00242125,2215.4081,10.769118264836196
17993,כביש 784/שדרות קק''ל,צפון,פריפריה,32.919221,35.280625,5,0.000164,2,3,6.563e-05,0.00242074,3125.5695,107.24483083657225
9589,חטיבת הראל/שמואל הנביא,ירושלים,ירושלים,31.795967,35.22077,6,0.000197,3,3,3.606e-05,0.00242057,3347.1241,115.2917052232895
700,שד. בן גוריון/זלמן שניאור,מרכז,תל אביב,32.281706,34.846606,7,0.00023,3,4,7.28e-06,0.00241957,4054.8257,152.31956684529516
12979,גבעת שמואל/גשר הולכי רגל,מרכז,תל אביב,32.082795,34.845457,8,0.000263,3,5,5.78e-05,0.00241013,4023.5374,41.313792404943484
15511,האילנות/האקליפטוס,מרכז,תל אביב,32.068721,34.877245,2,6.6e-05,1,1,2.927e-05,0.00240904,2536.0554,19.987339218323665
27433,התחייה/אפרים,מרכז,פריפריה,31.655568,34.585082,4,0.000131,1,3,3.299e-05,0.00240447,2145.3145,117.80630170264035
1252,651/השיטה,מרכז,פריפריה,32.479206,34.942276,6,0.000197,3,3,3.093e-05,0.0024015,2836.7976,168.26006616692587
707,ת.התרעננות/דור אלון נען כביש 6,מרכז,תל אביב,31.881588,34.87851,3,9.8e-05,2,1,5.42e-06,0.00239495,3895.3027,1451.0018921528313
743,מחלף ירקון,מרכז,תל אביב,32.12281,34.903897,11,0.000361,8,3,3.484e-05,0.00239079,3938.8034,161.25937508497714
14751,צומת נווה איתמר,מרכז,תל אביב,32.324013,34.875854,12,0.000394,6,6,4.327e-05,0.00238687,3631.3995,116.8919612883734
15510,האילנות/הברוש,מרכז,תל אביב,32.068529,34.880666,2,6.6e-05,1,1,2.856e-05,0.00238334,2332.2448,31.466166067496726
9512,מרכז מסחרי/אורוגוואי,ירושלים,ירושלים,31.759857,35.176255,2,6.6e-05,1,1,3.371e-05,0.00237862,2563.0541,144.38908481348867
20981,דרך חיפה/ביר אל-אמיר,צפון,פריפריה,32.693622,35.286449,4,0.000131,2,2,9.258e-05,0.00237855,2030.7158,113.12012102862667
8752,כביש 60/הרוזמרין,ירושלים,ירושלים,31.731185,35.202031,5,0.000164,2,3,2.572e-05,0.00236827,3809.8031,116.36540133732471
1323,המסילה/מלאכי,מרכז,פריפריה,32.477711,34.953299,4,0.000131,3,1,3.801e-05,0.00236815,2206.7293,27.146228190274496
18961,מסעף משמר הירדן,צפון,פריפריה,33.002263,35.602281,4,0.000131,2,2,3.749e-05,0.00236678,2559.3775,62.114232488497656
13602,ת.רכבת ההגנה,מרכז,תל אביב,32.054782,34.783919,6,0.000197,4,2,5.193e-05,0.00236592,3835.4404,12.675217110328449
21921,שדרות היובל/האורנים,מרכז,תל אביב,31.976743,34.79642,14,0.00046,10,4,1.91e-05,0.00236293,4037.4289,220.04354182723324
49015,הרבי מלובאוויטש/רבי נחמן מאומן,דרום,פריפריה,31.065067,35.046107,6,0.000197,2,4,3.553e-05,0.0023626,2291.8051,19.257411787718304
28919,ששת הימים/חנה רובינא,דרום,באר שבע,31.268248,34.767615,3,9.8e-05,2,1,3.528e-05,0.00236104,2886.4043,31.16301901931232
34509,צומת רבבה,מרכז,פריפריה,32.122003,35.130358,10,0.000328,3,7,3.581e-05,0.00235737,4007.5194,101.21626937103495
27665,צומת איבים,דרום,פריפריה,31.531548,34.61141,3,9.8e-05,2,1,5.207e-05,0.00235736,3218.0529,133.33572547025702
9737,צומת חולדה/טל שחר,מרכז,פריפריה,31.810874,34.89939,5,0.000164,3,2,3.22e-05,0.0023568,3797.24,81.9709685423401
13358,סמינר הקיבוצים/דרך נמיר,מרכז,תל אביב,32.101886,34.792779,21,0.000689,10,11,0.00020216,0.00235443,3712.5826,134.80806714279998
8645,יעקובזון/עזרת תורה,ירושלים,ירושלים,31.79508,35.211684,9,0.000295,4,5,5.043e-05,0.002354,3370.3526,50.41397610236624
15512,האילנות/התפוז,מרכז,תל אביב,32.068618,34.883214,2,6.6e-05,1,1,2.639e-05,0.00235121,2165.9648,10.869976170842886
18955,קיבוץ מחניים,צפון,פריפריה,32.991947,35.569652,4,0.000131,2,2,3.885e-05,0.00234876,2807.3255,66.54195866902687
27605,שדרות דוד טוביהו/אסף שמחוני,דרום,באר שבע,31.244781,34.789819,8,0.000263,3,5,5.97e-05,0.00234767,3416.2998,90.80431609512927
11030,שד.יגאל אלון/החרש,ירושלים,פריפריה,31.756224,34.987672,13,0.000427,7,6,4.452e-05,0.00234744,4051.6638,101.0317247335278
27683,צומת אורים למערב/כביש 234,דרום,פריפריה,31.316252,34.524492,3,9.8e-05,2,1,2.185e-05,0.00234333,1821.7233,180.20539108874095
4089,צומת כפר קרע,מרכז,פריפריה,32.498074,35.062863,6,0.000197,5,1,3.592e-05,0.00234319,3575.6546,116.85029242736461
18962,מסעף גדות,צפון,פריפריה,33.01342,35.616693,4,0.000131,2,2,3.09e-05,0.00233513,2354.9098,14.625837211721164
23973,פארק אתגרים/משה דיין,מרכז,תל אביב,32.000929,34.764568,10,0.000328,5,5,2.903e-05,0.00233335,3204.8998,124.70299102296956
522,פנקס/הקדר,מרכז,תל אביב,32.323412,34.874522,6,0.000197,1,5,2.982e-05,0.00232998,3207.515,25.010447983117
39559,ביג/דרך הדרום,מרכז,פריפריה,31.602955,34.772665,2,6.6e-05,1,1,2.698e-05,0.00232395,2626.0558,34.869600111915624
38725,ת. רכבת יבנה מערב,מרכז,תל אביב,31.8907,34.731191,7,0.00023,3,4,8.451e-05,0.00232215,3772.9094,70.27511213971239
12226,צומת אילות,דרום,פריפריה,29.578808,34.968106,12,0.000394,10,2,7.622e-05,0.00231993,2997.361,185.78604893574706
35598,יציאה משכונה דרומית,צפון,חיפה,32.772674,35.21637,3,9.8e-05,3,0,2.939e-05,0.00231963,2748.9271,12.639193139142437
16195,ז'בוטינסקי/הסיבים,מרכז,תל אביב,32.092536,34.856645,11,0.000361,4,7,0.00010381,0.00231409,3391.5302,132.80753619450843
27668,גן לאומי אשכול,דרום,פריפריה,31.310521,34.499807,2,6.6e-05,1,1,2.313e-05,0.00231109,1719.3052,142.3196050328412
25974,צומת אשקלון/שדרות מנחם בגין לצפון,מרכז,פריפריה,31.681007,34.610007,4,0.000131,1,3,1.77e-05,0.00230738,3140.8192,156.82714410457226
10776,שדרות שז''ר/בנייני האומה,ירושלים,ירושלים,31.787569,35.203469,19,0.000624,14,5,0.00012729,0.00230099,4243.2429,24.489226856978185
26403,צומת ראם מסמיה,מרכז,פריפריה,31.760191,34.78434,16,0.000525,11,5,9.399e-05,0.00229762,3779.729,122.26618031256918
12945,יצחק שדה/המסגר,מרכז,תל אביב,32.065676,34.785302,19,0.000624,10,9,6.018e-05,0.00229336,3844.6427,62.373589925941836
41543,דרך החרושת/שדרות ישראל פולק,מרכז,פריפריה,31.597756,34.776492,4,0.000131,1,3,2.797e-05,0.00229206,2406.3705,84.83587025264184
28966,אוסקר שינדלר/משה קהירי,דרום,באר שבע,31.282263,34.801617,3,9.8e-05,1,2,1.408e-05,0.00228811,2896.2928,27.441549401139454
27790,צומת זיקים,מרכז,פריפריה,31.60438,34.573212,6,0.000197,3,3,4.241e-05,0.00228534,3124.8437,286.8800785864664
21669,יחיאל מיכל פינס/י.ל. הכהן,מרכז,תל אביב,32.078708,34.890433,3,9.8e-05,1,2,1.501e-05,0.00228039,2971.8327,63.82923574574689
13936,דרך אבא הלל/רוקח,מרכז,תל אביב,32.090008,34.810376,5,0.000164,3,2,3.069e-05,0.00227345,3200.2921,133.71346796491565
27499,שד. מלכי ישראל/שד. צה''ל,מרכז,פריפריה,31.605519,34.75878,12,0.000394,6,6,0.0001044,0.00227168,3641.1663,38.60032472512901
27534,מלכי ישראל/שדרות גת,מרכז,פריפריה,31.61033,34.756573,9,0.000295,4,5,5.902e-05,0.00226954,3315.57,74.58178902635849
19825,צומת בית המכס,צפון,פריפריה,33.011717,35.650603,2,6.6e-05,1,1,2.282e-05,0.00226932,2182.2143,75.46287370649188
17222,מחלף אור עקיבא,צפון,פריפריה,32.505068,34.915857,6,0.000197,2,4,2.043e-05,0.00226863,3497.2011,162.54069158675603
26853,צומת נתיבות מערב,דרום,פריפריה,31.435797,34.58761,3,9.8e-05,1,2,2.182e-05,0.00226858,2649.8255,126.55831222420682
9915,היכל הספורט מלחה/אברהם שטרן,ירושלים,ירושלים,31.757757,35.181037,7,0.00023,4,3,4.532e-05,0.00226814,2831.6746,56.892084101668985
11224,כביש 396/''בי''ח הדסה עין כרם'',ירושלים,ירושלים,31.763181,35.150725,7,0.00023,3,4,1.127e-05,0.00226793,3144.2294,81.94313017850574
43205,דרך קיבוץ גלויות/שד' הר ציון,מרכז,תל אביב,32.049855,34.773002,7,0.00023,3,4,3.761e-05,0.00226369,2789.5235,60.69237817572978
9742,משה שרת/גולומב,ירושלים,ירושלים,31.756219,35.183998,5,0.000164,4,1,2.909e-05,0.00226086,3484.5791,39.11553251985085
22604,גרינשפן/ברנשטיין,מרכז,תל אביב,31.957041,34.814821,4,0.000131,2,2,1.142e-05,0.00226045,3572.571,22.192856891205484
15872,מתחם שבעת הכוכבים,מרכז,תל אביב,31.987946,34.764501,8,0.000263,5,3,6.72e-05,0.00225268,3585.671,21.87001168396314
50948,בריסל/רומא,דרום,פריפריה,31.522168,34.605335,4,0.000131,1,3,9.12e-06,0.00225259,2939.8141,59.42679922451157
25550,שד.בני ברית/הנחושת,מרכז,פריפריה,31.810496,34.664834,8,0.000263,3,5,5.498e-05,0.00224954,3894.2113,111.6573731548165
10953,הדקל / רשי,ירושלים,פריפריה,31.741733,34.980752,7,0.00023,4,3,6.498e-05,0.00224722,3262.7398,61.82213800952898
2570,רופין/ככר אליזבט,צפון,חיפה,32.787876,35.000213,7,0.00023,5,2,6.652e-05,0.00224523,3199.5845,82.33982794417396
25126,בית ספר מרחביה,מרכז,תל אביב,32.077036,34.888057,5,0.000164,2,3,4.261e-05,0.00224355,2703.0207,117.58107804677172
2828,גן נדיר/אצ''ל,צפון,חיפה,32.763734,34.968007,3,9.8e-05,1,2,3.03e-05,0.00224123,2150.8351,25.63020198272705
4400,צומת צנובר,צפון,פריפריה,33.012419,35.653221,3,9.8e-05,1,2,3.25e-05,0.00223993,2038.2247,79.1941577715549
10627,מכבי אש/פאגלין,ירושלים,ירושלים,31.826291,35.238182,8,0.000263,6,2,5.311e-05,0.00223474,3802.5526,89.8844639158158
17825,הרובע המערבי/שכונת אל-אמל,צפון,פריפריה,32.693593,35.284422,2,6.6e-05,1,1,3.465e-05,0.00223235,1895.7684,18.237780806125528
12242,בן גוריון/בית המשפט,דרום,פריפריה,31.068497,35.034696,3,9.8e-05,2,1,4.413e-05,0.00223201,3003.0585,38.00318299797189
24115,ימית 2000/מפרץ שלמה,מרכז,תל אביב,32.004766,34.793927,5,0.000164,2,3,5.252e-05,0.00222876,3297.3035,21.424466308516294
26900,צומת מחנה נתן,דרום,באר שבע,31.221087,34.804745,9,0.000295,4,5,6.618e-05,0.0022202,3558.5198,107.10634033911445
3486,קניון קסטרא/פלימן,צפון,חיפה,32.788592,34.968764,5,0.000164,2,3,2.248e-05,0.00222012,3217.9871,195.16212434166087
3371,חלמיש/שוהם,מרכז,פריפריה,32.4823,34.948061,9,0.000295,5,4,4.362e-05,0.00221662,2586.148,43.564158296019215
19911,צומת עמיעד,צפון,פריפריה,32.914318,35.543585,5,0.000164,3,2,8.344e-05,0.00221066,3535.112,144.3203998297929
24430,איזור התעשיה כפר סבא,מרכז,תל אביב,32.178298,34.926906,13,0.000427,7,6,5.689e-05,0.00220499,2590.8706,92.06833645359339
16412,עמל/שלמה מיכאליס,מרכז,תל אביב,32.095019,34.854252,5,0.000164,3,2,2.564e-05,0.00220369,3026.9389,31.179896394292392
25693,צומת אשכולות,מרכז,פריפריה,31.724006,34.635428,6,0.000197,3,3,3.359e-05,0.00220339,3196.7164,78.86662070077185
41660,כביש 38/דולמיט,ירושלים,פריפריה,31.760419,34.987449,13,0.000427,7,6,0.00010003,0.00220277,4168.0225,122.71853534807079
19428,שכונת בנה ביתך,צפון,פריפריה,32.736218,35.328016,3,9.8e-05,2,1,7.861e-05,0.00220084,2971.4331,96.0293592461698
12962,מחלף גבעת שמואל/כביש 4,מרכז,תל אביב,32.076767,34.844303,9,0.000295,7,2,6.25e-05,0.00220019,4083.7477,144.45959553774765
17824,שכונת א-ראם/דרך כפר החורש,צפון,פריפריה,32.694173,35.282729,2,6.6e-05,1,1,3.483e-05,0.00219986,1781.8099,67.93611757733781
1259,651/השיטה,מרכז,פריפריה,32.478797,34.944003,2,6.6e-05,1,1,2.812e-05,0.00219594,2824.2966,168.26006616692587
827,קניון ג'י/וייצמן,מרכז,תל אביב,32.170317,34.92668,12,0.000394,2,10,4.8e-05,0.00219309,3212.2278,97.323319933088
5851,בית מרקחת כללית,צפון,חיפה,32.777653,35.221558,4,0.000131,2,2,3.178e-05,0.00219279,2510.8051,112.23537256825209
5707,צומת כפר חיטים,צפון,פריפריה,32.797319,35.517925,6,0.000197,4,2,8.288e-05,0.00218987,2807.6312,89.24901882153637
16996,חלמיש/651,מרכז,פריפריה,32.479941,34.948137,7,0.00023,4,3,9.694e-05,0.00218921,2580.0336,98.74110893421604
7557,שד. יחזקאל/רב ושמואל,מרכז,תל אביב,31.939007,35.036676,8,0.000263,5,3,4.119e-05,0.00218649,3626.8098,103.18966832556949
3201,מלל/קומוי,צפון,חיפה,32.779816,35.013969,8,0.000263,4,4,3.492e-05,0.00218367,3590.6808,25.79761507438984
15418,מחלף גדרה לצפון/תחנת דלק,מרכז,פריפריה,31.806571,34.765932,8,0.000263,4,4,6.973e-05,0.00218313,3695.1053,106.27232149657976
19314,כיכר אלקודס,צפון,חיפה,32.855454,35.191989,6,0.000197,4,2,8.503e-05,0.00218116,2250.9227,51.29404958559347
3981,החשמל/דב גרונר,צפון,חיפה,32.798476,35.015701,3,9.8e-05,1,2,2.901e-05,0.00217969,3213.1258,77.91988515919444
27498,שד. מלכי ישראל/שד. צה''ל,מרכז,פריפריה,31.605284,34.75908,11,0.000361,6,5,0.00010186,0.00217948,3642.3113,38.60032472512901
358,הרצל/מינץ,מרכז,תל אביב,32.326819,34.862473,7,0.00023,3,4,0.00013521,0.00217846,3712.7247,108.24920883110846
18911,צומת רמת ישי מערב,צפון,חיפה,32.706599,35.161858,6,0.000197,2,4,8.395e-05,0.00217617,3701.5222,136.52122486884122
17823,פארק יפיע,צפון,פריפריה,32.695163,35.281954,3,9.8e-05,1,2,3.93e-05,0.00217059,1684.1115,18.264224068186515
18823,צומת יאסיף,צפון,חיפה,32.912549,35.15657,4,0.000131,2,2,6.32e-05,0.00216785,3212.3536,90.3115193511941
17508,יצחק רבין/ביאליק,מרכז,פריפריה,32.428606,34.923914,6,0.000197,4,2,1.812e-05,0.0021668,2557.9001,173.34043212736273
16347,ירושלים/גורדון,מרכז,תל אביב,32.087393,34.901304,6,0.000197,3,3,3.35e-05,0.00216382,3368.2013,91.76735865812682
21292,בריכה,צפון,פריפריה,32.854216,35.333389,3,9.8e-05,2,1,6.918e-05,0.0021626,2271.4209,22.094410827027506
20800,ישיבת שפתי צדיק/שלב ג,צפון,פריפריה,32.987121,35.549572,5,0.000164,1,4,3.476e-05,0.00215972,3816.3822,227.96378096384467
1670,פיינברג/לוי אשכול,מרכז,פריפריה,32.428584,34.916235,4,0.000131,3,1,4.549e-05,0.00215934,3070.4643,84.23797716869755
8192,שער הגיא/דרך הציונות,מרכז,פריפריה,32.104572,35.197745,6,0.000197,2,4,3.152e-05,0.00215793,2678.2426,99.78038361661142
27871,צומת שער הנגב,דרום,פריפריה,31.509108,34.586234,9,0.000295,6,3,9.216e-05,0.00215751,3357.6477,102.17236706098659
5705,שד. ספיר/הנביאים,צפון,פריפריה,32.788847,35.517502,5,0.000164,3,2,6.968e-05,0.00215419,2795.5642,103.35397742330714
9997,סיירת דוכיפת/משה דיין,ירושלים,ירושלים,31.825373,35.240696,4,0.000131,3,1,2.857e-05,0.0021464,3342.786,83.05476699830139
12040,אור הנר/חדר אוכל,מרכז,פריפריה,31.557925,34.600475,3,9.8e-05,1,2,1.835e-05,0.00214554,2890.4556,1846.0636960214315
11269,הנטקה/שמריהו לוין,ירושלים,ירושלים,31.768906,35.177543,7,0.00023,5,2,4.05e-05,0.00214122,3272.8338,14.665481888576869
21074,ספוריה/ספאפרה,צפון,פריפריה,32.712054,35.303509,6,0.000197,3,3,1.379e-05,0.0021408,2438.1516,126.41810596805378
13290,מכון מור/דרך זאב ז'בוטינסקי,מרכז,תל אביב,32.091435,34.825758,13,0.000427,9,4,7.155e-05,0.00213841,3340.1559,103.08759177765602
23075,צומת לפיד/מערב,מרכז,תל אביב,31.916209,35.027429,7,0.00023,2,5,7.493e-05,0.00213283,3652.359,124.65771339977444
19867,מסעף בית ספר כדורי,צפון,פריפריה,32.705913,35.412155,3,9.8e-05,1,2,4.637e-05,0.00212779,3251.0767,104.53136841250813
19517,ספוריה/מרכז דושי,צפון,פריפריה,32.716717,35.298603,2,6.6e-05,1,1,8.47e-06,0.00212675,2637.8429,98.63936795216091
29318,דרך קיבוץ גלויות/חיל השריון,מרכז,תל אביב,32.047476,34.780585,5,0.000164,3,2,1.729e-05,0.00212637,3080.7005,81.12074869527575
17434,פיינברג/השיטה,מרכז,פריפריה,32.427977,34.919049,3,9.8e-05,1,2,4.358e-05,0.00212429,2768.1856,12.132908170668358
12973,מבצע קדש/ראול ולנברג,מרכז,תל אביב,32.106557,34.827452,9,0.000295,7,2,7.46e-05,0.00212166,2794.7911,125.56608377740682
42576,מתנ''ס דימונה/הרבי מלובאוויטש,דרום,פריפריה,31.065044,35.04806,5,0.000164,2,3,1.901e-05,0.00212027,2124.5139,83.86930157044628
2437,הרצליה/הציונות,צפון,חיפה,32.814008,34.9922,8,0.000263,6,2,7.254e-05,0.00211796,3091.1765,95.85029863921947
41163,ישעיהו הנביא/דבורה הנביאה,ירושלים,פריפריה,31.702444,34.990037,7,0.00023,4,3,6.835e-05,0.00211237,2568.1041,73.96480422527323
24830,צומת ביל''ו,מרכז,תל אביב,31.871477,34.820257,9,0.000295,5,4,2.024e-05,0.00211034,3622.8257,106.09527377808654
10251,סיירת דוכיפת/מחסום חזמא,ירושלים,ירושלים,31.827679,35.251504,7,0.00023,2,5,2.952e-05,0.00210809,2995.0953,99.3956215885564
44105,אבא אחימאיר/יעקוב דורי,דרום,באר שבע,31.263749,34.770481,3,9.8e-05,2,1,3.676e-05,0.00210047,2623.7092,64.2783706354058
24046,קק''ל/רהב,מרכז,תל אביב,32.023359,34.75717,6,0.000197,3,3,3.678e-05,0.00209969,3273.0842,25.784274004418787
3548,מחלף עתלית,צפון,חיפה,32.710886,34.954266,4,0.000131,2,2,1.791e-05,0.00209678,3742.2033,378.052444022925
24434,כביש 55/דרך המוביל,מרכז,תל אביב,32.172529,34.930974,10,0.000328,7,3,9.21e-05,0.00209035,3399.1193,275.72342009609866
44197,שדרות דוד טוביהו/לימונית,דרום,באר שבע,31.259409,34.756134,8,0.000263,6,2,7.625e-05,0.00208878,3028.0857,99.6890781281682
1859,מרכז חורב/חורב,צפון,חיפה,32.784166,34.986637,5,0.000164,4,1,5.65e-05,0.00208719,2640.2903,50.98710106804425
10444,בי''ח שערי צדק/בייט,ירושלים,ירושלים,31.774226,35.186019,12,0.000394,7,5,6.525e-05,0.00208707,3662.8487,92.79930806447598
13241,ראול ולנברג/הברזל,מרכז,תל אביב,32.107031,34.833789,9,0.000295,7,2,8.487e-05,0.00208039,3317.7634,150.36864366152034
48182,ת. מרכזית ק''ש/רציפים,צפון,פריפריה,33.209085,35.569276,2,6.6e-05,0,2,5.11e-06,0.00207336,2384.3799,0.0
22319,מחנה נחל שורק,מרכז,פריפריה,31.809127,34.870542,6,0.000197,2,4,5.672e-05,0.00206839,4124.5334,158.77897454992106
13221,ת. רכבת האוניברסיטה/שד' רוקח,מרכז,תל אביב,32.102578,34.805312,13,0.000427,3,10,5.425e-05,0.00205939,3343.5381,129.3944924917718
28975,דרך הדרום/ביג,מרכז,פריפריה,31.602656,34.772554,3,9.8e-05,1,2,5.46e-05,0.00205751,2626.2019,34.869600111915624
17972,צומת שבע,צפון,פריפריה,32.927234,35.406429,7,0.00023,4,3,5.276e-05,0.00205444,3503.3462,93.19192334768428
40361,שכונת אבו רומאן,צפון,חיפה,32.850748,35.188383,3,9.8e-05,2,1,2.375e-05,0.00205284,2399.9585,122.59806220365967
16558,ז'בוטינסקי/משה דיין,מרכז,תל אביב,32.092963,34.964991,9,0.000295,5,4,4.734e-05,0.00205064,2782.1997,104.81690131804204
4125,צומת ברטעה,מרכז,פריפריה,32.499963,35.068631,7,0.00023,2,5,6.559e-05,0.00204981,3768.3631,78.28943844953787
7354,מעזריטש/חיי יצחק,ירושלים,ירושלים,31.70211,35.121881,5,0.000164,1,4,5.96e-05,0.00204765,3794.0707,20.067745664504045
47017,האר''י/גשר האחדות,מרכז,תל אביב,32.31207,34.864008,4,0.000131,2,2,3.657e-05,0.00204289,3745.4401,83.33613169382573
18008,מחנה נטפים,צפון,פריפריה,32.799881,35.403979,7,0.00023,5,2,5.854e-05,0.00204134,3663.7698,245.33843167092246
50802,דרך מנחם בגין/דרך ירושלים,מרכז,תל אביב,31.890955,34.832069,9,0.000295,4,5,2.314e-05,0.00203693,3975.076,126.69619669441653
4133,צומת מנשה לדרום,מרכז,פריפריה,32.470927,35.010644,5,0.000164,3,2,9.683e-05,0.00203449,3873.8665,93.66997283608188
40759,מסגד סולימאן אל ח'אג',צפון,חיפה,32.951614,35.163735,3,9.8e-05,1,2,2.672e-05,0.00203284,2377.8146,132.7553424629303
16004,צומת קסם,מרכז,תל אביב,32.120586,34.938787,6,0.000197,3,3,6.211e-05,0.00202782,3900.6026,131.7164220436182
35401,אלביר/עומר אלמוכתאר,דרום,באר שבע,31.392406,34.775895,5,0.000164,2,3,3.921e-05,0.00202754,2822.5546,87.51456786121624
41495,מחלף שמשון לצפון,ירושלים,ירושלים,31.774523,35.00712,7,0.00023,4,3,4.41e-05,0.00202737,4028.5954,88.18833347314224
40770,מרכז קהילתי אנגליקני,צפון,חיפה,32.953805,35.164268,3,9.8e-05,2,1,2.492e-05,0.0020252,2207.2774,40.1059416814191
25206,צומת סגולה לצפון/כביש 40,מרכז,תל אביב,32.102404,34.898214,8,0.000263,6,2,4.388e-05,0.00202502,3586.7902,108.31418783971166
43039,שדרות ישראל פולק/דרך החרושת,מרכז,פריפריה,31.598515,34.776401,2,6.6e-05,1,1,6.025e-05,0.00202214,2403.9848,84.83587025264184
44870,שדרות לכיש/שדרות כרמי גת,מרכז,פריפריה,31.630069,34.773022,5,0.000164,3,2,4.96e-05,0.00202042,2577.5136,117.53307559666875
19087,מסעף קיבוץ אפק,צפון,חיפה,32.838147,35.118397,5,0.000164,3,2,2.424e-05,0.00202021,2898.2979,106.95198600150266
7016,נוף כנרת 1,צפון,פריפריה,32.955024,35.530955,3,9.8e-05,2,1,3.259e-05,0.00201637,2361.3255,75.51925946671834
27353,בית חולים ברזילי,מרכז,פריפריה,31.663251,34.562429,8,0.000263,2,6,4.858e-05,0.00201473,2728.6954,94.44872176583064
18703,צומת מחניים,צפון,פריפריה,32.989769,35.560826,8,0.000263,2,6,7.744e-05,0.0020143,3104.9246,121.0682682862628
21309,צומת חנתון,צפון,חיפה,32.778674,35.244104,6,0.000197,3,3,6.216e-05,0.00201355,3281.7147,81.88994268793662
13989,בני אפרים/הדר יוסף,מרכז,תל אביב,32.110352,34.81622,4,0.000131,2,2,4.498e-05,0.00201234,2768.9903,112.67683155111047
19385,שדרות מעלה יצחק/הפסגות,צפון,פריפריה,32.704254,35.325874,7,0.00023,3,4,5.601e-05,0.00201146,2733.333,47.64888059013291
47119,רבי שלמה זלמן דרוק,ירושלים,ירושלים,31.808806,35.214009,9,0.000295,4,5,5.352e-05,0.0020106,3995.8773,50.03287624976431
50032,הרב משה שמואל שפירא/שביט,מרכז,תל אביב,31.94415,34.829448,5,0.000164,2,3,1.969e-05,0.00201049,3635.4557,41.33553392013101
27594,שדרות הרצל/כצנלסון,דרום,באר שבע,31.313272,34.621376,7,0.00023,6,1,7.285e-05,0.00200961,3173.0926,75.0735423737534
3821,פרויד/סבידור,צפון,חיפה,32.778632,34.987247,4,0.000131,3,1,4.805e-05,0.00200561,2895.1744,94.02625770587363
4774,צומת מרחביה,צפון,פריפריה,32.607203,35.302831,5,0.000164,2,3,9.095e-05,0.00200315,2842.2352,152.19873407866172
19828,צומת נשוט,צפון,פריפריה,33.025049,35.67301,3,9.8e-05,2,1,3.371e-05,0.002,1912.158,95.96968098094344
27815,שדרות דוד טוביהו/הגאונים,דרום,באר שבע,31.253884,34.762348,3,9.8e-05,1,2,0.00010366,0.00199855,2643.2327,105.37816453612913
40771,מרכז קהילתי ב,צפון,חיפה,32.951861,35.167893,3,9.8e-05,1,2,2.59e-05,0.00199558,2052.9047,48.62734521890219
11755,מעלה השלום/מעלות עיר דוד,ירושלים,ירושלים,31.774904,35.235578,5,0.000164,2,3,9.055e-05,0.00199238,2657.999,11.377391550795847
16247,מסעף כפר בילו ב,מרכז,תל אביב,31.869132,34.819852,6,0.000197,1,5,6.208e-05,0.00199073,3346.2455,20.049080378834198
39339,ישראל פולק/צורן,מרכז,פריפריה,31.594209,34.777132,4,0.000131,3,1,6.491e-05,0.00198989,2221.3196,246.40488456078276
7353,מעזריטש/הר''ן,ירושלים,ירושלים,31.702517,35.118873,5,0.000164,4,1,6.564e-05,0.00198911,3335.2298,59.60101913037677
38850,משמר הגבול/גוש חלב,מרכז,פריפריה,32.430046,34.926726,3,9.8e-05,2,1,3.2e-05,0.0019868,2346.8088,121.05682091502646
51568,תחנה מרכזית/שדרות העצמאות,מרכז,פריפריה,31.609356,34.770199,6,0.000197,3,3,1.527e-05,0.00198576,3220.7025,0.0
8494,מחלף לטרון,ירושלים,פריפריה,31.840045,34.990017,7,0.00023,4,3,1.343e-05,0.00198432,4072.3814,237.27481864811634
769,צומת קלנסאווה,מרכז,תל אביב,32.290139,34.985113,6,0.000197,3,3,7.472e-05,0.0019776,3054.4892,153.61427650921544
19429,כפר כנא ח'/יציאה,צפון,פריפריה,32.739721,35.333391,3,9.8e-05,2,1,4.713e-05,0.00197563,2691.8616,131.1465085475507
42161,גרנד קניון/דרך מצדה,דרום,באר שבע,31.252658,34.770861,4,0.000131,2,2,3.904e-05,0.00197512,2425.0469,104.00783716982879
9469,מלכי ישראל/בן מתתיהו,ירושלים,ירושלים,31.789472,35.214669,5,0.000164,2,3,3.63e-05,0.00196944,3792.4755,58.402613780387036
523,צבי שכטרמן/הפלדה,מרכז,תל אביב,32.320071,34.877451,4,0.000131,2,2,1.937e-05,0.00196834,2877.1934,141.8723985945292
28954,כיכר וופרטל,דרום,באר שבע,31.283209,34.799213,4,0.000131,2,2,2.969e-05,0.0019669,2903.6743,40.959659790905555
18821,מסעף מכר,צפון,חיפה,32.915417,35.125862,6,0.000197,4,2,6.393e-05,0.00196447,2913.4945,123.92704122308999
24779,מחלף גהה/ז'בוטינסקי,מרכז,תל אביב,32.092697,34.848252,8,0.000263,3,5,8.755e-05,0.00196432,3744.0875,70.13322718306043
14822,צומת פרדסיה,מרכז,תל אביב,32.304107,34.900468,5,0.000164,2,3,5.985e-05,0.00196399,3267.1341,91.78907171174716
18627,מצפה הימים / נוף כנרת,צפון,פריפריה,32.95543,35.530255,4,0.000131,2,2,3.316e-05,0.00196327,2363.1628,79.39630439065363
38535,מעלה אבשלום/הצבעוני,צפון,חיפה,32.691604,35.111095,2,6.6e-05,1,1,2.899e-05,0.00196297,2688.6664,70.44596871700821
3549,מחלף עתלית,צפון,חיפה,32.710025,34.950357,6,0.000197,4,2,1.717e-05,0.0019607,3738.6946,179.04755563853428
3295,מסעף כפר חסידים,צפון,חיפה,32.759169,35.092851,5,0.000164,2,3,3.082e-05,0.00195948,3691.2214,211.8933875426754
5229,צומת כורזים,צפון,פריפריה,32.90514,35.548412,2,6.6e-05,1,1,2.901e-05,0.00195912,3132.787,113.77101094220667
49464,רבי נחמן מאומן/הרבי מלובאוויטש,דרום,פריפריה,31.065339,35.046629,2,6.6e-05,1,1,1.208e-05,0.00195883,1977.8541,58.19583701924793
21322,צומת צריפין לדרום,מרכז,תל אביב,31.968557,34.844337,11,0.000361,6,5,7.06e-05,0.00195597,3616.9766,179.15747542155307
4348,בית ספר הר וגיא,צפון,פריפריה,33.227081,35.636205,5,0.000164,3,2,7.75e-06,0.0019527,1632.1914,172.63048385427135
4893,צומת מגידו,צפון,פריפריה,32.573532,35.191605,5,0.000164,3,2,1.56e-05,0.00195146,3115.9896,115.38145812016262
11931,הכלנית/הצבעוני,מרכז,פריפריה,31.787756,34.64886,7,0.00023,5,2,7.923e-05,0.00195104,3408.2053,50.40589318430781
41224,הר הזיתים,ירושלים,ירושלים,31.778914,35.239551,4,0.000131,2,2,8.931e-05,0.00194824,2433.5022,42.15636006233664
3891,צומת קרית טבעון,צפון,חיפה,32.711854,35.125707,7,0.00023,6,1,6.172e-05,0.00194786,3112.6503,24.761385947988963
3802,אריה לוין /חבד,צפון,חיפה,32.841402,35.071687,6,0.000197,3,3,6.06e-06,0.00194642,2467.8052,236.49662898751174
4759,מסעף מזרע,צפון,פריפריה,32.649392,35.291894,3,9.8e-05,2,1,4.223e-05,0.00194513,3393.2919,148.73373619753002
25297,דרך זבולון המר/דרך שלמה שמלצר,מרכז,תל אביב,32.103301,34.869022,8,0.000263,5,3,3.268e-05,0.00194441,3531.7181,102.44287122136932
24113,משה שרת/מפרץ שלמה,מרכז,תל אביב,32.005757,34.792037,4,0.000131,2,2,3.915e-05,0.00194334,2957.2213,42.12274342290106
40364,חט''ב אבן ח'לדון,צפון,חיפה,32.849924,35.189255,2,6.6e-05,1,1,2.551e-05,0.00193944,2243.0442,95.12670095771064
27864,צומת הגדי לדרום,דרום,פריפריה,31.415189,34.607634,9,0.000295,3,6,5.422e-05,0.00193857,3508.9288,88.54346965863502
39563,בגין/הרצל,דרום,פריפריה,31.520961,34.59331,8,0.000263,2,6,5e-05,0.00193832,3265.0954,20.91959309360959
28480,צומת רהט דרום,דרום,באר שבע,31.371704,34.782864,4,0.000131,2,2,4.14e-05,0.00193802,3283.8013,109.1810961861284
10193,תחנת רקל''ה גבעת המבתר/'יגאל ידין,ירושלים,ירושלים,31.806441,35.233698,17,0.000558,9,8,8.428e-05,0.00193631,3976.5168,98.99817350702017
17148,צומת קרית טבעון,צפון,חיפה,32.712072,35.125761,4,0.000131,2,2,5.26e-05,0.00193624,2948.388,24.761385947988963
38959,הרצל / יגאל אלון,דרום,פריפריה,31.06666,35.038996,5,0.000164,3,2,1.389e-05,0.00193551,3005.2681,124.61175205601148
44502,תיכון זינמן/עליה,דרום,פריפריה,31.066116,35.041866,7,0.00023,3,4,4.643e-05,0.00193358,2488.5314,58.68380084314704
27663,מועצה אזורית שער הנגב,דרום,פריפריה,31.515019,34.5977,7,0.00023,4,3,7.719e-05,0.00193165,3074.8309,117.26792807847444
38538,מעלה אבשלום ב,צפון,חיפה,32.693289,35.110149,2,6.6e-05,1,1,2.807e-05,0.00193044,2458.2056,18.122614616134417
5228,הר האושר/הביאטיטודים,צפון,פריפריה,32.888625,35.553132,2,6.6e-05,1,1,2.812e-05,0.00192638,2822.4093,192.4379436662547
4188,צומת שש/חלפתא,צפון,פריפריה,32.9214,35.417554,3,9.8e-05,1,2,2.735e-05,0.00192407,3115.1116,92.63293207504724
24458,מסוף רעננה/נתיב האבות,מרכז,תל אביב,32.17488,34.890696,7,0.00023,2,5,2.263e-05,0.00192298,3841.3183,59.886147992946675
50260,שדרות משה דיין/יוסף לישנסקי,מרכז,תל אביב,31.986351,34.762775,7,0.00023,2,5,5.47e-05,0.00192257,3610.8665,138.64248816801043
29404,דרך תל אביב/פישמן,מרכז,תל אביב,32.172788,34.815224,4,0.000131,2,2,9.09e-06,0.00192039,3587.6451,156.1013740527043
18005,שדרות מ''ג המעפילים/מחלף יפה נוף,צפון,פריפריה,33.008079,35.283256,5,0.000164,2,3,8.942e-05,0.00192028,2213.0972,56.669403659743416
24441,בית ספר רמז/דרך אלי הורוביץ,מרכז,תל אביב,32.179542,34.939256,4,0.000131,1,3,3.994e-05,0.00191667,2809.1476,95.87255634658901
24318,ירושלים/גורדון,מרכז,תל אביב,32.088478,34.901556,6,0.000197,3,3,4.489e-05,0.00191663,3359.8795,93.99860430597104
19571,צומת התשבי,צפון,חיפה,32.672985,35.107967,6,0.000197,2,4,3.62e-05,0.00191427,3685.1378,128.28833867657804
47928,ת. מרכזית המפרץ/רציפים בינעירוני,צפון,חיפה,32.793242,35.034178,2,6.6e-05,0,2,5.11e-06,0.00191292,3944.8963,0.0
28941,אוסקר שינדלר/שדרות לוי אשכול,דרום,באר שבע,31.282245,34.801905,4,0.000131,2,2,1.949e-05,0.00191019,2634.0277,27.441549401139454
28949,אליהו מויאל/משה דיין,דרום,באר שבע,31.263828,34.771943,4,0.000131,2,2,3.524e-05,0.00190985,2407.4957,68.32724291627287
44888,שדרות נהר הירקון/הרב קוק,ירושלים,פריפריה,31.705053,35.004975,8,0.000263,4,4,4.959e-05,0.00190984,3916.7648,89.97224613738403
7017,נוף הגליל/נוף העמק,צפון,פריפריה,32.953363,35.530076,3,9.8e-05,2,1,3.993e-05,0.00190928,2182.7052,141.31286178775127
40348,בית ספר ב',צפון,חיפה,32.84916,35.192057,3,9.8e-05,2,1,2.3e-05,0.00190825,2083.1492,37.85848987550827
21268,מע'אר מרכז/806,צפון,פריפריה,32.890777,35.409675,6,0.000197,3,3,4.485e-05,0.00190783,2097.9822,15.368315574001851
43656,דרך השלום/דרך יצחק שמיר,מרכז,פריפריה,32.443946,34.894357,5,0.000164,3,2,6.101e-05,0.00190644,3491.5159,166.39987361112716
4957,הספרייה העירונית/יצחק רבין,צפון,פריפריה,32.613176,35.296586,13,0.000427,9,4,8.787e-05,0.00190425,3322.9012,53.59659138444779
42451,בי''ס שקד/מעלה השיזף,צפון,חיפה,32.701655,35.110125,5,0.000164,1,4,3.008e-05,0.00190414,2674.0944,190.75145868294794
38537,מעלה אבשלום ד,צפון,חיפה,32.697611,35.109858,2,6.6e-05,1,1,2.707e-05,0.0018985,2268.3438,26.504811601120494
23582,שדרות הארץ/שדרות הדקלים,מרכז,תל אביב,32.219756,34.986424,8,0.000263,4,4,3.203e-05,0.00189563,2902.8578,95.75218776069498
19769,התמר / הגיבורים,צפון,חיפה,32.655845,35.105574,5,0.000164,3,2,7.126e-05,0.00189543,3331.308,52.73347441349944
18020,מעלה חסון/ז'בוטינסקי,צפון,פריפריה,33.016624,35.283054,6,0.000197,5,1,0.00011945,0.00189417,1929.2023,91.76122166961261
5227,צומת כפר נחום,צפון,פריפריה,32.87684,35.546386,2,6.6e-05,1,1,2.685e-05,0.0018939,2575.8731,149.0924086575028
43372,אלטלנה,מרכז,פריפריה,31.781948,34.655639,8,0.000263,4,4,8.235e-05,0.00189282,3836.9818,111.32502098406859
29310,המסגר/יד חרוצים,מרכז,תל אביב,32.061291,34.784847,10,0.000328,7,3,5.511e-05,0.0018925,3837.2531,62.34737842609481
1165,צומת פל ים,מרכז,פריפריה,32.481227,34.920404,5,0.000164,3,2,4.529e-05,0.00189117,3148.6279,139.28434009216565
26156,גולדה מאיר/שאול המלך,דרום,באר שבע,31.260159,34.770545,4,0.000131,2,2,3.628e-05,0.00188922,2078.8364,80.13985895870837
22110,צומת שילת,מרכז,תל אביב,31.912407,35.017551,9,0.000295,4,5,8.064e-05,0.00188686,3979.3022,111.65615507380978
7372,בבא סאלי/ נדבורנא,מרכז,ירושלים,31.693438,35.111245,9,0.000295,5,4,7.556e-05,0.00188619,3324.1382,33.80801567642804
21265,מגאר ו'/בי''ס יסודי ב,צפון,פריפריה,32.889311,35.408214,10,0.000328,5,5,4.934e-05,0.0018815,2110.8428,12.778097030532777
48340,ת. מרכזית חדרה,מרכז,פריפריה,32.435313,34.914144,9,0.000295,5,4,5.087e-05,0.00188145,3478.2406,0.0
2689,כלא 6,צפון,חיפה,32.710547,34.96967,4,0.000131,2,2,1.682e-05,0.00188143,3404.1928,84.01962065987122
50556,מסוף חריש/גפן,מרכז,פריפריה,32.471234,35.038786,3,9.8e-05,2,1,4.554e-05,0.00188015,3258.6903,0.0
2295,וייצמן/העמקים,צפון,חיפה,32.817309,35.079538,6,0.000197,1,5,2.901e-05,0.0018787,3064.1535,17.095775787794814
29047,מרחבים/נתיב הצפרים,דרום,פריפריה,31.074755,35.036,4,0.000131,2,2,6.352e-05,0.00187545,2717.4072,32.012547497023576
28230,מחלף מיתר לב''ש,דרום,באר שבע,31.306942,34.900322,7,0.00023,4,3,0.00015525,0.0018752,3528.8362,137.8522127168883
21195,מעלה יצחק/עין מאהל,צפון,פריפריה,32.720235,35.33897,8,0.000263,2,6,3.636e-05,0.0018677,2907.77,37.22512103107169
4968,ואדי אל-חאג'/ח'לת א-דיר,צפון,פריפריה,32.690953,35.297923,7,0.00023,3,4,8.983e-05,0.00186706,2694.294,98.84716803848983
10931,שד.הדקל/שביל החרובים,ירושלים,פריפריה,31.742575,34.979563,5,0.000164,2,3,5.941e-05,0.00186664,2930.1499,135.19612889938966
4001,צומת בת שלמה,צפון,חיפה,32.598208,35.005515,5,0.000164,2,3,2.008e-05,0.00186655,3712.5399,130.4447555934108
18680,עראבה א'/כניסה,צפון,פריפריה,32.855806,35.329506,3,9.8e-05,2,1,4.149e-05,0.00186611,2111.8999,46.97315235149048
47851,ת.מרכזית עפולה/הורדה,צפון,פריפריה,32.609242,35.292548,15,0.000492,9,6,0.00017832,0.00186493,3158.6553,39.245353091548516
11715,דרך חברון/האומן,ירושלים,ירושלים,31.744221,35.215463,6,0.000197,3,3,6.094e-05,0.00186231,3102.3093,112.75123955678718
5226,חוף חוקוק/אתר ספיר,צפון,פריפריה,32.87061,35.533839,3,9.8e-05,1,2,2.767e-05,0.00186164,2376.5817,97.99645456823285
5336,וייצמן/האבות,צפון,פריפריה,32.779406,35.509,6,0.000197,3,3,5.897e-05,0.00185674,3503.1371,68.81875482814387
51118,צומת אזור תעשייה שדרות,דרום,פריפריה,31.524206,34.605405,3,9.8e-05,1,2,1.352e-05,0.00185513,3243.0516,98.38184369372446
39980,נתרן/אשלגן,מרכז,פריפריה,31.590501,34.780118,5,0.000164,2,3,2.55e-05,0.00184954,2222.2891,305.0459901621269
16610,נחל רבה/חט''ב גוונים,מרכז,תל אביב,32.098018,34.963342,8,0.000263,5,3,4.129e-05,0.00184577,3055.3986,71.01869115411206
2600,מרכז מסחרי,צפון,חיפה,32.698631,35.056154,3,9.8e-05,2,1,6.898e-05,0.00184506,2666.5143,18.566416118604483
5831,בית ספר אורט/שדרות מ''ג המעפילים,צפון,פריפריה,33.010681,35.288065,6,0.000197,3,3,2.776e-05,0.00184415,2058.9509,36.47545735777594
8639,גבעת משה,ירושלים,ירושלים,31.797535,35.217057,10,0.000328,3,7,4.803e-05,0.00184364,3951.3571,20.53385898131895
10647,שדרות חיים ברלב/שדרות האוניברסיטה העברית,ירושלים,ירושלים,31.800347,35.233288,18,0.000591,5,13,7.461e-05,0.00184083,3760.8439,129.24023981792496
7673,צומת מצפה יריחו,מרכז,ירושלים,31.818344,35.389166,6,0.000197,4,2,2.8e-05,0.00183887,3053.7934,119.65305306890373
3922,קופת חולים/העצמאות,צפון,חיפה,32.81137,35.104583,6,0.000197,3,3,6.734e-05,0.00183879,2702.5386,142.9448979448956
5998,בית מרקחת,צפון,חיפה,32.869414,35.205294,4,0.000131,2,2,3.746e-05,0.0018362,2276.4697,10.385790289559806
14209,מחלף הכפר הירוק,מרכז,תל אביב,32.133892,34.833366,10,0.000328,5,5,1.732e-05,0.00183513,3955.3215,141.28714784238042
7575,יהודה הנשיא א,מרכז,תל אביב,31.938863,35.045468,6,0.000197,4,2,3.752e-05,0.00183355,3209.4334,32.64410978190479
13632,המסגר/ריב''ל,מרכז,תל אביב,32.062018,34.785025,8,0.000263,6,2,7.467e-05,0.00182824,3835.1059,32.653643498722516
40890,מחנה 80,מרכז,פריפריה,32.460747,34.985367,2,6.6e-05,1,1,2.244e-05,0.00182817,3358.1898,92.5230219714351
17737,מסעף בן עמי,צפון,פריפריה,33.007749,35.119263,4,0.000131,3,1,0.00014199,0.00182686,2043.8536,121.98268507176886
24121,אלופי צה''ל/משה שרת,מרכז,תל אביב,32.00989,34.793173,10,0.000328,5,5,3.259e-05,0.00182546,3311.0996,80.3066208147053
15747,שדרות ירושלים/רוזמרין,מרכז,תל אביב,31.884751,34.733291,4,0.000131,1,3,6.943e-05,0.00182455,3181.5869,162.1495529090415
7023,נוף כנרת 8,צפון,פריפריה,32.954348,35.531033,3,9.8e-05,1,2,3.35e-05,0.00181846,2185.3095,75.51925946671834
34232,קרני שומרון/כניסה,מרכז,פריפריה,32.175458,35.092796,7,0.00023,6,1,2.069e-05,0.00181714,3534.9227,22.42760972278624
21172,מעל המעיין,צפון,פריפריה,32.741297,35.334465,4,0.000131,2,2,4.149e-05,0.00181385,2523.2098,81.95114127859691
13191,מחלף גהה,מרכז,תל אביב,32.092033,34.847163,6,0.000197,1,5,4.279e-05,0.00181328,3758.073,123.50175539534729
17756,צומת כברי,צפון,פריפריה,33.017533,35.142569,4,0.000131,2,2,9.65e-06,0.00181228,1817.7619,64.62501054336234
4227,מחלף מוטה גור,צפון,פריפריה,32.91099,35.277186,6,0.000197,4,2,1.899e-05,0.00181218,2842.2371,152.9110444687517
25097,צומת טייסים,מרכז,תל אביב,32.024122,34.90787,9,0.000295,4,5,6.277e-05,0.00180947,3940.3477,108.11583340909402
26330,הפלמ''ח/גשר עד הלום,מרכז,פריפריה,31.801664,34.662622,7,0.00023,3,4,4.523e-05,0.00180922,3450.6428,66.3739498399084
47975,ת. מרכזית חדרה/רציפים,מרכז,פריפריה,32.435961,34.914024,12,0.000394,5,7,2.726e-05,0.00180905,3503.7414,0.0
18953,מחנה אליפלט,צפון,פריפריה,32.952478,35.541091,8,0.000263,4,4,8.175e-05,0.00180811,3837.9973,150.0580657088551
15412,מסעף גן יבנה,מרכז,פריפריה,31.782979,34.674618,8,0.000263,5,3,4.93e-05,0.00180794,3610.3256,69.28059977274972
24713,ת. רכבת מודיעין מרכז,מרכז,תל אביב,31.901335,35.004985,15,0.000492,8,7,5.476e-05,0.00180789,3812.0643,69.47122070765218
4123,צומת מנשה לצפון,מרכז,פריפריה,32.471404,35.011467,6,0.000197,1,5,5.01e-05,0.00180626,3842.9562,93.66997283608188
6524,בית ספר,צפון,חיפה,32.95723,35.16078,4,0.000131,3,1,5.16e-05,0.00180619,2057.4145,87.63427755282662
41200,גולדה מאיר/אליהו מויאל,דרום,באר שבע,31.262056,34.76906,3,9.8e-05,2,1,4.143e-05,0.00180404,2231.0939,66.35838164673281
2406,מכללת אורנים,צפון,חיפה,32.710793,35.109251,4,0.000131,2,2,2.383e-05,0.00180276,2806.6013,89.82047642322237
51119,צומת אזור תעשייה שדרות,דרום,פריפריה,31.523624,34.604305,4,0.000131,2,2,3.439e-05,0.00180156,3235.2904,83.46901282097299
4676,שוק נוף הגליל/הציונות,צפון,פריפריה,32.694975,35.30494,9,0.000295,3,6,6.693e-05,0.0017998,2706.2956,155.42088530048562
51159,כביש 446/מעבר חשמונאים לדרום,מרכז,תל אביב,31.939272,35.033785,4,0.000131,3,1,4.517e-05,0.00179956,3590.1614,108.25790209741213
14338,מתחם שרונה/אליעזר קפלן,מרכז,תל אביב,32.073253,34.786797,11,0.000361,5,6,5.175e-05,0.00179948,3801.5412,33.67453354539673
50897,דרך הנדיב/ספיר,מרכז,פריפריה,32.465629,34.982563,2,6.6e-05,1,1,2.422e-05,0.00179586,3003.4626,118.54593838094239
34800,אלקנה/שכונה צפונית,מרכז,תל אביב,32.118255,35.038967,7,0.00023,3,4,5.236e-05,0.00179348,2893.6138,540.0993861888966
942,התדהר/התעשיה,מרכז,תל אביב,32.196211,34.88436,6,0.000197,3,3,4.494e-05,0.00179283,3189.5723,113.72995436568465
6045,אבו סנאן/כיכר השלום,צפון,חיפה,32.958624,35.168233,5,0.000164,3,2,4.108e-05,0.00178795,1923.7459,31.715971884350132
17580,צומת בית רימון,צפון,פריפריה,32.761348,35.346865,7,0.00023,4,3,8.721e-05,0.00178566,3327.3867,89.00923568985493
51148,רבי מאיר מפרימישלן/הרב מירב,מרכז,פריפריה,32.163606,35.138632,10,0.000328,3,7,6.263e-05,0.0017853,3755.9276,17.47180617838555
1217,צומת בית חנניה,צפון,פריפריה,32.534573,34.9289,8,0.000263,5,3,4.645e-05,0.00178438,3383.0963,89.10821626466533
26266,אברבנאל / רחבת חתם הסופר,דרום,באר שבע,31.254806,34.768483,5,0.000164,3,2,6.572e-05,0.00178406,2239.3302,104.4076858395277
3449,מרדכי גור / יצחק רבין,צפון,חיפה,32.707872,35.116042,5,0.000164,4,1,3.177e-05,0.00178384,2772.7337,24.731484753725695
29016,הרצל/דימונה כניסה,דרום,פריפריה,31.062469,35.020324,3,9.8e-05,1,2,2.835e-05,0.00178359,2474.8661,99.40867511994249
18235,צומת הפיקוד/אל-עמארה,צפון,פריפריה,32.694042,35.28755,7,0.00023,3,4,7.463e-05,0.00177893,2006.1484,44.61827601073484
41419,שכונה 2,דרום,באר שבע,31.165257,35.033275,2,6.6e-05,1,1,1.19e-05,0.00177845,1905.4315,44.54906378778458
28758,שכונה 2,דרום,באר שבע,31.165485,35.03366,2,6.6e-05,1,1,2.566e-05,0.00177845,1905.4315,44.54906378778458
24178,פרימיום סנטר/המלאכה,מרכז,תל אביב,32.016577,34.801202,7,0.00023,3,4,6.997e-05,0.00177801,3201.4591,69.2608460729864
7254,צומת מנות עבדון,צפון,פריפריה,33.042567,35.148127,2,6.6e-05,1,1,8.04e-06,0.00177798,1709.6028,97.38577640166899
7619,צומת חשמונאים צפון,מרכז,תל אביב,31.930966,35.026006,10,0.000328,5,5,9.431e-05,0.00177734,4054.2851,145.27043039805505
933,ויצמן/קרן היסוד,מרכז,תל אביב,32.19232,34.875196,4,0.000131,3,1,4.108e-05,0.00177462,2875.9568,71.80678668475753
21210,צומת עין מאהל,צפון,פריפריה,32.723755,35.3438,5,0.000164,3,2,6.76e-06,0.00177411,2970.9318,60.95403274384585
1868,פיקא/הראל,צפון,חיפה,32.78773,34.991575,4,0.000131,2,2,3.552e-05,0.00177371,2880.9548,20.929920747269914
2162,מיכאל/בר כוכבא,צפון,חיפה,32.80542,35.001427,7,0.00023,3,4,4.091e-05,0.00177028,3511.1179,82.65564253259937
10101,בי''ח שערי צדק/בייט,ירושלים,ירושלים,31.775096,35.185437,9,0.000295,3,6,0.00010502,0.00176998,3673.2501,111.28942728685055
25338,ספורטק/דרך לוי אשכול,מרכז,תל אביב,32.066946,34.860276,6,0.000197,3,3,3.394e-05,0.00176807,3791.9821,147.1060018608167
16233,היצירה/אפעל,מרכז,תל אביב,32.094181,34.849859,5,0.000164,4,1,1.731e-05,0.00176807,3636.3281,28.637108282590642
9435,שמואל הנביא/פישל,ירושלים,ירושלים,31.794348,35.221187,11,0.000361,5,6,5.197e-05,0.0017674,3711.4425,50.63192346646752
49724,גולדה מאיר/יצחק נבון,מרכז,תל אביב,31.900561,34.989335,4,0.000131,1,3,3.091e-05,0.00176694,3483.7192,117.18179692273196
12731,שדרות הרצל/גיבורי ישראל,דרום,באר שבע,31.31167,34.6213,5,0.000164,1,4,6.952e-05,0.0017666,2852.1412,107.68451744297019
11725,דרך יצחק מודעי/ אגודת ספורט בית''ר,ירושלים,ירושלים,31.748786,35.187698,5,0.000164,2,3,1.887e-05,0.00176637,3516.953,28.038046411720646
26665,מרכז רפואי סורוקה/בן גוריון,דרום,באר שבע,31.260913,34.799588,7,0.00023,4,3,5.32e-05,0.00176538,3798.1885,74.38871143932109
24116,מפרץ שלמה/רמת הגולן,מרכז,תל אביב,32.005015,34.797373,5,0.000164,1,4,6.775e-05,0.00175817,3284.226,93.98244227460722
27043,זבדיאל/3533,מרכז,פריפריה,31.651911,34.763731,5,0.000164,3,2,7.47e-06,0.0017571,3771.2906,91.42086894710071
21145,מרכז רסקו,צפון,פריפריה,32.708609,35.32478,9,0.000295,5,5,8.57e-05,0.00175552,2748.5055,115.56217621598631
26737,מחלף מיתר לצפון,דרום,באר שבע,31.308517,34.9015,11,0.000361,5,6,1.888e-05,0.00175411,3854.8177,128.89549498373444
25328,ת. רכבת ראשונים,מרכז,תל אביב,31.950976,34.801211,8,0.000263,3,5,2.465e-05,0.00175096,3920.4062,206.43492049494478
22934,יגאל אלון/רבי יהודה הנשיא,מרכז,תל אביב,31.949342,34.811217,6,0.000197,4,2,8.22e-06,0.00175059,3560.6126,119.4204485801865
834,קדומים/המוביל,מרכז,תל אביב,32.18241,34.931742,5,0.000164,1,4,1.983e-05,0.00174731,2411.6777,93.05234219705791
43501,אבני החושן/שדרות כרמי גת,מרכז,פריפריה,31.629151,34.7742,2,6.6e-05,1,1,1.81e-05,0.00174636,2573.3148,41.395349737961936
28757,משתלה,דרום,פריפריה,31.164536,35.037007,2,6.6e-05,1,1,2.893e-05,0.0017456,1789.7689,48.097180626334186
41420,בית ספר ב' 2,דרום,פריפריה,31.160801,35.036087,2,6.6e-05,1,1,1.589e-05,0.0017456,1789.7689,106.24348979564104
35580,מכון רישוי ירכא/כביש 8533,צפון,חיפה,32.945454,35.169033,5,0.000164,2,3,2.123e-05,0.00174534,2380.4831,18.495579404001187
20606,מוקד חירום רפואי,צפון,חיפה,32.870357,35.20466,2,6.6e-05,1,1,2.752e-05,0.001744,2272.9497,15.58055339510551
14576,דרך אם המושבות/המכבים,מרכז,תל אביב,32.100277,34.832926,6,0.000197,3,3,5.501e-05,0.00174233,3342.4687,126.0719232843566
16943,צומת זכרון יעקב/כביש 4,צפון,פריפריה,32.572419,34.938104,5,0.000164,3,2,5.005e-05,0.0017406,3334.2537,58.12259719371374
9362,בית וגן/שדרות הרצל,ירושלים,ירושלים,31.772776,35.183006,11,0.000361,2,9,4.818e-05,0.00173818,3771.0657,13.930745791478635
24507,מרכז הוד השרון/דרך רמתיים,מרכז,תל אביב,32.154318,34.894754,10,0.000328,3,7,7.204e-05,0.0017368,3706.7693,42.54806619332596
15585,ז'בוטינסקי/הזית,מרכז,תל אביב,31.877776,34.736939,6,0.000197,3,3,2.734e-05,0.00173591,2608.0911,58.54009913522698
10123,תחנת רקל''ה שמעון הצדיק/שדרות בר לב,ירושלים,ירושלים,31.794137,35.226814,6,0.000197,3,3,4.825e-05,0.00173556,3656.426,47.86178083970321
43503,שדרות כרמי גת/דרך הדרום,מרכז,פריפריה,31.62955,34.775184,2,6.6e-05,1,1,7.92e-06,0.00173322,2362.4477,37.98908624148486
4305,צומת כפר נחום,צפון,פריפריה,32.875457,35.545799,4,0.000131,2,2,7.76e-06,0.00173306,2206.2317,111.65182439583407
15768,אגוז/הברוש,מרכז,תל אביב,31.879133,34.733041,4,0.000131,2,2,4.893e-05,0.00173194,2864.354,10.059414211258801
24850,דרך השבעה/קפלן,מרכז,תל אביב,32.017652,34.808867,14,0.00046,4,10,5.955e-05,0.00173087,3954.6595,173.68536470771483
23713,שדרות היובל/נחלת יהודה,מרכז,תל אביב,31.979315,34.797832,10,0.000328,2,8,2.77e-05,0.00172941,3971.1198,97.9143230012986
6749,מאר אליאס/א סלעה,צפון,פריפריה,33.045911,35.31262,4,0.000131,1,3,6.428e-05,0.00172624,2216.5224,11.079141572900445
4772,צומת מושב מרחביה,צפון,פריפריה,32.595464,35.312843,2,6.6e-05,1,1,6.051e-05,0.00172558,2585.8819,110.3039982149807
19345,בריכה,צפון,חיפה,32.870045,35.206498,3,9.8e-05,1,2,2.945e-05,0.00172349,2110.9434,28.084530559175214
1031,שד. עמק איילון/כיכר שקנאי,מרכז,תל אביב,32.006036,34.949396,13,0.000427,4,9,0.00010448,0.00172347,3790.2924,100.39757779190832
6623,מ''ג המעפילים/כלנית,צפון,פריפריה,33.008387,35.285256,5,0.000164,2,3,4.855e-05,0.00172342,2055.6969,115.43156969239841
44926,שדרות הרב עובדיה יוסף/שדרות יחד שבטי ישראל,מרכז,תל אביב,31.941652,34.899884,8,0.000263,2,6,1.877e-05,0.00172222,3800.9727,105.41485981899358
26630,מועצה אזורית רמת הנגב,דרום,פריפריה,31.00357,34.773273,4,0.000131,2,2,8.67e-05,0.00172137,3464.2224,157.37294947890246
49709,כפר הנוער עדנים,דרום,באר שבע,31.434256,34.760669,2,6.6e-05,1,1,1.801e-05,0.00172016,3544.3109,138.47368720856275
2740,בן גוריון/דקר,צפון,חיפה,32.838372,35.083345,7,0.00023,4,3,5.827e-05,0.00172009,2601.5284,21.124049945217646
19336,קופת חולים כללית,צפון,חיפה,32.869436,35.209592,2,6.6e-05,1,1,1.578e-05,0.00171886,2109.0046,71.89505658036292
3326,כיכר קומפיין,צפון,חיפה,32.711037,35.114818,2,6.6e-05,1,1,2.177e-05,0.00171769,2550.9431,83.86919645635331
13534,הרכבת/דרך מנחם בגין,מרכז,תל אביב,32.063377,34.778495,5,0.000164,2,3,1.248e-05,0.00171711,3461.3309,122.9352181596908
50929,אליהו הנביא/זכריה הנביא,מרכז,פריפריה,31.699824,34.978618,3,9.8e-05,2,1,3.246e-05,0.00171692,3057.7142,128.07499579889517
3526,וינשל/ולנברג,צפון,חיפה,32.777961,34.986316,3,9.8e-05,2,1,6.217e-05,0.00171655,2874.9309,86.69411672364946
4509,בית חולים העמק,צפון,פריפריה,32.621325,35.313845,8,0.000263,4,4,0.00010433,0.00171502,3362.7201,61.947757256779916
43637,שדרות אבני החושן/שוהם,מרכז,פריפריה,31.625627,34.774196,2,6.6e-05,1,1,2.013e-05,0.00171351,2360.1381,67.39881045823138
47944,ת. מרכזית צפת/רציפים,צפון,פריפריה,32.969703,35.497205,6,0.000197,2,5,9.75e-06,0.00171284,3446.4102,0.0
14765,צומת שער חפר,מרכז,תל אביב,32.323256,34.887917,6,0.000197,3,3,0.00011369,0.00171191,3194.5636,130.36966682185502
13153,לונה פארק/שד' רוקח,מרכז,תל אביב,32.105513,34.81257,6,0.000197,2,4,3.908e-05,0.00171011,3279.4103,32.35610818479629
49717,צומת א-זיאדנה רהט,דרום,באר שבע,31.4227,34.754313,2,6.6e-05,1,1,2.92e-05,0.00170903,3488.119,100.58796739335604
10490,בי''ס למדעים ואומנויות/קוליץ,ירושלים,ירושלים,31.750839,35.176411,6,0.000197,3,3,3.88e-05,0.00170599,3130.1371,202.54789252803448
41841,נחום גולדמן,דרום,באר שבע,31.279103,34.803664,3,9.8e-05,2,1,3.557e-05,0.00170273,2626.3697,91.74759251362536
42448,דרך הדרום/שדרות אבני החושן,מרכז,פריפריה,31.624415,34.777389,3,9.8e-05,1,2,2.493e-05,0.00170202,2183.811,166.53855032168087
18041,נשיאי ישראל/בית הכרם,צפון,פריפריה,32.908896,35.285332,10,0.000328,3,7,9.063e-05,0.00170073,3064.6694,38.066138689940175
34492,רמת הגולן/אדום,מרכז,פריפריה,32.105248,35.198709,8,0.000263,3,5,6.266e-05,0.00170029,2939.5214,117.87614468187196
34772,תחנת דלק/נופי ממרא,דרום,פריפריה,31.542426,35.131451,8,0.000263,7,1,5.525e-05,0.00169927,3518.2482,111.60116688022592
21141,כיכר ריינה/דרך הגליל,צפון,פריפריה,32.728155,35.322078,3,9.8e-05,1,2,2.285e-05,0.00169738,3309.9204,35.62256296957989
48210,ת. מרכזית קרית גת/רציפים,מרכז,פריפריה,31.609009,34.770283,6,0.000197,1,5,1.118e-05,0.00169713,3197.2071,0.0
6095,הזמיר/נחליאלי,צפון,פריפריה,33.00551,35.107384,5,0.000164,1,4,2.944e-05,0.00169476,2172.0574,162.3601991571132
26849,יצחק רגר/וייצמן,דרום,באר שבע,31.246043,34.796465,14,0.00046,7,7,9.52e-05,0.00169139,3670.5198,66.4640755950429
44681,חונים נוסעים ראשון לציון/דרך ההצלחה,מרכז,תל אביב,31.972627,34.751512,4,0.000131,3,1,2.448e-05,0.00169012,3557.1986,108.46271850453316
47885,ת. מרכזית חדרה/רציפים,מרכז,פריפריה,32.435961,34.914024,8,0.000263,4,4,3.445e-05,0.00168891,3239.102,0.0
49736,צומת א-זיאדנה רהט,דרום,באר שבע,31.422065,34.753558,3,9.8e-05,1,2,2.034e-05,0.00168806,3144.9151,100.58796739335604
354,שדרות חיים וייצמן/שער העמק,מרכז,תל אביב,32.328953,34.858496,5,0.000164,1,4,6.815e-05,0.00168757,3426.0377,60.769404665013624
43697,זכריה הנביא/נריה הנביא,ירושלים,פריפריה,31.705501,34.976725,7,0.00023,4,3,0.00010556,0.00168757,3122.4687,82.48814125695802
48089,ת. מרכזית יבנה/רציפים,מרכז,תל אביב,31.890474,34.732193,7,0.00023,1,6,2.197e-05,0.00168473,3687.6062,0.0
6525,קופת חולים מכבי,צפון,חיפה,32.957873,35.163715,3,9.8e-05,1,2,4.907e-05,0.00168465,1921.8933,33.638599526867154
35276,הרצל/המלאכה,דרום,פריפריה,31.064188,35.021804,3,9.8e-05,2,1,5.39e-05,0.00168135,2475.7953,76.09792343110739
48335,מתנ''ס כרמי גת/נופך,מרכז,פריפריה,31.623318,34.774255,2,6.6e-05,1,1,2.192e-05,0.00168065,2181.4748,119.87848371432827
25691,צומת בית עזרא,מרכז,פריפריה,31.741015,34.645363,6,0.000197,2,4,2.318e-05,0.00168004,3160.5076,131.4842451439817
12756,מרחבים/הרב חיים פינטו,דרום,פריפריה,31.075191,35.039486,7,0.00023,2,5,2.865e-05,0.00167899,2487.1479,71.92207058355976
27776,צומת שובל,דרום,באר שבע,31.411735,34.747809,3,9.8e-05,2,1,2.751e-05,0.00167705,3104.8357,144.4764764952235
18910,רמת ישי,צפון,חיפה,32.706919,35.172572,3,9.8e-05,2,1,8.265e-05,0.00167587,3261.8421,29.234914920148057
13042,חברת החשמל/דרך מנחם בגין,מרכז,תל אביב,32.061845,34.777575,11,0.000361,7,4,4.501e-05,0.00167525,3806.0505,24.247874444904642
39779,אלי סיני/קטיף,דרום,פריפריה,31.413362,34.57549,11,0.000361,5,6,5.476e-05,0.00167424,3119.5762,42.41141841830243
17990,לוי אשכול/הרב קוק,צפון,פריפריה,33.015226,35.280077,3,9.8e-05,1,2,6.352e-05,0.00167137,1924.8285,135.3995084892668
37114,מחלף דרור לדרום,מרכז,תל אביב,32.254064,34.88915,9,0.000295,6,3,5.691e-05,0.00167116,3697.4372,113.74641766569613
13481,יצחק אלחנן/הכרמל,מרכז,תל אביב,32.065425,34.765682,14,0.00046,9,5,3.891e-05,0.00166959,3083.4782,53.78378332323196
25987,הרותם/החרצית,מרכז,פריפריה,31.789391,34.652983,5,0.000164,3,2,6.525e-05,0.00166853,3170.1166,60.857805601381884
4302,גן לאומי כפר נחום,צפון,פריפריה,32.885044,35.577056,4,0.000131,2,2,1.549e-05,0.00166739,2057.2084,105.40156650462693
34810,שיר השירים/שלום,מרכז,תל אביב,32.108342,35.033767,5,0.000164,1,4,4.647e-05,0.00166722,2892.4471,437.2806157947872
16520,ה' באייר/מבצע חירם,מרכז,תל אביב,32.096859,34.97138,6,0.000197,1,5,5.928e-05,0.00166679,3372.6939,79.65064998643432
40799,בן ציון מיכאלי/הרכבת,מרכז,תל אביב,32.164356,34.819821,6,0.000197,4,2,2.993e-05,0.00166622,3117.3317,98.38193300529441
15748,נורית/שיזף,מרכז,תל אביב,31.881294,34.73526,3,9.8e-05,2,1,2.612e-05,0.00166477,2854.5868,32.04638214528929
4189,צומת חנניה,צפון,פריפריה,32.916865,35.416446,3,9.8e-05,2,1,3.884e-05,0.00166444,2817.5349,64.44283821723758
21325,צומת ניר צבי,מרכז,תל אביב,31.950821,34.856765,7,0.00023,3,4,5.354e-05,0.00166171,3241.2374,148.7289815733684
9033,שד. יהודה בן זאב/דוד רזיאל,ירושלים,פריפריה,31.74325,34.986258,3,9.8e-05,1,2,2.954e-05,0.0016564,3247.6648,79.96683722197984
15988,צומת נווה הרצוג,מרכז,תל אביב,31.831249,34.691077,13,0.000427,12,1,6.173e-05,0.00165505,3908.7197,158.19129519086167
5641,צומת שאן,צפון,פריפריה,32.507941,35.519682,7,0.00023,5,2,5.064e-05,0.00165235,1547.4243,89.93007338294409
36807,הרותם/הצבעוני,מרכז,פריפריה,31.790134,34.650555,3,9.8e-05,1,2,5.673e-05,0.00165121,3554.8849,109.30477633950002
25697,צומת אבא הילל סילבר/לדרום,מרכז,פריפריה,31.674202,34.608852,9,0.000295,6,3,8.966e-05,0.00165024,3386.5899,98.87218734896085
28803,מסעף גת,מרכז,פריפריה,31.630331,34.79869,2,6.6e-05,1,1,2.154e-05,0.00164585,2856.6123,46.08122841055772
28648,מסעף גלאון,מרכז,פריפריה,31.628756,34.845121,2,6.6e-05,1,1,2.344e-05,0.00164585,2856.6123,117.07963895916167
4282,מסעף תעשיות גולן,צפון,פריפריה,32.806655,35.675617,4,0.000131,1,3,4.222e-05,0.00164443,1989.6022,103.63337100712633
24217,מחלף גהה/ז'בוטינסקי,מרכז,תל אביב,32.092391,34.848903,7,0.00023,4,3,5.619e-05,0.00164297,3895.5818,70.13322718306043
24114,ימית 2000/מפרץ שלמה,מרכז,תל אביב,32.004574,34.793908,4,0.000131,3,1,7.186e-05,0.00164001,2942.3777,21.424466308516294
9841,ברזני/רובוביץ',ירושלים,ירושלים,31.743006,35.238692,5,0.000164,3,2,6.38e-05,0.00163605,2988.6565,39.26590380805625
2234,חנקין/רופין,צפון,חיפה,32.812035,35.108855,3,9.8e-05,2,1,1.466e-05,0.00163555,2271.5724,73.36892601580955
42807,מחלף העמקים/אלרואי,צפון,חיפה,32.7235,35.101536,6,0.000197,4,2,9.315e-05,0.00163457,3383.0567,140.2447116931688
40549,מרכז אלאסמי,מרכז,פריפריה,32.411956,35.037655,3,9.8e-05,2,1,2.329e-05,0.00163325,2801.1079,12.891711549440508
10112,יקותיאל אדם/דוד ניב,ירושלים,ירושלים,31.81926,35.238521,6,0.000197,3,3,4.695e-05,0.00163113,3419.5706,65.10021351350782
15749,הנורית/חרוב,מרכז,תל אביב,31.880094,34.737495,2,6.6e-05,1,1,2.906e-05,0.00163068,2592.9697,12.887768980272597
17136,מסעף כפר תקווה/מרדכי מוטה גור,צפון,חיפה,32.706062,35.114847,6,0.000197,5,1,3.846e-05,0.00162784,2448.6018,84.31242707239562
4963,בי''ס עצמון/מנחם אריאב,צפון,פריפריה,32.708044,35.328013,7,0.00023,4,3,6.811e-05,0.00162701,2707.1839,91.51441738207714
7106,מסעף ענבר,צפון,פריפריה,32.903772,35.412522,3,9.8e-05,1,2,3.796e-05,0.00162628,2577.0275,23.407991717239955
38658,צומת יער חדרה,מרכז,פריפריה,32.410464,34.903951,12,0.000394,3,9,6.765e-05,0.0016248,3468.3189,133.71297986665277
20218,צומת יאסיף,צפון,חיפה,32.913344,35.156372,4,0.000131,2,2,2.037e-05,0.00162419,2970.4456,90.3115193511941
49455,אליהו הנביא/חגי הנביא,ירושלים,פריפריה,31.700353,34.981827,2,6.6e-05,1,1,3.223e-05,0.00162033,2761.0027,134.50396581494806
11228,המפלצת/סולד,ירושלים,ירושלים,31.762076,35.171418,8,0.000263,3,5,6.802e-05,0.00161886,2950.4926,9.649557409840094
42182,שדרות יצחק רבין/שדרות ענבה,ירושלים,תל אביב,31.89424,34.989469,7,0.00023,6,1,1.479e-05,0.00161808,3918.0869,112.36759291030641
26622,כלא נפחא,דרום,פריפריה,30.727456,34.774609,5,0.000164,2,3,4.105e-05,0.00161734,3362.9544,190.90615939967677
27806,צומת רווחה,מרכז,פריפריה,31.64524,34.730405,7,0.00023,4,3,3.761e-05,0.00161561,3664.5495,98.65505946682208
34482,שד. ירושלים/שער הגיא,מרכז,פריפריה,32.101819,35.194992,7,0.00023,4,3,2.206e-05,0.00161551,2958.9014,143.73652771502944
50436,651/חלמיש,מרכז,פריפריה,32.479294,34.948858,5,0.000164,2,3,5.296e-05,0.00161429,2378.3162,98.74110893421604
44341,תחנה מרכזית נהריה/שדרות הגעתון,צפון,פריפריה,33.006149,35.097804,6,0.000197,3,3,9.063e-05,0.00161424,2296.5206,28.683286920532037
12413,העצמאות/רחבת הסוכנות,דרום,פריפריה,31.068049,35.029628,5,0.000164,4,2,3.508e-05,0.00160785,3001.1317,15.944662181684215
4172,צומת סומך,צפון,חיפה,32.806418,35.146641,3,9.8e-05,2,1,1.608e-05,0.00160777,3145.2432,83.00937932619931
2240,איינשטיין/סמטת יאיר,צפון,חיפה,32.813094,35.11353,4,0.000131,2,2,5.694e-05,0.00160704,2108.0214,78.65533934125924
43814,אליהו הנביא/יחזקאל הנביא,ירושלים,פריפריה,31.700581,34.987492,4,0.000131,2,2,4.056e-05,0.00160642,2538.2474,100.03015180396504
25364,שדרות העצמאות/שדרות דואני,מרכז,תל אביב,31.868148,34.745696,6,0.000197,4,2,6.018e-05,0.00160446,2710.3477,105.27880091252456
17840,צומת אדמית,צפון,פריפריה,33.073443,35.183943,4,0.000131,3,1,6.1e-05,0.00160406,1458.2316,85.49487600667
4298,צומת אלמגור,צפון,פריפריה,32.893786,35.598754,4,0.000131,2,2,2.157e-05,0.00160239,1931.2162,150.7084609697638
8146,קרית ארבע/60,דרום,פריפריה,31.541714,35.132281,9,0.000295,3,7,3.047e-05,0.00160198,3487.4214,111.60116688022592
19886,מסעף מחווה אלון,צפון,פריפריה,32.89905,35.415486,5,0.000164,2,3,3.649e-05,0.00159925,2383.7171,60.832924510275696
16542,ככר המשוררים,מרכז,תל אביב,32.087423,34.954011,7,0.00023,5,2,5.393e-05,0.00159841,3677.3164,83.14510983788037
25816,מסעף בית ניר,מרכז,פריפריה,31.652048,34.877379,2,6.6e-05,1,1,2.303e-05,0.0015966,2378.291,443.8956917737493
28649,מסעף גלאון,מרכז,פריפריה,31.62903,34.846315,2,6.6e-05,1,1,2.344e-05,0.0015966,2378.291,117.07963895916167
28029,העבודה/האורים,מרכז,פריפריה,31.666247,34.59167,6,0.000197,1,5,3.118e-05,0.00159631,2502.7559,75.14512676109861
16597,משה דיין/מנחם בגין,מרכז,תל אביב,32.096487,34.963891,6,0.000197,4,2,3.989e-05,0.00159432,3013.4953,47.88497896165823
16137,מסוף משה ארנס/אבשלום גיסין,מרכז,תל אביב,32.098099,34.884966,6,0.000197,2,4,2.938e-05,0.00159364,3315.0564,21.788880734429902
13170,צומת חולון/דרך בן צבי,מרכז,תל אביב,32.039169,34.777451,5,0.000164,3,2,4.526e-05,0.00159259,3475.8422,188.52778800201264
9942,שמעון סוויסה/חצב,ירושלים,ירושלים,31.798756,35.165473,3,9.8e-05,1,2,2.505e-05,0.00159102,3417.3941,42.7201785069695
5316,שמעון דהאן/יהודה הנשיא,צפון,פריפריה,32.796261,35.526586,6,0.000197,3,3,8.264e-05,0.00159081,2899.3051,84.0052247567594
22315,צומת בית חלקיה,מרכז,פריפריה,31.787834,34.819788,9,0.000295,6,3,6.236e-05,0.00158869,3925.5369,100.3549445807441
10965,שדרות בן גוריון/שדרות הדקל,ירושלים,פריפריה,31.744217,34.982176,4,0.000131,1,3,1.767e-05,0.00158825,2913.7756,22.39008105295382
40755,דרך החצב/שביל החרציות,צפון,פריפריה,33.004593,35.121807,3,9.8e-05,1,2,1.391e-05,0.00158634,1916.7018,136.9291337573055
27671,צומת מועצה אזורית אשכול,דרום,פריפריה,31.302181,34.435588,6,0.000197,4,2,6.135e-05,0.00158594,1638.2191,118.51322326173396
1624,אלקודס/אלמקריזי,מרכז,פריפריה,32.412093,35.047072,9,0.000295,6,3,0.00012585,0.00158549,2370.8999,83.74608941305257
5783,בית ספר לייף,צפון,פריפריה,32.936177,35.373869,2,6.6e-05,1,1,4.249e-05,0.00158125,2930.0031,47.324970248935344
333,הרצל/עולי הגרדום,מרכז,תל אביב,32.325694,34.864841,8,0.000263,5,3,0.00018084,0.00158112,3742.8063,33.228279745443956
42055,מועצה מקומית,צפון,פריפריה,32.969072,35.544717,5,0.000164,2,3,1.699e-05,0.00157795,3465.4923,387.57564637502696
5168,עוקף נצרת/אל-קפזה,צפון,פריפריה,32.68837,35.29289,4,0.000131,2,2,6.31e-05,0.00157611,2487.5118,88.10004377325772
21069,משטרה פיקוד צפון/אל-קשלה,צפון,פריפריה,32.711064,35.302412,6,0.000197,3,3,7.843e-05,0.00157594,2268.0534,20.465721500194178
17579,הרצל/הפרטיזנים,צפון,פריפריה,33.001347,35.095012,3,9.8e-05,2,1,4.496e-05,0.0015746,2462.3812,22.539621854929177
40551,ביר באקה/אלמליאת,מרכז,פריפריה,32.412525,35.041796,4,0.000131,2,2,1.839e-05,0.0015682,2558.1158,224.1597217406776
16538,מצפה אפק/הרב שלום שבזי,מרכז,תל אביב,32.087166,34.958364,4,0.000131,2,2,5.26e-05,0.00156712,2976.1663,15.232976708081956
5944,האלה/הגפן,צפון,פריפריה,32.974616,35.277149,4,0.000131,1,3,3.216e-05,0.00156584,2552.0828,49.37768516415595
21591,שדרות הרצל/אנגל,מרכז,תל אביב,31.939266,34.86576,8,0.000263,6,2,5.605e-05,0.00156288,3389.6494,147.85918219096055
14575,דרך אם המושבות/המכבים,מרכז,תל אביב,32.100345,34.834262,4,0.000131,2,2,2.243e-05,0.00156211,3392.3169,126.0719232843566
28438,בית ספר תיכון,דרום,באר שבע,31.392932,34.768835,7,0.00023,3,4,5.652e-05,0.00155998,2578.3796,77.35533287968936
1702,החלוצים/שד. ניל''י,צפון,פריפריה,32.569913,34.942539,6,0.000197,2,4,2.032e-05,0.00155983,3053.0332,66.38661199979101
20965,הרובע המערבי/שכונת אל-אמל,צפון,פריפריה,32.693741,35.284338,2,6.6e-05,1,1,8.94e-06,0.00155274,1872.7616,18.237780806125528
1268,הפרדס/שפק,מרכז,פריפריה,32.422696,34.9447,3,9.8e-05,2,1,4.649e-05,0.00155233,2900.2909,113.86963349328694
26669,מרפאות חוץ סורוקה/אוניברסיטת בן גוריון,דרום,באר שבע,31.261086,34.800344,7,0.00023,1,6,0.00010886,0.00155176,3537.2219,74.38871143932109
18812,אלביק,צפון,חיפה,32.8521,35.19719,4,0.000131,2,2,6.602e-05,0.00154984,2086.6365,39.05087069335057
7325,צומת אלמוג,מרכז,פריפריה,31.801417,35.453146,6,0.000197,4,2,3.614e-05,0.00154933,2753.9758,139.83803318910617
51228,שכונה עילית א,צפון,פריפריה,32.938377,35.372461,2,6.6e-05,1,1,4.406e-05,0.00154818,2654.9077,28.086667076546842
9943,חצב/שמעון סוויסה,ירושלים,ירושלים,31.799038,35.165166,3,9.8e-05,2,1,3.305e-05,0.00154658,3410.9835,42.7201785069695
18544,צומת צפת/הגליל,צפון,פריפריה,32.97506,35.5042,8,0.000263,7,1,3.695e-05,0.00154456,3189.091,52.14856965219914
13605,לח''י/דרך קיבוץ גלויות,מרכז,תל אביב,32.047452,34.790689,5,0.000164,2,3,2.404e-05,0.00154384,3455.5433,51.44596558537882
26715,צומת עומר מערב,דרום,באר שבע,31.26996,34.842773,8,0.000263,3,5,3.589e-05,0.00154359,3425.0761,127.03267318110838
40802,אלה/יואל,דרום,פריפריה,31.079151,35.034674,4,0.000131,2,2,1.578e-05,0.00154332,2715.4541,190.99379599771532
24743,המלאכה/הפלד,מרכז,תל אביב,32.019269,34.803092,5,0.000164,2,3,6.116e-05,0.00154298,3195.2101,124.63404576293364
27986,מסוף רמז/רציפים,מרכז,פריפריה,31.667537,34.584705,5,0.000164,4,1,7.313e-05,0.00154173,2676.8236,40.90521606716886
22516,ההגנה/מרגולין,מרכז,תל אביב,31.8938,34.825235,6,0.000197,2,4,3.414e-05,0.00153602,3943.2679,58.39997900264964
27572,בגין/מרכז מסחרי,דרום,פריפריה,31.5239,34.595477,7,0.00023,3,4,7.798e-05,0.0015354,2993.2889,93.65891595979109
7375,ריב'ז / נועם אלימלך,מרכז,ירושלים,31.693927,35.117064,6,0.000197,3,4,6.283e-05,0.00153322,3777.9666,42.570494854017305
21696,צומת ראם מסמיה,מרכז,פריפריה,31.760211,34.785633,13,0.000427,7,6,4.887e-05,0.0015323,3819.924,122.26618031256918
8021,מכורה,מרכז,פריפריה,32.164342,35.423882,4,0.000131,2,2,2.172e-05,0.00153142,2295.6755,166.4910010895877
23975,אלי כהן/יוספטל,מרכז,תל אביב,32.014335,34.758943,4,0.000131,3,1,4.373e-05,0.0015312,3454.4025,142.99161184626848
49436,זכריה הנביא/כביש 375 לצפון,מרכז,פריפריה,31.684809,34.976431,3,9.8e-05,2,1,1.743e-05,0.00152994,3650.1244,125.73399703552997
4655,כביש 75/תאופיק זיאד,צפון,פריפריה,32.693386,35.298698,6,0.000197,4,2,4.723e-05,0.00152943,2487.5919,89.7922453029037
29460,משה סנה/בני אפרים,מרכז,תל אביב,32.124779,34.825126,8,0.000263,4,4,5.92e-05,0.0015291,3415.6031,31.610028829091775
741,מחלף ירקון,מרכז,תל אביב,32.119907,34.903229,7,0.00023,5,2,0.00010689,0.00152789,3871.393,160.44732647614717
13187,דבורה הנביאה/ראול ולנברג,מרכז,תל אביב,32.115126,34.840063,7,0.00023,4,3,1.414e-05,0.00152724,3371.3054,66.47755304216724
20956,שכונת א-ראם/דרך כפר החורש,צפון,פריפריה,32.694341,35.283427,2,6.6e-05,1,1,1.279e-05,0.00152016,1760.9838,67.93611757733781
5782,שכונה עילית ב,צפון,פריפריה,32.94034,35.369968,2,6.6e-05,1,1,4.651e-05,0.0015151,2431.1104,28.23675094996797
27682,צומת אורים למזרח/כביש 234 ,דרום,פריפריה,31.316567,34.526756,3,9.8e-05,2,1,3.531e-05,0.00151446,1936.5607,92.57474576372181
11933,מכללת ספיר,דרום,פריפריה,31.510728,34.59435,6,0.000197,2,4,9.545e-05,0.0015136,2980.5971,133.56690533036516
44243,תחנה מרכזית נהריה/שדרות הגעתון,צפון,פריפריה,33.005896,35.097744,6,0.000197,3,3,8.928e-05,0.00150652,2292.0124,28.683286920532037
12590,הרצל/מ.כיתן,דרום,פריפריה,31.066644,35.025742,7,0.00023,3,4,3.122e-05,0.00150634,2715.2805,65.63044191103026
13019,הרכבת/בני ברק,מרכז,תל אביב,32.060522,34.781999,12,0.000394,4,8,3.416e-05,0.0015062,3872.9897,135.0871669270996
25479,גולדה מאיר/משה שרת,דרום,באר שבע,31.255148,34.76474,3,9.8e-05,2,1,3.481e-05,0.0015062,2077.105,101.84738226951438
25472,מרכז מסחרי/הגאונים,דרום,באר שבע,31.252257,34.761067,4,0.000131,2,2,2.725e-05,0.00150314,2641.8939,69.6947933842639
18916,מושב מירון,צפון,פריפריה,32.98482,35.443179,6,0.000197,3,3,4.49e-05,0.00150281,3568.8594,126.19175534214396
2739,בן גוריון/ורד,צפון,חיפה,32.838285,35.083144,7,0.00023,3,4,5.718e-05,0.0014999,2614.7192,21.124049945217646
13163,קריית שלום/דרך בן צבי,מרכז,תל אביב,32.041085,34.774263,7,0.00023,3,4,6.929e-05,0.00149839,3090.7442,138.00126108123263
17317,חליסה,צפון,חיפה,32.802745,35.008924,6,0.000197,2,4,7.991e-05,0.00149628,3375.7854,33.80320410271173
43615,חניון רכב כבד/הבונים,דרום,באר שבע,31.220708,34.807144,5,0.000164,3,2,3.031e-05,0.0014922,3145.761,99.07297729200602
19862,יציאה מזרחית,צפון,חיפה,32.829323,35.181191,3,9.8e-05,1,2,3.474e-05,0.0014914,2801.4139,29.77358619457652
6208,דרך כפר החורש/ג'בל מעלול,צפון,פריפריה,32.695087,35.282822,3,9.8e-05,1,2,1.627e-05,0.00149023,1665.639,81.66313588924372
28512,שדרות דוד טוביהו/בית אל,דרום,באר שבע,31.249158,34.775646,4,0.000131,2,2,7.935e-05,0.00148948,3065.2029,169.12014897213245
12589,שדרות הרצל/דוד רזיאל,דרום,פריפריה,31.066708,35.026427,7,0.00023,4,3,3.281e-05,0.00148726,2713.5373,65.63044191103026
4797,מסעף מגידו עתיקות,צפון,פריפריה,32.587851,35.186465,5,0.000164,2,3,3.351e-05,0.00148651,3448.1295,71.50139679635342
29371,מכללת לוינסקי/דרך נמיר,מרכז,תל אביב,32.136871,34.798587,9,0.000295,4,5,4.439e-05,0.00148542,3825.4134,43.80498194969738
47941,ת. מרכזית אשדוד/רציפים,מרכז,פריפריה,31.790926,34.639056,3,9.8e-05,0,3,5.11e-06,0.00148332,2937.7479,0.0
16555,ז'בוטינסקי / כרמל,מרכז,תל אביב,32.0901,34.961325,3,9.8e-05,2,1,4.16e-05,0.00148308,2737.2405,32.2932435889373
21320,צומת חב''ד,מרכז,תל אביב,31.978425,34.836919,12,0.000394,4,8,5.64e-05,0.00148302,3603.2649,97.38887076436217
27667,גן לאומי אשכול,דרום,פריפריה,31.310772,34.501276,3,9.8e-05,1,2,2.773e-05,0.00148245,1819.9929,142.3196050328412
5781,כביש המראה,צפון,פריפריה,32.942044,35.368399,2,6.6e-05,1,1,4.712e-05,0.00148215,2246.0736,51.52719482763518
2492,בית ספר קרית עמל/קק''ל,צפון,חיפה,32.710766,35.121684,6,0.000197,1,5,5.498e-05,0.00147914,2807.0637,23.25033923742376
19374,נשיאי ישראל/הדקל,צפון,פריפריה,32.916216,35.302945,11,0.000361,3,8,3.362e-05,0.00147546,3282.3882,41.616386814004045
18919,צומת עין זיתים,צפון,פריפריה,32.989619,35.483047,7,0.00023,3,4,2.448e-05,0.00147314,3646.3435,148.40467212714162
330,פתח תקווה/טיומקין,מרכז,תל אביב,32.321309,34.859504,8,0.000263,3,5,3.558e-05,0.00147269,3659.449,87.87487734708745
26567,צומת נהורה/כביש 35,מרכז,פריפריה,31.645718,34.700375,10,0.000328,6,4,6.194e-05,0.001472,3557.5498,108.1493164643307
29378,מכללת לוינסקי/דרך נמיר,מרכז,תל אביב,32.136707,34.798164,9,0.000295,4,5,0.00014011,0.00147176,3830.6571,43.80498194969738
38547,רותם/הגומא,צפון,חיפה,32.699903,35.110148,5,0.000164,2,3,5.43e-05,0.00146951,2257.5392,46.19854159486942
21213,כפר כנא ז'/בי''ס חט''ב א,צפון,פריפריה,32.754542,35.344037,5,0.000164,2,3,8.103e-05,0.00146885,2987.3686,87.89864288235107
24390,אחוזה/הרב יצחק נסים,מרכז,תל אביב,32.177924,34.886744,12,0.000394,10,2,7.221e-05,0.0014678,3563.8465,202.2724219356064
48068,ת. מרכזית נהריה/רציפים,צפון,פריפריה,33.005504,35.097344,3,9.8e-05,0,3,5.11e-06,0.00146765,2289.1537,0.0
7613,מזכירות,מרכז,פריפריה,32.199452,35.43769,5,0.000164,3,3,3.728e-05,0.00146615,2132.246,4114.644664562509
26122,בית רסקו/יצחק רגר,דרום,באר שבע,31.247534,34.797811,13,0.000427,10,3,6.391e-05,0.00146305,3668.1978,42.511661349615174
36086,צומת תפוח למערב,מרכז,פריפריה,32.115592,35.25663,7,0.00023,4,3,3.37e-05,0.00146247,3272.9167,96.31727875309319
20254,צומת קצרין צפון,צפון,פריפריה,33.009391,35.680354,5,0.000164,3,2,4.043e-05,0.00146058,1803.3954,159.46185046001906
41643,צומת כרמית,דרום,באר שבע,31.314737,34.910621,4,0.000131,3,1,5.942e-05,0.00145961,3123.7674,69.97537407706662
35201,עומר אלמוח'תאר/כ. אבן רושד,דרום,באר שבע,31.381104,34.781236,6,0.000197,4,2,7.108e-05,0.00145939,2945.7191,109.47920784075343
51771,ציפורי/אברהם טביב,צפון,חיפה,32.810968,35.121648,2,6.6e-05,1,1,1.276e-05,0.00145598,1820.8548,58.06814734930756
15180,צומת יד חנה,מרכז,פריפריה,32.325371,35.001017,4,0.000131,2,2,5.452e-05,0.00145589,3505.0312,89.3110799009121
19178,כביש 784/אל בוסתאן,צפון,חיפה,32.810179,35.252029,4,0.000131,1,3,2.281e-05,0.0014557,2950.4143,60.381614303751284
23099,צומת מתקן אדם,מרכז,תל אביב,31.947452,34.964215,8,0.000263,4,4,5.236e-05,0.00145548,4101.7857,114.75188944880136
34566,צומת תפוח למזרח,מרכז,פריפריה,32.115246,35.258058,2,6.6e-05,1,1,6.19e-06,0.00145228,3279.1886,107.60639137338259
27827,שדרות דוד טוביהו/מוטה גור,דרום,באר שבע,31.262809,34.749221,6,0.000197,2,4,2.87e-05,0.00145045,3246.9809,151.14519536680785
49362,מסעף בית ג'אן/כביש 864,צפון,פריפריה,32.955939,35.352625,3,9.8e-05,2,1,4.967e-05,0.00144996,2093.0173,112.34286639624017
16523,מרכז תעסוקה לנכה/המלאכה,מרכז,תל אביב,32.10944,34.967144,7,0.00023,1,6,4.733e-05,0.00144909,3487.45,255.1103879525739
27675,צומת מעון,דרום,פריפריה,31.313314,34.439744,2,6.6e-05,1,1,2.651e-05,0.00144847,1716.9065,104.37783956964142
526,צבי שכטרמן/דרך דגניה,מרכז,תל אביב,32.319774,34.881173,5,0.000164,2,3,4.014e-05,0.00144227,2867.0968,21.965654951227442
39443,תקומה יציאה,דרום,פריפריה,31.446367,34.575818,3,9.8e-05,1,2,1.733e-05,0.0014419,2611.8962,279.26626101646457
26434,הרב מסעוד אלפסי/ילדי אוסלו,דרום,פריפריה,31.427418,34.599305,7,0.00023,6,1,5.285e-05,0.00144127,3682.924,25.027673000956213
18713,צומת נטופה,צפון,פריפריה,32.810026,35.402676,6,0.000197,2,4,4.974e-05,0.0014398,3240.3448,390.47406818531516
8399,תחנת דלק/כוכב יעקב,ירושלים,ירושלים,31.872953,35.260453,13,0.000427,8,7,0.00015385,0.00143915,2643.5539,104.4161703138893
22305,זכריה מדאר/ההגנה,מרכז,תל אביב,31.89183,34.818453,5,0.000164,2,3,3.642e-05,0.00143852,3819.2362,56.7240639797121
24426,עיריית רעננה/אחוזה,מרכז,תל אביב,32.179656,34.877987,5,0.000164,1,4,9.923e-05,0.00143745,3313.1527,33.72623333933783
24468,כביש 4/מחלף בר אילן,מרכז,תל אביב,32.065048,34.838934,13,0.000427,11,2,7.507e-05,0.00143499,4242.1486,213.34448766729196
18926,צומת שורשים,צפון,פריפריה,32.888933,35.256785,4,0.000131,2,2,2.329e-05,0.0014339,2586.2911,114.6372860660368
9782,בי''ס בויאר/תורה ועבודה,ירושלים,ירושלים,31.76698,35.180278,5,0.000164,4,1,1.354e-05,0.00143208,3682.9627,48.42511025388957
47887,ת.מרכזית עפולה/רציפים,צפון,פריפריה,32.608723,35.292777,3,9.8e-05,0,3,5.11e-06,0.00143034,2982.3065,0.0
2567,שוק תלפיות/ארלוזורוב,צפון,חיפה,32.807448,35.000565,6,0.000197,3,3,4.176e-05,0.00142986,3193.2106,52.34490321667119
20878,צומת מירון,צפון,פריפריה,32.987689,35.442719,5,0.000164,2,3,3.325e-05,0.00142621,3696.4405,109.85650302575574
18238,צומת הפיקוד/אל-עמארה,צפון,פריפריה,32.693692,35.288802,4,0.000131,2,2,0.00010879,0.00142619,2138.5537,118.14227683182246
2855,אבא חושי/דר ארתור בירם,צפון,חיפה,32.770739,35.007125,5,0.000164,3,2,3.407e-05,0.00142442,2996.3521,99.35546598828265
80,צומת חולדה/כביש 411,מרכז,פריפריה,31.811907,34.900793,8,0.000263,3,5,1.83e-05,0.00142403,3802.5469,122.24697546797967
17452,הארי השואג/נתן שפריצר,צפון,חיפה,32.813874,35.125653,3,9.8e-05,2,1,2.959e-05,0.00142296,1715.8835,16.64532707195251
35945,שדרות בן גוריון/החשמונאים,צפון,חיפה,32.840562,35.078424,6,0.000197,4,2,5.765e-05,0.00142291,2219.9264,79.40365960447498
44459,דרך קיבוץ גלויות/לבון,מרכז,תל אביב,32.049002,34.774301,5,0.000164,3,2,2.532e-05,0.0014171,3497.3688,103.36886366362937
19627,מכללת אל מראה,צפון,פריפריה,32.735774,35.325301,3,9.8e-05,2,1,1.012e-05,0.00141565,3309.4232,38.975543149237105
16092,הרצל/שדרות יעקבי,מרכז,תל אביב,31.883855,34.816138,10,0.000328,5,5,8.276e-05,0.00141313,3447.3895,23.293162165401725
11459,איש שלום/פרבשטיין,ירושלים,ירושלים,31.783646,35.190675,8,0.000263,5,3,4.352e-05,0.0014125,3801.288,107.51758317229567
18917,מסעף אמירים,צפון,פריפריה,32.940201,35.440825,6,0.000197,3,3,4.574e-05,0.00140453,3863.2241,135.0143956150831
10225,דרוק/יגאל ידין,ירושלים,ירושלים,31.80751,35.215908,15,0.000492,9,6,6.011e-05,0.00140447,4046.1608,77.59422570271295
21209,מועדון פיס,צפון,פריפריה,32.753358,35.343736,3,9.8e-05,2,1,2.072e-05,0.00139684,2562.3884,13.767801789723935
2936,ואדי אלפאש,צפון,חיפה,32.69713,35.054498,2,6.6e-05,1,1,6.476e-05,0.00139452,2439.7936,17.26408197528527
9533,קרית יובל/שמריהו לוין,ירושלים,ירושלים,31.768465,35.178701,8,0.000263,4,4,8.541e-05,0.00139331,3239.8112,70.08576470446636
8703,גבעת שאול/כתב סופר,ירושלים,ירושלים,31.791222,35.195972,14,0.00046,12,2,7.06e-05,0.0013916,4151.6115,17.5990415285822
3868,פרץ/דרך השלום,צפון,חיפה,32.771762,35.044487,11,0.000361,5,6,5.485e-05,0.00139066,3711.1704,24.931362572298646
28307,שדרות אריאל שרון/המלאכה,דרום,פריפריה,31.060379,35.025136,4,0.000131,1,3,3.385e-05,0.00138899,3546.1564,17.651807027057696
24859,מחלף מורשה,מרכז,תל אביב,32.123342,34.857475,9,0.000295,4,5,1.39e-05,0.00138865,3988.3406,182.2377715217951
27886,צומת יושיביה,דרום,פריפריה,31.447834,34.601053,6,0.000197,3,3,4.995e-05,0.00138766,3497.0962,123.7669272675478
4735,מסעף דברת/אלון תבור,צפון,פריפריה,32.64426,35.353123,8,0.000263,5,3,6.477e-05,0.00138631,3182.0996,94.80892861185224
2571,הציונות/הרצליה,צפון,חיפה,32.814039,34.991175,4,0.000131,2,2,2.87e-05,0.00138386,2920.0137,95.85029863921947
4857,פאולוס השישי/אבונא אוגו,צפון,פריפריה,32.698473,35.295194,4,0.000131,2,2,4.127e-05,0.00137651,2218.2208,118.06078587857594
48198,ת. מרכזית נהריה/רציפים,צפון,פריפריה,33.005504,35.097344,2,6.6e-05,0,2,5.11e-06,0.0013756,2283.9599,0.0
326,האר''י/דן שומרון,מרכז,תל אביב,32.312051,34.860675,5,0.000164,2,3,1.954e-05,0.00137368,3863.9253,32.12552255264169
17583,צומת בית שערים/נווה יער,צפון,חיפה,32.704558,35.180224,3,9.8e-05,2,1,7.314e-05,0.00137324,2926.4833,178.28538952806312
12884,אלוף שדה/כביש 4,מרכז,תל אביב,32.057419,34.832771,8,0.000263,3,5,0.00010096,0.0013725,3787.8067,258.6235944129688
16929,צומת חריש לדרום,מרכז,פריפריה,32.47072,35.01958,6,0.000197,3,3,1.821e-05,0.00137202,3909.1428,138.34593190385613
34493,רמת הגולן/אדום,מרכז,פריפריה,32.10579,35.199835,7,0.00023,4,3,5.349e-05,0.00137087,2954.4776,121.98552619458887
21700,ת''ת שבט הלוי/שא נס,מרכז,תל אביב,31.939477,34.834825,8,0.000263,5,3,4.264e-05,0.00137075,3235.2119,27.706182609741727
25946,צומת אמונים,מרכז,פריפריה,31.75355,34.663306,7,0.00023,5,2,9.448e-05,0.00136667,3465.3954,109.69044981446125
39661,מגרש כדורגל,צפון,פריפריה,33.042893,35.30998,6,0.000197,3,3,3.899e-05,0.00136534,2065.5241,61.0574243529026
17059,תחנת דלק,צפון,חיפה,32.696543,35.052512,5,0.000164,2,3,5.498e-05,0.0013636,2253.3003,168.5550706274964
27782,צומת קיבוץ משמר הנגב,דרום,באר שבע,31.370011,34.713264,3,9.8e-05,1,2,1.812e-05,0.00136305,2623.5483,110.8315947496559
27370,בגין/אייר,מרכז,פריפריה,31.673561,34.582711,7,0.00023,3,4,3.809e-05,0.00136225,2679.812,152.01475269913442
25984,רשב''י/רבי טרפון,מרכז,פריפריה,31.788983,34.6648,5,0.000164,2,3,3.265e-05,0.00136187,3134.0578,37.303674109960994
51063,מתנ''ס/כפר כנא,צפון,פריפריה,32.7541,35.345136,2,6.6e-05,1,1,2.22e-05,0.00136021,2352.1332,25.15395880762139
37108,צומת בני דרור למזרח,מרכז,תל אביב,32.257813,34.900012,5,0.000164,3,2,2.589e-05,0.00135829,3012.568,156.3316442617039
42821,מנשה,מרכז,פריפריה,32.467705,35.01352,9,0.000295,4,5,2.728e-05,0.00135769,3591.8577,448.5003343097173
11070,שד. לוי אשכול/הגלעד,ירושלים,פריפריה,31.747626,34.999031,13,0.000427,3,10,8.114e-05,0.001355,3873.7137,23.845069353389338
19597,מחנה נפתלי,צפון,פריפריה,32.761395,35.411085,5,0.000164,2,3,3.723e-05,0.00135296,3594.7841,173.061495956516
8183,דרך קדם/נופי הסלע,מרכז,ירושלים,31.778577,35.307298,5,0.000164,1,4,3.247e-05,0.0013528,3256.7236,41.065951690492476
39671,כניסה מערבית,צפון,פריפריה,32.96356,35.298069,3,9.8e-05,1,2,2.333e-05,0.00135133,2550.8421,25.232966329774616
18310,צומת מירון,צפון,פריפריה,32.988676,35.442771,5,0.000164,2,3,1.751e-05,0.00134877,3318.0908,99.73091230251639
28292,אריאל שרון/הנרי מלכה,דרום,פריפריה,31.061752,35.02705,5,0.000164,2,3,5.189e-05,0.00134456,3145.8279,43.264632264307075
12959,צומת חולון/דרך השיריון,מרכז,תל אביב,32.038789,34.779755,7,0.00023,3,4,6.492e-05,0.0013441,3770.83,135.62643043398123
3920,זבולון/מרכז קרית אתא,צפון,חיפה,32.805372,35.102755,7,0.00023,4,3,9.316e-05,0.00134405,2885.8617,23.040963594933622
25840,בן גוריון/נאות אשקלון,מרכז,פריפריה,31.66131,34.576455,9,0.000295,4,5,0.0001452,0.00134236,2730.7012,114.1546538758331
3970,פלים/קיבוץ גלויות,צפון,חיפה,32.813492,35.00326,6,0.000197,3,3,6.525e-05,0.00134104,3476.9886,144.0576559179866
13088,ת. רכבת בני ברק/מבצע קדש,מרכז,תל אביב,32.103514,34.827868,12,0.000394,4,8,9.091e-05,0.0013405,3149.8938,24.225715297902763
24711,חשמונאים/רבין,ירושלים,תל אביב,31.894588,35.001862,9,0.000295,7,2,7.998e-05,0.00133834,3773.3885,119.25330775369233
4208,תחנה מרכזית נצרת,צפון,פריפריה,32.701476,35.29833,7,0.00023,3,4,6.399e-05,0.00133736,2394.8342,42.9890109236735
18757,מסעף אור הגנוז,צפון,פריפריה,32.995692,35.438298,4,0.000131,2,2,6.804e-05,0.00133645,3262.233,185.28748031350077
25265,צומת גנים/כביש 40,מרכז,תל אביב,32.096031,34.901577,8,0.000263,4,4,2.937e-05,0.00133345,3487.0031,126.39098028005816
28271,מסוף תפוז/אלסאלם,דרום,באר שבע,31.382468,34.722986,4,0.000131,2,2,3.427e-05,0.0013329,2414.1388,230.05190211338257
25699,צומת אשקלון,מרכז,פריפריה,31.65935,34.602004,4,0.000131,3,1,0.00010144,0.00133289,3208.5153,130.0955606945523
26825,פלמ''ח/עין התכלת,דרום,פריפריה,31.254696,35.214917,9,0.000295,4,5,3.74e-05,0.00133284,3103.4612,103.42075114165361
20220,מסעף גדידה,צפון,חיפה,32.926541,35.1603,4,0.000131,2,2,4.477e-05,0.00133258,2715.8925,308.74399740223294
28866,אל נקווה/חיים פינטו,דרום,פריפריה,31.07699,35.041055,8,0.000263,5,3,8.156e-05,0.00133093,2292.8451,48.861922134411536
11178,מסעף קריית יערים,ירושלים,ירושלים,31.803874,35.099083,6,0.000197,2,4,5.546e-05,0.00133013,4118.2824,99.34920233513374
18114,בית מרקחת,צפון,פריפריה,32.963011,35.30231,4,0.000131,2,2,4.457e-05,0.00132988,2344.6931,125.41786393759601
9894,גולומב/הצלם רחמים,ירושלים,ירושלים,31.754774,35.185858,10,0.000328,4,6,4.93e-05,0.00132913,3510.0643,68.36117226713964
24861,ת. רכבת ראשונים,מרכז,תל אביב,31.949222,34.801928,13,0.000427,6,7,6.72e-05,0.00132883,3667.6168,73.23646484232755
18028,צומת תפן,צפון,פריפריה,33.005087,35.284039,13,0.000427,6,7,4.542e-05,0.0013278,2109.4395,56.391890584203466
51064,אל-מוקדסי/עות'מאן אבן עפאן,צפון,פריפריה,32.751234,35.343854,2,6.6e-05,1,1,2.369e-05,0.00132752,2176.8046,66.82488365753287
26405,צומת קוממיות,מרכז,פריפריה,31.650359,34.764905,13,0.000427,8,5,0.00011679,0.00132695,3819.6147,106.46544146084483
4971,ואדי אל-חאג'/ח'לת א-דיר,צפון,פריפריה,32.689986,35.29759,3,9.8e-05,1,2,4.433e-05,0.00132624,2295.2224,29.951535889333094
8250,שדרות דוד המלך/זרובבל,מרכז,ירושלים,31.668749,35.161474,3,9.8e-05,2,1,3.081e-05,0.00132599,2955.7606,112.87123964967792
11714,מאיר גרשון/אלי תבין,ירושלים,ירושלים,31.819726,35.24072,2,6.6e-05,1,1,2.027e-05,0.001324,3035.5767,43.58618736534963
19342,צומת ח'לית שריף/טמרה,צפון,חיפה,32.866187,35.174343,4,0.000131,1,3,1.64e-05,0.00132286,2792.1056,143.17791046734342
3186,הרצוג/יצחק שדה,צפון,חיפה,32.811947,35.128452,3,9.8e-05,2,1,4.839e-05,0.00132264,1622.3597,100.90516026489027
9544,הרצוג/טשרניחובסקי,ירושלים,ירושלים,31.769652,35.208248,8,0.000263,4,4,5.548e-05,0.00132012,3311.9915,91.42588832417712
7381,מעזריטש/שדרות דרך האר''י,ירושלים,ירושלים,31.70371,35.125227,13,0.000427,10,3,8.754e-05,0.00131936,3842.7086,23.9654610045931
41764,הרב שלום שבזי/שילה,מרכז,תל אביב,32.085811,34.958108,7,0.00023,5,2,3.433e-05,0.00131751,3249.6573,51.2248659499159
9822,שד' הזז/הרצוג,ירושלים,ירושלים,31.770501,35.209041,5,0.000164,3,2,3.583e-05,0.00131379,3318.3967,19.527563574864715
18308,מסעף ספסופה,צפון,פריפריה,33.010905,35.441894,4,0.000131,1,3,6.095e-05,0.00131254,2926.1208,125.74517501536045
24466,שא נס   מועצה מקומית,מרכז,תל אביב,31.937697,34.834788,7,0.00023,2,5,4.608e-05,0.0013107,2966.024,181.36709879980916
42731,פז/אבני חושן,מרכז,תל אביב,31.906551,34.989673,5,0.000164,3,2,3.531e-05,0.00131019,3101.8765,110.02833471958944
4211,מחלף ציפורי,צפון,פריפריה,32.734632,35.265081,3,9.8e-05,1,2,3.422e-05,0.00131018,3073.0314,134.67585414987371
2435,הציונות/הילל,צפון,חיפה,32.81289,34.988512,3,9.8e-05,2,1,2.986e-05,0.00130969,2646.5052,39.874675198742096
3934,דרך משה/השלום,צפון,חיפה,32.768124,35.0503,7,0.00023,4,3,4.437e-05,0.00130697,3283.3526,74.39774191637336
48221,ת. מרכזית נהריה/רציפים,צפון,פריפריה,33.005504,35.097344,2,6.6e-05,1,1,4.766e-05,0.00130436,2284.9566,0.0
27531,השופטים/שמגר בן ענת,מרכז,פריפריה,31.612918,34.762282,8,0.000263,5,3,5.697e-05,0.00129952,3585.3957,30.536110359473177
48189,ת.מרכזית באר שבע/רציפים בינעירוני,דרום,באר שבע,31.243017,34.796743,2,6.6e-05,0,2,5.11e-06,0.00129782,3616.9108,0.0
10156,מאיר גרשון/חיים תורן,ירושלים,ירושלים,31.819086,35.245039,4,0.000131,2,2,3.065e-05,0.00129712,2740.5014,73.8675585667545
51062,ח'לת חמדאן/מנזיל,צפון,פריפריה,32.748091,35.342743,3,9.8e-05,1,2,2.511e-05,0.00129568,2029.5316,98.5090020999007
8667,המ''ג/ירמיהו,ירושלים,ירושלים,31.790711,35.200059,13,0.000427,10,3,3.502e-05,0.00129426,4134.7981,10.926694189091464
40905,שדרות רחל אמנו/שדרות דוד המלך,מרכז,ירושלים,31.667074,35.161192,3,9.8e-05,2,1,7.844e-05,0.00129413,2676.1986,57.97594535457145
20971,מחלף אל-משארף,צפון,פריפריה,32.727427,35.285284,3,9.8e-05,2,1,2.155e-05,0.00129402,3451.1058,81.3923780925657
44538,גבעת התמר/כניסה,מרכז,ירושלים,31.679207,35.16744,3,9.8e-05,2,1,2.864e-05,0.00129371,3307.9629,46.488081752491716
3181,קניון לב המפרץ,צפון,חיפה,32.793427,35.038721,7,0.00023,2,5,4.137e-05,0.0012935,3822.7081,12.474320228088983
12151,דרך הערבה/שדרות התמרים,דרום,פריפריה,29.55331,34.954541,5,0.000164,2,3,5.209e-05,0.00129214,2990.8949,70.77725974926756
35356,שער הגלבוע/אתר הסקי,צפון,פריפריה,32.552202,35.333503,6,0.000197,3,3,6.366e-05,0.00129168,2468.3528,1205.2412528388068
50147,דאהוד סלימאן תלחמי/מחמוד דרוויש,צפון,חיפה,32.801107,35.171221,11,0.000361,6,5,4.979e-05,0.00128903,2869.9493,54.513228428910715
25704,מסוף קסטינה-מלאכי/הורדה ואילת,מרכז,פריפריה,31.731452,34.756392,7,0.00023,3,4,6.875e-05,0.00128724,3800.8962,21.224492675056393
15183,צומת המעבר לצפון,מרכז,פריפריה,32.280314,35.005099,6,0.000197,3,3,4.818e-05,0.0012868,2763.6366,131.689883120497
4728,צומת גבעת המורה,צפון,פריפריה,32.625597,35.32213,6,0.000197,4,2,3.402e-05,0.00128656,3163.7214,103.72193960076984
24157,הלוחמים/תל גיבורים,מרכז,תל אביב,32.035855,34.7669,7,0.00023,4,3,4.98e-05,0.00128574,2847.6966,71.40633307848798
18320,מסעף ג'יש מרכז,צפון,פריפריה,33.020548,35.446327,3,9.8e-05,2,1,6.531e-05,0.00128539,2660.8681,110.22032733059598
728,מחלף ראש העין מזרח,מרכז,תל אביב,32.107139,34.961855,10,0.000328,5,5,5.881e-05,0.00128454,3786.386,55.87487008214312
9409,הרצוג/טשרניחובסקי,ירושלים,ירושלים,31.769609,35.209732,4,0.000131,3,1,3.753e-05,0.00128286,3314.7971,118.76432275756041
18040,נשיאי ישראל/דרך השלום,צפון,פריפריה,32.908586,35.285505,7,0.00023,5,2,0.00018271,0.00128135,3127.8728,38.066138689940175
24763,צומת חולון,מרכז,תל אביב,32.037572,34.779659,9,0.000295,5,4,5.588e-05,0.00128122,3778.2773,135.62643043398123
44137,כיכר אל-משארף,צפון,פריפריה,32.726079,35.284187,3,9.8e-05,1,2,2.377e-05,0.00128107,2778.0655,94.02655395958405
25369,דרך יצחק רבין/אבי אורן,מרכז,תל אביב,32.082775,34.860503,6,0.000197,3,3,2.528e-05,0.00128043,3581.2359,62.63801465935297
2055,בית בירם/אבא חושי,צפון,חיפה,32.778475,34.998081,5,0.000164,2,3,3.609e-05,0.00128033,2750.4975,59.35460103191195
48423,מסוף רעננה/רציפים,מרכז,תל אביב,32.175565,34.890269,6,0.000197,2,4,2.423e-05,0.0012787,3571.2914,0.0
2841,הרצוג/מינץ,צפון,חיפה,32.810698,35.129402,3,9.8e-05,1,2,4.767e-05,0.00127865,1539.059,68.01272831191673
34287,צומת שרה לצפון,דרום,באר שבע,31.225566,34.829489,5,0.000164,1,4,1.271e-05,0.00127822,3706.9887,106.0304880283901
9006,נחל לוז/ הירקון,ירושלים,פריפריה,31.708768,34.99558,4,0.000131,2,2,4.715e-05,0.00127773,3065.7387,56.975774884237715
2436,גן הבהאים/הציונות,צפון,חיפה,32.814489,34.9857,3,9.8e-05,1,2,3.119e-05,0.00127749,2427.5326,18.75992653201677
4312,צומת בית צידה,צפון,פריפריה,32.90413,35.634488,4,0.000131,2,2,1.768e-05,0.00127602,1822.215,89.33016049755801
19596,צומת שדה אילן,צפון,פריפריה,32.75376,35.411148,2,6.6e-05,1,1,4.146e-05,0.00127502,3175.45,138.65129351656662
41958,שמעון אגרנט/משה וילנסקי,דרום,באר שבע,31.244576,34.76295,3,9.8e-05,2,1,3.391e-05,0.00127413,2417.5581,123.77376232342255
10084,גבעת שאול/עקיבא אזולאי,ירושלים,ירושלים,31.793166,35.188768,12,0.000394,4,8,3.811e-05,0.00127389,4161.6573,24.50959558845854
20123,בית ספר אורתודוקסי,צפון,חיפה,32.800727,35.170118,5,0.000164,3,2,2.256e-05,0.00127286,3142.7032,97.95307710512199
37772,משמר הגבול/נחל רמון,מרכז,פריפריה,32.426699,34.939279,4,0.000131,2,2,3.526e-05,0.00127271,2495.9383,138.3747042225245
40162,אצ''ל/דוד אלעזר,דרום,באר שבע,31.269474,34.773853,6,0.000197,4,2,8.829e-05,0.00127248,3247.7609,83.01660573116192
4206,עוקף נצרת/אל-קפזה,צפון,פריפריה,32.687919,35.293664,4,0.000131,1,3,3.796e-05,0.00127198,2139.2479,88.10004377325772
4729,יצחק רבין/דוד אלעזר,צפון,פריפריה,32.626136,35.320908,8,0.000263,5,3,0.00019358,0.00127136,3144.635,84.3901564833603
5560,צומת שאן,צפון,פריפריה,32.507867,35.518727,4,0.000131,1,3,9.26e-06,0.00127014,1584.0108,89.93007338294409
35853,כפר סמיר,צפון,חיפה,32.801531,34.959881,4,0.000131,1,3,4.033e-05,0.00126938,3408.1736,40.61447043167142
13219,שד' רוקח/בכור שטרית,מרכז,תל אביב,32.107454,34.814433,8,0.000263,4,4,7.379e-05,0.00126906,3009.1795,160.414397162064
48897,ת.רק''ל אלנבי/יבנה,מרכז,תל אביב,32.062901,34.774284,5,0.000164,2,3,2.653e-05,0.00126901,3392.1175,50.66110549748266
20485,צומת כרמיאל מערב,צפון,פריפריה,32.923097,35.281307,6,0.000197,3,3,1.833e-05,0.00126821,3243.663,131.06277857640995
15722,רוטשילד/פיארברג,מרכז,תל אביב,32.077219,34.885077,7,0.00023,2,5,4.042e-05,0.00126715,2497.2154,50.02484140577942
26121,מרכז רפואי סורוקה/יצחק רגר,דרום,באר שבע,31.257665,34.798444,9,0.000295,3,6,6.7e-05,0.00126516,3672.5493,31.43013723579039
21279,צומת אשבל,צפון,פריפריה,32.86632,35.265129,4,0.000131,2,2,3.155e-05,0.00126456,2380.8067,127.65344994545329
40662,קניון דרורים,מרכז,תל אביב,32.260201,34.895015,9,0.000295,4,5,1.719e-05,0.00126326,3210.9504,437.4157109539844
41663,כביש 3855/כביש 38,ירושלים,פריפריה,31.760313,34.988741,12,0.000394,6,6,2.253e-05,0.00126138,4087.6894,112.37521719743994
40587,בית ג'ן 1,צפון,פריפריה,32.961318,35.371265,4,0.000131,2,2,4.05e-05,0.00126112,1961.6029,95.66799540946012
40646,קיבוץ גלויות/נווה אפיקים,מרכז,תל אביב,32.092186,34.969894,9,0.000295,4,5,3.826e-05,0.00126015,3018.1494,97.83996318885755
33941,ת. רכבת יוספטל,מרכז,תל אביב,32.014968,34.762025,4,0.000131,2,2,3.261e-05,0.00125945,3459.8699,27.787686251357904
47883,ת. מרכזית נתניה/רציפים,מרכז,תל אביב,32.326889,34.85874,2,6.6e-05,0,2,5.11e-06,0.00125937,3363.7127,0.0
44131,דרך הרב שלום איפרגן/רבי דוד חסין,דרום,פריפריה,31.521465,34.588862,3,9.8e-05,2,1,2.232e-05,0.00125082,2914.4509,59.0525048039415
5294,מסעף חמדיה,צפון,פריפריה,32.514526,35.522132,4,0.000131,2,2,5.81e-05,0.00125048,1511.2014,109.07025611401258
37420,ת. מרכזית אשדוד,מרכז,פריפריה,31.790236,34.639344,9,0.000295,7,3,0.00017383,0.00124957,2943.7959,81.40988475446771
4243,מחלף הושעיה,צפון,פריפריה,32.769234,35.293977,3,9.8e-05,2,1,5.257e-05,0.00124937,3323.7803,165.01848962052026
16977,ת. רכבת חוף הכרמל,צפון,חיפה,32.793065,34.957647,7,0.00023,4,3,1.687e-05,0.00124784,3744.0973,63.67814720961689
13601,ת. רכבת ההגנה/החרש,מרכז,תל אביב,32.054639,34.783438,12,0.000394,2,10,9.559e-05,0.00124654,3789.3145,33.79421386743456
10097,ממילא/קריב,ירושלים,ירושלים,31.776697,35.225996,9,0.000295,4,5,3.971e-05,0.00124653,3276.5771,86.36877601597809
15148,צומת בארותיים,מרכז,פריפריה,32.312422,34.987391,3,9.8e-05,2,1,1.16e-05,0.0012464,3509.7748,62.38448527609875
5928,עילבון ו'/יציאה,צפון,פריפריה,32.830366,35.407945,4,0.000131,2,2,3.145e-05,0.00124492,3008.6553,57.82136185533104
20946,יפיע/אל-ואדי אל-ח'ארג'י,צפון,פריפריה,32.687775,35.278699,3,9.8e-05,2,1,7.34e-05,0.00123961,2260.1402,134.2283360658939
16629,קיבוץ גלויות/ז'בוטינסקי,מרכז,תל אביב,32.091327,34.970119,7,0.00023,4,3,2.016e-05,0.00123879,3360.4885,97.83996318885755
950,קניון רננים,מרכז,תל אביב,32.196602,34.879661,6,0.000197,3,3,7.005e-05,0.00123642,2634.5935,114.4088693446087
42845,מחלף לטרון,ירושלים,פריפריה,31.839265,34.987679,10,0.000328,5,5,3.462e-05,0.00123641,4264.5932,237.27481864811634
12674,שדרות צה''ל/עולי הגרדום,מרכז,פריפריה,31.606689,34.760888,4,0.000131,2,2,3.337e-05,0.00123557,3212.7619,155.01778314624752
2666,העצמאות/הנביאים,צפון,חיפה,32.801427,35.103659,4,0.000131,3,1,5.075e-05,0.00123468,3460.8644,110.9898317989873
21013,אל-ואדי אל-ג'ואני/דיאנה,צפון,פריפריה,32.698274,35.292579,7,0.00023,2,5,2.956e-05,0.00123435,2071.0445,20.62207150046794
28450,אזור תעשיה רהט,דרום,באר שבע,31.393399,34.773933,5,0.000164,3,2,9.205e-05,0.00123378,2676.6233,24.26255208086105
17505,שדרות ההסתדרות/צומת הקריות,צפון,חיפה,32.789491,35.028864,11,0.000361,9,2,5.683e-05,0.00123201,3639.7897,134.52619424333236
47981,ת. מרכזית אשדוד/רציפים,מרכז,פריפריה,31.790926,34.639056,2,6.6e-05,0,2,5.11e-06,0.0012313,2934.1397,0.0
20957,יפיע/דרך חיפה,צפון,פריפריה,32.691175,35.283764,3,9.8e-05,2,1,7.27e-05,0.00123033,2109.5471,85.07654319698604
27481,שד. לכיש/שד. גת,מרכז,פריפריה,31.61355,34.768398,9,0.000295,3,6,0.00011282,0.0012298,3409.5315,38.19023977751882
18901,כיכר ריינה/דרך הגליל,צפון,פריפריה,32.728053,35.321717,3,9.8e-05,2,1,8.091e-05,0.00122684,3330.8743,35.62256296957989
34487,שער הגיא/עצמון,מרכז,פריפריה,32.102672,35.198285,5,0.000164,3,2,4.295e-05,0.00122558,2661.5816,63.111775652550676
41852,שמעון אגרנט/אברהם אבן שושן,דרום,באר שבע,31.243109,34.762775,3,9.8e-05,1,2,3.388e-05,0.00122534,2233.6471,59.15359234751879
29415,קניון שבעת הכוכבים/בן ציון מיכאלי,מרכז,תל אביב,32.164012,34.823849,7,0.00023,3,4,9.108e-05,0.00122298,2875.2746,78.05076053248547
47912,ת.מרכזית עפולה/רציפים,צפון,פריפריה,32.608723,35.292777,3,9.8e-05,1,2,3.352e-05,0.00122216,3442.3676,0.0
27467,ההסתדרות/חובבי ציון,מרכז,פריפריה,31.654844,34.5566,4,0.000131,2,2,3.188e-05,0.00122201,2487.1856,71.87962943276297
16609,נחל רבה/דרך הציונות,מרכז,תל אביב,32.099615,34.964129,4,0.000131,2,2,1.514e-05,0.00122176,3366.1617,109.94677323043227
1358,דרך אהרון/חווה חקלאית,צפון,פריפריה,32.565948,34.956854,10,0.000328,4,6,7.894e-05,0.00122094,3336.7462,74.5012467292354
15187,צומת בת חפר,מרכז,פריפריה,32.337603,35.009107,4,0.000131,2,2,5.733e-05,0.00121978,3114.0167,112.02230937059883
18815,כיכר אלמעסרה,צפון,חיפה,32.857527,35.173311,3,9.8e-05,1,2,7.463e-05,0.00121783,2835.8753,99.26902874723439
21672,כביש 4304/יוסף קלויזנר,מרכז,תל אביב,31.91777,34.866583,7,0.00023,4,3,2.907e-05,0.00121763,4000.7941,112.45402319797428
44129,דרך הרב שלום איפרגן/הרב קוק,דרום,פריפריה,31.525408,34.58886,4,0.000131,2,2,3.35e-05,0.00121731,2641.5379,66.9897453630953
7199,ספריה עירונית/דרך העצמאות,צפון,פריפריה,33.013098,35.102044,4,0.000131,2,2,4.705e-05,0.00121696,2124.4861,156.68367645863975
6728,מסעף טל אל,צפון,חיפה,32.933045,35.161074,4,0.000131,2,2,4.572e-05,0.00121657,2493.1285,158.74781148004553
51149,רבי מאיר מפרימישלן/הרב מירב,מרכז,פריפריה,32.16373,35.138746,10,0.000328,7,3,5.648e-05,0.00121515,3790.2381,17.47180617838555
2069,דרך בירם/אינטרנציונל,צפון,חיפה,32.775098,35.009924,10,0.000328,6,4,5.62e-05,0.00121456,3188.85,57.991595257517595
14166,שדרות אבא אבן/אריה שנקר,מרכז,תל אביב,32.161098,34.810376,9,0.000295,4,5,5.68e-05,0.00121396,3587.4116,136.89422604054582
18957,צומת הרדוף,צפון,חיפה,32.792064,35.17653,7,0.00023,4,3,7.051e-05,0.0012136,3218.6867,73.03122047917975
42564,מפעל בטון,צפון,חיפה,32.951207,35.176523,6,0.000197,2,4,3.223e-05,0.00121318,2203.7355,271.06965934070075
27599,בית ספר שושנים/החיד''א,דרום,באר שבע,31.308876,34.623064,6,0.000197,4,2,5.48e-05,0.00121181,2600.4772,18.238195003534763
16375,דרך מנחם בגין/ויינברגר,מרכז,תל אביב,32.074976,34.905508,7,0.00023,2,5,5.989e-05,0.0012117,3645.0071,25.176240707947755
12899,מרכז הספורט/בכור שטרית,מרכז,תל אביב,32.105868,34.820154,5,0.000164,2,3,2.794e-05,0.0012117,2966.6487,71.1012017779663
37773,משמר הגבול/שניר,מרכז,פריפריה,32.427633,34.933375,4,0.000131,1,3,4.675e-05,0.00120998,2300.4474,118.07568321343182
2364,דרך עכו/צומת צבר,צפון,חיפה,32.83619,35.084962,5,0.000164,3,2,8.534e-05,0.00120989,2789.1823,57.480106666315486
19006,מסעף מנשית זבדה,צפון,חיפה,32.701872,35.191539,4,0.000131,2,2,7.496e-05,0.00120935,2664.7822,146.15702927775595
13730,ת. רכבת תל אביב - סבידור/חנה וסע,מרכז,תל אביב,32.083783,34.7956,16,0.000525,11,5,7.829e-05,0.0012075,3716.3559,65.0456619177428
7378,רבי עקיבא/אור החיים,מרכז,ירושלים,31.69798,35.123105,5,0.000164,3,3,6.895e-05,0.00120715,3777.6214,10.343371048318096
15577,כביש 42/בית חנן,מרכז,תל אביב,31.936937,34.779003,7,0.00023,3,4,3.855e-05,0.0012069,3522.4963,154.4002504858008
14839,צומת השרון לדרום,מרכז,תל אביב,32.321146,34.903693,7,0.00023,3,4,7.422e-05,0.00120547,3422.9806,199.89506286823516
5497,צומת צלמון/אלחמרה,צפון,פריפריה,32.856247,35.400506,8,0.000263,4,4,3.13e-05,0.00120471,2518.2826,130.44404505701473
15172,צומת שער אפרים,מרכז,תל אביב,32.282512,34.99643,7,0.00023,3,4,5.165e-05,0.00120193,3138.3514,145.3155862619311
27962,שיבת ציון/גיבורי ישראל,מרכז,פריפריה,31.660255,34.577182,2,6.6e-05,1,1,2.516e-05,0.00120068,2480.6162,42.47281353360353
3497,קניון כפיר/העצמאות,צפון,חיפה,32.803283,35.10405,3,9.8e-05,1,2,4.925e-05,0.00119918,3105.956,99.10963453453203
10079,המפלצת/טהון,ירושלים,ירושלים,31.761865,35.1725,5,0.000164,2,3,4.976e-05,0.00119728,2495.1099,67.34088130354915
17039,רכבת העמק/מזרח,צפון,חיפה,32.7121,35.104824,5,0.000164,2,3,2.333e-05,0.00119639,3020.9658,94.92969405699641
13230,מגדל צ'מפיון/דרך ששת הימים,מרכז,תל אביב,32.09834,34.826763,7,0.00023,3,4,1.808e-05,0.00119445,3086.4496,9.532926445816136
11156,קיבוץ צובה,ירושלים,ירושלים,31.783427,35.118689,4,0.000131,2,2,3.385e-05,0.00119215,2704.7776,443.68935652739714
21059,רואוס אל-ג'באל/עבאס,צפון,פריפריה,32.710676,35.299627,5,0.000164,4,1,3.202e-05,0.00118992,2107.2338,60.67298088613208
13006,אוניברסיטת רייכמן/מנחם בגין,מרכז,תל אביב,32.177459,34.838963,6,0.000197,3,3,2.607e-05,0.00118898,2902.7743,159.71707901876576
17897,בית ספר מעליא,צפון,פריפריה,33.026765,35.250115,8,0.000263,5,3,6.84e-06,0.00118724,2106.2155,13.32694629611455
7294,מחלף בית חורון,ירושלים,ירושלים,31.872495,35.132687,10,0.000328,4,6,8.615e-05,0.00118669,4117.4857,200.9499113234838
2963,חנקין/סוקולוב,צפון,חיפה,32.812298,35.107017,3,9.8e-05,2,1,3.895e-05,0.00118513,2464.8266,100.53556252887859
19295,כיכר אלחנאנה,צפון,חיפה,32.857058,35.175928,2,6.6e-05,1,1,8.516e-05,0.001185,2580.5743,154.12252299496393
17976,בית ספר כפר ורדים,צפון,פריפריה,32.996105,35.277132,9,0.000295,3,6,4.076e-05,0.00118393,2380.3576,57.157300365837735
8462,צומת מבוא חורון,ירושלים,פריפריה,31.854646,35.00526,6,0.000197,4,2,1.344e-05,0.00118351,3617.5397,101.52466542413292
7566,חפץ חיים/נודע ביהודה,מרכז,פריפריה,31.934572,35.047074,10,0.000328,6,4,6.015e-05,0.00118291,2892.5697,48.76544360949465
3322,החשמל/הגיבורים,צפון,חיפה,32.799185,35.014569,8,0.000263,6,2,2.925e-05,0.00118269,3403.5355,55.01777249319459
8965,שדרות הרצל/הר הרצל,ירושלים,ירושלים,31.773916,35.182803,9,0.000295,5,4,5.77e-05,0.00118207,3689.1702,41.00445195981274
6151,מכללת סח'נין/משרד הרישוי,צפון,פריפריה,32.860455,35.310667,6,0.000197,3,3,5.8e-05,0.00118184,1979.4846,155.64734084880428
18547,קניון/הגליל,צפון,פריפריה,32.971107,35.504439,5,0.000164,3,2,9.33e-05,0.00117977,2866.3361,47.076232353024075
14836,צומת השרון למערב,מרכז,תל אביב,32.323644,34.902989,9,0.000295,5,4,0.00012927,0.0011795,3274.8465,152.1530570389526
2108,ליאון בלום,צפון,חיפה,32.798677,34.998088,5,0.000164,4,1,3.96e-05,0.00117937,2307.9931,145.55329909310157
25091,אוניברסיטת בר אילן/דרך אשכול,מרכז,תל אביב,32.065608,34.843957,9,0.000295,4,5,9.357e-05,0.00117912,3926.2426,13.566452165306917
40328,מחלף בקעת נטופה למערב,צפון,פריפריה,32.809909,35.397592,4,0.000131,3,1,1.782e-05,0.00117821,3332.593,185.81091818228256
29461,צומת הראשונים,מרכז,תל אביב,32.138581,34.835513,6,0.000197,5,1,5.017e-05,0.00117673,3541.8433,83.07884969477544
25859,מכללה אקדמית אשקלון,מרכז,פריפריה,31.668689,34.573287,11,0.000361,5,6,6.492e-05,0.00117664,2803.8185,121.39894353605915
52018,ת. מרכזית אילת/רציפים,דרום,פריפריה,29.556996,34.953569,2,6.6e-05,0,2,5.11e-06,0.0011765,3331.1278,0.0
51997,ת. מרכזית אילת/רציפים,דרום,פריפריה,29.556996,34.953569,2,6.6e-05,0,2,5.11e-06,0.0011765,3331.1278,0.0
5920,עילבון ד'/שכונת רושרוש,צפון,פריפריה,32.834317,35.404271,5,0.000164,3,2,2.933e-05,0.00117581,2733.4878,89.06928966140568
5860,דרב אלמרג',צפון,חיפה,32.781188,35.219267,4,0.000131,2,2,2.101e-05,0.001175,2510.9718,35.64361114148079
18913,צומת ישי,צפון,חיפה,32.707505,35.157884,6,0.000197,3,3,5.285e-05,0.001173,3380.8307,134.08161662710668
1851,נווה דוד,צפון,חיפה,32.805406,34.957982,2,6.6e-05,1,1,4.237e-05,0.00117281,3054.2222,29.002609757050205
16413,מחלף בצרה,מרכז,תל אביב,32.208595,34.88402,3,9.8e-05,2,1,3.889e-05,0.00117269,3276.8099,96.05780739347888
8486,מסילת ישרים/עזר מציון,מרכז,תל אביב,31.933627,35.037356,3,9.8e-05,1,2,4.315e-05,0.00117097,3529.4791,98.55684524873378
13268,מחלף לה גווארדייה,מרכז,תל אביב,32.059174,34.786171,13,0.000427,9,4,2.662e-05,0.00117084,3710.963,35.591693092603286
50847,מסוף מועצה אזורית אשכול/רציפים,דרום,פריפריה,31.302314,34.432016,3,9.8e-05,2,1,2.557e-05,0.00117052,1555.9894,0.0
50850,מסוף מועצה אזורית אשכול/רציפים,דרום,פריפריה,31.302314,34.432016,3,9.8e-05,2,1,1.334e-05,0.00117052,1555.9894,0.0
27661,מכללת ספיר,דרום,פריפריה,31.510243,34.593061,7,0.00023,4,3,6.367e-05,0.00117047,3101.3102,133.56690533036516
28329,צומת לקיה,דרום,באר שבע,31.328702,34.878238,10,0.000328,4,6,1.57e-05,0.00117037,3830.4511,126.20612311441937
9008,נחל לוז/נחל רפאים,ירושלים,פריפריה,31.710922,34.995945,4,0.000131,2,2,4.294e-05,0.00116923,2762.3907,35.948506084684375
18128,מסעף בוקיעה אל ג'רביה,צפון,פריפריה,32.994668,35.308297,6,0.000197,3,3,2.953e-05,0.00116822,2220.21,154.4660739079743
25700,קניון חוצות/בן גוריון,מרכז,פריפריה,31.660747,34.588385,3,9.8e-05,2,1,0.00011082,0.00116788,2892.5934,76.24244091061601
27964,שיבת ציון/הנביאים,מרכז,פריפריה,31.657179,34.580774,2,6.6e-05,1,1,2.402e-05,0.00116784,2279.9198,61.05769922286134
26421,תפרח/יציאה,דרום,באר שבע,31.331124,34.675295,6,0.000197,1,5,2.611e-05,0.0011667,3658.2127,46.51526368212672
18814,אל קודס/בנק הפועלים,צפון,חיפה,32.856303,35.180637,6,0.000197,5,1,9.633e-05,0.00116382,2380.141,103.51412257741866
27804,צומת שדה משה,מרכז,פריפריה,31.600756,34.805793,7,0.00023,2,5,2.088e-05,0.00116306,4012.5133,126.44661683958626
12509,תיכון זינמן/עלייה,דרום,פריפריה,31.065825,35.04238,7,0.00023,4,3,3.831e-05,0.00116142,2722.2748,58.68380084314704
50332,ת.רק''ל אבא הלל/דרך ז'בוטינסקי,מרכז,תל אביב,32.083005,34.802272,13,0.000427,7,6,0.00010468,0.00116125,3802.6256,44.30601019952826
51059,עומר בן אל-ח'טאב/כמאל אל-יוסף,צפון,פריפריה,32.745448,35.343849,4,0.000131,2,2,3.455e-05,0.00115959,1905.5448,36.91977226762878
49199,מסוף בית ליד,מרכז,תל אביב,32.322788,34.904559,7,0.00023,3,4,1.241e-05,0.0011581,3247.4648,0.0
35797,משה הס,צפון,חיפה,32.810509,35.115039,3,9.8e-05,1,2,1.854e-05,0.00115803,1965.5427,11.747688698906055
11173,מסעף נווה אילן,ירושלים,ירושלים,31.804015,35.094175,8,0.000263,5,3,3.853e-05,0.0011577,4165.6937,118.50734553031006
27850,צומת תפרח מזרח,דרום,באר שבע,31.332052,34.674512,6,0.000197,2,4,5.699e-05,0.00115767,3420.143,81.49339936213649
9615,שטרן ה',ירושלים,ירושלים,31.756186,35.180454,3,9.8e-05,1,2,3.338e-05,0.00115706,2817.8817,120.78359098552737
35609,צומת מחנה נבטים,דרום,פריפריה,31.168306,35.04186,4,0.000131,2,2,1.706e-05,0.00115662,3035.7404,143.89478937200403
4004,ת. רכבת בנימינה,צפון,פריפריה,32.514638,34.950086,5,0.000164,2,3,4.525e-05,0.00115657,2782.4507,43.45441837603481
11022,מסעף צרעה,ירושלים,פריפריה,31.755648,34.981629,7,0.00023,3,4,2.858e-05,0.0011544,3810.6298,171.4180716613803
24920,מחלף חבצלת,מרכז,פריפריה,32.359466,34.87036,8,0.000263,6,2,4.771e-05,0.0011539,3654.5236,187.1184604113267
39182,ככר המשוררים/יהודה לוי,מרכז,תל אביב,32.086808,34.953509,9,0.000295,4,5,3.277e-05,0.00115168,3707.5966,83.14510983788037
27802,צומת רווחה,מרכז,פריפריה,31.644169,34.731054,8,0.000263,4,4,7.495e-05,0.00115038,3702.868,94.59195155030386
26692,צומת הרוחות,דרום,פריפריה,30.661065,34.809514,6,0.000197,3,3,4.042e-05,0.00115033,3000.8583,86.0054804043545
9623,שדרות לוי אשכול/קרל נטר,ירושלים,ירושלים,31.799515,35.225737,6,0.000197,3,3,5.01e-05,0.001148,3240.7633,103.57076474088115
28744,צומת ערערה בנגב/כביש 25,דרום,באר שבע,31.150071,34.983628,9,0.000295,6,3,6.424e-05,0.00114781,3473.425,115.01100209317086
9700,שד' אשכול/בר לב,ירושלים,ירושלים,31.799996,35.231163,4,0.000131,1,3,4.045e-05,0.00114763,3651.1815,63.50744337690661
18342,צומת עין זיתים,צפון,פריפריה,32.988596,35.484436,4,0.000131,2,2,3.955e-05,0.00114549,3437.7747,57.9681281186828
26711,צומת עומר מערב,דרום,באר שבע,31.269234,34.841741,10,0.000328,6,4,0.00020133,0.00114417,3318.5741,127.03267318110838
36108,צה''ל/חבצלת,צפון,חיפה,32.842428,35.074659,4,0.000131,1,3,4.389e-05,0.00114186,2063.8257,128.1770011263958
8863,נחל הקישון/ נחל שורק,ירושלים,פריפריה,31.715411,34.989861,6,0.000197,4,2,6.787e-05,0.00114121,2539.874,28.03964342572622
27078,השופטים/אבימלך,מרכז,פריפריה,31.654741,34.580016,3,9.8e-05,1,2,3.147e-05,0.00114051,2116.1316,28.11240708462673
18302,צומת בר יוחאי,צפון,פריפריה,32.997306,35.437804,3,9.8e-05,2,1,2.288e-05,0.00113889,2966.7603,185.28748031350077
4127,צומת ערערה,צפון,פריפריה,32.503275,35.086825,8,0.000263,5,3,5.616e-05,0.00113714,3744.0568,111.45976099548498
21211,כפר כנא ב'/בי''ס חט''ב א,צפון,פריפריה,32.753822,35.343649,3,9.8e-05,1,2,6.083e-05,0.001137,2754.3626,39.61023939908563
49795,מסוף מודיעין עילית,מרכז,תל אביב,31.935834,35.03744,3,9.8e-05,0,3,5.11e-06,0.00113698,3706.9832,0.0
27703,צומת אופקים/241,דרום,באר שבע,31.322495,34.618663,6,0.000197,4,2,1.444e-05,0.00113643,3122.2996,149.92725111816034
36911,הפרדס/משמר הגבול,מרכז,פריפריה,32.426585,34.941942,4,0.000131,3,1,4.652e-05,0.00113495,2650.7216,110.52391061104075
51588,אורחות צדיקים/חובת הלבבות,מרכז,תל אביב,31.934086,35.038316,6,0.000197,2,4,5.77e-06,0.00113448,3483.6817,103.97992863901906
2988,בית ספר בית יעקב/המיימוני,צפון,חיפה,32.803703,34.995862,7,0.00023,5,2,3.795e-05,0.00113325,3025.0026,32.901928464011434
6339,חוף צמח,צפון,פריפריה,32.704375,35.587643,5,0.000164,4,1,3.031e-05,0.00113189,2131.3853,123.40286509290918
21285,צומת אשבל,צפון,פריפריה,32.867746,35.264093,5,0.000164,3,2,6.285e-05,0.00112869,2427.4564,100.9532389982641
28195,שדרות חברון/דרך הראל,דרום,באר שבע,31.32778,34.928777,4,0.000131,1,3,3.969e-05,0.00112304,2815.0426,107.15692762736049
2910,ירושלים/צה''ל,צפון,חיפה,32.843272,35.070481,3,9.8e-05,2,1,4.444e-05,0.00112281,1936.4296,42.111184016014434
6668,מסעדת אלשריף,צפון,פריפריה,32.963161,35.375082,3,9.8e-05,2,1,3.377e-05,0.00112243,1839.4232,219.7461917699082
42661,אזור תעשיה ספירים/שקמה,דרום,פריפריה,31.51481,34.601007,4,0.000131,2,2,1.375e-05,0.00112172,2892.1332,69.69977450974763
27690,צומת שדה צבי,דרום,באר שבע,31.442134,34.734498,7,0.00023,3,4,5.964e-05,0.00112114,4046.8324,91.6180165663481
7204,מחנה בירנית,צפון,פריפריה,33.056816,35.340076,4,0.000131,2,2,2.334e-05,0.00112107,1930.9122,127.91397714774091
7935,טורקיז/ענבר,מרכז,פריפריה,31.962056,35.065781,6,0.000197,3,3,4.189e-05,0.00111876,3174.6917,275.86281005027047
27873,צומת הנשיא/כביש310,דרום,באר שבע,31.330095,34.699301,5,0.000164,3,2,6.621e-05,0.00111818,3249.5521,145.68024278001047
1267,אבא חושי/שער חיפה,צפון,חיפה,32.765431,35.013792,8,0.000263,4,4,8.44e-05,0.00111818,2997.3386,133.7080287120634
16105,מחלף גדרה לדרום,מרכז,פריפריה,31.802698,34.764107,7,0.00023,3,4,5.877e-05,0.00111743,3840.5216,141.23672662071908
15995,צומת חורשים,מרכז,תל אביב,32.144897,34.945462,7,0.00023,5,2,5.489e-05,0.00111635,3360.8796,133.0837823393762
42902,כביש 6353/דרך ארץ,מרכז,פריפריה,32.471388,35.041242,2,6.6e-05,1,1,7.06e-06,0.00111532,3260.3136,137.95420120329248
8935,הרוזמרין/כביש המנהרות,ירושלים,ירושלים,31.73188,35.203916,13,0.000427,7,6,7.887e-05,0.00111517,3544.5251,32.87921579858968
18294,נחל צבעון,צפון,פריפריה,33.020271,35.414539,2,6.6e-05,1,1,3.484e-05,0.00111381,2445.5562,146.13337964827764
36040,בית ספר תיכון אלקאסמי,מרכז,פריפריה,32.413792,35.035489,5,0.000164,2,3,6.987e-05,0.00111376,3038.4022,139.5501885800099
8470,מסילת ישרים/מסוף,מרכז,תל אביב,31.935116,35.037558,6,0.000197,2,4,5.327e-05,0.00111318,3851.5673,64.62682027863698
11179,אזניים לתורה/הגר''א,ירושלים,ירושלים,31.80369,35.100146,5,0.000164,2,3,2.548e-05,0.00111305,4056.7409,96.08508198348478
5847,מרכז הכפר,צפון,חיפה,32.773213,35.221329,2,6.6e-05,1,1,3.367e-05,0.00111241,2747.7605,65.70991152519234
41768,דרך מנחם בגין/לאה אמנו,ירושלים,פריפריה,31.880715,35.001451,6,0.000197,2,4,2.731e-05,0.00111191,3475.462,47.4454073560686
42164,אצ''ל/מסוף י''א,דרום,באר שבע,31.260947,34.762626,5,0.000164,2,3,2.474e-05,0.00111074,2936.9987,56.199755620045885
18309,מסעף ספסופה,צפון,פריפריה,33.011787,35.442738,4,0.000131,1,3,2.473e-05,0.00110855,2691.5243,125.74517501536045
13044,פארק אריאל שרון/דרך לוד,מרכז,תל אביב,32.043154,34.818081,6,0.000197,3,3,2.31e-05,0.00110851,3929.7403,133.2737077927027
35837,נווה גנים,צפון,חיפה,32.85817,35.091366,7,0.00023,4,3,0.00012691,0.00110831,2276.6407,85.50306988549795
26970,חפץ חיים/שבזי,דרום,באר שבע,31.306951,34.624594,4,0.000131,3,1,7.233e-05,0.00110769,2384.4546,48.20542782948048
13427,לבון/דרך בן צבי,מרכז,תל אביב,32.043129,34.771773,5,0.000164,4,1,3.149e-05,0.0011071,2787.2742,107.99599403729842
24424,אחוזה/ז'בוטינסקי,מרכז,תל אביב,32.180413,34.87461,4,0.000131,3,1,0.00011135,0.00110539,2967.8456,34.2438048957633
21470,צומת ניר צבי,מרכז,תל אביב,31.952128,34.85643,11,0.000361,6,5,7.204e-05,0.00110405,3585.7157,133.41151450857606
41050,שדרות נהר הירקון/ישעיהו הנביא,ירושלים,פריפריה,31.708495,34.991466,5,0.000164,3,2,6.124e-05,0.00110282,2927.0745,21.356089201167457
4794,צומת קיבוץ יזרעאל,צפון,פריפריה,32.561686,35.317661,3,9.8e-05,1,2,1.449e-05,0.00110271,2693.9816,76.10055579703722
29465,צומת הראשונים,מרכז,תל אביב,32.137548,34.83469,8,0.000263,5,3,7.152e-05,0.00109819,3586.3468,83.95301442165771
21378,יהודה שטיין/גיבורי ישראל,מרכז,תל אביב,31.926467,34.857858,7,0.00023,4,3,4.969e-05,0.00109797,3016.1334,40.884340353291726
2072,אבא חושי/שבדיה,צפון,חיפה,32.766624,35.011775,6,0.000197,4,2,9.196e-05,0.00109782,2967.3047,24.143820880119428
8815,האדמור מלובאויטש/דרוק,ירושלים,ירושלים,31.810543,35.213754,5,0.000164,1,4,3.01e-05,0.00109736,4039.9651,82.45114281101506
13204,קניון עזריאלי/דרך מנחם בגין,מרכז,תל אביב,32.075726,34.791623,12,0.000394,8,4,9.67e-05,0.00109489,3940.7635,107.39794884373681
27128,קניון חוצות/כצנלסון,מרכז,פריפריה,31.661464,34.58837,5,0.000164,1,4,5.798e-05,0.00109392,2639.18,24.670212444307836
5279,מועצה אזורית עמק הירדן,צפון,פריפריה,32.705269,35.584118,4,0.000131,2,2,4.752e-05,0.00109332,1986.0825,130.83501487753045
17853,קאנא אלג'ליל,צפון,פריפריה,32.75075,35.340516,4,0.000131,2,2,6.418e-05,0.00109245,2705.5146,56.48060283181241
5280,מפעלים אזוריים צמח,צפון,פריפריה,32.702057,35.586707,4,0.000131,2,2,3.97e-05,0.00109209,1865.0418,170.90662786598807
10816,צומת ליאון שריגים,מרכז,פריפריה,31.672442,34.936043,5,0.000164,2,3,4.386e-05,0.00109168,3545.4618,87.26026904268929
15641,זרובבל/העצמאות,מרכז,תל אביב,32.073799,34.884312,3,9.8e-05,2,1,9.32e-06,0.0010911,2297.9331,120.14923066532232
43771,שדרות יחד שבטי ישראל/הרב אלישיב,מרכז,תל אביב,31.93504,34.896984,6,0.000197,5,1,2.617e-05,0.00109095,3511.8611,132.33678160601258
19908,דרך העצמאות/מסריק,צפון,פריפריה,33.014816,35.102809,2,6.6e-05,1,1,2.381e-05,0.00108804,1978.9043,133.92268257545555
4224,מחלף גולני/לכיוון מערב,צפון,פריפריה,32.773505,35.405752,5,0.000164,1,4,3.111e-05,0.00108536,3720.7485,162.2079065466754
37203,אלקודס/כיכר השעון,צפון,חיפה,32.855448,35.186428,4,0.000131,1,3,6.502e-05,0.00108438,2400.4919,131.4389523364079
7545,שד. יחזקאל/רב ושמואל,מרכז,תל אביב,31.93854,35.037621,7,0.00023,2,5,5.405e-05,0.00108389,3576.3932,103.18966832556949
18286,צומת חירם,צפון,פריפריה,33.02573,35.405574,2,6.6e-05,1,1,3.748e-05,0.00108289,2270.3569,80.07793231460288
44038,קידמה/תנופה,מרכז,פריפריה,32.461896,35.053225,4,0.000131,3,1,4.812e-05,0.00108256,2923.8268,78.20154366626572
10021,מועצה,ירושלים,ירושלים,31.793757,35.145697,7,0.00023,3,4,3.636e-05,0.00108045,3648.9645,28.307145370210126
2498,לאון בלום/חנה סנש,צפון,חיפה,32.799527,35.000669,3,9.8e-05,1,2,2.961e-05,0.0010777,2497.8103,111.49638702979014
13322,המסגר/הרכב,מרכז,תל אביב,32.06366,34.78558,27,0.000886,19,8,0.00016694,0.00107721,3937.6274,59.30829646906788
36363,ת.מרכזית תל אביב קומה 6/רציפים,מרכז,תל אביב,32.055908,34.779085,4,0.000131,0,4,5.11e-06,0.00107535,3712.4735,0.0
26155,שדרות ירושלים/שדרות משה דיין,מרכז,פריפריה,31.796304,34.638218,8,0.000263,4,4,5.19e-05,0.00107506,2877.3937,23.669729100674044
1760,מסעף משירפה,צפון,פריפריה,32.551622,35.165088,7,0.00023,3,4,5.154e-05,0.00107457,3493.9428,150.33989426226702
26969,חפץ חיים/רפאל אלנקווה,דרום,באר שבע,31.306397,34.626975,4,0.000131,1,3,6.645e-05,0.00107179,2208.6658,43.53786732991325
1726,צומת נחשולים,צפון,חיפה,32.60634,34.951755,4,0.000131,2,2,1.188e-05,0.00107143,2987.6928,63.87104529840782
7251,אזור תעשיה סאסא,צפון,פריפריה,33.026994,35.401234,3,9.8e-05,1,2,4.478e-05,0.00106922,2128.0054,72.56044165283919
27777,צומת שובל,דרום,באר שבע,31.411149,34.746222,2,6.6e-05,1,1,1.63e-05,0.00106875,2843.9456,112.78912488698592
16103,הרצל/ויצמן,מרכז,תל אביב,31.81843,34.77317,7,0.00023,5,2,5.163e-05,0.00106532,3462.2241,123.1091058235195
5313,אלחדיף/טבור הארץ,צפון,פריפריה,32.792771,35.534888,10,0.000328,3,7,0.00010787,0.00106528,2652.7397,23.4849702281123
26890,בורנשטיין/הפארק,דרום,פריפריה,30.989081,34.915719,8,0.000263,6,2,7.672e-05,0.00106479,3396.7156,66.50702660875349
4242,מחלף טורען,צפון,פריפריה,32.764204,35.374865,5,0.000164,3,2,8.677e-05,0.00106468,3306.7297,118.83331773285055
11282,נחל שורק/נחל ניצנים,ירושלים,פריפריה,31.714783,34.988739,8,0.000263,5,3,4.474e-05,0.00106341,2544.7885,61.066156958689554
2071,אבא חושי/דניה,צפון,חיפה,32.769872,35.006868,8,0.000263,5,3,6.354e-05,0.00106332,2938.638,62.60289053914497
1154,צומת פל ים,מרכז,פריפריה,32.479664,34.91953,4,0.000131,3,1,7.695e-05,0.00106308,3073.5502,142.68617478746378
15193,צומת בחן,מרכז,פריפריה,32.350537,35.013347,8,0.000263,4,4,5.735e-05,0.00106112,2814.9834,148.37057551736902
745,קניון ערים/וייצמן,מרכז,תל אביב,32.176261,34.903576,7,0.00023,5,2,0.00012881,0.0010607,3345.9502,33.164340816196415
7568,מסילת ישרים/בית תא שמע,מרכז,תל אביב,31.930068,35.037771,5,0.000164,3,2,2.248e-05,0.00106011,3142.629,96.19282285507175
24181,מחלף גנות/כביש 4,מרכז,תל אביב,32.022506,34.823832,4,0.000131,1,3,1.754e-05,0.00106004,3833.6161,58.0075423393952
4878,צומת תבור,צפון,פריפריה,32.66268,35.393026,7,0.00023,3,4,6.296e-05,0.00106001,3263.0185,86.13070090852428
24481,מרכז דוד/הנביאים,מרכז,תל אביב,32.184174,34.938371,5,0.000164,2,3,4.659e-05,0.00105976,2803.993,25.158595165209782
17650,דרך העצמאות/טרומפלדור,צפון,פריפריה,33.018066,35.103532,4,0.000131,2,2,3.58e-05,0.00105974,1858.051,166.85392244976887
15640,יעקב זרובבל/471,מרכז,תל אביב,32.069645,34.885269,3,9.8e-05,1,2,1.268e-05,0.00105964,2130.0183,83.53766033705064
21340,מרכז בריאות/שדרות יצחק רבין,מרכז,תל אביב,31.936306,34.83191,5,0.000164,2,3,3.93e-05,0.00105961,2961.8752,97.66713002120962
20522,מסעף נופית,צפון,חיפה,32.739191,35.136186,6,0.000197,3,3,1.301e-05,0.00105344,3502.7304,84.84745131168346
3368,סחרוב,צפון,חיפה,32.790059,34.959315,16,0.000525,12,4,6.587e-05,0.00105259,3363.7635,110.82663797828415
1566,צומת נרבתה,מרכז,פריפריה,32.450409,35.019545,6,0.000197,3,3,3.635e-05,0.00105161,3182.9175,141.06071390461918
23619,קק''ל/כצנלסון,מרכז,תל אביב,32.023597,34.755204,5,0.000164,2,3,2.618e-05,0.00105057,2884.6211,42.30154437279247
949,החרושת/ויצמן,מרכז,תל אביב,32.19311,34.880992,5,0.000164,2,3,7.204e-05,0.00104958,2896.4516,57.21289318753293
16380,היצירה/האופן,מרכז,תל אביב,32.096792,34.850959,6,0.000197,2,4,3.265e-05,0.00104441,3221.3015,17.21996841645023
19411,המעיין,צפון,פריפריה,32.743883,35.337964,6,0.000197,3,3,3.474e-05,0.00104413,2475.834,42.752699321268665
22254,כביש 431/חשמונאים,ירושלים,תל אביב,31.894236,35.00059,10,0.000328,6,4,1.922e-05,0.00104373,3702.6644,126.30355042541714
9844,ברזני/רובוביץ',ירושלים,ירושלים,31.743018,35.238277,4,0.000131,1,3,5.439e-05,0.00104178,2792.4851,39.26590380805625
18034,עירייה,צפון,פריפריה,33.011545,35.284609,8,0.000263,4,4,5.42e-05,0.00103873,2219.377,14.310189922310586
16462,שדרות ירושלים/הקישון,מרכז,תל אביב,31.886897,34.733563,4,0.000131,1,3,8.156e-05,0.00103826,3568.4904,74.73641019710976
14038,הרב בן יעקב/בר יוחאי,מרכז,תל אביב,32.077651,34.840089,7,0.00023,4,3,3.423e-05,0.0010378,3889.9468,36.65714777924516
12125,צומת באר אורה/נמל תעופה רמון,דרום,פריפריה,29.7095,34.998237,4,0.000131,3,1,5.106e-05,0.00103759,2706.0625,96.59683503016137
4742,מסעף טמרה,צפון,פריפריה,32.648152,35.37368,4,0.000131,1,3,1.279e-05,0.00103523,2857.3218,136.26918173159473
29420,הראשונים/אוסישקין,מרכז,תל אביב,32.137437,34.839395,3,9.8e-05,1,2,2.891e-05,0.00103474,3222.7451,34.96124251607545
29581,מחלף נוף ים,מרכז,תל אביב,32.186154,34.81519,8,0.000263,5,3,5.26e-05,0.00103353,3495.6248,178.6219465965175
26616,צומת טללים,דרום,פריפריה,30.991221,34.762971,3,9.8e-05,2,1,6.334e-05,0.00103193,3074.0507,79.7834500618596
16003,צומת נחשונים,מרכז,תל אביב,32.069239,34.944847,10,0.000328,6,4,3.926e-05,0.00103141,3851.041,253.24118366947218
7347,קדושת לוי / הרב שך,ירושלים,ירושלים,31.701954,35.109109,8,0.000263,4,4,5.076e-05,0.00102962,2991.7292,49.36275624388893
27904,צומת קוממיות,מרכז,פריפריה,31.652526,34.764372,9,0.000295,3,6,4.553e-05,0.00102939,3765.7758,91.42086894710071
11969,מגדלי רמב''ם/טוביהו,דרום,באר שבע,31.246145,34.783544,6,0.000197,2,4,7.461e-05,0.00102739,3040.8266,120.57261184843634
5281,מסעף בית זרע,צפון,פריפריה,32.687523,35.582962,4,0.000131,2,2,4.339e-05,0.00102598,1754.6089,67.75501881049465
2084,חנקין/קומוי,צפון,חיפה,32.782206,35.013178,8,0.000263,4,4,6.216e-05,0.00102551,3643.5419,21.9578878099073
19773,מסעף דפנה,צפון,פריפריה,33.227068,35.639756,4,0.000131,2,2,3.853e-05,0.00102199,1546.9582,134.33157823498564
5489,הכיכר מע'אר,צפון,פריפריה,32.886637,35.411604,7,0.00023,4,3,5.52e-05,0.00102177,2247.7082,81.11070774240444
932,בורוכוב/וייצמן,מרכז,תל אביב,32.192594,34.877273,7,0.00023,3,4,4.192e-05,0.00101989,2771.1726,118.97598798780908
43819,צומת לכיש למזרח,מרכז,פריפריה,31.584783,34.83863,6,0.000197,4,2,2.591e-05,0.00101694,3951.6179,92.20736968151202
9339,הרצוג/ניות,ירושלים,ירושלים,31.766476,35.20425,6,0.000197,4,2,4.124e-05,0.00101574,3610.8324,42.91680414404548
6450,נטועה מרכז,צפון,פריפריה,33.064583,35.322483,4,0.000131,2,2,4.787e-05,0.00101285,1808.8298,527.4268991912147
15826,צומת חמד,מרכז,תל אביב,32.012415,34.843015,6,0.000197,3,3,3.559e-05,0.00101236,3759.6665,154.87704881821563
22914,צומת טייבה,מרכז,תל אביב,32.271203,35.003142,4,0.000131,2,2,1.643e-05,0.00101224,2530.0761,86.30279649062167
28419,בית ספר אל הוזייל,דרום,באר שבע,31.407537,34.75062,3,9.8e-05,1,2,1.367e-05,0.00101173,2802.6561,87.02725787287957
47934,שדרות האמוראים/תלמוד בבלי,מרכז,פריפריה,31.699919,34.976078,4,0.000131,2,2,4.888e-05,0.00101161,3059.0642,112.89537779758453
15989,צומת ניר גלים,מרכז,תל אביב,31.828763,34.685773,7,0.00023,6,1,8.934e-05,0.00100977,4008.9606,148.55100833259198
44546,הרב פנחס מילר/הרב אהרן לייב שטיינמן,צפון,פריפריה,32.729085,35.343439,5,0.000164,2,3,1.983e-05,0.00100975,3197.7853,38.94109111123161
5319,צומת כפר חיטים,צפון,פריפריה,32.79604,35.517792,4,0.000131,2,2,5.069e-05,0.00100624,3211.6265,114.11303741465377
15224,מכון וינגייט/כביש 2 לצפון,מרכז,תל אביב,32.262298,34.83878,7,0.00023,4,3,5.861e-05,0.00100551,3794.2257,108.81442131628042
47835,ת. מרכזית קרית גת/רציפים,מרכז,פריפריה,31.609009,34.770283,9,0.000295,7,2,7.019e-05,0.00100542,3112.1482,0.0
49012,מחלף הרצליה מזרח למערב,מרכז,תל אביב,32.180322,34.851367,4,0.000131,2,2,1.06e-05,0.00100507,3606.3028,68.92088276154368
44526,ששת הימים/דקר,דרום,באר שבע,31.269284,34.76702,3,9.8e-05,2,1,1.007e-05,0.00100482,3172.9575,73.19247270301247
38965,מעלה יצחק/הרב פינחס מילר,צפון,פריפריה,32.72875,35.341176,10,0.000328,4,6,1.959e-05,0.0010037,3099.8962,77.71865581558191
487,כביש 562/האנפה,מרכז,תל אביב,32.266652,34.919281,6,0.000197,4,2,3.283e-05,0.00100344,2728.0714,115.84675595065127
47890,ת. מרכזית יבנה/רציפים,מרכז,תל אביב,31.890474,34.732193,7,0.00023,2,5,1.721e-05,0.001003,3652.0001,0.0
5309,מסעף אזור תעשיה,צפון,פריפריה,32.779064,35.498634,5,0.000164,2,3,1.901e-05,0.00100199,3450.1869,107.207697848337
14213,משטרה/טרומפלדור,מרכז,תל אביב,32.136843,34.84333,4,0.000131,2,2,6.66e-05,0.0010016,2889.7746,79.32395789867509
27129,קניון חוצות/כצנלסון,מרכז,פריפריה,31.661489,34.588629,4,0.000131,3,1,8.718e-05,0.00100157,2854.2013,24.670212444307836
13136,תיכון חדש רבין/דרך נמיר,מרכז,תל אביב,32.090293,34.795303,9,0.000295,3,6,9.745e-05,0.00100111,3870.4021,125.63894811722481
10406,מאיר גרשון/דב סדן,ירושלים,ירושלים,31.819509,35.247605,3,9.8e-05,1,2,1.145e-05,0.00100105,2498.8875,72.20625430834689
43818,צומת לכיש למערב,מרכז,פריפריה,31.584803,34.837088,8,0.000263,4,4,8.409e-05,0.00099989,3765.9367,78.24732939904226
49657,בי''ס יסודות וחט''ב/ביר באקה,מרכז,פריפריה,32.412537,35.032836,2,6.6e-05,1,1,3.403e-05,0.00099977,3351.8074,94.92483213482993
25491,ששת הימים/דקר,דרום,באר שבע,31.268353,34.767311,4,0.000131,2,2,5.747e-05,0.00099881,2913.1225,31.16301901931232
14870,מרכז מסחרי,מרכז,תל אביב,32.306113,34.90841,7,0.00023,4,3,4.454e-05,0.00099818,2952.1538,254.9682470589033
46285,צומת ניר אליהו,מרכז,תל אביב,32.192159,34.952656,4,0.000131,3,1,2.339e-05,0.00099736,3191.1818,125.92576712918705
43571,שדרות ורדימון/ריה''ל,דרום,פריפריה,30.994343,34.940077,8,0.000263,6,2,5.009e-05,0.00099523,3548.246,64.69843833336078
18281,מסעף סאסא,צפון,פריפריה,33.024025,35.391661,6,0.000197,3,3,5.681e-05,0.00099491,2013.9438,125.65527289219432
36290,ת.מרכזית תל אביב קומה 6/רציפים,מרכז,תל אביב,32.055908,34.779085,2,6.6e-05,0,2,5.11e-06,0.00099332,3446.6056,0.0
16543,הרב שלום שבזי / רמת הגולן,מרכז,תל אביב,32.086917,34.955635,7,0.00023,3,4,6.839e-05,0.00099286,3300.0221,17.598710514422464
21301,צומת בית רימון,צפון,פריפריה,32.762429,35.343493,4,0.000131,2,2,5.715e-05,0.0009919,3000.9366,123.81868526622347
25324,עלי בן אבו טאלב/ח'אלד אבן אל וליד,מרכז,תל אביב,32.114838,34.968368,7,0.00023,4,3,5.423e-05,0.0009907,3246.6083,129.04780036995245
38939,קניון בני ברק/אהרונוביץ,מרכז,תל אביב,32.091753,34.839268,14,0.00046,9,5,5.726e-05,0.0009898,3804.237,26.323624351561417
22046,צומת מודיעין מזרח,מרכז,תל אביב,31.910515,35.017141,12,0.000394,9,3,6.099e-05,0.00098628,3833.4388,139.29475981903138
14653,מרכז רפואי לניאדו/ילדים,מרכז,תל אביב,32.34627,34.855141,5,0.000164,2,3,4.522e-05,0.00098606,2881.4652,88.79181411030204
18560,מסעף שכונת כנען,צפון,פריפריה,32.971278,35.506868,5,0.000164,2,3,4.279e-05,0.00098518,2613.8319,106.48847469671786
27578,דרך מנחם בגין/הרצל,דרום,פריפריה,31.522919,34.594738,4,0.000131,2,2,4.27e-05,0.00098506,3293.4914,30.98244540257188
3900,דרך השלום/מרכז תל חנן,צפון,חיפה,32.77027,35.047258,10,0.000328,5,5,6.201e-05,0.00098397,3326.2216,24.685981972234988
9019,נחל שורק/נחל לכיש,ירושלים,פריפריה,31.714054,34.995407,3,9.8e-05,2,1,4.895e-05,0.00098265,2517.3752,87.15185131398988
25548,שדרות בני ברית/יצחק הנשיא,מרכז,פריפריה,31.799024,34.654841,3,9.8e-05,2,1,4.698e-05,0.00098247,3358.5621,73.3661995538223
13038,כהנמן/פוברסקי,מרכז,תל אביב,32.085001,34.840061,13,0.000427,8,5,8.177e-05,0.0009793,3727.2537,48.49433439866348
185,כפר רות,מרכז,פריפריה,31.910108,35.033964,4,0.000131,2,2,1.577e-05,0.00097917,3478.4775,636.7650924432655
20184,צומת יובלים,צפון,פריפריה,32.862768,35.269063,3,9.8e-05,2,1,7.103e-05,0.00097915,2206.5444,120.51637471085236
29416,קניון שבעת הכוכבים,מרכז,תל אביב,32.163327,34.82403,8,0.000263,4,4,9.429e-05,0.00097838,2815.4369,78.05076053248547
1048,בית חולים הלל יפה,מרכז,פריפריה,32.451454,34.89828,9,0.000295,3,6,5.041e-05,0.00097837,3520.147,33.39922689865838
16461,שדרות ירושלים/רותם,מרכז,תל אביב,31.883327,34.733661,6,0.000197,5,1,8.438e-05,0.00097773,3159.125,158.2459509329978
18822,צומת יאסיף,צפון,חיפה,32.912948,35.154975,4,0.000131,2,2,0.00011861,0.00097759,3003.0182,137.64013136347938
18773,מסעף אליקים למזרח,צפון,חיפה,32.635056,35.070059,5,0.000164,2,3,4.731e-05,0.00097504,3071.5144,129.53680573784405
27642,צומת עוצם,מרכז,פריפריה,31.634905,34.696521,4,0.000131,2,2,3.765e-05,0.00097382,3204.941,68.19458085219333
17653,דרך העצמאות/דוד בן גאון,צפון,פריפריה,33.025082,35.103653,5,0.000164,3,2,6.804e-05,0.00097358,1750.2256,123.99529509771911
1225,צומת בנימינה,צפון,פריפריה,32.518144,34.930064,8,0.000263,4,4,4.861e-05,0.00097336,3214.0292,103.84578872141192
2012,הציונות/שדרות הנשיא,צפון,חיפה,32.816355,34.980208,5,0.000164,2,3,2.922e-05,0.00097294,2250.5532,42.54951151617414
1722,צומת צרופה,צפון,חיפה,32.648199,34.958993,7,0.00023,3,4,5.981e-05,0.00097135,3073.5343,119.57286266993628
28963,אלחריזי /אבן גבירול,דרום,פריפריה,31.074347,35.042683,2,6.6e-05,1,1,1.553e-05,0.00097066,2120.1215,16.585585476318744
3146,ליאון בלום/רמב''ן,צפון,חיפה,32.801253,34.998495,2,6.6e-05,1,1,2.906e-05,0.00097,2730.9726,114.96946428194435
24431,בן יהודה/דרך הפועל,מרכז,תל אביב,32.183167,34.928792,6,0.000197,3,3,4.134e-05,0.00096875,2373.5435,86.32389928249512
20577,מרכז מסחרי/שדרות יצחק רבין,צפון,חיפה,32.643761,35.092285,7,0.00023,3,4,6.591e-05,0.00096742,2985.1762,136.30518856441154
7382,מעזריטש/חיי יצחק,ירושלים,ירושלים,31.702288,35.121916,7,0.00023,5,2,8.565e-05,0.00096729,3469.0345,20.067745664504045
179,דרך האורנים/ברוש,מרכז,תל אביב,31.92072,35.016294,3,9.8e-05,1,2,2.403e-05,0.00096709,3085.982,265.3500598994953
20105,צומת ג'וליס,צפון,חיפה,32.942005,35.163739,5,0.000164,3,2,4.383e-05,0.0009665,2307.4606,75.63863434325809
27660,צומת שער הנגב,דרום,פריפריה,31.507919,34.587597,7,0.00023,6,1,9.893e-05,0.00096564,3202.1831,99.72695454514984
40347,אשכול פיס,צפון,חיפה,32.849234,35.189857,2,6.6e-05,1,1,2.496e-05,0.00096523,2213.3925,95.12670095771064
51497,כביש 412/יהדות קנדה,מרכז,תל אביב,32.020083,34.861967,4,0.000131,2,2,8.87e-06,0.00096474,3515.335,158.23827548057614
28421,משטרת רהט,דרום,באר שבע,31.40372,34.754778,4,0.000131,2,2,3e-05,0.00096412,2561.1467,72.37141621405787
24881,החרמון/מצדה,מרכז,פריפריה,32.310168,34.964511,3,9.8e-05,2,1,1.916e-05,0.00096408,3117.4621,278.0330105115383
13428,ת. רכבת צומת חולון/לוי אשכול,מרכז,תל אביב,32.037502,34.777816,5,0.000164,2,3,4.066e-05,0.00096387,3469.9638,52.21212277487777
44201,שדרות דוד טוביהו/חיים נחמן ביאליק,דרום,באר שבע,31.245897,34.785982,3,9.8e-05,1,2,3.02e-05,0.00096199,2997.0944,113.09992971368904
2835,רופין/שמחה גולן,צפון,חיפה,32.790837,35.0034,4,0.000131,2,2,2.912e-05,0.00096161,3349.3516,129.00365760270014
14325,סינמה סיטי/כביש 2,מרכז,תל אביב,32.147632,34.803351,11,0.000361,6,5,0.00011394,0.00096047,3797.4395,67.82371707440223
1381,צומת עדה,צפון,פריפריה,32.511005,34.957873,4,0.000131,2,2,1.219e-05,0.00096036,2538.232,98.49958362768277
2263,בן עמי/הרצוג,צפון,חיפה,32.808889,35.129126,3,9.8e-05,2,1,4.47e-05,0.00095947,1464.2033,45.00199612979735
14612,צומת אודים,מרכז,תל אביב,32.269883,34.846061,12,0.000394,6,6,4.8e-05,0.00095764,3744.0458,93.76514753637576
1404,בית אריזה/דרך פיק''א,מרכז,פריפריה,32.452703,34.962711,3,9.8e-05,1,2,3.398e-05,0.00095645,2959.3729,101.9699264580056
36912,הפרדס/משמר הגבול,מרכז,פריפריה,32.427662,34.941325,4,0.000131,2,2,1.986e-05,0.00095591,2633.0888,91.95767881571687
11119,מחלף מסילת ציון,ירושלים,ירושלים,31.798378,35.014456,10,0.000328,7,3,4.517e-05,0.00095494,4214.7124,44.11890158049921
11208,צומת חמד,ירושלים,ירושלים,31.800399,35.124366,6,0.000197,4,2,8.885e-05,0.00095464,4143.603,69.03741491051251
16930,צומת כרכור,מרכז,פריפריה,32.465582,34.993333,3,9.8e-05,2,1,1.086e-05,0.00095298,3392.5339,117.32991481234876
21176,בריאות המשפחה,צפון,פריפריה,32.740207,35.335819,2,6.6e-05,1,1,6.01e-06,0.00094944,2461.8793,10.236027532404275
48190,ת.מרכזית באר שבע/רציפים בינעירוני,דרום,באר שבע,31.243017,34.796743,3,9.8e-05,0,3,5.11e-06,0.00094794,3253.0715,0.0
9697,מלכי ישראל/תחכמוני,ירושלים,ירושלים,31.789941,35.213136,8,0.000263,6,2,3.428e-05,0.00094776,3772.0414,153.98990969546762
18925,צומת שורשים,צפון,פריפריה,32.889431,35.25786,4,0.000131,2,2,5.879e-05,0.00094716,2644.8688,114.6372860660368
18568,צומת א.תעשיה תרדיון,צפון,פריפריה,32.864774,35.279949,4,0.000131,2,2,8.307e-05,0.00094692,2056.5296,124.12812810907045
49168,עבד אלחמיד שומאן/ אום כולתום,ירושלים,ירושלים,31.829433,35.224337,5,0.000164,3,2,2.621e-05,0.00094682,3762.9836,177.05970543572957
37112,מחלף דרור,מרכז,תל אביב,32.255691,34.892981,5,0.000164,3,2,4.36e-05,0.00094638,3348.0949,99.36304319492362
21308,צומת נהלל,צפון,חיפה,32.700889,35.207125,6,0.000197,3,3,8.373e-05,0.00094604,2455.04,121.0421044330053
11071,שדרות לוי אשכול/הגלעד,ירושלים,פריפריה,31.747767,34.998841,10,0.000328,6,4,7.414e-05,0.00094386,3797.8351,23.845069353389338
34348,מחסום,מרכז,תל אביב,32.184185,34.99786,5,0.000164,3,2,3.73e-05,0.00094352,3378.2759,84.95070941569854
27550,דרך יוסף ג'ו אלון/שמעון אגרנט,דרום,באר שבע,31.240903,34.762846,5,0.000164,2,3,2.799e-05,0.00094343,2078.7461,142.91283839156472
1294,יגור/כפר חסידים,צפון,חיפה,32.74678,35.078856,5,0.000164,2,3,7.275e-05,0.00094329,3584.193,35.0326802994462
50041,אורט אחווה גלבוע/כביש 716,צפון,פריפריה,32.623815,35.400291,3,9.8e-05,2,1,1.595e-05,0.00094247,2598.121,114.94539218934513
1469,אורט ביאליק/שדרות ההסתדרות,צפון,חיפה,32.815284,35.074972,4,0.000131,1,3,6.312e-05,0.00094208,3009.2913,11.26036130062269
28918,ששת הימים/שמואל רודנסקי,דרום,באר שבע,31.271247,34.765025,4,0.000131,2,2,2.228e-05,0.00094202,2850.9244,72.62776227395862
1328,המסילה/מלאכי,מרכז,פריפריה,32.477792,34.953572,4,0.000131,2,2,2.893e-05,0.000942,2374.0629,27.146228190274496
28268,מסגד אלאחסאן,דרום,באר שבע,31.393227,34.763004,8,0.000263,4,4,9.154e-05,0.00094173,2376.0076,35.402884434403546
16403,צומת סירקין/עין גנים,מרכז,תל אביב,32.082223,34.90137,4,0.000131,2,2,6.833e-05,0.00094125,3320.8932,96.91107825440591
27560,דרך יוסף ג'ו אלון/תבורי,דרום,באר שבע,31.24411,34.780935,5,0.000164,3,2,2.704e-05,0.00094111,2715.0979,111.72714849030474
34431,קרני שומרון/יציאה,מרכז,פריפריה,32.175448,35.093034,8,0.000263,2,6,2.618e-05,0.00094082,3550.2163,22.42760972278624
3705,בית ספר אורט,צפון,חיפה,32.682991,35.067217,4,0.000131,2,2,3.4e-05,0.00094021,3183.2224,25.06314562830952
49054,הרב עובדיה יוסף/הרב אלעזר אבוחצירה,דרום,פריפריה,31.070932,35.047762,2,6.6e-05,1,1,1.224e-05,0.00093824,1976.67,69.33687913478208
385,הרב מיימון/מוריה,מרכז,תל אביב,32.345629,34.860975,4,0.000131,2,2,4.706e-05,0.00093782,3211.3524,21.0663769256963
12145,מלון קלאב הוטל/דרך מצריים,דרום,פריפריה,29.548888,34.952467,4,0.000131,2,2,3.602e-05,0.0009371,2704.5956,21.364866842188015
5282,מסעף שער הגולן,צפון,פריפריה,32.683344,35.581801,3,9.8e-05,2,1,4.671e-05,0.00093647,1657.2067,96.84809206364292
22041,בן ציון פוגל/בית ספר קציר,מרכז,תל אביב,31.89249,34.798339,5,0.000164,2,3,1.885e-05,0.00093635,2987.4571,20.77241102665906
5807,צ. פארק תעשייה/שד. הנשיא הרצוג,צפון,פריפריה,33.018381,35.269121,4,0.000131,2,2,2.985e-05,0.00093612,2070.2927,104.19314160859194
39146,כביש 8510/שדרות מנוף,צפון,חיפה,32.943451,35.086608,6,0.000197,3,3,3.153e-05,0.0009359,2517.9275,142.62779144964202
16203,דרך זאב ז'בוטינסקי/הסיבים,מרכז,תל אביב,32.092078,34.85802,9,0.000295,4,5,7.773e-05,0.00093443,3428.4625,98.24106739639599
180,שקד/האורנים,מרכז,תל אביב,31.922468,35.01438,2,6.6e-05,1,1,2.23e-05,0.00093431,2777.4297,265.3500598994953
49798,מסוף מודיעין עילית,מרכז,תל אביב,31.935834,35.03744,4,0.000131,0,4,5.11e-06,0.00093421,3937.0191,0.0
38659,צומת יער חדרה,מרכז,פריפריה,32.40895,34.903447,6,0.000197,3,3,4.733e-05,0.00093268,3379.4806,119.05179416865157
40349,בית ספר ב',צפון,חיפה,32.849124,35.19246,2,6.6e-05,1,1,2.613e-05,0.00093237,2056.9819,37.85848987550827
47810,מסוף חצור הגלילית/רציפים,צפון,פריפריה,32.98083,35.556268,6,0.000197,1,5,1.146e-05,0.00093233,3201.0367,0.0
714,פנחס לבון/גולדה מאיר,מרכז,תל אביב,32.278938,34.851073,8,0.000263,3,5,5.516e-05,0.00093228,3827.6752,22.789269055066963
50485,מכון וינגייט/כביש 2 לדרום,מרכז,תל אביב,32.261481,34.838143,7,0.00023,3,4,8.234e-05,0.00093023,3620.8033,108.81442131628042
17468,מינץ/הרצוג,צפון,חיפה,32.809005,35.130165,4,0.000131,2,2,5.529e-05,0.00092794,1397.7504,97.95512103751737
11153,מסעף גבעת יערים,ירושלים,ירושלים,31.782508,35.10867,2,6.6e-05,1,1,2.341e-05,0.00092608,2467.5545,108.0778116512603
4088,צומת ברטעה,מרכז,פריפריה,32.499661,35.067229,7,0.00023,4,3,9.427e-05,0.00092532,3755.6108,107.38937972997962
38617,המייסדים/נעורים,מרכז,פריפריה,32.468956,34.990003,6,0.000197,4,2,6.931e-05,0.00092478,3034.0137,191.28601776676732
1412,גבעת נאה,מרכז,פריפריה,32.458415,34.964968,2,6.6e-05,1,1,3.341e-05,0.00092358,2680.2428,11.314826633687161
44145,קניון חוצות/התחייה,מרכז,פריפריה,31.660111,34.588686,3,9.8e-05,2,1,3.177e-05,0.00092146,2430.3686,64.75868865975502
15582,שד. הסנהדרין/שד. ירושלים,מרכז,תל אביב,31.887865,34.734514,7,0.00023,5,2,2.465e-05,0.00092125,3658.2782,92.38485665751367
21061,ביג פאשן/עיריית נצרת,צפון,פריפריה,32.695857,35.299744,6,0.000197,2,4,3.135e-05,0.00092066,2696.7308,92.05073817652966
24035,קניון בת ים/יוספטל,מרכז,תל אביב,32.015565,34.755262,7,0.00023,5,2,2.432e-05,0.00092037,3085.7657,107.19749609670565
15435,הרצל/רוטרי,מרכז,תל אביב,31.893195,34.812065,8,0.000263,4,4,0.00011363,0.00092005,3386.2224,96.47810436293874
20207,צומת זרזיר,צפון,חיפה,32.734726,35.210763,5,0.000164,2,3,3.752e-05,0.00091878,3613.7639,83.97904446696165
5518,מסעף מוסד אחווה,צפון,חיפה,32.933775,35.082198,8,0.000263,4,4,5.966e-05,0.00091679,2682.2061,72.31827410287072
2136,גאולה/רבי עקיבא,צפון,חיפה,32.802606,35.000393,5,0.000164,3,2,3.067e-05,0.00091673,3371.9717,67.26944875975651
2410,תחנת רכבת חיפה מרכז השמונה,צפון,חיפה,32.820918,34.99685,9,0.000295,5,4,2.47e-05,0.0009161,3115.1936,42.039492812216054
10784,ירמיהו/מנחת יצחק,ירושלים,ירושלים,31.792098,35.210971,10,0.000328,7,3,4.558e-05,0.00091595,3539.8039,21.641527554354603
50042,צומת נאעורה/כביש 716,צפון,פריפריה,32.61728,35.398769,3,9.8e-05,1,2,1.875e-05,0.00091414,2387.177,127.33279776045369
20372,בית ספר מאר אליאס,צפון,חיפה,32.818811,35.192301,7,0.00023,1,6,4.072e-05,0.00091286,2808.0466,100.61278365948853
23642,מזכרת בתיה/כניסה מזרחית,מרכז,תל אביב,31.846297,34.838447,6,0.000197,4,2,5.364e-05,0.00091139,3344.1663,172.47321245337181
19798,תל חי/רש''י,צפון,פריפריה,33.219877,35.572785,7,0.00023,4,3,4.529e-05,0.00091108,2074.3518,165.590221757974
27817,צומת מחנה שדה תימן,דרום,באר שבע,31.296162,34.713571,7,0.00023,3,4,7.59e-05,0.00091093,2990.1681,147.03351873000835
15351,עמק האלה/דרך שיבא,מרכז,תל אביב,32.050546,34.843001,8,0.000263,5,3,4.361e-05,0.0009109,3741.4109,69.9765112115461
26631,כלא נפחא,דרום,פריפריה,30.725752,34.774853,4,0.000131,2,2,4.678e-05,0.00090953,2914.9602,190.90615939967677
27705,צומת פדויים,דרום,באר שבע,31.321318,34.615211,2,6.6e-05,1,1,1.658e-05,0.00090881,2804.4717,126.02742517128702
24015,ירושלים/דניאל,מרכז,תל אביב,32.02596,34.749653,5,0.000164,2,3,3.55e-05,0.00090791,2628.8042,102.1691111599179
28731,מסעף נבטים/כביש 25,דרום,באר שבע,31.216851,34.876133,4,0.000131,2,2,3.771e-05,0.00090711,3263.8597,267.64486859421254
28272,חממות,דרום,באר שבע,31.383827,34.732303,5,0.000164,2,3,9.291e-05,0.00090559,2237.0706,25.539299438801535
23113,צומת רמלה צפון,מרכז,תל אביב,31.938155,34.866621,9,0.000295,4,5,6.193e-05,0.00090547,3247.6627,90.25505944574434
47907,ת. מרכזית יבנה/רציפים,מרכז,תל אביב,31.890474,34.732193,6,0.000197,3,3,2.8e-05,0.00090473,3755.5434,0.0
8871,יצחק הנדיב/ואדי ג'וז,ירושלים,ירושלים,31.794711,35.236274,13,0.000427,5,8,5.367e-05,0.00090415,3193.7307,65.63234146755006
5283,צומת אפיקים,צפון,פריפריה,32.678711,35.580494,4,0.000131,1,3,4.536e-05,0.0009041,1572.2621,112.756606261856
774,צומת חניאל,מרכז,פריפריה,32.319805,34.940005,6,0.000197,4,2,0.00010607,0.00090379,2855.1055,124.57000130955137
19074,צומת עילבון דרום,צפון,פריפריה,32.830019,35.407333,2,6.6e-05,1,1,9.81e-06,0.00090163,2910.5823,68.98246016161808
417,העצמאות/נרקיסים,מרכז,תל אביב,32.274281,34.88719,14,0.00046,10,4,5.703e-05,0.00090154,3210.0457,22.62810277941868
22864,קניון רננים/התעשייה,מרכז,תל אביב,32.19633,34.878194,6,0.000197,3,3,9.218e-05,0.00090132,2868.1579,57.12515898793232
40391,אל ג'בל,צפון,חיפה,32.849778,35.194709,3,9.8e-05,1,2,2.657e-05,0.00090117,1924.9824,35.132429764313734
27458,בן יהודה/עולי הגרדום,מרכז,פריפריה,31.646242,34.556831,9,0.000295,3,6,7.325e-05,0.00090096,2292.2933,97.5876836026637
7779,צומת מישור אדומים,מרכז,ירושלים,31.804042,35.324179,4,0.000131,1,3,8.204e-05,0.00090082,3274.8818,122.37556511056833
5295,צומת שאן,צפון,פריפריה,32.506908,35.518789,5,0.000164,1,4,5.117e-05,0.00089918,1442.584,106.79430883573276
46720,חוה ארציאלי/אל מדינה אל מונאוורה,ירושלים,ירושלים,31.742687,35.234183,3,9.8e-05,2,1,4.239e-05,0.00089912,2472.8906,148.49325191982277
16162,ירושלים/חשמונאים,מרכז,פריפריה,31.7816,34.688469,4,0.000131,2,2,5.89e-05,0.00089843,3638.0682,106.47735037239737
1766,מסעף שפרעם צפון,צפון,חיפה,32.821535,35.149518,5,0.000164,4,1,2.384e-05,0.00089618,3173.8565,98.18054448593392
15883,מחלף פתח תקווה דרום לצפון,מרכז,תל אביב,32.069101,34.903747,8,0.000263,6,2,9.662e-05,0.00089575,3827.7178,139.88189265724313
19969,מסעף כפר בלום צפון,צפון,פריפריה,33.186586,35.612579,5,0.000164,3,2,2.358e-05,0.00089546,1933.0223,124.86377641101659
708,הרב הרצוג/שד. ניצה,מרכז,תל אביב,32.342351,34.853866,5,0.000164,3,2,3.844e-05,0.00089417,3214.8429,140.0028719088614
16513,דרך מנחם בגין/הפרחים,מרכז,תל אביב,32.096958,34.965021,6,0.000197,5,1,5.968e-05,0.00089379,3012.6332,21.662989085212374
3306,מנחם בגין/זקומטי,צפון,חיפה,32.805721,35.133429,2,6.6e-05,1,1,3.253e-05,0.00089319,1333.2995,99.17796565966253
3747,בליטנטל/סייפן,צפון,חיפה,32.776874,35.001438,4,0.000131,2,2,3.349e-05,0.00089309,2664.8406,125.22365858162973
11151,איילת חן/מרבד הקסמים,ירושלים,ירושלים,31.78394,35.101617,3,9.8e-05,1,2,3.893e-05,0.000893,2272.3874,364.1120613382137
1158,כיכר צ'רנין/כביש 6511,צפון,פריפריה,32.503389,34.918474,4,0.000131,3,1,7.151e-05,0.00089212,3101.0092,116.42839068403521
1420,דרך פיק''א/שלומציון המלכה,מרכז,פריפריה,32.465819,34.967842,3,9.8e-05,2,1,3.453e-05,0.00089201,2457.499,64.173904187595
24755,הרצל/תרמ''ב,מרכז,תל אביב,31.966379,34.802881,9,0.000295,5,4,3.946e-05,0.00089134,3805.8717,23.841818864328854
5709,שדרות מנחם בגין,צפון,פריפריה,32.797267,35.52264,8,0.000263,3,5,9.267e-05,0.00089102,2701.3804,23.60322961592894
24239,בית לוינשטיין/אחוזה,מרכז,תל אביב,32.184719,34.855067,8,0.000263,7,1,9.94e-05,0.0008908,2554.9768,75.42444148089677
19004,מסעף שאר יישוב,צפון,פריפריה,33.229243,35.643398,3,9.8e-05,1,2,4.36e-05,0.00089012,1470.0209,134.44219069940317
2651,העצמאות/הילל,צפון,חיפה,32.802423,35.103737,5,0.000164,1,4,3.32e-05,0.00088915,3584.9905,100.0022515399945
18224,כיכר חורפיש,צפון,פריפריה,33.015894,35.343828,6,0.000197,2,4,5.351e-05,0.00088834,1928.6372,22.889270751987993
15563,דרך השבעה/קפלן,מרכז,תל אביב,32.019032,34.808004,11,0.000361,8,3,0.00011991,0.00088732,3767.1277,146.32902988925562
26433,שד. ירושלים/חפץ חיים,דרום,פריפריה,31.423214,34.59679,7,0.00023,2,5,5.684e-05,0.00088722,3583.6674,60.20718075837559
9020,נחל שורק/נחל נחשון,ירושלים,פריפריה,31.714694,34.994298,2,6.6e-05,1,1,4.719e-05,0.00088651,2317.5199,19.322493127224313
13093,מגרשי הטניס/בכור שטרית,מרכז,תל אביב,32.106365,34.816519,4,0.000131,3,1,2.249e-05,0.00088505,2947.1891,230.79518799466393
5759,צומת עילבון צפון,צפון,פריפריה,32.839454,35.398059,6,0.000197,4,2,4.857e-05,0.00088471,2451.4404,107.80310362847142
7486,כנסת מרדכי/הרב אבא שאול,מרכז,ירושלים,31.694539,35.104967,6,0.000197,3,3,6.248e-05,0.00088437,2974.8129,36.58640951632497
11760,נוף ציון א',ירושלים,ירושלים,31.753159,35.242271,6,0.000197,3,3,4.076e-05,0.00088366,2288.0831,10.087587264122257
19434,אל-ואדי אל-ג'ואני/שכונת דבס,צפון,פריפריה,32.701678,35.294096,4,0.000131,2,2,2.115e-05,0.00088122,1937.0889,47.03711612608261
24335,צומת רחובות מזרח,מרכז,תל אביב,31.888871,34.835695,5,0.000164,3,2,3.304e-05,0.00088095,3572.7614,101.40981704857273
13492,דרך קיבוץ גלויות/אבולעפיה,מרכז,תל אביב,32.05174,34.768304,4,0.000131,2,2,1.701e-05,0.00088071,3105.7711,27.03367711065683
264,בית חרושת טבע,מרכז,תל אביב,32.285635,34.862489,8,0.000263,7,1,0.00012216,0.0008796,3523.2209,28.092100606254004
19003,מסעף דפנה,צפון,פריפריה,33.22756,35.641075,5,0.000164,3,2,5.993e-05,0.00087921,1547.1043,134.33157823498564
48346,דרך ג'ו יוסף אלון/שדרות יוהנה ז'בוטינסקי,דרום,באר שבע,31.243558,34.779953,5,0.000164,2,3,5.119e-05,0.00087866,2748.0671,88.05915271138686
17804,משתלת כברי,צפון,פריפריה,33.015892,35.155003,5,0.000164,3,2,0.0001012,0.00087839,1940.5504,132.57713573539974
17995,נשיאי ישראל/אורט בראודה,צפון,פריפריה,32.910615,35.280822,9,0.000295,2,7,5.267e-05,0.00087795,2818.8291,34.292850539202576
51430,מחלף קריית המודיעין/כביש 60 ,דרום,באר שבע,31.287038,34.871137,6,0.000197,4,2,9.663e-05,0.00087702,3638.9639,112.5375741491132
19083,שד' הבנים/העצמאות,צפון,פריפריה,32.680881,35.238792,5,0.000164,2,3,7.058e-05,0.00087697,3168.9923,81.27935825255125
17244,הדקל/הראשונים,צפון,פריפריה,32.517298,35.002463,4,0.000131,3,1,4.051e-05,0.00087694,2331.4874,41.580546963144506
27713,צומת רנן,דרום,באר שבע,31.318009,34.604511,2,6.6e-05,1,1,1.889e-05,0.00087618,2552.0051,149.07959209192185
38148,צומת בית הערבה החדש,מרכז,פריפריה,31.800796,35.475092,4,0.000131,2,2,4.004e-05,0.00087602,2509.8335,103.47991354032438
1914,מוריה/צפרירים,צפון,חיפה,32.797583,34.984206,4,0.000131,2,2,5.958e-05,0.00087584,1902.1532,18.69896739713976
27909,צומת נהורה/כביש 35,מרכז,פריפריה,31.646115,34.699123,9,0.000295,4,5,5.709e-05,0.00087568,3440.7368,97.22995601918576
21501,מרכז בריאות/יצחק רבין,מרכז,תל אביב,31.935488,34.831533,5,0.000164,3,2,3.452e-05,0.00087446,3169.8472,97.66713002120962
3115,שדרות בן גוריון/דקר,צפון,חיפה,32.838955,35.081754,3,9.8e-05,1,2,4.646e-05,0.00087235,2395.5829,26.752115704558104
4880,צומת תבור,צפון,פריפריה,32.661967,35.391753,6,0.000197,4,2,8.563e-05,0.0008723,3211.9733,96.06195037313366
16148,העצמאות/אבו חצירא,מרכז,תל אביב,31.871982,34.748531,4,0.000131,2,2,9.257e-05,0.00087149,2475.7712,49.88544725088343
1794,מרדכי/יהושע חנקין,צפון,חיפה,32.706966,35.121198,4,0.000131,3,1,3.615e-05,0.00087114,2769.1249,160.25414232667754
459,דרך הלורד\אבני,מרכז,תל אביב,32.248347,34.910543,8,0.000263,3,5,4.882e-05,0.00086962,2991.9142,495.8441716865739
18365,צה''ל/לח''י,צפון,פריפריה,32.964099,35.488561,12,0.000394,2,10,3.384e-05,0.00086932,3649.7978,98.2844260684399
21253,צומת עילבון מרכז,צפון,פריפריה,32.833701,35.396367,2,6.6e-05,1,1,1.344e-05,0.000869,2652.5272,141.07328539941966
50689,שמעון סוויסה/רמב''ם,ירושלים,ירושלים,31.797632,35.16351,2,6.6e-05,1,1,8.46e-06,0.00086864,3411.0962,32.57126490473582
9261,צומת נווה יעקב/דרך רמאללה,ירושלים,ירושלים,31.837828,35.229795,4,0.000131,3,1,4.042e-05,0.00086825,3662.502,88.72354142746215
4658,בית ספר מאיר/שדרות בגין,מרכז,פריפריה,32.493259,35.50387,6,0.000197,2,4,8.402e-05,0.0008679,1408.7117,19.98455272139494
7663,צומת כפר אדומים,מרכז,ירושלים,31.814308,35.34857,5,0.000164,3,2,9.394e-05,0.00086761,2932.7309,105.73217435826515
37713,השל''ה/משך חכמה,מרכז,תל אביב,31.931388,35.038908,8,0.000263,4,4,4.096e-05,0.00086649,3120.5709,10.265001239127809
26110,תחנת משטרת אשדוד/הנביאים,מרכז,פריפריה,31.779799,34.650054,6,0.000197,4,2,1.334e-05,0.00086644,3160.0714,38.56065433949597
28439,קופת חולים כללית,דרום,באר שבע,31.393281,34.76954,8,0.000263,4,4,8.668e-05,0.00086622,2459.7163,77.35533287968936
8580,אלמדינה אלמנורה/ביר אלעקבה,ירושלים,ירושלים,31.74132,35.234317,2,6.6e-05,1,1,3.47e-05,0.00086605,2275.0485,96.61535385062543
18861,צומת ראמה,צפון,פריפריה,32.932083,35.369299,7,0.00023,4,3,4.318e-05,0.00086571,3562.4445,109.63246392341672
25807,בני ברית/יהודה הלוי,מרכז,פריפריה,31.794133,34.651645,4,0.000131,2,2,3.365e-05,0.00086523,3051.1401,98.21933009768775
25597,שדרות הפלמח/חטיבת כרמלי,מרכז,פריפריה,31.804043,34.66108,11,0.000361,4,7,8.094e-05,0.00086417,3573.0211,33.341637512639146
24783,אילת/חצרים,מרכז,תל אביב,32.016556,34.764993,6,0.000197,3,3,6.217e-05,0.00086261,3078.7124,175.19232077307063
8693,דרוק/קהילות יעקב,ירושלים,ירושלים,31.813029,35.219342,9,0.000295,3,6,2.732e-05,0.00086253,4028.2988,59.77833464727154
19896,צומת מחניים,צפון,פריפריה,32.989969,35.562102,4,0.000131,2,2,1.382e-05,0.00086142,2873.2075,121.0682682862628
18319,מסעף ג'יש מרכז,צפון,פריפריה,33.021492,35.445511,2,6.6e-05,1,1,2.035e-05,0.00086079,2467.9668,70.7626114258691
898,קריית חינוך/אז''ר,מרכז,תל אביב,32.183877,34.909939,4,0.000131,2,2,2.941e-05,0.0008603,2728.0389,159.8996182676353
6254,מול פארק העמק/שדרות יצחק רבין,צפון,פריפריה,32.619571,35.309089,6,0.000197,2,4,9.109e-05,0.00086011,3408.5011,155.68244960154297
3305,הרר/היסמין,צפון,חיפה,32.803038,35.132867,2,6.6e-05,1,1,3.23e-05,0.00086011,1275.8172,10.065616054451555
16011,כביש 42/בית חנן,מרכז,תל אביב,31.935696,34.778269,4,0.000131,3,1,3.872e-05,0.00085941,3453.1227,154.4002504858008
13030,ראול ולנברג/משמר הירדן,מרכז,תל אביב,32.106733,34.830514,6,0.000197,5,1,6.804e-05,0.00085885,3015.5361,44.535332553410115
19078,כיכר ריינה/כביש 79,צפון,פריפריה,32.729368,35.322825,3,9.8e-05,2,1,1.592e-05,0.00085812,3422.13,151.90476319620427
20891,צומת נהלל,צפון,חיפה,32.701028,35.208408,6,0.000197,3,3,2.109e-05,0.00085759,2197.49,121.0421044330053
50955,מסעף קיבוץ דן,צפון,פריפריה,33.235221,35.651433,4,0.000131,3,1,4.457e-05,0.00085727,1402.0654,142.69430493434737
47878,ת. מרכזית המפרץ/רציפים בינעירוני,צפון,חיפה,32.793242,35.034178,3,9.8e-05,0,3,5.11e-06,0.00085646,3683.2548,0.0
48760,מרגולין/ישראל שמיד,מרכז,תל אביב,31.933523,34.812227,3,9.8e-05,2,1,1.921e-05,0.00085629,3980.3838,124.8899384872202
8467,צומת גבעת זאב,ירושלים,ירושלים,31.863243,35.172735,10,0.000328,4,6,3.045e-05,0.00085488,3998.1855,98.89206423113173
2494,בית ספר קרית עמל/קק''ל,צפון,חיפה,32.710801,35.121929,3,9.8e-05,2,1,2.564e-05,0.00085445,2768.3249,23.25033923742376
26915,מרכז הספורט אוניברסיטת בן גוריון,דרום,באר שבע,31.261391,34.806037,7,0.00023,3,4,3.969e-05,0.00085229,3336.4977,73.91294311832404
6721,אברהם בן שושן/פינסקר,צפון,חיפה,32.925512,35.09217,6,0.000197,3,3,4.845e-05,0.00085226,2655.3333,145.4641127085728
15575,מסעף עיינות,מרכז,תל אביב,31.915991,34.771318,5,0.000164,2,3,2.651e-05,0.0008516,3123.5312,162.22873228046203
26693,צומת הרוחות,דרום,פריפריה,30.660003,34.809773,7,0.00023,4,3,4.629e-05,0.00085073,2652.4567,73.12370680903445
43382,קניון אריאל/דרך רון נחמן,מרכז,פריפריה,32.10046,35.171726,5,0.000164,2,3,5.886e-05,0.00084997,3430.025,29.05098311724489
15413,צומת ניר גלים,מרכז,תל אביב,31.829161,34.687274,6,0.000197,2,4,5.255e-05,0.00084967,3871.789,148.55100833259198
27791,צומת מבקיעים,מרכז,פריפריה,31.618697,34.579765,7,0.00023,3,4,3.168e-05,0.00084932,2972.4811,159.39829587878108
21798,בית דגן/טרומפלדור,מרכז,תל אביב,32.005543,34.83152,10,0.000328,1,9,4.667e-05,0.00084907,4008.1918,327.6430524848825
28646,מסעף גת,מרכז,פריפריה,31.630719,34.798519,2,6.6e-05,1,1,2.154e-05,0.000849,3337.2032,46.08122841055772
28472,מכללת קיי/יהודה הלוי,דרום,באר שבע,31.27041,34.782122,6,0.000197,3,3,2.271e-05,0.00084864,3442.432,99.89529277670371
42453,היכל הספורט גולדברג/קוליץ,ירושלים,ירושלים,31.756534,35.182068,2,6.6e-05,1,1,8.83e-06,0.0008479,3100.5782,71.88157787079997
17566,מסעף קיבוץ אפק,צפון,חיפה,32.838883,35.11766,5,0.000164,3,2,4.662e-05,0.00084749,2884.9931,106.95198600150266
20894,זרזיר א'/כניסה מערבית,צפון,חיפה,32.732748,35.212753,5,0.000164,4,1,4.178e-05,0.00084663,3370.2641,195.4589390064007
18285,צומת חירם,צפון,פריפריה,33.026382,35.404609,3,9.8e-05,2,1,4.145e-05,0.00084469,2136.6511,91.9545067634133
11233,שדרות החוצבים/שבע אחיות,ירושלים,ירושלים,31.794299,35.146529,5,0.000164,1,4,2.567e-05,0.00084469,4115.6164,99.07175898379678
18902,ביר א-שמאלי,צפון,פריפריה,32.725979,35.31931,3,9.8e-05,1,2,8.117e-05,0.0008441,2978.2213,141.45488242793277
42840,מסוף אום אל פחם,צפון,פריפריה,32.531744,35.149737,7,0.00023,4,4,8.266e-05,0.0008439,3447.777,0.0
42503,שדרות חשמונאים/נוף איילון,ירושלים,פריפריה,31.871072,34.998523,5,0.000164,2,3,4.447e-05,0.0008436,3438.6718,98.16215877011885
27711,קרית חינוך מרחבים,דרום,באר שבע,31.31659,34.595612,2,6.6e-05,1,1,2.092e-05,0.00084355,2345.3883,108.19925477266929
19293,צומת טמרה,צפון,חיפה,32.858003,35.169035,6,0.000197,3,3,3.037e-05,0.00084333,3049.0927,122.48398522432304
44500,דרך צה''ל/קרן היסוד,מרכז,תל אביב,31.946907,34.837653,4,0.000131,3,1,3.059e-05,0.00084295,3181.4368,193.55795749316223
4502,בית אבות משלב/ז'בוטינסקי,צפון,פריפריה,32.623542,35.323347,2,6.6e-05,1,1,2.494e-05,0.00084278,2838.7599,39.68609561713567
541,פרופסור אלברט איינשטיין/פרופסור שור,מרכז,תל אביב,32.340667,34.870172,5,0.000164,3,2,3.848e-05,0.0008417,3641.6702,55.7771682419435
3369,מרכז הקונגרסים/קדושי יסי,צפון,חיפה,32.791559,34.964341,3,9.8e-05,1,2,4.125e-05,0.00084092,3402.8106,67.18789845272497
10163,מחלף הראל,ירושלים,ירושלים,31.798902,35.146516,8,0.000263,3,5,5.071e-05,0.00084067,4130.2151,49.5239152808123
28543,רוח מדבר,דרום,פריפריה,30.976166,34.738666,2,6.6e-05,1,1,2.59e-05,0.00084026,2767.7576,134.08519811014585
27656,מועצה אזורית שער הנגב,דרום,פריפריה,31.513952,34.596904,6,0.000197,3,3,5.696e-05,0.00083863,2999.813,140.6069442497721
14347,ת.רק''ל אהרונוביץ'/דרך ז'בוטינסקי,מרכז,תל אביב,32.092819,34.83772,7,0.00023,4,3,0.0001514,0.00083862,3643.3558,109.16683282554705
1394,דרך הים/דרך הרכבת,מרכז,פריפריה,32.479496,34.958481,4,0.000131,2,2,2.884e-05,0.00083845,2373.9525,195.48820727004187
9940,שמעון סוויסה/חצב,ירושלים,ירושלים,31.799877,35.16157,4,0.000131,3,1,4.145e-05,0.00083789,3037.8469,115.39644411003354
3035,יצחק רבין/יצחק שדה,צפון,חיפה,32.709921,35.115864,3,9.8e-05,1,2,1.167e-05,0.00083726,2524.6443,158.04010094466312
29433,הרב קוק/ויצמן,מרכז,תל אביב,32.162228,34.835294,7,0.00023,4,3,2.989e-05,0.00083603,2625.8163,30.93391448386113
25755,מנחם בגין/שער העיר,מרכז,פריפריה,31.731453,34.752588,5,0.000164,2,3,0.00012705,0.00083594,3449.6623,22.442289688516237
29339,סמינר הקיבוצים/דרך נמיר,מרכז,תל אביב,32.103962,34.792661,11,0.000361,8,3,5.883e-05,0.0008347,3649.7883,112.02254027160222
24829,מחנה בילו,מרכז,תל אביב,31.881197,34.829482,5,0.000164,2,3,2.938e-05,0.00083448,3515.9306,126.53384277336389
12043,צומת רבדים,מרכז,פריפריה,31.773554,34.807624,4,0.000131,2,2,2.439e-05,0.00083426,3916.8003,260.663490689487
11267,הנטקה/שרון,ירושלים,ירושלים,31.764409,35.17307,3,9.8e-05,1,2,3.726e-05,0.00083334,2663.5162,83.13620948308936
8578,קופת חולים/אלמדינה אלמנוורה,ירושלים,ירושלים,31.740175,35.236768,2,6.6e-05,1,1,3.49e-05,0.00083298,2108.6161,30.931368595691303
24734,דרך השבעה/המלאכה למזרח,מרכז,תל אביב,32.02034,34.806358,8,0.000263,6,2,5.97e-05,0.00083293,3682.3611,131.7269127103649
2767,דניה/אבא חושי,צפון,חיפה,32.769386,35.00653,3,9.8e-05,2,1,9.52e-06,0.00083218,2990.4435,62.60289053914497
16205,בי''ח בלינסון/גשר מבצע ארנון,מרכז,תל אביב,32.091161,34.86787,17,0.000558,11,6,0.00010859,0.000831,3149.014,105.85283186213917
15611,ת. מרכזית נס ציונה,מרכז,תל אביב,31.925482,34.79794,7,0.00023,4,3,6.828e-05,0.00083085,3281.4487,20.57649860622474
18967,מסעף עמיר,צפון,פריפריה,33.180048,35.624601,3,9.8e-05,2,1,2.916e-05,0.00083056,1816.4511,89.43975505524693
25823,בית פלט/אל אעסם,דרום,באר שבע,31.19052,34.935989,5,0.000164,3,2,3.906e-05,0.00083056,2925.5715,140.11093471948513
29139,הבונים/הכשרת היישוב,דרום,באר שבע,31.220409,34.81107,4,0.000131,2,2,2.618e-05,0.00083042,2830.4547,156.02256970052332
18293,נחל צבעון,צפון,פריפריה,33.020838,35.413125,2,6.6e-05,1,1,2.258e-05,0.0008297,2285.9151,146.13337964827764
4358,בני יהודה הרחבה,צפון,פריפריה,32.800005,35.69177,7,0.00023,3,4,3.209e-05,0.00082899,1754.5739,192.36600871459498
22101,צומת מצליח,מרכז,תל אביב,31.918362,34.865617,7,0.00023,3,4,2.493e-05,0.0008283,4001.1464,112.45402319797428
14659,המלכים/אח''י דקר,מרכז,תל אביב,32.347195,34.854919,4,0.000131,2,2,1.186e-05,0.00082789,2613.3375,16.41304771965684
42811,מחלף העמקים/ג'למה,צפון,חיפה,32.724544,35.098367,4,0.000131,1,3,8.33e-05,0.00082747,3644.2516,114.75159459522229
3304,הרר/הרותם,צפון,חיפה,32.801012,35.133558,2,6.6e-05,1,1,3.492e-05,0.00082704,1223.7469,24.30385620441672
24440,מרכז דוד/בן יהודה,מרכז,תל אביב,32.183489,34.937748,4,0.000131,3,1,4.027e-05,0.00082604,2553.8887,88.67731627962601
2751,מצפור איזן,צפון,חיפה,32.733384,35.046589,3,9.8e-05,1,2,4.575e-05,0.00082526,2521.9255,67.85545349560559
25561,שדרות מנחם בגין/שדרות משה סנה,מרכז,פריפריה,31.777756,34.664186,6,0.000197,4,2,2.845e-05,0.00082486,3682.7705,133.52956882572678
13991,בני אפרים/הדר יוסף,מרכז,תל אביב,32.111508,34.816744,4,0.000131,2,2,2.003e-05,0.00082388,2702.6753,92.82577634122929
20675,מסעף נופית,צפון,חיפה,32.738657,35.136834,7,0.00023,5,2,4.319e-05,0.00082342,3285.5586,84.84745131168346
23146,שד. החשמונאים/שד. יצחק רבין,ירושלים,תל אביב,31.8932,35.001623,12,0.000394,7,5,3.64e-05,0.00082301,3396.6057,85.63780251306508
1793,קקל / יגאל אלון,צפון,חיפה,32.712378,35.11886,2,6.6e-05,1,1,2.782e-05,0.00082175,2520.5923,33.21323207133129
2660,דרך עכו/שדרות חן,צפון,חיפה,32.859993,35.094512,5,0.000164,2,3,8.185e-05,0.00082169,2441.5443,150.88748012630126
792,צומת טירה,מרכז,תל אביב,32.23227,34.984439,7,0.00023,3,4,5.174e-05,0.00082126,2679.2136,92.99595779648345
47091,משה ברזני/חווה ארציאלי,ירושלים,ירושלים,31.744599,35.236098,2,6.6e-05,1,1,4.132e-05,0.00082022,2697.2714,62.414694498921975
15664,וייצמן/פינס,מרכז,תל אביב,31.81762,34.777008,5,0.000164,3,2,3.614e-05,0.00081921,3148.5868,50.55184354330607
5627,קיבוץ עמיעד,צפון,פריפריה,32.924683,35.543626,4,0.000131,2,2,8.375e-05,0.00081895,3270.7899,93.02813220926858
50058,הרב משה שמואל שפירא/שביט,מרכז,תל אביב,31.943792,34.829566,5,0.000164,3,2,1.156e-05,0.00081859,3593.1749,41.33553392013101
24393,טשרניחובסקי/ויצמן,מרכז,תל אביב,32.177761,34.894199,8,0.000263,3,5,8.776e-05,0.00081785,3350.6554,21.430298358467738
11291,שפע חיים/שדרות גולדה מאיר,ירושלים,ירושלים,31.799332,35.213261,11,0.000361,7,4,2.889e-05,0.00081704,4040.8221,62.178722953998964
7397,רבי עקיבא / סלונים,מרכז,ירושלים,31.69805,35.123033,4,0.000131,2,2,0.0001192,0.00081662,3768.3947,10.343371048318096
10455,ברעם/האומן,ירושלים,ירושלים,31.745527,35.214098,8,0.000263,4,4,5.002e-05,0.00081546,3456.3161,43.529576915714074
38798,דרך הרים/דרך הגיא,דרום,פריפריה,29.554751,34.929944,4,0.000131,2,2,2.782e-05,0.00081363,2716.48,286.8846781128973
7805,פארק מרכזי,מרכז,ירושלים,31.77727,35.300128,3,9.8e-05,1,2,3.62e-05,0.00081329,3251.178,134.687229583825
8704,גבעת שאול/כתב סופר,ירושלים,ירושלים,31.791204,35.195787,8,0.000263,1,7,4.724e-05,0.00081254,4113.9678,17.5990415285822
27707,צומת מסלול,דרום,באר שבע,31.315619,34.589558,4,0.000131,2,2,3.989e-05,0.00081203,2173.8686,113.35396522215969
35686,כביש 3855/הירקון,ירושלים,פריפריה,31.705894,35.007913,7,0.00023,4,3,3.13e-05,0.00081189,3808.1734,91.31805987376224
29479,דרך נמיר/ז'בוטינסקי,מרכז,תל אביב,32.085267,34.795006,12,0.000394,3,9,6.624e-05,0.00080981,3697.7853,113.36657371692797
4913,קונטיקט/ז'בוטינסקי,צפון,פריפריה,32.620864,35.323727,3,9.8e-05,1,2,2.556e-05,0.00080971,2581.0407,19.930073251999662
12196,פונדק עין יהב/חטמר,דרום,פריפריה,30.617589,35.195176,2,6.6e-05,1,1,4.088e-05,0.00080969,3324.4874,108.02222205852335
46543,קניון סירקין/אליעזר פרידמן,מרכז,תל אביב,32.080313,34.902034,2,6.6e-05,1,1,2.201e-05,0.00080952,2963.2904,28.554365396325977
4220,מחלף גולני/לכיוון מזרח,צפון,פריפריה,32.772432,35.40805,7,0.00023,5,2,6.24e-05,0.00080936,3595.1944,84.66739567166267
20301,צומת יהודיה,צפון,פריפריה,32.903154,35.647927,3,9.8e-05,2,1,2.566e-05,0.00080936,1722.5025,94.56882395107064
8751,רוזמרין/לבונה,ירושלים,ירושלים,31.732731,35.195877,11,0.000361,6,5,9.104e-05,0.0008091,3590.9908,132.09150015135415
19488,מסעף מנשיה זבדה,צפון,חיפה,32.701877,35.193101,5,0.000164,2,3,6.534e-05,0.00080873,2347.5401,146.15702927775595
20030,מסעף שניר,צפון,פריפריה,33.244635,35.665766,4,0.000131,2,2,4.926e-05,0.00080812,1340.186,23.5917124671121
28542,תחנה חקלאית נסיונית,דרום,פריפריה,30.972022,34.728638,2,6.6e-05,1,1,2.463e-05,0.00080719,2521.6435,100.02624989026587
848,אז''ר/פרופ' דינור,מרכז,תל אביב,32.182046,34.917934,5,0.000164,3,2,2.587e-05,0.00080711,2503.8336,24.441171569305848
15034,שד. בגין/עולי הגרדום,מרכז,תל אביב,32.318902,34.936421,4,0.000131,2,2,7.319e-05,0.00080694,2601.1915,22.53726282491547
28979,משמר הנגב/מרכז,דרום,באר שבע,31.363895,34.71906,3,9.8e-05,1,2,3.15e-05,0.00080666,2845.3632,775.746428406257
8109,קרית ארבע/דרך נופי ממרא,דרום,פריפריה,31.543004,35.126551,3,9.8e-05,1,2,5.232e-05,0.00080659,3109.3649,98.86311551676289
26109,תחנת משטרת אשדוד/הנביאים,מרכז,פריפריה,31.780052,34.649775,6,0.000197,2,4,1.826e-05,0.00080652,3131.9519,38.56065433949597
6713,מסעף גדידה מכר,צפון,חיפה,32.915947,35.124138,6,0.000197,2,4,0.00012404,0.0008036,2755.192,106.2377192715465
18366,עוקף נצרת/צומת אום וואסף,צפון,פריפריה,32.692763,35.292576,5,0.000164,4,1,6.995e-05,0.00080332,2300.0143,66.21451961531902
42468,עתידים/היצירה,מרכז,תל אביב,32.194529,34.87482,6,0.000197,3,3,2.532e-05,0.00080317,2620.3256,136.08593163136717
43510,אלרויס/מגרש כדורגל,צפון,חיפה,32.864385,35.183062,3,9.8e-05,2,1,2.393e-05,0.00080142,2781.4685,204.78904669970305
50537,כביש 444/ג'למה,מרכז,תל אביב,32.25122,34.994237,5,0.000164,1,4,4.176e-05,0.00080121,2374.7134,137.29021960324565
51322,איזור תעשייה,צפון,חיפה,32.733062,35.217886,2,6.6e-05,1,1,3.983e-05,0.0008011,3005.0226,113.18070204763465
43242,חיים יסקי/ צ'רצ'יל,ירושלים,ירושלים,31.798808,35.238384,4,0.000131,2,2,2.339e-05,0.00080021,3255.8297,111.2560641852525
8575,אלמדינה אלמנורה/ביר אלזחלוק,ירושלים,ירושלים,31.738738,35.237298,2,6.6e-05,1,1,3.512e-05,0.0007999,1966.3149,41.51379878301945
3137,גאולה/אדנים,מרכז,פריפריה,32.475634,34.953399,3,9.8e-05,1,2,2.652e-05,0.00079985,2193.6553,144.9090890222527
22034,מסוף אגד אושיות,מרכז,תל אביב,31.883616,34.819432,7,0.00023,5,2,4.04e-05,0.00079961,3154.4836,95.28745463421656
17849,חרבת אדמית,צפון,פריפריה,33.081745,35.201848,2,6.6e-05,1,1,2.399e-05,0.00079945,1386.9309,11.411603202673973
3054,יערה/מרווה,צפון,חיפה,32.731906,35.143884,8,0.000263,4,4,6.143e-05,0.00079609,3115.0939,115.52523980727567
26846,דואר/יצחק רגר,דרום,באר שבע,31.245029,34.795886,17,0.000558,12,5,0.00013656,0.00079597,3385.9974,82.06191093035179
26123,הכלנית/הנורית,מרכז,פריפריה,31.784149,34.654684,8,0.000263,4,4,6.575e-05,0.00079535,3607.5256,33.04597838494033
4210,מסעף בני יהודה,צפון,פריפריה,32.800127,35.689717,6,0.000197,3,3,8.304e-05,0.00079512,1864.4738,175.49677733481178
7531,חפץ חיים/אבני נזר,מרכז,פריפריה,31.934342,35.046634,9,0.000295,3,6,4.316e-05,0.00079476,2866.0089,48.76544360949465
5286,אשדות יעקב/90,צפון,פריפריה,32.658505,35.57405,5,0.000164,3,2,4.287e-05,0.00079448,1497.242,141.64736271590652
3303,הרר/ההדס,צפון,חיפה,32.799524,35.13427,2,6.6e-05,1,1,3.227e-05,0.00079397,1176.3842,10.448155142200822
6474,מסעף נווה זיו,צפון,פריפריה,33.020045,35.182695,5,0.000164,2,3,3.871e-05,0.00079378,1970.7273,144.90845822834945
2933,שכונת הבדואים,צפון,חיפה,32.731692,35.050023,4,0.000131,2,2,5.673e-05,0.00079369,2321.2218,95.27406115498177
14002,יד המעביר/קהילת יאסי,מרכז,תל אביב,32.109558,34.824644,4,0.000131,3,1,2.62e-05,0.00079295,2616.0711,95.02350504298552
49517,שדרות בגין/שרת,מרכז,תל אביב,32.31685,34.936019,5,0.000164,3,2,5.372e-05,0.00079176,2435.8246,173.59951218429177
6998,מסעף עין המפרץ,צפון,חיפה,32.900782,35.091472,7,0.00023,4,3,4.858e-05,0.000791,2677.7674,89.73978946769209
11897,דרך האלוף עוזי נרקיס/עמיחי פאגלין,ירושלים,ירושלים,31.826556,35.235966,10,0.000328,5,5,4.298e-05,0.00079094,3861.7991,111.32816311431502
27399,אלטלנה,מרכז,פריפריה,31.782674,34.654828,7,0.00023,4,3,4.091e-05,0.00078931,3521.6047,105.954682179312
48515,שדרות האמוראים/פומפדיתא,ירושלים,פריפריה,31.701698,34.970713,3,9.8e-05,1,2,3.854e-05,0.0007889,2759.5287,39.403319657332005
4333,9779/918,צפון,פריפריה,33.172898,35.642241,5,0.000164,3,2,5.774e-05,0.00078881,1716.3015,155.7509726144217
35799,אינשטיין,צפון,חיפה,32.812899,35.114419,2,6.6e-05,1,1,1.287e-05,0.00078845,1840.1554,85.86270190847847
21298,צומת בית שערים/נווה יער,צפון,חיפה,32.703718,35.181847,5,0.000164,3,2,4.817e-05,0.00078837,2532.4935,178.28538952806312
49640,שדרות החוצבים/המגרסות,ירושלים,ירושלים,31.789469,35.140066,3,9.8e-05,2,1,1.452e-05,0.00078824,3217.6834,111.62863196208872
42406,תחנת התרעננות/מחלף בת שלמה,צפון,חיפה,32.602577,35.018396,5,0.000164,2,3,1.305e-05,0.00078801,3836.6594,1300.7667305023185
26740,בורנשטיין/האופק,דרום,פריפריה,30.989454,34.914822,6,0.000197,1,5,4.131e-05,0.00078755,3466.5722,72.94662163303259
35683,כביש 3855/הירקון,ירושלים,פריפריה,31.707114,35.007316,8,0.000263,4,4,3.607e-05,0.00078619,3817.8113,100.81182477998024
10748,שמגר/ירמיהו,ירושלים,ירושלים,31.793135,35.208359,8,0.000263,4,4,3.758e-05,0.00078596,3758.3499,17.59351135696906
11478,חניון רכבת מלחה/דרך יצחק מודעי,ירושלים,ירושלים,31.74858,35.187527,6,0.000197,2,4,2.675e-05,0.00078553,3548.5601,28.038046411720646
10154,ברוש/חצב,ירושלים,ירושלים,31.799956,35.163372,3,9.8e-05,1,2,2.74e-05,0.00078299,2740.7641,23.92370987916511
4108,אל מדינה/אל ח'נדק,צפון,פריפריה,32.529327,35.154223,5,0.000164,3,2,0.00011408,0.00078274,3322.6547,86.83919141122927
27429,התחייה/המסגר,מרכז,פריפריה,31.65824,34.588058,3,9.8e-05,1,2,6.019e-05,0.00078248,2589.8871,89.4793198845598
26251,ז'בוטינסקי,מרכז,פריפריה,31.810381,34.652236,5,0.000164,3,2,5.252e-05,0.00078207,2850.903,62.22906816539515
7736,צומת גיתית,מרכז,פריפריה,32.103698,35.390311,2,6.6e-05,1,1,1.009e-05,0.00078192,2490.6683,109.34052744074097
8022,צומת מכורה,מרכז,פריפריה,32.162999,35.424664,2,6.6e-05,1,1,1.526e-05,0.00078192,2490.6683,46.900306321140725
27423,שדרות ירושלים/שדרות האצ''ל,מרכז,פריפריה,31.686015,34.574313,4,0.000131,2,2,5.681e-05,0.00078099,2174.2845,90.13119353492775
5338,מסעף הזורעים,צפון,פריפריה,32.772018,35.506434,3,9.8e-05,2,1,1.389e-05,0.00078088,3079.1546,86.09311560164254
7804,דרך הגיא/דרך מדבר יהודה,מרכז,ירושלים,31.779411,35.301533,2,6.6e-05,1,1,3.664e-05,0.00078022,2908.2255,63.43102548160177
5311,בית עלמין הזורעים,צפון,פריפריה,32.76676,35.524681,4,0.000131,2,2,2.81e-05,0.00077986,2779.0257,130.85944361651335
43742,דוד אלעזר/ישראל שמיד,מרכז,תל אביב,31.931214,34.812312,8,0.000263,4,4,5.83e-06,0.00077923,3804.3531,230.05712956381515
4924,קרית הממשלה/דרך הציונות,צפון,פריפריה,32.701016,35.310955,9,0.000295,5,4,6.343e-05,0.00077753,2415.8258,121.50301550739906
37682,ת.מרכזית תל אביב קומה 6/רציפים,מרכז,תל אביב,32.055908,34.779085,2,6.6e-05,0,2,5.11e-06,0.00077716,3885.813,0.0
35368,שדרות שאול עמור/נחל הצבי,צפון,פריפריה,32.681454,35.24859,5,0.000164,2,3,2.47e-05,0.00077672,3165.0652,135.8615108821076
12282,צומת ספיר,דרום,פריפריה,30.61214,35.19441,2,6.6e-05,1,1,4.199e-05,0.00077661,2966.1139,157.8372421224909
46513,שלמה אבן עזרא/הצבר,מרכז,תל אביב,32.077708,34.901536,2,6.6e-05,1,1,1.94e-05,0.00077644,2682.6509,107.63446100655301
26012,שד.הרצל/בן עמי,מרכז,פריפריה,31.786212,34.638249,5,0.000164,2,3,4.951e-05,0.00077464,2881.7295,175.74873944390592
26572,צומת אשלים,דרום,פריפריה,30.958752,34.705283,3,9.8e-05,2,1,2.262e-05,0.00077411,2319.8432,127.81388488760821
21474,מסעף משמר השבעה,מרכז,תל אביב,32.00582,34.817845,5,0.000164,1,4,7.534e-05,0.00077304,3806.3179,103.56016350646075
24437,בן יהודה/חטיבת הנח''ל,מרכז,תל אביב,32.183663,34.93383,3,9.8e-05,1,2,3.941e-05,0.00077256,2352.98,35.02294222270717
17861,אדמית מרכז,צפון,פריפריה,33.079481,35.211363,4,0.000131,2,2,4.33e-05,0.0007714,1325.4777,245.45772163136147
44961,ירמיהו/הצבי,ירושלים,ירושלים,31.790799,35.202515,10,0.000328,5,5,0.00010911,0.00077131,4056.4992,41.60953032567324
6981,מקלט ציבורי עין העמק,צפון,חיפה,32.625743,35.087766,3,9.8e-05,2,1,2.602e-05,0.00076988,2768.5457,114.37746728896784
38920,אלרויס/אלזראעיה,צפון,חיפה,32.864282,35.18579,3,9.8e-05,2,1,4.246e-05,0.00076945,2536.7216,74.89971527524207
20107,מסעף אבו סנאן,צפון,חיפה,32.96015,35.15513,3,9.8e-05,1,2,2.447e-05,0.0007694,2212.6592,144.0315202799978
9690,הר ציון/מעלה השלום,ירושלים,ירושלים,31.770901,35.229972,6,0.000197,3,3,9.201e-05,0.00076904,2933.7091,222.72449069782095
23491,רבי יהודה הנשיא/רבי שמעון בן שטח,מרכז,תל אביב,32.052813,34.965556,8,0.000263,3,5,7.846e-05,0.00076899,3671.5103,60.496892397893895
5891,זרזיר ב,צפון,חיפה,32.733066,35.219096,3,9.8e-05,1,2,3.904e-05,0.00076831,2720.5527,87.81908252875695
50065,תרמ''ג/דרך יצחק רבין,מרכז,תל אביב,31.923357,34.79499,6,0.000197,4,2,5.043e-05,0.00076807,3125.894,104.85159686884143
15654,דרך מנחם בגין/החציר,מרכז,פריפריה,31.792028,34.70175,3,9.8e-05,1,2,5.822e-05,0.00076803,3528.4651,122.81833995176737
26353,ז'בוטינסקי/שדרות בני ברית,מרכז,פריפריה,31.806872,34.660748,7,0.00023,3,4,5.38e-05,0.00076748,3525.5444,100.36572851240766
8573,אלמדינה אלמנורה/זעקוקה,ירושלים,ירושלים,31.737062,35.23667,3,9.8e-05,1,2,4.633e-05,0.00076683,1843.457,10.842757252221915
50508,מסוף מועצה אזורית אשכול/רציפים,דרום,פריפריה,31.302314,34.432016,3,9.8e-05,2,1,1.589e-05,0.0007665,1556.2965,0.0
9262,בית ספר הלן קלר/דרך רמאללה,ירושלים,ירושלים,31.841264,35.23012,2,6.6e-05,1,1,4.227e-05,0.00076626,3224.2085,73.58495287274954
19321,ביר אלטירה כניסה,צפון,חיפה,32.857979,35.170346,4,0.000131,3,1,6.676e-05,0.00076623,3085.4931,122.48398522432304
4668,מכבי אש/חטיבה תשע,צפון,פריפריה,32.616529,35.289158,5,0.000164,2,3,6.307e-05,0.00076563,3701.9537,106.71911179178484
13287,הרב כהנמן/רבי עקיבא,מרכז,תל אביב,32.08532,34.83971,14,0.00046,8,7,7.369e-05,0.00076543,3762.0712,48.49433439866348
4738,מסעף היוגב,צפון,פריפריה,32.59263,35.182235,4,0.000131,2,2,3.09e-05,0.0007651,3063.6542,132.02503551371842
18239,צומת אום וואסף/דרך חיפה,צפון,פריפריה,32.693275,35.290653,5,0.000164,1,4,8.757e-05,0.00076508,2299.4491,67.03013932135937
7553,רבי יהודה הנשיא ז,מרכז,תל אביב,31.938451,35.043513,4,0.000131,2,2,3.715e-05,0.00076472,3172.4345,68.20728323196717
21291,מחנה נטפים,צפון,פריפריה,32.797717,35.404491,6,0.000197,2,4,8.458e-05,0.00076464,3703.677,245.33843167092246
1411,עציון/חברון,מרכז,פריפריה,32.46689,34.964635,3,9.8e-05,2,1,1.356e-05,0.00076376,2269.3307,116.0484337365962
44371,היצירה/אפעל,מרכז,תל אביב,32.094423,34.849755,5,0.000164,3,2,3.238e-05,0.00076348,3296.8948,28.637108282590642
18567,צומת א.תעשיה תרדיון,צפון,פריפריה,32.864581,35.27864,3,9.8e-05,1,2,3.9e-05,0.000763,2091.3465,109.34160731990941
11961,בטחה/כניסה ראשית,דרום,באר שבע,31.329352,34.63544,7,0.00023,5,2,4.708e-05,0.00076276,3192.6205,148.1955138401093
38488,בי''ס דמקראטי/בן אבן סופראן,צפון,פריפריה,32.509559,35.056342,4,0.000131,2,2,3.458e-05,0.00076241,2750.1038,11.499786638386482
3708,הרר/מורן,צפון,חיפה,32.798346,35.135191,3,9.8e-05,2,1,3.199e-05,0.00076089,1133.6119,52.13861008059036
11149,בית חולים לילדים,ירושלים,ירושלים,31.780335,35.101216,2,6.6e-05,1,1,2.307e-05,0.00076071,2106.5676,62.1939010466551
29462,פנחס רוזן/קהילת יאסי,מרכז,תל אביב,32.109931,34.826079,6,0.000197,4,2,3.255e-05,0.00076051,2733.9026,64.93884885052871
39261,מוצב צופים,מרכז,תל אביב,32.196671,35.002305,4,0.000131,3,1,1.011e-05,0.00076049,3335.1816,24.633560775420484
35906,ערערה/כניסה,צפון,פריפריה,32.502082,35.086482,4,0.000131,2,2,2.971e-05,0.0007604,3317.9231,26.002814115228364
34128,מוטה גור/בית העלמין,מרכז,תל אביב,31.848729,34.839198,7,0.00023,2,5,7.413e-05,0.00075948,3033.9001,27.958037638075123
7334,מועצה אזורית בקעת הירדן,מרכז,פריפריה,32.099849,35.496246,4,0.000131,1,3,3.936e-05,0.00075931,1990.5211,90.50079796477732
43772,שדרות יחד שבטי ישראל/שבט שמעון,מרכז,תל אביב,31.93397,34.89637,9,0.000295,3,6,7.165e-05,0.00075919,3425.1427,132.33678160601258
35748,יוספטל,צפון,חיפה,32.818099,35.112907,2,6.6e-05,1,1,1.66e-05,0.00075862,1731.5604,11.184046223072572
28800,צומת שדה משה,מרכז,פריפריה,31.601296,34.804618,8,0.000263,5,3,7.476e-05,0.00075833,3898.7864,126.44661683958626
35332,ת. מרכזית צפת/הורדה,צפון,פריפריה,32.97015,35.497206,10,0.000328,7,3,0.00012242,0.00075793,3184.5883,49.704219753181285
1168,אחד העם/סמסונוב,מרכז,פריפריה,32.434361,34.92092,8,0.000263,3,5,5.193e-05,0.00075763,3123.2295,31.66304405957423
25554,שד' ירושלים/התקומה,מרכז,פריפריה,31.792495,34.646307,5,0.000164,2,3,5.964e-05,0.0007575,2798.0813,148.93788432208868
29457,פנחס רוזן/שלונסקי,מרכז,תל אביב,32.114749,34.825525,7,0.00023,3,4,3.114e-05,0.00075721,3073.877,40.747506177296366
23686,כביש 444/המרץ,מרכז,תל אביב,32.106909,34.936428,9,0.000295,4,5,3.836e-05,0.00075705,3979.2784,151.12794233644692
27678,צומת שער הנגב,דרום,פריפריה,31.508377,34.585581,5,0.000164,3,2,2.118e-05,0.00075704,3183.0462,102.17236706098659
5628,צומת עמיעד,צפון,פריפריה,32.912672,35.544636,3,9.8e-05,1,2,2.379e-05,0.00075691,2929.0123,207.6631826840933
22067,צומת מודיעים,מרכז,תל אביב,31.954841,34.938942,10,0.000328,5,5,3.684e-05,0.00075658,4128.7503,100.92046496828712
3222,כצנלסון/הנביאים,צפון,חיפה,32.800762,35.106289,4,0.000131,3,1,2.545e-05,0.00075594,3456.6262,59.361897617382084
27633,צומת כוכב מיכאל,מרכז,פריפריה,31.634063,34.663098,4,0.000131,2,2,2.97e-05,0.00075552,2546.6583,127.33680977536085
4775,שד' צבי אלדרוטי/האצטדיון,צפון,פריפריה,32.66792,35.240506,2,6.6e-05,1,1,4.379e-05,0.00075499,3550.9657,98.95246888098283
27243,ברלב/המגינים,דרום,פריפריה,31.528743,34.588449,4,0.000131,2,2,4.674e-05,0.00075381,2416.9646,30.219785031706255
24296,שוק עירוני/ברון הירש,מרכז,תל אביב,32.089899,34.882979,10,0.000328,5,5,7.978e-05,0.00075287,2979.8613,21.051053314076746
3229,דרך עכו/כביש 79,צפון,חיפה,32.847626,35.092314,5,0.000164,2,3,4.989e-05,0.00075203,2658.1058,107.10384744074075
15505,יהדות קנדה/החרושת,מרכז,תל אביב,32.021445,34.86045,5,0.000164,3,2,5.416e-05,0.00074989,3507.5298,141.7375955679004
18772,אליקים כניסה,צפון,חיפה,32.634086,35.068601,3,9.8e-05,2,1,2.529e-05,0.00074908,3067.3576,169.07137324466493
25919,בני ברית/מורדי הגיטאות,מרכז,פריפריה,31.804319,34.659534,7,0.00023,5,2,9.894e-05,0.0007485,3550.5577,23.89050779424038
953,קאנטרי/הסדנא,מרכז,תל אביב,32.193914,34.878379,5,0.000164,2,3,5.905e-05,0.00074829,2609.1271,170.4839876236586
8418,דרך מדבר יהודה/הגיתית,ירושלים,ירושלים,31.779512,35.299484,2,6.6e-05,1,1,3.716e-05,0.00074731,2637.2974,22.54427471603678
14901,צומת תל מונד,מרכז,תל אביב,32.260945,34.912959,5,0.000164,3,2,3.203e-05,0.00074683,2880.8943,92.28832970337403
28270,מחלף עידן הנגב למזרח,דרום,באר שבע,31.372463,34.796036,6,0.000197,2,4,1.905e-05,0.00074653,3680.5977,199.3860102865445
38680,בצלאל בזק/גרשון שקד,ירושלים,ירושלים,31.765814,35.197646,6,0.000197,3,3,2.035e-05,0.0007456,3617.5544,78.22566280765611
21286,צומת מעלה כמון/כביש 85,צפון,פריפריה,32.929043,35.325213,8,0.000263,4,4,5.905e-05,0.00074543,3235.7569,148.121080469876
17788,מסעף בית העמק,צפון,חיפה,32.969443,35.149968,4,0.000131,2,2,3.22e-05,0.00074467,2073.4061,127.52321293545684
25247,הנביאים/הנרייטה סולד,מרכז,תל אביב,32.076062,34.89848,6,0.000197,3,3,7.161e-05,0.00074364,2457.8058,16.87087859818938
12281,אזור תעשיה מרכז ספיר,דרום,פריפריה,30.592914,35.191737,2,6.6e-05,1,1,3.856e-05,0.00074354,2682.8196,105.39475592491729
17054,מסעף עוקף דליה,צפון,חיפה,32.687855,35.064731,5,0.000164,2,3,4.382e-05,0.00074337,2861.3084,125.21813367421387
17352,צהל/חבצלת,צפון,חיפה,32.773311,35.031684,11,0.000361,5,6,5.066e-05,0.0007428,3415.4431,66.5682904018132
20251,צומת שיאון,צפון,פריפריה,33.250687,35.672221,4,0.000131,3,1,2.952e-05,0.00074229,1284.3681,14.694403835049096
20625,חניון יהודיה/87,צפון,פריפריה,32.942044,35.703498,3,9.8e-05,1,2,2.745e-05,0.00074164,1631.6321,143.63644994330153
16234,מסוף אילן רמון/דרך מנחם בגין,מרכז,פריפריה,31.792919,34.702518,4,0.000131,2,2,5.166e-05,0.00074083,3262.3626,122.81833995176737
10838,נחל צאלים/חבר,ירושלים,פריפריה,31.713267,34.982399,6,0.000197,2,4,4.65e-05,0.00074066,2820.8211,67.79067503220988
6574,צומת בית עלמין,צפון,פריפריה,33.00316,35.144468,3,9.8e-05,2,1,3.547e-05,0.00073865,1924.5452,114.8848805595114
17595,הרצל/המייסדים,צפון,פריפריה,33.009777,35.096852,5,0.000164,4,1,4.751e-05,0.00073861,2332.4008,156.26756625402442
28673,שאול המלך/שלמה המלך,מרכז,פריפריה,31.773547,34.641535,5,0.000164,3,2,2.538e-05,0.00073822,2843.5198,27.288414223924388
13348,אקספו תל אביב/שד' רוקח,מרכז,תל אביב,32.104601,34.810684,5,0.000164,3,2,5.989e-05,0.00073771,3023.1793,128.46875262394101
49731,רמת תמיר/שפע חיים,ירושלים,ירושלים,31.798691,35.213046,6,0.000197,5,1,3.066e-05,0.00073736,4050.9792,23.745542862457757
10176,קניון מלחה/א''ס הפועל   האייל,ירושלים,ירושלים,31.752724,35.187989,9,0.000295,3,6,5.573e-05,0.00073718,3801.1823,83.58181157972324
3208,המרגנית/צה''ל,צפון,חיפה,32.77306,35.030293,5,0.000164,1,4,2.554e-05,0.00073584,3219.6444,12.790399097396103
110,האלונים א/הדקל,מרכז,תל אביב,31.939656,34.832104,4,0.000131,2,2,8.02e-06,0.00073555,3213.4889,70.08594935922254
35747,דפנה/התדהר,מרכז,תל אביב,32.199415,34.883736,3,9.8e-05,1,2,4.296e-05,0.00073553,2858.2605,23.17610686468617
19922,מסעף רכסים,צפון,חיפה,32.758462,35.09543,3,9.8e-05,1,2,1.06e-05,0.00073543,3275.7243,79.19175668099885
27808,צומת פלוגות למערב,מרכז,פריפריה,31.626507,34.756923,6,0.000197,3,3,2.642e-05,0.00073513,3747.9256,100.79016346353086
38678,מנחם בגין/הר ארבל,דרום,פריפריה,31.084764,35.036863,5,0.000164,3,2,3.426e-05,0.00073498,2478.8799,115.16944524448907
2965,צומת קציר,מרכז,פריפריה,32.483858,35.094476,2,6.6e-05,1,1,1.648e-05,0.00073367,3707.0565,130.03985824559547
12625,ת. מרכזית אילת/שדרות התמרים,דרום,פריפריה,29.556369,34.951682,7,0.00023,5,2,8.72e-05,0.00073342,2992.3912,78.39549219517491
9265,דאחיית אל בריד/דרך רמאללה,ירושלים,ירושלים,31.844566,35.229259,2,6.6e-05,1,1,4.094e-05,0.00073329,2888.9184,92.34381759815301
21347,איילה/שחף,מרכז,תל אביב,31.935005,34.834385,4,0.000131,1,3,4.374e-05,0.00073299,2913.7697,14.09062156297655
2862,דקר/בית ספר בן גוריון,צפון,חיפה,32.840684,35.083358,6,0.000197,3,3,2.917e-05,0.00073209,2389.1461,120.7235079797988
19072,סחנין יציאה מערבית,צפון,פריפריה,32.865362,35.28265,5,0.000164,2,3,5.134e-05,0.0007309,1958.4681,21.34795579949687
5601,חניון שפרעם/תאופיק זיאד,צפון,חיפה,32.797695,35.184936,8,0.000263,4,4,4.64e-05,0.00073076,2599.8691,19.535114680981
18903,עין אל-בלד,צפון,פריפריה,32.721727,35.314781,2,6.6e-05,1,1,6.251e-05,0.00073076,2703.2264,21.3890565709821
15877,גילדסגיים/שד' אהרון קציר,מרכז,תל אביב,32.052848,34.848901,9,0.000295,3,6,4.956e-05,0.00072999,3378.2022,94.33845523013841
16494,צומת ראש העין לצפון/כביש 444,מרכז,תל אביב,32.095506,34.936938,9,0.000295,4,5,1.785e-05,0.00072815,3904.3106,102.85046173964442
28291,מסגד אל סלאם,דרום,באר שבע,31.387592,34.740472,6,0.000197,2,4,4.378e-05,0.00072808,2227.0025,108.69977882962993
20933,צומת יובלים,צפון,פריפריה,32.863576,35.268203,5,0.000164,3,2,4.928e-05,0.00072805,2246.1823,108.97966375449703
11147,בית חולים,ירושלים,ירושלים,31.778627,35.096161,4,0.000131,2,2,4.873e-05,0.00072763,1965.957,338.3289767222011
36031,אזור תעשייה,מרכז,פריפריה,32.4022,35.048821,5,0.000164,2,3,8.624e-05,0.00072722,2203.4468,122.42737806411235
8115,דרך הר הבית/דרך צמח השדה,ירושלים,ירושלים,31.769474,35.297017,5,0.000164,2,3,8.84e-05,0.00072721,3256.6338,126.10684999753879
27681,צומת פטיש,דרום,באר שבע,31.317063,34.557525,3,9.8e-05,1,2,3.593e-05,0.00072696,2025.4871,137.27909791137546
4562,שד' צבי אלדרוטי/האריזה,צפון,פריפריה,32.666162,35.240266,4,0.000131,1,3,4.165e-05,0.00072675,3154.7523,111.85562678359774
5714,אלחדיף/קונטיננטל,צפון,פריפריה,32.792686,35.534658,10,0.000328,4,6,8.029e-05,0.00072641,2482.3818,23.4849702281123
27915,צומת גבעתי,מרכז,פריפריה,31.654084,34.661596,6,0.000197,3,3,4.685e-05,0.00072626,3235.9149,111.4298036244123
47799,מסוף חצור הגלילית/רציפים,צפון,פריפריה,32.98083,35.556268,6,0.000197,1,5,3.188e-05,0.00072625,3200.8712,0.0
27786,צומת גבעתי,מרכז,פריפריה,31.652563,34.663338,4,0.000131,2,2,1.987e-05,0.00072481,2694.9846,113.22825958640507
6139,הגליל ב,צפון,פריפריה,32.864574,35.2879,6,0.000197,4,2,0.00011063,0.00072481,1928.9035,95.28074252845693
11222,מסעף סטף,ירושלים,ירושלים,31.777759,35.129224,3,9.8e-05,1,2,1.728e-05,0.00072447,2892.1916,80.01740006934807
1632,6353/ספיר,מרכז,פריפריה,32.460733,35.051371,4,0.000131,2,2,1.38e-05,0.00072366,2657.7228,59.48725594681453
4129,מסעף מי עמי,צפון,פריפריה,32.514875,35.120684,4,0.000131,2,2,5.348e-05,0.00072284,3311.2968,145.75208446908212
866,בי''ח מאיר/טשרניחובסקי,מרכז,תל אביב,32.181056,34.897786,8,0.000263,3,5,4.1e-05,0.0007228,3026.8847,20.35899154499784
11136,צומת צור הדסה,ירושלים,ירושלים,31.722695,35.093748,9,0.000295,5,4,8.066e-05,0.00072275,3541.3495,190.33266581248986
1364,צומת עדה,צפון,פריפריה,32.511048,34.956612,4,0.000131,2,2,7.834e-05,0.00072159,2780.6184,118.33978336092449
4586,מרכז מסחרי/קפלן,צפון,פריפריה,32.632611,35.325304,7,0.00023,3,4,5.752e-05,0.00072145,3264.046,46.85657349634576
50473,מסוף אלוף שדה,מרכז,תל אביב,32.054928,34.833997,2,6.6e-05,1,1,5.28e-06,0.00072108,3873.5448,0.0
7973,הגיתית/העוגב,ירושלים,ירושלים,31.780521,35.298885,3,9.8e-05,1,2,3.811e-05,0.00072055,2420.3678,39.47730153709258
18359,אל-פאח'ורה/מרג' אבן עאמר,צפון,פריפריה,32.68664,35.289832,5,0.000164,2,3,5.608e-05,0.00072028,2456.1643,29.963806745493546
13341,הרב כהנמן/קוקה קולה,מרכז,תל אביב,32.078104,34.842242,6,0.000197,4,2,0.00013356,0.00071967,3824.3518,79.96365543587179
29423,הראשונים/סוקולוב,מרכז,תל אביב,32.137801,34.836143,4,0.000131,2,2,2.045e-05,0.00071962,3406.813,105.07675519747269
2356,קניון לב המפרץ/ההסתדרות,צפון,חיפה,32.793209,35.038917,15,0.000492,13,2,9.178e-05,0.00071934,3711.5573,18.397624847650096
1774,הרצל/העצמאות,צפון,חיפה,32.762064,34.97282,3,9.8e-05,1,2,3.145e-05,0.00071823,2005.1379,20.13133864854634
26131,רכבת/מסוף ביג - הורדה,מרכז,פריפריה,31.774358,34.664737,7,0.00023,6,1,0.0001158,0.00071819,3741.927,32.65421344980016
5320,שדרות ספיר/דרך מנחם בגין,צפון,פריפריה,32.789909,35.516362,5,0.000164,1,4,2.86e-05,0.00071792,2885.1759,99.9327839288318
3779,שינדלר/אבא חושי,צפון,חיפה,32.767015,35.012395,4,0.000131,2,2,3.752e-05,0.00071792,2706.8598,55.26455363549389
26706,צומת תל שבע,דרום,באר שבע,31.261777,34.833115,7,0.00023,4,3,3.9e-05,0.00071781,3061.8808,125.40245291598436
43594,דרך זבולון המר/דרך אם המושבות,מרכז,תל אביב,32.104794,34.868592,5,0.000164,2,3,8.55e-06,0.00071771,3466.6987,98.73324731187367
43052,דרך רפאל איתן/יצחק רבין,מרכז,תל אביב,32.067041,34.862749,3,9.8e-05,1,2,9.96e-06,0.00071692,3323.8923,41.69347965534568
13197,מחלף מסובים/דרך לוד,מרכז,תל אביב,32.038484,34.828142,6,0.000197,3,3,6.345e-05,0.00071622,3465.8731,192.1340681917692
865,קניון ערים/ברל כצנלסון,מרכז,תל אביב,32.177999,34.902905,4,0.000131,2,2,2.574e-05,0.00071595,2991.852,84.1144957060551
6636,אבן מנחם 9,צפון,פריפריה,33.073381,35.294349,3,9.8e-05,1,2,4.237e-05,0.00071537,1702.257,134.17965816822704
18956,קיבוץ מחניים,צפון,פריפריה,32.991888,35.570362,4,0.000131,2,2,2.174e-05,0.00071358,2613.5653,66.54195866902687
25076,דרך לוי אשכול/יצחק רבין,מרכז,תל אביב,32.064496,34.860933,4,0.000131,2,2,3.827e-05,0.00071356,3483.0745,99.38913270254784
38805,בית ספר בית יעקב/אבן גבירול,צפון,חיפה,32.803776,35.007782,10,0.000328,4,6,2.759e-05,0.00071309,3399.2827,125.54007902374796
23751,מחלף שורק/כביש 3,מרכז,פריפריה,31.803774,34.840485,7,0.00023,4,3,2.828e-05,0.00071297,4120.4742,119.22796419293803
18119,כיכר כיסרא,צפון,פריפריה,32.964795,35.303938,2,6.6e-05,1,1,3.389e-05,0.00071287,2167.7264,38.59770739931043
42431,חרוד/כורש,צפון,פריפריה,32.6065,35.300307,5,0.000164,3,2,4.325e-05,0.00071253,3045.7504,29.309985581450494
38588,רובע דרכי הבשמים,דרום,פריפריה,30.621905,34.801494,4,0.000131,2,2,4.709e-05,0.00071177,2425.0467,77.57337170540755
39927,יגאל ידין/יהודה איתין,צפון,חיפה,32.815275,35.053019,4,0.000131,1,3,1.489e-05,0.00071051,2917.5191,93.80466429987518
12547,צומת צופר,דרום,פריפריה,30.55946,35.187129,2,6.6e-05,1,1,3.326e-05,0.00071047,2452.2401,113.24718823651523
50358,מרכז מסחרי רמה א,ירושלים,פריפריה,31.714267,34.98896,6,0.000197,4,2,3.399e-05,0.00071039,2465.6057,61.066156958689554
24823,כביש 40/קריית האומנים,מרכז,תל אביב,31.919309,34.869575,6,0.000197,4,2,4.451e-05,0.00070987,3550.3895,131.6185613752594
39621,שאול המלך/שלמה המלך,מרכז,פריפריה,31.773313,34.641622,5,0.000164,2,3,2.83e-05,0.00070985,2819.5127,27.288414223924388
13257,קריית שלום/דרך בן צבי,מרכז,תל אביב,32.040173,34.775256,5,0.000164,2,3,3.671e-05,0.00070932,3449.089,137.658475268665
16013,צומת בית עובד,מרכז,תל אביב,31.920078,34.770459,3,9.8e-05,2,1,5.417e-05,0.00070798,3065.7213,170.4125176994492
10792,שדרות גולדה מאיר/יצחק מירסקי,ירושלים,ירושלים,31.822289,35.189471,15,0.000492,7,8,8.261e-05,0.00070762,3979.5615,82.04307953585113
5327,ויצמן הנשיא/מקווה,צפון,פריפריה,32.780003,35.511709,6,0.000197,2,4,5.151e-05,0.00070747,3113.7699,83.65228775547561
1359,דרך אהרון/דרך שרה,צפון,פריפריה,32.566511,34.956423,9,0.000295,5,4,8.28e-05,0.00070624,3289.5225,74.5012467292354
12818,אלוף שדה/כורזין,מרכז,תל אביב,32.058774,34.817616,10,0.000328,3,7,7.298e-05,0.00070526,3607.794,167.40151162252397
22912,אל עריד,מרכז,תל אביב,32.275795,35.004648,3,9.8e-05,2,1,9.55e-06,0.00070503,2826.2184,101.09007239334143
3212,יפה נוף/ההשכלה,צפון,חיפה,32.761792,35.045548,4,0.000131,2,2,3.458e-05,0.00070487,2966.7941,112.16629150988085
19392,אל-ח'אנוק,צפון,פריפריה,32.710521,35.30562,7,0.00023,4,3,9.413e-05,0.00070466,2357.1395,20.964931750292056
27869,צומת גבים,דרום,פריפריה,31.504271,34.589271,6,0.000197,3,3,2.971e-05,0.00070433,3213.9123,135.3813459727988
42514,תחנת רכבת רעננה מערב/דרך ירושלים,מרכז,תל אביב,32.180708,34.852448,6,0.000197,1,5,7.926e-05,0.00070397,2654.2504,41.26139054577517
18914,צומת רמת ישי מערב,צפון,חיפה,32.705996,35.163129,3,9.8e-05,1,2,5.384e-05,0.0007038,3018.3079,136.52122486884122
27750,צומת נוגה,מרכז,פריפריה,31.62617,34.698817,3,9.8e-05,1,2,3.874e-05,0.00070356,2871.7494,97.73051139157477
2373,דרך עכו חיפה/רפא''ל,צפון,חיפה,32.865022,35.095138,5,0.000164,2,3,7.504e-05,0.00070326,2651.2025,140.75848910072918
38803,דפנה/דולב,מרכז,תל אביב,32.199162,34.87998,2,6.6e-05,1,1,5.102e-05,0.00070301,2600.3408,26.68916515142391
10595,קוליץ/האביבית,ירושלים,ירושלים,31.752349,35.167544,7,0.00023,4,3,3.935e-05,0.00070256,2850.8108,50.36462349245919
44372,היצירה/הקידמה,מרכז,תל אביב,32.096905,34.850834,3,9.8e-05,2,1,2.793e-05,0.00070234,2947.6502,17.21996841645023
40178,שדרות אמירים/המגל,מרכז,פריפריה,32.488939,35.104978,3,9.8e-05,1,2,2.838e-05,0.00070229,3265.8539,434.0758018631261
19587,מסעף שייח' דנון,צפון,פריפריה,32.992963,35.143883,5,0.000164,2,3,4.054e-05,0.00070203,1849.8834,144.07513017444103
42762,הרצל/מוצקין,צפון,חיפה,32.767689,34.968439,4,0.000131,3,1,8.716e-05,0.00070146,2320.0753,74.32615177336304
18904,ריינה/בי''ס לטיני,צפון,פריפריה,32.715584,35.314128,4,0.000131,2,2,6.884e-05,0.00070129,2487.0865,20.649654839145057
44736,דרך רמאללה/מרג' אבן עאמר,ירושלים,ירושלים,31.847373,35.228456,3,9.8e-05,1,2,4.052e-05,0.00070066,2622.7708,72.9621648071527
21218,עראבה ה'/יציאה,צפון,פריפריה,32.86159,35.346124,6,0.000197,3,3,5.274e-05,0.00070055,2297.7186,131.53033377188103
20149,ירכא 3,צפון,פריפריה,32.954768,35.183535,5,0.000164,3,2,3.909e-05,0.00070043,2050.2378,116.95936426297408
7404,פארק חזון יוסף,מרכז,ירושלים,31.694254,35.117298,5,0.000164,3,2,7.861e-05,0.00069989,3314.9687,42.570494854017305
10682,עלי הכהן/גרוסברג,ירושלים,ירושלים,31.796083,35.214611,6,0.000197,3,3,9.24e-06,0.00069983,3251.0033,90.2375201695759
5565,דאהוד תלחמי,צפון,חיפה,32.801075,35.171803,6,0.000197,4,2,4.837e-05,0.00069962,2835.0399,54.513228428910715
26114,הפרחים,מרכז,פריפריה,31.784925,34.650162,5,0.000164,3,2,3.894e-05,0.00069927,3175.3503,103.37152883057905
16481,שפרינצק / פינס,מרכז,תל אביב,32.077502,34.890874,3,9.8e-05,2,1,3.377e-05,0.00069853,2470.3953,52.23669863545495
18700,מסוף חצור הגלילית,צפון,פריפריה,32.981961,35.556766,5,0.000164,2,3,2.024e-05,0.00069756,3456.0028,113.2857573170771
15949,מחמוד דרוויש/אלבוחארי,מרכז,תל אביב,32.257506,35.006394,5,0.000164,2,3,4.593e-05,0.00069742,2202.5969,110.1823933444408
24791,צומת אל על,מרכז,תל אביב,31.991429,34.906913,14,0.00046,10,4,6.376e-05,0.00069734,4057.482,81.29925589407921
14219,המלכים/עגנון,מרכז,תל אביב,32.135883,34.848883,5,0.000164,3,2,3.96e-05,0.00069678,2406.3709,133.89598346621267
23894,שא נס/ישיבת באר יעקב,מרכז,תל אביב,31.941436,34.834336,5,0.000164,3,2,4.571e-05,0.00069676,3188.6907,222.66424130294868
21500,ז'בוטינסקי/הירדן,מרכז,תל אביב,31.93598,34.837403,5,0.000164,2,3,4.451e-05,0.0006961,2900.5614,137.39089274624865
51117,בית עלמין/כביש 40,דרום,פריפריה,30.622723,34.803958,3,9.8e-05,1,2,2.878e-05,0.00069593,2708.5285,252.7119472973445
16146,ירושלים/יהודה,מרכז,פריפריה,31.780344,34.692453,3,9.8e-05,1,2,3.473e-05,0.00069464,3205.886,107.77907016975202
15684,דרך לוי אשכול/מיכאל וולך,מרכז,תל אביב,32.061571,34.86272,5,0.000164,2,3,4.059e-05,0.00069436,3335.2343,70.30499049684346
3766,דניה/ליבריה א,צפון,חיפה,32.769514,35.004773,2,6.6e-05,1,1,1.307e-05,0.00069393,2700.4904,164.89288864540217
20128,איבטין טחנת קמח,צפון,חיפה,32.763357,35.106344,4,0.000131,2,2,3.364e-05,0.00069371,2932.3348,109.99841275353698
3791,חניתה/שמחה גולן,צפון,חיפה,32.78734,35.016769,5,0.000164,4,1,2.961e-05,0.00069255,3507.2375,25.761063658582067
28466,יהודה הלוי/אבן עזרא,דרום,באר שבע,31.269419,34.782786,4,0.000131,1,3,9.99e-06,0.00069223,3140.1002,126.98560935311284
19999,צומת קצרין,צפון,פריפריה,32.995457,35.690416,6,0.000197,3,3,4.529e-05,0.00069212,1706.8931,122.21090655902042
40624,אלקודס 3,צפון,פריפריה,32.722337,35.261564,2,6.6e-05,1,1,2.858e-05,0.00069197,2403.3324,62.171977174755206
37191,מסעף ירכא/כישור,צפון,פריפריה,32.949774,35.256197,3,9.8e-05,1,2,1.874e-05,0.00069148,2552.0001,112.339918529703
10531,שמואל מאיר/ורשבסקי,ירושלים,ירושלים,31.729519,35.220327,3,9.8e-05,2,1,3.981e-05,0.00069118,2815.5154,84.15639341793879
10767,בזק/זלמן שניאור,ירושלים,ירושלים,31.76666,35.202645,6,0.000197,3,3,2.477e-05,0.00069109,3658.3739,24.838318200094104
38794,מושב דור,צפון,חיפה,32.607362,34.922819,3,9.8e-05,2,2,1.793e-05,0.00069069,2940.9439,704.0934511915082
49207,דרך מנחם בגין/יהודה גורודסקי,מרכז,תל אביב,31.899739,34.825689,3,9.8e-05,1,2,6.24e-06,0.00069039,3477.973,178.17044287427495
19553,בי''ס אל מכתב/איברהים נמר חוסיין,צפון,חיפה,32.808408,35.169137,7,0.00023,2,5,8.151e-05,0.00069024,2632.0288,28.676325399872443
20963,כיכר אל-משארף/ספוריה,צפון,פריפריה,32.723915,35.285701,4,0.000131,2,2,3.388e-05,0.00069022,2538.6241,99.33545192179004
20501,צומת שפרעם צפון,צפון,חיפה,32.822505,35.151279,5,0.000164,3,2,1.157e-05,0.00069014,3362.5262,134.42740813244035
41122,עלי בן אבי טאלב,צפון,פריפריה,32.51001,35.135987,3,9.8e-05,1,2,4.068e-05,0.00068977,2959.1421,13.598266738661488
29340,דרך נמיר/אינשטיין,מרכז,תל אביב,32.113247,34.792778,7,0.00023,4,3,4.386e-05,0.00068908,3623.8987,180.63178692830957
22282,שייח מסעוד,מרכז,תל אביב,32.260405,34.99857,6,0.000197,4,2,4.676e-05,0.00068873,2383.3691,122.71507870253389
10243,תחנת רקל''ה פסגת זאב מרכז/משה דיין,ירושלים,ירושלים,31.824384,35.2376,7,0.00023,3,4,5.015e-05,0.00068765,3176.3147,56.267181685842736
17989,צומת כרמיאל מערב,צפון,פריפריה,32.923165,35.278923,7,0.00023,3,4,3.914e-05,0.0006874,3086.3459,142.09971149460003
10473,תחנת רקל''ה שבתאי הנגבי/דב יוסף,ירושלים,ירושלים,31.737795,35.194771,7,0.00023,4,3,2.807e-05,0.00068573,3516.1971,119.33326291354201
17276,שמשון/יותם,צפון,חיפה,32.795938,34.988579,3,9.8e-05,2,1,1.723e-05,0.00068532,2240.5863,35.06857805884704
27435,התחיה/אפרים,מרכז,פריפריה,31.656169,34.586107,2,6.6e-05,1,1,6.508e-05,0.00068444,2374.168,117.80630170264035
39278,בי''ס רמת אלון,מרכז,תל אביב,31.888999,34.819315,4,0.000131,3,1,3.824e-05,0.00068433,3361.8966,39.239429303624654
2616,כצנלסון/ירושלים,צפון,חיפה,32.802714,35.107686,3,9.8e-05,1,2,2.519e-05,0.00068372,3090.7346,42.1809097549196
22070,אבא הלל סילבר/פסח לב,מרכז,תל אביב,31.966395,34.900239,7,0.00023,4,3,7.48e-05,0.0006833,3946.3636,21.75930945024604
21671,דיזנגוף/איילה,מרכז,תל אביב,31.929801,34.832021,3,9.8e-05,2,1,4.908e-05,0.00068288,2636.5195,63.96700855220643
4109,אל מדינה/א שאפעי,צפון,פריפריה,32.530937,35.153019,7,0.00023,2,6,0.00010286,0.000682,3338.1085,18.748327048598618
24995,בי''ס לכבאות/רחבעם זאבי,מרכז,תל אביב,31.99291,34.74513,9,0.000295,2,7,5.473e-05,0.00068195,3220.9245,152.8590916281843
4085,מרכז רפואי,צפון,פריפריה,32.502289,35.086611,5,0.000164,2,3,7.115e-05,0.00068192,3419.0951,26.002814115228364
10689,משטרה/שמואל מאיר,ירושלים,ירושלים,31.730516,35.219718,5,0.000164,3,2,5.79e-05,0.00068155,3134.9221,33.843091299461754
41137,מחלף הראל/שדרות החוצבים,ירושלים,ירושלים,31.797739,35.145522,6,0.000197,3,3,3.416e-05,0.00068125,3942.4833,99.89659025518402
39617,דרך יצחק רבין/פשוש,צפון,פריפריה,32.566725,34.962028,5,0.000164,1,4,3.806e-05,0.00068095,3392.9229,117.28123454031255
18125,כסרא א,צפון,פריפריה,32.966258,35.304877,2,6.6e-05,1,1,3.56e-05,0.00068009,2020.1221,11.20244912596339
4785,צומת מולדת,צפון,פריפריה,32.578221,35.397857,3,9.8e-05,2,1,3.089e-05,0.00067995,2089.2083,97.41520670266385
29031,הרב אלנקווה/אלה,דרום,פריפריה,31.076972,35.037409,4,0.000131,2,2,2.086e-05,0.00067955,2483.2762,79.49946293819468
5019,ביר אבו אל-ג'יש/דרך עפולה,צפון,פריפריה,32.678172,35.28712,3,9.8e-05,1,2,1.658e-05,0.00067922,2934.8838,110.28904292667686
25252,צומת גנים/כביש 40,מרכז,תל אביב,32.097552,34.901218,8,0.000263,6,2,3.831e-05,0.00067755,3478.6176,139.50740322024853
12137,צומת צוקים,דרום,פריפריה,30.484581,35.174618,2,6.6e-05,1,1,3.345e-05,0.00067739,2260.4688,133.53191087654443
27737,צומת כפר עזה,דרום,פריפריה,31.475779,34.535827,3,9.8e-05,1,2,6.838e-05,0.00067735,2746.372,122.09014121472765
48358,הרצל/חניתה,צפון,פריפריה,33.015602,35.096165,4,0.000131,1,3,1.807e-05,0.00067711,2128.146,100.30286574950082
12227,צומת מכרות תמנע לצפון,דרום,פריפריה,29.764035,35.014302,3,9.8e-05,1,2,4.552e-05,0.00067692,2469.4988,142.5076845388749
25996,שד.הפרחים/הרותם,מרכז,פריפריה,31.788729,34.653101,6,0.000197,5,1,5.253e-05,0.00067562,3064.5267,23.807620370737347
11223,מסעף סטף,ירושלים,ירושלים,31.777327,35.129901,3,9.8e-05,2,1,2.019e-05,0.00067505,2960.8125,80.01740006934807
28234,צומת חורה,דרום,באר שבע,31.290731,34.925077,8,0.000263,6,2,4.214e-05,0.00067451,3363.6397,179.18782147976657
3547,קופת חולים כללית /ששת הימים,צפון,חיפה,32.759644,34.972762,4,0.000131,2,2,5.078e-05,0.00067417,1879.9297,17.3539118247973
11229,המפלצת/הנטקה,ירושלים,ירושלים,31.762441,35.17272,6,0.000197,4,2,4.686e-05,0.00067409,2910.4415,67.34088130354915
19598,מחלף גולני/לכיוון דרום,צפון,פריפריה,32.772039,35.407109,6,0.000197,4,2,3.444e-05,0.00067386,3622.4947,96.28391141582759
2468,רמז/ארלוזורוב,צפון,חיפה,32.805504,35.109614,5,0.000164,3,2,6.333e-05,0.00067368,2796.4292,32.54895820554443
4364,מנחת פיק,צפון,פריפריה,32.794304,35.728476,6,0.000197,3,3,4.748e-05,0.00067329,1571.652,72.23491672327117
2713,מועצה מקומית/הרימונים,צפון,חיפה,32.749377,35.100111,7,0.00023,3,4,3.802e-05,0.00067279,3733.0967,55.29007303205354
794,צומת טייבה,מרכז,תל אביב,32.270527,35.002691,3,9.8e-05,1,2,1.315e-05,0.00067251,2573.3385,86.30279649062167
17696,זרזיר/מסגד,צפון,חיפה,32.730261,35.226283,7,0.00023,3,4,4.041e-05,0.00067227,2492.7381,134.05264771421318
27659,צומת מפלסים,דרום,פריפריה,31.504712,34.564632,4,0.000131,2,2,6.221e-05,0.00067182,3049.162,104.75235055723121
24017,ת.רק''ל העצמאות,מרכז,תל אביב,32.027912,34.748983,5,0.000164,4,1,9.08e-05,0.00067166,2412.9633,31.02467355324434
29346,חזון אי''ש/דבורה הנביאה,מרכז,תל אביב,32.078652,34.834037,7,0.00023,4,3,3.675e-05,0.00067154,3752.7107,53.766971657435874
8487,נתיבות המשפט/סמינר,מרכז,תל אביב,31.928842,35.038981,9,0.000295,6,3,4.695e-05,0.00067114,2843.4142,17.550304261719493
27722,צומת כוכב מיכאל,מרכז,פריפריה,31.635208,34.663121,4,0.000131,2,2,3.414e-05,0.00067111,2900.6511,126.93553099418182
44458,דרך קיבוץ גלויות/שד' ישראל גורי,מרכז,תל אביב,32.047121,34.781426,4,0.000131,2,2,2.017e-05,0.00067031,3688.9073,86.76949223697956
19290,ח'לית שריף/כניסה,צפון,חיפה,32.863826,35.188419,5,0.000164,4,1,7.574e-05,0.00067018,2337.6284,81.39118356427437
44860,שדרות לכיש/נחל זויתן,מרכז,פריפריה,31.623169,34.766547,4,0.000131,2,2,3.478e-05,0.00066924,3432.1999,139.52144763931256
37273,שדרות יגאל אלון/הצבע,ירושלים,פריפריה,31.753943,34.994399,7,0.00023,4,3,5.548e-05,0.00066887,3685.9555,55.621160958559756
20739,מסוף בית שאן/שדרות מנחם בגין,מרכז,פריפריה,32.497886,35.504779,11,0.000361,9,2,0.00012331,0.00066827,1385.3502,0.0
48796,מרגולין/ישראל שמיד,מרכז,תל אביב,31.933053,34.813429,3,9.8e-05,1,2,1.843e-05,0.00066811,3513.4889,84.15280816388201
11275,שדרות יהודה בן זאב/שדרות הדקל,ירושלים,פריפריה,31.744471,34.980511,4,0.000131,2,2,4.242e-05,0.00066752,3341.5826,53.14760373316167
47768,מסוף מגדל העמק/רציפים,צפון,פריפריה,32.679059,35.239338,6,0.000197,2,4,5.554e-05,0.0006674,3165.1392,0.0
42501,שדרות יצחק רבין/יהלום,מרכז,תל אביב,31.933548,34.825953,4,0.000131,2,2,1.457e-05,0.00066685,3498.5498,70.98856963479139
793,צומת טירה,מרכז,תל אביב,32.231469,34.983791,6,0.000197,3,3,3.235e-05,0.00066685,2895.7953,99.74938936341691
40586,בית ג'ן 12,צפון,פריפריה,32.961895,35.37281,4,0.000131,1,3,3.377e-05,0.00066592,1732.7222,148.74811859160621
17228,דרך למרחב/שבי ציון,מרכז,פריפריה,32.471326,34.962103,4,0.000131,1,3,3.029e-05,0.00066564,2113.4088,18.63133095258267
48813,כביש 412/נווה רבין,מרכז,תל אביב,32.022758,34.872285,5,0.000164,3,2,1.807e-05,0.00066508,3131.1028,184.42572557098617
4181,צומת מורשת,צפון,חיפה,32.83207,35.23689,7,0.00023,2,5,4.755e-05,0.00066507,2596.2041,46.16791450600424
27740,צומת נהורה,מרכז,פריפריה,31.61918,34.700422,3,9.8e-05,2,1,3.853e-05,0.00066445,2607.4414,107.5008766400695
11470,גן רוח האדם/מצפה הבירה,ירושלים,ירושלים,31.794701,35.147651,5,0.000164,1,4,3.707e-05,0.00066346,4019.9884,93.00764012203771
25944,צומת אשכולות,מרכז,פריפריה,31.724781,34.636237,6,0.000197,4,2,7.183e-05,0.00066273,3137.638,89.76301178458081
34339,מועדון ספורט/מבוא אורנית,מרכז,תל אביב,32.121364,34.995167,6,0.000197,4,2,2.786e-05,0.00066137,3347.181,55.439953501256554
50777,בית עלמין המסילה/כביש 5803,מרכז,פריפריה,32.352373,35.006154,3,9.8e-05,1,2,1.417e-05,0.00066134,2559.8274,121.32970205460809
5028,שדרות קונטיקט/דוכיפת,צפון,פריפריה,32.617717,35.330371,3,9.8e-05,2,1,3.3e-05,0.00066087,2369.0336,69.28533140106978
2073,דניה/ליבריה ב,צפון,חיפה,32.768676,35.002858,2,6.6e-05,1,1,1.638e-05,0.00066086,2465.6861,130.84428207448883
20900,צומת עיאדאת/גריפאת,צפון,חיפה,32.722476,35.217226,7,0.00023,5,2,5.835e-05,0.00066049,2046.6162,85.90851924744457
19055,שכונה מערבית א,צפון,פריפריה,32.719911,35.258962,2,6.6e-05,1,1,2.934e-05,0.00065912,2218.8842,14.539560761107115
10427,שמואל מאיר/יצחק ניסים,ירושלים,ירושלים,31.726807,35.224064,3,9.8e-05,1,2,3.851e-05,0.00065899,2557.3263,12.615316599829946
14607,מכון וינגייט,מרכז,תל אביב,32.253791,34.835574,9,0.000295,5,4,7.666e-05,0.00065897,3840.3218,96.47071937315
48070,בי''ס אחווה/דרך בר לב,דרום,פריפריה,31.067766,35.040075,3,9.8e-05,2,1,3.052e-05,0.00065879,2715.9311,37.080420760537976
3277,אלכסנדר זייד,צפון,חיפה,32.818498,35.061577,4,0.000131,3,1,3.829e-05,0.00065866,2863.263,111.12046274030476
9612,צומת חולדה,מרכז,פריפריה,31.811234,34.901816,6,0.000197,4,2,5.705e-05,0.00065844,3587.9586,122.24697546797967
10144,גב.המטוס,ירושלים,ירושלים,31.740332,35.2115,2,6.6e-05,1,1,3.013e-05,0.00065836,3326.3971,11.960608759344012
8438,צומת גוש עציון,מרכז,ירושלים,31.646749,35.132734,5,0.000164,3,2,4.853e-05,0.00065831,3095.4956,122.68407227247305
16192,דרך רבין/המזמרה,מרכז,תל אביב,31.923937,34.793479,4,0.000131,2,2,1.011e-05,0.00065828,3122.9626,156.50939705032172
2502,דרך עכו/צור שלום,צפון,חיפה,32.855724,35.094325,5,0.000164,3,2,4.129e-05,0.00065797,2450.2566,44.82476689895562
26673,צומת יצחק מצליח,דרום,באר שבע,31.23103,34.802674,6,0.000197,4,2,0.00015321,0.00065792,3175.4138,97.44640714376872
42313,כיכר המושבה/סוקולוב,מרכז,תל אביב,32.167578,34.901093,7,0.00023,4,3,5.789e-05,0.00065733,3458.6051,92.0646668428769
16525,אזור תעשיה,מרכז,תל אביב,32.1057,34.939714,5,0.000164,2,3,5.88e-05,0.00065582,3721.7144,26.21556527286667
35173,שדרות הציונות/העצמאות,מרכז,תל אביב,31.982048,34.803062,8,0.000263,4,4,2.986e-05,0.0006557,3540.4339,195.60346240004804
18150,בוקיעה אל ג'רביה/מרכז מזון,צפון,פריפריה,32.993559,35.312568,3,9.8e-05,1,2,4.892e-05,0.00065474,2066.6389,204.18479694812945
38955,ת. רכבת הרצליה,מרכז,תל אביב,32.164239,34.818785,6,0.000197,2,4,8.158e-05,0.00065424,3110.711,98.38193300529441
27346,התחייה/אסף הרופא,מרכז,פריפריה,31.654394,34.583934,4,0.000131,3,1,6.853e-05,0.00065389,2201.1728,66.40058112687323
12671,ששת הימים/האגס,דרום,פריפריה,29.549353,34.936468,5,0.000164,3,2,4.749e-05,0.00065377,2483.4714,23.212034110271805
1747,צומת דמון,צפון,חיפה,32.734516,35.039246,7,0.00023,2,5,4.542e-05,0.0006532,2768.3375,85.67988407815717
29436,צומת המשכיות,מרכז,תל אביב,32.141483,34.836776,3,9.8e-05,1,2,4.755e-05,0.00065313,3139.6495,67.47979541175259
5197,צומת יששכר,צפון,פריפריה,32.55549,35.383232,3,9.8e-05,2,1,1.27e-05,0.00065182,2193.8367,92.27728928130341
948,החרושת/ויצמן,מרכז,תל אביב,32.193588,34.880767,4,0.000131,1,3,7.198e-05,0.00065179,3190.5015,57.21289318753293
4875,צומת הסרגל,צפון,פריפריה,32.590996,35.239069,5,0.000164,1,4,3.553e-05,0.00065164,3441.4356,129.23189039831482
10400,שדרות הרב הרצוג/שדרות לוי אשכול,ירושלים,פריפריה,31.736355,34.995353,12,0.000394,8,4,8.919e-05,0.00065099,3251.7643,112.87808461865797
16673,שדרות עמק איילון/כיכר סייפן,מרכז,תל אביב,31.986094,34.938185,9,0.000295,4,5,8.349e-05,0.00065084,3569.057,150.04998375120422
40620,ספוריה 3,צפון,פריפריה,32.721787,35.263768,5,0.000164,3,2,4.447e-05,0.00065083,2359.7525,73.54989669764198
14339,ת. רכבת תל אביב - סבידור/על פרשת דרכים,מרכז,תל אביב,32.081153,34.797682,12,0.000394,10,2,4.833e-05,0.00064958,3710.8358,77.73810063636583
4701,בי''ס אל-וואספיה,צפון,פריפריה,32.691825,35.292123,5,0.000164,2,3,3.715e-05,0.00064926,2282.4631,52.17467974723359
5310,בית חולים פוריה,צפון,פריפריה,32.751998,35.537857,4,0.000131,2,2,3.217e-05,0.00064924,2536.742,96.70859590857275
18130,כסרא שדות,צפון,פריפריה,32.968276,35.305934,4,0.000131,3,1,3.483e-05,0.00064868,1899.7946,72.77368915883353
15946,כניסה לטבעת דרום,מרכז,תל אביב,32.260394,34.999875,4,0.000131,2,2,3.965e-05,0.00064823,2192.9733,120.05135648064328
14860,צומת רופין לדרום,מרכז,פריפריה,32.344205,34.907781,7,0.00023,5,2,8.552e-05,0.00064806,3109.468,143.48453652015465
24243,מוסד חינוכי כפר בתיה/דרך ירושלים,מרכז,תל אביב,32.188751,34.854732,8,0.000263,5,3,4.921e-05,0.00064756,2559.078,40.329230823559755
42546,שדרות בנימין/שער הגיא,מרכז,תל אביב,32.326629,34.857538,6,0.000197,3,3,5.406e-05,0.00064724,3286.4136,97.40372061128296
12815,אלוף שדה/דרך יצחק רבין,מרכז,תל אביב,32.059538,34.820244,8,0.000263,5,3,7.98e-05,0.00064722,3532.9027,182.07231396044796
17618,העצמאות/המייסדים,צפון,פריפריה,33.010916,35.101102,4,0.000131,2,2,2.746e-05,0.00064692,1982.9532,258.03687367231123
40886,החורש/החרובים,צפון,פריפריה,32.579376,35.177962,3,9.8e-05,1,2,1.412e-05,0.00064691,3062.1899,378.1373889500273
41865,דרך מנחם בגין/רחל אמנו,ירושלים,פריפריה,31.878465,35.005551,6,0.000197,2,4,3.111e-05,0.00064672,3087.1547,309.8677433036876
40152,מרכז גל/המדע,דרום,באר שבע,31.275015,34.803992,6,0.000197,3,3,3.489e-05,0.00064661,3258.2129,101.25717750480285
18915,מרכז רמת ישי,צפון,חיפה,32.706668,35.172479,3,9.8e-05,1,2,4.564e-05,0.00064635,2735.2575,29.234914920148057
26666,רובע דרכי הבשמים,דרום,פריפריה,30.621536,34.800806,3,9.8e-05,1,2,4.596e-05,0.00064632,2472.8506,77.57337170540755
23027,עמק דותן /נחל עיון,ירושלים,פריפריה,31.899427,35.015023,5,0.000164,3,2,5.93e-05,0.00064625,3448.6347,153.6065623077306
19673,המכללה האקדמית כנרת,צפון,פריפריה,32.704691,35.59169,4,0.000131,1,3,3.143e-05,0.0006461,1991.5389,166.56238898050404
7328,צומת ארגמן/כביש 90,מרכז,פריפריה,32.16277,35.527091,4,0.000131,2,2,3.229e-05,0.00064568,1864.8643,84.00092944927496
16014,עיינות/כביש 42,מרכז,תל אביב,31.914567,34.770944,3,9.8e-05,1,2,4.746e-05,0.00064541,2768.1985,162.22873228046203
4084,שוק,מרכז,פריפריה,32.499995,35.088931,4,0.000131,3,1,7.717e-05,0.00064535,3043.3844,21.285005928928616
23461,רבי יהודה הנשיא/אבן גבירול,מרכז,תל אביב,32.052174,34.956266,8,0.000263,5,3,7.281e-05,0.00064495,3624.1171,21.27354073388473
27739,צומת קיבוץ סעד,דרום,פריפריה,31.474314,34.533801,2,6.6e-05,1,1,6.925e-05,0.00064493,2503.5192,131.94130064812245
27911,צומת גבעתי,מרכז,פריפריה,31.652754,34.664513,7,0.00023,4,3,2.563e-05,0.00064477,3329.138,113.22825958640507
8617,שרי ישראל/יפו,ירושלים,ירושלים,31.789128,35.206146,11,0.000361,5,6,4.754e-05,0.00064476,3779.9158,156.57654711552806
5996,כאבול כניסה,צפון,חיפה,32.873631,35.198182,3,9.8e-05,2,1,2.468e-05,0.00064474,2578.8057,182.44298581296434
12135,צומת פארן,דרום,פריפריה,30.362554,35.170821,2,6.6e-05,1,1,3.349e-05,0.00064432,2098.3632,136.52239928358
14210,אוסישקין/דרך ראשונים,מרכז,תל אביב,32.136857,34.841943,4,0.000131,3,1,5.374e-05,0.00064364,3033.2528,95.55837514944824
29336,דרך נמיר/אינשטיין,מרכז,תל אביב,32.111697,34.792204,7,0.00023,5,2,0.00011976,0.00064346,3597.9706,180.63178692830957
18149,בוקיעה אל ג'רביה/864,צפון,פריפריה,32.992812,35.314568,7,0.00023,3,4,4.359e-05,0.00064301,1961.5155,204.18479694812945
28699,צומת מחנה אורים/כביש 241,דרום,באר שבע,31.318082,34.541235,3,9.8e-05,1,2,1.859e-05,0.00064256,1899.0528,75.06476901130036
4239,סיני/שד. הבנים,צפון,פריפריה,32.686179,35.234792,5,0.000164,3,2,7.728e-05,0.00064242,2855.2241,76.28508834126659
26709,צומת הנגב,דרום,באר שבע,31.065848,34.838401,8,0.000263,2,6,3.608e-05,0.00064187,3057.5793,114.37076053000904
9971,ימין אבות,ירושלים,ירושלים,31.78751,35.193736,8,0.000263,5,3,1.45e-05,0.00064173,3722.3483,62.406249415696756
15932,איזור תעשיה,מרכז,תל אביב,32.233383,34.964013,5,0.000164,3,2,4.492e-05,0.00064105,2499.4338,90.51187719378176
22667,קק''ל/רהב,מרכז,תל אביב,32.023554,34.757022,4,0.000131,2,2,2.526e-05,0.00064048,3108.9003,25.784274004418787
14269,סוקולוב סנטר/סוקולוב,מרכז,תל אביב,32.145502,34.838269,4,0.000131,2,2,6.592e-05,0.00064039,3186.5217,20.501040907570484
19200,מגאר א'/כניסה,צפון,פריפריה,32.892921,35.412646,3,9.8e-05,2,1,5.553e-05,0.00063984,2205.0608,14.091592321535098
14595,ת.מרכזית תל אביב קומה 6/הורדה,מרכז,תל אביב,32.055512,34.780335,10,0.000328,10,0,8.102e-05,0.00063952,3938.599,18.507518171559695
49772,מנחם בגין/דרך ארץ,מרכז,פריפריה,31.678681,34.595365,6,0.000197,4,2,2.385e-05,0.00063945,2924.7339,75.33525453363112
37039,ת. רכבת שדרות,דרום,פריפריה,31.516041,34.587355,11,0.000361,4,7,6.986e-05,0.00063892,3300.7365,54.6835782966353
42851,שדרות בגין/הברוש,מרכז,תל אביב,32.314148,34.936177,4,0.000131,1,3,3.244e-05,0.00063836,2248.9354,87.84264520566268
13193,צומת הכפר הירוק,מרכז,תל אביב,32.132715,34.831902,5,0.000164,4,1,6.703e-05,0.00063825,3768.9313,67.85404040627651
11221,קיבוץ מעלה החמישה,ירושלים,ירושלים,31.818536,35.111899,4,0.000131,2,2,3.87e-05,0.0006372,2581.3027,244.12990935761982
8039,עפרה/כניסה,מרכז,פריפריה,31.955456,35.257139,5,0.000164,4,3,2.302e-05,0.00063699,2709.6769,23.078430172378656
35594,ירכא/יציאה מזרחית,צפון,פריפריה,32.955134,35.222542,4,0.000131,3,1,1.609e-05,0.00063682,2343.7547,10.038107239116876
15372,אבא הלל סילבר/נדא,מרכז,תל אביב,31.961905,34.899404,10,0.000328,7,3,6.628e-05,0.00063637,3613.5444,115.43020291404632
38578,הראשונים/דרך השדות,מרכז,פריפריה,32.448093,34.983083,4,0.000131,3,1,9e-06,0.00063615,3264.2133,455.9367634121401
9914,המטה הארצי/קלרמון גנו,ירושלים,ירושלים,31.796605,35.231995,10,0.000328,6,4,9.485e-05,0.00063609,3403.3571,58.53660338673409
12495,בית חולים יוספטל/יותם,דרום,פריפריה,29.55502,34.939706,10,0.000328,6,4,6.221e-05,0.00063582,2490.6163,39.012248230624344
2445,גאולה/רבי עקיבא,צפון,חיפה,32.801831,35.001544,5,0.000164,2,3,5.219e-05,0.00063534,3182.8574,60.89566085133041
12273,צומת אילות,דרום,פריפריה,29.577247,34.967421,7,0.00023,2,5,5.438e-05,0.00063507,2994.6793,185.78604893574706
41456,אלג'ליל מרכז 1,צפון,פריפריה,32.719355,35.283276,3,9.8e-05,1,2,4.901e-05,0.00063486,2357.545,82.04289131232066
24757,הרצל/עין הקורא,מרכז,תל אביב,31.966292,34.80265,10,0.000328,4,6,7.835e-05,0.00063386,3551.4515,23.841818864328854
29475,מחלף הסירה לצפון,מרכז,תל אביב,32.161217,34.81228,5,0.000164,3,2,1.323e-05,0.00063371,3851.1502,119.41429302130815
7384,מרכז מסחרי לב ביתר/המגיד ממעזריטש,ירושלים,ירושלים,31.703105,35.117263,6,0.000197,4,2,5.298e-05,0.0006334,3085.8165,81.15857253382718
34262,היוגב/יציאה,צפון,פריפריה,32.609544,35.197912,3,9.8e-05,1,2,1.108e-05,0.00063211,2761.6902,745.9967135378637
23419,צומת אלעד,מרכז,תל אביב,32.053275,34.943571,7,0.00023,3,4,1.706e-05,0.00063158,3895.5986,95.96541748447542
14936,הדקל/מצדה,מרכז,תל אביב,32.254069,34.918734,6,0.000197,2,4,4.166e-05,0.00063114,2709.2892,137.85207614588566
38118,דרך רזיאל/הרצל,מרכז,תל אביב,32.327948,34.861778,8,0.000263,3,5,4.025e-05,0.00063086,3481.1015,120.976159590332
2493,קק''ל/רבין,צפון,חיפה,32.711441,35.123625,4,0.000131,3,1,2.646e-05,0.0006304,2770.9114,85.90329817872214
3767,דניה/ליבריה ג,צפון,חיפה,32.768033,35.001686,2,6.6e-05,1,1,1.875e-05,0.00062778,2270.6357,112.13207024979945
17517,קופ''ח/דרך האלון,מרכז,פריפריה,32.484855,35.110001,3,9.8e-05,2,1,2.895e-05,0.00062774,2927.5053,170.60637280319798
16374,מרכז מסחרי/דרך מנחם בגין,מרכז,תל אביב,32.077888,34.906036,5,0.000164,1,4,5.411e-05,0.00062724,3269.4411,20.476577387100765
19061,ככר השכונה המערבית,צפון,פריפריה,32.720618,35.256879,2,6.6e-05,1,1,3.185e-05,0.00062605,2062.3319,10.693802758711314
44748,טבאליה/אל בראעם,ירושלים,ירושלים,31.742034,35.207132,2,6.6e-05,1,1,2.947e-05,0.00062529,2965.5248,10.731485124224395
9035,בן זאב/ 38,ירושלים,פריפריה,31.746877,34.974655,4,0.000131,1,3,1.162e-05,0.00062502,3858.9994,22.419178996963584
36304,ת. מרכזית ירושלים קומה 3/רציפים,ירושלים,ירושלים,31.789467,35.203715,2,6.6e-05,0,2,5.11e-06,0.0006244,4003.9094,0.0
44892,מחלף אשדוד צפון למזרח,מרכז,תל אביב,31.850168,34.713159,3,9.8e-05,2,1,1.104e-05,0.00062432,3604.6787,120.93330874851345
38614,כביש 446/דרך קרית ספר,מרכז,תל אביב,31.937315,35.034686,4,0.000131,2,2,1.12e-05,0.00062404,3684.5301,103.49078042492943
41128,בי''ס תיכון דאר אלחכמה,צפון,פריפריה,32.510503,35.13881,3,9.8e-05,2,1,4.077e-05,0.00062362,2680.4376,74.19876001020417
43585,הרכבת/מרכז מסחרי,מרכז,פריפריה,31.676918,34.60621,4,0.000131,2,2,1.997e-05,0.00062359,3015.6761,34.09020266671816
10498,שד' האוניברסיטה העברית/בר לב,ירושלים,ירושלים,31.799193,35.233451,8,0.000263,4,4,3.003e-05,0.00062356,3666.1433,129.24023981792496
1471,דרך הנדיב/דרך פיק''א,מרכז,פריפריה,32.47305,34.978127,7,0.00023,4,3,7.393e-05,0.00062325,2587.3177,137.31563587876357
29383,מחלף גלילות/דרך נמיר,מרכז,תל אביב,32.140196,34.800766,10,0.000328,8,2,9.401e-05,0.00062318,3679.3911,153.61568337922958
18573,סח'נין יציאה מזרחית,צפון,פריפריה,32.860059,35.314116,5,0.000164,2,3,6.96e-05,0.00062308,1973.4735,117.63514758548878
11131,צומת נס הרים,ירושלים,ירושלים,31.7333,35.074561,7,0.00023,4,3,3.165e-05,0.000623,3284.5881,96.78790927819347
26574,צומת מרכז שפירא,מרכז,פריפריה,31.700053,34.708042,4,0.000131,2,2,4.913e-05,0.00062252,3139.8281,122.42121928993507
44364,צומת פל ים,מרכז,פריפריה,32.48093,34.91877,5,0.000164,2,3,1.826e-05,0.00062232,2919.0617,156.78768871782174
43832,צומת אחיסמך,מרכז,תל אביב,31.932112,34.890798,4,0.000131,2,2,8.56e-06,0.00062218,3829.8463,153.35348776898928
1958,האסיף/ביכורים,צפון,חיפה,32.798636,34.98789,5,0.000164,1,4,2.098e-05,0.00062055,2089.9466,78.14963101994782
41472,צומת עין זיתים,צפון,פריפריה,32.98846,35.483836,5,0.000164,3,2,7.122e-05,0.0006202,3435.737,57.9681281186828
14613,ת.רק''ל הקוממיות/דרך בגין,מרכז,תל אביב,32.00203,34.746829,7,0.00023,1,6,2.735e-05,0.00062016,2878.7641,28.595914638150884
22238,שדרות יצחק רבין/נחל נעמן,ירושלים,תל אביב,31.893272,35.003646,6,0.000197,3,3,3.887e-05,0.00061957,3410.5565,117.54349835648394
10700,תחנת רקל''ה סיירת דוכיפת/משה דיין,ירושלים,ירושלים,31.826248,35.240102,7,0.00023,3,4,8.669e-05,0.00061909,3557.3671,22.239788039817928
15924,מכללת טירה/דרך יפו,מרכז,תל אביב,32.229636,34.943784,6,0.000197,2,4,9.803e-05,0.00061908,2379.4254,29.58742369734215
42876,ת. רכבת תל אביב- סבידור/רציפים A,מרכז,תל אביב,32.083157,34.796089,5,0.000164,0,5,5.11e-06,0.000619,3907.5213,0.0
43493,דרך יגאל ידין/משה דיין,צפון,חיפה,32.804854,35.047674,2,6.6e-05,1,1,1.622e-05,0.000619,3204.4731,56.03600399397894
21337,מרגולין/רמבם,מרכז,תל אביב,31.934179,34.810152,4,0.000131,1,3,3.099e-05,0.00061865,3126.5043,100.23981711788771
4873,צומת גזית,צפון,פריפריה,32.67807,35.41037,6,0.000197,3,3,7.848e-05,0.00061813,2893.5467,261.1442114602743
10071,טיילת ארמון הנציב/ינובסקי,ירושלים,ירושלים,31.755138,35.227898,8,0.000263,5,3,0.00010546,0.0006179,2508.0736,81.17268672069682
19093,תחנה מרכזית,צפון,פריפריה,32.701273,35.297939,4,0.000131,2,2,1.523e-05,0.00061781,2690.0758,42.9890109236735
14174,אבא אבן/ משכית,מרכז,תל אביב,32.161958,34.80855,8,0.000263,3,5,6.86e-05,0.00061735,3523.9288,156.79350823682933
16262,העצמאות/דיקר,מרכז,תל אביב,32.074666,34.878091,4,0.000131,2,2,4.964e-05,0.00061723,3001.5629,156.60410360114147
6882,צומת יקנעם מערב,צפון,חיפה,32.633729,35.075433,4,0.000131,2,2,3.869e-05,0.00061711,3074.9398,108.16937574697779
41740,מפעל קדמני,צפון,חיפה,32.790398,35.195384,3,9.8e-05,1,2,7.76e-06,0.00061694,3079.9575,66.80063749563392
44342,צומת צפת דרום/אזור התעשיה,צפון,פריפריה,32.962677,35.487739,4,0.000131,2,2,1.209e-05,0.00061643,3236.6325,97.24339196704032
23222,צומת חפץ חיים,מרכז,פריפריה,31.79545,34.766946,6,0.000197,2,4,5.011e-05,0.00061642,3697.9514,115.81190632255789
20204,צומת קצביה,צפון,פריפריה,32.980175,35.725497,4,0.000131,2,2,3.403e-05,0.00061612,1551.7723,83.76690065131473
41954,שדרות אלטלנה/הרפואה,מרכז,פריפריה,31.779728,34.652882,5,0.000164,2,3,3.848e-05,0.00061589,3471.2743,126.57757070734004
34864,הגיתית,ירושלים,ירושלים,31.781672,35.299707,3,9.8e-05,2,1,3.872e-05,0.00061569,2233.3013,10.592729192092785
17994,נשיאי ישראל/אורט בראודה,צפון,פריפריה,32.910325,35.280947,7,0.00023,6,1,9.768e-05,0.00061567,2846.6493,34.292850539202576
43254,שדרות החוצבים,ירושלים,ירושלים,31.789812,35.141176,8,0.000263,4,4,5.572e-05,0.00061533,3205.0415,73.36244051355412
39564,בגין/הרצל,דרום,פריפריה,31.520915,34.593524,9,0.000295,7,2,7.555e-05,0.0006145,3155.2675,20.91959309360959
48417,מסוף רעננה/רציפים,מרכז,תל אביב,32.175565,34.890269,4,0.000131,2,2,1.551e-05,0.00061412,3658.3118,0.0
8881,בי''ס ראשידה/סולטאן סולימאן,ירושלים,ירושלים,31.783407,35.234642,12,0.000394,9,3,0.00014222,0.00061394,2652.1759,44.524522160891216
