stop_id,stop_name,own_community,own_community_label,connected_communities,crossing_edges,crossing_weight,degree,weighted_degree,crossing_weight_share,lat,lon,region,metro
41133,מחלף חמד,15,Jerusalem,19,28,2466,62,10454,0.2359,31.801002,35.12454,Jerusalem,Jerusalem
41132,מחלף חמד,15,Jerusalem,16,23,2271,44,10540,0.2155,31.80033,35.126238,Jerusalem,Jerusalem
7562,שדרות בית הלל/כניסה לעיר,36,Tel Aviv / Center,14,25,1414,29,3870,0.3654,31.936583,35.035446,Center,Tel Aviv
23418,רבי יהודה הנשיא/כניסה לעיר,67,Tel Aviv / Center,14,22,687,24,1374,0.5,32.052593,34.944195,Center,Tel Aviv
9048,בן גוריון/שערי ירושלים,15,Jerusalem,13,16,1357,41,9472,0.1433,31.791535,35.196465,Jerusalem,Jerusalem
9046,ויצמן/גבעת שאול,15,Jerusalem,12,18,3286,36,11096,0.2961,31.790348,35.197526,Jerusalem,Jerusalem
7444,דרך האר''י/ כביש 375,44,Jerusalem / Center,12,20,1956,29,5272,0.371,31.704533,35.126243,Jerusalem,Jerusalem
748,מחלף קסם,17,Tel Aviv / Center,12,18,1034,19,1534,0.6741,32.119458,34.93836,Center,Tel Aviv
25419,רבי יהודה הנשיא/חוני המעגל,67,Tel Aviv / Center,12,17,350,21,1296,0.2701,32.052767,34.945148,Center,Tel Aviv
14348,מחלף גהה/דרך ז'בוטינסקי,37,Tel Aviv / Center,11,14,1587,15,3174,0.5,32.092314,34.844941,Center,Tel Aviv
51199,דרך האר''י/המגיד ממעזריטש,44,Jerusalem / Center,11,17,987,22,2976,0.3317,31.703488,35.126299,Jerusalem,Jerusalem
13274,מחלף גבעת שמואל/כביש 4,37,Tel Aviv / Center,10,15,2386,24,11746,0.2031,32.074823,34.843553,Center,Tel Aviv
16491,מחלף קסם,35,Tel Aviv / Center,10,13,531,19,1756,0.3024,32.115483,34.941008,Center,Tel Aviv
27689,מחלף קמה לצפון,6,Periphery / Center,10,14,408,24,1304,0.3129,31.442254,34.766984,South,Beer Sheva
13246,בית ספר הולץ/חיל השריון,24,Tel Aviv / Center,9,16,3150,31,9154,0.3441,32.046238,34.783261,Center,Tel Aviv
12975,מחלף לה גווארדייה,24,Tel Aviv / Center,9,18,1813,34,6604,0.2745,32.059454,34.786354,Center,Tel Aviv
13178,חיל השריון/קיבוץ גלויות,24,Tel Aviv / Center,9,11,967,17,9462,0.1022,32.04815,34.78452,Center,Tel Aviv
35701,מחלף שעריה,35,Tel Aviv / Center,9,12,879,13,1096,0.802,32.065055,34.90225,Center,Tel Aviv
1296,מחלף יגור,34,Haifa / North,9,11,490,26,3372,0.1453,32.752167,35.071543,North,Haifa
17303,ת.התרעננות/דור אלון מגל 6,1,Periphery / North,9,13,132,16,220,0.6,32.380891,35.017969,Center,Periphery
21589,מחלף מסובים,37,Tel Aviv / Center,8,19,1750,25,4882,0.3585,32.038296,34.831105,Center,Tel Aviv
29342,מחלף גבעת שמואל/מבצע קדש,37,Tel Aviv / Center,8,13,1504,19,6858,0.2193,32.075497,34.844626,Center,Tel Aviv
29350,מחלף מסובים,37,Tel Aviv / Center,8,18,1492,27,4034,0.3699,32.036975,34.829135,Center,Tel Aviv
729,מחלף ראש העין מזרח,38,Periphery / Center,8,16,925,21,1946,0.4753,32.107606,34.962074,Center,Tel Aviv
29243,תחנת התרעננות/פונדק בית קמה,6,Periphery / Center,8,15,326,19,520,0.6269,31.442304,34.764124,South,Beer Sheva
13320,קניון עזריאלי/דרך מנחם בגין,24,Tel Aviv / Center,7,11,4542,24,10694,0.4247,32.074453,34.791116,Center,Tel Aviv
9526,מסוף 700/שד' נווה יעקב,39,Jerusalem,7,13,2616,17,5514,0.4744,31.837748,35.231598,Jerusalem,Jerusalem
21588,מחלף גנות/כביש 4,37,Tel Aviv / Center,7,14,2204,18,4408,0.5,32.022045,34.82412,Center,Tel Aviv
4132,צומת כפר קרע,4,Periphery / North,7,9,1166,14,2332,0.5,32.496878,35.062384,Center,Periphery
14355,מחלף מורשה,37,Tel Aviv / Center,7,13,894,20,2116,0.4225,32.123726,34.854708,Center,Tel Aviv
751,מחלף קסם,17,Tel Aviv / Center,7,13,590,16,2454,0.2404,32.114882,34.941641,Center,Tel Aviv
14077,מחלף גהה/דרך ז'בוטינסקי,37,Tel Aviv / Center,7,9,374,16,11308,0.0331,32.092621,34.843838,Center,Tel Aviv
23129,צומת גמזו,36,Tel Aviv / Center,7,9,369,15,1312,0.2812,31.952761,34.94065,Center,Tel Aviv
42430,ת.התרעננות/דור אלון מגל כביש 6,1,Periphery / North,7,11,143,15,236,0.6059,32.38104,35.017224,Center,Periphery
36771,כביש 3855/שדרות יגאל אלון,15,Jerusalem,7,10,132,14,1736,0.076,31.752618,35.000727,Jerusalem,Periphery
10226,יגאל ידין/דרוק,69,Jerusalem,6,12,5017,20,8812,0.5693,31.806598,35.216384,Jerusalem,Jerusalem
10264,צומת רמות/ידין,15,Jerusalem,6,18,2797,27,6976,0.4009,31.806286,35.204892,Jerusalem,Jerusalem
10647,שדרות חיים ברלב/שדרות האוניברסיטה העברית,39,Jerusalem,6,11,2024,18,7434,0.2723,31.800347,35.233288,Jerusalem,Jerusalem
12963,גשר בר אילן/כביש 4,37,Tel Aviv / Center,6,10,1680,16,6012,0.2794,32.067809,34.83984,Center,Tel Aviv
13356,דרך קיבוץ גלויות/כביש 1,24,Tel Aviv / Center,6,12,1602,20,3334,0.4805,32.046861,34.784605,Center,Tel Aviv
10446,צומת גבעת מרדכי/בייט,9,Jerusalem,6,14,1095,23,5004,0.2188,31.767336,35.193158,Jerusalem,Jerusalem
27649,מרכז אורן/יצחק רגר,0,Beer Sheva / South,6,10,1061,15,2512,0.4224,31.272046,34.79807,South,Beer Sheva
14600,ת. מרכזית יבנה,52,Tel Aviv / Center,6,15,1005,22,1679,0.5986,31.890228,34.731686,Center,Tel Aviv
15414,צומת נווה הרצוג,20,Periphery / Center,6,13,949,15,1898,0.5,31.831106,34.692743,Center,Tel Aviv
787,מחלף ירקון,37,Tel Aviv / Center,6,10,847,11,1192,0.7106,32.122112,34.902396,Center,Tel Aviv
16147,מסעף גן יבנה,20,Periphery / Center,6,9,821,16,2050,0.4005,31.783772,34.672409,Center,Periphery
15988,צומת נווה הרצוג,20,Periphery / Center,6,11,807,13,1818,0.4439,31.831249,34.691077,Center,Tel Aviv
35694,מחלף שעריה למערב,25,Tel Aviv / Center,6,9,766,14,1986,0.3857,32.067954,34.902997,Center,Tel Aviv
23098,צומת מצפה מודיעין,36,Tel Aviv / Center,6,9,750,11,1968,0.3811,31.951698,34.956087,Center,Tel Aviv
16289,צומת יסודות,15,Jerusalem,6,9,678,20,2608,0.26,31.809847,34.858167,Center,Periphery
7559,שדרות בית הלל/ יציאה מהעיר,45,Tel Aviv / Center,6,9,616,19,3932,0.1567,31.936611,35.037296,Center,Tel Aviv
24856,צומת אל על,7,Tel Aviv / Center,6,8,571,17,2382,0.2397,31.990742,34.907208,Center,Tel Aviv
42877,ת. רכבת תל אביב - סבידור/הורדה,24,Tel Aviv / Center,6,8,504,15,1567,0.3216,32.082845,34.796638,Center,Tel Aviv
14209,מחלף הכפר הירוק,50,Tel Aviv / Center,6,8,437,10,616,0.7094,32.133892,34.833366,Center,Tel Aviv
21744,צומת מודיעים (גמזו),45,Tel Aviv / Center,6,8,345,15,1046,0.3298,31.954615,34.939978,Center,Tel Aviv
20917,מחלף המוביל/לדרום,5,Periphery / North,6,8,326,17,1628,0.2002,32.757731,35.23184,North,Haifa
2392,מחלף יגור,34,Haifa / North,6,9,319,19,1798,0.1774,32.754433,35.072585,North,Haifa
11080,מחלף הרטוב,15,Jerusalem,6,6,233,18,4132,0.0564,31.767298,34.997537,Jerusalem,Periphery
39254,כביש 431/יהודה המכבי,36,Tel Aviv / Center,6,7,148,10,704,0.2102,31.894877,34.988545,Jerusalem,Tel Aviv
42182,שדרות יצחק רבין/שדרות ענבה,36,Tel Aviv / Center,6,6,137,7,274,0.5,31.89424,34.989469,Jerusalem,Tel Aviv
7561,צומת חשמונאים דרום,45,Tel Aviv / Center,6,8,96,15,3420,0.0281,31.929869,35.02517,Center,Tel Aviv
49800,מסוף מודיעין עילית/הורדה,36,Tel Aviv / Center,6,9,67,13,445,0.1506,31.936203,35.037062,Center,Tel Aviv
10716,צומת רמות/גולדה,41,Jerusalem,5,26,6040,40,17392,0.3473,31.808253,35.204001,Jerusalem,Jerusalem
10790,צומת רמות/גולדה,41,Jerusalem,5,17,4715,31,14154,0.3331,31.809649,35.204075,Jerusalem,Jerusalem
10225,דרוק/יגאל ידין,15,Jerusalem,5,13,3260,15,5668,0.5752,31.80751,35.215908,Jerusalem,Jerusalem
8750,אצטדיון טדי/א''ס ביתר,9,Jerusalem,5,11,2567,27,9455,0.2715,31.751345,35.188474,Jerusalem,Jerusalem
44258,יגאל ידין/רבי שלמה זלמן דרוק,15,Jerusalem,5,8,2070,12,4696,0.4408,31.806057,35.216797,Jerusalem,Jerusalem
3870,ת. מרכזית המפרץ/הורדה,34,Haifa / North,5,8,2045,14,6700,0.3052,32.792214,35.034786,North,Haifa
8468,מחלף בית חורון,41,Jerusalem,5,8,1895,13,3818,0.4963,31.874438,35.130145,Jerusalem,Jerusalem
24850,דרך השבעה/קפלן,51,Tel Aviv / Center,5,8,1400,14,5830,0.2401,32.017652,34.808867,Center,Tel Aviv
25092,אוניברסיטת בר אילן,25,Tel Aviv / Center,5,8,1303,19,5010,0.2601,32.065377,34.845842,Center,Tel Aviv
2563,צומת אולגה,50,Tel Aviv / Center,5,9,1103,13,3848,0.2866,32.438234,34.89157,Center,Periphery
15719,מסעף בית דגן,12,Tel Aviv / Center,5,7,1051,9,1482,0.7092,32.003162,34.825064,Center,Tel Aviv
16087,מסעף גן יבנה,20,Periphery / Center,5,9,762,13,1524,0.5,31.784729,34.674167,Center,Periphery
3021,צומת פוריידיס,50,Tel Aviv / Center,5,8,721,10,1260,0.5722,32.591896,34.947792,North,Haifa
22066,צומת מצפה מודיעין,45,Tel Aviv / Center,5,6,702,10,1866,0.3762,31.952138,34.954827,Center,Tel Aviv
23534,מחלף בית רבן למערב,6,Periphery / Center,5,13,673,19,1672,0.4025,31.82164,34.730096,Center,Tel Aviv
21778,מחלף גדרה/נתיב תחבורה ציבורית,6,Periphery / Center,5,6,653,10,1284,0.5086,31.805834,34.765216,Center,Periphery
21798,בית דגן/טרומפלדור,12,Tel Aviv / Center,5,7,648,10,1522,0.4258,32.005543,34.83152,Center,Tel Aviv
15416,מחלף בית רבן למזרח,6,Periphery / Center,5,10,602,19,1664,0.3618,31.819528,34.730697,Center,Tel Aviv
24859,מחלף מורשה,17,Tel Aviv / Center,5,7,537,9,908,0.5914,32.123342,34.857475,Center,Tel Aviv
39133,מחלף קמה לדרום,0,Beer Sheva / South,5,11,499,19,882,0.5658,31.442307,34.767318,South,Beer Sheva
26784,אזור תעשיה ערד,53,Periphery / South,5,7,482,11,1678,0.2872,31.249049,35.195233,South,Periphery
26787,אזור תעשיה,53,Periphery / South,5,7,442,12,1600,0.2762,31.248833,35.198232,South,Periphery
38936,קניון עזריאלי/כביש 20,24,Tel Aviv / Center,5,5,441,8,1506,0.2928,32.072545,34.792553,Center,Tel Aviv
13946,ת. רכבת האוניברסיטה/שד' רוקח,50,Tel Aviv / Center,5,6,400,15,5298,0.0755,32.102783,34.80697,Center,Tel Aviv
26654,מרכז אורן/יצחק רגר,0,Beer Sheva / South,5,6,396,15,2370,0.1671,31.271125,34.797919,South,Beer Sheva
16582,פארק סיבל/יציאה לכביש 5,35,Tel Aviv / Center,5,8,393,15,1260,0.3119,32.108854,34.961605,Center,Tel Aviv
4871,מחלף אליקים לצפון,58,Haifa / North,5,6,389,11,1548,0.2513,32.637507,35.066015,North,Haifa
23408,צומת אלעד,67,Tel Aviv / Center,5,12,381,14,626,0.6086,32.052151,34.943402,Center,Tel Aviv
11160,מחלף שורש,15,Jerusalem,5,6,370,13,2322,0.1593,31.800861,35.07598,Jerusalem,Jerusalem
11161,מחלף שורש,15,Jerusalem,5,6,332,15,2284,0.1454,31.800293,35.077409,Jerusalem,Jerusalem
12962,מחלף גבעת שמואל/כביש 4,37,Tel Aviv / Center,5,5,302,9,3442,0.0877,32.076767,34.844303,Center,Tel Aviv
4870,מחלף אליקים לדרום,24,Tel Aviv / Center,5,5,280,9,1574,0.1779,32.635796,35.064278,North,Haifa
24932,מחלף רעננה צפון,3,Tel Aviv / Center,5,9,271,14,1402,0.1933,32.190754,34.887242,Center,Tel Aviv
9658,שד' נווה יעקב/משה סנה,39,Jerusalem,5,6,257,10,5018,0.0512,31.837381,35.230573,Jerusalem,Jerusalem
11081,מחלף הרטוב,15,Jerusalem,5,5,242,18,3964,0.061,31.767124,34.99773,Jerusalem,Periphery
51258,ת. מרכזית המפרץ/הורדה,34,Haifa / North,5,6,166,12,2116,0.0784,32.792214,35.034786,North,Haifa
20408,מסעף קיבוץ קדרים לצפון,1,Periphery / North,5,10,166,19,1254,0.1324,32.89703,35.479896,North,Periphery
21921,שדרות היובל/האורנים,12,Tel Aviv / Center,5,7,113,14,576,0.1962,31.976743,34.79642,Center,Tel Aviv
27692,צומת בית קמה למערב,13,Periphery / South,5,8,100,16,258,0.3876,31.442525,34.762677,South,Beer Sheva
23221,צומת יד בנימין,15,Jerusalem,5,5,81,11,1146,0.0707,31.791696,34.825826,Center,Periphery
21692,צומת יד בנימין,15,Jerusalem,5,5,78,11,1120,0.0696,31.791357,34.824579,Center,Periphery
23543,יסודות/מזכירות,15,Jerusalem,5,6,39,19,509,0.0766,31.815141,34.864194,Center,Periphery
20740,צומת עוקף עפולה,4,Periphery / North,5,5,37,14,428,0.0864,32.623319,35.288494,North,Periphery
13354,ת. רכבת תל אביב - סבידור/דרך נמיר,50,Tel Aviv / Center,4,23,5991,31,11348,0.5279,32.083482,34.795008,Center,Tel Aviv
9553,גשר המיתרים/שד' הרצל,15,Jerusalem,4,12,2719,22,10314,0.2636,31.787322,35.199369,Jerusalem,Jerusalem
10113,יקותיאל אדם/תמיר,39,Jerusalem,4,8,2363,9,4726,0.5,31.819004,35.236798,Jerusalem,Jerusalem
13204,קניון עזריאלי/דרך מנחם בגין,24,Tel Aviv / Center,4,4,2305,12,10642,0.2166,32.075726,34.791623,Center,Tel Aviv
21595,צומת בית דגן,51,Tel Aviv / Center,4,12,2272,15,4330,0.5247,32.002455,34.820515,Center,Tel Aviv
8733,אצטדיון טדי/א''ס ביתר,9,Jerusalem,4,7,2098,20,9743,0.2153,31.751193,35.18933,Jerusalem,Jerusalem
10236,שערי ירושלים/ליפתא,15,Jerusalem,4,7,1754,24,7392,0.2373,31.790818,35.197613,Jerusalem,Jerusalem
9681,שדרות האוניברסיטה העברית/קציר,41,Jerusalem,4,8,1711,13,3448,0.4962,31.797179,35.235092,Jerusalem,Jerusalem
24201,צומת גבעת שמואל,25,Tel Aviv / Center,4,8,1463,12,2758,0.5305,32.075268,34.846423,Center,Tel Aviv
11897,דרך האלוף עוזי נרקיס/עמיחי פאגלין,69,Jerusalem,4,7,1421,10,3428,0.4145,31.826556,35.235966,Jerusalem,Jerusalem
11824,צומת גבעת מרדכי/בייט,9,Jerusalem,4,11,1360,15,3204,0.4245,31.767092,35.193225,Jerusalem,Jerusalem
21799,צומת בית דגן,7,Tel Aviv / Center,4,9,1332,15,2664,0.5,32.000365,34.821606,Center,Tel Aviv
17488,גרנד קניון/שמחה גולן,32,Haifa / North,4,5,1226,13,5609,0.2186,32.789197,35.008062,North,Haifa
1636,צומת אולגה,24,Tel Aviv / Center,4,10,1125,15,3876,0.2902,32.438329,34.890943,Center,Periphery
36797,כביש 3855/שדרות יגאל אלון,15,Jerusalem,4,8,1109,11,1912,0.58,31.751453,35.000784,Jerusalem,Periphery
4124,צומת כפר קרע,4,Periphery / North,4,6,1015,11,2660,0.3816,32.497446,35.063862,Center,Periphery
743,מחלף ירקון,10,Tel Aviv / Center,4,8,1000,11,2000,0.5,32.12281,34.903897,Center,Tel Aviv
22062,צומת שילת,45,Tel Aviv / Center,4,9,946,18,2958,0.3198,31.913079,35.016672,Center,Tel Aviv
8703,גבעת שאול/כתב סופר,15,Jerusalem,4,7,893,14,9628,0.0928,31.791222,35.195972,Jerusalem,Jerusalem
7381,מעזריטש/שדרות דרך האר''י,44,Jerusalem / Center,4,6,859,13,6377,0.1347,31.70371,35.125227,Jerusalem,Jerusalem
9914,המטה הארצי/קלרמון גנו,42,Jerusalem / Center,4,4,826,10,5030,0.1642,31.796605,35.231995,Jerusalem,Jerusalem
24928,מסוף רעננה/דרך השרון,3,Tel Aviv / Center,4,11,776,15,1723,0.4504,32.175756,34.890738,Center,Tel Aviv
13019,הרכבת/בני ברק,24,Tel Aviv / Center,4,5,699,12,4762,0.1468,32.060522,34.781999,Center,Tel Aviv
24467,בית משפט/טשרניחובסקי,10,Tel Aviv / Center,4,7,681,16,2730,0.2495,32.175709,34.891979,Center,Tel Aviv
10703,ההגנה/אצ''ל,41,Jerusalem,4,5,643,8,3150,0.2041,31.803953,35.236591,Jerusalem,Jerusalem
14227,כביש 4/מחלף מורשה,10,Tel Aviv / Center,4,9,636,12,976,0.6516,32.124662,34.856328,Center,Tel Aviv
22235,מחלף נתניה,50,Tel Aviv / Center,4,7,620,16,3802,0.1631,32.324197,34.867696,Center,Tel Aviv
24468,כביש 4/מחלף בר אילן,37,Tel Aviv / Center,4,7,607,13,4098,0.1481,32.065048,34.838934,Center,Tel Aviv
14165,סינמה סיטי/כביש 2,50,Tel Aviv / Center,4,5,492,12,4444,0.1107,32.148067,34.803856,Center,Tel Aviv
48481,שדרות שז''ר/בנייני האומה,15,Jerusalem,4,5,468,16,4420,0.1059,31.787719,35.202632,Jerusalem,Jerusalem
43054,צומת ישי/כביש 77,5,Periphery / North,4,5,465,7,838,0.5549,32.707873,35.153331,North,Haifa
26604,צומת איתן,6,Periphery / Center,4,6,462,14,1282,0.3604,31.572822,34.758707,Center,Periphery
38393,המחקר/אבא הלל סילבר,7,Tel Aviv / Center,4,4,419,10,2076,0.2018,31.964181,34.90083,Center,Tel Aviv
12979,גבעת שמואל/גשר הולכי רגל,37,Tel Aviv / Center,4,5,396,8,3444,0.115,32.082795,34.845457,Center,Tel Aviv
24791,צומת אל על,7,Tel Aviv / Center,4,6,337,14,2196,0.1535,31.991429,34.906913,Center,Tel Aviv
21269,צומת גבעת אבני/לביא,16,Periphery / North,4,4,318,9,1924,0.1653,32.780978,35.433721,North,Periphery
47907,ת. מרכזית יבנה/רציפים,51,Tel Aviv / Center,4,5,289,6,522,0.5536,31.890474,34.732193,Center,Tel Aviv
26707,צומת הנגב,0,Beer Sheva / South,4,6,283,14,1170,0.2419,31.067243,34.838615,South,Beer Sheva
23400,צומת שוהם,7,Tel Aviv / Center,4,5,273,12,1438,0.1898,32.006629,34.953441,Center,Tel Aviv
16031,צומת אל על,7,Tel Aviv / Center,4,4,272,10,1416,0.1921,31.990644,34.908127,Center,Tel Aviv
26710,צומת הנגב,43,Periphery / South,4,7,218,10,436,0.5,31.066509,34.839321,South,Beer Sheva
3996,מחלף יגור,34,Haifa / North,4,5,218,9,2282,0.0955,32.754292,35.070839,North,Haifa
4222,מחלף גולני/לכיוון צפון,5,Periphery / North,4,7,207,9,1138,0.1819,32.772886,35.407323,North,Periphery
23419,צומת אלעד,67,Tel Aviv / Center,4,6,203,7,274,0.7409,32.053275,34.943571,Center,Tel Aviv
10886,מסעף מבוא ביתר,44,Jerusalem / Center,4,5,188,11,1448,0.1298,31.719594,35.102603,Jerusalem,Jerusalem
29503,מחלף הכפר הירוק,24,Tel Aviv / Center,4,9,181,12,616,0.2938,32.135579,34.833007,Center,Tel Aviv
10818,צומת האלה,6,Periphery / Center,4,7,174,10,418,0.4163,31.686561,34.946639,Center,Periphery
27778,צומת בית קמה לדרום,0,Beer Sheva / South,4,6,149,9,314,0.4745,31.441212,34.763314,South,Beer Sheva
3956,מחלף יגור,34,Haifa / North,4,4,138,14,2058,0.0671,32.752539,35.069758,North,Haifa
49662,ביר באקה/כביש 61,56,Periphery / Center,4,5,131,7,404,0.3243,32.413215,35.029254,Center,Periphery
23713,שדרות היובל/נחלת יהודה,12,Tel Aviv / Center,4,6,113,10,612,0.1846,31.979315,34.797832,Center,Tel Aviv
27918,ת.מרכזית באר שבע/הורדה,0,Beer Sheva / South,4,4,112,14,3562,0.0314,31.243017,34.796138,South,Beer Sheva
3029,הרצל/זבולון,28,Haifa / North,4,5,84,8,1046,0.0803,32.804682,35.003205,North,Haifa
2091,טרומפלדור/מרכז זיו,32,Haifa / North,4,5,81,9,7532,0.0108,32.78356,35.014971,North,Haifa
15176,צומת ניצני עוז,3,Tel Aviv / Center,4,5,57,9,604,0.0944,32.312045,34.998098,Center,Periphery
21786,צומת כפר סבא רעננה צפון,3,Tel Aviv / Center,4,5,55,12,1446,0.038,32.192382,34.888841,Center,Tel Aviv
27842,מסעף נתיבות/מרכז העיר,13,Periphery / South,4,5,41,15,1308,0.0313,31.424305,34.601822,South,Periphery
5020,צומת עוקף עפולה/מעונות הסטודנטים,4,Periphery / North,4,4,38,12,1906,0.0199,32.622273,35.289279,North,Periphery
21788,בן גוריון/לבון,3,Tel Aviv / Center,4,4,27,7,54,0.5,32.278581,34.849664,Center,Tel Aviv
49791,מסוף מודיעין עילית,16,Periphery / North,4,5,18,6,24,0.75,31.935834,35.03744,Center,Tel Aviv
10775,גשר המיתרים/שד' הרצל,15,Jerusalem,3,10,3804,37,18976,0.2005,31.787162,35.199533,Jerusalem,Jerusalem
13221,ת. רכבת האוניברסיטה/שד' רוקח,37,Tel Aviv / Center,3,10,2309,13,4618,0.5,32.102578,34.805312,Center,Tel Aviv
12959,צומת חולון/דרך השיריון,24,Tel Aviv / Center,3,4,2186,7,4352,0.5023,32.038789,34.779755,Center,Tel Aviv
21318,מסעף משמר השבעה,51,Tel Aviv / Center,3,4,1894,6,3240,0.5846,32.006425,34.81701,Center,Tel Aviv
10287,עמיחי גידי פאגלין/שדרות משה דיין,39,Jerusalem,3,6,1711,9,3852,0.4442,31.826095,35.239105,Jerusalem,Jerusalem
10328,תחנת רקל''ה גבעת המבתר/יגאל ידין,15,Jerusalem,3,11,1440,16,3152,0.4569,31.806874,35.234922,Jerusalem,Jerusalem
19488,מסעף מנשיה זבדה,34,Haifa / North,3,3,1224,5,2448,0.5,32.701877,35.193101,North,Haifa
22046,צומת מודיעין מזרח,41,Jerusalem,3,9,1216,12,2432,0.5,31.910515,35.017141,Center,Tel Aviv
10707,המטה הארצי/שדרות חיים ברלב,11,Jerusalem,3,3,1177,5,2348,0.5013,31.797849,35.231266,Jerusalem,Jerusalem
3437,גרנד קניון/שמחה גולן,32,Haifa / North,3,7,1148,15,5714,0.2009,32.789085,35.008567,North,Haifa
8125,משטרת מעלה אדומים/דרך הר הבית,42,Jerusalem / Center,3,6,954,9,2112,0.4517,31.767998,35.291749,Jerusalem,Jerusalem
3845,החשמל/חטיבת כרמלי,28,Haifa / North,3,3,946,4,1884,0.5021,32.797915,35.01694,North,Haifa
10193,תחנת רקל''ה גבעת המבתר/'יגאל ידין,69,Jerusalem,3,8,939,17,3912,0.24,31.806441,35.233698,Jerusalem,Jerusalem
741,מחלף ירקון,17,Tel Aviv / Center,3,4,919,7,2838,0.3238,32.119907,34.903229,Center,Tel Aviv
11590,מוסא פלד/עמיחי פאגלין,39,Jerusalem,3,5,855,8,2434,0.3513,31.827878,35.236251,Jerusalem,Jerusalem
19456,צומת יקנעם עילית,24,Tel Aviv / Center,3,7,825,12,1650,0.5,32.66086,35.104358,North,Haifa
27849,צומת גילת לדרום,0,Beer Sheva / South,3,10,816,16,1620,0.5037,31.33702,34.654274,South,Beer Sheva
15884,מחלף שעריה לדרום,17,Tel Aviv / Center,3,9,767,14,1534,0.5,32.06792,34.903209,Center,Tel Aviv
20224,מחלף ישי/כביש 77,5,Periphery / North,3,6,719,11,1438,0.5,32.70871,35.157937,North,Haifa
10776,שדרות שז''ר/בנייני האומה,15,Jerusalem,3,5,698,19,6794,0.1027,31.787569,35.203469,Jerusalem,Jerusalem
47119,רבי שלמה זלמן דרוק,69,Jerusalem,3,4,677,9,6084,0.1113,31.808806,35.214009,Jerusalem,Jerusalem
15233,מחלף נתניה,24,Tel Aviv / Center,3,7,676,18,3972,0.1702,32.323729,34.867107,Center,Tel Aviv
13429,ת. רכבת צומת חולון,24,Tel Aviv / Center,3,5,672,8,4166,0.1613,32.037191,34.778231,Center,Tel Aviv
7294,מחלף בית חורון,41,Jerusalem,3,3,622,10,3556,0.1749,31.872495,35.132687,Jerusalem,Jerusalem
10781,ת. רק''ל גבעת המבתר/דרך שועפאט,15,Jerusalem,3,3,592,4,972,0.6091,31.805693,35.234709,Jerusalem,Jerusalem
13481,יצחק אלחנן/הכרמל,24,Tel Aviv / Center,3,8,587,14,8871,0.0662,32.065425,34.765682,Center,Tel Aviv
24787,צומת צריפין לצפון,7,Tel Aviv / Center,3,6,580,17,3324,0.1745,31.969932,34.843347,Center,Tel Aviv
42707,יעקב דורי/דרך מנחם בגין,24,Tel Aviv / Center,3,3,552,7,2182,0.253,32.085216,34.798729,Center,Tel Aviv
49615,דרך יגאל ידין,32,Haifa / North,3,4,518,5,886,0.5847,32.795226,35.036336,North,Haifa
21851,מסעף יסודות,15,Jerusalem,3,6,490,19,2420,0.2025,31.809807,34.859725,Center,Periphery
15883,מחלף פתח תקווה דרום לצפון,7,Tel Aviv / Center,3,4,474,8,2170,0.2184,32.069101,34.903747,Center,Tel Aviv
10515,חניון הלאום/שד' הנשיא השישי,15,Jerusalem,3,4,470,16,7205,0.0652,31.783139,35.203037,Jerusalem,Jerusalem
24507,מרכז הוד השרון/דרך רמתיים,10,Tel Aviv / Center,3,4,466,10,2490,0.1871,32.154318,34.894754,Center,Tel Aviv
25252,צומת גנים/כביש 40,17,Tel Aviv / Center,3,5,465,8,1488,0.3125,32.097552,34.901218,Center,Tel Aviv
19598,מחלף גולני/לכיוון דרום,4,Periphery / North,3,4,447,6,894,0.5,32.772039,35.407109,North,Periphery
24428,אחוזה/רבוצקי,14,Tel Aviv / Center,3,3,446,9,2272,0.1963,32.178505,34.883219,Center,Tel Aviv
19597,מחנה נפתלי,4,Periphery / North,3,3,441,5,882,0.5,32.761395,35.411085,North,Periphery
13239,ביה''ח איכילוב/ויצמן,24,Tel Aviv / Center,3,4,439,9,3616,0.1214,32.080816,34.788879,Center,Tel Aviv
10186,מטה ארצי/קלרמון גנו,41,Jerusalem,3,3,438,6,1696,0.2583,31.796437,35.232582,Jerusalem,Jerusalem
750,צומת רכבת ראש העין צפון,35,Tel Aviv / Center,3,4,420,16,1980,0.2121,32.123156,34.93743,Center,Tel Aviv
13086,המעפילים/נורדאו,24,Tel Aviv / Center,3,5,402,6,596,0.6745,32.179674,34.817979,Center,Tel Aviv
11742,שדרות חיים ברלב/שרגאי,11,Jerusalem,3,5,397,8,3692,0.1075,31.797236,35.230183,Jerusalem,Jerusalem
15413,צומת ניר גלים,20,Periphery / Center,3,3,393,6,2652,0.1482,31.829161,34.687274,Center,Tel Aviv
714,פנחס לבון/גולדה מאיר,3,Tel Aviv / Center,3,3,384,8,2332,0.1647,32.278938,34.851073,Center,Tel Aviv
19455,צומת יקנעם עילית,58,Haifa / North,3,4,364,11,2520,0.1444,32.661858,35.105401,North,Haifa
15412,מסעף גן יבנה,20,Periphery / Center,3,6,357,8,586,0.6092,31.782979,34.674618,Center,Periphery
35060,מסילת ישרים/שדרות בית הלל,45,Tel Aviv / Center,3,5,344,8,4372,0.0787,31.935677,35.037737,Center,Tel Aviv
11734,ת. מרכזית ירושלים/הורדה,15,Jerusalem,3,5,343,11,4508,0.0761,31.789082,35.202487,Jerusalem,Jerusalem
4888,צומת יקנעם המושבה,58,Haifa / North,3,5,343,8,1556,0.2204,32.667848,35.108626,North,Haifa
18959,צומת שפרעם,5,Periphery / North,3,5,342,8,1152,0.2969,32.795377,35.170547,North,Haifa
38944,גשר דוד שיפמן /דרך מנחם בגין,25,Tel Aviv / Center,3,5,334,6,616,0.5422,32.080454,34.797667,Center,Tel Aviv
11120,מחלף מסילת ציון,15,Jerusalem,3,3,332,9,1888,0.1758,31.798074,35.014756,Jerusalem,Jerusalem
23401,צומת שוהם,45,Tel Aviv / Center,3,9,331,12,632,0.5237,32.007722,34.953684,Center,Tel Aviv
19571,צומת התשבי,34,Haifa / North,3,3,326,6,638,0.511,32.672985,35.107967,North,Haifa
35287,קניון ראשונים/שדרות נים,12,Tel Aviv / Center,3,4,321,15,1876,0.1711,31.949262,34.804653,Center,Tel Aviv
11119,מחלף מסילת ציון,15,Jerusalem,3,3,320,10,1936,0.1653,31.798378,35.014456,Jerusalem,Jerusalem
18876,צומת חנניה צומת שבע,48,Periphery / North,3,8,318,13,636,0.5,32.928025,35.406759,North,Periphery
35286,קניון ראשונים/שדרות נים,12,Tel Aviv / Center,3,4,311,15,1904,0.1633,31.949172,34.805243,Center,Tel Aviv
727,פארק סיבל/יציאה מכביש 5,35,Tel Aviv / Center,3,6,287,11,1090,0.2633,32.10624,34.961352,Center,Tel Aviv
18788,צומת התשבי,58,Haifa / North,3,3,287,5,1114,0.2576,32.671844,35.107764,North,Haifa
13074,מחלף גלילות/כביש 5,50,Tel Aviv / Center,3,4,278,6,800,0.3475,32.140398,34.80238,Center,Tel Aviv
2534,עצמאות/בית וגן,57,Haifa / North,3,6,276,11,1096,0.2518,32.799637,35.103066,North,Haifa
18958,צומת שפרעם,5,Periphery / North,3,7,268,9,926,0.2894,32.796384,35.169748,North,Haifa
19831,ת.מרכזית עכו/דרך הארבעה,29,Haifa / North,3,3,264,12,2606,0.1013,32.9272,35.079629,North,Haifa
23145,צומת מכבים רעות,41,Jerusalem,3,3,252,5,500,0.504,31.903111,35.026099,Center,Periphery
20534,ת.מרכזית עכו/דרך הארבעה,29,Haifa / North,3,3,252,13,3068,0.0821,32.926115,35.078693,North,Haifa
3668,צומת זבולון,34,Haifa / North,3,5,251,7,502,0.5,32.767722,35.102802,North,Haifa
2881,העצמאות/בית וגן,57,Haifa / North,3,7,233,12,996,0.2339,32.79879,35.102497,North,Haifa
50187,מסוף אלוף שדה,37,Tel Aviv / Center,3,4,231,6,1058,0.2183,32.054928,34.833997,Center,Tel Aviv
25399,צומת בני דרום,6,Periphery / Center,3,3,230,5,456,0.5044,31.822023,34.706642,Center,Periphery
15993,מחלף ראש העין דרום לדרום,25,Tel Aviv / Center,3,6,222,11,928,0.2392,32.082903,34.950875,Center,Tel Aviv
29383,מחלף גלילות/דרך נמיר,24,Tel Aviv / Center,3,4,220,10,3206,0.0686,32.140196,34.800766,Center,Tel Aviv
5892,צומת מזאריב,5,Periphery / North,3,3,220,5,440,0.5,32.711514,35.211885,North,Haifa
16542,ככר המשוררים,35,Tel Aviv / Center,3,3,216,7,1970,0.1096,32.087423,34.954011,Center,Tel Aviv
18818,מסעף כאבול,33,Haifa / North,3,4,215,6,322,0.6677,32.877406,35.177806,North,Haifa
2673,צומת זבולון,34,Haifa / North,3,3,214,7,822,0.2603,32.767894,35.101237,North,Haifa
742,מחלף ירקון,17,Tel Aviv / Center,3,6,214,12,2174,0.0984,32.120694,34.904657,Center,Tel Aviv
28294,מסעף דימונה/פרץ סנטר,43,Periphery / South,3,5,211,14,1510,0.1397,31.062378,35.0192,South,Periphery
2092,טרומפלדור/כיכר דוד,32,Haifa / North,3,3,210,9,8086,0.026,32.784852,35.017412,North,Haifa
24535,מרכז הוד השרון/דרך רמתיים,10,Tel Aviv / Center,3,4,210,14,2440,0.0861,32.154639,34.894508,Center,Tel Aviv
24713,ת. רכבת מודיעין מרכז,36,Tel Aviv / Center,3,4,200,15,2981,0.0671,31.901335,35.004985,Center,Tel Aviv
18831,צומת יבור,33,Haifa / North,3,3,200,4,308,0.6494,32.892355,35.181933,North,Haifa
1569,צומת חריש לצפון,23,Periphery / Center,3,4,195,10,1460,0.1336,32.472127,35.020284,Center,Periphery
48342,מסוף רעננה/רציפים,10,Tel Aviv / Center,3,6,192,10,582,0.3299,32.175565,34.890269,Center,Tel Aviv
1766,מסעף שפרעם צפון,33,Haifa / North,3,3,186,5,554,0.3357,32.821535,35.149518,North,Haifa
27805,צומת אבן שמואל,6,Periphery / Center,3,3,183,12,1190,0.1538,31.573779,34.759109,Center,Periphery
25299,צומת עינת לדרום/כביש 444,17,Tel Aviv / Center,3,4,177,6,354,0.5,32.089444,34.944143,Center,Tel Aviv
3276,צומת כפר חסידים,34,Haifa / North,3,3,169,7,820,0.2061,32.762526,35.089342,North,Haifa
14354,צומת הכפר הירוק,14,Tel Aviv / Center,3,4,163,8,1848,0.0882,32.132791,34.832617,Center,Tel Aviv
34346,צומת אלפי מנשה,38,Periphery / Center,3,4,159,5,318,0.5,32.176884,34.980582,Center,Tel Aviv
3489,צומת פוריידיס,24,Tel Aviv / Center,3,3,148,9,1170,0.1265,32.592688,34.946426,North,Haifa
27901,צומת דבירה,0,Beer Sheva / South,3,6,148,14,670,0.2209,31.422247,34.784296,South,Beer Sheva
41168,שדרות יגאל אלון/3855,21,Periphery / Jerusalem,3,5,142,9,342,0.4152,31.752143,35.000006,Jerusalem,Periphery
14594,סינמה סיטי,50,Tel Aviv / Center,3,7,141,12,496,0.2843,32.146643,34.806754,Center,Tel Aviv
23551,משה דיין/יצחק בן צבי,12,Tel Aviv / Center,3,3,140,7,1534,0.0913,31.977782,34.79022,Center,Tel Aviv
13192,מחלף גהה צפון,37,Tel Aviv / Center,3,3,136,4,260,0.5231,32.092999,34.846516,Center,Tel Aviv
3521,מת''מ,46,Haifa / North,3,4,136,13,11540,0.0118,32.790385,34.96134,North,Haifa
22742,מחלף קסם,35,Tel Aviv / Center,3,5,134,9,1298,0.1032,32.113766,34.939325,Center,Tel Aviv
4089,צומת כפר קרע,4,Periphery / North,3,4,124,6,904,0.1372,32.498074,35.062863,Center,Periphery
20409,מסעף קיבוץ קדרים לדרום,1,Periphery / North,3,4,116,11,1140,0.1018,32.893187,35.479712,North,Periphery
599,ת. מרכזית נתניה/הורדה,3,Tel Aviv / Center,3,3,114,10,2720,0.0419,32.327128,34.85839,Center,Tel Aviv
25404,מחלף גדרה למערב,6,Periphery / Center,3,4,114,11,1182,0.0964,31.805818,34.764776,Center,Periphery
12408,פרץ סנטר /כביש 25,43,Periphery / South,3,4,106,10,1510,0.0702,31.061575,35.020321,South,Periphery
42872,ת. רכבת תל אביב- סבידור/רציפים A,24,Tel Aviv / Center,3,4,105,6,217,0.4839,32.083157,34.796089,Center,Tel Aviv
4122,צומת כרכור,23,Periphery / Center,3,4,103,7,2678,0.0385,32.4654,34.994606,Center,Periphery
23099,צומת מתקן אדם,36,Tel Aviv / Center,3,3,93,8,2386,0.039,31.947452,34.964215,Center,Tel Aviv
24458,מסוף רעננה/נתיב האבות,10,Tel Aviv / Center,3,5,90,7,770,0.1169,32.17488,34.890696,Center,Tel Aviv
540,פרופסור אלברט איינשטיין/פרופסור שור,3,Tel Aviv / Center,3,3,90,7,2636,0.0341,32.340353,34.870635,Center,Tel Aviv
3265,צומת כפר חסידים/כביש 762,34,Haifa / North,3,3,78,7,1426,0.0547,32.761556,35.089118,North,Haifa
48456,כביש 423/מרגולין,26,Tel Aviv / Center,3,3,76,4,140,0.5429,31.933237,34.814294,Center,Tel Aviv
10448,מצודת אדומים,69,Jerusalem,3,3,75,6,474,0.1582,31.798094,35.257522,Jerusalem,Jerusalem
25918,בני ברית/האורגים,20,Periphery / Center,3,3,71,11,3946,0.018,31.809569,34.664104,Center,Periphery
42405,תחנת התרעננות/צומת מגידו,4,Periphery / North,3,4,71,10,288,0.2465,32.573184,35.196511,North,Periphery
18913,צומת ישי,34,Haifa / North,3,3,70,6,2456,0.0285,32.707505,35.157884,North,Haifa
29450,צומת הרצליה,24,Tel Aviv / Center,3,3,69,14,4068,0.017,32.164486,34.813124,Center,Tel Aviv
25550,שד.בני ברית/הנחושת,20,Periphery / Center,3,3,65,8,2814,0.0231,31.810496,34.664834,Center,Periphery
13056,יגאל אלון/דרך השלום,24,Tel Aviv / Center,3,4,62,14,3214,0.0193,32.073136,34.794982,Center,Tel Aviv
27865,צומת ניר עם,13,Periphery / South,3,3,62,10,870,0.0713,31.517158,34.586272,South,Periphery
8693,דרוק/קהילות יעקב,69,Jerusalem,3,5,56,9,5427,0.0103,31.813029,35.219342,Jerusalem,Jerusalem
23478,צומת עינת לצפון/כביש 444,35,Tel Aviv / Center,3,4,56,8,456,0.1228,32.090468,34.943421,Center,Tel Aviv
49677,ביר באקה/כביש 61,56,Periphery / Center,3,3,56,6,398,0.1407,32.413196,35.028604,Center,Periphery
8806,אגרות משה/חזון איש,69,Jerusalem,3,6,52,10,5410,0.0096,31.80829,35.225149,Jerusalem,Jerusalem
19581,צומת אחיהוד,29,Haifa / North,3,5,52,12,1890,0.0275,32.911913,35.167244,North,Haifa
8851,המ''ג/ירמיהו,15,Jerusalem,3,4,49,12,4876,0.01,31.790655,35.199964,Jerusalem,Jerusalem
44799,הרב מנחם בצרי/שדרות גולדה מאיר,41,Jerusalem,3,6,48,10,120,0.4,31.798707,35.211442,Jerusalem,Jerusalem
42876,ת. רכבת תל אביב- סבידור/רציפים A,24,Tel Aviv / Center,3,3,48,5,623,0.077,32.083157,34.796089,Center,Tel Aviv
19576,צומת אבליים,27,Haifa / North,3,6,48,11,470,0.1021,32.825162,35.152451,North,Haifa
27792,צומת אשקלון,22,Periphery / Center,3,3,46,12,936,0.0491,31.658183,34.601906,Center,Periphery
50802,דרך מנחם בגין/דרך ירושלים,26,Tel Aviv / Center,3,3,46,9,466,0.0987,31.890955,34.832069,Center,Tel Aviv
18829,מסעף אחיהוד,29,Haifa / North,3,3,40,6,440,0.0909,32.907594,35.168249,North,Haifa
28114,אלומה/מרכז,6,Periphery / Center,3,4,40,19,382,0.1047,31.651214,34.743265,Center,Periphery
36134,מחלף גולני/מקדונלדס למערב,5,Periphery / North,3,4,40,7,750,0.0533,32.774995,35.406577,North,Periphery
49229,דרך מנחם בגין/דרך ירושלים,26,Tel Aviv / Center,3,4,39,10,286,0.1364,31.891538,34.830916,Center,Tel Aviv
10792,שדרות גולדה מאיר/יצחק מירסקי,41,Jerusalem,3,5,38,15,9502,0.004,31.822289,35.189471,Jerusalem,Jerusalem
18826,מסעף אחיהוד,29,Haifa / North,3,3,33,5,422,0.0782,32.906283,35.168572,North,Haifa
2444,רופין/קניאל,32,Haifa / North,3,5,30,14,2456,0.0122,32.799437,35.002022,North,Haifa
10084,גבעת שאול/עקיבא אזולאי,15,Jerusalem,3,3,30,12,3780,0.0079,31.793166,35.188768,Jerusalem,Jerusalem
25975,שדרות הפלמח/חטיבת כרמלי,20,Periphery / Center,3,3,28,12,4724,0.0059,31.804129,34.660742,Center,Periphery
25549,בני ברית/הפלמח,20,Periphery / Center,3,3,28,8,2982,0.0094,31.805193,34.661045,Center,Periphery
15177,צומת ניצני עוז,3,Tel Aviv / Center,3,3,24,4,48,0.5,32.31182,34.999902,Center,Periphery
18803,מסעף נעמה,27,Haifa / North,3,3,23,6,588,0.0391,32.822373,35.149849,North,Haifa
8667,המ''ג/ירמיהו,15,Jerusalem,3,3,22,13,4781,0.0046,31.790711,35.200059,Jerusalem,Jerusalem
19672,צומת פוריה,16,Periphery / North,3,3,22,8,522,0.0421,32.785352,35.495108,North,Periphery
4219,צומת פוריה,16,Periphery / North,3,3,22,11,1986,0.0111,32.786112,35.494281,North,Periphery
20370,צומת כפר תבור,4,Periphery / North,3,3,21,9,972,0.0216,32.690638,35.418975,North,Periphery
27522,מלכי ישראל/יציאה צפונית,6,Periphery / Center,3,3,16,18,3846,0.0042,31.619029,34.767723,Center,Periphery
10123,תחנת רקל''ה שמעון הצדיק/שדרות בר לב,11,Jerusalem,3,4,14,6,3362,0.0042,31.794137,35.226814,Jerusalem,Jerusalem
20792,מירון מרכז,48,Periphery / North,3,3,14,12,312,0.0449,32.984122,35.441198,North,Periphery
28329,צומת לקיה,0,Beer Sheva / South,3,3,14,10,98,0.1429,31.328702,34.878238,South,Beer Sheva
20504,מעון נווה רם/הרב עובדיה יוסף,34,Haifa / North,3,3,13,6,1134,0.0115,32.756128,35.094914,North,Haifa
18918,מושב מירון,48,Periphery / North,3,3,12,8,442,0.0271,32.983535,35.443474,North,Periphery
24779,מחלף גהה/ז'בוטינסקי,37,Tel Aviv / Center,2,4,3994,8,7792,0.5126,32.092697,34.848252,Center,Tel Aviv
10136,הנביאים/הרב קוק,11,Jerusalem,2,3,3648,5,7296,0.5,31.783873,35.220946,Jerusalem,Jerusalem
9574,ככר הדוידקה/הנביאים,11,Jerusalem,2,3,3207,5,8039,0.3989,31.784994,35.215658,Jerusalem,Jerusalem
9652,שד' אשכול/ברלב,41,Jerusalem,2,5,3012,6,6024,0.5,31.800208,35.231787,Jerusalem,Jerusalem
10785,בית המדרש גור/ירמיהו,15,Jerusalem,2,2,2784,3,5564,0.5004,31.792403,35.212878,Jerusalem,Jerusalem
12890,ת. רכבת תל אביב סבידור/על פרשת דרכים,37,Tel Aviv / Center,2,7,2782,12,8164,0.3408,32.08224,34.795351,Center,Tel Aviv
10721,ירמיהו/מנחת יצחק,41,Jerusalem,2,8,2772,10,5529,0.5014,31.792289,35.211015,Jerusalem,Jerusalem
3931,דרך הדשנים/צומת קרית אתא,57,Haifa / North,2,4,2648,6,4849,0.5461,32.810123,35.070699,North,Haifa
1249,הסתדרות/צומת קרית אתא,34,Haifa / North,2,8,2602,11,4710,0.5524,32.810104,35.06881,North,Haifa
8636,גולדה/שלמה הלוי,41,Jerusalem,2,10,2596,16,13156,0.1973,31.8003,35.208257,Jerusalem,Jerusalem
24763,צומת חולון,51,Tel Aviv / Center,2,4,2595,9,5486,0.473,32.037572,34.779659,Center,Tel Aviv
13428,ת. רכבת צומת חולון/לוי אשכול,24,Tel Aviv / Center,2,4,2528,5,4020,0.6289,32.037502,34.777816,Center,Tel Aviv
21872,כיכר הלוחמים/לוי אשכול,24,Tel Aviv / Center,2,4,2493,5,3904,0.6386,32.030302,34.774231,Center,Tel Aviv
9544,הרצוג/טשרניחובסקי,9,Jerusalem,2,5,2271,8,3944,0.5758,31.769652,35.208248,Jerusalem,Jerusalem
49354,בר אילן/צפניה,39,Jerusalem,2,3,2256,4,4512,0.5,31.793723,35.215746,Jerusalem,Jerusalem
3962,מרכז חורב/חורב,28,Haifa / North,2,4,2238,8,5240,0.4271,32.785681,34.985923,North,Haifa
3899,משטרת קרית חיים/ההסתדרות,27,Haifa / North,2,2,2038,4,5100,0.3996,32.815556,35.074795,North,Haifa
8639,גבעת משה,41,Jerusalem,2,3,1892,10,7074,0.2675,31.797535,35.217057,Jerusalem,Jerusalem
1862,חורב/מאפו,28,Haifa / North,2,3,1890,4,3780,0.5,32.787024,34.985451,North,Haifa
21880,בית ספר מקווה ישראל/כביש 44,51,Tel Aviv / Center,2,2,1848,5,3696,0.5,32.035196,34.785937,Center,Tel Aviv
47406,כיכר רבין/אבן גבירול,24,Tel Aviv / Center,2,7,1822,12,4188,0.4351,32.079138,34.781405,Center,Tel Aviv
12990,בית הדר דפנה/שד' שאול המלך,24,Tel Aviv / Center,2,5,1765,11,5548,0.3181,32.077609,34.791101,Center,Tel Aviv
10492,שטראוס/פראג,41,Jerusalem,2,2,1748,4,6826,0.2561,31.785084,35.218759,Jerusalem,Jerusalem
11793,כי''ח/יפו,15,Jerusalem,2,2,1722,3,3444,0.5,31.784498,35.21412,Jerusalem,Jerusalem
2151,יד לבנים/הגיבורים,32,Haifa / North,2,4,1700,6,3974,0.4278,32.80028,35.011843,North,Haifa
1860,מרכז חורב/פיקא,32,Haifa / North,2,2,1687,8,4760,0.3544,32.785094,34.98734,North,Haifa
9468,ישעיהו/דוד ילין,15,Jerusalem,2,2,1687,4,3374,0.5,31.786481,35.217605,Jerusalem,Jerusalem
9485,שד' אשכול/משמר הגבול,39,Jerusalem,2,3,1681,5,7260,0.2315,31.797691,35.222887,Jerusalem,Jerusalem
1877,פיקא/הראל,32,Haifa / North,2,3,1675,6,4188,0.4,32.787918,34.991564,North,Haifa
13198,ת.רק''ל אבא הלל/דרך ז'בוטינסקי,37,Tel Aviv / Center,2,2,1648,5,8832,0.1866,32.083114,34.80505,Center,Tel Aviv
2804,פרויד,46,Haifa / North,2,3,1632,4,3264,0.5,32.77939,34.98825,North,Haifa
13708,גימנסיה הרצליה/ז'בוטינסקי,50,Tel Aviv / Center,2,3,1631,5,3262,0.5,32.087558,34.784929,Center,Tel Aviv
13170,צומת חולון/דרך בן צבי,31,Tel Aviv / Center,2,3,1613,5,3226,0.5,32.039169,34.777451,Center,Tel Aviv
13822,עליית הנוער/נחלת יצחק,24,Tel Aviv / Center,2,6,1604,8,2736,0.5863,32.074097,34.801249,Center,Tel Aviv
50332,ת.רק''ל אבא הלל/דרך ז'בוטינסקי,24,Tel Aviv / Center,2,3,1593,13,11832,0.1346,32.083005,34.802272,Center,Tel Aviv
50932,ת.רק''ל גבעת התחמושת/שדרות חיים בר לב,11,Jerusalem,2,2,1584,3,3168,0.5,31.798325,35.231456,Jerusalem,Jerusalem
13257,קריית שלום/דרך בן צבי,31,Tel Aviv / Center,2,3,1579,5,3158,0.5,32.040173,34.775256,Center,Tel Aviv
8797,האדמור מלובאויטש/דרוק,69,Jerusalem,2,3,1555,5,3870,0.4018,31.809878,35.21414,Jerusalem,Jerusalem
8638,גבעת משה,15,Jerusalem,2,8,1541,11,3062,0.5033,31.797708,35.217133,Jerusalem,Jerusalem
11294,שפע חיים/שדרות גולדה מאיר,15,Jerusalem,2,7,1525,17,5345,0.2853,31.798773,35.213278,Jerusalem,Jerusalem
38945,גשר דוד שיפמן /דרך מנחם בגין,37,Tel Aviv / Center,2,6,1489,7,2644,0.5632,32.080412,34.797359,Center,Tel Aviv
9824,טשרניחובסקי/הרצוג,11,Jerusalem,2,5,1487,7,3646,0.4078,31.76883,35.208226,Jerusalem,Jerusalem
1859,מרכז חורב/חורב,46,Haifa / North,2,4,1474,5,2948,0.5,32.784166,34.986637,North,Haifa
29634,יוסף לוי/הכובשים,24,Tel Aviv / Center,2,3,1469,7,2843,0.5167,32.065867,34.764095,Center,Tel Aviv
9421,עזה/הרב ברלין,15,Jerusalem,2,2,1448,3,2896,0.5,31.771226,35.212592,Jerusalem,Jerusalem
24091,בן גוריון/רבינוביץ,12,Tel Aviv / Center,2,3,1410,4,2820,0.5,31.998082,34.767431,Center,Tel Aviv
24092,בן גוריון/רבינוביץ,12,Tel Aviv / Center,2,3,1389,4,2778,0.5,31.99857,34.767241,Center,Tel Aviv
24143,תיאטרון חולון/קוגל,51,Tel Aviv / Center,2,2,1387,3,2774,0.5,32.026968,34.773716,Center,Tel Aviv
47982,גולדה מאיר/שלמה הלוי,41,Jerusalem,2,4,1384,7,11302,0.1225,31.799622,35.209612,Jerusalem,Jerusalem
21520,כיכר הלוחמים/קוגל,51,Tel Aviv / Center,2,2,1367,3,2734,0.5,32.028159,34.773348,Center,Tel Aviv
13042,חברת החשמל/דרך מנחם בגין,24,Tel Aviv / Center,2,2,1362,11,4910,0.2774,32.061845,34.777575,Center,Tel Aviv
24855,כיכר הלוחמים/איצטדיון,31,Tel Aviv / Center,2,3,1355,6,2710,0.5,32.029474,34.772367,Center,Tel Aviv
10519,הנביאים/הרב קוק,11,Jerusalem,2,3,1348,6,6790,0.1985,31.783673,35.221369,Jerusalem,Jerusalem
37729,מחלף גולדה מאיר/גולדה מאיר,41,Jerusalem,2,2,1299,3,2598,0.5,31.802676,35.20421,Jerusalem,Jerusalem
49988,מקווה ישראל/אריה שנקר,51,Tel Aviv / Center,2,2,1287,3,2574,0.5,32.028533,34.776774,Center,Tel Aviv
14564,אבן גבירול/שד' רוקח,24,Tel Aviv / Center,2,4,1271,8,3268,0.3889,32.09801,34.783417,Center,Tel Aviv
13479,המרד/פינס,31,Tel Aviv / Center,2,2,1251,3,2502,0.5,32.065078,34.764763,Center,Tel Aviv
11291,שפע חיים/שדרות גולדה מאיר,15,Jerusalem,2,4,1227,11,2954,0.4154,31.799332,35.213261,Jerusalem,Jerusalem
728,מחלף ראש העין מזרח,17,Tel Aviv / Center,2,6,1220,10,2424,0.5033,32.107139,34.961855,Center,Tel Aviv
13722,ויצמן/פנקס,24,Tel Aviv / Center,2,2,1175,4,2350,0.5,32.091496,34.790662,Center,Tel Aviv
35844,מטה המשטרה,34,Haifa / North,2,4,1157,5,2314,0.5,32.803135,35.010956,North,Haifa
37251,קרית מדע/גולדה מאיר,41,Jerusalem,2,4,1143,8,10958,0.1043,31.799436,35.211783,Jerusalem,Jerusalem
14142,שלונסקי/קהילת ונציה,50,Tel Aviv / Center,2,3,1120,4,2240,0.5,32.116311,34.822833,Center,Tel Aviv
14599,צומת בית דגן,12,Tel Aviv / Center,2,3,1115,6,2230,0.5,32.001227,34.820309,Center,Tel Aviv
23076,צומת כפר רות מערב,45,Tel Aviv / Center,2,3,1112,5,2956,0.3762,31.912999,35.022216,Center,Tel Aviv
24094,אהרונוביץ'/משה דיין,31,Tel Aviv / Center,2,3,1106,6,3220,0.3435,32.002074,34.767637,Center,Tel Aviv
11073,כביש 3855/רבי יוסף קארו,15,Jerusalem,2,7,1083,8,1864,0.581,31.746194,35.002247,Jerusalem,Periphery
12880,ערבי נחל/בורוכוב,25,Tel Aviv / Center,2,2,1082,6,2164,0.5,32.078332,34.800753,Center,Tel Aviv
25264,צומת גנים/הרב הרצוג,17,Tel Aviv / Center,2,2,1077,5,2720,0.396,32.096908,34.899947,Center,Tel Aviv
1246,בר יהודה/גשר פז,34,Haifa / North,2,3,1074,5,4402,0.244,32.798692,35.017746,North,Haifa
9560,בצלאל/טרומפלדור,15,Jerusalem,2,4,1056,12,5794,0.1823,31.780872,35.213538,Jerusalem,Jerusalem
13341,הרב כהנמן/קוקה קולה,37,Tel Aviv / Center,2,2,1052,6,9291,0.1132,32.078104,34.842242,Center,Tel Aviv
11604,שד' הזז/הרצוג,15,Jerusalem,2,2,1039,3,2078,0.5,31.770488,35.208835,Jerusalem,Jerusalem
2143,בר יהודה/גשר גדוד 21,28,Haifa / North,2,3,996,7,4070,0.2447,32.795491,35.022022,North,Haifa
13933,ביאליק/נורדאו,25,Tel Aviv / Center,2,2,958,6,3066,0.3125,32.084802,34.812421,Center,Tel Aviv
49994,כיכר הלוחמים/מקווה ישראל,31,Tel Aviv / Center,2,2,958,4,2474,0.3872,32.028623,34.774417,Center,Tel Aviv
4205,צומת נהלל,40,Periphery / North,2,2,957,4,1914,0.5,32.699835,35.208447,North,Haifa
8731,הרוזמרין/כביש המנהרות,9,Jerusalem,2,3,954,11,3540,0.2695,31.732231,35.202069,Jerusalem,Jerusalem
10627,מכבי אש/פאגלין,39,Jerusalem,2,5,950,8,3664,0.2593,31.826291,35.238182,Jerusalem,Jerusalem
12823,ת. רכבת השלום,24,Tel Aviv / Center,2,3,935,10,4130,0.2264,32.073483,34.791645,Center,Tel Aviv
14140,שלונסקי/בני אפרים,37,Tel Aviv / Center,2,2,930,5,2480,0.375,32.117871,34.819709,Center,Tel Aviv
4220,מחלף גולני/לכיוון מזרח,16,Periphery / North,2,5,910,7,1820,0.5,32.772432,35.40805,North,Periphery
16489,אוניברסיטת בר אילן/שדרות אהרון קציר,25,Tel Aviv / Center,2,3,883,12,3872,0.228,32.063662,34.845405,Center,Tel Aviv
25697,צומת אבא הילל סילבר/לדרום,22,Periphery / Center,2,4,878,9,2204,0.3984,31.674202,34.608852,Center,Periphery
23973,פארק אתגרים/משה דיין,31,Tel Aviv / Center,2,5,872,10,3330,0.2619,32.000929,34.764568,Center,Tel Aviv
11502,משה פלד/שד' נווה יעקב,69,Jerusalem,2,2,859,3,1718,0.5,31.836479,35.2299,Jerusalem,Jerusalem
16790,פארק רמון/שד' מנחם בגין,17,Tel Aviv / Center,2,2,855,4,2410,0.3548,32.073499,34.853558,Center,Tel Aviv
13268,מחלף לה גווארדייה,25,Tel Aviv / Center,2,8,855,13,2470,0.3462,32.059174,34.786171,Center,Tel Aviv
13236,שד' קק''ל/בני אפרים,50,Tel Aviv / Center,2,3,849,6,1968,0.4314,32.118763,34.817443,Center,Tel Aviv
38680,בצלאל בזק/גרשון שקד,11,Jerusalem,2,5,833,6,1244,0.6696,31.765814,35.197646,Jerusalem,Jerusalem
9623,שדרות לוי אשכול/קרל נטר,39,Jerusalem,2,3,833,6,7072,0.1178,31.799515,35.225737,Jerusalem,Jerusalem
24093,משה דיין/בן גוריון,31,Tel Aviv / Center,2,3,825,7,3458,0.2386,32.00106,34.766169,Center,Tel Aviv
8752,כביש 60/הרוזמרין,9,Jerusalem,2,3,822,5,1608,0.5112,31.731185,35.202031,Jerusalem,Jerusalem
23316,מחלף אונו/כביש 471,25,Tel Aviv / Center,2,3,810,10,4382,0.1848,32.069393,34.859462,Center,Tel Aviv
13596,כיכר רבין/מלכי ישראל,50,Tel Aviv / Center,2,5,807,8,5002,0.1613,32.079416,34.780372,Center,Tel Aviv
13306,דיזנגוף/בן יהודה,24,Tel Aviv / Center,2,3,804,8,3314,0.2426,32.096302,34.775963,Center,Tel Aviv
11727,תחנת רכבת קלה גבעת התחמושת,42,Jerusalem / Center,2,3,795,4,2254,0.3527,31.798904,35.231957,Jerusalem,Jerusalem
22309,מכון וולקני/דרך המכבים,12,Tel Aviv / Center,2,2,787,5,3158,0.2492,31.99368,34.814509,Center,Tel Aviv
1857,חורב/יאנוש קורצאק,32,Haifa / North,2,2,779,5,2912,0.2675,32.782125,34.989069,North,Haifa
7543,מרכז מסחרי/שדרות יחזקאל,45,Tel Aviv / Center,2,3,769,8,4192,0.1834,31.93743,35.037612,Center,Tel Aviv
25942,צומת אבא הילל סילבר/לצפון,22,Periphery / Center,2,4,761,7,1956,0.3891,31.674937,34.60944,Center,Periphery
24046,קק''ל/רהב,31,Tel Aviv / Center,2,2,755,6,2484,0.3039,32.023359,34.75717,Center,Tel Aviv
24062,קק''ל/יגאל אלון,31,Tel Aviv / Center,2,2,749,5,2276,0.3291,32.023435,34.759632,Center,Tel Aviv
25941,צומת ברכיה,22,Periphery / Center,2,6,745,9,2892,0.2576,31.666503,34.606749,Center,Periphery
14141,בני אפרים/חנה רובינא,14,Tel Aviv / Center,2,4,718,6,1436,0.5,32.12027,34.819801,Center,Tel Aviv
23147,שד. החשמונאים/שומרי החומות,36,Tel Aviv / Center,2,4,718,13,2450,0.2931,31.910296,35.015688,Center,Tel Aviv
23747,אהרונוביץ'/משה דיין,31,Tel Aviv / Center,2,2,708,6,3128,0.2263,32.001519,34.767782,Center,Tel Aviv
4133,צומת מנשה לדרום,23,Periphery / Center,2,2,704,5,2476,0.2843,32.470927,35.010644,Center,Periphery
13131,בני אפרים/חנה רובינא,14,Tel Aviv / Center,2,3,703,4,1406,0.5,32.12048,34.819657,Center,Tel Aviv
14497,חזון אי''ש/האדמור מנדבורנא,37,Tel Aviv / Center,2,3,698,9,3476,0.2008,32.076786,34.833392,Center,Tel Aviv
21473,טריגוסין/כביש 44,7,Tel Aviv / Center,2,2,694,3,1388,0.5,31.988533,34.830286,Center,Tel Aviv
39182,ככר המשוררים/יהודה לוי,25,Tel Aviv / Center,2,7,685,9,1074,0.6378,32.086808,34.953509,Center,Tel Aviv
3694,מרכז חורב/חורב,32,Haifa / North,2,3,675,4,1338,0.5045,32.784561,34.98636,North,Haifa
11445,צומת הגבעה הצרפתית/ההגנה,69,Jerusalem,2,2,662,4,1324,0.5,31.804606,35.235736,Jerusalem,Jerusalem
10114,יקותיאל אדם/תמיר,39,Jerusalem,2,3,657,5,4228,0.1554,31.818957,35.237595,Jerusalem,Jerusalem
22205,דם המכבים/שד. החשמונאים,36,Tel Aviv / Center,2,2,654,9,2360,0.2771,31.908842,35.013613,Center,Tel Aviv
34267,תחנת רכבת קלה גבעת המבתר,42,Jerusalem / Center,2,2,653,4,2791,0.234,31.805335,35.234391,Jerusalem,Jerusalem
33941,ת. רכבת יוספטל,31,Tel Aviv / Center,2,2,653,4,2384,0.2739,32.014968,34.762025,Center,Tel Aviv
24057,יוספטל/אילת,31,Tel Aviv / Center,2,3,647,6,2294,0.282,32.014706,34.764162,Center,Tel Aviv
44888,שדרות נהר הירקון/הרב קוק,21,Periphery / Jerusalem,2,2,647,8,2630,0.246,31.705053,35.004975,Jerusalem,Periphery
13220,אקספו תל אביב/שד' רוקח,50,Tel Aviv / Center,2,3,634,5,4914,0.129,32.103834,34.809664,Center,Tel Aviv
42301,מסוף אורנית,38,Periphery / Center,2,4,626,22,2578,0.2428,32.107422,34.999199,Center,Tel Aviv
43791,שדרות חיים ברלב/דרך שכם,39,Jerusalem,2,2,616,3,1232,0.5,31.798328,35.231822,Jerusalem,Jerusalem
15563,דרך השבעה/קפלן,51,Tel Aviv / Center,2,5,609,11,4732,0.1287,32.019032,34.808004,Center,Tel Aviv
13487,הכובשים/דניאל,50,Tel Aviv / Center,2,2,604,4,3770,0.1602,32.068527,34.765534,Center,Tel Aviv
24142,כיכר הלוחמים/איצטדיון,31,Tel Aviv / Center,2,2,599,5,2454,0.2441,32.029383,34.772064,Center,Tel Aviv
9900,בורלא/דוידזון,15,Jerusalem,2,3,593,4,1186,0.5,31.767216,35.202285,Jerusalem,Jerusalem
24181,מחלף גנות/כביש 4,37,Tel Aviv / Center,2,3,580,4,1160,0.5,32.022506,34.823832,Center,Tel Aviv
43905,מצודת אדומים,42,Jerusalem / Center,2,5,574,10,1206,0.476,31.796492,35.25755,Jerusalem,Jerusalem
48423,מסוף רעננה/רציפים,14,Tel Aviv / Center,2,4,572,6,1024,0.5586,32.175565,34.890269,Center,Tel Aviv
333,הרצל/עולי הגרדום,3,Tel Aviv / Center,2,2,566,8,7988,0.0709,32.325694,34.864841,Center,Tel Aviv
24394,טשרניחובסקי/ויצמן,10,Tel Aviv / Center,2,6,564,20,3156,0.1787,32.177906,34.894049,Center,Tel Aviv
15420,תחנה מרכזית גדרה,6,Periphery / Center,2,4,563,10,1698,0.3316,31.815657,34.771112,Center,Tel Aviv
27794,צומת ברכיה,6,Periphery / Center,2,4,562,10,1124,0.5,31.665614,34.607592,Center,Periphery
3069,חלוצי התעשיה/השיש,27,Haifa / North,2,2,558,4,2056,0.2714,32.811948,35.066408,North,Haifa
9475,נחמיה/צפניה,41,Jerusalem,2,2,554,4,2680,0.2067,31.792729,35.215839,Jerusalem,Jerusalem
14149,דבורה הנביאה/משה סנה,37,Tel Aviv / Center,2,3,546,7,1764,0.3095,32.118728,34.825926,Center,Tel Aviv
4223,צומת מחנה שמשון,5,Periphery / North,2,2,546,4,1734,0.3149,32.771021,35.390597,North,Periphery
9317,שח''ל/הלר,9,Jerusalem,2,5,546,7,1662,0.3285,31.765169,35.194349,Jerusalem,Jerusalem
24583,קניון שרונים/דרך רמתיים,10,Tel Aviv / Center,2,2,542,6,1736,0.3122,32.132375,34.89996,Center,Tel Aviv
22527,שדרות וייצמן/עקיבא,10,Tel Aviv / Center,2,6,542,8,950,0.5705,32.191298,34.884583,Center,Tel Aviv
1216,צומת בית חנניה,23,Periphery / Center,2,6,541,7,1012,0.5346,32.533345,34.928702,North,Periphery
22234,צומת אודים,50,Tel Aviv / Center,2,6,540,10,1944,0.2778,32.269538,34.846971,Center,Tel Aviv
27851,צומת גילת לצפון,13,Periphery / South,2,8,537,14,1074,0.5,31.338182,34.653641,South,Beer Sheva
49203,ביאליק/דרך אבא הלל,24,Tel Aviv / Center,2,2,527,3,1054,0.5,32.087118,34.806582,Center,Tel Aviv
24063,דב הוז/גבעתי,51,Tel Aviv / Center,2,2,524,3,1048,0.5,32.023202,34.761875,Center,Tel Aviv
11289,הראל/יסמין,63,Jerusalem,2,4,522,10,2007,0.2601,31.799962,35.148045,Jerusalem,Jerusalem
44250,מחלף אונו/דרך יצחק רבין,25,Tel Aviv / Center,2,3,519,8,2658,0.1953,32.070171,34.860108,Center,Tel Aviv
25940,צומת אשקלון,22,Periphery / Center,2,8,509,12,2574,0.1977,31.659233,34.60346,Center,Periphery
9898,בורלא/דוידזון,15,Jerusalem,2,3,506,4,1012,0.5,31.767888,35.201797,Jerusalem,Jerusalem
38658,צומת יער חדרה,3,Tel Aviv / Center,2,9,498,12,1116,0.4462,32.410464,34.903951,Center,Periphery
24064,דב הוז/גבעתי,51,Tel Aviv / Center,2,2,495,3,990,0.5,32.023453,34.762392,Center,Tel Aviv
25338,ספורטק/דרך לוי אשכול,25,Tel Aviv / Center,2,2,475,6,1904,0.2495,32.066946,34.860276,Center,Tel Aviv
27653,גילת/כניסה ראשית,47,Beer Sheva / South,2,2,472,3,944,0.5,31.335666,34.649611,South,Beer Sheva
16777,דוד בן גוריון/מבצע קדש,17,Tel Aviv / Center,2,4,461,5,922,0.5,32.076397,34.846214,Center,Tel Aviv
36097,בית חולים איטלקי/המגינים,28,Haifa / North,2,3,458,8,5995,0.0764,32.822102,34.989222,North,Haifa
41660,כביש 38/דולמיט,15,Jerusalem,2,2,452,13,2482,0.1821,31.760419,34.987449,Jerusalem,Periphery
25137,צומת בית דגן/כביש 412,12,Tel Aviv / Center,2,4,436,8,1556,0.2802,32.001501,34.82241,Center,Tel Aviv
13060,יגאל אלון/ערבי נחל,24,Tel Aviv / Center,2,2,434,9,1522,0.2852,32.078797,34.79821,Center,Tel Aviv
4242,מחלף טורען,5,Periphery / North,2,2,429,5,2166,0.1981,32.764204,35.374865,North,Periphery
9053,ישיבת חורב/שדרות גולדה מאיר,41,Jerusalem,2,6,428,14,4021,0.1064,31.800041,35.21479,Jerusalem,Jerusalem
35815,חלוצי התעשייה,27,Haifa / North,2,2,427,4,1094,0.3903,32.815384,35.06149,North,Haifa
11234,מחלף הראל/מבשרת ציון ,15,Jerusalem,2,3,425,10,4926,0.0863,31.798621,35.145723,Jerusalem,Jerusalem
42858,תחנת רכבת סבידור מרכז/גשר מודעי,24,Tel Aviv / Center,2,2,421,7,2094,0.2011,32.085026,34.798515,Center,Tel Aviv
15849,יחזקאל קזז/דרך לוד,60,Tel Aviv / Center,2,3,420,4,840,0.5,32.03529,34.84685,Center,Tel Aviv
9822,שד' הזז/הרצוג,11,Jerusalem,2,3,420,5,2104,0.1996,31.770501,35.209041,Jerusalem,Jerusalem
13727,ז'בוטינסקי/דרך נמיר,24,Tel Aviv / Center,2,2,408,4,880,0.4636,32.085849,34.794018,Center,Tel Aviv
1641,צומת אור עקיבא לדרום,23,Periphery / Center,2,3,408,7,1338,0.3049,32.500294,34.927745,North,Periphery
9346,שדרות הרצל/שדרות יצחק רבין,9,Jerusalem,2,4,407,5,676,0.6021,31.784943,35.197262,Jerusalem,Jerusalem
49611,דרך יגאל ידין,32,Haifa / North,2,3,406,5,874,0.4645,32.795205,35.035074,North,Haifa
15833,צומת סביון/למזרח,60,Tel Aviv / Center,2,3,405,7,1794,0.2258,32.032877,34.867072,Center,Tel Aviv
27900,מחלף עידן הנגב לצפון,6,Periphery / Center,2,3,402,5,732,0.5492,31.373672,34.794485,South,Beer Sheva
29401,מחלף הסירה לדרום,24,Tel Aviv / Center,2,3,401,9,4760,0.0842,32.159868,34.810438,Center,Tel Aviv
3945,צומת שפרעם צפון,27,Haifa / North,2,2,395,6,936,0.422,32.822437,35.148867,North,Haifa
24483,צומת עדנים לדרום,10,Tel Aviv / Center,2,3,394,6,788,0.5,32.12874,34.902796,Center,Tel Aviv
10281,שדרות יצחק רבין/נתנאל לורך,15,Jerusalem,2,6,391,12,2472,0.1582,31.783688,35.200707,Jerusalem,Jerusalem
13710,ארלוזורוב/ויצמן,37,Tel Aviv / Center,2,3,389,6,2906,0.1339,32.083353,34.790102,Center,Tel Aviv
14041,הרב כהנמן/אדמו''רי שאץ,37,Tel Aviv / Center,2,3,389,5,854,0.4555,32.074353,34.842198,Center,Tel Aviv
592,פנחס לבון/גולדה מאיר,3,Tel Aviv / Center,2,2,382,7,2354,0.1623,32.278777,34.851223,Center,Tel Aviv
35283,ת. רכבת משה דיין,12,Tel Aviv / Center,2,5,381,7,762,0.5,31.987896,34.758433,Center,Tel Aviv
33943,ת. רכבת משה דיין,12,Tel Aviv / Center,2,4,380,10,3164,0.1201,31.987208,34.757307,Center,Tel Aviv
22069,צומת גינתון,45,Tel Aviv / Center,2,5,380,6,522,0.728,31.957548,34.906568,Center,Tel Aviv
3979,ואדי סאליב,28,Haifa / North,2,3,379,9,3406,0.1113,32.810237,35.004953,North,Haifa
25689,צומת שדה עוזיהו/כביש 4,20,Periphery / Center,2,2,378,5,1356,0.2788,31.760786,34.666928,Center,Periphery
1209,צומת אור עקיבא למזרח,65,Periphery / North,2,3,375,6,760,0.4934,32.501126,34.926734,North,Periphery
18805,מעון גיל עם,27,Haifa / North,2,2,374,4,902,0.4146,32.823576,35.135641,North,Haifa
15989,צומת ניר גלים,20,Periphery / Center,2,3,371,7,2662,0.1394,31.828763,34.685773,Center,Tel Aviv
1208,צומת אור עקיבא למערב,23,Periphery / Center,2,3,369,6,752,0.4907,32.501394,34.926538,North,Periphery
21594,צומת חב''ד,7,Tel Aviv / Center,2,3,367,9,2316,0.1585,31.979433,34.83654,Center,Tel Aviv
49731,רמת תמיר/שפע חיים,15,Jerusalem,2,2,366,6,2696,0.1358,31.798691,35.213046,Jerusalem,Jerusalem
4185,צומת שש/חלפתא,18,Periphery / North,2,3,366,5,958,0.382,32.922476,35.417409,North,Periphery
3548,מחלף עתלית,46,Haifa / North,2,2,360,4,720,0.5,32.710886,34.954266,North,Haifa
19725,צומת נהלל,4,Periphery / North,2,2,355,4,710,0.5,32.699785,35.207168,North,Haifa
332,הרצל/עולי הגרדום,3,Tel Aviv / Center,2,2,352,8,7386,0.0477,32.325412,34.864958,Center,Tel Aviv
19728,מסעף נהלל,4,Periphery / North,2,2,352,4,704,0.5,32.69699,35.205232,North,Haifa
41665,מסעף צרעה,15,Jerusalem,2,4,349,8,882,0.3957,31.755644,34.983442,Jerusalem,Periphery
3216,צומת נחל חדרה,23,Periphery / Center,2,2,347,4,694,0.5,32.465493,34.912316,Center,Periphery
18971,צומת תמרת,34,Haifa / North,2,3,338,5,1736,0.1947,32.698815,35.213583,North,Haifa
17994,נשיאי ישראל/אורט בראודה,18,Periphery / North,2,2,334,7,1800,0.1856,32.910325,35.280947,North,Periphery
21295,מחלף המוביל/למזרח,8,Periphery / North,2,4,333,7,666,0.5,32.756013,35.235249,North,Haifa
10682,עלי הכהן/גרוסברג,41,Jerusalem,2,5,327,6,618,0.5291,31.796083,35.214611,Jerusalem,Jerusalem
3372,מרכז הקונגרסים/פלימן,46,Haifa / North,2,3,325,6,3440,0.0945,32.790444,34.965229,North,Haifa
17995,נשיאי ישראל/אורט בראודה,18,Periphery / North,2,2,323,9,2435,0.1326,32.910615,35.280822,North,Periphery
21308,צומת נהלל,34,Haifa / North,2,2,323,6,2244,0.1439,32.700889,35.207125,North,Haifa
48214,ת. מרכזית ראשל''צ/רציפים,51,Tel Aviv / Center,2,3,322,4,528,0.6098,31.96779,34.785633,Center,Tel Aviv
25091,אוניברסיטת בר אילן/דרך אשכול,25,Tel Aviv / Center,2,4,321,9,4680,0.0686,32.065608,34.843957,Center,Tel Aviv
19799,צומת יקנעם/מושבה,58,Haifa / North,2,2,318,8,1692,0.1879,32.666662,35.107946,North,Haifa
29458,משה סנה/דבורה הנביאה,14,Tel Aviv / Center,2,3,318,4,636,0.5,32.119376,34.825466,Center,Tel Aviv
27654,צומת גילת/תחנת דלק,0,Beer Sheva / South,2,6,311,14,1390,0.2237,31.336806,34.651854,South,Beer Sheva
43053,תחנה מרכזית גדרה,26,Tel Aviv / Center,2,5,310,9,1485,0.2088,31.815043,34.770586,Center,Periphery
10498,שד' האוניברסיטה העברית/בר לב,42,Jerusalem / Center,2,3,309,8,830,0.3723,31.799193,35.233451,Jerusalem,Jerusalem
3360,צומת נחל חדרה,23,Periphery / Center,2,2,306,4,612,0.5,32.464571,34.914503,Center,Periphery
25944,צומת אשכולות,20,Periphery / Center,2,2,303,6,1132,0.2677,31.724781,34.636237,Center,Periphery
23769,תע''ש,10,Tel Aviv / Center,2,2,302,4,604,0.5,32.130712,34.870615,Center,Tel Aviv
1098,שערי חדרה/כביש 4,3,Tel Aviv / Center,2,6,301,8,1108,0.2717,32.433537,34.909543,Center,Periphery
2536,חטיבת גולני/מחלף חירם,28,Haifa / North,2,2,300,4,678,0.4425,32.807408,35.00809,North,Haifa
9075,צומת נווה יעקב/דרך רמאללה,66,Jerusalem,2,2,297,4,1206,0.2463,31.840632,35.229889,Jerusalem,Jerusalem
28744,צומת ערערה בנגב/כביש 25,0,Beer Sheva / South,2,4,290,9,858,0.338,31.150071,34.983628,South,Beer Sheva
17505,שדרות ההסתדרות/צומת הקריות,28,Haifa / North,2,5,285,11,3972,0.0718,32.789491,35.028864,North,Haifa
1227,צומת בנימינה,19,Periphery / North,2,2,284,3,568,0.5,32.517476,34.930838,North,Periphery
15826,צומת חמד,60,Tel Aviv / Center,2,2,283,6,610,0.4639,32.012415,34.843015,Center,Tel Aviv
15827,צומת חמד,60,Tel Aviv / Center,2,2,283,3,566,0.5,32.012062,34.841426,Center,Tel Aviv
44803,אל זהור/דרך חיזמא,15,Jerusalem,2,2,282,3,564,0.5,31.827791,35.232944,Jerusalem,Jerusalem
14353,שד' קק''ל/בני אפרים,50,Tel Aviv / Center,2,2,281,6,1692,0.1661,32.11866,34.816732,Center,Tel Aviv
24920,מחלף חבצלת,50,Tel Aviv / Center,2,3,278,8,1776,0.1565,32.359466,34.87036,Center,Periphery
203,איקאה/שדרות גיבורי ישראל,3,Tel Aviv / Center,2,2,277,6,3086,0.0898,32.274579,34.858842,Center,Tel Aviv
14174,אבא אבן/ משכית,14,Tel Aviv / Center,2,3,276,8,1890,0.146,32.161958,34.80855,Center,Tel Aviv
14166,שדרות אבא אבן/אריה שנקר,14,Tel Aviv / Center,2,3,274,9,2162,0.1267,32.161098,34.810376,Center,Tel Aviv
13758,מגרשי הטניס/שד' רוקח,24,Tel Aviv / Center,2,2,272,4,544,0.5,32.100871,34.79767,Center,Tel Aviv
42465,רכבת רעננה דרום/הורדה,14,Tel Aviv / Center,2,2,270,3,592,0.4561,32.173639,34.887226,Center,Tel Aviv
9609,ההגנה/אצ''ל,42,Jerusalem / Center,2,4,267,8,3084,0.0866,31.803688,35.23664,Jerusalem,Jerusalem
8328,צומת אדומים/צומת מחנה ישי,69,Jerusalem,2,5,267,10,986,0.2708,31.799721,35.310861,Center,Jerusalem
47122,עבד אלחמיד שומאן/ אל איאם,39,Jerusalem,2,2,265,3,530,0.5,31.829666,35.222483,Jerusalem,Jerusalem
22067,צומת מודיעים,45,Tel Aviv / Center,2,5,264,10,780,0.3385,31.954841,34.938942,Center,Tel Aviv
12918,ביאליק/תובל,24,Tel Aviv / Center,2,3,262,8,3320,0.0789,32.08834,34.803723,Center,Tel Aviv
25698,צומת ברכיה,22,Periphery / Center,2,3,262,6,2442,0.1073,31.665272,34.606541,Center,Periphery
12043,צומת רבדים,6,Periphery / Center,2,2,261,4,522,0.5,31.773554,34.807624,Center,Periphery
48920,ת.רכבת תל אביב - סבידור/רציפים B,15,Jerusalem,2,5,259,6,522,0.4962,32.082918,34.795635,Center,Tel Aviv
42810,מחלף העמקים/יציאה לכביש 6 דרום,34,Haifa / North,2,2,254,3,508,0.5,32.72475,35.099569,North,Haifa
1457,בית ספר ארצי לשוטרים,57,Haifa / North,2,3,254,4,508,0.5,32.821557,35.122794,North,Haifa
23199,צומת ישרש,26,Tel Aviv / Center,2,3,253,5,506,0.5,31.913145,34.858424,Center,Tel Aviv
4003,צומת שפיה,58,Haifa / North,2,2,252,3,504,0.5,32.582538,34.968475,North,Haifa
1225,צומת בנימינה,23,Periphery / Center,2,5,250,8,1038,0.2408,32.518144,34.930064,North,Periphery
14339,ת. רכבת תל אביב - סבידור/על פרשת דרכים,37,Tel Aviv / Center,2,6,249,12,5006,0.0497,32.081153,34.797682,Center,Tel Aviv
14139,שלונסקי/בני אפרים,50,Tel Aviv / Center,2,2,239,5,2260,0.1058,32.117654,34.819701,Center,Tel Aviv
3891,צומת קרית טבעון,34,Haifa / North,2,4,237,7,2888,0.0821,32.711854,35.125707,North,Haifa
25328,ת. רכבת ראשונים,12,Tel Aviv / Center,2,2,236,8,1282,0.1841,31.950976,34.801211,Center,Tel Aviv
24083,בי''ח וולפסון,31,Tel Aviv / Center,2,2,235,5,2918,0.0805,32.036342,34.762698,Center,Tel Aviv
22319,מחנה נחל שורק,15,Jerusalem,2,2,234,6,1458,0.1605,31.809127,34.870542,Center,Periphery
4172,צומת סומך,5,Periphery / North,2,2,234,3,468,0.5,32.806418,35.146641,North,Haifa
24462,ז'בוטינסקי/מקס ואנה ווב,37,Tel Aviv / Center,2,4,231,6,446,0.5179,32.069788,34.850171,Center,Tel Aviv
20891,צומת נהלל,5,Periphery / North,2,3,230,6,460,0.5,32.701028,35.208408,North,Haifa
16242,צומת גן דרום/כביש 42,52,Tel Aviv / Center,2,3,229,5,458,0.5,31.817153,34.701447,Center,Periphery
8871,יצחק הנדיב/ואדי ג'וז,42,Jerusalem / Center,2,4,229,13,2300,0.0996,31.794711,35.236274,Jerusalem,Jerusalem
11593,שמעון סוויסה/חצב,63,Jerusalem,2,3,228,6,513,0.4444,31.799189,35.16584,Jerusalem,Jerusalem
14370,הרכבת/סלומון,24,Tel Aviv / Center,2,2,226,8,5390,0.0419,32.061644,34.780784,Center,Tel Aviv
15342,שפירא/ארז,7,Tel Aviv / Center,2,2,225,5,1346,0.1672,31.951037,34.905334,Center,Tel Aviv
22241,חשמונאים/431,15,Jerusalem,2,5,220,11,528,0.4167,31.892797,35.00085,Jerusalem,Tel Aviv
8439,צומת חטיבה שבע/לטרון,15,Jerusalem,2,2,217,10,2484,0.0874,31.835052,34.978365,Jerusalem,Periphery
11242,הבית האדום,15,Jerusalem,2,2,214,9,666,0.3213,31.79513,35.170412,Jerusalem,Jerusalem
11090,מחלף שמשון לדרום,15,Jerusalem,2,3,212,12,1458,0.1454,31.775349,35.004232,Jerusalem,Jerusalem
16186,ת. רכבת ראשונים,12,Tel Aviv / Center,2,2,211,13,3336,0.0632,31.948274,34.801453,Center,Tel Aviv
2345,צומת סומך,5,Periphery / North,2,3,211,4,422,0.5,32.807002,35.14568,North,Haifa
12936,קמפוס ברושים/שלום רוזנפלד,50,Tel Aviv / Center,2,2,210,4,648,0.3241,32.106714,34.802794,Center,Tel Aviv
14161,צומת גלילות/בסיס צבאי,24,Tel Aviv / Center,2,3,204,5,435,0.469,32.143364,34.816839,Center,Tel Aviv
41495,מחלף שמשון לצפון,15,Jerusalem,2,2,204,7,1300,0.1569,31.774523,35.00712,Jerusalem,Jerusalem
9255,כיכר גן עדן/דרך בית חנינא,66,Jerusalem,2,2,202,5,920,0.2196,31.831109,35.228904,Jerusalem,Jerusalem
27591,שד. הרצל/הנשיא,47,Beer Sheva / South,2,5,200,10,996,0.2008,31.320131,34.619773,South,Beer Sheva
16146,ירושלים/יהודה,68,Periphery / Center,2,2,199,3,398,0.5,31.780344,34.692453,Center,Periphery
24392,מסוף רעננה/צומת רעננה,14,Tel Aviv / Center,2,3,198,7,1318,0.1502,32.176504,34.890005,Center,Tel Aviv
29465,צומת הראשונים,14,Tel Aviv / Center,2,4,198,8,2050,0.0966,32.137548,34.83469,Center,Tel Aviv
21282,צומת שבע,18,Periphery / North,2,4,196,10,1116,0.1756,32.927767,35.405161,North,Periphery
23002,חיים משה שפירא/ד''ר מרדכי וחווה פרימן,7,Tel Aviv / Center,2,2,195,4,1242,0.157,31.954936,34.90527,Center,Tel Aviv
47966,ת. מרכזית נתניה/רציפים,50,Tel Aviv / Center,2,4,194,5,304,0.6382,32.326889,34.85874,Center,Tel Aviv
1190,הזית/הערבה,65,Periphery / North,2,2,194,4,388,0.5,32.516655,34.923941,North,Periphery
21291,מחנה נטפים,5,Periphery / North,2,2,194,6,1462,0.1327,32.797717,35.404491,North,Periphery
48864,שדרות שמעון פרס/כרמל,60,Tel Aviv / Center,2,3,193,7,706,0.2734,32.035373,34.860635,Center,Tel Aviv
12557,צומת ערערה בנגב/כביש 25,0,Beer Sheva / South,2,2,193,6,764,0.2526,31.146781,34.985088,South,Beer Sheva
13601,ת. רכבת ההגנה/החרש,24,Tel Aviv / Center,2,3,189,12,6854,0.0276,32.054639,34.783438,Center,Tel Aviv
26403,צומת ראם מסמיה,6,Periphery / Center,2,6,187,16,2164,0.0864,31.760191,34.78434,Center,Periphery
19863,צומת יבור,5,Periphery / North,2,2,186,5,372,0.5,32.893225,35.18249,North,Haifa
26638,צומת ראם,6,Periphery / Center,2,3,184,10,1424,0.1292,31.761327,34.784898,Center,Periphery
2358,דרך עכו/המייסדים,27,Haifa / North,2,2,181,10,3170,0.0571,32.845136,35.0903,North,Haifa
19285,צומת שעב,5,Periphery / North,2,2,181,4,362,0.5,32.883577,35.214947,North,Haifa
15315,בית חרושת כרמל,7,Tel Aviv / Center,2,2,180,5,1664,0.1082,31.968379,34.898127,Center,Tel Aviv
18832,צומת יבור,29,Haifa / North,2,2,180,3,360,0.5,32.893701,35.181421,North,Haifa
19263,צומת אעבלין מזרח,33,Haifa / North,2,3,180,5,430,0.4186,32.829835,35.181192,North,Haifa
21895,צומת נבלט,7,Tel Aviv / Center,2,2,180,5,360,0.5,31.982592,34.951423,Center,Tel Aviv
42406,תחנת התרעננות/מחלף בת שלמה,58,Haifa / North,2,2,180,5,402,0.4478,32.602577,35.018396,North,Haifa
359,הרצל/בנימין מינץ,3,Tel Aviv / Center,2,3,179,17,7956,0.0225,32.326176,34.863338,Center,Tel Aviv
3885,צומת קריית עמל,34,Haifa / North,2,3,178,6,2894,0.0615,32.711515,35.130742,North,Haifa
25688,צומת עד הלום/כביש 4,20,Periphery / Center,2,2,178,7,2098,0.0848,31.765906,34.667305,Center,Periphery
593,איקאה/שדרות גיבורי ישראל,3,Tel Aviv / Center,2,2,178,6,2832,0.0629,32.273967,34.858725,Center,Tel Aviv
18830,מסעף יסעור,29,Haifa / North,2,2,178,3,356,0.5,32.899631,35.170453,North,Haifa
19293,צומת טמרה,27,Haifa / North,2,2,178,6,470,0.3787,32.858003,35.169035,North,Haifa
12910,דרך נמיר/יהודה המכבי,24,Tel Aviv / Center,2,2,177,10,16816,0.0105,32.095376,34.794137,Center,Tel Aviv
7619,צומת חשמונאים צפון,36,Tel Aviv / Center,2,3,176,10,3626,0.0485,31.930966,35.026006,Center,Tel Aviv
48796,מרגולין/ישראל שמיד,12,Tel Aviv / Center,2,2,175,3,350,0.5,31.933053,34.813429,Center,Tel Aviv
4111,כביש 65/צומת אום אל פחם,4,Periphery / North,2,5,174,16,2388,0.0729,32.532844,35.147242,North,Periphery
37273,שדרות יגאל אלון/הצבע,21,Periphery / Jerusalem,2,2,174,7,2550,0.0682,31.753943,34.994399,Jerusalem,Periphery
16817,מקס ואנה ווב/דרך ז'בוטינסקי,17,Tel Aviv / Center,2,2,173,4,1524,0.1135,32.070301,34.849794,Center,Tel Aviv
47890,ת. מרכזית יבנה/רציפים,20,Periphery / Center,2,5,171,7,308,0.5552,31.890474,34.732193,Center,Tel Aviv
25948,צומת עד הלום,20,Periphery / Center,2,3,170,11,2242,0.0758,31.767495,34.667652,Center,Periphery
2347,צומת סומך,34,Haifa / North,2,3,169,7,356,0.4747,32.805842,35.146076,North,Haifa
27909,צומת נהורה/כביש 35,6,Periphery / Center,2,2,169,9,982,0.1721,31.646115,34.699123,Center,Periphery
29378,מכללת לוינסקי/דרך נמיר,24,Tel Aviv / Center,2,3,168,9,5950,0.0282,32.136707,34.798164,Center,Tel Aviv
17935,צומת כישור,18,Periphery / North,2,4,168,7,406,0.4138,32.946962,35.268439,North,Periphery
44364,צומת פל ים,65,Periphery / North,2,2,167,5,334,0.5,32.48093,34.91877,Center,Periphery
25699,צומת אשקלון,22,Periphery / Center,2,2,167,4,2272,0.0735,31.65935,34.602004,Center,Periphery
10820,צומת האלה,6,Periphery / Center,2,5,167,8,334,0.5,31.687139,34.947272,Center,Periphery
13675,עיריית תל אביב - יפו/אבן גבירול,50,Tel Aviv / Center,2,3,163,5,3438,0.0474,32.081798,34.781421,Center,Tel Aviv
2395,צ'ק פוסט,34,Haifa / North,2,3,162,7,2776,0.0584,32.788231,35.028374,North,Haifa
13700,מסוף רדינג/הורדה,50,Tel Aviv / Center,2,2,162,7,2961,0.0547,32.098973,34.778771,Center,Tel Aviv
37110,מחלף דרור לצפון,3,Tel Aviv / Center,2,3,162,9,1612,0.1005,32.256516,34.893387,Center,Tel Aviv
13730,ת. רכבת תל אביב - סבידור/חנה וסע,24,Tel Aviv / Center,2,2,161,16,4971,0.0324,32.083783,34.7956,Center,Tel Aviv
27899,מחלף עידן הנגב לדרום,0,Beer Sheva / South,2,2,161,9,1170,0.1376,31.371602,34.792349,South,Beer Sheva
35566,צומת גן דרום/יציאה לכביש 4,6,Periphery / Center,2,2,157,3,314,0.5,31.816263,34.700761,Center,Periphery
37802,קניון כפר סבא הירוקה/שד' מנחם בגין,14,Tel Aviv / Center,2,2,157,7,900,0.1744,32.191252,34.892261,Center,Tel Aviv
11131,צומת נס הרים,44,Jerusalem / Center,2,4,155,7,366,0.4235,31.7333,35.074561,Jerusalem,Jerusalem
43297,מחנה עופר/כביש 443,41,Jerusalem,2,2,151,5,2292,0.0659,31.871742,35.177482,Jerusalem,Jerusalem
4173,צומת אלונים,34,Haifa / North,2,2,151,7,2636,0.0573,32.70921,35.142188,North,Haifa
16929,צומת חריש לדרום,23,Periphery / Center,2,2,150,6,380,0.3947,32.47072,35.01958,Center,Periphery
13193,צומת הכפר הירוק,14,Tel Aviv / Center,2,3,149,5,2142,0.0696,32.132715,34.831902,Center,Tel Aviv
16003,צומת נחשונים,35,Tel Aviv / Center,2,3,148,10,814,0.1818,32.069239,34.944847,Center,Tel Aviv
17934,צומת כישור,18,Periphery / North,2,4,147,7,446,0.3296,32.946069,35.268081,North,Periphery
48474,מרכז ביג/שדרות יגאל אלון,15,Jerusalem,2,3,146,7,384,0.3802,31.756903,34.985676,Jerusalem,Periphery
3916,דרך חיפה,57,Haifa / North,2,2,144,5,4674,0.0308,32.806636,35.07402,North,Haifa
1154,צומת פל ים,23,Periphery / Center,2,2,144,4,1434,0.1004,32.479664,34.91953,Center,Periphery
46951,עבד אל חמיד שומאן/דרך בית חנינא,39,Jerusalem,2,2,142,4,622,0.2283,31.82933,35.227713,Jerusalem,Jerusalem
49168,עבד אלחמיד שומאן/ אום כולתום,15,Jerusalem,2,2,140,5,638,0.2194,31.829433,35.224337,Jerusalem,Jerusalem
28728,צומת ערערה בנגב,0,Beer Sheva / South,2,3,139,8,414,0.3357,31.149654,34.984734,South,Beer Sheva
1125,צומת נחל חדרה,23,Periphery / Center,2,3,139,6,1390,0.1,32.465712,34.914414,Center,Periphery
16159,שד. הסנהדרין/שד. ירושלים,52,Tel Aviv / Center,2,3,138,8,1870,0.0738,31.888449,34.733818,Center,Tel Aviv
47894,ת. מרכזית יבנה/רציפים,52,Tel Aviv / Center,2,3,138,7,362,0.3812,31.890474,34.732193,Center,Tel Aviv
8899,מסעף מבוא ביתר,44,Jerusalem / Center,2,3,138,9,1440,0.0958,31.718824,35.105044,Jerusalem,Jerusalem
17972,צומת שבע,18,Periphery / North,2,4,137,7,986,0.1389,32.927234,35.406429,North,Periphery
17572,צומת ביר אל מכסור,5,Periphery / North,2,2,137,10,1024,0.1338,32.773661,35.213518,North,Haifa
25040,צומת רחובות מזרח,26,Tel Aviv / Center,2,2,137,6,754,0.1817,31.889747,34.836705,Center,Tel Aviv
15115,צומת תנובות,3,Tel Aviv / Center,2,2,136,8,816,0.1667,32.313789,34.965635,Center,Periphery
778,צומת תנובות,3,Tel Aviv / Center,2,2,136,6,692,0.1965,32.31417,34.963918,Center,Periphery
22361,שאול המלך/מלכי ישראל,12,Tel Aviv / Center,2,2,136,7,1544,0.0881,31.979179,34.789088,Center,Tel Aviv
40432,מחלף אונו,17,Tel Aviv / Center,2,3,136,4,272,0.5,32.067734,34.86153,Center,Tel Aviv
7866,צומת בית הערבה,69,Jerusalem,2,3,136,5,576,0.2361,31.799911,35.489509,Center,Periphery
37274,שדרות יגאל אלון/הצבע,21,Periphery / Jerusalem,2,2,135,7,2292,0.0589,31.753714,34.994922,Jerusalem,Periphery
4882,צומת התשבי,4,Periphery / North,2,3,133,4,266,0.5,32.672054,35.109327,North,Haifa
41663,כביש 3855/כביש 38,15,Jerusalem,2,3,133,12,582,0.2285,31.760313,34.988741,Jerusalem,Periphery
27714,צומת הנשיא,6,Periphery / Center,2,4,133,6,250,0.532,31.331751,34.699675,South,Beer Sheva
23493,רבי יהודה הנשיא/רבן יוחנן בן זכאי,67,Tel Aviv / Center,2,2,132,6,1425,0.0926,32.052723,34.967083,Center,Tel Aviv
12833,ארלוזורוב/דרך נמיר,37,Tel Aviv / Center,2,3,131,5,2838,0.0462,32.08276,34.793207,Center,Tel Aviv
23751,מחלף שורק/כביש 3,15,Jerusalem,2,3,131,7,578,0.2266,31.803774,34.840485,Center,Periphery
23128,כפר הנוער בן שמן/443,36,Tel Aviv / Center,2,2,130,4,558,0.233,31.957839,34.923979,Center,Tel Aviv
10452,דרך חברון/גבעת המטוס,11,Jerusalem,2,2,129,12,6242,0.0207,31.740214,35.21323,Jerusalem,Jerusalem
23491,רבי יהודה הנשיא/רבי שמעון בן שטח,67,Tel Aviv / Center,2,2,128,8,2112,0.0606,32.052813,34.965556,Center,Tel Aviv
21558,צומת מפעל נשר דרום,7,Tel Aviv / Center,2,2,127,5,382,0.3325,31.912347,34.89104,Center,Tel Aviv
37114,מחלף דרור לדרום,3,Tel Aviv / Center,2,3,127,9,1544,0.0823,32.254064,34.88915,Center,Tel Aviv
4176,צומת אעבלין מזרח,27,Haifa / North,2,5,127,8,352,0.3608,32.829914,35.179855,North,Haifa
4792,צומת הזורע,4,Periphery / North,2,2,126,3,252,0.5,32.647227,35.125193,North,Haifa
1252,651/השיטה,19,Periphery / North,2,3,124,6,248,0.5,32.479206,34.942276,Center,Periphery
43849,האוניברסיטה העברית הר הצופים/מרטין בובר,41,Jerusalem,2,3,123,6,6008,0.0205,31.794619,35.242026,Jerusalem,Jerusalem
16002,מחלף ראש העין דרום לצפון,35,Tel Aviv / Center,2,3,120,6,420,0.2857,32.084393,34.951577,Center,Tel Aviv
9682,שד' האוניברסיטה העברית/קציר,42,Jerusalem / Center,2,2,118,4,318,0.3711,31.796768,35.235043,Jerusalem,Jerusalem
24711,חשמונאים/רבין,36,Tel Aviv / Center,2,3,118,9,1496,0.0789,31.894588,35.001862,Jerusalem,Tel Aviv
28598,ת. רכבת שדרות/בגין,13,Periphery / South,2,3,116,9,1162,0.0998,31.516631,34.586763,South,Periphery
26906,מחלף מיתר לערד,0,Beer Sheva / South,2,6,115,14,1008,0.1141,31.306639,34.901729,South,Beer Sheva
14607,מכון וינגייט,24,Tel Aviv / Center,2,2,114,9,3378,0.0337,32.253791,34.835574,Center,Tel Aviv
29461,צומת הראשונים,14,Tel Aviv / Center,2,3,108,6,1646,0.0656,32.138581,34.835513,Center,Tel Aviv
49012,מחלף הרצליה מזרח למערב,3,Tel Aviv / Center,2,2,106,4,212,0.5,32.180322,34.851367,Center,Tel Aviv
23325,צומת רעננה צפון,3,Tel Aviv / Center,2,2,104,3,208,0.5,32.191633,34.890667,Center,Tel Aviv
34109,צומת עין הקורא,12,Tel Aviv / Center,2,2,102,6,456,0.2237,31.956807,34.786252,Center,Tel Aviv
3939,טרומפלדור/חניתה,32,Haifa / North,2,3,101,12,7409,0.0136,32.785034,35.017323,North,Haifa
22265,מחלף בצרה,3,Tel Aviv / Center,2,2,101,4,1108,0.0912,32.209417,34.883706,Center,Tel Aviv
8467,צומת גבעת זאב,41,Jerusalem,2,2,100,10,3538,0.0283,31.863243,35.172735,Jerusalem,Jerusalem
264,בית חרושת טבע,3,Tel Aviv / Center,2,2,100,8,6518,0.0153,32.285635,34.862489,Center,Tel Aviv
4029,שדרות שידלובסקי/וייצמן,23,Periphery / Center,2,3,100,4,166,0.6024,32.504672,34.918367,North,Periphery
14325,סינמה סיטי/כביש 2,24,Tel Aviv / Center,2,3,97,11,4886,0.0199,32.147632,34.803351,Center,Tel Aviv
44424,צומת נס הרים,9,Jerusalem,2,3,97,6,194,0.5,31.732844,35.075929,Jerusalem,Jerusalem
34345,צומת אלפי מנשה,10,Tel Aviv / Center,2,3,97,7,442,0.2195,32.176659,34.979197,Center,Tel Aviv
49032,מחלף הרצליה מזרח למזרח,3,Tel Aviv / Center,2,2,96,4,192,0.5,32.178644,34.853192,Center,Tel Aviv
13259,נמל תל אביב/דיזינגוף,24,Tel Aviv / Center,2,2,94,11,2846,0.033,32.096871,34.775888,Center,Tel Aviv
265,בית חרושת אביק,3,Tel Aviv / Center,2,3,92,9,6400,0.0144,32.285429,34.862662,Center,Tel Aviv
2402,ההסתדרות/צומת הקריות,34,Haifa / North,2,3,90,10,6646,0.0135,32.789389,35.030298,North,Haifa
27810,צומת דבירה,6,Periphery / Center,2,5,89,11,618,0.144,31.423239,34.786073,South,Beer Sheva
23300,צומת מחצבות,7,Tel Aviv / Center,2,2,89,7,268,0.3321,32.02369,34.953652,Center,Tel Aviv
17050,הרב עובדיה יוסף/כלניות,34,Haifa / North,2,2,86,7,1100,0.0782,32.75439,35.096387,North,Haifa
34431,קרני שומרון/יציאה,38,Periphery / Center,2,3,86,8,272,0.3162,32.175448,35.093034,Center,Periphery
1642,צומת אור עקיבא לצפון,23,Periphery / Center,2,3,85,7,814,0.1044,32.501306,34.928512,North,Periphery
5944,האלה/הגפן,2,Periphery / North,2,2,85,4,250,0.34,32.974616,35.277149,North,Periphery
49436,זכריה הנביא/כביש 375 לצפון,21,Periphery / Jerusalem,2,2,84,3,168,0.5,31.684809,34.976431,Center,Periphery
49460,כביש 375/זכריה הנביא למערב,21,Periphery / Jerusalem,2,2,82,3,164,0.5,31.684355,34.975214,Center,Periphery
17454,דנינו /יוסף לוי מגדל אור,27,Haifa / North,2,2,81,3,154,0.526,32.815092,35.065232,North,Haifa
11962,גילת/בטחה,47,Beer Sheva / South,2,2,79,6,1122,0.0704,31.332982,34.643427,South,Beer Sheva
9339,הרצוג/ניות,9,Jerusalem,2,2,78,6,2988,0.0261,31.766476,35.20425,Jerusalem,Jerusalem
47975,ת. מרכזית חדרה/רציפים,23,Periphery / Center,2,4,78,12,1167,0.0668,32.435961,34.914024,Center,Periphery
27850,צומת תפרח מזרח,0,Beer Sheva / South,2,2,78,6,1558,0.0501,31.332052,34.674512,South,Beer Sheva
15872,מתחם שבעת הכוכבים,12,Tel Aviv / Center,2,2,76,8,3816,0.0199,31.987946,34.764501,Center,Tel Aviv
6877,מחלף אליקים/כביש 672 למערב,58,Haifa / North,2,3,75,6,250,0.3,32.636889,35.063626,North,Haifa
3549,מחלף עתלית,24,Tel Aviv / Center,2,2,75,6,704,0.1065,32.710025,34.950357,North,Haifa
24411,קניון ג'י/וייצמן,10,Tel Aviv / Center,2,4,74,10,916,0.0808,32.170768,34.925677,Center,Tel Aviv
253,מרכז ביג/שדרות גיבורי ישראל,3,Tel Aviv / Center,2,2,74,5,2700,0.0274,32.276114,34.859673,Center,Tel Aviv
10097,ממילא/קריב,11,Jerusalem,2,2,73,9,2468,0.0296,31.776697,35.225996,Jerusalem,Jerusalem
15577,כביש 42/בית חנן,52,Tel Aviv / Center,2,3,73,7,174,0.4195,31.936937,34.779003,Center,Tel Aviv
827,קניון ג'י/וייצמן,10,Tel Aviv / Center,2,6,72,12,1810,0.0398,32.170317,34.92668,Center,Tel Aviv
41599,שדרות החשמונאים/לב העיר,36,Tel Aviv / Center,2,3,69,22,5353,0.0129,31.900044,35.00669,Center,Tel Aviv
636,גשר השלום/הגביש,3,Tel Aviv / Center,2,3,69,9,3166,0.0218,32.28663,34.862025,Center,Tel Aviv
24981,מחלף רעננה צפון,10,Tel Aviv / Center,2,2,68,5,926,0.0734,32.191001,34.887839,Center,Tel Aviv
28800,צומת שדה משה,6,Periphery / Center,2,2,67,8,560,0.1196,31.601296,34.804618,Center,Periphery
19849,כניסה מזרחית,33,Haifa / North,2,3,66,8,348,0.1897,32.829096,35.18136,North,Haifa
27804,צומת שדה משה,6,Periphery / Center,2,2,65,7,540,0.1204,31.600756,34.805793,Center,Periphery
34014,צומת עין הקורא,52,Tel Aviv / Center,2,2,64,4,128,0.5,31.955641,34.78427,Center,Tel Aviv
20114,שפרעם/כניסה דרומית,33,Haifa / North,2,2,63,7,310,0.2032,32.798618,35.170701,North,Haifa
24982,מחלף רעננה צפון,14,Tel Aviv / Center,2,2,63,7,900,0.07,32.191365,34.886585,Center,Tel Aviv
26779,צומת תל ערד,53,Periphery / South,2,3,62,6,446,0.139,31.254104,35.123764,South,Periphery
38305,צומת זמר,56,Periphery / Center,2,2,62,4,316,0.1962,32.36005,35.029495,Center,Periphery
35572,ירכא/כניסה מזרחית,29,Haifa / North,2,3,62,4,124,0.5,32.955222,35.222518,North,Periphery
20522,מסעף נופית,34,Haifa / North,2,4,59,6,110,0.5364,32.739191,35.136186,North,Haifa
26421,תפרח/יציאה,0,Beer Sheva / South,2,3,59,6,342,0.1725,31.331124,34.675295,South,Beer Sheva
50260,שדרות משה דיין/יוסף לישנסקי,12,Tel Aviv / Center,2,2,58,7,3240,0.0179,31.986351,34.762775,Center,Tel Aviv
3705,בית ספר אורט,61,Haifa / North,2,2,58,4,843,0.0688,32.682991,35.067217,North,Haifa
21270,צומת גבעת אבני,16,Periphery / North,2,2,58,9,1948,0.0298,32.780795,35.435202,North,Periphery
43976,מחנה נבו,54,Periphery / Center,2,2,58,4,116,0.5,31.822234,35.50534,Center,Periphery
36225,ת. מרכזית ירושלים קומה 3/רציפים,15,Jerusalem,2,2,58,3,135,0.4296,31.789467,35.203715,Jerusalem,Jerusalem
23075,צומת לפיד/מערב,45,Tel Aviv / Center,2,4,55,7,3234,0.017,31.916209,35.027429,Center,Tel Aviv
16349,צומת סירקין/כביש 40,7,Tel Aviv / Center,2,4,54,6,1270,0.0425,32.083232,34.902272,Center,Tel Aviv
16876,מסעף שתולים/כביש 3703,6,Periphery / Center,2,2,54,3,108,0.5,31.782644,34.674,Center,Periphery
18008,מחנה נטפים,5,Periphery / North,2,2,54,7,1612,0.0335,32.799881,35.403979,North,Periphery
27854,צומת תפרח,0,Beer Sheva / South,2,2,53,6,1368,0.0387,31.3321,34.675606,South,Beer Sheva
15997,כביש 444/שדרות שלמה המלך,17,Tel Aviv / Center,2,3,53,6,516,0.1027,32.092089,34.941247,Center,Tel Aviv
1372,צומת גרנות/גן שמואל,23,Periphery / Center,2,2,52,11,3584,0.0145,32.447713,34.957584,Center,Periphery
50164,כביש 781 למערב,5,Periphery / North,2,2,52,3,104,0.5,32.831828,35.185387,North,Haifa
15994,צומת ראש העין לדרום/כביש 444,17,Tel Aviv / Center,2,2,51,7,1202,0.0424,32.094492,34.93819,Center,Tel Aviv
15460,מנדס/דרך שיבא,25,Tel Aviv / Center,2,3,50,9,2738,0.0183,32.050912,34.842397,Center,Tel Aviv
25297,דרך זבולון המר/דרך שלמה שמלצר,17,Tel Aviv / Center,2,2,50,8,2450,0.0204,32.103301,34.869022,Center,Tel Aviv
23879,משטרת ראשל''צ/ז'בוטינסקי,12,Tel Aviv / Center,2,2,50,7,1824,0.0274,31.974784,34.79675,Center,Tel Aviv
26579,צומת רהט דרום,6,Periphery / Center,2,2,50,3,100,0.5,31.382507,34.720313,South,Beer Sheva
36894,ת.מרכזית תל אביב קומה 7/רציפים,24,Tel Aviv / Center,2,2,50,3,225,0.2222,32.054886,34.780031,Center,Tel Aviv
21672,כביש 4304/יוסף קלויזנר,7,Tel Aviv / Center,2,2,49,7,476,0.1029,31.91777,34.866583,Center,Tel Aviv
10748,שמגר/ירמיהו,15,Jerusalem,2,2,48,8,4468,0.0107,31.793135,35.208359,Jerusalem,Jerusalem
35491,מחסום תאנים,38,Periphery / Center,2,3,48,4,96,0.5,32.280321,35.03687,Center,Periphery
22633,שדה תעופה בן גוריון/טרמינל 1,7,Tel Aviv / Center,2,3,48,13,1114,0.0431,31.994437,34.896552,Center,Tel Aviv
50738,תחנת רכבת ראש העין צפון/רציפים,38,Periphery / Center,2,2,48,3,96,0.5,32.121176,34.934822,Center,Tel Aviv
15151,צומת בארותיים למזרח,3,Tel Aviv / Center,2,3,47,9,634,0.0741,32.311949,34.987748,Center,Periphery
27690,צומת שדה צבי,13,Periphery / South,2,3,47,7,146,0.3219,31.442134,34.734498,South,Beer Sheva
34509,צומת רבבה,38,Periphery / Center,2,2,47,10,440,0.1068,32.122003,35.130358,Center,Periphery
11224,כביש 396/''בי''ח הדסה עין כרם'',9,Jerusalem,2,2,46,7,355,0.1296,31.763181,35.150725,Jerusalem,Jerusalem
24499,קניון עזריאלי הוד השרון/דרך רמתיים,10,Tel Aviv / Center,2,2,46,7,2134,0.0216,32.14435,34.894652,Center,Tel Aviv
34232,קרני שומרון/כניסה,38,Periphery / Center,2,2,46,7,268,0.1716,32.175458,35.092796,Center,Periphery
9697,מלכי ישראל/תחכמוני,15,Jerusalem,2,5,45,8,4680,0.0096,31.789941,35.213136,Jerusalem,Jerusalem
22065,צומת מתקן אדם,45,Tel Aviv / Center,2,2,45,7,2232,0.0202,31.948218,34.9634,Center,Tel Aviv
22101,צומת מצליח,7,Tel Aviv / Center,2,3,45,7,560,0.0804,31.918362,34.865617,Center,Tel Aviv
1031,שד. עמק איילון/כיכר שקנאי,7,Tel Aviv / Center,2,2,45,13,1380,0.0326,32.006036,34.949396,Center,Tel Aviv
9589,חטיבת הראל/שמואל הנביא,39,Jerusalem,2,3,44,6,4554,0.0097,31.795967,35.22077,Jerusalem,Jerusalem
13113,יגאל אלון/דרך השלום,24,Tel Aviv / Center,2,2,44,14,4008,0.011,32.071549,34.794118,Center,Tel Aviv
28217,צומת תל ערד מזרח,53,Periphery / South,2,2,43,8,748,0.0575,31.254004,35.126871,South,Periphery
29479,דרך נמיר/ז'בוטינסקי,24,Tel Aviv / Center,2,2,42,12,7660,0.0055,32.085267,34.795006,Center,Tel Aviv
27915,צומת גבעתי,6,Periphery / Center,2,2,42,6,578,0.0727,31.654084,34.661596,Center,Periphery
35490,מחסום תאנים,38,Periphery / Center,2,2,42,3,84,0.5,32.28042,35.037547,Center,Periphery
42878,ת. רכבת תל אביב- סבידור/רציפים A,24,Tel Aviv / Center,2,2,40,3,74,0.5405,32.083157,34.796089,Center,Tel Aviv
13191,מחלף גהה,37,Tel Aviv / Center,2,2,39,6,2662,0.0147,32.092033,34.847163,Center,Tel Aviv
13361,מחלף גהה/כביש 4,37,Tel Aviv / Center,2,3,38,8,3500,0.0109,32.091267,34.845151,Center,Tel Aviv
18825,צומת אחיהוד,29,Haifa / North,2,4,37,7,426,0.0869,32.911137,35.16656,North,Haifa
34649,צומת אריאל,38,Periphery / Center,2,2,37,9,1844,0.0201,32.10826,35.165552,Center,Periphery
10020,מנחת יצחק/בית יעקב,15,Jerusalem,2,5,36,6,54,0.6667,31.793201,35.210074,Jerusalem,Jerusalem
14042,הרב כהנמן/קבוץ גלויות,37,Tel Aviv / Center,2,2,36,6,1324,0.0272,32.074906,34.842492,Center,Tel Aviv
11071,שדרות לוי אשכול/הגלעד,21,Periphery / Jerusalem,2,2,36,10,5298,0.0068,31.747767,34.998841,Jerusalem,Periphery
11133,צומת נס הרים,44,Jerusalem / Center,2,2,36,6,174,0.2069,31.732471,35.074873,Jerusalem,Jerusalem
11576,שדרות בר לב/זקס,11,Jerusalem,2,2,35,5,3470,0.0101,31.790378,35.22673,Jerusalem,Jerusalem
10444,בי''ח שערי צדק/בייט,9,Jerusalem,2,2,34,12,4596,0.0074,31.774226,35.186019,Jerusalem,Jerusalem
14747,דרך הכפר/משעול גנים,24,Tel Aviv / Center,2,2,34,3,68,0.5,32.380591,34.874005,Center,Periphery
29460,משה סנה/בני אפרים,14,Tel Aviv / Center,2,2,33,8,2336,0.0141,32.124779,34.825126,Center,Tel Aviv
27945,הרצל/קיבוץ גלויות,47,Beer Sheva / South,2,3,33,13,1830,0.018,31.320462,34.619915,South,Beer Sheva
39282,כביש 465/מחנה נחשונים,45,Tel Aviv / Center,2,2,33,3,66,0.5,32.038175,34.980524,Center,Tel Aviv
48275,מסוף אלוף שדה,37,Tel Aviv / Center,2,2,32,6,736,0.0435,32.054928,34.833997,Center,Tel Aviv
27623,מרכז רפואי סורוקה/אוניברסיטת בן גוריון,0,Beer Sheva / South,2,2,32,20,4594,0.007,31.25922,34.798363,South,Beer Sheva
16977,ת. רכבת חוף הכרמל,46,Haifa / North,2,2,32,7,602,0.0532,32.793065,34.957647,North,Haifa
769,צומת קלנסאווה,10,Tel Aviv / Center,2,2,32,6,310,0.1032,32.290139,34.985113,Center,Tel Aviv
34652,צומת רבבה,38,Periphery / Center,2,2,32,8,464,0.069,32.122835,35.129922,Center,Periphery
43818,צומת לכיש למערב,6,Periphery / Center,2,2,32,8,462,0.0693,31.584803,34.837088,Center,Periphery
24755,הרצל/תרמ''ב,12,Tel Aviv / Center,2,2,31,9,2488,0.0125,31.966379,34.802881,Center,Tel Aviv
17563,צומת אעבלין מערב,27,Haifa / North,2,2,31,5,344,0.0901,32.82716,35.173018,North,Haifa
9435,שמואל הנביא/פישל,41,Jerusalem,2,4,29,11,6946,0.0042,31.794348,35.221187,Jerusalem,Jerusalem
17993,כביש 784/שדרות קק''ל,18,Periphery / North,2,2,29,5,1396,0.0208,32.919221,35.280625,North,Periphery
1243,משטרה/שדרות ניל''י,19,Periphery / North,2,2,27,9,534,0.0506,32.571946,34.938368,North,Periphery
4179,צומת כרמיאל,18,Periphery / North,2,2,27,11,1064,0.0254,32.923958,35.301965,North,Periphery
21485,שדרות מנחם בגין/כצנלסון,12,Tel Aviv / Center,2,2,27,5,475,0.0568,32.003411,34.82669,Center,Tel Aviv
13319,ת.מרכזית תל אביב קומה 7/הורדה,24,Tel Aviv / Center,2,2,26,12,3735,0.007,32.055636,34.780466,Center,Tel Aviv
4171,צומת אבליים,27,Haifa / North,2,3,26,7,346,0.0751,32.824051,35.153035,North,Haifa
3266,מסעף כפר חסידים,34,Haifa / North,2,2,26,9,1358,0.0191,32.760335,35.090916,North,Haifa
14736,צומת בת חן,3,Tel Aviv / Center,2,3,26,4,52,0.5,32.358358,34.873628,Center,Periphery
16945,צומת פוריידיס,19,Periphery / North,2,2,25,7,1180,0.0212,32.593044,34.947607,North,Haifa
26737,מחלף מיתר לצפון,0,Beer Sheva / South,2,4,25,11,308,0.0812,31.308517,34.9015,South,Beer Sheva
20484,הורדים/האירוסים,34,Haifa / North,2,2,25,10,2486,0.0101,32.756011,35.096345,North,Haifa
13122,דרך מנחם בגין/הגליל,24,Tel Aviv / Center,2,2,24,7,4656,0.0052,32.061823,34.777831,Center,Tel Aviv
9904,רופין/דיסקין,15,Jerusalem,2,2,24,4,1220,0.0197,31.775267,35.209945,Jerusalem,Jerusalem
90,שדרות משה דיין/יוסף לישנסקי,12,Tel Aviv / Center,2,2,24,7,5550,0.0043,31.98568,34.764014,Center,Tel Aviv
22889,צומת אייל,10,Tel Aviv / Center,2,2,24,7,382,0.0628,32.209999,34.973509,Center,Tel Aviv
44926,שדרות הרב עובדיה יוסף/שדרות יחד שבטי ישראל,7,Tel Aviv / Center,2,2,24,8,802,0.0299,31.941652,34.899884,Center,Tel Aviv
23351,צומת מחצבות,7,Tel Aviv / Center,2,2,24,6,118,0.2034,32.02445,34.952798,Center,Tel Aviv
2454,מכבי אש/חלץ,32,Haifa / North,2,2,24,4,176,0.1364,32.800097,35.021714,North,Haifa
23874,שדרות משה דיין/שאול המלך,12,Tel Aviv / Center,2,2,23,5,1352,0.017,31.97742,34.788541,Center,Tel Aviv
50681,תחנת רכבת ראש העין צפון/הורדה,35,Tel Aviv / Center,2,5,22,10,1268,0.0174,32.121336,34.934637,Center,Tel Aviv
8960,שמואל הנביא/פישל,41,Jerusalem,2,2,19,6,5856,0.0032,31.794545,35.220704,Jerusalem,Jerusalem
2945,רש''י/חטיבת הראל,23,Periphery / Center,2,5,19,9,350,0.0543,32.431006,34.913913,Center,Periphery
15746,שד. ירושלים/שד. הסנהדרין,52,Tel Aviv / Center,2,2,18,8,1484,0.0121,31.887569,34.733548,Center,Tel Aviv
27622,מרכז רפואי סורוקה/אוניברסיטת בן גוריון,0,Beer Sheva / South,2,3,18,13,5046,0.0036,31.260299,34.79805,South,Beer Sheva
26740,בורנשטיין/האופק,43,Periphery / South,2,2,17,6,596,0.0285,30.989454,34.914822,South,Periphery
48340,ת. מרכזית חדרה,23,Periphery / Center,2,2,16,9,1249,0.0128,32.435313,34.914144,Center,Periphery
4542,שד' צבי אלדרוטי/רמת יזרעאל,40,Periphery / North,2,2,16,8,1242,0.0129,32.673445,35.239656,North,Periphery
10614,יגאל אלון/שדרות גולדה מאיר,41,Jerusalem,2,3,15,5,2326,0.0064,31.811855,35.201127,Jerusalem,Jerusalem
8961,בר אילן/שמואל הנביא,41,Jerusalem,2,2,14,7,8976,0.0016,31.794822,35.217969,Jerusalem,Jerusalem
34650,צומת אריאל,38,Periphery / Center,2,2,14,9,1748,0.008,32.108142,35.165317,Center,Periphery
4936,רמת יזרעאל/הזית,40,Periphery / North,2,2,14,10,1734,0.0081,32.67418,35.238793,North,Periphery
18917,מסעף אמירים,48,Periphery / North,2,2,14,6,562,0.0249,32.940201,35.440825,North,Periphery
49665,כביש 5710/דרך הפרדסים,24,Tel Aviv / Center,2,2,14,5,542,0.0258,32.359989,34.867334,Center,Periphery
17923,מסעף לפידות,18,Periphery / North,2,2,14,4,28,0.5,32.958236,35.265536,North,Periphery
39261,מוצב צופים,38,Periphery / Center,2,2,14,4,40,0.35,32.196671,35.002305,Center,Tel Aviv
10073,מכללה לבנות ירושלים/דובדבני,9,Jerusalem,2,3,13,8,1062,0.0122,31.76238,35.191845,Jerusalem,Jerusalem
10700,תחנת רקל''ה סיירת דוכיפת/משה דיין,39,Jerusalem,2,2,13,7,6566,0.002,31.826248,35.240102,Jerusalem,Jerusalem
34287,צומת שרה לצפון,0,Beer Sheva / South,2,2,13,5,104,0.125,31.225566,34.829489,South,Beer Sheva
2090,טרומפלדור/מרכז זיו,32,Haifa / North,2,2,12,12,7919,0.0015,32.783433,35.01514,North,Haifa
14591,מחנה גלילות/איסוף,50,Tel Aviv / Center,2,2,12,5,81,0.1481,32.145826,34.818441,Center,Tel Aviv
16377,בית ספר בית יעקב/דרך מנחם בגין,17,Tel Aviv / Center,2,2,12,7,2317,0.0052,32.070167,34.913654,Center,Tel Aviv
541,פרופסור אלברט איינשטיין/פרופסור שור,3,Tel Aviv / Center,2,2,12,5,2548,0.0047,32.340667,34.870172,Center,Tel Aviv
25097,צומת טייסים,7,Tel Aviv / Center,2,3,12,9,1552,0.0077,32.024122,34.90787,Center,Tel Aviv
28614,ת.מרכזית אשקלון/הורדה,22,Periphery / Center,2,2,12,10,1731,0.0069,31.663834,34.565989,Center,Periphery
20503,מעון נווה רם/הרב עובדיה יוסף,34,Haifa / North,2,2,12,11,1224,0.0098,32.755763,35.09492,North,Haifa
13155,בני אפרים/מנורה,14,Tel Aviv / Center,2,2,11,5,1428,0.0077,32.121877,34.821768,Center,Tel Aviv
3893,יצחק שדה/ביס אורטודוקסי,28,Haifa / North,2,2,10,5,32,0.3125,32.821003,34.986627,North,Haifa
2022,הגפן/הפרסים,28,Haifa / North,2,2,10,5,3432,0.0029,32.816351,34.990983,North,Haifa
9469,מלכי ישראל/בן מתתיהו,41,Jerusalem,2,2,10,5,4780,0.0021,31.789472,35.214669,Jerusalem,Jerusalem
1906,האצ''ל,46,Haifa / North,2,2,10,6,3122,0.0032,32.811867,34.956389,North,Haifa
700,שד. בן גוריון/זלמן שניאור,3,Tel Aviv / Center,2,2,10,7,30,0.3333,32.281706,34.846606,Center,Tel Aviv
44025,מירון שער כחול,48,Periphery / North,2,3,10,9,228,0.0439,32.985867,35.442657,North,Periphery
28671,ביה''ח אסותא,20,Periphery / Center,2,2,9,14,5294,0.0017,31.78112,34.657394,Center,Periphery
12032,צומת רבדים,15,Jerusalem,2,2,9,5,598,0.0151,31.772318,34.805281,Center,Periphery
2047,שבתאי לוי/רשפון,28,Haifa / North,2,2,8,9,5146,0.0016,32.814497,34.993351,North,Haifa
2162,מיכאל/בר כוכבא,28,Haifa / North,2,2,8,7,2018,0.004,32.80542,35.001427,North,Haifa
4754,צומת כפר תבור,4,Periphery / North,2,2,8,9,1016,0.0079,32.689564,35.419101,North,Periphery
43374,המשנה,20,Periphery / Center,2,2,7,15,5310,0.0013,31.780039,34.660266,Center,Periphery
8617,שרי ישראל/יפו,15,Jerusalem,2,2,6,11,6454,0.0009,31.789128,35.206146,Jerusalem,Jerusalem
11173,מסעף נווה אילן,15,Jerusalem,2,2,6,8,958,0.0063,31.804015,35.094175,Jerusalem,Jerusalem
11179,אזניים לתורה/הגר''א,15,Jerusalem,2,2,6,5,666,0.009,31.80369,35.100146,Jerusalem,Jerusalem
50606,ת.רכבת תל אביב - סבידור/רציפים B,42,Jerusalem / Center,2,2,6,3,18,0.3333,32.082918,34.795635,Center,Tel Aviv
49798,מסוף מודיעין עילית,45,Tel Aviv / Center,2,2,6,4,145,0.0414,31.935834,35.03744,Center,Tel Aviv
4790,דרך גולני/קוממיות,4,Periphery / North,2,2,5,10,1548,0.0032,32.629757,35.327759,North,Periphery
47963,ת. מרכזית נתניה/רציפים,3,Tel Aviv / Center,2,2,4,5,446,0.009,32.326889,34.85874,Center,Tel Aviv
11581,סולטן סולימאן/שער שכם,11,Jerusalem,2,2,4,5,3160,0.0013,31.781558,35.228886,Jerusalem,Jerusalem
707,ת.התרעננות/דור אלון נען כביש 6,0,Beer Sheva / South,2,2,4,3,8,0.5,31.881588,34.87851,Center,Tel Aviv
17206,הנרקיסים/האירוסים ב,34,Haifa / North,2,2,4,7,476,0.0084,32.755781,35.102656,North,Haifa
20854,מועצה אזורית מטה אשר,29,Haifa / North,2,2,2,4,542,0.0037,32.970336,35.092553,North,Haifa
13199,דרך ז'בוטינסקי/ביאליק,37,Tel Aviv / Center,1,4,3772,7,7544,0.5,32.085293,34.810136,Center,Tel Aviv
24217,מחלף גהה/ז'בוטינסקי,17,Tel Aviv / Center,1,4,3501,7,7002,0.5,32.092391,34.848903,Center,Tel Aviv
16196,ת.רק''ל שנקר/דרך ז'בוטינסקי,17,Tel Aviv / Center,1,3,3361,6,7392,0.4547,32.09285,34.852891,Center,Tel Aviv
13496,דרך שלמה/אבולעפיה,31,Tel Aviv / Center,1,2,2956,4,5912,0.5,32.054789,34.769417,Center,Tel Aviv
12898,ת.רק''ל אהרונוביץ'/דרך ז'בוטינסקי,37,Tel Aviv / Center,1,2,2820,11,11537,0.2444,32.092564,34.840305,Center,Tel Aviv
13332,דרך ז'בוטינסקי/גלעד,24,Tel Aviv / Center,1,2,2801,5,6632,0.4223,32.083677,34.806421,Center,Tel Aviv
9428,קרן היסוד/שלום עליכם,15,Jerusalem,1,3,2622,4,4538,0.5778,31.772091,35.221771,Jerusalem,Jerusalem
13919,דרך אבא הלל/ביאליק,24,Tel Aviv / Center,1,3,2363,5,4522,0.5226,32.086969,34.805391,Center,Tel Aviv
8795,אנג'ל/כנפי נשרים,9,Jerusalem,1,5,2356,7,3356,0.702,31.787506,35.191898,Jerusalem,Jerusalem
11880,הרטום/שדרות גולדה מאיר,15,Jerusalem,1,7,2338,13,6161,0.3795,31.800636,35.213932,Jerusalem,Jerusalem
50501,הרצל/פלורנטין,24,Tel Aviv / Center,1,2,2314,4,5004,0.4624,32.056033,34.770883,Center,Tel Aviv
13108,קאנטרי שוק העלייה/העלייה,31,Tel Aviv / Center,1,2,2306,3,4612,0.5,32.058329,34.773308,Center,Tel Aviv
10681,שטראוס/פראג,41,Jerusalem,1,3,2258,5,4516,0.5,31.785907,35.219003,Jerusalem,Jerusalem
8641,עזרת תורה/עלי הכהן,15,Jerusalem,1,2,2167,4,4334,0.5,31.797535,35.213728,Jerusalem,Jerusalem
9445,ירמיהו/שמגר,15,Jerusalem,1,2,2145,12,12004,0.1787,31.792377,35.207749,Jerusalem,Jerusalem
47442,דרך שלמה/שוקן,24,Tel Aviv / Center,1,2,2040,5,5348,0.3815,32.054769,34.772546,Center,Tel Aviv
13469,בית האצ''ל/גולדמן,24,Tel Aviv / Center,1,2,2026,3,4052,0.5,32.058253,34.758658,Center,Tel Aviv
51641,דרך מנחם בגין/דרך נמיר,37,Tel Aviv / Center,1,2,2019,4,4038,0.5,32.078307,34.793389,Center,Tel Aviv
13212,רדינג/הררי,24,Tel Aviv / Center,1,3,2019,4,3822,0.5283,32.104385,34.794434,Center,Tel Aviv
13773,דרך משה דיין/צבי נשרי,25,Tel Aviv / Center,1,3,1883,4,3766,0.5,32.054703,34.800345,Center,Tel Aviv
12878,עיריית תל אביב-יפו/אבן גבירול,50,Tel Aviv / Center,1,2,1881,3,3762,0.5,32.082493,34.781427,Center,Tel Aviv
38947,דרך נמיר/דרך מנחם בגין,24,Tel Aviv / Center,1,2,1863,6,6854,0.2718,32.080207,34.794181,Center,Tel Aviv
13774,דרך משה דיין/צבי נשרי,25,Tel Aviv / Center,1,3,1845,4,3690,0.5,32.055144,34.800093,Center,Tel Aviv
13083,לה גווארדייה/שער הגיא,25,Tel Aviv / Center,1,6,1831,9,3662,0.5,32.059214,34.79378,Center,Tel Aviv
13585,היכל התרבות/דיזנגוף,50,Tel Aviv / Center,1,4,1783,5,3566,0.5,32.074359,34.778231,Center,Tel Aviv
49784,מלכי ישראל/שדרות שרי ישראל,41,Jerusalem,1,2,1704,3,3408,0.5,31.790924,35.209289,Jerusalem,Jerusalem
17317,חליסה,28,Haifa / North,1,3,1693,6,6896,0.2455,32.802745,35.008924,North,Haifa
9586,ככר הדוידקה/הנביאים,15,Jerusalem,1,1,1647,4,5312,0.3101,31.785078,35.215587,Jerusalem,Jerusalem
10643,ככר השבת/מלכי ישראל,15,Jerusalem,1,1,1636,3,4624,0.3538,31.788651,35.217353,Jerusalem,Jerusalem
10733,יחזקאל/הושע,41,Jerusalem,1,1,1636,5,9538,0.1715,31.789988,35.219015,Jerusalem,Jerusalem
13488,הירקון/עזרא הסופר,50,Tel Aviv / Center,1,3,1634,7,7360,0.222,32.070195,34.764907,Center,Tel Aviv
13590,כיכר מסריק/המלך ג'ורג',50,Tel Aviv / Center,1,4,1612,5,3176,0.5076,32.077639,34.778033,Center,Tel Aviv
3932,הדשנים,57,Haifa / North,1,4,1513,9,4984,0.3036,32.809782,35.070798,North,Haifa
9372,יהודה הנשיא/בני בתירא,9,Jerusalem,1,2,1511,3,3022,0.5,31.755371,35.20374,Jerusalem,Jerusalem
13026,ת.רק''ל ביאליק/דרך ז'בוטינסקי,37,Tel Aviv / Center,1,2,1499,5,5570,0.2691,32.087371,34.812976,Center,Tel Aviv
9593,יהודה הנשיא/בן יאיר,9,Jerusalem,1,2,1475,3,2950,0.5,31.755975,35.200883,Jerusalem,Jerusalem
43278,כיכר השעון/נחום גולדמן,31,Tel Aviv / Center,1,1,1449,2,2898,0.5,32.056288,34.756916,Center,Tel Aviv
12978,דרך משה דיין/ההגנה,24,Tel Aviv / Center,1,1,1441,5,3812,0.378,32.051417,34.8,Center,Tel Aviv
13358,סמינר הקיבוצים/דרך נמיר,24,Tel Aviv / Center,1,8,1428,21,15780,0.0905,32.101886,34.792779,Center,Tel Aviv
12915,דרך משה דיין/ההגנה,24,Tel Aviv / Center,1,1,1407,5,3666,0.3838,32.052456,34.799862,Center,Tel Aviv
13117,מכון הנפט/חיים לבנון,24,Tel Aviv / Center,1,3,1404,5,2808,0.5,32.105834,34.800065,Center,Tel Aviv
50500,הרצל/דרך שלמה,31,Tel Aviv / Center,1,2,1398,3,2796,0.5,32.054436,34.770865,Center,Tel Aviv
10675,ארץ חפץ/חטיבת הראל,41,Jerusalem,1,1,1392,2,2784,0.5,31.796723,35.222853,Jerusalem,Jerusalem
12876,דרך השלום/שדרות ההשכלה,24,Tel Aviv / Center,1,4,1383,6,2766,0.5,32.071418,34.797494,Center,Tel Aviv
51418,לבון/דרך קיבוץ גלויות,31,Tel Aviv / Center,1,3,1377,7,3176,0.4336,32.049015,34.773123,Center,Tel Aviv
49074,בית הדפוס/פרבשטיין,15,Jerusalem,1,2,1377,4,2940,0.4684,31.78642,35.19137,Jerusalem,Jerusalem
3490,יד לבנים/בר יהודה,32,Haifa / North,1,4,1371,9,2766,0.4957,32.803454,35.010274,North,Haifa
17506,אלנבי,46,Haifa / North,1,2,1361,5,4872,0.2794,32.83068,34.968449,North,Haifa
9312,הרצוג/ניות,9,Jerusalem,1,2,1353,3,2706,0.5,31.766091,35.204282,Jerusalem,Jerusalem
8749,משרד החוץ/שד' רבין,15,Jerusalem,1,5,1348,12,5028,0.2681,31.782889,35.202207,Jerusalem,Jerusalem
13934,הרצל/דרך ז'בוטינסקי,25,Tel Aviv / Center,1,2,1344,4,2688,0.5,32.087636,34.814894,Center,Tel Aviv
16850,פארק המדע/ויצמן,26,Tel Aviv / Center,1,3,1332,8,3374,0.3948,31.910949,34.803289,Center,Tel Aviv
41290,המוזיאון הימי/דרך אלנבי,28,Haifa / North,1,2,1313,4,2626,0.5,32.828987,34.971897,North,Haifa
37528,הבורסה/דרך ז'בוטינסקי,37,Tel Aviv / Center,1,1,1307,8,11234,0.1163,32.082534,34.800724,Center,Tel Aviv
13917,צומת עלית/ארלוזורוב,25,Tel Aviv / Center,1,1,1307,2,2614,0.5,32.081749,34.805792,Center,Tel Aviv
9414,החאן/דוד רמז,11,Jerusalem,1,1,1297,4,4518,0.2871,31.767793,35.224509,Jerusalem,Jerusalem
21675,פארק המדע/ויצמן,12,Tel Aviv / Center,1,5,1293,8,2586,0.5,31.912543,34.802606,Center,Tel Aviv
13499,בית המשפט/שוקן,24,Tel Aviv / Center,1,3,1277,5,3282,0.3891,32.051643,34.772093,Center,Tel Aviv
13918,צומת עלית/ארלוזורוב,25,Tel Aviv / Center,1,1,1274,2,2548,0.5,32.08193,34.805427,Center,Tel Aviv
13589,המלך ג'ורג'/זמנהוף,24,Tel Aviv / Center,1,3,1274,6,3410,0.3736,32.07709,34.777593,Center,Tel Aviv
9730,בצלאל/טרומפלדור,11,Jerusalem,1,4,1261,7,4164,0.3028,31.780632,35.213815,Jerusalem,Jerusalem
9375,בן זכאי/בן בבא,11,Jerusalem,1,1,1260,3,3795,0.332,31.75699,35.205754,Jerusalem,Jerusalem
10587,שוק מחנה יהודה/אגריפס,15,Jerusalem,1,2,1247,5,3966,0.3144,31.783775,35.213079,Jerusalem,Jerusalem
11750,הרוזמרין/דוגה,11,Jerusalem,1,3,1243,4,2486,0.5,31.732271,35.200234,Jerusalem,Jerusalem
9733,פרבשטיין/איש שלום,9,Jerusalem,1,5,1237,8,2338,0.5291,31.783872,35.191781,Jerusalem,Jerusalem
9409,הרצוג/טשרניחובסקי,11,Jerusalem,1,2,1236,4,2940,0.4204,31.769609,35.209732,Jerusalem,Jerusalem
9324,יהודה הנשיא/בני בתירא,11,Jerusalem,1,1,1236,2,2472,0.5,31.755343,35.204129,Jerusalem,Jerusalem
9064,הרוזמרין/א סאפא,9,Jerusalem,1,4,1234,7,2468,0.5,31.732062,35.20419,Jerusalem,Jerusalem
18239,צומת אום וואסף/דרך חיפה,40,Periphery / North,1,3,1224,5,2716,0.4507,32.693275,35.290653,North,Periphery
10722,שמגר/תורה מציון,15,Jerusalem,1,1,1216,6,6408,0.1898,31.791604,35.208544,Jerusalem,Jerusalem
8743,זקס,41,Jerusalem,1,4,1213,6,3752,0.3233,31.789828,35.225822,Jerusalem,Jerusalem
13363,הרא''ה/דרך בן גוריון,37,Tel Aviv / Center,1,3,1212,5,2468,0.4911,32.083536,34.822697,Center,Tel Aviv
4200,צומת אום וואסף/דרך חיפה,40,Periphery / North,1,2,1173,4,2618,0.4481,32.693686,35.290129,North,Periphery
48462,הרטום/גולדה מאיר,15,Jerusalem,1,4,1161,12,3674,0.316,31.80069,35.213748,Jerusalem,Jerusalem
3977,חליסה,28,Haifa / North,1,2,1154,6,7172,0.1609,32.803026,35.008786,North,Haifa
13935,דרך אבא הלל/רוקח,37,Tel Aviv / Center,1,1,1149,3,2648,0.4339,32.088894,34.808172,Center,Tel Aviv
13638,ביה''ס ניב/יצחק שדה,25,Tel Aviv / Center,1,5,1141,8,2282,0.5,32.064025,34.796565,Center,Tel Aviv
11574,ת. מרכזית ירושלים/יפו,15,Jerusalem,1,3,1137,10,9331,0.1219,31.788746,35.203674,Jerusalem,Jerusalem
25367,דרך יצחק רבין/העצמאות,17,Tel Aviv / Center,1,2,1137,6,2546,0.4466,32.073212,34.859654,Center,Tel Aviv
13733,יהודה המכבי/דרך נמיר,50,Tel Aviv / Center,1,1,1133,5,5975,0.1896,32.094067,34.792836,Center,Tel Aviv
13210,ביה''ס אליאנס/רדינג,50,Tel Aviv / Center,1,1,1111,2,2222,0.5,32.10653,34.794161,Center,Tel Aviv
36102,צומת קרית אתא/חלוצי התעשייה,57,Haifa / North,1,1,1105,2,2210,0.5,32.810807,35.069519,North,Haifa
13637,יצחק שדה/יגאל אלון,25,Tel Aviv / Center,1,3,1096,6,2192,0.5,32.06405,34.792948,Center,Tel Aviv
1973,דרך צרפת/גורס,46,Haifa / North,1,2,1090,3,2180,0.5,32.821366,34.964019,North,Haifa
10683,עלי הכהן/בר אילן,41,Jerusalem,1,1,1089,4,4946,0.2202,31.794876,35.214799,Jerusalem,Jerusalem
11511,ככר השבת/ישעיהו,41,Jerusalem,1,1,1086,4,5508,0.1972,31.787765,35.218295,Jerusalem,Jerusalem
13123,דרך ז'בוטינסקי/החשמונאים,24,Tel Aviv / Center,1,1,1075,3,2150,0.5,32.084227,34.808446,Center,Tel Aviv
13093,מגרשי הטניס/בכור שטרית,37,Tel Aviv / Center,1,2,1068,4,2210,0.4833,32.106365,34.816519,Center,Tel Aviv
13707,ארלוזורוב/בלוך,37,Tel Aviv / Center,1,2,1064,3,2128,0.5,32.084226,34.786407,Center,Tel Aviv
12879,ערבי נחל/בורוכוב,25,Tel Aviv / Center,1,4,1054,7,2236,0.4714,32.078281,34.801218,Center,Tel Aviv
2179,ההסתדרות/צומת קרית אתא,27,Haifa / North,1,1,1052,8,5734,0.1835,32.811661,35.071139,North,Haifa
42859,אליעזר קפלן/דובנוב,24,Tel Aviv / Center,1,1,1034,5,3176,0.3256,32.07356,34.783258,Center,Tel Aviv
13118,מכון התקנים/חיים לבנון,50,Tel Aviv / Center,1,3,1033,6,3600,0.2869,32.107781,34.801125,Center,Tel Aviv
11610,עלי הכהן/גרוסברג,41,Jerusalem,1,3,1018,5,5144,0.1979,31.796958,35.214906,Jerusalem,Jerusalem
35835,הגיבורים,28,Haifa / North,1,1,1014,3,3510,0.2889,32.800038,35.013771,North,Haifa
10237,יחזקאל/כיכר השבת ,41,Jerusalem,1,1,1011,5,12206,0.0828,31.788783,35.218466,Jerusalem,Jerusalem
10626,המלך ג'ורג'/בן יהודה,11,Jerusalem,1,2,1001,5,4744,0.211,31.78082,35.216057,Jerusalem,Jerusalem
13153,לונה פארק/שד' רוקח,50,Tel Aviv / Center,1,2,992,6,4476,0.2216,32.105513,34.81257,Center,Tel Aviv
2158,יד לבנים/הגיבורים,32,Haifa / North,1,1,992,3,3486,0.2846,32.801056,35.010974,North,Haifa
9413,גן הפעמון/דרך בית לחם,11,Jerusalem,1,1,972,5,3316,0.2931,31.768638,35.223834,Jerusalem,Jerusalem
11562,דרך חברון/גבעת המטוס,11,Jerusalem,1,5,967,12,5400,0.1791,31.739691,35.212459,Jerusalem,Jerusalem
13000,היכל הספורט/יגאל אלון,24,Tel Aviv / Center,1,2,966,5,4530,0.2132,32.060644,34.791891,Center,Tel Aviv
24146,שנקר/ההסתדרות,31,Tel Aviv / Center,1,3,961,4,1922,0.5,32.018167,34.775582,Center,Tel Aviv
13522,מסילת ישרים/חכמי ישראל,31,Tel Aviv / Center,1,2,960,4,1920,0.5,32.05153,34.776758,Center,Tel Aviv
49387,דרך השלום/יגאל אלון,25,Tel Aviv / Center,1,2,960,3,1920,0.5,32.072332,34.795296,Center,Tel Aviv
3803,שד. ההסתדרות/אריה שנקר,27,Haifa / North,1,2,952,6,4136,0.2302,32.807594,35.063557,North,Haifa
13165,הגן הזואולוגי/הרצל,31,Tel Aviv / Center,1,1,951,4,2692,0.3533,32.047971,34.768941,Center,Tel Aviv
13206,קריית הממשלה/דרך מנחם בגין,24,Tel Aviv / Center,1,1,951,10,14386,0.0661,32.07238,34.789654,Center,Tel Aviv
38952,ת.רק''ל אלנבי/יהודה הלוי,24,Tel Aviv / Center,1,1,950,7,4688,0.2026,32.062454,34.77418,Center,Tel Aviv
13813,דרך השלום/חביבה רייק,25,Tel Aviv / Center,1,3,941,7,2608,0.3608,32.069918,34.802079,Center,Tel Aviv
12847,דרך השלום/תוצרת הארץ,25,Tel Aviv / Center,1,3,924,9,3768,0.2452,32.071565,34.797751,Center,Tel Aviv
13521,מסילת ישרים/חכמי ישראל,31,Tel Aviv / Center,1,2,923,4,1846,0.5,32.051271,34.776791,Center,Tel Aviv
10119,גבעת משה/עלי הכהן,15,Jerusalem,1,1,913,4,4260,0.2143,31.798046,35.214489,Jerusalem,Jerusalem
13752,שד' רוקח/דרך נמיר,24,Tel Aviv / Center,1,1,907,3,2596,0.3494,32.100547,34.796071,Center,Tel Aviv
2431,דרך צרפת/דרייפוס,46,Haifa / North,1,2,907,4,2635,0.3442,32.821927,34.964872,North,Haifa
13483,מסוף כרמלית/הכרמל,24,Tel Aviv / Center,1,1,900,8,6067,0.1483,32.066363,34.766098,Center,Tel Aviv
13255,שד' הר ציון/דרך קיבוץ גלויות,24,Tel Aviv / Center,1,2,890,3,1780,0.5,32.05078,34.77369,Center,Tel Aviv
34168,קרית מדע ב',15,Jerusalem,1,2,890,7,2238,0.3977,31.805952,35.207807,Jerusalem,Jerusalem
10168,בר לב/שבטי ישראל,11,Jerusalem,1,1,888,3,5242,0.1694,31.78776,35.227006,Jerusalem,Jerusalem
8751,רוזמרין/לבונה,9,Jerusalem,1,2,884,11,5656,0.1563,31.732731,35.195877,Jerusalem,Jerusalem
40778,שדרות בן צבי/הרב שמואל ברוך,15,Jerusalem,1,1,879,4,3244,0.271,31.785992,35.207083,Jerusalem,Jerusalem
8710,רבי ישראל נג'ארה/יונתן בן עוזיאל,15,Jerusalem,1,2,879,6,9104,0.0966,31.789376,35.191168,Jerusalem,Jerusalem
13148,שדרות הר ציון/דרך קיבוץ גלויות,24,Tel Aviv / Center,1,2,873,3,1746,0.5,32.049738,34.773631,Center,Tel Aviv
3897,קריית אליעזר,46,Haifa / North,1,4,860,7,1720,0.5,32.828995,34.980618,North,Haifa
13581,דיזנגוף סנטר/שדרות בן ציון,24,Tel Aviv / Center,1,2,859,8,7634,0.1125,32.073814,34.776007,Center,Tel Aviv
12999,יגאל אלון/לה גווארדייה,24,Tel Aviv / Center,1,1,857,3,4584,0.187,32.059696,34.792069,Center,Tel Aviv
13556,בוגרשוב/פינסקר,50,Tel Aviv / Center,1,1,854,3,3808,0.2243,32.076306,34.770873,Center,Tel Aviv
13561,דיזנגוף סנטר/דיזנגוף,24,Tel Aviv / Center,1,1,854,7,7032,0.1214,32.075129,34.77537,Center,Tel Aviv
34140,וייצמן/החרש,12,Tel Aviv / Center,1,2,852,5,1740,0.4897,31.921979,34.797863,Center,Tel Aviv
11477,משטרה/שמואל מאיר,11,Jerusalem,1,2,849,7,4533,0.1873,31.730285,35.219951,Jerusalem,Jerusalem
22261,ת. רכבת רחובות,26,Tel Aviv / Center,1,1,848,8,3616,0.2345,31.908551,34.805277,Center,Tel Aviv
35794,קריית אליעזר,46,Haifa / North,1,2,844,3,1688,0.5,32.829596,34.979334,North,Haifa
2573,רופין/קניאל,28,Haifa / North,1,6,838,8,1856,0.4515,32.798871,35.001669,North,Haifa
35783,קריית חיים,27,Haifa / North,1,1,837,2,1674,0.5,32.81789,35.077712,North,Haifa
35784,בן צבי,28,Haifa / North,1,1,837,3,2450,0.3416,32.815571,35.074953,North,Haifa
25151,צומת גבעת השלושה מערב/כביש 483,35,Tel Aviv / Center,1,2,837,3,1674,0.5,32.09891,34.914926,Center,Tel Aviv
12968,לה גווארדייה/יגאל אלון,24,Tel Aviv / Center,1,1,836,4,2336,0.3579,32.059304,34.790544,Center,Tel Aviv
13583,דיזנגוף סנטר/דיזנגוף,50,Tel Aviv / Center,1,1,833,3,5232,0.1592,32.075566,34.77512,Center,Tel Aviv
19615,פאולוס השישי/ח'לת א-דיר,8,Periphery / North,1,2,833,4,2824,0.295,32.694538,35.290787,North,Periphery
22820,חיל התותחנים/חיל השריון,12,Tel Aviv / Center,1,3,833,5,1677,0.4967,31.998516,34.739034,Center,Tel Aviv
24738,דרך השבעה/המכתש,51,Tel Aviv / Center,1,1,832,8,5206,0.1598,32.02891,34.796876,Center,Tel Aviv
35837,נווה גנים,27,Haifa / North,1,1,830,7,5544,0.1497,32.85817,35.091366,North,Haifa
35769,צור שלום,28,Haifa / North,1,1,830,2,1660,0.5,32.855246,35.094166,North,Haifa
8741,שמואל הנביא/יקים,41,Jerusalem,1,1,823,3,2546,0.3233,31.791394,35.22416,Jerusalem,Jerusalem
9474,שמואל הנביא/ראם,11,Jerusalem,1,1,823,2,1646,0.5,31.789129,35.225426,Jerusalem,Jerusalem
23217,ת. מרכזית נס ציונה/ויצמן,12,Tel Aviv / Center,1,4,821,10,3568,0.2301,31.925479,34.797722,Center,Tel Aviv
786,מרכז רפואי מכבי הופיין,51,Tel Aviv / Center,1,2,821,5,1642,0.5,32.014255,34.766926,Center,Tel Aviv
4859,פאולוס השישי/ח'לת א-דיר,8,Periphery / North,1,2,817,4,2792,0.2926,32.69476,35.290977,North,Periphery
9627,פרבשטיין/בית הדפוס,15,Jerusalem,1,3,817,6,2456,0.3327,31.786075,35.19259,Jerusalem,Jerusalem
36927,מסוף עירוני/שדרות בית הלל,36,Tel Aviv / Center,1,3,815,5,1630,0.5,31.93646,35.036807,Center,Tel Aviv
11030,שד.יגאל אלון/החרש,15,Jerusalem,1,6,812,13,1764,0.4603,31.756224,34.987672,Jerusalem,Periphery
49614,מרכז ביג/שדרות הבנים,40,Periphery / North,1,2,807,3,1614,0.5,32.692208,35.228039,North,Periphery
34169,קרית מדע א',41,Jerusalem,1,1,806,3,1780,0.4528,31.803364,35.207169,Jerusalem,Jerusalem
13761,ברודצקי/סלואדור,50,Tel Aviv / Center,1,1,800,2,1600,0.5,32.10596,34.796903,Center,Tel Aviv
9054,שמואל הנביא/בר אילן,41,Jerusalem,1,1,797,5,6070,0.1313,31.79711,35.218703,Jerusalem,Jerusalem
13523,דרך שלמה/מסילת ישרים,24,Tel Aviv / Center,1,1,783,5,6838,0.1145,32.054745,34.77648,Center,Tel Aviv
42863,ת.מרכזית תל אביב/דרך שלמה,24,Tel Aviv / Center,1,1,772,5,6816,0.1133,32.054262,34.778747,Center,Tel Aviv
25368,בריכת נווה עוז/דרך יצחק רבין,25,Tel Aviv / Center,1,4,769,5,1410,0.5454,32.087122,34.861254,Center,Tel Aviv
36922,דרך צרפת/יצחק נדב,28,Haifa / North,1,1,768,3,1548,0.4961,32.822979,34.967502,North,Haifa
13477,מרכז הטקסטיל/פרופ' קויפמן,31,Tel Aviv / Center,1,2,767,3,1534,0.5,32.064293,34.762328,Center,Tel Aviv
16820,אוניברסיטת בר אילן/מקס ואנה ווב,17,Tel Aviv / Center,1,4,762,5,1524,0.5,32.069808,34.845126,Center,Tel Aviv
13166,סינרמה/יצחק שדה,24,Tel Aviv / Center,1,1,761,8,2282,0.3335,32.064589,34.791082,Center,Tel Aviv
11879,הרטום/שדרות גולדה מאיר,41,Jerusalem,1,2,758,5,2250,0.3369,31.8019,35.213372,Jerusalem,Jerusalem
1747,צומת דמון,61,Haifa / North,1,4,758,7,1520,0.4987,32.734516,35.039246,North,Haifa
14023,בית העלמין/חזון אי''ש,25,Tel Aviv / Center,1,2,756,4,2020,0.3743,32.07311,34.832921,Center,Tel Aviv
44458,דרך קיבוץ גלויות/שד' ישראל גורי,24,Tel Aviv / Center,1,2,755,4,1510,0.5,32.047121,34.781426,Center,Tel Aviv
47016,הרב שך/שלמה זלמן דרוק,69,Jerusalem,1,1,752,4,2996,0.251,31.809702,35.213204,Jerusalem,Jerusalem
50150,שדרות בן צבי/הרב שמואל ברוך,15,Jerusalem,1,1,752,7,4398,0.171,31.785841,35.207385,Jerusalem,Jerusalem
38682,שדרות יצחק בן צבי/בצלאל,11,Jerusalem,1,1,752,3,1514,0.4967,31.782368,35.208561,Jerusalem,Jerusalem
2602,צומת דמון,61,Haifa / North,1,2,744,3,1488,0.5,32.734311,35.040129,North,Haifa
7567,שדרות בית הלל/מסילת ישרים,45,Tel Aviv / Center,1,2,743,6,2578,0.2882,31.936258,35.039119,Center,Tel Aviv
14475,סינרמה/יצחק שדה,24,Tel Aviv / Center,1,1,742,7,2186,0.3394,32.064494,34.79044,Center,Tel Aviv
13742,שדרות לוי אשכול/ש''י עגנון,50,Tel Aviv / Center,1,1,735,5,3928,0.1871,32.103945,34.788631,Center,Tel Aviv
18366,עוקף נצרת/צומת אום וואסף,8,Periphery / North,1,3,733,5,2600,0.2819,32.692763,35.292576,North,Periphery
29336,דרך נמיר/אינשטיין,24,Tel Aviv / Center,1,1,729,7,7146,0.102,32.111697,34.792204,Center,Tel Aviv
14101,קניון רמת אביב/אינשטיין,50,Tel Aviv / Center,1,1,729,8,4498,0.1621,32.113103,34.79716,Center,Tel Aviv
29516,לה גווארדייה/שער הגיא,25,Tel Aviv / Center,1,1,718,6,1570,0.4573,32.059152,34.792881,Center,Tel Aviv
13956,הרא''ה/הבנים,37,Tel Aviv / Center,1,2,711,4,2458,0.2893,32.083468,34.823978,Center,Tel Aviv
39311,אוניברסיטת בר אילן/דרך אשכול,37,Tel Aviv / Center,1,3,705,4,1410,0.5,32.065728,34.843931,Center,Tel Aviv
15699,ההסתדרות/אחד במאי,31,Tel Aviv / Center,1,2,705,4,1410,0.5,32.018279,34.768301,Center,Tel Aviv
36871,דרך צרפת/יצחק נדב,28,Haifa / North,1,3,697,4,1403,0.4968,32.823565,34.967725,North,Haifa
2160,הגיבורים/ככר הגבורה,32,Haifa / North,1,1,693,3,1876,0.3694,32.801356,35.010999,North,Haifa
8796,פרבשטיין/בית הדפוס,9,Jerusalem,1,2,690,10,3750,0.184,31.785995,35.192339,Jerusalem,Jerusalem
14024,בית העלמין/חזון אי''ש,25,Tel Aviv / Center,1,3,687,7,2561,0.2683,32.072899,34.833115,Center,Tel Aviv
44659,מסוף רדינג/רציפים,50,Tel Aviv / Center,1,5,686,9,1037,0.6615,32.098781,34.779474,Center,Tel Aviv
11292,שפע חיים/דורש טוב,15,Jerusalem,1,3,684,12,8410,0.0813,31.79731,35.212587,Jerusalem,Jerusalem
2137,גאולה/בן זכאי,32,Haifa / North,1,3,683,4,1366,0.5,32.803813,34.999049,North,Haifa
11028,שדרות יגאל אלון/קניון שער העיר,21,Periphery / Jerusalem,1,4,682,9,2806,0.2431,31.756197,34.985749,Jerusalem,Periphery
8935,הרוזמרין/כביש המנהרות,11,Jerusalem,1,5,681,13,3986,0.1708,31.73188,35.203916,Jerusalem,Jerusalem
11637,מלכי ישראל/הרב פלדמן,41,Jerusalem,1,4,681,6,4765,0.1429,31.790677,35.210925,Jerusalem,Jerusalem
9355,בית השנהב/בית הדפוס,15,Jerusalem,1,1,678,4,3168,0.214,31.785766,35.189354,Jerusalem,Jerusalem
2133,ארלוזורוב/גאולה,28,Haifa / North,1,2,677,6,2792,0.2425,32.805373,34.998293,North,Haifa
48418,מסוף רעננה/רציפים,3,Tel Aviv / Center,1,5,671,7,1318,0.5091,32.175565,34.890269,Center,Tel Aviv
4206,עוקף נצרת/אל-קפזה,8,Periphery / North,1,2,671,4,2476,0.271,32.687919,35.293664,North,Periphery
13154,דרך נמיר/ז'בוטינסקי,50,Tel Aviv / Center,1,4,668,8,6106,0.1094,32.086375,34.795493,Center,Tel Aviv
22110,צומת שילת,36,Tel Aviv / Center,1,1,657,9,3516,0.1869,31.912407,35.017551,Center,Tel Aviv
3693,מרכז הכרמל/אלחנן,46,Haifa / North,1,1,656,2,1312,0.5,32.803662,34.98748,North,Haifa
17402,אלחנן/גורג אליוט,28,Haifa / North,1,1,656,3,1704,0.385,32.802969,34.989386,North,Haifa
9395,טשרניחובסקי/הרצוג,11,Jerusalem,1,1,653,4,3626,0.1801,31.768817,35.208391,Jerusalem,Jerusalem
44459,דרך קיבוץ גלויות/לבון,31,Tel Aviv / Center,1,2,647,5,1750,0.3697,32.049002,34.774301,Center,Tel Aviv
2356,קניון לב המפרץ/ההסתדרות,27,Haifa / North,1,7,646,15,3830,0.1687,32.793209,35.038917,North,Haifa
49697,פארק החורשות/לבון,31,Tel Aviv / Center,1,1,644,3,3186,0.2021,32.045706,34.772189,Center,Tel Aviv
6021,צומת מג'ד אל כרום מערב,29,Haifa / North,1,2,642,4,1284,0.5,32.916922,35.241109,North,Periphery
11275,שדרות יהודה בן זאב/שדרות הדקל,15,Jerusalem,1,2,642,4,1284,0.5,31.744471,34.980511,Jerusalem,Periphery
4202,צומת מגדל העמק 75/7555,34,Haifa / North,1,5,639,6,1238,0.5162,32.693579,35.225983,North,Haifa
4123,צומת מנשה לצפון,23,Periphery / Center,1,2,637,6,2548,0.25,32.471404,35.011467,Center,Periphery
13107,בית המשפט/שוקן,24,Tel Aviv / Center,1,2,634,3,1268,0.5,32.052027,34.772397,Center,Tel Aviv
8794,מרכז שטנר/כנפי נשרים,15,Jerusalem,1,1,634,5,10362,0.0612,31.787494,35.188892,Jerusalem,Jerusalem
21938,ההסתדרות/אחד במאי,31,Tel Aviv / Center,1,2,634,4,1268,0.5,32.018397,34.768633,Center,Tel Aviv
13644,דרך משה דיין/דרך השלום,25,Tel Aviv / Center,1,1,633,6,2762,0.2292,32.069794,34.799241,Center,Tel Aviv
9600,פת/ברל לוקר,9,Jerusalem,1,2,633,6,1974,0.3207,31.751267,35.202518,Jerusalem,Jerusalem
10503,האומן/חרשי הברזל,11,Jerusalem,1,2,632,4,1970,0.3208,31.74975,35.206568,Jerusalem,Jerusalem
825,דרך יצחק רבין/העצמאות,25,Tel Aviv / Center,1,1,627,4,2918,0.2149,32.07449,34.860039,Center,Tel Aviv
23273,כיכר יפה נוף,17,Tel Aviv / Center,1,1,627,3,2186,0.2868,32.073676,34.861664,Center,Tel Aviv
10747,שמגר/ירמיהו,15,Jerusalem,1,2,623,13,7800,0.0799,31.793164,35.208542,Jerusalem,Jerusalem
3204,דרך הים/הרקפות,28,Haifa / North,1,1,622,2,1244,0.5,32.80837,34.976787,North,Haifa
1917,מלון הר כרמל/דרך הים,46,Haifa / North,1,1,622,2,1244,0.5,32.810301,34.974772,North,Haifa
10474,ברעם/האומן,9,Jerusalem,1,5,614,7,1202,0.5108,31.745867,35.212968,Jerusalem,Jerusalem
3007,חלוצי התעשייה/צ. קרית אתא,27,Haifa / North,1,1,610,5,2256,0.2704,32.811044,35.069138,North,Haifa
50385,ת.רק''ל ארלוזורוב/דרך מנחם בגין,24,Tel Aviv / Center,1,1,610,9,11574,0.0527,32.080749,34.796416,Center,Tel Aviv
13731,פנקס/דרך נמיר,37,Tel Aviv / Center,1,2,605,4,1560,0.3878,32.091325,34.794216,Center,Tel Aviv
50399,מרכז תחבורתי הארזים/הורדה,41,Jerusalem,1,4,603,7,3245,0.1858,31.808276,35.204391,Jerusalem,Jerusalem
13230,מגדל צ'מפיון/דרך ששת הימים,17,Tel Aviv / Center,1,5,600,7,940,0.6383,32.09834,34.826763,Center,Tel Aviv
37260,ביטוח לאומי,15,Jerusalem,1,2,600,5,2464,0.2435,31.785239,35.200539,Jerusalem,Jerusalem
43652,כיכר המדינה/אריה עקיבא,24,Tel Aviv / Center,1,1,599,6,4746,0.1262,32.087673,34.790814,Center,Tel Aviv
9034,בן זאב/הדקל,15,Jerusalem,1,2,599,5,1198,0.5,31.744808,34.98007,Jerusalem,Periphery
9489,ששת הימים/פארן,42,Jerusalem / Center,1,1,598,3,1766,0.3386,31.801957,35.22983,Jerusalem,Jerusalem
3820,מרכז רפואי לין/צהל,46,Haifa / North,1,2,597,3,1194,0.5,32.824025,34.98371,North,Haifa
49981,ד''ר ג'ורג' וייז/שלום רוזנפלד,50,Tel Aviv / Center,1,3,596,6,3458,0.1724,32.107177,34.805353,Center,Tel Aviv
13136,תיכון חדש רבין/דרך נמיר,24,Tel Aviv / Center,1,1,595,9,10264,0.058,32.090293,34.795303,Center,Tel Aviv
42146,הבימה/שד' תרס''ט,24,Tel Aviv / Center,1,1,595,2,1190,0.5,32.072934,34.7788,Center,Tel Aviv
29478,דרך נמיר/יהודה המכבי,50,Tel Aviv / Center,1,1,595,2,1190,0.5,32.093781,34.794543,Center,Tel Aviv
16789,ז'בוטינסקי/א.צ גרינברג,25,Tel Aviv / Center,1,1,592,6,2998,0.1975,32.072243,34.85103,Center,Tel Aviv
12887,רבנות תל אביב/שד' דוד המלך,24,Tel Aviv / Center,1,1,591,4,2692,0.2195,32.080036,34.784509,Center,Tel Aviv
12937,בן גוריון/ החץ,25,Tel Aviv / Center,1,2,586,6,1862,0.3147,32.082033,34.820663,Center,Tel Aviv
4224,מחלף גולני/לכיוון מערב,16,Periphery / North,1,4,582,5,1164,0.5,32.773505,35.405752,North,Periphery
4226,צומת מחנה שמשון,5,Periphery / North,1,1,581,6,1970,0.2949,32.771461,35.392396,North,Periphery
23906,דרך מנחם בגין/חיל התותחנים,31,Tel Aviv / Center,1,2,580,3,1160,0.5,31.999168,34.741504,Center,Tel Aviv
13450,כיכר השעון/מרזוק ועזר,31,Tel Aviv / Center,1,1,577,4,2306,0.2502,32.05515,34.75753,Center,Tel Aviv
13821,נחלת יצחק/עליית הנוער,24,Tel Aviv / Center,1,2,577,3,1154,0.5,32.07381,34.800651,Center,Tel Aviv
2034,צהל/רוטשילד,46,Haifa / North,1,2,576,3,1152,0.5,32.823885,34.98378,North,Haifa
38553,מסעף עין המפרץ,27,Haifa / North,1,2,576,5,1152,0.5,32.89998,35.091682,North,Haifa
13924,דרך ז'בוטינסקי/ביאליק,25,Tel Aviv / Center,1,1,575,2,1150,0.5,32.085076,34.810272,Center,Tel Aviv
10484,פת/ברל לוקר,9,Jerusalem,1,2,573,5,1796,0.319,31.751061,35.202511,Jerusalem,Jerusalem
12938,בן גוריון/ הרא''ה,25,Tel Aviv / Center,1,2,572,5,1876,0.3049,32.083188,34.821066,Center,Tel Aviv
10499,האומן/חרשי הברזל,11,Jerusalem,1,2,571,4,1848,0.309,31.75056,35.207449,Jerusalem,Jerusalem
13501,דרך שלמה/שד' הר ציון,24,Tel Aviv / Center,1,1,570,4,3868,0.1474,32.055015,34.774632,Center,Tel Aviv
13494,דרך שלמה/בן עטר,31,Tel Aviv / Center,1,1,570,3,5752,0.0991,32.054945,34.768637,Center,Tel Aviv
13112,מסוף הטייסים,24,Tel Aviv / Center,1,3,568,7,5129,0.1107,32.048689,34.813804,Center,Tel Aviv
11069,בן איש חי ז,21,Periphery / Jerusalem,1,1,566,4,1932,0.293,31.7434,34.999541,Jerusalem,Periphery
12854,כצנלסון/עליית הנוער,25,Tel Aviv / Center,1,1,565,4,2656,0.2127,32.075186,34.803357,Center,Tel Aviv
13720,בית החייל/ויצמן,24,Tel Aviv / Center,1,1,563,3,3230,0.1743,32.090607,34.790476,Center,Tel Aviv
13815,בית העלמין/רמב''ם,25,Tel Aviv / Center,1,1,561,2,1122,0.5,32.070995,34.802154,Center,Tel Aviv
24145,ההסתדרות/חנקין,51,Tel Aviv / Center,1,1,560,5,2984,0.1877,32.017237,34.777356,Center,Tel Aviv
26402,צומת בני ראם/ישיבה,15,Jerusalem,1,7,560,11,998,0.5611,31.768129,34.799948,Center,Periphery
2882,רכבל/העלייה השנייה,28,Haifa / North,1,1,559,4,2595,0.2154,32.831159,34.970941,North,Haifa
13814,ב. עלמין נחלת יצחק/רמב''ם,25,Tel Aviv / Center,1,1,559,3,1474,0.3792,32.070507,34.802554,Center,Tel Aviv
14576,דרך אם המושבות/המכבים,17,Tel Aviv / Center,1,4,558,6,1108,0.5036,32.100277,34.832926,Center,Tel Aviv
17192,חטיבת כרמלי ד,32,Haifa / North,1,1,557,4,1305,0.4268,32.79655,35.017819,North,Haifa
21213,כפר כנא ז'/בי''ס חט''ב א,8,Periphery / North,1,2,555,5,1472,0.377,32.754542,35.344037,North,Periphery
10179,א''ס ביתר/א''ס הפועל,9,Jerusalem,1,2,552,8,3300,0.1673,31.753685,35.190046,Jerusalem,Jerusalem
24056,יוספטל/אילת,51,Tel Aviv / Center,1,1,551,2,1102,0.5,32.014591,34.763883,Center,Tel Aviv
44461,פרישמן/דב הוז,50,Tel Aviv / Center,1,2,548,4,1358,0.4035,32.079849,34.772121,Center,Tel Aviv
10176,קניון מלחה/א''ס הפועל   האייל,9,Jerusalem,1,3,548,9,3910,0.1402,31.752724,35.187989,Jerusalem,Jerusalem
21412,אהרונוביץ'/הציונות,51,Tel Aviv / Center,1,2,548,4,1468,0.3733,32.007466,34.768544,Center,Tel Aviv
12852,כצנלסון/לכיש,25,Tel Aviv / Center,1,1,547,4,2660,0.2056,32.075356,34.803222,Center,Tel Aviv
13648,עמק ברכה/בנימיני,24,Tel Aviv / Center,1,1,547,5,2228,0.2455,32.076216,34.798903,Center,Tel Aviv
1781,מסעף טירת כרמל/הרצל,46,Haifa / North,1,1,547,3,1100,0.4973,32.772031,34.962995,North,Haifa
1736,מסעף כפר גלים,19,Periphery / North,1,1,547,2,1094,0.5,32.764238,34.961821,North,Haifa
24134,ויצמן/ההסתדרות,51,Tel Aviv / Center,1,1,545,6,3454,0.1578,32.018606,34.77084,Center,Tel Aviv
11259,בן איש חי/קארו,21,Periphery / Jerusalem,1,1,541,3,1526,0.3545,31.743852,34.999997,Jerusalem,Periphery
2341,מסעף החותרים,46,Haifa / North,1,2,540,3,1080,0.5,32.753324,34.962412,North,Haifa
13605,לח''י/דרך קיבוץ גלויות,24,Tel Aviv / Center,1,2,537,5,1892,0.2838,32.047452,34.790689,Center,Tel Aviv
2784,אלנבי/מאיר,46,Haifa / North,1,2,537,4,1074,0.5,32.818784,34.991136,North,Haifa
15907,שדרות אהרון קציר/שמחה הולצברג,25,Tel Aviv / Center,1,1,537,9,4454,0.1206,32.06257,34.846119,Center,Tel Aviv
22315,צומת בית חלקיה,15,Jerusalem,1,5,536,9,1342,0.3994,31.787834,34.819788,Center,Periphery
2430,ויקטור הוגו/אמיל זולא,28,Haifa / North,1,1,536,3,1084,0.4945,32.82149,34.966655,North,Haifa
15810,צומת סביון/כביש 4622,25,Tel Aviv / Center,1,2,534,3,1068,0.5,32.034279,34.866623,Center,Tel Aviv
17316,דולפין,28,Haifa / North,1,1,534,3,1932,0.2764,32.82753,34.983637,North,Haifa
17315,דולפין,28,Haifa / North,1,1,534,3,1932,0.2764,32.827683,34.983796,North,Haifa
29514,שוקן/דרך שלמה,24,Tel Aviv / Center,1,2,533,4,4060,0.1313,32.054131,34.772082,Center,Tel Aviv
10121,תחנת רקל''ה שמעון הצדיק/שדרות בר לב,11,Jerusalem,1,1,531,3,3346,0.1587,31.794363,35.227245,Jerusalem,Jerusalem
1990,אדמונד פלג,46,Haifa / North,1,1,530,2,1060,0.5,32.823112,34.971985,North,Haifa
1991,טשרניחובסקי/אדמונד פלג,28,Haifa / North,1,1,530,3,2990,0.1773,32.824328,34.971183,North,Haifa
12812,שד' ישראל גורי/דרך קיבוץ גלויות,31,Tel Aviv / Center,1,1,527,4,3370,0.1564,32.046386,34.780691,Center,Tel Aviv
10163,מחלף הראל,63,Jerusalem,1,5,526,8,1660,0.3169,31.798902,35.146516,Jerusalem,Jerusalem
25282,ירושלים/שכ' קריית אלון,7,Tel Aviv / Center,1,3,526,4,1052,0.5,32.091398,34.902324,Center,Tel Aviv
51776,ז'בוטינסקי/דרך יצחק רבין,17,Tel Aviv / Center,1,1,521,6,2004,0.26,32.091619,34.862835,Center,Tel Aviv
15421,הרצל/ויצמן,26,Tel Aviv / Center,1,2,521,7,1114,0.4677,31.819355,34.773886,Center,Tel Aviv
13364,הרא''ה/דרך בן גוריון,37,Tel Aviv / Center,1,1,518,5,2000,0.259,32.083679,34.822267,Center,Tel Aviv
13952,הרא''ה/הרצל,25,Tel Aviv / Center,1,1,518,4,1726,0.3001,32.083897,34.816328,Center,Tel Aviv
13932,הרא''ה/הרצל,25,Tel Aviv / Center,1,1,517,4,1766,0.2928,32.083775,34.815945,Center,Tel Aviv
11910,צומת פת/יהודה הנשיא,9,Jerusalem,1,1,514,4,3978,0.1292,31.756102,35.199188,Jerusalem,Jerusalem
9322,קנאי הגליל/יהודה הנשיא,11,Jerusalem,1,1,514,2,1028,0.5,31.755598,35.199963,Jerusalem,Jerusalem
24717,ויצמן/ההסתדרות,51,Tel Aviv / Center,1,1,511,5,3382,0.1511,32.018848,34.770714,Center,Tel Aviv
3075,אלנבי,46,Haifa / North,1,1,511,4,3650,0.14,32.830346,34.970092,North,Haifa
25138,מחנה דורי,25,Tel Aviv / Center,1,1,511,5,2032,0.2515,32.036176,34.846012,Center,Tel Aviv
15848,יחזקאל קזז/דרך לוד,60,Tel Aviv / Center,1,1,511,2,1022,0.5,32.035032,34.847285,Center,Tel Aviv
14612,צומת אודים,24,Tel Aviv / Center,1,5,509,12,1934,0.2632,32.269883,34.846061,Center,Tel Aviv
2760,כביש 4/שדרות מנחם בגין,19,Periphery / North,1,1,508,3,1080,0.4704,32.749747,34.963781,North,Haifa
2500,צומת קרית חיים,27,Haifa / North,1,2,506,6,6112,0.0828,32.817155,35.076678,North,Haifa
35686,כביש 3855/הירקון,44,Jerusalem / Center,1,4,506,7,1012,0.5,31.705894,35.007913,Jerusalem,Periphery
9523,עזה/רד''ק,11,Jerusalem,1,1,505,3,3950,0.1278,31.773178,35.215131,Jerusalem,Jerusalem
9415,מטודלה,15,Jerusalem,1,1,505,2,1010,0.5,31.77149,35.211309,Jerusalem,Jerusalem
29463,פנחס רוזן/שלונסקי,37,Tel Aviv / Center,1,1,503,5,1956,0.2572,32.115062,34.8253,Center,Tel Aviv
24318,ירושלים/גורדון,7,Tel Aviv / Center,1,4,503,6,1626,0.3093,32.088478,34.901556,Center,Tel Aviv
27700,בטחה/כניסה ראשית,0,Beer Sheva / South,1,7,502,10,1004,0.5,31.328925,34.633962,South,Beer Sheva
15856,מרכז מסחרי/העצמאות,60,Tel Aviv / Center,1,2,499,7,3676,0.1357,32.030685,34.866523,Center,Tel Aviv
16104,הרצל/שדרות בן גוריון,26,Tel Aviv / Center,1,3,497,4,946,0.5254,31.808534,34.766745,Center,Periphery
16766,עצמאות/ יפה נוף,17,Tel Aviv / Center,1,1,497,4,2190,0.2269,32.073525,34.860945,Center,Tel Aviv
21398,אהרונוביץ'/הציונות,51,Tel Aviv / Center,1,2,496,4,1400,0.3543,32.00712,34.768546,Center,Tel Aviv
12109,צומת ניר ישראל/ברכיה,6,Periphery / Center,1,2,495,3,990,0.5,31.679188,34.634179,Center,Periphery
49377,מכללת אונו/דרך אלכסנדרוני ,60,Tel Aviv / Center,1,3,493,7,1206,0.4088,32.037096,34.866942,Center,Tel Aviv
20090,צומת צורית,29,Haifa / North,1,3,492,6,1638,0.3004,32.914825,35.226946,North,Periphery
2836,גרנד קניון/רופין,32,Haifa / North,1,1,487,8,2930,0.1662,32.789683,35.003258,North,Haifa
48896,ביג שער העיר,34,Haifa / North,1,2,486,4,1020,0.4765,32.786877,35.029409,North,Haifa
48293,מסוף אלוף שדה,25,Tel Aviv / Center,1,2,484,5,1578,0.3067,32.054928,34.833997,Center,Tel Aviv
17580,צומת בית רימון,5,Periphery / North,1,2,484,7,2282,0.2121,32.761348,35.346865,North,Periphery
13738,ש''י עגנון/ישראל גלילי,50,Tel Aviv / Center,1,2,483,4,2186,0.221,32.102346,34.783987,Center,Tel Aviv
35682,כביש 3855/כביש 375,44,Jerusalem / Center,1,2,482,4,964,0.5,31.696722,35.010889,Center,Periphery
47173,הרב רפאל ברוך טולדנו/רבי שלמה זלמן דרוק,69,Jerusalem,1,1,481,3,1706,0.2819,31.808914,35.214523,Jerusalem,Jerusalem
18713,צומת נטופה,5,Periphery / North,1,1,481,6,1408,0.3416,32.810026,35.402676,North,Periphery
20325,מחלף עילבון/לצפון,1,Periphery / North,1,1,481,2,962,0.5,32.830027,35.410872,North,Periphery
12969,דרך בר לב/דרך הטייסים,24,Tel Aviv / Center,1,1,480,3,5004,0.0959,32.044958,34.8114,Center,Tel Aviv
36098,בית חולים איטלקי/המגינים,28,Haifa / North,1,1,480,8,6266,0.0766,32.822782,34.988216,North,Haifa
13098,פארק אריאל שרון/דרך לוד,25,Tel Aviv / Center,1,1,480,3,2028,0.2367,32.043843,34.816924,Center,Tel Aviv
16233,היצירה/אפעל,17,Tel Aviv / Center,1,2,478,5,1710,0.2795,32.094181,34.849859,Center,Tel Aviv
49306,פארק קנדה/דרך לוד,25,Tel Aviv / Center,1,2,477,3,954,0.5,32.034015,34.858955,Center,Tel Aviv
14003,קהילת יאסי/פנחס רוזן,50,Tel Aviv / Center,1,3,476,4,952,0.5,32.110121,34.825403,Center,Tel Aviv
20126,מסעף רביד,1,Periphery / North,1,3,476,4,928,0.5129,32.842348,35.432223,North,Periphery
44303,השייטת/ הפריגטה,12,Tel Aviv / Center,1,2,473,4,946,0.5,32.002379,34.736623,Center,Tel Aviv
44371,היצירה/אפעל,17,Tel Aviv / Center,1,1,473,5,1328,0.3562,32.094423,34.849755,Center,Tel Aviv
41463,ת.רכבת סגולה/כביש 40,17,Tel Aviv / Center,1,1,471,6,3016,0.1562,32.112863,34.902788,Center,Tel Aviv
11726,תחנת רכבת קלה גבעת התחמושת,41,Jerusalem,1,2,469,6,3616,0.1297,31.799271,35.232039,Jerusalem,Jerusalem
23917,ת.רק''ל הקוממיות/דרך בגין,31,Tel Aviv / Center,1,1,468,3,4058,0.1153,32.002145,34.746553,Center,Tel Aviv
37805,דרך מנחם בגין/כורש,12,Tel Aviv / Center,1,1,468,2,936,0.5,31.998446,34.743239,Center,Tel Aviv
13438,שד' ישראל גורי/דרך קיבוץ גלויות,31,Tel Aviv / Center,1,2,467,5,3310,0.1411,32.046747,34.780618,Center,Tel Aviv
39046,שדרות לוי אשכול/כיכר מאיר יערי,50,Tel Aviv / Center,1,2,465,3,930,0.5,32.100997,34.789292,Center,Tel Aviv
13916,ת.רק''ל אבא הלל,37,Tel Aviv / Center,1,1,463,5,2948,0.1571,32.083873,34.803468,Center,Tel Aviv
19846,מפעלי פלדה,29,Haifa / North,1,3,463,5,926,0.5,32.891249,35.094536,North,Haifa
12929,דרך הטייסים/עודד,25,Tel Aviv / Center,1,1,460,6,2846,0.1616,32.054438,34.810845,Center,Tel Aviv
21321,כביש 44/דרך חיים הרצוג,7,Tel Aviv / Center,1,3,456,9,2104,0.2167,31.973523,34.840538,Center,Tel Aviv
42736,צומת בית רימון,8,Periphery / North,1,3,454,6,1248,0.3638,32.762723,35.34563,North,Periphery
22116,משרד החקלאות/דרך המכבים,12,Tel Aviv / Center,1,1,454,3,1088,0.4173,31.996519,34.817626,Center,Tel Aviv
11031,העלייה/יגאל אלון,21,Periphery / Jerusalem,1,1,454,4,3614,0.1256,31.755191,34.988516,Jerusalem,Periphery
21287,מחלף עילבון/לדרום,5,Periphery / North,1,1,452,4,1276,0.3542,32.829109,35.408271,North,Periphery
13966,הרא''ה/חיבת ציון,25,Tel Aviv / Center,1,2,451,4,902,0.5,32.079906,34.825571,Center,Tel Aviv
3975,אוניברסיטה/רב תכליתי,32,Haifa / North,1,2,450,5,3357,0.134,32.758624,35.021966,North,Haifa
9909,קציר/קלרמון גנו,41,Jerusalem,1,3,448,6,1984,0.2258,31.795855,35.23493,Jerusalem,Jerusalem
6998,מסעף עין המפרץ,29,Haifa / North,1,2,448,7,1806,0.2481,32.900782,35.091472,North,Haifa
2052,המגינים/הבנקים,28,Haifa / North,1,1,447,7,3482,0.1284,32.819225,34.995871,North,Haifa
13652,דיזנגוף/ש''ץ,24,Tel Aviv / Center,1,1,443,5,6652,0.0666,32.08366,34.774083,Center,Tel Aviv
44472,אליעזר פרי/ארלוזורוב,24,Tel Aviv / Center,1,1,443,5,4274,0.1036,32.087486,34.770673,Center,Tel Aviv
44471,הירקון/שדרות בן גוריון,50,Tel Aviv / Center,1,1,443,5,5324,0.0832,32.084191,34.769531,Center,Tel Aviv
50609,שדרות בן גוריון/בן יהודה,50,Tel Aviv / Center,1,1,443,3,1718,0.2579,32.084966,34.771646,Center,Tel Aviv
23347,דוד בן גוריון/מבצע קדש,17,Tel Aviv / Center,1,4,441,5,882,0.5,32.076413,34.846085,Center,Tel Aviv
43656,דרך השלום/דרך יצחק שמיר,23,Periphery / Center,1,1,439,5,2748,0.1598,32.443946,34.894357,Center,Periphery
13095,היכל הספורט/יגאל אלון,24,Tel Aviv / Center,1,2,436,5,4792,0.091,32.061469,34.792128,Center,Tel Aviv
29447,משה סנה/צה''ל,14,Tel Aviv / Center,1,2,436,3,872,0.5,32.121629,34.824909,Center,Tel Aviv
13968,הרא''ה/היתד,25,Tel Aviv / Center,1,2,435,4,870,0.5,32.082003,34.825502,Center,Tel Aviv
16352,דרך ירושלים/הושע,17,Tel Aviv / Center,1,1,434,3,1928,0.2251,32.072578,34.903542,Center,Tel Aviv
10588,עליאש,15,Jerusalem,1,4,433,12,7446,0.0582,31.782295,35.215537,Jerusalem,Jerusalem
50466,דרך אלכסנדרוני/אורה נמיר,25,Tel Aviv / Center,1,1,433,4,3216,0.1346,32.039059,34.866669,Center,Tel Aviv
13140,דרך ז'בוטינסקי/רש''י,37,Tel Aviv / Center,1,1,432,8,8996,0.048,32.089296,34.818138,Center,Tel Aviv
24211,ז'בוטינסקי/רמב''ם,37,Tel Aviv / Center,1,2,428,4,1212,0.3531,32.073525,34.849897,Center,Tel Aviv
1220,בית חנניה,23,Periphery / Center,1,2,427,3,854,0.5,32.524416,34.929649,North,Periphery
13677,עיריית תל אביב - יפו/בלוך,50,Tel Aviv / Center,1,1,416,2,832,0.5,32.081605,34.782285,Center,Tel Aviv
8966,יפה נוף/שדרות הרצל,9,Jerusalem,1,1,416,5,2278,0.1826,31.777022,35.184293,Jerusalem,Jerusalem
35830,חלוצי התעשייה,27,Haifa / North,1,1,415,5,1074,0.3864,32.815319,35.061691,North,Haifa
35457,חוצות המפרץ,28,Haifa / North,1,1,415,3,3270,0.1269,32.806018,35.056766,North,Haifa
35456,חוצות המפרץ,28,Haifa / North,1,1,415,3,3280,0.1265,32.806001,35.056488,North,Haifa
23126,צומת גינתון,36,Tel Aviv / Center,1,4,414,6,828,0.5,31.956673,34.907531,Center,Tel Aviv
1413,גבעת נאה,23,Periphery / Center,1,1,413,3,1212,0.3408,32.458436,34.965086,Center,Periphery
1421,דרך פיק''א/שלומציון המלכה,19,Periphery / North,1,1,413,3,1098,0.3761,32.466559,34.968636,Center,Periphery
51528,מסוף רדינג/רציפים,24,Tel Aviv / Center,1,3,410,6,2003,0.2047,32.098781,34.779474,Center,Tel Aviv
48019,ת. מרכזית המפרץ/רציפים עירוני,32,Haifa / North,1,1,408,2,816,0.5,32.792678,35.034779,North,Haifa
25093,דרך שיבא/שדרות הארזים,25,Tel Aviv / Center,1,1,405,8,2890,0.1401,32.051687,34.83841,Center,Tel Aviv
11792,עליאש,11,Jerusalem,1,4,405,8,6378,0.0635,31.78205,35.215671,Jerusalem,Jerusalem
44703,תחנה תפעולית חניון 4/9,15,Jerusalem,1,2,405,5,1558,0.2599,31.809509,35.206289,Jerusalem,Jerusalem
29346,חזון אי''ש/דבורה הנביאה,37,Tel Aviv / Center,1,2,404,7,2892,0.1397,32.078652,34.834037,Center,Tel Aviv
15843,אזור תעשייה יהוד/כביש 461,60,Tel Aviv / Center,1,2,402,5,804,0.5,32.025613,34.897923,Center,Tel Aviv
1438,פיק''א/הבוטנים,19,Periphery / North,1,1,400,3,1108,0.361,32.469225,34.971802,Center,Periphery
1420,דרך פיק''א/שלומציון המלכה,23,Periphery / Center,1,1,400,3,1234,0.3241,32.465819,34.967842,Center,Periphery
15832,צומת סביון/למערב,60,Tel Aviv / Center,1,3,399,7,1018,0.3919,32.033182,34.865502,Center,Tel Aviv
12110,צומת ניר ישראל/ברכיה,6,Periphery / Center,1,1,397,3,962,0.4127,31.679074,34.635602,Center,Periphery
5143,כביש 60/תאופיק זיאד,4,Periphery / North,1,4,397,6,794,0.5,32.693033,35.299561,North,Periphery
17499,חניון נווה שאנן,32,Haifa / North,1,1,395,6,2248,0.1757,32.781452,35.028083,North,Haifa
44957,לוחמי חרות ישראל/צה''ל,34,Haifa / North,1,1,395,2,790,0.5,32.777361,35.029972,North,Haifa
10274,השומר/יעקב ברגר,9,Jerusalem,1,1,392,4,2436,0.1609,31.755635,35.197993,Jerusalem,Jerusalem
13151,האדמור מנדבורנא/חזון אי''ש,37,Tel Aviv / Center,1,1,392,11,3329,0.1178,32.075695,34.833839,Center,Tel Aviv
9629,קנאי הגליל/יהודה הנשיא,11,Jerusalem,1,1,392,2,784,0.5,31.75516,35.200201,Jerusalem,Jerusalem
11568,תחנת רקל''ה החלוץ/פרבשטיין,15,Jerusalem,1,2,392,4,822,0.4769,31.783365,35.191835,Jerusalem,Jerusalem
9033,שד. יהודה בן זאב/דוד רזיאל,21,Periphery / Jerusalem,1,1,392,3,1662,0.2359,31.74325,34.986258,Jerusalem,Periphery
13181,דרך נמיר/פנקס,50,Tel Aviv / Center,1,1,391,7,10010,0.0391,32.092013,34.795206,Center,Tel Aviv
13920,ביאליק/תובל,37,Tel Aviv / Center,1,1,391,8,2872,0.1361,32.088489,34.804702,Center,Tel Aviv
10962,שד.יהודה בן זאב/דוד רזיאל,21,Periphery / Jerusalem,1,1,391,3,1505,0.2598,31.743205,34.985414,Jerusalem,Periphery
1749,גבעת ההגנה,32,Haifa / North,1,2,390,3,780,0.5,32.74367,35.034493,North,Haifa
35798,משה הס,57,Haifa / North,1,1,390,3,1570,0.2484,32.810414,35.114984,North,Haifa
25693,צומת אשכולות,20,Periphery / Center,1,2,390,6,874,0.4462,31.724006,34.635428,Center,Periphery
35800,אינשטיין,28,Haifa / North,1,1,390,2,780,0.5,32.813836,35.113919,North,Haifa
13082,דרך בר לב/שד' ששת הימים,24,Tel Aviv / Center,1,1,389,6,6310,0.0616,32.045205,34.808983,Center,Tel Aviv
13792,שד' ששת הימים/תקוע,25,Tel Aviv / Center,1,1,389,2,778,0.5,32.04764,34.809963,Center,Tel Aviv
35797,משה הס,57,Haifa / North,1,1,388,3,1522,0.2549,32.810509,35.115039,North,Haifa
35799,אינשטיין,28,Haifa / North,1,1,388,2,776,0.5,32.812899,35.114419,North,Haifa
14720,מחלף חבצלת,24,Tel Aviv / Center,1,2,387,7,1774,0.2182,32.357842,34.870882,Center,Periphery
29464,פנחס רוזן/דבורה הנביאה,37,Tel Aviv / Center,1,1,386,6,2332,0.1655,32.118401,34.825268,Center,Tel Aviv
49936,דרך מנחם בגין/אלנבי,24,Tel Aviv / Center,1,1,385,5,2356,0.1634,32.060498,34.775367,Center,Tel Aviv
13511,דרך יפו/נחלת בנימין,31,Tel Aviv / Center,1,1,385,2,770,0.5,32.060644,34.771841,Center,Tel Aviv
13712,כיכר המדינה/תש''ח,24,Tel Aviv / Center,1,1,384,5,3998,0.096,32.0857,34.788878,Center,Tel Aviv
15828,צומת טייסים,7,Tel Aviv / Center,1,2,383,6,982,0.39,32.024834,34.907089,Center,Tel Aviv
1867,מרכז חורב/סמולנסקין,28,Haifa / North,1,1,383,3,1336,0.2867,32.784126,34.985908,North,Haifa
36100,החשמל/גשר פז,34,Haifa / North,1,1,381,3,1136,0.3354,32.796747,35.01921,North,Haifa
10767,בזק/זלמן שניאור,9,Jerusalem,1,2,378,6,1640,0.2305,31.76666,35.202645,Jerusalem,Jerusalem
2661,מסעף נחל נעמן,27,Haifa / North,1,2,377,4,996,0.3785,32.873256,35.096147,North,Haifa
27787,צומת ברכיה/משען,6,Periphery / Center,1,2,377,6,754,0.5,31.664102,34.624451,Center,Periphery
27276,קיבוץ גלויות/ש''ד הרצל,47,Beer Sheva / South,1,2,377,4,1602,0.2353,31.321092,34.618915,South,Beer Sheva
8817,בית חולים סן ג'וזף,42,Jerusalem / Center,1,1,376,2,752,0.5,31.795736,35.230796,Jerusalem,Jerusalem
42460,שדרות נהר הירקון/3855,21,Periphery / Jerusalem,1,1,375,6,2582,0.1452,31.706239,35.007037,Jerusalem,Periphery
16964,אבא חושי/פארק הכרמל,32,Haifa / North,1,2,374,5,1528,0.2448,32.758411,35.021105,North,Haifa
19832,מסעף מילואות,29,Haifa / North,1,1,374,2,748,0.5,32.88069,35.095924,North,Haifa
35790,גשר פז,28,Haifa / North,1,2,372,8,5958,0.0624,32.798759,35.018137,North,Haifa
16521,צומת פארק אפק,35,Tel Aviv / Center,1,2,371,11,1640,0.2262,32.108532,34.962838,Center,Tel Aviv
25947,כביש 4/שדה עוזיה,20,Periphery / Center,1,3,371,5,1368,0.2712,31.761951,34.667509,Center,Periphery
3896,צומת דולפין,28,Haifa / North,1,2,370,4,740,0.5,32.828558,34.982996,North,Haifa
15835,צומת עמישב,7,Tel Aviv / Center,1,3,370,5,1730,0.2139,32.078029,34.903676,Center,Tel Aviv
4227,מחלף מוטה גור,5,Periphery / North,1,4,370,6,740,0.5,32.91099,35.277186,North,Periphery
8945,ממילא/אגרון,15,Jerusalem,1,3,370,4,608,0.6086,31.777846,35.222215,Jerusalem,Jerusalem
48898,ביג שער העיר,34,Haifa / North,1,1,368,8,3460,0.1064,32.786913,35.029253,North,Haifa
35791,גשר פז,28,Haifa / North,1,1,368,5,3414,0.1078,32.798651,35.018164,North,Haifa
15620,דרך העצמאות/סעדיה חתוכה,60,Tel Aviv / Center,1,2,368,6,1985,0.1854,32.028117,34.889739,Center,Tel Aviv
6713,מסעף גדידה מכר,29,Haifa / North,1,1,367,6,2436,0.1507,32.915947,35.124138,North,Haifa
2956,הברון הירש/סטלה מאריס,28,Haifa / North,1,1,366,4,1408,0.2599,32.819178,34.984036,North,Haifa
25277,קפלן/דגל ראובן,17,Tel Aviv / Center,1,1,366,3,3010,0.1216,32.081925,34.867615,Center,Tel Aviv
2001,אלנבי/קדושי דמשק,46,Haifa / North,1,1,366,3,1626,0.2251,32.821305,34.981753,North,Haifa
16763,אבי אורן/קפלן,25,Tel Aviv / Center,1,1,366,2,732,0.5,32.08127,34.866176,Center,Tel Aviv
13141,המלך ג'ורג'/שדרות בן ציון,24,Tel Aviv / Center,1,1,364,4,1566,0.2324,32.073374,34.775094,Center,Tel Aviv
29512,הרצל/התחייה,24,Tel Aviv / Center,1,2,364,3,728,0.5,32.048483,34.769025,Center,Tel Aviv
16494,צומת ראש העין לצפון/כביש 444,17,Tel Aviv / Center,1,7,364,9,640,0.5687,32.095506,34.936938,Center,Tel Aviv
9343,ככר האפט/שדרות הרצל,9,Jerusalem,1,3,360,8,1258,0.2862,31.782732,35.193234,Jerusalem,Jerusalem
2374,דרך עכו חיפה/רפא''ל,27,Haifa / North,1,1,360,5,1744,0.2064,32.866236,35.095565,North,Haifa
13676,שד' דוד המלך/אבן גבירול,24,Tel Aviv / Center,1,2,359,4,2164,0.1659,32.080303,34.78247,Center,Tel Aviv
18925,צומת שורשים,5,Periphery / North,1,2,359,4,718,0.5,32.889431,35.25786,North,Periphery
12827,דרך השלום/יגאל אלון,24,Tel Aviv / Center,1,1,358,4,3246,0.1103,32.071995,34.795651,Center,Tel Aviv
12559,קסר א סיר,43,Periphery / South,1,2,358,3,716,0.5,31.082224,34.989934,South,Periphery
11072,כביש 3855/רבי יוסף קארו,21,Periphery / Jerusalem,1,1,357,5,1622,0.2201,31.745656,35.001659,Jerusalem,Periphery
1283,טכניון/בית ספר להנדסאים,32,Haifa / North,1,4,354,8,5054,0.07,32.776017,35.027276,North,Haifa
9423,דוד המלך/מאפו,11,Jerusalem,1,1,353,6,5598,0.0631,31.773044,35.222618,Jerusalem,Jerusalem
11459,איש שלום/פרבשטיין,9,Jerusalem,1,3,351,8,3776,0.093,31.783646,35.190675,Jerusalem,Jerusalem
3290,חורב/פרויד,32,Haifa / North,1,1,351,4,2884,0.1217,32.783123,34.987556,North,Haifa
3563,ארלוזורוב/מיכאל,28,Haifa / North,1,1,351,8,3912,0.0897,32.805854,35.000709,North,Haifa
48343,הרצל/סוקולוב,32,Haifa / North,1,1,351,2,702,0.5,32.807602,35.001134,North,Haifa
10517,שיירת הר הצופים/מעונות רזניק,41,Jerusalem,1,2,350,5,916,0.3821,31.794542,35.238997,Jerusalem,Jerusalem
24058,מרכז נאות רחל/אילת,31,Tel Aviv / Center,1,1,350,5,4024,0.087,32.018119,34.764759,Center,Tel Aviv
23081,מרכז רפואי מכבי הופיין,51,Tel Aviv / Center,1,1,350,5,1802,0.1942,32.01417,34.766419,Center,Tel Aviv
23931,הנביאים/יצחק שדה,31,Tel Aviv / Center,1,1,349,7,4898,0.0713,32.009467,34.743593,Center,Tel Aviv
50002,מקווה ישראל/אריה שנקר,51,Tel Aviv / Center,1,1,349,2,698,0.5,32.028242,34.777351,Center,Tel Aviv
11065,כביש 3855/הרצוג,21,Periphery / Jerusalem,1,1,349,7,1562,0.2234,31.739217,35.002554,Jerusalem,Periphery
48924,אריאל שרון/ההדרים,26,Tel Aviv / Center,1,2,349,4,1130,0.3088,31.91844,34.803009,Center,Tel Aviv
14319,מסוף כרמלית/הורדה,24,Tel Aviv / Center,1,1,348,5,5250,0.0663,32.067287,34.765823,Center,Tel Aviv
13116,דרך בן צבי/הרצל,31,Tel Aviv / Center,1,1,346,6,2388,0.1449,32.044374,34.768679,Center,Tel Aviv
11543,חניון הלאום/שדרות יצחק רבין,11,Jerusalem,1,2,346,3,692,0.5,31.781971,35.204412,Jerusalem,Jerusalem
13512,דרך יפו/נחלת בנימין,24,Tel Aviv / Center,1,1,345,4,4952,0.0697,32.060725,34.771973,Center,Tel Aviv
14335,דרך יפו/הרצל,31,Tel Aviv / Center,1,1,345,2,690,0.5,32.060284,34.769402,Center,Tel Aviv
18835,מוסך,18,Periphery / North,1,2,345,4,1175,0.2936,32.918689,35.247366,North,Periphery
50126,שלמה לוי/שער יפו,12,Tel Aviv / Center,1,2,342,4,1390,0.246,31.962154,34.827882,Center,Tel Aviv
3699,משטרה/יהודה ארזי,32,Haifa / North,1,2,342,6,1142,0.2995,32.804142,35.01112,North,Haifa
13203,קניון איילון/דרך אבא הלל,37,Tel Aviv / Center,1,1,341,10,8256,0.0413,32.098809,34.827472,Center,Tel Aviv
13963,דרך אבא הלל /דרך ששת הימים,37,Tel Aviv / Center,1,1,340,6,2644,0.1286,32.095507,34.820452,Center,Tel Aviv
37272,מגרש כדורגל,18,Periphery / North,1,1,340,3,709,0.4795,32.918814,35.245311,North,Periphery
13915,הבורסה/רכבת מרכז,24,Tel Aviv / Center,1,1,339,5,932,0.3637,32.082614,34.800225,Center,Tel Aviv
14327,בני אפרים/שד' קק''ל,50,Tel Aviv / Center,1,2,339,4,678,0.5,32.117546,34.818048,Center,Tel Aviv
23133,צומת יהוד,7,Tel Aviv / Center,1,1,338,4,832,0.4062,32.026307,34.892232,Center,Tel Aviv
22520,אהרונוביץ'/בגין,31,Tel Aviv / Center,1,1,338,3,712,0.4747,32.003911,34.768094,Center,Tel Aviv
11843,אזור המלונות/וולפסון,15,Jerusalem,1,3,337,6,712,0.4733,31.782843,35.19529,Jerusalem,Jerusalem
19569,צומת כפר מסריק,27,Haifa / North,1,1,337,2,674,0.5,32.887571,35.095739,North,Haifa
13092,יגאל אלון/הפלמ''ח,24,Tel Aviv / Center,1,1,336,7,4870,0.069,32.062878,34.792016,Center,Tel Aviv
15807,שדרות ירושלים/הושע,7,Tel Aviv / Center,1,2,336,4,2154,0.156,32.073898,34.903798,Center,Tel Aviv
2088,טכניון/הנדסת חומרים,32,Haifa / North,1,4,336,7,4986,0.0674,32.774777,35.025582,North,Haifa
50937,שמואל הנגיד/בצלאל,15,Jerusalem,1,2,334,4,4304,0.0776,31.780254,35.214819,Jerusalem,Jerusalem
13739,ש''י עגנון/שד' לוי אשכול,50,Tel Aviv / Center,1,1,334,3,3078,0.1085,32.102523,34.786844,Center,Tel Aviv
11741,גבעת התחמושת/שרגאי,41,Jerusalem,1,1,332,4,2829,0.1174,31.797692,35.228603,Jerusalem,Jerusalem
1217,צומת בית חנניה,19,Periphery / North,1,3,329,8,928,0.3545,32.534573,34.9289,North,Periphery
27870,צומת שדרות דרום,22,Periphery / Center,1,6,329,9,634,0.5189,31.516088,34.586234,South,Periphery
14138,בני אפרים/שד' קק''ל,37,Tel Aviv / Center,1,2,328,5,1276,0.2571,32.117935,34.81792,Center,Tel Aviv
49327,יעקב פיכמן/ההסתדרות,51,Tel Aviv / Center,1,1,328,3,784,0.4184,32.016886,34.775396,Center,Tel Aviv
13079,לה גווארדייה/יגאל אלון,25,Tel Aviv / Center,1,1,327,5,2316,0.1412,32.059204,34.791053,Center,Tel Aviv
13628,יגאל אלון/לה גווארדייה,24,Tel Aviv / Center,1,1,327,3,3252,0.1006,32.058255,34.791868,Center,Tel Aviv
3998,חטיבת גולני/מחלף חירם,28,Haifa / North,1,1,327,4,1314,0.2489,32.809341,35.006923,North,Haifa
15581,פארק קנדה/דרך לוד,24,Tel Aviv / Center,1,1,327,2,654,0.5,32.033501,34.861214,Center,Tel Aviv
40985,מג'ד אל כרום/מגרש כדורגל,29,Haifa / North,1,1,327,2,654,0.5,32.918165,35.243511,North,Periphery
22260,הפקולטה לחקלאות,26,Tel Aviv / Center,1,1,327,3,3530,0.0926,31.906804,34.805963,Center,Tel Aviv
13794,מח''ל/שד' ששת הימים,24,Tel Aviv / Center,1,1,326,4,4886,0.0667,32.049149,34.810483,Center,Tel Aviv
13796,מעפילי אגוז/מח''ל,25,Tel Aviv / Center,1,1,326,3,1304,0.25,32.050829,34.811691,Center,Tel Aviv
2803,קניון חיפה/פלימן,46,Haifa / North,1,2,326,7,6988,0.0467,32.790214,34.962988,North,Haifa
13104,דרך בן גוריון/שלישות,37,Tel Aviv / Center,1,2,325,9,1806,0.18,32.085857,34.822385,Center,Tel Aviv
9966,שח''ל/הלר,9,Jerusalem,1,1,323,4,1712,0.1887,31.765953,35.194083,Jerusalem,Jerusalem
13119,הגן הזואולוגי/הרצל,31,Tel Aviv / Center,1,1,322,4,3486,0.0924,32.048142,34.769184,Center,Tel Aviv
48923,אריאל שרון/חיים ויצמן,26,Tel Aviv / Center,1,1,322,2,644,0.5,31.917952,34.800589,Center,Tel Aviv
50130,שלמה לוי/ירושלים,12,Tel Aviv / Center,1,2,320,5,1346,0.2377,31.960491,34.828193,Center,Tel Aviv
15871,מסעף רמת פנקס,24,Tel Aviv / Center,1,1,315,3,1498,0.2103,32.036559,34.841483,Center,Tel Aviv
1482,מחלף חנה/מחנה 80,23,Periphery / Center,1,1,315,5,2918,0.108,32.457376,34.984447,Center,Periphery
41159,מחנה 80,19,Periphery / North,1,1,315,2,630,0.5,32.46004,34.984847,Center,Periphery
608,מסעף שער אברהם,6,Periphery / Center,1,3,314,9,806,0.3896,31.761736,34.791111,Center,Periphery
1229,צומת מעגן מיכאל,19,Periphery / North,1,1,313,4,908,0.3447,32.556372,34.931537,North,Periphery
43205,דרך קיבוץ גלויות/שד' הר ציון,31,Tel Aviv / Center,1,1,312,7,3136,0.0995,32.049855,34.773002,Center,Tel Aviv
1764,צומת השומרים,58,Haifa / North,1,2,311,3,622,0.5,32.70871,35.135991,North,Haifa
22758,מרגולין/נחשון,7,Tel Aviv / Center,1,3,310,5,650,0.4769,31.935808,34.806764,Center,Tel Aviv
17352,צהל/חבצלת,34,Haifa / North,1,4,309,11,1636,0.1889,32.773311,35.031684,North,Haifa
29413,דרך בן גוריון/שלישות,37,Tel Aviv / Center,1,1,309,6,1720,0.1797,32.086062,34.822243,Center,Tel Aviv
10016,המור/אפרסמון,9,Jerusalem,1,1,309,5,2414,0.128,31.733492,35.199618,Jerusalem,Jerusalem
27845,עוף הנגב,13,Periphery / South,1,2,309,4,618,0.5,31.354499,34.634581,South,Beer Sheva
9261,צומת נווה יעקב/דרך רמאללה,66,Jerusalem,1,2,306,4,1222,0.2504,31.837828,35.229795,Jerusalem,Jerusalem
29462,פנחס רוזן/קהילת יאסי,37,Tel Aviv / Center,1,2,305,6,1500,0.2033,32.109931,34.826079,Center,Tel Aviv
26772,מחצבת הר דרגות/דריג'את,0,Beer Sheva / South,1,4,304,6,608,0.5,31.259412,35.059566,South,Periphery
48351,ת. מרכזית חדרה,3,Tel Aviv / Center,1,3,303,4,606,0.5,32.435313,34.914144,Center,Periphery
47854,ת. מרכזית המפרץ/מטרונית לחיפה,28,Haifa / North,1,1,303,3,3150,0.0962,32.792968,35.034242,North,Haifa
5822,מסעף מג'ד אל-כרום מרכז,18,Periphery / North,1,1,302,2,604,0.5,32.91604,35.253998,North,Periphery
10192,קרן היסוד/אחד העם,15,Jerusalem,1,1,301,3,3832,0.0785,31.773999,35.21895,Jerusalem,Jerusalem
9417,בית הנשיא/ז'בוטינסקי,11,Jerusalem,1,1,301,4,1386,0.2172,31.771004,35.215803,Jerusalem,Jerusalem
51370,האר''י/חרל''פ,15,Jerusalem,1,1,301,2,602,0.5,31.770766,35.21327,Jerusalem,Jerusalem
9425,עזה/בלפור,11,Jerusalem,1,1,301,5,3950,0.0762,31.773964,35.216872,Jerusalem,Jerusalem
23748,רבינוביץ/בן גוריון,51,Tel Aviv / Center,1,2,300,3,600,0.5,31.999323,34.767875,Center,Tel Aviv
13937,דרך אבא הלל/התקווה,37,Tel Aviv / Center,1,1,299,5,3330,0.0898,32.090769,34.811475,Center,Tel Aviv
16214,ספרייה/מנחם בגין,17,Tel Aviv / Center,1,1,298,3,3456,0.0862,32.077986,34.905852,Center,Tel Aviv
24497,מרכז מסחרי ירקונים/כביש 40,17,Tel Aviv / Center,1,1,298,3,1958,0.1522,32.11646,34.903217,Center,Tel Aviv
48482,שדרות הרצל/וולפסון,9,Jerusalem,1,1,297,2,594,0.5,31.783566,35.195376,Jerusalem,Jerusalem
51786,מחלף המחצבות/יציאה לכביש 60,4,Periphery / North,1,4,297,5,594,0.5,32.689605,35.302532,North,Periphery
47855,ת. מרכזית המפרץ/מטרונית לקריות,28,Haifa / North,1,1,296,3,3136,0.0944,32.793335,35.035189,North,Haifa
17318,בית התעשייה,28,Haifa / North,1,2,295,7,7056,0.0418,32.804861,35.003338,North,Haifa
9545,רופין/שד' הזז,15,Jerusalem,1,1,294,4,1784,0.1648,31.775305,35.207895,Jerusalem,Jerusalem
23745,רבינוביץ/בן גוריון,51,Tel Aviv / Center,1,2,294,3,588,0.5,31.999153,34.768013,Center,Tel Aviv
7093,צומת מג'ד אל כרום מערב,18,Periphery / North,1,1,294,2,588,0.5,32.916593,35.242522,North,Periphery
19724,צומת רגבה/שבי ציון,29,Haifa / North,1,2,294,3,588,0.5,32.977244,35.093742,North,Haifa
35821,יל''ג,28,Haifa / North,1,1,292,4,7194,0.0406,32.80475,35.004316,North,Haifa
44825,צומת שבי ציון,2,Periphery / North,1,1,292,4,860,0.3395,32.981229,35.094541,North,Haifa
5294,מסעף חמדיה,54,Periphery / Center,1,2,290,4,580,0.5,32.514526,35.522132,North,Periphery
2771,צה''ל/חבצלת,34,Haifa / North,1,3,289,10,2040,0.1417,32.772851,35.032387,North,Haifa
37732,האומן/ברעם,11,Jerusalem,1,2,289,5,3990,0.0724,31.7473,35.212323,Jerusalem,Jerusalem
50639,העלייה/דרך שלמה,31,Tel Aviv / Center,1,2,288,4,4900,0.0588,32.05518,34.772258,Center,Tel Aviv
942,התדהר/התעשיה,14,Tel Aviv / Center,1,1,288,6,1458,0.1975,32.196211,34.88436,Center,Tel Aviv
1267,אבא חושי/שער חיפה,32,Haifa / North,1,1,287,8,4860,0.0591,32.765431,35.013792,North,Haifa
13088,ת. רכבת בני ברק/מבצע קדש,37,Tel Aviv / Center,1,2,287,12,8294,0.0346,32.103514,34.827868,Center,Tel Aviv
3797,מחלף אור עקיבא,50,Tel Aviv / Center,1,1,287,3,1622,0.1769,32.506687,34.91377,North,Periphery
16534,הרב שלום שבזי/בעל מלאכת שלמה,35,Tel Aviv / Center,1,1,287,5,1962,0.1463,32.088442,34.951297,Center,Tel Aviv
42840,מסוף אום אל פחם,64,Periphery / North,1,4,286,7,1334,0.2144,32.531744,35.149737,North,Periphery
1566,צומת נרבתה,56,Periphery / Center,1,3,286,6,572,0.5,32.450409,35.019545,Center,Periphery
48360,ההגנה/לוחמי הגטאות,41,Jerusalem,1,2,283,4,3150,0.0898,31.801604,35.238427,Jerusalem,Jerusalem
9691,פארן/מעבר המתלה,42,Jerusalem / Center,1,1,281,2,566,0.4965,31.800326,35.225198,Jerusalem,Jerusalem
21818,המלאכה/השבעה,51,Tel Aviv / Center,1,1,280,7,2622,0.1068,32.020859,34.805102,Center,Tel Aviv
10324,בית המשפט העליון/זוסמן,15,Jerusalem,1,1,280,4,4210,0.0665,31.781861,35.202407,Jerusalem,Jerusalem
48366,ת. רכבת אוניברסיטה/הורדה,50,Tel Aviv / Center,1,1,279,5,1603,0.174,32.104786,34.804264,Center,Tel Aviv
10457,האומן/הסדנא,11,Jerusalem,1,2,278,8,5614,0.0495,31.748705,35.211292,Jerusalem,Jerusalem
13288,הרב כהנמן/הרב זוננפלד,37,Tel Aviv / Center,1,1,277,11,5769,0.048,32.080241,34.84129,Center,Tel Aviv
4637,כלא שאטה,4,Periphery / North,1,2,277,3,554,0.5,32.547912,35.415645,North,Periphery
24783,אילת/חצרים,31,Tel Aviv / Center,1,1,276,6,3970,0.0695,32.016556,34.764993,Center,Tel Aviv
22290,עין חי/המייסדים,3,Tel Aviv / Center,1,1,276,2,552,0.5,32.167546,34.893682,Center,Tel Aviv
21894,דרך רמתיים/משה שרת,10,Tel Aviv / Center,1,1,276,3,680,0.4059,32.162323,34.894033,Center,Tel Aviv
44469,חוף בוגרשוב/טיילת,24,Tel Aviv / Center,1,1,274,3,3936,0.0696,32.078216,34.766845,Center,Tel Aviv
13701,אבן גבירול/שד' רוקח,50,Tel Aviv / Center,1,1,274,7,4182,0.0655,32.099594,34.782658,Center,Tel Aviv
13587,פרישמן/שלמה המלך,24,Tel Aviv / Center,1,1,274,3,2854,0.096,32.079679,34.776668,Center,Tel Aviv
34266,תחנת רכבת קלה גבעת המבתר,41,Jerusalem,1,1,273,3,2105,0.1297,31.805614,35.234086,Jerusalem,Jerusalem
18912,צומת ישי,34,Haifa / North,1,1,273,3,2552,0.107,32.708743,35.15352,North,Haifa
21338,שדרות יצחק רבין/יהלום,7,Tel Aviv / Center,1,2,273,4,982,0.278,31.933359,34.826847,Center,Tel Aviv
15712,כביש 40/ישיבת נחלים,7,Tel Aviv / Center,1,1,273,2,546,0.5,32.063429,34.902847,Center,Tel Aviv
5293,בית יוסף,16,Periphery / North,1,1,273,3,580,0.4707,32.556909,35.542734,North,Periphery
12899,מרכז הספורט/בכור שטרית,37,Tel Aviv / Center,1,1,272,5,2754,0.0988,32.105868,34.820154,Center,Tel Aviv
51733,חנה וסע שפיים/איסוף שאטלים,24,Tel Aviv / Center,1,1,272,5,1360,0.2,32.213008,34.835124,Center,Tel Aviv
17888,צומת אלונים,34,Haifa / North,1,1,270,4,2776,0.0973,32.708841,35.143442,North,Haifa
17574,מסעף מזרעה / כביש 4,2,Periphery / North,1,1,270,4,814,0.3317,32.982062,35.094424,North,Haifa
17567,צומת רגבה/מרכז ביג,29,Haifa / North,1,1,270,2,540,0.5,32.978026,35.093627,North,Haifa
1572,צומת כלניות,56,Periphery / Center,1,2,268,4,536,0.5,32.44428,35.021922,Center,Periphery
5237,מחלף אליפלט,48,Periphery / North,1,4,265,6,530,0.5,32.953228,35.539754,North,Periphery
3611,חיל הים/העלייה השנייה,28,Haifa / North,1,1,264,9,7654,0.0345,32.830821,34.985302,North,Haifa
4479,כביש 75/תאופיק זיאד,8,Periphery / North,1,2,264,10,3472,0.076,32.694207,35.300136,North,Periphery
14004,פנחס רוזן/מבצע קדש,37,Tel Aviv / Center,1,1,264,4,1710,0.1544,32.111251,34.825646,Center,Tel Aviv
13775,בית ברבור/דרך ההגנה,24,Tel Aviv / Center,1,1,264,5,1481,0.1783,32.053444,34.80164,Center,Tel Aviv
28233,אל עטאונה,0,Beer Sheva / South,1,2,264,6,786,0.3359,31.298557,34.913077,South,Beer Sheva
33938,ז'בוטינסקי/רמב''ם,25,Tel Aviv / Center,1,1,263,3,1874,0.1403,32.074084,34.849081,Center,Tel Aviv
16785,אורי צבי גרינברג/ז'בוטינסקי,17,Tel Aviv / Center,1,1,263,4,1704,0.1543,32.073151,34.851812,Center,Tel Aviv
1007,מדרשית נעם/ד''ר משה סנה,10,Tel Aviv / Center,1,2,263,5,1316,0.1998,32.185015,34.896572,Center,Tel Aviv
27793,צומת בית שיקמה,13,Periphery / South,1,3,263,4,492,0.5346,31.654534,34.599175,Center,Periphery
49737,שדרות גולדה מאיר/הרטום,41,Jerusalem,1,3,261,7,10298,0.0253,31.79987,35.212534,Jerusalem,Jerusalem
41137,מחלף הראל/שדרות החוצבים,63,Jerusalem,1,2,261,6,1452,0.1798,31.797739,35.145522,Jerusalem,Jerusalem
23357,דרך יצחק רבין/חייקה גרוסמן,25,Tel Aviv / Center,1,1,261,3,2896,0.0901,32.077718,34.860374,Center,Tel Aviv
50189,יצחק ויטנברג/שחם,17,Tel Aviv / Center,1,1,261,2,522,0.5,32.080043,34.857509,Center,Tel Aviv
16070,מסעף כפר גבירול,52,Tel Aviv / Center,1,2,261,3,522,0.5,31.888074,34.775371,Center,Tel Aviv
13777,בית ברבור/דרך ההגנה,24,Tel Aviv / Center,1,1,259,3,1170,0.2214,32.053361,34.802179,Center,Tel Aviv
23257,כביש 471/זבוטינסקי,25,Tel Aviv / Center,1,2,259,10,4300,0.0602,32.067455,34.848716,Center,Tel Aviv
15548,בית גמליאל/כביש 410,26,Tel Aviv / Center,1,2,258,3,516,0.5,31.87167,34.756856,Center,Tel Aviv
16069,דרך הים/גבריאלוב,26,Tel Aviv / Center,1,2,257,5,1166,0.2204,31.89007,34.78276,Center,Tel Aviv
44887,שדרות נהר הירקון/קליין,21,Periphery / Jerusalem,1,1,256,5,2214,0.1156,31.705271,35.003648,Jerusalem,Periphery
43493,דרך יגאל ידין/משה דיין,27,Haifa / North,1,1,256,2,512,0.5,32.804854,35.047674,North,Haifa
24335,צומת רחובות מזרח,26,Tel Aviv / Center,1,2,255,5,638,0.3997,31.888871,34.835695,Center,Tel Aviv
13645,דרך משה דיין/דרך השלום,25,Tel Aviv / Center,1,2,254,7,2506,0.1014,32.070087,34.799666,Center,Tel Aviv
20533,צומת חלפתא,18,Periphery / North,1,2,254,3,508,0.5,32.921704,35.418478,North,Periphery
13662,נמל תל אביב/הירקון,24,Tel Aviv / Center,1,1,253,4,1162,0.2177,32.095964,34.774431,Center,Tel Aviv
21474,מסעף משמר השבעה,51,Tel Aviv / Center,1,1,252,5,3472,0.0726,32.00582,34.817845,Center,Tel Aviv
49722,פייר קניג/דרך משה ברעם,9,Jerusalem,1,1,252,3,504,0.5,31.746462,35.212549,Jerusalem,Jerusalem
26640,צומת משאבי שדה,62,Periphery / South,1,3,252,5,504,0.5,31.014795,34.785285,South,Periphery
13667,שד' בן גוריון/שלמה המלך,24,Tel Aviv / Center,1,2,251,6,2898,0.0866,32.082334,34.778572,Center,Tel Aviv
9376,בני בתירא/בן זכאי,11,Jerusalem,1,1,251,4,1772,0.1416,31.75658,35.203887,Jerusalem,Jerusalem
10954,שד.הדקל/הרקפת,21,Periphery / Jerusalem,1,1,251,6,3144,0.0798,31.74108,34.981667,Jerusalem,Periphery
23143,ד''ר משה סנה/ברקן,14,Tel Aviv / Center,1,2,250,4,500,0.5,32.186436,34.896199,Center,Tel Aviv
12925,לה גווארדייה/לוחמי גליפולי,25,Tel Aviv / Center,1,1,248,5,3612,0.0687,32.059086,34.795294,Center,Tel Aviv
42503,שדרות חשמונאים/נוף איילון,15,Jerusalem,1,3,248,5,496,0.5,31.871072,34.998523,Jerusalem,Periphery
18877,מסעף עין אל אסד,48,Periphery / North,1,2,248,4,496,0.5,32.936566,35.419746,North,Periphery
23287,הרב שלום שבזי/שלמה מעודה,35,Tel Aviv / Center,1,1,248,4,1994,0.1244,32.093034,34.94634,Center,Tel Aviv
43494,דרך יגאל ידין/משה דיין,27,Haifa / North,1,1,248,2,496,0.5,32.805169,35.048142,North,Haifa
16641,צומת שבזי,17,Tel Aviv / Center,1,1,248,2,496,0.5,32.095005,34.944155,Center,Tel Aviv
35633,השיש/שנקר,27,Haifa / North,1,1,247,3,1040,0.2375,32.808679,35.061303,North,Haifa
16162,ירושלים/חשמונאים,20,Periphery / Center,1,2,247,4,494,0.5,31.7816,34.688469,Center,Periphery
16642,שד. שלמה המלך/אפק,17,Tel Aviv / Center,1,3,247,6,882,0.28,32.093783,34.942043,Center,Tel Aviv
24823,כביש 40/קריית האומנים,7,Tel Aviv / Center,1,2,246,6,660,0.3727,31.919309,34.869575,Center,Tel Aviv
2087,מרכז ספורט/דורי,32,Haifa / North,1,3,245,6,1688,0.1451,32.783368,35.019768,North,Haifa
34458,צומת גיתי,38,Periphery / Center,1,2,245,8,1558,0.1573,32.109485,35.140792,Center,Periphery
23930,הנביאים/הקוממיות,31,Tel Aviv / Center,1,1,245,6,1564,0.1566,32.008458,34.7426,Center,Tel Aviv
40889,דרך הנדיב/החלוץ,19,Periphery / North,1,1,245,6,1132,0.2164,32.468495,34.980886,Center,Periphery
50897,דרך הנדיב/ספיר,23,Periphery / Center,1,1,245,2,490,0.5,32.465629,34.982563,Center,Periphery
2773,הראל/פלמח,28,Haifa / North,1,2,245,3,490,0.5,32.789266,34.992125,North,Haifa
5623,צומת צפת דרום/אזור התעשיה,48,Periphery / North,1,3,243,6,558,0.4355,32.96144,35.488363,North,Periphery
34772,תחנת דלק/נופי ממרא,70,Periphery / South,1,3,242,8,784,0.3087,31.542426,35.131451,South,Periphery
27868,צומת שער הנגב,13,Periphery / South,1,2,242,9,820,0.2951,31.507129,34.587099,South,Periphery
48578,שדרות שמעון פרס/כנען,60,Tel Aviv / Center,1,2,242,5,698,0.3467,32.037061,34.860294,Center,Tel Aviv
22258,צומת סתריה,7,Tel Aviv / Center,1,2,241,4,482,0.5,31.892279,34.838374,Center,Tel Aviv
43852,מסוף הר הצופים/בנימין מזר,41,Jerusalem,1,2,240,3,3121,0.0769,31.790074,35.246115,Jerusalem,Jerusalem
28234,צומת חורה,53,Periphery / South,1,6,240,8,480,0.5,31.290731,34.925077,South,Beer Sheva
1878,הפלמח/הצלפים,32,Haifa / North,1,1,239,4,1168,0.2046,32.788785,34.993105,North,Haifa
52023,ת. רכבת תל אביב - סבידור/דרך נמיר,50,Tel Aviv / Center,1,2,239,3,478,0.5,32.083482,34.795008,Center,Tel Aviv
22618,מרכז סאדאב/רבינוביץ',51,Tel Aviv / Center,1,1,239,3,1066,0.2242,31.999074,34.769438,Center,Tel Aviv
49234,חיים ויצמן/אריאל שרון,12,Tel Aviv / Center,1,1,239,4,1470,0.1626,31.918495,34.799457,Center,Tel Aviv
11520,בי''ס דנמרק/יהודה הנשיא,11,Jerusalem,1,1,239,2,478,0.5,31.755095,35.203104,Jerusalem,Jerusalem
13476,מרכז הטקסטיל/המרד,31,Tel Aviv / Center,1,1,238,3,2978,0.0799,32.063276,34.763649,Center,Tel Aviv
8917,הצנחנים/הע''ח,11,Jerusalem,1,1,238,4,2546,0.0935,31.780678,35.227706,Jerusalem,Jerusalem
8146,קרית ארבע/60,70,Periphery / South,1,4,238,9,772,0.3083,31.541714,35.132281,South,Periphery
13519,דרך קיבוץ גלויות/חכמי לובלין,31,Tel Aviv / Center,1,2,237,5,2510,0.0944,32.047806,34.777936,Center,Tel Aviv
34218,החשמל/הגיבורים,28,Haifa / North,1,1,234,3,1876,0.1247,32.799975,35.013671,North,Haifa
51965,תחנה תפעולית/חניון תלפיות,11,Jerusalem,1,1,234,3,1860,0.1258,31.745101,35.213378,Jerusalem,Jerusalem
12128,אום רתאם א,43,Periphery / South,1,3,233,4,466,0.5,31.11566,35.013627,South,Periphery
22621,מרכז סאדאב/רבינוביץ,51,Tel Aviv / Center,1,1,233,3,1066,0.2186,31.999216,34.769662,Center,Tel Aviv
13044,פארק אריאל שרון/דרך לוד,24,Tel Aviv / Center,1,2,231,6,1782,0.1296,32.043154,34.818081,Center,Tel Aviv
44457,דרך קיבוץ גלויות/מסילת ישרים,31,Tel Aviv / Center,1,1,229,3,906,0.2528,32.048734,34.775751,Center,Tel Aviv
8781,משרד המשפטים/צלאח א דין,42,Jerusalem / Center,1,2,229,7,1780,0.1287,31.787402,35.229997,Jerusalem,Jerusalem
29490,דיזנגוף/יודפת,50,Tel Aviv / Center,1,1,227,4,4238,0.0536,32.085447,34.774625,Center,Tel Aviv
1043,אהרון אהרונסון/השלום,23,Periphery / Center,1,1,227,4,2184,0.1039,32.44634,34.895262,Center,Periphery
4188,צומת שש/חלפתא,18,Periphery / North,1,2,227,3,454,0.5,32.9214,35.417554,North,Periphery
4187,צומת חנניה,18,Periphery / North,1,2,226,3,452,0.5,32.917731,35.416999,North,Periphery
47885,ת. מרכזית חדרה/רציפים,23,Periphery / Center,1,2,225,8,931,0.2417,32.435961,34.914024,Center,Periphery
12305,אום רתאם ב,0,Beer Sheva / South,1,1,224,3,496,0.4516,31.096263,34.99754,South,Periphery
39128,כביש443/יהודה המכבי,36,Tel Aviv / Center,1,1,222,6,1850,0.12,31.924155,35.003119,Center,Tel Aviv
24931,צומת אודים/כביש 553,55,Tel Aviv / Center,1,3,222,4,444,0.5,32.272185,34.859029,Center,Tel Aviv
3373,יעקב דורי/גשר גדוד 21,32,Haifa / North,1,1,221,3,2530,0.0874,32.793937,35.02211,North,Haifa
4676,שוק נוף הגליל/הציונות,8,Periphery / North,1,1,221,9,3308,0.0668,32.694975,35.30494,North,Periphery
9505,האוניברסיטה העברית/שד' צ'רצ'יל,42,Jerusalem / Center,1,1,220,4,5496,0.04,31.795702,35.241936,Jerusalem,Jerusalem
5630,הר האושר/הביאטיטודים,1,Periphery / North,1,1,220,2,440,0.5,32.887473,35.551594,North,Periphery
5631,צומת כפר נחום,16,Periphery / North,1,1,220,3,484,0.4545,32.876194,35.544987,North,Periphery
23682,צומת אביר,55,Tel Aviv / Center,1,2,219,4,438,0.5,32.272179,34.857856,Center,Tel Aviv
17038,רכבת העמק/מזרח,59,Haifa / North,1,2,219,4,456,0.4803,32.711254,35.105695,North,Haifa
13337,האדמור מנדבורנא/חזון אי''ש,37,Tel Aviv / Center,1,1,218,7,2916,0.0748,32.075852,34.833822,Center,Tel Aviv
5226,חוף חוקוק/אתר ספיר,16,Periphery / North,1,1,218,3,474,0.4599,32.87061,35.533839,North,Periphery
5227,צומת כפר נחום,1,Periphery / North,1,1,218,2,436,0.5,32.87684,35.546386,North,Periphery
29318,דרך קיבוץ גלויות/חיל השריון,31,Tel Aviv / Center,1,1,218,5,1226,0.1778,32.047476,34.780585,Center,Tel Aviv
25974,צומת אשקלון/שדרות מנחם בגין לצפון,22,Periphery / Center,1,3,217,4,434,0.5,31.681007,34.610007,Center,Periphery
26616,צומת טללים,0,Beer Sheva / South,1,2,217,3,434,0.5,30.991221,34.762971,South,Periphery
1176,שדרות דוד המלך/גלפנשטיין,65,Periphery / North,1,1,217,6,1994,0.1088,32.500749,34.921172,North,Periphery
1411,עציון/חברון,23,Periphery / Center,1,2,217,3,434,0.5,32.46689,34.964635,Center,Periphery
9480,עלי הכהן/בר אילן,41,Jerusalem,1,2,216,4,1014,0.213,31.794297,35.214933,Jerusalem,Jerusalem
25083,מרכז מסחרי רימון/דרך לוי אשכול,25,Tel Aviv / Center,1,2,214,10,3918,0.0546,32.047858,34.865482,Center,Tel Aviv
50058,הרב משה שמואל שפירא/שביט,7,Tel Aviv / Center,1,3,214,5,428,0.5,31.943792,34.829566,Center,Tel Aviv
14537,דרך מנחם בגין/זיסמן שלום,24,Tel Aviv / Center,1,1,212,5,1118,0.1896,32.083733,34.799335,Center,Tel Aviv
1765,מעון גיל עם,57,Haifa / North,1,1,212,2,424,0.5,32.822439,35.13114,North,Haifa
43272,אליפלט/הרבי מבכרך,31,Tel Aviv / Center,1,1,211,3,1112,0.1897,32.056724,34.764609,Center,Tel Aviv
13471,מכון אבני/אילת,24,Tel Aviv / Center,1,1,211,2,422,0.5,32.057252,34.76222,Center,Tel Aviv
1409,מצדה/מכבים,19,Periphery / North,1,1,211,3,1480,0.1426,32.466362,34.963568,Center,Periphery
50032,הרב משה שמואל שפירא/שביט,7,Tel Aviv / Center,1,3,210,5,420,0.5,31.94415,34.829448,Center,Tel Aviv
9476,חנה,15,Jerusalem,1,2,209,3,418,0.5,31.794245,35.213266,Jerusalem,Jerusalem
20855,צומת עין המפרץ,29,Haifa / North,1,1,209,6,1008,0.2073,32.903988,35.089992,North,Haifa
3763,איינשטיין/יאנוש קורצאק,32,Haifa / North,1,1,209,2,418,0.5,32.783546,34.989024,North,Haifa
21853,מחנה נחל שורק/לדרום,15,Jerusalem,1,1,208,6,1358,0.1532,31.809666,34.868986,Center,Periphery
25077,מבואות/דרך חטיבת אלכסנדרוני,60,Tel Aviv / Center,1,1,208,2,416,0.5,32.045748,34.866617,Center,Tel Aviv
2852,הראל/פטל,28,Haifa / North,1,2,207,3,414,0.5,32.789652,34.992141,North,Haifa
12862,הירקון/ארלוזורוב,50,Tel Aviv / Center,1,3,207,6,3960,0.0523,32.087939,34.771282,Center,Tel Aviv
11470,גן רוח האדם/מצפה הבירה,63,Jerusalem,1,2,207,5,1176,0.176,31.794701,35.147651,Jerusalem,Jerusalem
10953,הדקל / רשי,21,Periphery / Jerusalem,1,1,207,7,3174,0.0652,31.741733,34.980752,Jerusalem,Periphery
13241,ראול ולנברג/הברזל,37,Tel Aviv / Center,1,2,206,9,7562,0.0272,32.107031,34.833789,Center,Tel Aviv
11536,שורק/שיקמה,63,Jerusalem,1,1,206,2,412,0.5,31.798314,35.166269,Jerusalem,Jerusalem
16543,הרב שלום שבזי / רמת הגולן,35,Tel Aviv / Center,1,1,206,7,2014,0.1023,32.086917,34.955635,Center,Tel Aviv
16288,צומת בית חלקיה,15,Jerusalem,1,3,205,9,1206,0.17,31.787083,34.818734,Center,Periphery
44018,מחלף אשקלון צפון/לצפון,20,Periphery / Center,1,4,205,7,526,0.3897,31.703907,34.622026,Center,Periphery
11912,אזור המלונות/וולפסון,15,Jerusalem,1,1,205,2,410,0.5,31.782633,35.195437,Jerusalem,Jerusalem
9666,שאול המלך,41,Jerusalem,1,2,205,4,424,0.4835,31.796715,35.219482,Jerusalem,Jerusalem
19457,התמר / הפעמונית,58,Haifa / North,1,1,204,10,3347,0.061,32.658906,35.106831,North,Haifa
13602,ת.רכבת ההגנה,24,Tel Aviv / Center,1,1,202,6,5230,0.0386,32.054782,34.783919,Center,Tel Aviv
15643,ביה''ח תל השומר/מיון,25,Tel Aviv / Center,1,1,202,8,1863,0.1084,32.045836,34.841248,Center,Tel Aviv
13603,ת.רכבת ההגנה,24,Tel Aviv / Center,1,1,202,7,5492,0.0368,32.05496,34.784028,Center,Tel Aviv
13197,מחלף מסובים/דרך לוד,25,Tel Aviv / Center,1,1,202,6,2476,0.0816,32.038484,34.828142,Center,Tel Aviv
48417,מסוף רעננה/רציפים,10,Tel Aviv / Center,1,2,202,4,618,0.3269,32.175565,34.890269,Center,Tel Aviv
15504,ביג יהוד/אלטלף,7,Tel Aviv / Center,1,3,202,4,356,0.5674,32.027222,34.898819,Center,Tel Aviv
16524,המרץ/היצירה,35,Tel Aviv / Center,1,1,200,6,1766,0.1133,32.105566,34.939485,Center,Tel Aviv
44027,מחלף אשקלון צפון/לדרום,22,Periphery / Center,1,2,200,4,400,0.5,31.703631,34.620322,Center,Periphery
14577,קניון איילון/דרך אם המושבות,17,Tel Aviv / Center,1,3,199,6,988,0.2014,32.098985,34.829016,Center,Tel Aviv
44474,ז'בוטינסקי/בן יהודה,24,Tel Aviv / Center,1,3,199,5,410,0.4854,32.08959,34.773341,Center,Tel Aviv
1889,הפלמח/הראל,32,Haifa / North,1,1,199,4,1080,0.1843,32.788944,34.992977,North,Haifa
11605,תחנת רכבת קלה ככר דניה/שד' הרצל,9,Jerusalem,1,1,198,5,2694,0.0735,31.780462,35.188377,Jerusalem,Jerusalem
18103,צומת כרמיאל,18,Periphery / North,1,2,198,11,1248,0.1587,32.924556,35.300256,North,Periphery
4189,צומת חנניה,5,Periphery / North,1,1,198,3,454,0.4361,32.916865,35.416446,North,Periphery
13999,קהילת יאסי/קהילת ורשה,50,Tel Aviv / Center,1,1,197,3,1346,0.1464,32.110142,34.822846,Center,Tel Aviv
19087,מסעף קיבוץ אפק,27,Haifa / North,1,1,196,5,904,0.2168,32.838147,35.118397,North,Haifa
11339,קופת חולים כללית/דרך הר הזיתים,42,Jerusalem / Center,1,1,196,3,1344,0.1458,31.794604,35.234508,Jerusalem,Jerusalem
15664,וייצמן/פינס,26,Tel Aviv / Center,1,3,195,5,390,0.5,31.81762,34.777008,Center,Tel Aviv
11343,דרך הר הזיתים/ משרד הפנים,42,Jerusalem / Center,1,1,195,4,714,0.2731,31.79447,35.234709,Jerusalem,Jerusalem
11628,תחנת רכבת קלה החלוץ/שד' הרצל,9,Jerusalem,1,1,194,4,1986,0.0977,31.782673,35.190505,Jerusalem,Jerusalem
9348,קרית משה/שדרות הרצל,9,Jerusalem,1,1,194,2,388,0.5,31.785802,35.196995,Jerusalem,Jerusalem
3560,בית''ר/חרמון,32,Haifa / North,1,2,194,6,1090,0.178,32.804325,35.001337,North,Haifa
18235,צומת הפיקוד/אל-עמארה,40,Periphery / North,1,2,194,7,3008,0.0645,32.694042,35.28755,North,Periphery
19885,מסעף ענבר,5,Periphery / North,1,1,193,3,452,0.427,32.903668,35.41274,North,Periphery
43598,שלומציון המלכה/דרך פיק''א,23,Periphery / Center,1,1,193,2,386,0.5,32.466391,34.967751,Center,Periphery
16536,הרב שלום שבזי / שלמה המלך,35,Tel Aviv / Center,1,1,193,6,2328,0.0829,32.095665,34.944432,Center,Tel Aviv
2335,עציון/חברון,19,Periphery / North,1,1,193,3,1444,0.1337,32.468301,34.963246,Center,Periphery
11237,הראל/יסמין,63,Jerusalem,1,1,192,5,1676,0.1146,31.799846,35.147609,Jerusalem,Jerusalem
11235,מחלף הראל,15,Jerusalem,1,1,192,5,1124,0.1708,31.799323,35.146345,Jerusalem,Jerusalem
50744,לוחמי האש/ענת גוב,25,Tel Aviv / Center,1,2,192,3,384,0.5,32.037848,34.863418,Center,Tel Aviv
19572,ישיבת תקוות יעקב,58,Haifa / North,1,2,192,3,384,0.5,32.70463,35.13548,North,Haifa
9495,בר כוכבא/הנח''ל,42,Jerusalem / Center,1,1,190,2,380,0.5,31.802317,35.239421,Jerusalem,Jerusalem
35993,מסעף בית חנניה,19,Periphery / North,1,2,189,5,660,0.2864,32.534206,34.928055,North,Periphery
10710,המלך ג'ורג'/קק''ל,11,Jerusalem,1,3,189,7,5028,0.0376,31.77773,35.216156,Jerusalem,Jerusalem
25006,כתריאל רפפורט/חיים הרצוג,12,Tel Aviv / Center,1,3,188,7,722,0.2604,31.966961,34.82445,Center,Tel Aviv
13524,דרך שלמה/מסילת ישרים,24,Tel Aviv / Center,1,1,188,4,2842,0.0662,32.054581,34.776478,Center,Tel Aviv
36099,החשמל/גדוד 21,34,Haifa / North,1,1,187,3,1136,0.1646,32.795252,35.020975,North,Haifa
1753,כביש 65/אום אל פאחם ב,4,Periphery / North,1,3,187,7,1374,0.1361,32.527412,35.141502,North,Periphery
18238,צומת הפיקוד/אל-עמארה,40,Periphery / North,1,1,186,4,3088,0.0602,32.693692,35.288802,North,Periphery
1656,צומת חדרה,23,Periphery / Center,1,2,185,17,4486,0.0412,32.438209,34.911987,Center,Periphery
14038,הרב בן יעקב/בר יוחאי,37,Tel Aviv / Center,1,1,184,7,3196,0.0576,32.077651,34.840089,Center,Tel Aviv
48268,מסוף אלוף שדה,25,Tel Aviv / Center,1,1,184,4,1292,0.1424,32.054928,34.833997,Center,Tel Aviv
50747,לוחמי האש/נעמי שמר,25,Tel Aviv / Center,1,2,184,3,368,0.5,32.037744,34.864497,Center,Tel Aviv
20721,קניון השלום,33,Haifa / North,1,2,184,4,550,0.3345,32.817863,35.151235,North,Haifa
23224,כתריאל רפפורט/חנה ומיכאל לוין,12,Tel Aviv / Center,1,1,184,3,666,0.2763,31.967165,34.823857,Center,Tel Aviv
42842,מסוף אום אל פחם,64,Periphery / North,1,2,183,4,725,0.2524,32.531744,35.149737,North,Periphery
29581,מחלף נוף ים,24,Tel Aviv / Center,1,1,183,8,1316,0.1391,32.186154,34.81519,Center,Tel Aviv
14311,שער הים/שד. נווה עובד,14,Tel Aviv / Center,1,1,183,2,366,0.5,32.187592,34.814344,Center,Tel Aviv
29555,נורדאו/דב הוז,14,Tel Aviv / Center,1,1,183,2,366,0.5,32.175715,34.816994,Center,Tel Aviv
29457,פנחס רוזן/שלונסקי,37,Tel Aviv / Center,1,2,182,7,2074,0.0878,32.114749,34.825525,Center,Tel Aviv
15809,כביש 40/רינתיה מזור,7,Tel Aviv / Center,1,1,182,5,958,0.19,32.046947,34.905333,Center,Tel Aviv
12270,צומת צפית/כביש 25,43,Periphery / South,1,2,182,4,364,0.5,31.04267,35.200863,South,Periphery
3591,השלום/אהרון אהרונסון,23,Periphery / Center,1,1,181,4,1896,0.0955,32.445428,34.894111,Center,Periphery
48350,ת. מרכזית חדרה,23,Periphery / Center,1,1,181,2,464,0.3901,32.435313,34.914144,Center,Periphery
20091,צומת צורית,29,Haifa / North,1,1,181,5,1646,0.11,32.914628,35.225268,North,Periphery
20166,מסעף כחל,1,Periphery / North,1,1,181,5,862,0.21,32.90666,35.520488,North,Periphery
43848,מסוף הר הצופים/מרטין בובר,42,Jerusalem / Center,1,1,180,3,2940,0.0612,31.791037,35.247036,Jerusalem,Jerusalem
41785,ת. רכבת כרמיאל/רציפים,18,Periphery / North,1,1,180,6,1066,0.1689,32.923794,35.29835,North,Periphery
20303,מסעף כחל,1,Periphery / North,1,1,180,4,888,0.2027,32.905545,35.521684,North,Periphery
28475,מחלף עידן הנגב למערב,49,Beer Sheva / South,1,5,179,6,358,0.5,31.372444,34.791133,South,Beer Sheva
12992,ביה''ס נתיב/דרך ההגנה,24,Tel Aviv / Center,1,1,179,5,1660,0.1078,32.053634,34.79721,Center,Tel Aviv
14345,דרך ההגנה/גבעתי,24,Tel Aviv / Center,1,1,178,5,1538,0.1157,32.053486,34.796774,Center,Tel Aviv
4703,בי''ס אל-וואספיה,40,Periphery / North,1,1,178,3,624,0.2853,32.692294,35.29214,North,Periphery
13330,ת.רק''ל ביאליק/דרך ז'בוטינסקי,37,Tel Aviv / Center,1,1,178,5,5120,0.0348,32.088541,34.815172,Center,Tel Aviv
13201,הרצל/קופת חולים,25,Tel Aviv / Center,1,1,178,4,3940,0.0452,32.082619,34.816128,Center,Tel Aviv
51846,עקיבא אזולאי/נחום חפצדי,15,Jerusalem,1,1,177,4,1098,0.1612,31.788928,35.189479,Jerusalem,Jerusalem
12051,צומת הערבה/כביש 25 למערב,43,Periphery / South,1,2,177,3,354,0.5,30.989614,35.30963,South,Periphery
22288,שדרות וייצמן/החרושת,14,Tel Aviv / Center,1,2,177,6,578,0.3062,32.192009,34.881454,Center,Tel Aviv
13482,מסוף כרמלית/הכרמל,24,Tel Aviv / Center,1,2,176,7,1196,0.1472,32.065887,34.765513,Center,Tel Aviv
11233,שדרות החוצבים/שבע אחיות,63,Jerusalem,1,3,176,5,524,0.3359,31.794299,35.146529,Jerusalem,Jerusalem
13694,אבן גבירול/פנקס,24,Tel Aviv / Center,1,1,175,4,6340,0.0276,32.090246,34.782604,Center,Tel Aviv
14544,פנקס/דה האז,37,Tel Aviv / Center,1,1,175,2,350,0.5,32.091009,34.786276,Center,Tel Aviv
3826,פרץ חיות/טשרניחובסקי,46,Haifa / North,1,2,174,3,348,0.5,32.820925,34.97335,North,Haifa
14394,מחלף הסירה למזרח,14,Tel Aviv / Center,1,1,174,6,1958,0.0889,32.160149,34.812147,Center,Tel Aviv
4701,בי''ס אל-וואספיה,40,Periphery / North,1,2,174,5,620,0.2806,32.691825,35.292123,North,Periphery
10331,צומת מיני ישראל,7,Tel Aviv / Center,1,1,174,2,348,0.5,31.84357,34.969873,Jerusalem,Periphery
16200,צומת בית דגן/כביש 44,7,Tel Aviv / Center,1,1,173,2,346,0.5,32.00267,34.819925,Center,Tel Aviv
13679,עיריית תל אביב - יפו/אבן גבירול,24,Tel Aviv / Center,1,1,173,7,10558,0.0164,32.082914,34.781176,Center,Tel Aviv
13658,דיזנגוף/יודפת,24,Tel Aviv / Center,1,1,173,4,4868,0.0355,32.085415,34.774508,Center,Tel Aviv
13657,שד' בן גוריון/דיזנגוף,50,Tel Aviv / Center,1,1,173,3,1178,0.1469,32.083995,34.775011,Center,Tel Aviv
29635,מנהלי הנדסה ובת''ש/שד' בן גוריון,50,Tel Aviv / Center,1,1,173,3,1178,0.1469,32.08293,34.777038,Center,Tel Aviv
42845,מחלף לטרון,15,Jerusalem,1,1,173,10,1338,0.1293,31.839265,34.987679,Jerusalem,Periphery
34983,צומת חטיבה שבע,7,Tel Aviv / Center,1,1,173,2,346,0.5,31.835518,34.977318,Jerusalem,Periphery
15723,דרך המכבים/מכון וולקאני,12,Tel Aviv / Center,1,1,173,4,3150,0.0549,31.992317,34.8132,Center,Tel Aviv
4175,צומת אעבלין מערב,27,Haifa / North,1,4,173,5,338,0.5118,32.827455,35.174454,North,Haifa
28481,צומת רהט דרום,49,Beer Sheva / South,1,2,172,4,344,0.5,31.371342,34.783933,South,Beer Sheva
12201,צומת הערבה,30,Periphery / South,1,1,171,3,450,0.38,30.987586,35.308952,South,Periphery
15642,יעקב זרובבל/כביש 471,25,Tel Aviv / Center,1,2,171,3,342,0.5,32.072317,34.885182,Center,Tel Aviv
16212,ת.רק''ל שחם/דרך ז'בוטינסקי,17,Tel Aviv / Center,1,1,170,7,9938,0.0171,32.092183,34.860629,Center,Tel Aviv
12042,מסעף בני ראם/ישיבה,6,Periphery / Center,1,4,170,10,978,0.1738,31.768572,34.800929,Center,Periphery
11884,רנה קסין/שרגאי,41,Jerusalem,1,1,170,4,3162,0.0538,31.798259,35.226287,Jerusalem,Jerusalem
44473,ארלוזורוב/בן יהודה,24,Tel Aviv / Center,1,1,169,4,3726,0.0454,32.087553,34.772247,Center,Tel Aviv
37115,מחלף דרור למערב,55,Tel Aviv / Center,1,5,169,11,740,0.2284,32.255041,34.88821,Center,Tel Aviv
17037,המזרח/המעיין,34,Haifa / North,1,1,169,3,360,0.4694,32.711065,35.104819,North,Haifa
28320,צומת מחנה משאבים,62,Periphery / South,1,1,167,2,334,0.5,30.987514,34.766427,South,Periphery
21505,מרגולין/קימרוב,7,Tel Aviv / Center,1,2,167,3,334,0.5,31.93618,34.803356,Center,Tel Aviv
1563,צומת נרבתה,23,Periphery / Center,1,2,167,5,520,0.3212,32.451727,35.0196,Center,Periphery
12428,צומת עידן,30,Periphery / South,1,1,167,3,438,0.3813,30.812902,35.249119,South,Periphery
43972,צומת מגדל העמק למזרח,4,Periphery / North,1,1,166,3,928,0.1789,32.661644,35.248815,North,Periphery
43974,המגל/דרך העמק,40,Periphery / North,1,1,166,2,332,0.5,32.663946,35.23849,North,Periphery
780,צומת בארותיים לדרום,10,Tel Aviv / Center,1,2,165,5,330,0.5,32.311386,34.984668,Center,Periphery
4971,ואדי אל-חאג'/ח'לת א-דיר,8,Periphery / North,1,1,165,3,2806,0.0588,32.689986,35.29759,North,Periphery
21026,בי''ס בית אל-חכמה/אל-קפזה,40,Periphery / North,1,1,165,2,330,0.5,32.683625,35.294076,North,Periphery
17044,רכבת העמק/ש.ב.אורבך,34,Haifa / North,1,2,165,3,330,0.5,32.716672,35.102778,North,Haifa
26729,מחנה אריאל שרון / כביש 224,43,Periphery / South,1,1,164,3,328,0.5,31.059945,34.85313,South,Beer Sheva
5219,דרך גדוד ברק/90,16,Periphery / North,1,2,164,4,886,0.1851,32.796264,35.540343,North,Periphery
38805,בית ספר בית יעקב/אבן גבירול,32,Haifa / North,1,3,163,10,1022,0.1595,32.803776,35.007782,North,Haifa
5638,צומת מגדל,16,Periphery / North,1,1,163,4,906,0.1799,32.826415,35.512121,North,Periphery
5637,מסעף ואדי חמאם,5,Periphery / North,1,1,163,2,326,0.5,32.830711,35.502224,North,Periphery
21027,בי''ס בית אל-חכמה/אל-קפזה,8,Periphery / North,1,2,163,3,326,0.5,32.682455,35.293592,North,Periphery
50515,דוד אלעזר/קשת,12,Tel Aviv / Center,1,1,163,4,656,0.2485,31.926577,34.811293,Center,Tel Aviv
16895,אבנר בן נר/חושן,26,Tel Aviv / Center,1,1,163,2,326,0.5,31.922284,34.810585,Center,Tel Aviv
15641,זרובבל/העצמאות,25,Tel Aviv / Center,1,2,162,3,324,0.5,32.073799,34.884312,Center,Tel Aviv
13732,פנקס/דרך נמיר,24,Tel Aviv / Center,1,2,162,4,1522,0.1064,32.091092,34.79436,Center,Tel Aviv
44249,דרך יצחק רבין/יצחק ויטנברג,25,Tel Aviv / Center,1,1,162,4,2374,0.0682,32.080482,34.860509,Center,Tel Aviv
43194,טובה ושמשון דרנגר/שחם,17,Tel Aviv / Center,1,1,162,4,428,0.3785,32.084205,34.857968,Center,Tel Aviv
3233,פרויד/ויתקין,46,Haifa / North,1,2,161,6,3270,0.0492,32.782407,34.987604,North,Haifa
14111,שד' קק''ל/שלמה בן יוסף,50,Tel Aviv / Center,1,2,161,9,2154,0.0747,32.122384,34.79566,Center,Tel Aviv
15465,ירושלים/חשמונאים,68,Periphery / Center,1,1,161,2,322,0.5,31.781106,34.689434,Center,Periphery
8033,צומת בית הערבה/כביש 90,69,Jerusalem,1,2,161,3,322,0.5,31.810432,35.495739,Center,Periphery
775,ההסתדרות/שנקר,51,Tel Aviv / Center,1,1,160,5,1992,0.0803,32.017521,34.774012,Center,Tel Aviv
38110,צומת בני עי''ש למערב,6,Periphery / Center,1,3,160,5,320,0.5,31.794079,34.768691,Center,Periphery
44138,כיכר אל-משארף,5,Periphery / North,1,2,160,3,320,0.5,32.725344,35.284684,North,Periphery
18815,כיכר אלמעסרה,33,Haifa / North,1,1,160,3,2326,0.0688,32.857527,35.173311,North,Haifa
5265,צומת מגדל,5,Periphery / North,1,1,160,2,320,0.5,32.826791,35.511476,North,Periphery
49473,שדרות שבעת הכוכבים/משה דיין,14,Tel Aviv / Center,1,1,160,3,1934,0.0827,32.160435,34.81372,Center,Tel Aviv
26614,צומת אחוזם,6,Periphery / Center,1,3,159,4,318,0.5,31.554413,34.763982,Center,Periphery
13090,קניון איילון/מבצע קדש,37,Tel Aviv / Center,1,1,158,6,5314,0.0297,32.101244,34.827845,Center,Tel Aviv
24095,מקס וג'סי הכהן/אהרונוביץ',31,Tel Aviv / Center,1,1,158,4,1602,0.0986,32.004726,34.766861,Center,Tel Aviv
15613,ויצמן/מרגולין,12,Tel Aviv / Center,1,1,158,5,3194,0.0495,31.93713,34.800146,Center,Tel Aviv
28245,מקורות/תחנת יתיר,53,Periphery / South,1,2,158,4,322,0.4907,31.257995,35.090678,South,Periphery
34348,מחסום,10,Tel Aviv / Center,1,3,157,5,314,0.5,32.184185,34.99786,Center,Tel Aviv
41976,המרפא,41,Jerusalem,1,1,156,4,1708,0.0913,31.80102,35.21223,Jerusalem,Jerusalem
9820,הנביאים/הע''ח,11,Jerusalem,1,1,156,8,5768,0.027,31.783646,35.226081,Jerusalem,Jerusalem
13926,דרך ז'בוטינסקי/ביאליק,37,Tel Aviv / Center,1,1,156,5,5054,0.0309,32.086205,34.811475,Center,Tel Aviv
48479,שדרות חשמונאים/דרך מנחם בגין,36,Tel Aviv / Center,1,2,156,5,632,0.2468,31.880695,34.998301,Jerusalem,Periphery
9612,צומת חולדה,15,Jerusalem,1,3,156,6,1182,0.132,31.811234,34.901816,Center,Periphery
1790,דרך קרית עמל/עמלים,59,Haifa / North,1,2,156,3,312,0.5,32.712961,35.103616,North,Haifa
14228,מחלף מורשה,24,Tel Aviv / Center,1,2,155,3,310,0.5,32.125632,34.854272,Center,Tel Aviv
44232,צומת מחנה עופר,41,Jerusalem,1,2,155,4,310,0.5,31.87048,35.178381,Jerusalem,Jerusalem
13072,חיים לבנון/רדינג,24,Tel Aviv / Center,1,2,155,5,2678,0.0579,32.103428,34.795796,Center,Tel Aviv
4740,מסעף חפציבה,54,Periphery / Center,1,1,155,2,310,0.5,32.520116,35.426287,North,Periphery
4721,מסעף בית השיטה,4,Periphery / North,1,1,155,3,576,0.2691,32.543589,35.433428,North,Periphery
51863,דרך שיבא/כפר אז''ר,25,Tel Aviv / Center,1,1,154,4,2808,0.0548,32.051602,34.839229,Center,Tel Aviv
17381,אלטואחין/עומר בן אלח טאב,19,Periphery / North,1,1,154,3,510,0.302,32.544143,34.915715,North,Periphery
38834,צומת חזמה/אלזהור,15,Jerusalem,1,2,154,4,660,0.2333,31.829029,35.228922,Jerusalem,Jerusalem
3828,טשרניחובסקי/פרץ חיות,28,Haifa / North,1,1,152,3,2844,0.0534,32.821624,34.974184,North,Haifa
1970,סטפן וייז/קאודרס,46,Haifa / North,1,1,152,3,1408,0.108,32.820678,34.969446,North,Haifa
11399,ת. רק''ל בית חנינא,66,Jerusalem,1,1,152,3,516,0.2946,31.820639,35.228422,Jerusalem,Jerusalem
23598,שדרות אפרים/עצמאות,12,Tel Aviv / Center,1,1,152,2,304,0.5,31.934612,34.804009,Center,Tel Aviv
15547,הנשיאים / גשר ממלוכי,52,Tel Aviv / Center,1,1,152,5,662,0.2296,31.869956,34.751518,Center,Tel Aviv
3976,בית לחם ב,28,Haifa / North,1,1,152,2,304,0.5,32.818472,34.971357,North,Haifa
37095,אבנר בן נר/השופטים,26,Tel Aviv / Center,1,1,152,2,304,0.5,31.923559,34.811075,Center,Tel Aviv
49703,תחנת רכבת קלה בית חנינא,66,Jerusalem,1,1,152,4,408,0.3725,31.819609,35.229231,Jerusalem,Jerusalem
24487,דוד אלעזר/קשת,12,Tel Aviv / Center,1,1,152,3,646,0.2353,31.925935,34.811381,Center,Tel Aviv
24488,ירושלים,12,Tel Aviv / Center,1,1,152,2,304,0.5,31.936348,34.809428,Center,Tel Aviv
14190,דבורה הנביאה/צה''ל,37,Tel Aviv / Center,1,1,151,8,2264,0.0667,32.11866,34.836378,Center,Tel Aviv
2445,גאולה/רבי עקיבא,28,Haifa / North,1,2,151,5,2322,0.065,32.801831,35.001544,North,Haifa
14203,צה''ל/יהונתן,14,Tel Aviv / Center,1,1,151,2,302,0.5,32.121234,34.834832,Center,Tel Aviv
1757,כביש 65/אום אל פאחם ב,4,Periphery / North,1,1,150,4,1382,0.1085,32.52348,35.131839,North,Periphery
41123,עלי בן אבי טאלב/כניסה מערבית,64,Periphery / North,1,1,150,3,562,0.2669,32.509789,35.133237,North,Periphery
11239,מוצא / יקב אפרת,15,Jerusalem,1,3,150,7,342,0.4386,31.794145,35.167173,Jerusalem,Jerusalem
13910,שד' ירושלים/מולכו,25,Tel Aviv / Center,1,1,149,3,1024,0.1455,32.074685,34.830784,Center,Tel Aviv
29311,זיסמן/דרך בגין,37,Tel Aviv / Center,1,1,149,2,298,0.5,32.084015,34.800294,Center,Tel Aviv
29482,ת. רכבת ההגנה/החרש,24,Tel Aviv / Center,1,1,148,16,8919,0.0166,32.055692,34.783286,Center,Tel Aviv
13911,שד' ירושלים/חזון אי''ש,25,Tel Aviv / Center,1,1,148,4,1622,0.0912,32.074883,34.832221,Center,Tel Aviv
24096,מקס וג'סי הכהן/אהרונוביץ',31,Tel Aviv / Center,1,1,148,5,1618,0.0915,32.004807,34.766992,Center,Tel Aviv
18655,דוד שו''ב/התמרים,1,Periphery / North,1,1,148,5,382,0.3874,32.965306,35.543009,North,Periphery
19453,מועצה מקומית,48,Periphery / North,1,1,148,2,296,0.5,32.968452,35.537777,North,Periphery
15701,כיבוי אש/מוהליבר,60,Tel Aviv / Center,1,1,148,3,580,0.2552,32.0287,34.896969,Center,Tel Aviv
40665,מסעף בית השיטה,54,Periphery / Center,1,1,148,2,296,0.5,32.54386,35.435147,North,Periphery
12889,ת. רכבת תל אביב סבידור/על פרשת דרכים,24,Tel Aviv / Center,1,2,147,11,3724,0.0395,32.082475,34.795453,Center,Tel Aviv
4129,מסעף מי עמי,4,Periphery / North,1,1,147,4,1422,0.1034,32.514875,35.120684,North,Periphery
8029,צומת מחנה נבו/כביש 90,42,Jerusalem / Center,1,1,147,2,294,0.5,31.823767,35.503485,Center,Periphery
8032,צומת גשר אלנבי/כביש 90,54,Periphery / Center,1,1,147,4,352,0.4176,31.867428,35.506915,Center,Periphery
41122,עלי בן אבי טאלב,64,Periphery / North,1,1,147,3,556,0.2644,32.51001,35.135987,North,Periphery
46749,דרך אריק שרון,32,Haifa / North,1,2,146,4,314,0.465,32.796303,34.999034,North,Haifa
40909,כביש 3933/כביש 3922,6,Periphery / Center,1,3,146,5,292,0.5,31.795727,34.761456,Center,Periphery
10167,חיל ההנדסה/נעמי קיס,11,Jerusalem,1,1,146,6,2880,0.0507,31.784434,35.227177,Jerusalem,Jerusalem
9908,דרך הר הזיתים/נשאשיבי,42,Jerusalem / Center,1,1,146,4,1636,0.0892,31.792914,35.232075,Jerusalem,Jerusalem
8772,צומת עמר בן אלעס,42,Jerusalem / Center,1,1,146,3,1636,0.0892,31.786182,35.230219,Jerusalem,Jerusalem
18656,דוד שו''ב/משעול הזיתים,1,Periphery / North,1,1,145,4,314,0.4618,32.964783,35.543749,North,Periphery
18642,דוד שו''ב/דרך המרכז,48,Periphery / North,1,1,145,2,290,0.5,32.968198,35.538134,North,Periphery
13509,שוק לוינסקי/העלייה,24,Tel Aviv / Center,1,1,144,6,6528,0.0221,32.059065,34.773499,Center,Tel Aviv
12126,קסר א סיר/הואשלה,43,Periphery / South,1,1,144,3,710,0.2028,31.083329,34.989455,South,Periphery
18793,צומת השומרים,34,Haifa / North,1,1,143,4,2802,0.051,32.709455,35.137655,North,Haifa
22668,קק''ל/כצנלסון,31,Tel Aviv / Center,1,1,143,5,1796,0.0796,32.023428,34.755606,Center,Tel Aviv
35613,אגן האיילות,41,Jerusalem,1,1,143,5,2856,0.0501,31.869827,35.144016,Jerusalem,Jerusalem
24390,אחוזה/הרב יצחק נסים,14,Tel Aviv / Center,1,4,143,12,2438,0.0587,32.177924,34.886744,Center,Tel Aviv
42313,כיכר המושבה/סוקולוב,10,Tel Aviv / Center,1,2,143,7,1504,0.0951,32.167578,34.901093,Center,Tel Aviv
20697,מסעף שדה יעקב,58,Haifa / North,1,1,143,4,670,0.2134,32.702352,35.135081,North,Haifa
8438,צומת גוש עציון,9,Jerusalem,1,1,143,5,862,0.1659,31.646749,35.132734,Center,Jerusalem
26405,צומת קוממיות,6,Periphery / Center,1,1,142,13,1680,0.0845,31.650359,34.764905,Center,Periphery
42726,מסוף אום אל פחם,4,Periphery / North,1,2,142,6,482,0.2946,32.531744,35.149737,North,Periphery
23125,אבא הלל סילבר/פסח לב,7,Tel Aviv / Center,1,1,142,5,1279,0.111,31.966491,34.90044,Center,Tel Aviv
6105,צומת כפר יהושע,58,Haifa / North,1,2,142,4,808,0.1757,32.682355,35.124147,North,Haifa
14136,ביה''ס עמל/בני אפרים,37,Tel Aviv / Center,1,1,141,3,1556,0.0906,32.115783,34.817064,Center,Tel Aviv
80,צומת חולדה/כביש 411,15,Jerusalem,1,4,141,8,322,0.4379,31.811907,34.900793,Center,Periphery
42410,רחובות הנהר/חביבה רייק,37,Tel Aviv / Center,1,1,141,2,282,0.5,32.089478,34.806095,Center,Tel Aviv
4033,האילן/הזית,19,Periphery / North,1,1,141,2,282,0.5,32.518328,34.921922,North,Periphery
4032,האילן/ההדס,65,Periphery / North,1,1,141,3,712,0.198,32.519262,34.920769,North,Periphery
757,נווה ימין/מזרח,10,Tel Aviv / Center,1,3,140,10,1072,0.1306,32.176573,34.938396,Center,Tel Aviv
42862,ת.מרכזית תל אביב/דרך שלמה,24,Tel Aviv / Center,1,1,140,4,2746,0.051,32.0539,34.779592,Center,Tel Aviv
21283,צומת מורן,18,Periphery / North,1,1,140,4,1016,0.1378,32.92789,35.393661,North,Periphery
18957,צומת הרדוף,5,Periphery / North,1,2,140,7,1174,0.1193,32.792064,35.17653,North,Haifa
34869,צומת גוש עציון,9,Jerusalem,1,2,140,5,472,0.2966,31.645502,35.131782,Center,Jerusalem
45039,אבן גבירול/ארלוזורוב,24,Tel Aviv / Center,1,1,139,4,9842,0.0141,32.084806,34.781547,Center,Tel Aviv
13682,ז'בוטינסקי/דיזנגוף,50,Tel Aviv / Center,1,1,139,3,1664,0.0835,32.089066,34.776546,Center,Tel Aviv
13692,ז'בוטינסקי/אבן גבירול,50,Tel Aviv / Center,1,1,139,4,3102,0.0448,32.088285,34.781185,Center,Tel Aviv
4716,צומת איכסאל/מרג' אבן עאמר,4,Periphery / North,1,2,139,3,278,0.5,32.674962,35.290572,North,Periphery
34505,צומת רחלים למערב,38,Periphery / Center,1,2,139,3,278,0.5,32.100233,35.244742,Center,Periphery
41365,אבן גבירול/ביל''ו,28,Haifa / North,1,1,139,2,278,0.5,32.807378,35.005391,North,Haifa
14787,בית ספר אורט שפירא/דרך השרון,3,Tel Aviv / Center,1,2,138,4,802,0.1721,32.173774,34.892692,Center,Tel Aviv
38892,דובר שלום/ילג,28,Haifa / North,1,1,138,3,1124,0.1228,32.805001,35.004137,North,Haifa
24072,המעפילים/דב הוז,31,Tel Aviv / Center,1,1,138,4,3100,0.0445,32.024706,34.765541,Center,Tel Aviv
24137,דב הוז/הנרייטה סולד,51,Tel Aviv / Center,1,1,138,3,1196,0.1154,32.023264,34.768042,Center,Tel Aviv
24071,המעפילים/שד' דב הוז,31,Tel Aviv / Center,1,1,138,3,2964,0.0466,32.024295,34.765658,Center,Tel Aviv
23107,מרדכי וחווה פרימן/שפיר,7,Tel Aviv / Center,1,1,138,3,938,0.1471,31.954603,34.904417,Center,Tel Aviv
21519,דב הוז/הנרייטה סולד,51,Tel Aviv / Center,1,1,138,3,1198,0.1152,32.023502,34.767987,Center,Tel Aviv
43651,בית החייל/פנקס,50,Tel Aviv / Center,1,1,138,2,276,0.5,32.090955,34.791056,Center,Tel Aviv
23734,ת. רכבת הראשונים,12,Tel Aviv / Center,1,2,137,6,1798,0.0762,31.94903,34.803908,Center,Tel Aviv
13269,מסוף כרמלית,50,Tel Aviv / Center,1,2,136,3,268,0.5075,32.065805,34.765196,Center,Tel Aviv
14039,הרב בן יעקב/בר יוחאי,37,Tel Aviv / Center,1,1,136,7,2618,0.0519,32.077645,34.840478,Center,Tel Aviv
22817,בי''ח וולפסון,31,Tel Aviv / Center,1,1,136,7,4160,0.0327,32.036636,34.761227,Center,Tel Aviv
16448,הראשונים/דוד אלעזר,52,Tel Aviv / Center,1,2,136,4,566,0.2403,31.868588,34.74907,Center,Tel Aviv
13348,אקספו תל אביב/שד' רוקח,37,Tel Aviv / Center,1,1,135,5,4738,0.0285,32.104601,34.810684,Center,Tel Aviv
23619,קק''ל/כצנלסון,31,Tel Aviv / Center,1,1,135,5,1768,0.0764,32.023597,34.755204,Center,Tel Aviv
34805,מעלה שומרון/יציאה,38,Periphery / Center,1,2,135,5,298,0.453,32.171377,35.073909,Center,Tel Aviv
22087,ד''ר מרדכי וחווה פרימן/החלוץ,7,Tel Aviv / Center,1,1,134,5,998,0.1343,31.954536,34.904186,Center,Tel Aviv
22070,אבא הלל סילבר/פסח לב,7,Tel Aviv / Center,1,1,134,7,2210,0.0606,31.966395,34.900239,Center,Tel Aviv
15473,מרכז מסחרי רימון/דרך לוי אשכול,25,Tel Aviv / Center,1,2,134,8,3652,0.0367,32.04807,34.86513,Center,Tel Aviv
38743,גן תעשייה/אל-קפזה,40,Periphery / North,1,1,134,3,444,0.3018,32.68111,35.292841,North,Periphery
23880,ת. רכבת הראשונים,12,Tel Aviv / Center,1,2,133,5,1775,0.0749,31.949155,34.803799,Center,Tel Aviv
34494,מוריה/שד. ירושלים,38,Periphery / Center,1,4,133,11,1330,0.1,32.102172,35.208233,Center,Periphery
1203,צומת גבעת חביבה,23,Periphery / Center,1,1,132,4,380,0.3474,32.457726,35.019386,Center,Periphery
48582,השרף/לבונה,50,Tel Aviv / Center,1,2,132,3,264,0.5,32.138773,34.830635,Center,Tel Aviv
8031,צומת מחנה נבו/כביש 90,54,Periphery / Center,1,1,132,2,264,0.5,31.823401,35.502577,Center,Periphery
2960,מרכז רפואי לין/שדרות רוטשילד,28,Haifa / North,1,1,131,8,1016,0.1289,32.824771,34.984358,North,Haifa
20712,חוף לבנון,16,Periphery / North,1,2,131,3,262,0.5,32.819809,35.650463,North,Periphery
15498,דרך לוד/נווה סביון,24,Tel Aviv / Center,1,2,131,4,916,0.143,32.034445,34.855431,Center,Tel Aviv
25124,ביג יהוד/אלטלף,7,Tel Aviv / Center,1,2,131,4,262,0.5,32.026701,34.898946,Center,Tel Aviv
4717,מחלף איכסאל,4,Periphery / North,1,2,131,6,1056,0.1241,32.674089,35.290932,North,Periphery
38148,צומת בית הערבה החדש,42,Jerusalem / Center,1,1,131,4,614,0.2134,31.800796,35.475092,Center,Periphery
7867,צומת בית הערבה,30,Periphery / South,1,1,131,3,262,0.5,31.798769,35.49108,Center,Periphery
50219,שדרות דוד המלך/פרדס רימונים,65,Periphery / North,1,1,131,2,500,0.262,32.484862,34.914438,Center,Periphery
48419,ת. מרכזית חדרה,3,Tel Aviv / Center,1,2,131,4,262,0.5,32.435313,34.914144,Center,Periphery
17610,צומת נהריה,2,Periphery / North,1,1,130,6,1346,0.0966,33.006062,35.098376,North,Periphery
3915,ההסתדרות/צומת קרית חיים,27,Haifa / North,1,1,130,8,5100,0.0255,32.81808,35.078286,North,Haifa
3532,דרך עכו/המייסדים,27,Haifa / North,1,1,130,9,5320,0.0244,32.845733,35.091101,North,Haifa
455,צומת הדסים,55,Tel Aviv / Center,1,2,130,5,404,0.3218,32.284115,34.897933,Center,Tel Aviv
4720,מסעף בית השיטה,54,Periphery / Center,1,1,129,2,258,0.5,32.541395,35.437219,North,Periphery
11032,העלייה/יגאל אלון,21,Periphery / Jerusalem,1,1,129,7,3820,0.0338,31.755455,34.98856,Jerusalem,Periphery
3809,כביש 705/התאנה,34,Haifa / North,1,1,128,2,256,0.5,32.767873,35.016504,North,Haifa
3692,שינדלר/אבא חושי,32,Haifa / North,1,1,128,5,654,0.1957,32.766622,35.013989,North,Haifa
3172,האשל/הערבה,34,Haifa / North,1,1,128,4,1046,0.1224,32.76988,35.028185,North,Haifa
17397,החרוב/האשל,32,Haifa / North,1,1,128,2,256,0.5,32.768464,35.027376,North,Haifa
42734,צומת זמר,3,Tel Aviv / Center,1,3,128,6,256,0.5,32.360207,35.028772,Center,Periphery
495,הרצל/האירוסים,55,Tel Aviv / Center,1,2,128,4,388,0.3299,32.283332,34.905008,Center,Tel Aviv
1205,קופלוביץ/וייצמן,65,Periphery / North,1,1,128,4,836,0.1531,32.503158,34.925663,North,Periphery
1219,בית חנניה,23,Periphery / Center,1,1,126,3,942,0.1338,32.523128,34.929403,North,Periphery
15657,שדרות בן גוריון/הרצל,6,Periphery / Center,1,1,126,3,300,0.42,31.808636,34.767857,Center,Periphery
11026,העלייה/רמב''ם,21,Periphery / Jerusalem,1,1,126,5,3736,0.0337,31.753543,34.986418,Jerusalem,Periphery
22291,ההסתדרות/ויצמן,51,Tel Aviv / Center,1,2,125,5,1898,0.0659,32.01799,34.771621,Center,Tel Aviv
35683,כביש 3855/הירקון,21,Periphery / Jerusalem,1,2,125,8,1588,0.0787,31.707114,35.007316,Jerusalem,Periphery
16375,דרך מנחם בגין/ויינברגר,17,Tel Aviv / Center,1,1,124,7,3918,0.0316,32.074976,34.905508,Center,Tel Aviv
15803,אלעזר פרידמן/עין גנים,17,Tel Aviv / Center,1,1,124,6,2992,0.0414,32.082174,34.900343,Center,Tel Aviv
23844,מחלף שורק/כביש 7,6,Periphery / Center,1,1,124,2,248,0.5,31.804009,34.839254,Center,Periphery
47827,ת. מרכזית נהריה/רציפים,2,Periphery / North,1,1,124,4,402,0.3085,33.005504,35.097344,North,Periphery
15483,הכוהנים/התאנה,68,Periphery / Center,1,1,124,3,394,0.3147,31.792575,34.761025,Center,Periphery
47145,מחלף יפתחאל/יציאה לכביש 79,5,Periphery / North,1,1,124,7,736,0.1685,32.767526,35.224461,North,Haifa
28517,מחנה אריאל שרון/כביש 40,0,Beer Sheva / South,1,1,124,4,464,0.2672,31.056926,34.832597,South,Beer Sheva
23920,הקוממיות/נפחא,31,Tel Aviv / Center,1,1,124,3,1486,0.0834,32.005555,34.743966,Center,Tel Aviv
16107,הכוהנים/השקד,68,Periphery / Center,1,1,124,3,426,0.2911,31.791894,34.760919,Center,Periphery
3894,מרכז רפואי לין/רוטשילד,28,Haifa / North,1,2,123,9,6166,0.0199,32.825496,34.983761,North,Haifa
10166,חיל ההנדסה/שבטי ישראל,11,Jerusalem,1,1,123,4,2614,0.0471,31.786896,35.226832,Jerusalem,Jerusalem
10110,זקס/שמואל הנביא,41,Jerusalem,1,1,123,3,877,0.1403,31.789666,35.225832,Jerusalem,Jerusalem
37000,אזור תעשייה קלנסוואה,10,Tel Aviv / Center,1,2,123,3,246,0.5,32.304798,34.982391,Center,Periphery
4733,מסעף גניגר,4,Periphery / North,1,1,123,4,950,0.1295,32.661311,35.256857,North,Periphery
43973,צומת מגדל העמק לצפון,40,Periphery / North,1,1,123,2,246,0.5,32.662383,35.24814,North,Periphery
49386,צומת עלי למערב,39,Jerusalem,1,3,123,6,338,0.3639,32.062377,35.259755,Center,Periphery
1634,כביש 653/השדה,19,Periphery / North,1,1,122,3,538,0.2268,32.517918,34.934771,North,Periphery
16282,הרב עובדיה יוסף/יקותיאל אדם,17,Tel Aviv / Center,1,1,122,6,3582,0.0341,32.082103,34.904194,Center,Tel Aviv
25085,מבואות/דרך חטיבת אלכסנדרוני,60,Tel Aviv / Center,1,1,122,2,244,0.5,32.045583,34.866577,Center,Tel Aviv
13103,קניון עזריאלי/דרך מנחם בגין,24,Tel Aviv / Center,1,1,121,19,21396,0.0057,32.074592,34.790584,Center,Tel Aviv
1170,הנשיא וייצמן/הבנים,23,Periphery / Center,1,1,121,8,6916,0.0175,32.439335,34.920875,Center,Periphery
44892,מחלף אשדוד צפון למזרח,52,Tel Aviv / Center,1,2,121,3,242,0.5,31.850168,34.713159,Center,Tel Aviv
44893,מחלף אשדוד צפון למערב,52,Tel Aviv / Center,1,2,121,3,242,0.5,31.850584,34.711976,Center,Tel Aviv
27848,צומת תפרח מערב,0,Beer Sheva / South,1,1,121,4,1374,0.0881,31.331709,34.665958,South,Beer Sheva
1555,צומת שער מנשה,23,Periphery / Center,1,1,121,3,428,0.2827,32.451891,35.015664,Center,Periphery
49653,מסוף רעננה/הפנינה,14,Tel Aviv / Center,1,3,120,5,1021,0.1175,32.1754,34.889928,Center,Tel Aviv
23908,הקוממיות/הנביאים,31,Tel Aviv / Center,1,1,120,5,6752,0.0178,32.006855,34.741449,Center,Tel Aviv
27904,צומת קוממיות,6,Periphery / Center,1,1,120,9,1492,0.0804,31.652526,34.764372,Center,Periphery
3917,דרך חיפה,57,Haifa / North,1,1,120,3,3034,0.0396,32.805684,35.074309,North,Haifa
19078,כיכר ריינה/כביש 79,8,Periphery / North,1,1,120,3,240,0.5,32.729368,35.322825,North,Periphery
20958,מחלף אל-משארף,5,Periphery / North,1,1,120,4,560,0.2143,32.727838,35.284564,North,Periphery
50804,צומת יער חדרה/למזרח,56,Periphery / Center,1,2,120,4,240,0.5,32.409394,34.904601,Center,Periphery
26704,צומת רמת בקע,0,Beer Sheva / South,1,1,119,3,858,0.1387,31.099436,34.826932,South,Beer Sheva
23261,יד הבנים/זרובבל,17,Tel Aviv / Center,1,1,119,3,804,0.148,32.074781,34.884844,Center,Tel Aviv
3164,המרגנית/צה''ל,34,Haifa / North,1,2,118,5,944,0.125,32.77295,35.030253,North,Haifa
12829,דרך השלום/דרך יצחק רבין,25,Tel Aviv / Center,1,1,118,6,4854,0.0243,32.065604,34.802729,Center,Tel Aviv
4658,בית ספר מאיר/שדרות בגין,54,Periphery / Center,1,2,118,6,1396,0.0845,32.493259,35.50387,Center,Periphery
27847,גילת/סלעית,0,Beer Sheva / South,1,1,118,3,940,0.1255,31.33289,34.660987,South,Beer Sheva
16296,מסעף משמר דוד,26,Tel Aviv / Center,1,2,118,4,236,0.5,31.814979,34.897289,Center,Periphery
49251,מסוף הרכבת/הורדה,21,Periphery / Jerusalem,1,1,118,5,2563,0.046,31.757507,34.988366,Jerusalem,Periphery
13725,ארלוזורוב/דרך נמיר,24,Tel Aviv / Center,1,1,117,8,2940,0.0398,32.082984,34.792922,Center,Tel Aviv
13921,דרך אבא הלל/ביאליק,37,Tel Aviv / Center,1,1,117,3,2592,0.0451,32.08826,34.807448,Center,Tel Aviv
1169,הנשיא וייצמן/הבנים,23,Periphery / Center,1,1,117,5,6776,0.0173,32.439472,34.921058,Center,Periphery
48918,ת.רכבת תל אביב - סבידור/רציפים C,37,Tel Aviv / Center,1,1,117,2,511,0.229,32.08255,34.795844,Center,Tel Aviv
14538,דרך בגין/התע''ש,37,Tel Aviv / Center,1,1,116,2,232,0.5,32.087355,34.801009,Center,Tel Aviv
23101,צומת מבוא מודיעים,36,Tel Aviv / Center,1,1,116,5,2154,0.0539,31.936716,34.988061,Center,Tel Aviv
22343,כצנלסון/קפלן אליעזר,12,Tel Aviv / Center,1,1,116,4,600,0.1933,31.967458,34.79487,Center,Tel Aviv
17566,מסעף קיבוץ אפק,27,Haifa / North,1,1,116,5,744,0.1559,32.838883,35.11766,North,Haifa
42094,צומת בחן,3,Tel Aviv / Center,1,2,115,4,230,0.5,32.351772,35.013945,Center,Periphery
19722,מסעף נחל נעמן,27,Haifa / North,1,1,115,4,1024,0.1123,32.87314,35.096432,North,Haifa
1559,צומת נרבתה,23,Periphery / Center,1,1,115,4,408,0.2819,32.451337,35.01852,Center,Periphery
6574,צומת בית עלמין,2,Periphery / North,1,2,115,3,230,0.5,33.00316,35.144468,North,Periphery
15722,רוטשילד/פיארברג,17,Tel Aviv / Center,1,1,114,7,3144,0.0363,32.077219,34.885077,Center,Tel Aviv
50575,מסוף רעננה/היהלום,10,Tel Aviv / Center,1,1,113,3,234,0.4829,32.175064,34.890098,Center,Tel Aviv
42489,רכבת רעננה דרום/איסוף,14,Tel Aviv / Center,1,1,113,2,226,0.5,32.173295,34.887474,Center,Tel Aviv
27884,צומת קיבוץ ארז,22,Periphery / Center,1,3,113,5,460,0.2457,31.555719,34.580963,Center,Periphery
3208,המרגנית/צה''ל,34,Haifa / North,1,2,112,5,912,0.1228,32.77306,35.030293,North,Haifa
13740,ספורטק/שד' רוקח,50,Tel Aviv / Center,1,1,112,9,3342,0.0335,32.09861,34.78494,Center,Tel Aviv
13237,מתחם מידטאון/דרך מנחם בגין,37,Tel Aviv / Center,1,1,112,4,4218,0.0266,32.079711,34.795103,Center,Tel Aviv
34073,חוף ראשון לציון,12,Tel Aviv / Center,1,1,112,6,828,0.1353,31.996452,34.733902,Center,Tel Aviv
18911,צומת רמת ישי מערב,34,Haifa / North,1,2,112,6,2254,0.0497,32.706599,35.161858,North,Haifa
41662,כביש 38/כביש 3855,15,Jerusalem,1,1,112,12,2648,0.0423,31.76127,34.989123,Jerusalem,Periphery
26774,צומת כסייפה,53,Periphery / South,1,1,111,3,350,0.3171,31.256172,35.069376,South,Periphery
13599,אבן גבירול/מאנה,24,Tel Aviv / Center,1,1,110,5,662,0.1662,32.078178,34.781166,Center,Tel Aviv
10455,ברעם/האומן,11,Jerusalem,1,3,110,8,2035,0.0541,31.745527,35.214098,Jerusalem,Jerusalem
25267,צומת סירקין/הרב עובדיה יוסף,17,Tel Aviv / Center,1,1,110,5,3470,0.0317,32.08276,34.903069,Center,Tel Aviv
89,וייצמן/החרש,12,Tel Aviv / Center,1,1,110,4,1498,0.0734,31.923041,34.798033,Center,Tel Aviv
47985,שדרות שמעון פרס/חרמון,60,Tel Aviv / Center,1,1,110,2,220,0.5,32.038777,34.860297,Center,Tel Aviv
26641,קיבוץ משאבי שדה,0,Beer Sheva / South,1,1,110,5,444,0.2477,31.003904,34.787362,South,Periphery
22284,בית סוהר השרון/מחלף הדרים,3,Tel Aviv / Center,1,2,110,5,1548,0.0711,32.235422,34.885989,Center,Tel Aviv
10754,ת. מרכזית ירושלים/יפו,15,Jerusalem,1,1,109,11,4283,0.0254,31.788603,35.202593,Jerusalem,Jerusalem
13096,מוזאון ארץ ישראל/חיים לבנון,50,Tel Aviv / Center,1,1,108,4,2522,0.0428,32.10372,34.797126,Center,Tel Aviv
35312,בית ספר ראנד/איכסאל,40,Periphery / North,1,1,107,3,480,0.2229,32.675334,35.314042,North,Periphery
21458,מסעף כרמי יוסף,15,Jerusalem,1,2,107,4,214,0.5,31.839505,34.90817,Center,Tel Aviv
5234,מחנה פילון,1,Periphery / North,1,1,107,3,268,0.3993,32.955007,35.545651,North,Periphery
39232,כביש 22/דרך חיפה,32,Haifa / North,1,1,106,2,212,0.5,32.808258,35.071222,North,Haifa
25208,א.ד. גורדון/עמיצור אברהם,17,Tel Aviv / Center,1,1,106,5,898,0.118,32.088524,34.898788,Center,Tel Aviv
6575,צומת בית עלמין,2,Periphery / North,1,2,106,3,212,0.5,33.002206,35.143995,North,Periphery
60,וייצמן/מרבד הקסמים,6,Periphery / Center,1,1,106,3,588,0.1803,31.816579,34.779753,Center,Tel Aviv
47896,ת. מרכזית המפרץ/רציפים בינעירוני,27,Haifa / North,1,2,106,3,249,0.4257,32.793242,35.034178,North,Haifa
42303,מחלף השומרוני הטוב,42,Jerusalem / Center,1,1,106,3,270,0.3926,31.815412,35.363597,Center,Jerusalem
36814,מעלה אריאל,69,Jerusalem,1,1,106,3,319,0.3323,31.816018,35.392877,Center,Jerusalem
11430,קרקשיאן א,66,Jerusalem,1,1,106,2,212,0.5,31.807979,35.233983,Jerusalem,Jerusalem
4762,צומת מחנה גדעון,4,Periphery / North,1,4,106,5,212,0.5,32.513769,35.494326,North,Periphery
11414,ת. רק''ל א סהל/אבראג' אל קדס,42,Jerusalem / Center,1,1,106,4,672,0.1577,31.811174,35.232582,Jerusalem,Jerusalem
11416,דרך שועפאט/אל אסמאעי,66,Jerusalem,1,1,106,2,212,0.5,31.813259,35.230854,Jerusalem,Jerusalem
43242,חיים יסקי/ צ'רצ'יל,41,Jerusalem,1,2,105,4,2762,0.038,31.798808,35.238384,Jerusalem,Jerusalem
13208,רדינג/ברודצקי,50,Tel Aviv / Center,1,1,105,4,3766,0.0279,32.104603,34.794623,Center,Tel Aviv
44026,מחלף אשקלון צפון/למערב,20,Periphery / Center,1,3,105,7,322,0.3261,31.704513,34.619979,Center,Periphery
18810,צומת טמרה,27,Haifa / North,1,3,105,6,352,0.2983,32.859498,35.169523,North,Haifa
42399,מסוף בית שאן/שדרות מנחם בגין,16,Periphery / North,1,1,105,2,210,0.5,32.49816,35.505008,Center,Periphery
16022,ת. רכבת יבנה מזרח/העצמאות,52,Tel Aviv / Center,1,2,104,7,552,0.1884,31.86195,34.742601,Center,Tel Aviv
14549,מתחם שרונה/אליעזר קפלן,24,Tel Aviv / Center,1,1,104,10,5780,0.018,32.073491,34.787018,Center,Tel Aviv
24659,סמינר הקיבוצים/ש''י עגנון,50,Tel Aviv / Center,1,1,104,5,2246,0.0463,32.103067,34.792115,Center,Tel Aviv
13990,הדר יוסף/בני אפרים,50,Tel Aviv / Center,1,1,104,3,1346,0.0773,32.110376,34.817416,Center,Tel Aviv
13992,מכללת אפקה/בני אפרים,37,Tel Aviv / Center,1,1,104,5,1558,0.0668,32.112324,34.816536,Center,Tel Aviv
29404,דרך תל אביב/פישמן,50,Tel Aviv / Center,1,1,104,4,490,0.2122,32.172788,34.815224,Center,Tel Aviv
47987,שדרות שמעון פרס/חרמון,60,Tel Aviv / Center,1,1,104,2,208,0.5,32.040178,34.859929,Center,Tel Aviv
7663,צומת כפר אדומים,69,Jerusalem,1,2,104,5,910,0.1143,31.814308,35.34857,Center,Jerusalem
5624,מחנה פילון,1,Periphery / North,1,1,104,5,262,0.3969,32.954845,35.546121,North,Periphery
37051,ת.מרכזית תל אביב קומה 7/רציפים,24,Tel Aviv / Center,1,1,104,3,411,0.253,32.054886,34.780031,Center,Tel Aviv
38535,מעלה אבשלום/הצבעוני,59,Haifa / North,1,1,104,2,208,0.5,32.691604,35.111095,North,Haifa
14006,אשכנזי/פנחס רוזן,37,Tel Aviv / Center,1,1,104,2,208,0.5,32.109364,34.827197,Center,Tel Aviv
11208,צומת חמד,15,Jerusalem,1,1,103,6,922,0.1117,31.800399,35.124366,Jerusalem,Jerusalem
18248,ספוריה/בלאל,8,Periphery / North,1,1,103,4,466,0.221,32.721373,35.291534,North,Periphery
49803,מסוף רעננה/הפנינה,14,Tel Aviv / Center,1,1,103,3,217,0.4747,32.1754,34.889928,Center,Tel Aviv
34147,אנגל/לאה ודוד לונברג,10,Tel Aviv / Center,1,1,103,3,1060,0.0972,32.195232,34.893755,Center,Tel Aviv
11219,קריית ענבים מרכז,72,Jerusalem,1,1,103,2,206,0.5,31.810925,35.120538,Jerusalem,Jerusalem
21320,צומת חב''ד,7,Tel Aviv / Center,1,2,102,12,2242,0.0455,31.978425,34.836919,Center,Tel Aviv
51864,צומת דשנים לצפון ,57,Haifa / North,1,1,102,2,204,0.5,32.786227,35.077265,North,Haifa
5166,צומת איכסאל/כניסה מערבית,40,Periphery / North,1,1,102,3,504,0.2024,32.676108,35.291199,North,Periphery
13751,שד' רוקח/דרך נמיר,50,Tel Aviv / Center,1,1,101,5,3212,0.0314,32.100026,34.794904,Center,Tel Aviv
13991,בני אפרים/הדר יוסף,50,Tel Aviv / Center,1,1,101,4,1620,0.0623,32.111508,34.816744,Center,Tel Aviv
13993,הדר יוסף/קהילת ורשה,37,Tel Aviv / Center,1,1,101,3,1338,0.0755,32.109673,34.818831,Center,Tel Aviv
21737,כפר הנוער בן שמן/443,45,Tel Aviv / Center,1,1,101,3,578,0.1747,31.958483,34.922692,Center,Tel Aviv
21736,צומת גינתון,45,Tel Aviv / Center,1,1,101,2,202,0.5,31.95648,34.90595,Center,Tel Aviv
20695,מחנה פילון/גשר אברהם חידו,1,Periphery / North,1,2,101,9,1692,0.0597,32.954917,35.542354,North,Periphery
25099,מוהליבר/נורדאו,60,Tel Aviv / Center,1,1,101,4,494,0.2045,32.028988,34.897206,Center,Tel Aviv
21061,ביג פאשן/עיריית נצרת,8,Periphery / North,1,1,101,6,1958,0.0516,32.695857,35.299744,North,Periphery
4712,אזור תעשיה/71,54,Periphery / Center,1,2,101,6,1236,0.0817,32.512778,35.495387,North,Periphery
16195,ז'בוטינסקי/הסיבים,17,Tel Aviv / Center,1,2,100,11,8554,0.0117,32.092536,34.856645,Center,Tel Aviv
44681,חונים נוסעים ראשון לציון/דרך ההצלחה,12,Tel Aviv / Center,1,1,100,4,1890,0.0529,31.972627,34.751512,Center,Tel Aviv
14822,צומת פרדסיה,3,Tel Aviv / Center,1,2,100,5,1526,0.0655,32.304107,34.900468,Center,Tel Aviv
10688,אפרסמון/המור,9,Jerusalem,1,1,100,3,1328,0.0753,31.733001,35.200381,Jerusalem,Jerusalem
44680,חונים נוסעים ראשון לציון/יוסף טומי לפיד,12,Tel Aviv / Center,1,1,100,3,892,0.1121,31.973013,34.752568,Center,Tel Aviv
2093,חניתה/טרומפלדור,32,Haifa / North,1,1,99,11,3848,0.0257,32.786016,35.017577,North,Haifa
19933,צומת כורסי,1,Periphery / North,1,3,99,5,226,0.4381,32.826966,35.650105,North,Periphery
15995,צומת חורשים,35,Tel Aviv / Center,1,3,99,7,390,0.2538,32.144897,34.945462,Center,Tel Aviv
10099,גרוסברג,15,Jerusalem,1,1,99,3,592,0.1672,31.79564,35.215411,Jerusalem,Jerusalem
48655,השרף/לבונה,14,Tel Aviv / Center,1,1,99,2,198,0.5,32.139205,34.82878,Center,Tel Aviv
13215,ג. שמואל/ גשר הולכי רגל,37,Tel Aviv / Center,1,1,98,4,3604,0.0272,32.082661,34.845048,Center,Tel Aviv
14605,צומת יקום,50,Tel Aviv / Center,1,1,98,7,1652,0.0593,32.248956,34.835342,Center,Tel Aviv
10727,ברעם/האומן,11,Jerusalem,1,2,97,7,2102,0.0461,31.745159,35.213941,Jerusalem,Jerusalem
18294,נחל צבעון,2,Periphery / North,1,1,97,2,194,0.5,33.020271,35.414539,North,Periphery
18320,מסעף ג'יש מרכז,48,Periphery / North,1,1,97,3,264,0.3674,33.020548,35.446327,North,Periphery
21797,ת. רכבת באר יעקב/דרך החיים,7,Tel Aviv / Center,1,1,97,4,974,0.0996,31.933208,34.8295,Center,Tel Aviv
39262,דרך מנחם בגין/40,26,Tel Aviv / Center,1,1,96,4,320,0.3,31.889783,34.835696,Center,Tel Aviv
1166,צומת פל ים,19,Periphery / North,1,2,96,5,276,0.3478,32.48007,34.920973,Center,Periphery
10144,גב.המטוס,71,Jerusalem,1,1,96,2,192,0.5,31.740332,35.2115,Jerusalem,Jerusalem
49252,מסוף הרכבת/איסוף,21,Periphery / Jerusalem,1,1,96,4,991,0.0969,31.757548,34.987197,Jerusalem,Periphery
41664,מסעף צרעה,15,Jerusalem,1,1,96,7,2062,0.0466,31.756541,34.983461,Jerusalem,Periphery
11217,מסעף בית נקופה,72,Jerusalem,1,1,95,2,190,0.5,31.802234,35.123351,Jerusalem,Jerusalem
11334,צומת חזמה/דרך בית חנינה,66,Jerusalem,1,1,95,5,934,0.1017,31.829507,35.228628,Jerusalem,Jerusalem
41453,הדגן/הזורעים,9,Jerusalem,1,1,94,4,390,0.241,31.681794,35.169435,Center,Jerusalem
17042,רכבת העמק/מנחם בגין,34,Haifa / North,1,4,94,7,208,0.4519,32.712675,35.104074,North,Haifa
14197,דבורה הנביאה/צה''ל,37,Tel Aviv / Center,1,1,93,6,2264,0.0411,32.118723,34.836676,Center,Tel Aviv
14204,צה''ל/יהונתן,14,Tel Aviv / Center,1,1,93,2,186,0.5,32.12135,34.834863,Center,Tel Aviv
8399,תחנת דלק/כוכב יעקב,39,Jerusalem,1,2,93,13,2732,0.034,31.872953,35.260453,Jerusalem,Jerusalem
47098,כביש 60/הרוזמרין,9,Jerusalem,1,1,93,3,942,0.0987,31.732511,35.203213,Jerusalem,Jerusalem
35326,גורדון/הרצל,26,Tel Aviv / Center,1,1,93,5,429,0.2168,31.90152,34.809911,Center,Tel Aviv
18953,מחנה אליפלט,1,Periphery / North,1,2,93,8,1564,0.0595,32.952478,35.541091,North,Periphery
37733,לוחמי הגטאות/בר כוכבא,42,Jerusalem / Center,1,1,93,4,366,0.2541,31.800809,35.240515,Jerusalem,Jerusalem
10131,האדמורים ליינער,41,Jerusalem,1,1,92,8,3226,0.0285,31.798761,35.218142,Jerusalem,Jerusalem
268,השלום\הגביש,55,Tel Aviv / Center,1,2,92,3,184,0.5,32.286298,34.863673,Center,Tel Aviv
27699,בטחה/גילת,0,Beer Sheva / South,1,1,92,5,1170,0.0786,31.332705,34.642177,South,Beer Sheva
37116,כביש 553/דרך רבין,55,Tel Aviv / Center,1,1,91,4,738,0.1233,32.255144,34.880547,Center,Tel Aviv
42890,כביש 742/מחלף שפרעם,33,Haifa / North,1,1,91,4,728,0.125,32.79557,35.168102,North,Haifa
14800,צומת הדסים,3,Tel Aviv / Center,1,3,91,8,1672,0.0544,32.284931,34.897111,Center,Tel Aviv
19862,יציאה מזרחית,33,Haifa / North,1,1,91,3,466,0.1953,32.829323,35.181191,North,Haifa
37631,שפרעם/אלחרובה,33,Haifa / North,1,1,91,6,910,0.1,32.794185,35.169646,North,Haifa
3731,העירייה,28,Haifa / North,1,1,90,13,10066,0.0089,32.812464,34.997602,North,Haifa
2028,הגפן/הפרסים,28,Haifa / North,1,1,90,8,3750,0.024,32.81685,34.990107,North,Haifa
3253,הגיבורים/גוש עציון,28,Haifa / North,1,1,90,3,678,0.1327,32.802716,35.007088,North,Haifa
42794,נחל גיבורים/חטיבת גולני,28,Haifa / North,1,3,90,6,287,0.3136,32.804297,35.009136,North,Haifa
24694,מחלף נשרים,15,Jerusalem,1,1,90,2,180,0.5,31.901107,34.887419,Center,Tel Aviv
15219,צומת יקום,24,Tel Aviv / Center,1,1,90,7,1648,0.0546,32.248309,34.834738,Center,Tel Aviv
18077,כיסרא סומיע/יציאה,2,Periphery / North,1,2,90,5,244,0.3689,32.963851,35.292041,North,Periphery
2048,חסן שוקרי/הנביאים,46,Haifa / North,1,1,90,2,180,0.5,32.814351,34.997786,North,Haifa
37734,לוחמי הגטאות/בר כוכבא,42,Jerusalem / Center,1,1,89,4,358,0.2486,31.800798,35.240211,Jerusalem,Jerusalem
12985,דרך בר לב/שד' ששת הימים,24,Tel Aviv / Center,1,1,89,6,4984,0.0179,32.045144,34.808098,Center,Tel Aviv
12905,דרך הטייסים/דרך חיים בר לב,25,Tel Aviv / Center,1,1,89,4,1246,0.0714,32.045478,34.813616,Center,Tel Aviv
22966,מסוף קרית שרת/שדרות ירושלים,51,Tel Aviv / Center,1,1,89,8,3516,0.0253,32.003314,34.80185,Center,Tel Aviv
15831,מחלף מסובים   לכיוון מזרח,24,Tel Aviv / Center,1,3,89,7,1546,0.0576,32.037455,34.832327,Center,Tel Aviv
13439,גשר קיבוץ גלויות,24,Tel Aviv / Center,1,1,89,4,2076,0.0429,32.046892,34.785506,Center,Tel Aviv
16657,בית החולים תל השומר/מיון,25,Tel Aviv / Center,1,1,89,3,661,0.1346,32.045644,34.841014,Center,Tel Aviv
24784,יוספטל/אלי כהן,31,Tel Aviv / Center,1,1,89,8,3064,0.029,32.015292,34.760457,Center,Tel Aviv
22379,מסעף משמר דוד,26,Tel Aviv / Center,1,1,89,4,218,0.4083,31.815484,34.896825,Center,Periphery
38698,דרך ענתות,42,Jerusalem / Center,1,1,89,2,189,0.4709,31.816129,35.267794,Jerusalem,Jerusalem
48851,ארהון קציר/דרך הרב הזיתים,42,Jerusalem / Center,1,1,89,2,178,0.5,31.795519,35.235164,Jerusalem,Jerusalem
38721,דרך ענתות,15,Jerusalem,1,1,89,2,178,0.5,31.816036,35.267853,Jerusalem,Jerusalem
2394,מחלף העמקים/ג'למה,34,Haifa / North,1,1,88,6,2488,0.0354,32.723751,35.099955,North,Haifa
2478,דרך עכו חיפה/ציפורן,27,Haifa / North,1,1,88,6,2724,0.0323,32.850522,35.093666,North,Haifa
27864,צומת הגדי לדרום,13,Periphery / South,1,2,88,9,1070,0.0822,31.415189,34.607634,South,Periphery
874,שד' מנחם בגין/טשרניחובסקי,14,Tel Aviv / Center,1,5,88,7,172,0.5116,32.187232,34.9034,Center,Tel Aviv
797,פארק תעשיות,55,Tel Aviv / Center,1,2,88,4,188,0.4681,32.285706,34.872521,Center,Tel Aviv
48020,ת. מרכזית המפרץ/רציפים עירוני,28,Haifa / North,1,1,87,2,568,0.1532,32.792678,35.034779,North,Haifa
15711,מסעף רמת פנקס,25,Tel Aviv / Center,1,3,87,5,1810,0.0481,32.036879,34.839897,Center,Tel Aviv
10632,גרשון שקד/בצלאל בזק,15,Jerusalem,1,1,87,2,174,0.5,31.766487,35.197405,Jerusalem,Jerusalem
27701,צומת אופקים,47,Beer Sheva / South,1,1,87,4,964,0.0902,31.322849,34.620186,South,Beer Sheva
27876,צומת יד מרדכי,13,Periphery / South,1,3,87,9,776,0.1121,31.588885,34.563847,Center,Periphery
18309,מסעף ספסופה,48,Periphery / North,1,1,87,4,238,0.3655,33.011787,35.442738,North,Periphery
18319,מסעף ג'יש מרכז,2,Periphery / North,1,1,87,2,174,0.5,33.021492,35.445511,North,Periphery
23660,שדרות ירושלים/מפרץ שלמה,51,Tel Aviv / Center,1,1,86,7,2515,0.0342,32.005196,34.799558,Center,Tel Aviv
50491,מכון וינגייט,50,Tel Aviv / Center,1,1,86,5,2774,0.031,32.253013,34.836028,Center,Tel Aviv
21301,צומת בית רימון,5,Periphery / North,1,1,86,4,1492,0.0576,32.762429,35.343493,North,Periphery
50259,סוקולוב/שמיר,10,Tel Aviv / Center,1,1,86,5,1300,0.0662,32.168751,34.901186,Center,Tel Aviv
42488,רכבת רעננה דרום/איסוף,14,Tel Aviv / Center,1,1,86,2,490,0.1755,32.173295,34.887474,Center,Tel Aviv
7780,צומת אדומים/צומת מחנה ישי,42,Jerusalem / Center,1,2,86,7,924,0.0931,31.799656,35.312629,Center,Jerusalem
4360,קניון נוף גולן,16,Periphery / North,1,4,86,5,172,0.5,32.801428,35.688654,North,Periphery
51872,צומת דשנים לדרום,57,Haifa / North,1,1,86,2,172,0.5,32.784891,35.07703,North,Haifa
21222,כפר כנא א'/מעון,8,Periphery / North,1,2,86,3,172,0.5,32.761051,35.345878,North,Periphery
1495,צומת כרכור,23,Periphery / Center,1,3,85,9,2942,0.0289,32.46454,34.993136,Center,Periphery
23788,עין חי/המייסדים,10,Tel Aviv / Center,1,1,85,4,570,0.1491,32.168135,34.893876,Center,Tel Aviv
23975,אלי כהן/יוספטל,31,Tel Aviv / Center,1,1,84,4,3794,0.0221,32.014335,34.758943,Center,Tel Aviv
13802,כיכר הרב פרדס/שלם,25,Tel Aviv / Center,1,1,84,4,2710,0.031,32.049928,34.815069,Center,Tel Aviv
43513,דרך יצחק שמיר/פרופ. משה אדד,23,Periphery / Center,1,1,84,7,798,0.1053,32.441543,34.897773,Center,Periphery
11871,שלמה מומו הלוי,41,Jerusalem,1,1,84,4,352,0.2386,31.801894,35.208165,Jerusalem,Jerusalem
50186,כביש 25/מדבריום,0,Beer Sheva / South,1,1,84,4,626,0.1342,31.264262,34.746768,South,Beer Sheva
43514,דרך יצחק שמיר/פרופ. משה אדד,23,Periphery / Center,1,1,84,4,804,0.1045,32.442515,34.896383,Center,Periphery
17914,לפידות מרכז,2,Periphery / North,1,3,84,5,168,0.5,32.958851,35.262788,North,Periphery
5167,מחלף איכסאל,4,Periphery / North,1,2,84,5,762,0.1102,32.675116,35.29169,North,Periphery
25701,צומת אשקלון/שדרות מנחם בגין לדרום,22,Periphery / Center,1,1,84,4,586,0.1433,31.679622,34.609694,Center,Periphery
48421,צומת אבא הילל סילבר/למזרח,6,Periphery / Center,1,1,84,2,168,0.5,31.676073,34.610484,Center,Periphery
50461,דרך משה כחלון/נחל עבדת,47,Beer Sheva / South,1,1,84,2,168,0.5,31.314637,34.649812,South,Beer Sheva
44135,שדרות בן גוריון/שדרות אהרון קציר,25,Tel Aviv / Center,1,1,82,6,2062,0.0398,32.061543,34.847066,Center,Tel Aviv
17200,יעקב דורי/משאש,32,Haifa / North,1,1,82,6,2694,0.0304,32.790413,35.024652,North,Haifa
50185,כביש 25/מדבריום,0,Beer Sheva / South,1,1,82,5,730,0.1123,31.263478,34.747607,South,Beer Sheva
38374,פינס/קק''ל,6,Periphery / Center,1,1,82,3,252,0.3254,31.81241,34.777446,Center,Periphery
18128,מסעף בוקיעה אל ג'רביה,18,Periphery / North,1,3,82,6,164,0.5,32.994668,35.308297,North,Periphery
41175,מעבר יתיר/מצודה יהודה,70,Periphery / South,1,1,82,4,358,0.2291,31.370276,35.113173,South,Periphery
39312,מצפה עשהאל,0,Beer Sheva / South,1,1,82,3,214,0.3832,31.374542,35.044551,South,Periphery
23686,כביש 444/המרץ,35,Tel Aviv / Center,1,4,82,9,964,0.0851,32.106909,34.936428,Center,Tel Aviv
50454,דרך משה כחלון/נחל עבדת,47,Beer Sheva / South,1,1,82,2,164,0.5,31.314229,34.651525,South,Beer Sheva
44147,מרכז מסחרי/הרכבת,22,Periphery / Center,1,1,81,5,436,0.1858,31.676657,34.606399,Center,Periphery
42232,דרך מנהרת הר הצופים/מרטין בובר,11,Jerusalem,1,1,81,2,162,0.5,31.789352,35.245938,Jerusalem,Jerusalem
41975,דרך מנהרת הר הצופים/מרטין בובר,11,Jerusalem,1,1,81,2,162,0.5,31.789427,35.246539,Jerusalem,Jerusalem
21696,צומת ראם מסמיה,6,Periphery / Center,1,2,79,13,1162,0.068,31.760211,34.785633,Center,Periphery
1271,מלל/יערי,32,Haifa / North,1,2,79,9,3516,0.0225,32.779589,35.014026,North,Haifa
50612,מנחם בגין/ז'בוטינסקי,14,Tel Aviv / Center,1,1,79,3,390,0.2026,32.178188,34.830924,Center,Tel Aviv
18098,מסעף חוסן,18,Periphery / North,1,2,79,4,158,0.5,32.999794,35.299675,North,Periphery
41031,רבדים/יציאה,6,Periphery / Center,1,2,79,3,158,0.5,31.772351,34.812978,Center,Periphery
10321,קרית הממשלה/לורך,15,Jerusalem,1,1,78,6,1976,0.0395,31.783663,35.199886,Jerusalem,Jerusalem
14315,קניון איילון,37,Tel Aviv / Center,1,1,78,6,729,0.107,32.098936,34.825574,Center,Tel Aviv
40543,כביש 6353 מערב/דרך ארץ,23,Periphery / Center,1,2,78,6,1310,0.0595,32.472157,35.040088,Center,Periphery
40814,צומת יהוד מערב/כביש 461,7,Tel Aviv / Center,1,3,78,4,156,0.5,32.026164,34.882146,Center,Tel Aviv
37113,מחלף דרור,55,Tel Aviv / Center,1,1,78,4,556,0.1403,32.254988,34.889669,Center,Tel Aviv
16024,מושב בן זכאי,6,Periphery / Center,1,2,78,5,208,0.375,31.849891,34.728563,Center,Tel Aviv
22567,צומת זמר,56,Periphery / Center,1,2,78,5,477,0.1635,32.359923,35.029394,Center,Periphery
16640,שד. שלמה המלך/אצ''ל,35,Tel Aviv / Center,1,2,78,5,860,0.0907,32.093812,34.941685,Center,Tel Aviv
35685,כביש 3855/הרצוג,21,Periphery / Jerusalem,1,1,78,6,1632,0.0478,31.738261,35.002991,Jerusalem,Periphery
28230,מחלף מיתר לב''ש,0,Beer Sheva / South,1,1,77,7,1590,0.0484,31.306942,34.900322,South,Beer Sheva
28560,מחלף מולדה,53,Periphery / South,1,1,77,4,586,0.1314,31.267328,34.972923,South,Beer Sheva
21459,צומת פתחיה,7,Tel Aviv / Center,1,1,77,3,214,0.3598,31.862744,34.894655,Center,Tel Aviv
4801,מסעף שדמות דבורה,4,Periphery / North,1,2,77,4,154,0.5,32.698602,35.430617,North,Periphery
19936,מסעף נאות גולן,1,Periphery / North,1,1,77,7,284,0.2711,32.789061,35.69609,North,Periphery
16000,כביש 444/צומת חגור לצפון,35,Tel Aviv / Center,1,2,77,6,326,0.2362,32.137827,34.941159,Center,Tel Aviv
35009,מחנה כרמי צור,9,Jerusalem,1,1,77,4,306,0.2516,31.602292,35.105974,Center,Periphery
50485,מכון וינגייט/כביש 2 לדרום,24,Tel Aviv / Center,1,1,76,7,3472,0.0219,32.261481,34.838143,Center,Tel Aviv
601,צומת נווה איתמר,3,Tel Aviv / Center,1,1,76,11,4662,0.0163,32.324396,34.874173,Center,Tel Aviv
1165,צומת פל ים,23,Periphery / Center,1,2,76,5,1264,0.0601,32.481227,34.920404,Center,Periphery
44392,צומת קריית חינוך,42,Jerusalem / Center,1,1,76,2,152,0.5,31.81918,35.346964,Center,Jerusalem
16241,מרכז מסחרי/חשמונאים,68,Periphery / Center,1,1,76,2,230,0.3304,31.783394,34.691981,Center,Periphery
48638,קמפוס ספרא/המכון למדעי החיים,15,Jerusalem,1,1,75,3,2344,0.032,31.772471,35.196052,Jerusalem,Jerusalem
15224,מכון וינגייט/כביש 2 לצפון,50,Tel Aviv / Center,1,1,75,7,3444,0.0218,32.262298,34.83878,Center,Tel Aviv
14751,צומת נווה איתמר,3,Tel Aviv / Center,1,1,75,12,2750,0.0273,32.324013,34.875854,Center,Tel Aviv
46232,בצלאל בזק/זלמן שניאור,11,Jerusalem,1,1,75,3,822,0.0912,31.766771,35.202873,Jerusalem,Jerusalem
18816,מסעף כאבול,27,Haifa / North,1,2,75,4,150,0.5,32.876329,35.17727,North,Haifa
7303,חוף לידו,30,Periphery / South,1,1,75,2,150,0.5,31.774576,35.505016,Center,Periphery
3185,משה דיין/יגאל ידין,27,Haifa / North,1,1,75,3,158,0.4747,32.803311,35.046089,North,Haifa
11932,צומת בת הדר,13,Periphery / South,1,1,75,4,608,0.1234,31.647126,34.594188,Center,Periphery
47893,ת. מרכזית המפרץ/רציפים עירוני,34,Haifa / North,1,1,75,2,555,0.1351,32.792678,35.034779,North,Haifa
3604,משה דיין/יגאל ידין,27,Haifa / North,1,1,75,2,150,0.5,32.8031,35.046043,North,Haifa
24434,כביש 55/דרך המוביל,10,Tel Aviv / Center,1,2,74,10,1012,0.0731,32.172529,34.930974,Center,Tel Aviv
13006,אוניברסיטת רייכמן/מנחם בגין,14,Tel Aviv / Center,1,1,74,6,444,0.1667,32.177459,34.838963,Center,Tel Aviv
38900,מנחם בגין/ז'בוטינסקי,24,Tel Aviv / Center,1,1,74,2,148,0.5,32.178544,34.829681,Center,Tel Aviv
50851,א.ת לב ישראל/כביש 444 לצפון,35,Tel Aviv / Center,1,1,74,4,1056,0.0701,32.111741,34.93756,Center,Tel Aviv
8734,חניון הלאום,15,Jerusalem,1,2,73,9,2527,0.0289,31.783061,35.203237,Jerusalem,Jerusalem
49989,מקווה ישראל/יהושע חנקין,51,Tel Aviv / Center,1,1,73,4,2720,0.0268,32.028181,34.778906,Center,Tel Aviv
24986,שנקר/מקווה ישראל,31,Tel Aviv / Center,1,1,73,3,1922,0.038,32.027864,34.776868,Center,Tel Aviv
34090,ההסתדרות/שנקר,51,Tel Aviv / Center,1,1,73,6,2376,0.0307,32.017555,34.775052,Center,Tel Aviv
8988,צומת משה ברעם,9,Jerusalem,1,1,73,5,1142,0.0639,31.746548,35.210358,Jerusalem,Jerusalem
26547,צומת תאשור,13,Periphery / South,1,1,73,5,732,0.0997,31.357642,34.631726,South,Beer Sheva
4753,צומת כפר תבור,16,Periphery / North,1,2,73,4,146,0.5,32.690241,35.419785,North,Periphery
18687,צומת ראש פינה,1,Periphery / North,1,1,73,9,1532,0.0477,32.967464,35.550281,North,Periphery
39294,מסוף הנביאים/הנביאים,11,Jerusalem,1,1,73,5,376,0.1941,31.782857,35.228131,Jerusalem,Jerusalem
50534,מסוף אלוף שדה,37,Tel Aviv / Center,1,2,72,6,684,0.1053,32.054928,34.833997,Center,Tel Aviv
35917,עין איברהים/כניסה,64,Periphery / North,1,1,72,4,458,0.1572,32.534699,35.148213,North,Periphery
47863,ת. מרכזית המפרץ/רציפים בינעירוני,34,Haifa / North,1,1,72,3,287,0.2509,32.793242,35.034178,North,Haifa
41178,מעבר יתיר/מצודה יהודה,70,Periphery / South,1,1,72,3,350,0.2057,31.370335,35.113064,South,Periphery
34871,מצפה עשהאל,0,Beer Sheva / South,1,1,72,3,194,0.3711,31.373854,35.045816,South,Periphery
3201,מלל/קומוי,32,Haifa / North,1,2,71,8,2762,0.0257,32.779816,35.013969,North,Haifa
19342,צומת ח'לית שריף/טמרה,27,Haifa / North,1,3,71,4,142,0.5,32.866187,35.174343,North,Haifa
35918,עין איברהים/יציאה,64,Periphery / North,1,1,70,4,326,0.2147,32.534618,35.148166,North,Periphery
15440,חשמונאים/שלומציון,68,Periphery / Center,1,1,70,2,228,0.307,31.782618,34.690426,Center,Periphery
14834,צומת מטע,3,Tel Aviv / Center,1,1,70,4,1068,0.0655,32.401355,34.90326,Center,Periphery
8240,ספיר/משעול פטדה,39,Jerusalem,1,1,70,3,282,0.2482,32.077832,35.273014,Center,Periphery
15486,צומת בני עי''ש לצפון,6,Periphery / Center,1,1,69,8,1458,0.0473,31.794746,34.76868,Center,Periphery
16493,כביש 444/המרץ,35,Tel Aviv / Center,1,3,69,7,318,0.217,32.105149,34.936031,Center,Tel Aviv
42654,הגביש/המחשב,3,Tel Aviv / Center,1,1,69,4,3752,0.0184,32.288176,34.863572,Center,Tel Aviv
27643,צומת נהורה/כביש 352,13,Periphery / South,1,2,69,4,138,0.5,31.645265,34.699364,Center,Periphery
26897,צומת מחנה צור,43,Periphery / South,1,1,69,4,448,0.154,31.021571,34.879747,South,Periphery
9440,מוצא עילית/מעלה הארז,63,Jerusalem,1,1,69,3,268,0.2575,31.792656,35.16062,Jerusalem,Jerusalem
34668,צומת גיתי,38,Periphery / Center,1,1,68,6,208,0.3269,32.110046,35.139892,Center,Periphery
44852,מוריה/התירוש,36,Tel Aviv / Center,1,1,68,4,192,0.3542,31.931205,35.024063,Center,Tel Aviv
14788,צומת אבן יהודה,3,Tel Aviv / Center,1,1,68,3,1030,0.066,32.268669,34.893805,Center,Tel Aviv
36865,הצור/נופי הסלע,42,Jerusalem / Center,1,1,68,2,136,0.5,31.785982,35.312729,Center,Jerusalem
18365,צה''ל/לח''י,48,Periphery / North,1,4,68,12,1538,0.0442,32.964099,35.488561,North,Periphery
24319,אסתר המלכה/ד''ר וייסבורג,17,Tel Aviv / Center,1,1,68,3,891,0.0763,32.093566,34.904374,Center,Tel Aviv
3194,סביון/הערבה,34,Haifa / North,1,1,68,5,2262,0.0301,32.753883,35.105134,North,Haifa
50780,מוצא,15,Jerusalem,1,1,68,2,136,0.5,31.792569,35.166178,Jerusalem,Jerusalem
44420,צומת גלילות/בסיס צבאי,50,Tel Aviv / Center,1,2,68,6,418,0.1627,32.14308,34.818637,Center,Tel Aviv
4207,מחלף אזור תעשיה ציפורית,5,Periphery / North,1,1,68,3,692,0.0983,32.764446,35.3212,North,Periphery
13642,רמת ישראל/דרך משה דיין,25,Tel Aviv / Center,1,1,67,3,2832,0.0237,32.068221,34.79878,Center,Tel Aviv
27642,צומת עוצם,13,Periphery / South,1,2,67,4,134,0.5,31.634905,34.696521,Center,Periphery
38984,צומת ערערה בנגב לצפון,53,Periphery / South,1,2,66,4,132,0.5,31.165807,35.006671,South,Beer Sheva
20207,צומת זרזיר,5,Periphery / North,1,1,66,5,494,0.1336,32.734726,35.210763,North,Haifa
37804,קניון אושילנד/עתיר ידע,10,Tel Aviv / Center,1,2,66,6,852,0.0775,32.166035,34.928573,Center,Tel Aviv
21768,תל חדיד,45,Tel Aviv / Center,1,3,66,6,422,0.1564,31.964399,34.942443,Center,Tel Aviv
11928,אהרון קציר/שדרות צ'רצ'יל,42,Jerusalem / Center,1,1,65,4,2776,0.0234,31.79708,35.236623,Jerusalem,Jerusalem
27844,צומת תדהר,13,Periphery / South,1,1,65,5,716,0.0908,31.37649,34.617754,South,Beer Sheva
36290,ת.מרכזית תל אביב קומה 6/רציפים,31,Tel Aviv / Center,1,1,65,2,288,0.2257,32.055908,34.779085,Center,Tel Aviv
37191,מסעף ירכא/כישור,29,Haifa / North,1,2,65,3,130,0.5,32.949774,35.256197,North,Periphery
48395,דרך הנפת הדגל/כביש 423,26,Tel Aviv / Center,1,1,64,2,128,0.5,31.920932,34.812726,Center,Tel Aviv
24202,צומת גבעת שמואל,37,Tel Aviv / Center,1,1,64,6,1286,0.0498,32.075103,34.846397,Center,Tel Aviv
27499,שד. מלכי ישראל/שד. צה''ל,6,Periphery / Center,1,2,64,12,2724,0.0235,31.605519,34.75878,Center,Periphery
23208,צומת בני דרום,6,Periphery / Center,1,1,64,7,558,0.1147,31.821871,34.705391,Center,Periphery
24061,אילת/צאלים,31,Tel Aviv / Center,1,1,64,4,2952,0.0217,32.021319,34.76503,Center,Tel Aviv
16221,טובה ושמשון דרנגר/הסיבים,17,Tel Aviv / Center,1,1,64,7,1142,0.056,32.084129,34.85668,Center,Tel Aviv
39804,בני ראם יציאה/כיכר,15,Jerusalem,1,3,64,7,260,0.2462,31.773841,34.792355,Center,Periphery
19850,מטע זיתים,33,Haifa / North,1,1,64,5,248,0.2581,32.827501,35.18364,North,Haifa
38659,צומת יער חדרה,3,Tel Aviv / Center,1,2,64,6,1136,0.0563,32.40895,34.903447,Center,Periphery
24070,דב הוז/המעפילים,51,Tel Aviv / Center,1,1,64,3,1048,0.0611,32.023234,34.764536,Center,Tel Aviv
23705,בר לב/משה דיין,51,Tel Aviv / Center,1,1,63,4,1192,0.0529,32.001096,34.773368,Center,Tel Aviv
13800,מח''ל/מעפילי אגוז,24,Tel Aviv / Center,1,1,62,3,4234,0.0146,32.049377,34.812225,Center,Tel Aviv
13216,דרך הטייסים/ככר הרב פרדס,25,Tel Aviv / Center,1,1,62,6,1712,0.0362,32.050346,34.814011,Center,Tel Aviv
1758,צומת אום אל פחם,4,Periphery / North,1,1,62,12,1760,0.0352,32.533601,35.148165,North,Periphery
1365,צומת גרנות/גן שמואל,23,Periphery / Center,1,1,62,9,3686,0.0168,32.447577,34.955859,Center,Periphery
23972,תחנת דלק היובל/משה דיין,31,Tel Aviv / Center,1,1,62,6,4012,0.0155,32.001204,34.76328,Center,Tel Aviv
36135,מחלף גולני/מקדונלדס לצפון,16,Periphery / North,1,2,62,3,124,0.5,32.776346,35.407423,North,Periphery
16234,מסוף אילן רמון/דרך מנחם בגין,68,Periphery / Center,1,1,62,4,608,0.102,31.792919,34.702518,Center,Periphery
22454,בית חלקיה/כניסה,15,Jerusalem,1,1,62,3,402,0.1542,31.787989,34.818742,Center,Periphery
48401,משה דיין/חיים בר לב,51,Tel Aviv / Center,1,1,62,2,124,0.5,32.000715,34.772468,Center,Tel Aviv
6503,נתיב השיירה 2,29,Haifa / North,1,1,62,3,236,0.2627,32.998001,35.140718,North,Periphery
17035,נחל קדומים/ויצמן,34,Haifa / North,1,2,62,3,124,0.5,32.702597,35.105124,North,Haifa
11134,נס הרים,44,Jerusalem / Center,1,1,62,3,226,0.2743,31.74432,35.063043,Jerusalem,Jerusalem
25726,'כפר הרי''ף א,6,Periphery / Center,1,1,61,7,288,0.2118,31.746619,34.796202,Center,Periphery
42987,כביש 4/ביאליק,23,Periphery / Center,1,1,61,3,254,0.2402,32.434961,34.910094,Center,Periphery
11230,מזכירות,63,Jerusalem,1,1,61,2,126,0.4841,31.782549,35.162518,Jerusalem,Jerusalem
19833,מסעף פרוד,48,Periphery / North,1,2,61,5,542,0.1125,32.936754,35.427083,North,Periphery
38983,צומת ערערה בנגב לדרום,53,Periphery / South,1,3,61,4,120,0.5083,31.165014,35.005033,South,Beer Sheva
15998,צומת רכבת קסם,35,Tel Aviv / Center,1,1,61,7,436,0.1399,32.124664,34.937687,Center,Tel Aviv
13059,יגאל אלון/ערבי נחל,24,Tel Aviv / Center,1,1,60,6,2890,0.0208,32.078727,34.798278,Center,Tel Aviv
27498,שד. מלכי ישראל/שד. צה''ל,6,Periphery / Center,1,2,60,11,2732,0.022,31.605284,34.75908,Center,Periphery
2039,אבנר/ההגנה,46,Haifa / North,1,1,60,4,1152,0.0521,32.82898,34.978458,North,Haifa
37715,מסוף קרית אונו,25,Tel Aviv / Center,1,2,60,4,1069,0.0561,32.037421,34.866034,Center,Tel Aviv
19845,מסעף אזור תעשיה עכו דרום,29,Haifa / North,1,1,60,5,952,0.063,32.908258,35.08796,North,Haifa
10516,בית אורות/למפל,42,Jerusalem / Center,1,1,60,2,120,0.5,31.788462,35.245546,Jerusalem,Jerusalem
42223,משה ברונשטיין/הגומא,27,Haifa / North,1,1,60,2,120,0.5,32.904616,35.086299,North,Haifa
16930,צומת כרכור,19,Periphery / North,1,2,59,3,118,0.5,32.465582,34.993333,Center,Periphery
17003,מסעף מוסמוס,4,Periphery / North,1,1,59,5,774,0.0762,32.541388,35.155967,North,Periphery
27678,צומת שער הנגב,13,Periphery / South,1,1,59,5,378,0.1561,31.508377,34.585581,South,Periphery
18090,צומת חוסן,2,Periphery / North,1,1,59,4,164,0.3598,33.004674,35.296007,North,Periphery
18097,מסעף חוסן,2,Periphery / North,1,1,59,5,166,0.3554,33.000419,35.299217,North,Periphery
17254,מחלף אור עקיבא למערב,65,Periphery / North,1,1,59,4,130,0.4538,32.504703,34.91254,North,Periphery
48265,מסוף אלוף שדה,25,Tel Aviv / Center,1,2,58,5,1609,0.036,32.054928,34.833997,Center,Tel Aviv
13004,יצחק שדה/שונצינו,24,Tel Aviv / Center,1,2,58,11,2128,0.0273,32.065035,34.787877,Center,Tel Aviv
4000,צומת בת שלמה,24,Tel Aviv / Center,1,1,58,4,476,0.1218,32.598262,35.004124,North,Haifa
25691,צומת בית עזרא,20,Periphery / Center,1,1,58,6,538,0.1078,31.741015,34.645363,Center,Periphery
21908,צומת גן דרום/כביש 42,6,Periphery / Center,1,1,58,2,116,0.5,31.816496,34.699722,Center,Periphery
26912,צומת אשכולות,13,Periphery / South,1,1,58,2,116,0.5,31.723974,34.636261,Center,Periphery
43510,אלרויס/מגרש כדורגל,33,Haifa / North,1,1,58,3,394,0.1472,32.864385,35.183062,North,Haifa
44800,אל זהור/מוסא פלד,39,Jerusalem,1,1,58,4,546,0.1062,31.827473,35.235493,Jerusalem,Jerusalem
42256,דרך יצחק רבין/שדרות מעוף הציפור,19,Periphery / North,1,1,58,5,434,0.1336,32.568213,34.96205,North,Periphery
11333,כנסיית אללקאא/אלזהור,66,Jerusalem,1,1,58,3,228,0.2544,31.828685,35.232311,Jerusalem,Jerusalem
24734,דרך השבעה/המלאכה למזרח,51,Tel Aviv / Center,1,1,57,8,5444,0.0105,32.02034,34.806358,Center,Tel Aviv
17605,צומת מצפה אביב,5,Periphery / North,1,2,57,5,218,0.2615,32.834265,35.216542,North,Haifa
19321,ביר אלטירה כניסה,33,Haifa / North,1,2,57,4,2118,0.0269,32.857979,35.170346,North,Haifa
19587,מסעף שייח' דנון,29,Haifa / North,1,2,57,5,238,0.2395,32.992963,35.143883,North,Periphery
17039,רכבת העמק/מזרח,59,Haifa / North,1,2,57,5,214,0.2664,32.7121,35.104824,North,Haifa
11146,מכון טיהור שפכים,9,Jerusalem,1,2,57,3,114,0.5,31.757191,35.1048,Jerusalem,Jerusalem
40617,ספוריה 1,8,Periphery / North,1,1,57,4,476,0.1197,32.71759,35.261763,North,Periphery
34697,כרמי צור/מזכירות,9,Jerusalem,1,1,57,3,306,0.1863,31.609379,35.101503,Center,Periphery
2040,בי''ח רמב''ם/העלייה השנייה,28,Haifa / North,1,1,56,5,2646,0.0212,32.831695,34.985153,North,Haifa
26782,חוות סוסים,53,Periphery / South,1,1,56,4,738,0.0759,31.249902,35.190374,South,Periphery
13639,דרך משה דיין/יצחק שדה,25,Tel Aviv / Center,1,2,56,7,3410,0.0164,32.063615,34.799149,Center,Tel Aviv
37716,מסוף קרית אונו,25,Tel Aviv / Center,1,2,56,4,1056,0.053,32.037735,34.866154,Center,Tel Aviv
23596,ת. מרכזית ראשל''צ,12,Tel Aviv / Center,1,1,56,18,5355,0.0105,31.967621,34.784636,Center,Tel Aviv
6505,מסעף נתיב השיירה,29,Haifa / North,1,2,56,5,224,0.25,32.999668,35.143752,North,Periphery
17758,מסעף נתיב השיירה,29,Haifa / North,1,1,56,3,236,0.2373,32.999419,35.142493,North,Periphery
48215,ת. מרכזית ראשל''צ/רציפים,12,Tel Aviv / Center,1,1,56,3,170,0.3294,31.96779,34.785633,Center,Tel Aviv
23367,ברנר/מסריק,17,Tel Aviv / Center,1,1,56,4,834,0.0671,32.09191,34.903132,Center,Tel Aviv
17033,הרצל/נחל קדומים,59,Haifa / North,1,1,56,4,362,0.1547,32.698954,35.106298,North,Haifa
34084,צומת מחצבות,45,Tel Aviv / Center,1,2,56,4,160,0.35,32.02487,34.953964,Center,Tel Aviv
51066,בי''ס באר גנים/דרך הצלילים,20,Periphery / Center,1,1,56,3,228,0.2456,31.69633,34.608926,Center,Periphery
47856,ת. מרכזית המפרץ/רציפים בינעירוני,34,Haifa / North,1,1,56,4,207,0.2705,32.793242,35.034178,North,Haifa
12542,צומת מחנה שיזפון/כביש 40,62,Periphery / South,1,2,56,3,112,0.5,30.107103,35.010764,South,Periphery
34984,אפרת שער צפוני/כניסה,9,Jerusalem,1,1,55,5,562,0.0979,31.681124,35.168517,Center,Jerusalem
50475,אצטדיון/כביש 781,5,Periphery / North,1,1,55,2,110,0.5,32.82755,35.201635,North,Haifa
17053,תיכון אורט,61,Haifa / North,1,1,55,2,837,0.0657,32.683091,35.067457,North,Haifa
10833,מסעף נתיב הל''ה,44,Jerusalem / Center,1,1,55,4,216,0.2546,31.684228,34.986415,Center,Periphery
28270,מחלף עידן הנגב למזרח,0,Beer Sheva / South,1,1,54,6,262,0.2061,31.372463,34.796036,South,Beer Sheva
454,צומת הדסים,3,Tel Aviv / Center,1,2,54,7,1490,0.0362,32.283842,34.89663,Center,Tel Aviv
39617,דרך יצחק רבין/פשוש,19,Periphery / North,1,2,54,5,742,0.0728,32.566725,34.962028,North,Periphery
871,טשרניחובסקי/סמילנסקי,10,Tel Aviv / Center,1,1,54,4,1482,0.0364,32.18366,34.900633,Center,Tel Aviv
49729,מנחם בגין/אריק שרון,34,Haifa / North,1,1,54,2,111,0.4865,32.71524,35.10501,North,Haifa
12531,מחנה שיזפון,30,Periphery / South,1,1,54,3,186,0.2903,30.105749,35.003718,South,Periphery
50390,צומת ערערה בנגב/כביש 2582,0,Beer Sheva / South,1,1,53,4,220,0.2409,31.147059,34.984166,South,Beer Sheva
29373,קריית החינוך/דרך נמיר,24,Tel Aviv / Center,1,1,53,3,1900,0.0279,32.132818,34.796381,Center,Tel Aviv
27748,צומת ניר משה ניר עקיבא,13,Periphery / South,1,1,53,4,188,0.2819,31.447823,34.651696,South,Periphery
50966,ת. רכבת אופקים רציפים/בינעירוני,47,Beer Sheva / South,1,1,53,4,210,0.2524,31.322042,34.632962,South,Beer Sheva
11077,מחסיה/דרום,21,Periphery / Jerusalem,1,2,53,3,106,0.5,31.746542,35.008086,Jerusalem,Jerusalem
27683,צומת אורים למערב/כביש 234,13,Periphery / South,1,2,53,3,106,0.5,31.316252,34.524492,South,Periphery
20655,השיקמה/מעלה דולב,58,Haifa / North,1,2,52,3,104,0.5,32.704088,35.160817,North,Haifa
40636,אבו חצירא/הירקון,37,Tel Aviv / Center,1,1,52,9,6280,0.0083,32.096775,34.829242,Center,Tel Aviv
14316,קניון איילון,37,Tel Aviv / Center,1,1,52,6,5254,0.0099,32.098763,34.82545,Center,Tel Aviv
16264,העצמאות/משעול ד''ר נפתלי קבנצל,17,Tel Aviv / Center,1,1,52,5,1820,0.0286,32.074584,34.882817,Center,Tel Aviv
14867,צומת חפר,3,Tel Aviv / Center,1,2,52,3,104,0.5,32.373992,34.908091,Center,Periphery
14876,צומת חפר,3,Tel Aviv / Center,1,1,52,7,1098,0.0474,32.37451,34.908932,Center,Periphery
15654,דרך מנחם בגין/החציר,68,Periphery / Center,1,1,52,3,512,0.1016,31.792028,34.70175,Center,Periphery
5082,כפר תבור מרכז,4,Periphery / North,1,1,52,3,944,0.0551,32.686001,35.419601,North,Periphery
44752,תע''ש,10,Tel Aviv / Center,1,2,52,4,586,0.0887,32.131528,34.871168,Center,Tel Aviv
45050,כביש 5720/דרך האי,50,Tel Aviv / Center,1,1,52,2,104,0.5,32.380323,34.882731,Center,Periphery
47861,ת. מרכזית המפרץ/רציפים בינעירוני,27,Haifa / North,1,1,52,2,193,0.2694,32.793242,35.034178,North,Haifa
50154,כביש 781 למזרח,5,Periphery / North,1,1,52,2,104,0.5,32.83193,35.186115,North,Haifa
1485,דרך עירון/המייסדים,19,Periphery / North,1,2,52,3,104,0.5,32.46727,34.990408,Center,Periphery
7962,חוף קליה,30,Periphery / South,1,1,52,3,254,0.2047,31.770882,35.498716,Center,Periphery
41174,שדרות יגאל אלון/שדרות לוי אשכול,21,Periphery / Jerusalem,1,2,52,4,104,0.5,31.753436,34.997206,Jerusalem,Periphery
10832,מסעף נתיב הל''ה,44,Jerusalem / Center,1,1,52,5,196,0.2653,31.684202,34.985165,Center,Periphery
34985,אפרת שער צפוני/יציאה,9,Jerusalem,1,1,52,5,598,0.087,31.680795,35.168757,Center,Jerusalem
48935,חניון שפירים/הורדה,15,Jerusalem,1,2,51,3,121,0.4215,32.000897,34.843574,Center,Tel Aviv
16013,צומת בית עובד,52,Tel Aviv / Center,1,1,51,3,274,0.1861,31.920078,34.770459,Center,Tel Aviv
11936,צומת להבים/31,0,Beer Sheva / South,1,1,51,5,256,0.1992,31.375195,34.806996,South,Beer Sheva
28587,צומת קיבוץ ניצנים,13,Periphery / South,1,1,51,2,102,0.5,31.722097,34.639272,Center,Periphery
7184,מעלה הרדוף/הפרגים,34,Haifa / North,1,1,51,3,114,0.4474,32.705184,35.159097,North,Haifa
16194,דרך יצחק רבין/האלופים,12,Tel Aviv / Center,1,1,51,2,102,0.5,31.921256,34.77815,Center,Tel Aviv
41674,ת. מרכזית מודיעין מכבים רעות,36,Tel Aviv / Center,1,1,51,3,213,0.2394,31.899922,35.006593,Jerusalem,Tel Aviv
16786,אוניברסיטת בר אילן/מקס ואנה ווב,25,Tel Aviv / Center,1,1,50,5,1526,0.0328,32.068058,34.845359,Center,Tel Aviv
13580,הסינמטק/קרליבך,24,Tel Aviv / Center,1,1,50,13,5214,0.0096,32.070252,34.782663,Center,Tel Aviv
29371,מכללת לוינסקי/דרך נמיר,50,Tel Aviv / Center,1,1,50,9,5594,0.0089,32.136871,34.798587,Center,Tel Aviv
11715,דרך חברון/האומן,11,Jerusalem,1,1,50,6,5280,0.0095,31.744221,35.215463,Jerusalem,Jerusalem
10145,גבעת המטוס/דרך חברון,71,Jerusalem,1,1,50,2,100,0.5,31.7404,35.211598,Jerusalem,Jerusalem
15205,ביר אל סיכה,56,Periphery / Center,1,1,50,3,365,0.137,32.361937,35.030071,Center,Periphery
28543,רוח מדבר,62,Periphery / South,1,1,50,2,100,0.5,30.976166,34.738666,South,Periphery
1645,דוד שמעוני/פרנק,23,Periphery / Center,1,1,50,6,4176,0.012,32.439273,34.907004,Center,Periphery
50085,מחלף חדרה למערב/כביש 9,56,Periphery / Center,1,1,50,2,100,0.5,32.4122,34.935941,Center,Periphery
45049,כביש עוקף דרום/דרך הכפר,24,Tel Aviv / Center,1,1,50,3,164,0.3049,32.379988,34.882002,Center,Periphery
22566,ביר אל סיכה,56,Periphery / Center,1,1,50,3,496,0.1008,32.361355,35.029767,Center,Periphery
10687,דרך חברון/הרוזמרין,11,Jerusalem,1,1,50,6,862,0.058,31.730977,35.205871,Jerusalem,Jerusalem
22068,צומת בן שמן,45,Tel Aviv / Center,1,2,49,6,584,0.0839,31.957367,34.915059,Center,Tel Aviv
50476,אצטדיון/כביש 781,27,Haifa / North,1,1,49,2,98,0.5,32.827896,35.200918,North,Haifa
4947,ספריה,16,Periphery / North,1,1,49,4,198,0.2475,32.697932,35.436169,North,Periphery
19092,האלון/הארז,59,Haifa / North,1,2,49,3,98,0.5,32.70611,35.171671,North,Haifa
11288,שד.יגאל אלון/הבנאי,21,Periphery / Jerusalem,1,1,49,3,2020,0.0243,31.754837,34.992821,Jerusalem,Periphery
23421,רבי יהודה הנשיא/חוני המעגל,67,Tel Aviv / Center,1,2,49,8,2350,0.0209,32.052489,34.946089,Center,Tel Aviv
38725,ת. רכבת יבנה מערב,52,Tel Aviv / Center,1,2,48,7,1370,0.035,31.8907,34.731191,Center,Tel Aviv
6916,אזור תעשיה רמת ישי,34,Haifa / North,1,1,48,4,237,0.2025,32.708275,35.174196,North,Haifa
48813,כביש 412/נווה רבין,60,Tel Aviv / Center,1,1,48,5,390,0.1231,32.022758,34.872285,Center,Tel Aviv
16004,צומת קסם,35,Tel Aviv / Center,1,1,48,6,1768,0.0271,32.120586,34.938787,Center,Tel Aviv
48089,ת. מרכזית יבנה/רציפים,52,Tel Aviv / Center,1,2,48,7,574,0.0836,31.890474,34.732193,Center,Tel Aviv
6878,מחלף אליקים/כביש 672 למזרח,58,Haifa / North,1,1,48,8,388,0.1237,32.635794,35.067074,North,Haifa
9113,צומת הזיתים,11,Jerusalem,1,1,48,3,114,0.4211,31.783628,35.257819,Jerusalem,Jerusalem
5250,מסעף מגדל צפון/כניסה,5,Periphery / North,1,2,48,3,96,0.5,32.836686,35.509124,North,Periphery
15678,דרך אלכסנדרוני/מבואות,25,Tel Aviv / Center,1,1,48,5,3364,0.0143,32.045211,34.8658,Center,Tel Aviv
20320,שפרעם/יציאה דרומית,33,Haifa / North,1,3,48,6,282,0.1702,32.79846,35.170537,North,Haifa
33893,צומת נחשונים,25,Tel Aviv / Center,1,2,48,4,96,0.5,32.067144,34.943793,Center,Tel Aviv
9112,צומת הזיתים,11,Jerusalem,1,1,48,2,96,0.5,31.783507,35.257738,Jerusalem,Jerusalem
16268,העצמאות/אבא אחימאיר,17,Tel Aviv / Center,1,1,48,5,1166,0.0412,32.074407,34.883251,Center,Tel Aviv
7749,צומת נווה דניאל דרום,9,Jerusalem,1,1,48,6,874,0.0549,31.672136,35.142199,Center,Jerusalem
38714,שכונת א זעים,42,Jerusalem / Center,1,1,48,2,98,0.4898,31.790869,35.261834,Jerusalem,Jerusalem
50123,אל קסר/אל זהור,66,Jerusalem,1,1,48,2,96,0.5,31.827569,35.232125,Jerusalem,Jerusalem
8457,צומת גבעת זאב,41,Jerusalem,1,1,47,8,4066,0.0116,31.86212,35.173587,Jerusalem,Jerusalem
20501,צומת שפרעם צפון,34,Haifa / North,1,3,47,5,94,0.5,32.822505,35.151279,North,Haifa
7980,מזכירות,0,Beer Sheva / South,1,1,47,3,188,0.25,31.388111,35.012955,South,Periphery
8366,תמר/גפן,0,Beer Sheva / South,1,1,47,5,288,0.1632,31.386599,35.009733,South,Periphery
41138,צומת מצפה אשתמוע,70,Periphery / South,1,1,47,2,94,0.5,31.391819,35.015625,South,Periphery
41136,צומת מצפה אשתמוע,70,Periphery / South,1,1,47,2,94,0.5,31.392186,35.015914,South,Periphery
34905,רימונים/מזכירות,54,Periphery / Center,1,1,47,3,186,0.2527,31.934341,35.340348,Center,Periphery
49065,חניון שפירים/איסוף,15,Jerusalem,1,2,47,3,121,0.3884,32.000476,34.844442,Center,Tel Aviv
17425,ת. רכבת חוצות המפרץ,27,Haifa / North,1,1,46,4,1147,0.0401,32.808641,35.055044,North,Haifa
3852,ההסתדרות/בתי זיקוק,34,Haifa / North,1,1,46,4,3788,0.0121,32.799716,35.050186,North,Haifa
4008,צומת חריש למזרח,23,Periphery / Center,1,1,46,6,1366,0.0337,32.471126,35.020974,Center,Periphery
21627,סטרומה/אקסודוס,7,Tel Aviv / Center,1,1,46,6,1646,0.0279,31.955038,34.901801,Center,Tel Aviv
16023,כביש 42/מעון צופיה,6,Periphery / Center,1,1,46,2,92,0.5,31.85571,34.736517,Center,Tel Aviv
9997,סיירת דוכיפת/משה דיין,39,Jerusalem,1,1,46,4,1956,0.0235,31.825373,35.240696,Jerusalem,Jerusalem
270,עירייה,3,Tel Aviv / Center,1,2,46,7,3770,0.0122,32.28872,34.86565,Center,Tel Aviv
21767,בית נחמיה ה,7,Tel Aviv / Center,1,1,46,3,176,0.2614,31.974834,34.955123,Center,Tel Aviv
21751,האירוס א,45,Tel Aviv / Center,1,1,46,3,176,0.2614,31.96568,34.93887,Center,Tel Aviv
25192,דן/40,7,Tel Aviv / Center,1,1,46,2,92,0.5,32.063993,34.90374,Center,Tel Aviv
43762,שתולים/3703,6,Periphery / Center,1,2,46,3,92,0.5,31.778229,34.677987,Center,Periphery
10634,צומת עדולם,44,Jerusalem / Center,1,2,46,4,92,0.5,31.68369,34.980624,Center,Periphery
35365,שדרות שאול עמור/הלוויין,40,Periphery / North,1,1,46,3,150,0.3067,32.689687,35.24919,North,Periphery
7702,'רמונים א,54,Periphery / Center,1,1,46,3,186,0.2473,31.930635,35.343988,Center,Periphery
7798,'מעלה לבונה ג,39,Jerusalem,1,1,46,4,194,0.2371,32.053562,35.238342,Center,Periphery
44011,שמואן/אלתין,42,Jerusalem / Center,1,1,46,2,92,0.5,31.828484,35.222778,Jerusalem,Jerusalem
29475,מחלף הסירה לצפון,50,Tel Aviv / Center,1,1,45,5,802,0.0561,32.161217,34.81228,Center,Tel Aviv
13936,דרך אבא הלל/רוקח,37,Tel Aviv / Center,1,1,45,5,3272,0.0138,32.090008,34.810376,Center,Tel Aviv
41783,ת. מרכזית מודיעין מכבים רעות,15,Jerusalem,1,2,45,3,89,0.5056,31.899922,35.006593,Jerusalem,Tel Aviv
27790,צומת זיקים,13,Periphery / South,1,2,45,6,510,0.0882,31.60438,34.573212,Center,Periphery
44010,חילת משעול סמטה 10,69,Jerusalem,1,1,45,2,90,0.5,31.827134,35.219942,Jerusalem,Jerusalem
12247,יהודה/תחנה מרכזית,53,Periphery / South,1,1,44,12,1524,0.0289,31.256153,35.21114,South,Periphery
18357,צה''ל 1,48,Periphery / North,1,2,44,11,1748,0.0252,32.964929,35.487497,North,Periphery
14152,דבורה הנביאה/מתתיהו שוהם,37,Tel Aviv / Center,1,2,44,6,1688,0.0261,32.118917,34.828782,Center,Tel Aviv
47918,ת.מרכזית באר שבע/רציפים בינעירוני,43,Periphery / South,1,4,44,6,137,0.3212,31.243017,34.796743,South,Beer Sheva
39983,צומת מגדל,16,Periphery / North,1,1,44,4,606,0.0726,32.827505,35.511678,North,Periphery
48290,מסוף אלוף שדה,37,Tel Aviv / Center,1,1,44,2,88,0.5,32.054928,34.833997,Center,Tel Aviv
4218,מחלף ציפורי,5,Periphery / North,1,2,44,4,540,0.0815,32.735185,35.2638,North,Periphery
15484,כביש 3922/הרב יחיא אלקשמה,68,Periphery / Center,1,2,44,4,88,0.5,31.793819,34.760307,Center,Periphery
27777,צומת שובל,0,Beer Sheva / South,1,1,44,2,88,0.5,31.411149,34.746222,South,Beer Sheva
28979,משמר הנגב/מרכז,6,Periphery / Center,1,1,44,3,177,0.2486,31.363895,34.71906,South,Beer Sheva
27719,צומת קיבוץ משמר הנגב,0,Beer Sheva / South,1,1,44,2,88,0.5,31.368513,34.71246,South,Beer Sheva
40777,הצייר לודויג בלום,15,Jerusalem,1,1,44,3,226,0.1947,31.795093,35.169216,Jerusalem,Jerusalem
3887,צומת קרית עמל,34,Haifa / North,1,2,44,5,2030,0.0217,32.711739,35.130765,North,Haifa
5636,מסעף מגדל צפון,16,Periphery / North,1,1,44,4,612,0.0719,32.83595,35.509981,North,Periphery
36893,ת.מרכזית תל אביב קומה 7/רציפים,24,Tel Aviv / Center,1,1,44,2,329,0.1337,32.054886,34.780031,Center,Tel Aviv
12504,נווה זוהר/מועצה אזורית,30,Periphery / South,1,1,44,6,340,0.1294,31.152747,35.365997,South,Periphery
5252,מעון נופים,5,Periphery / North,1,1,44,2,92,0.4783,32.838842,35.508322,North,Periphery
8219,מחסום ריחן לצפון,23,Periphery / Center,1,2,44,5,164,0.2683,32.450915,35.117643,Center,Periphery
41378,יהלום/ברקת,7,Tel Aviv / Center,1,1,43,3,550,0.0782,31.934662,34.82638,Center,Tel Aviv
16306,צומת שערי אברהם,6,Periphery / Center,1,1,43,3,602,0.0714,31.762238,34.792456,Center,Periphery
26887,צומת אוהלים (הנוקדים),0,Beer Sheva / South,1,1,43,7,1004,0.0428,31.19067,34.805491,South,Beer Sheva
1800,צומת קרית טבעון/האלונים,59,Haifa / North,1,3,43,5,782,0.055,32.712736,35.125069,North,Haifa
27667,גן לאומי אשכול,13,Periphery / South,1,2,43,3,86,0.5,31.310772,34.501276,South,Periphery
34751,מעלה לבונה ה,39,Jerusalem,1,1,43,4,202,0.2129,32.054862,35.240843,Center,Periphery
18195,תחנה מרכזית נצרת,8,Periphery / North,1,1,42,7,4370,0.0096,32.701639,35.2989,North,Periphery
27806,צומת רווחה,6,Periphery / Center,1,1,42,7,1042,0.0403,31.64524,34.730405,Center,Periphery
21738,צומת גמזו,45,Tel Aviv / Center,1,1,42,3,176,0.2386,31.952624,34.939692,Center,Tel Aviv
40343,כניסה מזרחית,5,Periphery / North,1,1,42,4,152,0.2763,32.771905,35.391376,North,Periphery
50891,צומת בנימינה מזרח בורג' לדרום,23,Periphery / Center,1,1,42,4,376,0.1117,32.507879,34.930523,North,Periphery
4036,ת. רכבת בנימינה/הטחנה,19,Periphery / North,1,1,42,6,833,0.0504,32.513283,34.949269,North,Periphery
48141,ת. מרכזית המפרץ/רציפים בינעירוני,27,Haifa / North,1,1,42,2,272,0.1544,32.793242,35.034178,North,Haifa
15326,החלוץ/החשמונאים,7,Tel Aviv / Center,1,1,42,4,1462,0.0287,31.955083,34.904285,Center,Tel Aviv
15575,מסעף עיינות,52,Tel Aviv / Center,1,1,42,5,242,0.1736,31.915991,34.771318,Center,Tel Aviv
15608,בית עובד,12,Tel Aviv / Center,1,1,42,2,84,0.5,31.92016,34.772262,Center,Tel Aviv
21177,מכללת אלרואד,5,Periphery / North,1,2,42,7,384,0.1094,32.857646,35.335777,North,Periphery
21763,דרך הורד/דרך היסמין,7,Tel Aviv / Center,1,1,42,5,210,0.2,31.981586,34.953594,Center,Tel Aviv
4146,סלאח א דין 2,4,Periphery / North,1,1,42,3,330,0.1273,32.510456,35.062818,North,Periphery
4147,מרכז פיס/סאלח א דין אל איובי,19,Periphery / North,1,1,42,2,84,0.5,32.513069,35.063279,North,Periphery
20694,מחנה יפתח,1,Periphery / North,1,1,42,4,1478,0.0284,32.942121,35.546768,North,Periphery
36006,שכונת הגולף,19,Periphery / North,1,2,42,3,84,0.5,32.485678,34.910492,Center,Periphery
11070,שד. לוי אשכול/הגלעד,21,Periphery / Jerusalem,1,4,42,13,5340,0.0079,31.747626,34.999031,Jerusalem,Periphery
8039,עפרה/כניסה,39,Jerusalem,1,1,42,5,170,0.2471,31.955456,35.257139,Center,Periphery
21001,אל-עומאל אל-ערב/אל-עדרא,8,Periphery / North,1,1,42,3,340,0.1235,32.697787,35.289586,North,Periphery
8071,כביש יציאה/עטרת,45,Tel Aviv / Center,1,1,42,3,162,0.2593,32.002844,35.174666,Center,Periphery
51198,בי''ס נזירות אל-מוח'לס,40,Periphery / North,1,1,42,2,84,0.5,32.69815,35.286756,North,Periphery
35505,בית העם,29,Haifa / North,1,1,41,4,228,0.1798,32.960001,35.176288,North,Periphery
5591,צומת ג'ת ינוח,2,Periphery / North,1,1,41,2,82,0.5,32.974544,35.180273,North,Periphery
18662,בי''ס תיכון אלבטוף,5,Periphery / North,1,2,41,6,1262,0.0325,32.857391,35.335862,North,Periphery
15788,מסעף נווה מונסון/כביש 461,60,Tel Aviv / Center,1,1,41,6,1644,0.0249,32.03362,34.869824,Center,Tel Aviv
15317,החיטה/הזית,60,Tel Aviv / Center,1,2,41,3,82,0.5,31.972665,34.895044,Center,Tel Aviv
19093,תחנה מרכזית,8,Periphery / North,1,1,41,4,513,0.0799,32.701273,35.297939,North,Periphery
26661,מדרשת אור הדרום,62,Periphery / South,1,1,41,3,320,0.1281,30.611325,34.799042,South,Periphery
12424,שדרות קק''ל/נחל חווה,30,Periphery / South,1,1,41,2,82,0.5,30.612099,34.804259,South,Periphery
39805,חפץ חיים/כביש 3933,15,Jerusalem,1,2,41,5,254,0.1614,31.791161,34.797387,Center,Periphery
34507,רחלים,38,Periphery / Center,1,2,41,6,154,0.2662,32.102493,35.255627,Center,Periphery
20992,הרובע המערבי,8,Periphery / North,1,1,41,2,82,0.5,32.694368,35.287828,North,Periphery
37221,מחנה נבטים,53,Periphery / South,1,2,40,7,316,0.1266,31.172342,35.042848,South,Periphery
14026,נחמיה/חזון אי''ש,37,Tel Aviv / Center,1,1,40,6,2982,0.0134,32.079635,34.834906,Center,Tel Aviv
8469,מחסום מכבים,41,Jerusalem,1,1,40,4,526,0.076,31.897865,35.041063,Jerusalem,Periphery
39138,צומת ביר הדאג,0,Beer Sheva / South,1,2,40,3,80,0.5,31.02883,34.750132,South,Periphery
27834,צומת מחנה שדה תימן,0,Beer Sheva / South,1,1,40,7,1398,0.0286,31.297362,34.712921,South,Beer Sheva
27722,צומת כוכב מיכאל,13,Periphery / South,1,1,40,4,182,0.2198,31.635208,34.663121,Center,Periphery
15172,צומת שער אפרים,10,Tel Aviv / Center,1,1,40,7,610,0.0656,32.282512,34.99643,Center,Tel Aviv
35474,בית העם,29,Haifa / North,1,2,40,5,224,0.1786,32.959973,35.176181,North,Periphery
16571,יהודה הלוי/תיכון בגין,35,Tel Aviv / Center,1,1,40,6,1891,0.0212,32.090619,34.95384,Center,Tel Aviv
49395,צומת עלי למזרח,39,Jerusalem,1,3,40,5,306,0.1307,32.062571,35.26105,Center,Periphery
19997,צומת כורסי,1,Periphery / North,1,1,39,3,108,0.3611,32.827778,35.6498,North,Periphery
21584,צומת מפעל נשר צפון,7,Tel Aviv / Center,1,1,39,5,368,0.106,31.913312,34.890523,Center,Tel Aviv
4035,ת. רכבת בנימינה/הטחנה,19,Periphery / North,1,1,39,6,527,0.074,32.513667,34.949307,North,Periphery
27786,צומת גבעתי,13,Periphery / South,1,1,39,4,194,0.201,31.652563,34.663338,Center,Periphery
28641,גני צבי/35,6,Periphery / Center,1,1,39,3,462,0.0844,31.660727,34.640298,Center,Periphery
38921,אלרויס/אל דריגאת,33,Haifa / North,1,1,39,2,178,0.2191,32.864833,35.177253,North,Haifa
41173,שדרות יגאל אלון/שדרות לוי אשכול,21,Periphery / Jerusalem,1,1,39,3,550,0.0709,31.753452,34.996292,Jerusalem,Periphery
11035,יגאל אלון/העלייה,21,Periphery / Jerusalem,1,1,39,7,2396,0.0163,31.75591,34.989729,Jerusalem,Periphery
40061,אריה תגר/אנה טיכו,22,Periphery / Center,1,1,39,5,1368,0.0285,31.699704,34.582944,Center,Periphery
11274,שדרות נחל צאלים/זכריה הנביא,21,Periphery / Jerusalem,1,1,39,3,166,0.2349,31.714727,34.977747,Jerusalem,Periphery
10912,מחלף בית שמש,6,Periphery / Center,1,1,39,4,148,0.2635,31.720202,34.964246,Jerusalem,Periphery
10826,מסעף זכריה,6,Periphery / Center,1,1,39,5,148,0.2635,31.707138,34.949128,Center,Periphery
48355,נחל צאלים/כביש 38,21,Periphery / Jerusalem,1,1,39,3,138,0.2826,31.719568,34.965558,Jerusalem,Periphery
8148,עפרה/יציאה,39,Jerusalem,1,1,39,6,806,0.0484,31.955625,35.256997,Center,Periphery
7725,מרכז/עטרת,45,Tel Aviv / Center,1,1,39,3,162,0.2407,32.001171,35.176414,Center,Periphery
47844,ת. מרכזית ערד/רציפים,53,Periphery / South,1,1,38,3,174,0.2184,31.255802,35.211836,South,Periphery
2419,צומת קרית טבעון/האלונים,59,Haifa / North,1,3,38,5,860,0.0442,32.71248,35.125304,North,Haifa
44464,חוף בוגרשוב/הירקון,50,Tel Aviv / Center,1,1,38,3,3628,0.0105,32.078377,34.767699,Center,Tel Aviv
47438,טרומפלדור/בן יהודה,24,Tel Aviv / Center,1,1,38,4,5674,0.0067,32.075514,34.767296,Center,Tel Aviv
16220,דרך מנחם בגין/ויינברגר,17,Tel Aviv / Center,1,1,38,4,3748,0.0101,32.075016,34.905245,Center,Tel Aviv
7604,צומת חטיבה שבע,15,Jerusalem,1,1,38,9,2050,0.0185,31.834668,34.976697,Jerusalem,Periphery
18861,צומת ראמה,18,Periphery / North,1,1,38,7,1092,0.0348,32.932083,35.369299,North,Periphery
26567,צומת נהורה/כביש 35,6,Periphery / Center,1,1,38,10,1004,0.0378,31.645718,34.700375,Center,Periphery
3923,בית ספר ארצי לשוטרים,57,Haifa / North,1,1,38,3,500,0.076,32.821648,35.121401,North,Haifa
20800,ישיבת שפתי צדיק/שלב ג,1,Periphery / North,1,1,38,5,600,0.0633,32.987121,35.549572,North,Periphery
21572,צומת משמר איילון/צפון,7,Tel Aviv / Center,1,1,38,5,488,0.0779,31.870474,34.946002,Center,Tel Aviv
46574,האלה/האלון ,15,Jerusalem,1,1,38,2,76,0.5,31.872409,34.948193,Center,Tel Aviv
12100,צומת ערד,30,Periphery / South,1,1,38,2,76,0.5,31.254796,35.210919,South,Periphery
49733,מנחם בגין/אריק שרון,59,Haifa / North,1,1,38,3,94,0.4043,32.71499,35.104903,North,Haifa
2796,מרכז קהילתי/הנרייטה סאלד,59,Haifa / North,1,1,38,4,319,0.1191,32.690539,35.109533,North,Haifa
8907,מחסום ענאתא/דרך ענתות,42,Jerusalem / Center,1,1,38,4,368,0.1033,31.810168,35.241198,Jerusalem,Jerusalem
28028,מבקיעים,22,Periphery / Center,1,2,38,4,74,0.5135,31.62046,34.577106,Center,Periphery
7321,כפר עציון/כניסה,9,Jerusalem,1,1,38,9,589,0.0645,31.653043,35.115707,Center,Jerusalem
50443,צומת כביש 367/גבעות עדן למזרח,44,Jerusalem / Center,1,1,38,2,76,0.5,31.672718,35.016578,Center,Periphery
43577,נחל הפירים/נחל העץ,9,Jerusalem,1,2,38,4,76,0.5,31.643039,35.149808,Center,Jerusalem
38716,מסוף שועפאט,15,Jerusalem,1,1,38,2,122,0.3115,31.81055,35.246146,Jerusalem,Jerusalem
8812,דרוק/קהילות יעקב,69,Jerusalem,1,1,37,3,4863,0.0076,31.813442,35.218937,Jerusalem,Jerusalem
13053,ת. רכבת בני ברק/מבצע קדש,37,Tel Aviv / Center,1,1,37,11,8152,0.0045,32.103618,34.827642,Center,Tel Aviv
41349,הכרמל/העתיד,24,Tel Aviv / Center,1,2,37,3,90,0.4111,32.657294,35.097981,North,Haifa
19932,צומת כורסי,16,Periphery / North,1,2,37,5,246,0.1504,32.82662,35.649404,North,Periphery
4501,ביר אבו אל-ג'יש/דרך עפולה,40,Periphery / North,1,1,37,4,340,0.1088,32.679162,35.287048,North,Periphery
19577,צומת אזור תעשייה טמרה,27,Haifa / North,1,1,37,3,410,0.0902,32.849508,35.166885,North,Haifa
42869,ת. רכבת תל אביב- סבידור/רציפים A,24,Tel Aviv / Center,1,1,37,4,127,0.2913,32.083157,34.796089,Center,Tel Aviv
43747,יהלום/שוהם,7,Tel Aviv / Center,1,1,37,2,74,0.5,31.934136,34.826246,Center,Tel Aviv
4261,עיריית נצרת,8,Periphery / North,1,1,37,5,1659,0.0223,32.695039,35.29922,North,Periphery
38574,הכוכבים/הגשם,65,Periphery / North,1,1,37,3,132,0.2803,32.489838,34.912636,Center,Periphery
43074,כביש 367/צפון,9,Jerusalem,1,1,37,3,150,0.2467,31.655766,35.116268,Center,Jerusalem
49384,צומת בית גוברין למזרח,6,Periphery / Center,1,1,37,3,324,0.1142,31.608037,34.896588,Center,Periphery
43663,צומת כפר זוהרים למזרח,70,Periphery / South,1,1,37,2,74,0.5,31.617461,34.92437,Center,Periphery
8497,מחסום הל''ה,44,Jerusalem / Center,1,1,37,2,74,0.5,31.672176,35.050148,Center,Jerusalem
8848,מעגלי הרי''ם לוין/מבוא פתיה,41,Jerusalem,1,1,36,4,2502,0.0144,31.800984,35.216953,Jerusalem,Jerusalem
3999,יגור/כפר חסידים,34,Haifa / North,1,1,36,6,2796,0.0129,32.746751,35.078483,North,Haifa
16163,הרצל/כביש 40,26,Tel Aviv / Center,1,2,36,4,522,0.069,31.821045,34.774135,Center,Tel Aviv
50588,מסעף פארק הירדן,16,Periphery / North,1,2,36,3,72,0.5,32.916952,35.633048,North,Periphery
43528,צומת אוהלים (הנוקדים),0,Beer Sheva / South,1,1,36,4,80,0.45,31.191411,34.806071,South,Beer Sheva
27878,צומת יד נתן,6,Periphery / Center,1,1,36,4,532,0.0677,31.645193,34.705825,Center,Periphery
591,הגביש/המחקר,3,Tel Aviv / Center,1,1,36,4,3872,0.0093,32.289026,34.863707,Center,Tel Aviv
34418,אזור התעשיה מעלה שומרון,38,Periphery / Center,1,1,36,5,204,0.1765,32.168286,35.072021,Center,Tel Aviv
38975,חפץ חיים/מלון כפרי,15,Jerusalem,1,3,36,7,298,0.1208,31.790899,34.797445,Center,Periphery
16773,אולם,17,Tel Aviv / Center,1,1,36,3,148,0.2432,32.081809,34.939202,Center,Tel Aviv
40817,ת. רכבת כפר יהושע/הורדה,58,Haifa / North,1,1,36,4,529,0.0681,32.68103,35.126076,North,Haifa
40870,ת. רכבת כפר יהושע/איסוף,59,Haifa / North,1,1,36,3,229,0.1572,32.680852,35.126805,North,Haifa
25204,מפעל לחם עינת,17,Tel Aviv / Center,1,1,36,3,148,0.2432,32.084276,34.941413,Center,Tel Aviv
10784,ירמיהו/מנחת יצחק,15,Jerusalem,1,2,35,10,5634,0.0062,31.792098,35.210971,Jerusalem,Jerusalem
23220,נתב''ג טרמינל 3/קומת תח''צ,7,Tel Aviv / Center,1,2,35,7,547,0.064,32.000091,34.870545,Center,Tel Aviv
35115,שדרות יצחק רבין/שושנת העמקים,55,Tel Aviv / Center,1,1,35,7,820,0.0427,32.29417,34.936069,Center,Tel Aviv
15039,צומת גאולים,3,Tel Aviv / Center,1,1,35,4,160,0.2188,32.297994,34.936595,Center,Tel Aviv
15996,כביש 444/צומת חגור לדרום,35,Tel Aviv / Center,1,2,35,7,458,0.0764,32.136757,34.940229,Center,Tel Aviv
23429,רבן יוחנן בן זכאי/שמעיה,67,Tel Aviv / Center,1,1,35,6,906,0.0386,32.051307,34.948865,Center,Tel Aviv
11022,מסעף צרעה,15,Jerusalem,1,2,35,7,920,0.038,31.755648,34.981629,Jerusalem,Periphery
27791,צומת מבקיעים,22,Periphery / Center,1,2,35,7,438,0.0799,31.618697,34.579765,Center,Periphery
24740,חנה ומיכאל לוין/חיים שרף,12,Tel Aviv / Center,1,1,34,3,366,0.0929,31.964906,34.823585,Center,Tel Aviv
5168,עוקף נצרת/אל-קפזה,8,Periphery / North,1,1,34,4,2668,0.0127,32.68837,35.29289,North,Periphery
13099,מרכז הספורט/בכור שטרית,37,Tel Aviv / Center,1,1,34,4,2274,0.015,32.106049,34.81943,Center,Tel Aviv
13951,בני אפרים/בכור שטרית,50,Tel Aviv / Center,1,1,34,4,2556,0.0133,32.108515,34.815587,Center,Tel Aviv
1038,מושב בית חנניה,19,Periphery / North,1,1,34,3,136,0.25,32.529115,34.926359,North,Periphery
1111,צומת נחל חדרה,23,Periphery / Center,1,1,34,3,1502,0.0226,32.464412,34.912191,Center,Periphery
24059,אילת/צאלים,31,Tel Aviv / Center,1,1,34,4,2756,0.0123,32.02016,34.76507,Center,Tel Aviv
24069,דב הוז/המעפילים,51,Tel Aviv / Center,1,1,34,3,990,0.0343,32.023474,34.764737,Center,Tel Aviv
39802,המרווה,15,Jerusalem,1,1,34,2,68,0.5,31.763412,34.788682,Center,Periphery
46505,חוף הזהב/רוטשילד,65,Periphery / North,1,1,34,2,68,0.5,32.482894,34.89355,Center,Periphery
4148,מרכז פיס/סאלח א דין אל איובי,19,Periphery / North,1,1,34,2,68,0.5,32.513349,35.063215,North,Periphery
4149,סלאח א דין 2,4,Periphery / North,1,1,34,3,316,0.1076,32.510867,35.062794,North,Periphery
4655,כביש 75/תאופיק זיאד,8,Periphery / North,1,1,34,6,2868,0.0119,32.693386,35.298698,North,Periphery
4968,ואדי אל-חאג'/ח'לת א-דיר,8,Periphery / North,1,1,34,7,2684,0.0127,32.690953,35.297923,North,Periphery
35072,בן איש חי/יוסף קארו,21,Periphery / Jerusalem,1,1,34,3,1780,0.0191,31.744808,34.999691,Jerusalem,Periphery
28115,גברעם,13,Periphery / South,1,2,34,4,64,0.5312,31.592426,34.611844,Center,Periphery
23538,חפץ חיים,15,Jerusalem,1,2,34,4,68,0.5,31.791558,34.797267,Center,Periphery
23481,כביש 444 לצפון/שד' שלמה המלך,35,Tel Aviv / Center,1,1,34,5,504,0.0675,32.093495,34.939967,Center,Tel Aviv
49370,צומת בית גוברין למערב,6,Periphery / Center,1,1,34,5,352,0.0966,31.607853,34.895868,Center,Periphery
43662,צומת כפר זוהרים למערב,70,Periphery / South,1,1,34,2,68,0.5,31.617619,34.924029,Center,Periphery
9035,בן זאב/ 38,15,Jerusalem,1,1,34,4,370,0.0919,31.746877,34.974655,Jerusalem,Periphery
25369,דרך יצחק רבין/אבי אורן,25,Tel Aviv / Center,1,2,33,6,1348,0.0245,32.082775,34.860503,Center,Tel Aviv
42821,מנשה,23,Periphery / Center,1,1,33,9,432,0.0764,32.467705,35.01352,Center,Periphery
7050,צביה,18,Periphery / North,1,2,33,4,66,0.5,32.890923,35.3312,North,Periphery
11739,קרל נטר/שמעון הצדיק,41,Jerusalem,1,1,33,5,1760,0.0187,31.79446,35.224739,Jerusalem,Jerusalem
25946,צומת אמונים,20,Periphery / Center,1,2,33,7,1198,0.0275,31.75355,34.663306,Center,Periphery
27910,צומת חמי יואב,6,Periphery / Center,1,1,33,3,408,0.0809,31.647127,34.689983,Center,Periphery
42988,ביאליק/כביש 4,23,Periphery / Center,1,1,33,3,190,0.1737,32.43395,34.911018,Center,Periphery
41581,הרימון/הזית,5,Periphery / North,1,1,33,3,124,0.2661,32.916309,35.421422,North,Periphery
23878,משטרת ראשל''צ/ז'בוטינסקי,12,Tel Aviv / Center,1,1,32,6,1718,0.0186,31.973526,34.797117,Center,Tel Aviv
24663,מסעף שער אברהם,6,Periphery / Center,1,1,32,6,254,0.126,31.761437,34.792104,Center,Periphery
43155,בית ספר שלהבת/נוף איילון,15,Jerusalem,1,1,32,3,91,0.3516,31.867451,34.985983,Jerusalem,Periphery
27703,צומת אופקים/241,47,Beer Sheva / South,1,1,32,6,290,0.1103,31.322495,34.618663,South,Beer Sheva
41828,מחלף בית רבן לדרום,6,Periphery / Center,1,2,32,3,64,0.5,31.819487,34.729208,Center,Tel Aviv
39215,דרך הרכבת/חנית קיקוס,47,Beer Sheva / South,1,1,32,8,1044,0.0307,31.321458,34.629454,South,Beer Sheva
38791,קיבוץ החותרים,19,Periphery / North,1,1,32,4,132,0.2424,32.75145,34.957043,North,Haifa
21454,נחל עקרון ב,7,Tel Aviv / Center,1,1,32,3,124,0.2581,31.856967,34.883633,Center,Tel Aviv
21455,צומת פתחיה,15,Jerusalem,1,1,32,4,244,0.1311,31.861625,34.895087,Center,Tel Aviv
35982,בי''ס ממ''ד שלהבת,7,Tel Aviv / Center,1,1,32,2,64,0.5,31.867336,34.984375,Jerusalem,Periphery
6962,מסעף איבטין,59,Haifa / North,1,2,32,3,64,0.5,32.760674,35.104651,North,Haifa
17967,מסעף הר חלוץ,18,Periphery / North,1,1,32,4,448,0.0714,32.940404,35.274828,North,Periphery
48103,ת. מרכזית המפרץ/רציפים בינעירוני,28,Haifa / North,1,2,32,3,208,0.1538,32.793242,35.034178,North,Haifa
20521,מסעף זבידאת,59,Haifa / North,1,1,32,5,370,0.0865,32.736061,35.137808,North,Haifa
8558,יוסף קארו/בן איש חי,21,Periphery / Jerusalem,1,1,32,3,1462,0.0219,31.744547,35.000493,Jerusalem,Periphery
14715,דרך הכפר/מעלה הפיקוסים,50,Tel Aviv / Center,1,1,32,2,64,0.5,32.378593,34.869883,Center,Periphery
25715,צומת אמונים,20,Periphery / Center,1,2,31,3,62,0.5,31.752569,34.663428,Center,Periphery
7762,צומת נבי מוסא,42,Jerusalem / Center,1,2,31,4,510,0.0608,31.798362,35.428263,Center,Periphery
23642,מזכרת בתיה/כניסה מזרחית,26,Tel Aviv / Center,1,1,31,6,874,0.0355,31.846297,34.838447,Center,Tel Aviv
23094,מ.בתיה/יציאה מזרחית,26,Tel Aviv / Center,1,1,31,7,314,0.0987,31.845084,34.839585,Center,Tel Aviv
42989,ביאליק/רמב''ם,23,Periphery / Center,1,1,31,3,194,0.1598,32.433979,34.911882,Center,Periphery
36896,ת.מרכזית תל אביב קומה 7/רציפים,24,Tel Aviv / Center,1,1,31,3,217,0.1429,32.054886,34.780031,Center,Tel Aviv
43857,שדרות לוי אשכול/החיד''א,21,Periphery / Jerusalem,1,1,31,5,2380,0.013,31.750609,34.998588,Jerusalem,Periphery
28699,צומת מחנה אורים/כביש 241,47,Beer Sheva / South,1,1,31,3,106,0.2925,31.318082,34.541235,South,Beer Sheva
13308,בן יהודה/ז'בוטינסקי,50,Tel Aviv / Center,1,1,30,3,2796,0.0107,32.090003,34.774032,Center,Tel Aviv
1048,בית חולים הלל יפה,23,Periphery / Center,1,1,30,9,1410,0.0213,32.451454,34.89828,Center,Periphery
13188,גשר בר אילן/כביש 4,37,Tel Aviv / Center,1,2,30,5,1470,0.0204,32.066814,34.839819,Center,Tel Aviv
2711,החשמל,32,Haifa / North,1,1,30,5,2112,0.0142,32.796691,35.019007,North,Haifa
4034,צומת בנימינה,19,Periphery / North,1,1,30,3,354,0.0847,32.517417,34.927922,North,Periphery
15876,דרך העצמאות / וייצמן,60,Tel Aviv / Center,1,1,30,5,1378,0.0218,32.028241,34.891065,Center,Tel Aviv
7666,מחנה ורד יריחו,69,Jerusalem,1,2,30,6,102,0.2941,31.822489,35.442191,Center,Periphery
737,שדרות בן גוריון/עוזי חיטמן,3,Tel Aviv / Center,1,1,30,5,552,0.0543,32.283045,34.845489,Center,Tel Aviv
35504,נאבי זכריא,2,Periphery / North,1,1,30,2,60,0.5,32.961956,35.175899,North,Periphery
34019,דרך הים/דרך יצחק כץ,26,Tel Aviv / Center,1,1,30,6,1190,0.0252,31.888059,34.778507,Center,Tel Aviv
1153,שד. הנשיא וייצמן/סמטת חי טייב,65,Periphery / North,1,1,30,5,556,0.054,32.511751,34.919206,North,Periphery
1149,דוד אלעזר/ הנשיא,19,Periphery / North,1,1,30,2,60,0.5,32.513492,34.918775,North,Periphery
14965,כיכר פתחיה,7,Tel Aviv / Center,1,1,30,3,124,0.2419,31.866158,34.88799,Center,Tel Aviv
38750,חנה ומיכאל לוין/אולגה ויהושע,12,Tel Aviv / Center,1,2,30,5,406,0.0739,31.965565,34.824364,Center,Tel Aviv
25209,א.ד. גורדון/ירושלים,17,Tel Aviv / Center,1,1,30,3,948,0.0316,32.088137,34.900643,Center,Tel Aviv
10831,צומת עדולם,44,Jerusalem / Center,1,1,30,4,106,0.283,31.683746,34.982086,Center,Periphery
38934,כביש 411 /דרך הים,26,Tel Aviv / Center,1,1,30,2,60,0.5,31.881759,34.78396,Center,Tel Aviv
15316,החיטה/הזית,60,Tel Aviv / Center,1,2,30,3,60,0.5,31.972086,34.895171,Center,Tel Aviv
36086,צומת תפוח למערב,38,Periphery / Center,1,1,30,7,170,0.1765,32.115592,35.25663,Center,Periphery
34571,מזכירות,54,Periphery / Center,1,1,30,3,110,0.2727,32.089657,35.342697,Center,Periphery
7100,מסעף כפר חנניה,5,Periphery / North,1,1,29,3,124,0.2339,32.916654,35.417089,North,Periphery
43829,דגניה/דרך יצחק רבין,17,Tel Aviv / Center,1,1,29,4,270,0.1074,32.086342,34.862109,Center,Tel Aviv
17983,מחלף גשר מוטה גור,18,Periphery / North,1,1,29,7,1364,0.0213,32.912047,35.278547,North,Periphery
7325,צומת אלמוג,42,Jerusalem / Center,1,2,29,6,614,0.0472,31.801417,35.453146,Center,Periphery
8428,צומת בית הערבה/כביש 90,42,Jerusalem / Center,1,1,29,3,352,0.0824,31.811199,35.496145,Center,Periphery
19922,מסעף רכסים,34,Haifa / North,1,1,29,3,244,0.1189,32.758462,35.09543,North,Haifa
18819,בנק מרכנתיל,33,Haifa / North,1,1,29,4,440,0.0659,32.872072,35.200624,North,Haifa
38742,גן תעשייה/אל-קפזה,40,Periphery / North,1,1,29,4,505,0.0574,32.681355,35.292832,North,Periphery
28638,משה סנה,20,Periphery / Center,1,1,28,19,4112,0.0068,31.778838,34.662757,Center,Periphery
51529,מסוף רדינג/רציפים,24,Tel Aviv / Center,1,2,28,5,609,0.046,32.098781,34.779474,Center,Tel Aviv
43372,אלטלנה,20,Periphery / Center,1,1,28,8,3856,0.0073,31.781948,34.655639,Center,Periphery
16940,צומת זכרון יעקב/כביש 4,19,Periphery / North,1,2,28,9,994,0.0282,32.571108,34.937372,North,Periphery
15790,דרך לוד / יגאל אלון,25,Tel Aviv / Center,1,1,28,3,1010,0.0277,32.035012,34.853771,Center,Tel Aviv
8332,גבעת המייסדים,42,Jerusalem / Center,1,1,28,8,190,0.1474,31.802635,35.330092,Center,Jerusalem
4750,מסעף כפר כמא מערב,16,Periphery / North,1,1,28,4,154,0.1818,32.717518,35.438137,North,Periphery
11848,בצלאל/כורזין,11,Jerusalem,1,1,27,4,754,0.0358,31.782499,35.209486,Jerusalem,Jerusalem
9426,רמב''ן/אבן עזרא,11,Jerusalem,1,3,27,6,1516,0.0178,31.774608,35.214336,Jerusalem,Jerusalem
38614,כביש 446/דרך קרית ספר,45,Tel Aviv / Center,1,1,27,4,336,0.0804,31.937315,35.034686,Center,Tel Aviv
26574,צומת מרכז שפירא,6,Periphery / Center,1,1,27,4,1040,0.026,31.700053,34.708042,Center,Periphery
38391,שדרות מנחם בגין/כביש 7,6,Periphery / Center,1,1,27,4,300,0.09,31.797844,34.78231,Center,Periphery
4863,שדה נחום,4,Periphery / North,1,1,27,3,266,0.1015,32.521095,35.483116,North,Periphery
11021,כיכר,15,Jerusalem,1,1,27,4,106,0.2547,31.761719,34.966412,Jerusalem,Periphery
40055,אריה תגר/רחל לייפר מילר,22,Periphery / Center,1,1,27,3,442,0.0611,31.699111,34.583865,Center,Periphery
39801,המרווה,15,Jerusalem,1,1,27,2,54,0.5,31.763328,34.78854,Center,Periphery
11054,מקווה,21,Periphery / Jerusalem,1,1,27,2,54,0.5,31.731135,34.999798,Jerusalem,Periphery
10108,דב יוסף/פת,9,Jerusalem,1,1,26,7,2736,0.0095,31.752883,35.199237,Jerusalem,Jerusalem
51149,רבי מאיר מפרימישלן/הרב מירב,38,Periphery / Center,1,1,26,10,746,0.0349,32.16373,35.138746,Center,Periphery
48914,רכבת/מסוף ביג,20,Periphery / Center,1,1,26,8,1306,0.0199,31.774616,34.664572,Center,Periphery
15611,ת. מרכזית נס ציונה,12,Tel Aviv / Center,1,1,26,7,3526,0.0074,31.925482,34.79794,Center,Tel Aviv
46662,רוטשילד/חוף הזהב ,65,Periphery / North,1,1,26,2,52,0.5,32.482948,34.893748,Center,Periphery
15428,צומת בילו,26,Tel Aviv / Center,1,1,26,9,3464,0.0075,31.872097,34.819403,Center,Tel Aviv
41741,כניסה מזרחית,5,Periphery / North,1,1,26,3,134,0.194,32.78869,35.195748,North,Haifa
12802,צומת שובל,49,Beer Sheva / South,1,1,26,3,102,0.2549,31.410551,34.747182,South,Beer Sheva
16062,הרצל/וייצמן,26,Tel Aviv / Center,1,1,26,9,4602,0.0056,31.897757,34.810693,Center,Tel Aviv
49736,צומת א-זיאדנה רהט,0,Beer Sheva / South,1,1,26,3,140,0.1857,31.422065,34.753558,South,Beer Sheva
7061,צומת מחנה צלמון,18,Periphery / North,1,1,26,4,84,0.3095,32.892075,35.358911,North,Periphery
15780,הראשונים/מבצע תש''ח,52,Tel Aviv / Center,1,1,26,5,578,0.045,31.868575,34.74807,Center,Tel Aviv
41739,מפעל קדמני,33,Haifa / North,1,1,26,3,234,0.1111,32.79095,35.195102,North,Haifa
36895,ת.מרכזית תל אביב קומה 7/רציפים,24,Tel Aviv / Center,1,1,26,2,196,0.1327,32.054886,34.780031,Center,Tel Aviv
10819,צומת האלה,6,Periphery / Center,1,1,26,5,178,0.1461,31.687721,34.946281,Center,Periphery
43321,ת.רכבת מזכרת בתיה/איסוף,26,Tel Aviv / Center,1,1,26,4,350,0.0743,31.841812,34.855859,Center,Tel Aviv
29349,דרך נמיר/שד' קק''ל,24,Tel Aviv / Center,1,2,25,6,2840,0.0088,32.12212,34.794165,Center,Tel Aviv
34170,בי''ס בית יעקב/עזרת תורה,15,Jerusalem,1,4,25,9,63,0.3968,31.798828,35.215709,Jerusalem,Jerusalem
10786,בר אילן/רבנו גרשום,39,Jerusalem,1,2,25,4,4528,0.0055,31.79472,35.218198,Jerusalem,Jerusalem
22249,שדרות החשמונאים/דם המכבים,36,Tel Aviv / Center,1,1,25,5,1102,0.0227,31.909352,35.014219,Center,Tel Aviv
43870,צומת אוסם לצפון,58,Haifa / North,1,1,25,4,112,0.2232,32.657563,35.10176,North,Haifa
35965,הרי ירושלים/השיקמה,36,Tel Aviv / Center,1,1,25,3,106,0.2358,31.915817,35.033436,Center,Periphery
111,פארק תעשיות שילת,36,Tel Aviv / Center,1,1,25,3,106,0.2358,31.914324,35.023589,Center,Tel Aviv
185,כפר רות,36,Tel Aviv / Center,1,1,25,4,106,0.2358,31.910108,35.033964,Center,Periphery
26573,צומת מרכז שפירא,6,Periphery / Center,1,1,25,6,1106,0.0226,31.699744,34.7068,Center,Periphery
38371,שדרות מנחם בגין/חיים הרצוג,6,Periphery / Center,1,2,25,6,262,0.0954,31.800339,34.783108,Center,Periphery
11479,תחנת רקל''ה סיירת דוכיפת/משה דיין,39,Jerusalem,1,1,25,6,6236,0.004,31.826083,35.240423,Jerusalem,Jerusalem
27776,צומת שובל,6,Periphery / Center,1,1,25,3,130,0.1923,31.411735,34.747809,South,Beer Sheva
27875,צומת יד מרדכי,22,Periphery / Center,1,2,25,9,714,0.035,31.587975,34.563934,Center,Periphery
28419,בית ספר אל הוזייל,49,Beer Sheva / South,1,1,25,3,96,0.2604,31.407537,34.75062,South,Beer Sheva
34566,צומת תפוח למזרח,54,Periphery / Center,1,1,25,2,50,0.5,32.115246,35.258058,Center,Periphery
12912,אורט סינגלובסקי/דרך הטייסים,25,Tel Aviv / Center,1,1,24,4,1930,0.0124,32.058525,34.803997,Center,Tel Aviv
12982,דרך השלום/חביבה רייק,25,Tel Aviv / Center,1,1,24,6,2288,0.0105,32.069428,34.802586,Center,Tel Aviv
13716,פנקס/רמז,50,Tel Aviv / Center,1,1,24,4,324,0.0741,32.090827,34.786229,Center,Tel Aviv
24208,שדרות בן גוריון/הנשיא,25,Tel Aviv / Center,1,1,24,5,2382,0.0101,32.058077,34.849641,Center,Tel Aviv
25704,מסוף קסטינה-מלאכי/הורדה ואילת,6,Periphery / Center,1,1,24,7,1268,0.0189,31.731452,34.756392,Center,Periphery
24207,שדרות בן גוריון/הנשיא,25,Tel Aviv / Center,1,1,24,7,2100,0.0114,32.059195,34.849046,Center,Tel Aviv
9362,בית וגן/שדרות הרצל,9,Jerusalem,1,5,24,11,1999,0.012,31.772776,35.183006,Jerusalem,Jerusalem
7054,סלמה,18,Periphery / North,1,1,24,5,90,0.2667,32.893402,35.360166,North,Periphery
3735,שמחה גולן/חניתה,32,Haifa / North,1,2,24,6,2912,0.0082,32.78686,35.016233,North,Haifa
47871,ת. מרכזית רחובות/רציפים,26,Tel Aviv / Center,1,1,24,5,160,0.15,31.893459,34.807735,Center,Tel Aviv
26552,צומת הודיה,13,Periphery / South,1,2,24,4,140,0.1714,31.68184,34.651908,Center,Periphery
35587,שדרות בית הלל/מרכז מסחרי,45,Tel Aviv / Center,1,1,24,5,2514,0.0095,31.936436,35.039463,Center,Tel Aviv
44967,צומת צאלון,1,Periphery / North,1,1,24,3,104,0.2308,32.835613,35.650525,North,Periphery
16254,שדרות בן גוריון/חזית הדרום,6,Periphery / Center,1,1,24,3,316,0.0759,31.808273,34.769409,Center,Periphery
51292,האנפה/הדוכיפת,52,Tel Aviv / Center,1,1,24,2,48,0.5,31.820956,34.756685,Center,Tel Aviv
26589,מחצבה,62,Periphery / South,1,1,24,2,48,0.5,31.038408,34.744095,South,Beer Sheva
26555,צומת גבעתי,13,Periphery / South,1,2,24,4,126,0.1905,31.654452,34.662691,Center,Periphery
3798,מחלף אור עקיבא,24,Tel Aviv / Center,1,1,24,5,1586,0.0151,32.504071,34.913587,North,Periphery
35191,חניון שביל הפלמ''ח/כביש 899,1,Periphery / North,1,1,24,3,90,0.2667,33.117841,35.56801,North,Periphery
20809,צומת ישע,48,Periphery / North,1,1,24,2,48,0.5,33.11313,35.555321,North,Periphery
5019,ביר אבו אל-ג'יש/דרך עפולה,40,Periphery / North,1,1,24,3,348,0.069,32.678172,35.28712,North,Periphery
16629,קיבוץ גלויות/ז'בוטינסקי,35,Tel Aviv / Center,1,1,24,7,480,0.05,32.091327,34.970119,Center,Tel Aviv
25201,בריכה,35,Tel Aviv / Center,1,1,24,3,76,0.3158,32.063936,34.946352,Center,Tel Aviv
2693,כיכר הציונות,59,Haifa / North,1,1,24,11,874,0.0275,32.711667,35.124503,North,Haifa
8905,שדרות נהר הירקון/אליהו הנביא,21,Periphery / Jerusalem,1,2,24,11,3016,0.008,31.706622,35.001382,Jerusalem,Periphery
7662,קבר רחל,11,Jerusalem,1,2,24,4,60,0.4,31.719843,35.202722,Jerusalem,Jerusalem
47788,ת.מרכזית תל אביב קומה 6/רציפים,24,Tel Aviv / Center,1,2,24,3,145,0.1655,32.055908,34.779085,Center,Tel Aviv
20813,צומת ישע,1,Periphery / North,1,1,24,3,88,0.2727,33.11368,35.555949,North,Periphery
10933,מסעף ישעי,6,Periphery / Center,1,1,24,3,96,0.25,31.748264,34.973924,Jerusalem,Periphery
48699,ישעי ח,6,Periphery / Center,1,1,24,3,96,0.25,31.751376,34.970619,Jerusalem,Periphery
35292,מסעף רמות נפתלי,48,Periphery / North,1,1,24,2,48,0.5,33.106278,35.557096,North,Periphery
37639,מכחול,53,Periphery / South,1,1,24,4,192,0.125,31.287238,35.073118,South,Periphery
3181,קניון לב המפרץ,34,Haifa / North,1,1,23,7,3940,0.0058,32.793427,35.038721,North,Haifa
19821,צומת מגידו,4,Periphery / North,1,1,23,16,1808,0.0127,32.572656,35.190945,North,Periphery
768,צומת קלנסאווה,10,Tel Aviv / Center,1,2,23,5,50,0.46,32.288955,34.985955,Center,Tel Aviv
15591,דרך המכבים/שדרות הציונות,12,Tel Aviv / Center,1,1,23,8,3322,0.0069,31.980172,34.808865,Center,Tel Aviv
16063,משטרה/הרצל,26,Tel Aviv / Center,1,1,23,6,4596,0.005,31.900216,34.809816,Center,Tel Aviv
26709,צומת הנגב,0,Beer Sheva / South,1,2,23,8,690,0.0333,31.065848,34.838401,South,Beer Sheva
25062,צומת בית נחמיה,7,Tel Aviv / Center,1,1,23,2,46,0.5,31.984409,34.950281,Center,Tel Aviv
38392,שדרות מנחם בגין/כביש 7,6,Periphery / Center,1,1,23,4,296,0.0777,31.797837,34.782544,Center,Periphery
25716,מסעף בית עזרא/כביש 3713,6,Periphery / Center,1,1,23,2,46,0.5,31.751054,34.664143,Center,Periphery
25720,השקד/התאנה,6,Periphery / Center,1,1,23,3,92,0.25,31.736982,34.659739,Center,Periphery
10830,צומת עדולם,44,Jerusalem / Center,1,1,23,3,86,0.2674,31.683287,34.981247,Center,Periphery
41766,5233/ג'לג'וליה יציאה,35,Tel Aviv / Center,1,1,23,6,226,0.1018,32.145333,34.952102,Center,Tel Aviv
27682,צומת אורים למזרח/כביש 234 ,47,Beer Sheva / South,1,1,23,3,150,0.1533,31.316567,34.526756,South,Periphery
3953,מרכז הכרמל/אודיטוריום,28,Haifa / North,1,1,22,6,4878,0.0045,32.803532,34.986717,North,Haifa
9595,פת/בעהם,9,Jerusalem,1,1,22,6,2342,0.0094,31.752897,35.200068,Jerusalem,Jerusalem
29190,אום רתאם ב,43,Periphery / South,1,1,22,3,466,0.0472,31.096664,34.998901,South,Periphery
29681,אינשטיין/ברודצקי,50,Tel Aviv / Center,1,1,22,4,416,0.0529,32.113008,34.798492,Center,Tel Aviv
13130,יגאל אלון/יצחק שדה,24,Tel Aviv / Center,1,1,22,5,3658,0.006,32.065464,34.792625,Center,Tel Aviv
13179,סמינר הקיבוצים/חיים לבנון,50,Tel Aviv / Center,1,1,22,10,6026,0.0037,32.102795,34.793726,Center,Tel Aviv
45041,אבן גבירול/ז'בוטינסקי,50,Tel Aviv / Center,1,1,22,5,6022,0.0037,32.08874,34.782552,Center,Tel Aviv
10451,חניון תלפיות/ברעם,9,Jerusalem,1,1,22,2,273,0.0806,31.745647,35.21286,Jerusalem,Jerusalem
3368,סחרוב,46,Haifa / North,1,1,22,16,11340,0.0019,32.790059,34.959315,North,Haifa
3825,צומת עתלית,19,Periphery / North,1,1,22,5,810,0.0272,32.710042,34.970338,North,Haifa
2809,דרך הים/הצופים,46,Haifa / North,1,1,22,3,1356,0.0162,32.805558,34.981773,North,Haifa
1989,טשרניחובסקי/פרץ חיות,28,Haifa / North,1,1,22,3,2730,0.0081,32.82034,34.974334,North,Haifa
18938,צומת מעגן,16,Periphery / North,1,2,22,5,326,0.0675,32.702391,35.602095,North,Periphery
47853,ת.מרכזית באר שבע/רציפים בינעירוני,0,Beer Sheva / South,1,1,22,3,205,0.1073,31.243017,34.796743,South,Beer Sheva
21296,צומת סוללים,5,Periphery / North,1,1,22,4,540,0.0407,32.75153,35.245227,North,Haifa
35382,הסוללים/מזכירות,8,Periphery / North,1,1,22,3,88,0.25,32.750912,35.238227,North,Haifa
35345,צומת זרזיר,5,Periphery / North,1,1,22,5,264,0.0833,32.734726,35.212709,North,Haifa
2689,כלא 6,19,Periphery / North,1,1,22,4,372,0.0591,32.710547,34.96967,North,Haifa
16937,פוריידיס/כביש 4 לדרום,19,Periphery / North,1,1,22,4,1020,0.0216,32.595734,34.949146,North,Haifa
1507,'גן שומרון ג,23,Periphery / Center,1,1,22,3,408,0.0539,32.463013,34.996615,Center,Periphery
34828,בית יתיר/מרכז,70,Periphery / South,1,2,22,4,376,0.0585,31.366089,35.111976,South,Periphery
42415,תחנת התרעננות/פונדק עין יהב,30,Periphery / South,1,1,22,5,502,0.0438,30.620758,35.194215,South,Periphery
47878,ת. מרכזית המפרץ/רציפים בינעירוני,34,Haifa / North,1,1,22,3,378,0.0582,32.793242,35.034178,North,Haifa
20675,מסעף נופית,59,Haifa / North,1,1,22,7,428,0.0514,32.738657,35.136834,North,Haifa
6879,מסעף אליקים למערב,58,Haifa / North,1,1,22,5,396,0.0556,32.635594,35.068832,North,Haifa
40740,מסעף זנוח,21,Periphery / Jerusalem,1,1,22,4,1442,0.0153,31.731204,35.005384,Jerusalem,Periphery
23446,רבי יהודה הנשיא/רבי עקיבא,67,Tel Aviv / Center,1,1,22,5,1834,0.012,32.051237,34.952551,Center,Tel Aviv
27684,צומת קיבוץ אורים לצפון,47,Beer Sheva / South,1,1,22,5,180,0.1222,31.308485,34.530245,South,Periphery
37075,קאסר א סיר 5,0,Beer Sheva / South,1,1,22,2,44,0.5,31.08203,34.988079,South,Periphery
35384,ציפורי 1,8,Periphery / North,1,1,22,2,44,0.5,32.741486,35.277204,North,Periphery
20492,שמשית/מזכירות,8,Periphery / North,1,1,22,3,88,0.25,32.735174,35.247883,North,Periphery
7728,ריחן,4,Periphery / North,1,1,22,4,148,0.1486,32.469566,35.136849,Center,Periphery
34838,ריחן/מרכז,4,Periphery / North,1,1,22,5,204,0.1078,32.469498,35.134527,Center,Periphery
34411,מוצב צופים 1,38,Periphery / Center,1,2,22,4,72,0.3056,32.196835,35.002481,Center,Tel Aviv
14938,דוד פלורנטין/החורשים,3,Tel Aviv / Center,1,1,21,3,122,0.1721,32.298877,34.919742,Center,Tel Aviv
35116,שדרות יצחק רבין/שושנת העמקים,55,Tel Aviv / Center,1,1,21,4,814,0.0258,32.295262,34.935954,Center,Tel Aviv
15314,פסח לב/ישראל זמורה,7,Tel Aviv / Center,1,1,21,4,1128,0.0186,31.968184,34.898215,Center,Tel Aviv
21634,בית ספר לבנות בית רבקה,7,Tel Aviv / Center,1,4,21,10,194,0.1082,31.994396,34.862601,Center,Tel Aviv
6027,מסעף כאבול,33,Haifa / North,1,1,21,4,258,0.0814,32.876979,35.17861,North,Haifa
21783,צומת רעננה מרכז,14,Tel Aviv / Center,1,1,21,2,42,0.5,32.176427,34.887965,Center,Tel Aviv
43749,יצחק רגר/שדרות שז''ר,0,Beer Sheva / South,1,1,21,5,2446,0.0086,31.251285,34.798682,South,Beer Sheva
40556,מרג'ה א,56,Periphery / Center,1,1,21,3,358,0.0587,32.357334,35.034801,Center,Periphery
50459,המייסדים/בית''ר,2,Periphery / North,1,1,21,3,88,0.2386,32.998542,35.297826,North,Periphery
18285,צומת חירם,2,Periphery / North,1,1,21,3,216,0.0972,33.026382,35.404609,North,Periphery
19866,מסעף בית ספר כדורי,4,Periphery / North,1,1,21,3,866,0.0242,32.704996,35.411909,North,Periphery
7257,דובב יציאה,1,Periphery / North,1,1,21,3,82,0.2561,33.05384,35.412073,North,Periphery
2094,מרכז ספורט/דורי,32,Haifa / North,1,2,20,8,1812,0.011,32.783529,35.019921,North,Haifa
47177,תמרת/כניסה,40,Periphery / North,1,1,20,3,80,0.25,32.699171,35.214489,North,Haifa
14542,עליית הנוער/נחלת יצחק,25,Tel Aviv / Center,1,1,20,5,528,0.0379,32.073374,34.800715,Center,Tel Aviv
18940,מסעף מעגן,16,Periphery / North,1,1,20,3,332,0.0602,32.704878,35.597654,North,Periphery
19957,צומת מעגן,1,Periphery / North,1,1,20,3,40,0.5,32.701673,35.603009,North,Periphery
29402,צומת הרצליה,50,Tel Aviv / Center,1,2,20,15,3816,0.0052,32.165855,34.813911,Center,Tel Aviv
13071,יצחק שדה/שונצינו,24,Tel Aviv / Center,1,1,20,5,2072,0.0097,32.065133,34.787835,Center,Tel Aviv
16105,מחלף גדרה לדרום,6,Periphery / Center,1,1,20,7,1684,0.0119,31.802698,34.764107,Center,Periphery
15418,מחלף גדרה לצפון/תחנת דלק,6,Periphery / Center,1,1,20,8,1186,0.0169,31.806571,34.765932,Center,Periphery
48500,מחלף גבעת מרדכי/יציאה לבגין דרום,9,Jerusalem,1,1,20,5,1562,0.0128,31.766395,35.192909,Jerusalem,Jerusalem
21322,צומת צריפין לדרום,7,Tel Aviv / Center,1,1,20,11,2410,0.0083,31.968557,34.844337,Center,Tel Aviv
11961,בטחה/כניסה ראשית,47,Beer Sheva / South,1,2,20,7,984,0.0203,31.329352,34.63544,South,Beer Sheva
16103,הרצל/ויצמן,26,Tel Aviv / Center,1,1,20,7,1210,0.0165,31.81843,34.77317,Center,Tel Aviv
40661,בניה  מזרח,52,Tel Aviv / Center,1,1,20,2,40,0.5,31.843046,34.744688,Center,Tel Aviv
15312,רבי אליעזר בן הורקנוס/4404,7,Tel Aviv / Center,1,1,20,3,1126,0.0178,31.968827,34.894613,Center,Tel Aviv
4319,מרכז/חד נס,1,Periphery / North,1,1,20,5,80,0.25,32.928173,35.641673,North,Periphery
16650,קניון עזריאלי הוד השרון/דרך רמתיים,10,Tel Aviv / Center,1,1,20,8,2216,0.009,32.14303,34.894369,Center,Tel Aviv
51293,האנפה/הדוכיפת,52,Tel Aviv / Center,1,1,20,2,40,0.5,31.820198,34.757263,Center,Tel Aviv
20698,צומת עדי,5,Periphery / North,1,1,20,6,136,0.1471,32.790216,35.17704,North,Haifa
10112,יקותיאל אדם/דוד ניב,39,Jerusalem,1,1,20,6,4682,0.0043,31.81926,35.238521,Jerusalem,Jerusalem
26770,צומת נבטים,0,Beer Sheva / South,1,1,20,5,624,0.0321,31.261066,35.038166,South,Beer Sheva
40444,צומת להב לצפון,0,Beer Sheva / South,1,2,20,6,82,0.2439,31.383863,34.877757,South,Beer Sheva
28625,ניר עם,13,Periphery / South,1,1,20,3,80,0.25,31.517498,34.585156,South,Periphery
7251,אזור תעשיה סאסא,2,Periphery / North,1,1,20,3,234,0.0855,33.026994,35.401234,North,Periphery
50455,הנחל/הזיתים,2,Periphery / North,1,1,20,3,88,0.2273,32.996451,35.295422,North,Periphery
18287,צומת חירם,1,Periphery / North,1,1,20,2,40,0.5,33.02645,35.405592,North,Periphery
17222,מחלף אור עקיבא,65,Periphery / North,1,1,20,6,170,0.1176,32.505068,34.915857,North,Periphery
21294,צומת נטופה,5,Periphery / North,1,1,20,6,1546,0.0129,32.808615,35.39885,North,Periphery
16487,משמר דוד מרכז,26,Tel Aviv / Center,1,1,20,4,78,0.2564,31.821993,34.901605,Center,Periphery
42412,תחנת התרעננות/פונדק חצבה,30,Periphery / South,1,1,20,6,486,0.0412,30.798872,35.243661,South,Periphery
49250,מסוף הרכבת/איסוף,21,Periphery / Jerusalem,1,1,20,5,605,0.0331,31.757548,34.987197,Jerusalem,Periphery
11091,צומת שמשון,15,Jerusalem,1,1,20,6,520,0.0385,31.776606,35.004321,Jerusalem,Jerusalem
50739,תחנת רכבת ראש העין צפון/רציפים,35,Tel Aviv / Center,1,1,20,3,88,0.2273,32.121176,34.934822,Center,Tel Aviv
27685,צומת אורים לדרום/כביש 234,47,Beer Sheva / South,1,1,20,5,244,0.082,31.315822,34.526321,South,Periphery
26975,ארז/מרכז,13,Periphery / South,1,1,20,2,40,0.5,31.560714,34.566109,Center,Periphery
195,קניון עיר ימים/זלמן שז''ר,3,Tel Aviv / Center,1,1,20,7,2012,0.0099,32.276837,34.847509,Center,Tel Aviv
47112,השיטה/תדהר,40,Periphery / North,1,1,20,3,80,0.25,32.703813,35.223969,North,Haifa
29407,צומת כפר שמריהו,24,Tel Aviv / Center,1,1,19,6,1318,0.0144,32.17945,34.815827,Center,Tel Aviv
3974,אוניברסיטה/רב תכליתי,32,Haifa / North,1,2,19,8,3542,0.0054,32.758828,35.021869,North,Haifa
13120,דרך זאב ז'בוטינסקי/מכון מור,37,Tel Aviv / Center,1,1,19,9,14786,0.0013,32.09139,34.824447,Center,Tel Aviv
18040,נשיאי ישראל/דרך השלום,18,Periphery / North,1,1,19,7,4024,0.0047,32.908586,35.285505,North,Periphery
9736,צומת חולדה,15,Jerusalem,1,1,19,3,78,0.2436,31.810274,34.899894,Center,Periphery
49720,כפר הנוער עדנים,6,Periphery / Center,1,1,19,3,130,0.1462,31.435128,34.761711,South,Beer Sheva
37803,קניון אושילנד/עתיר ידע,10,Tel Aviv / Center,1,1,19,3,734,0.0259,32.16545,34.928564,Center,Tel Aviv
5945,האלה/הברוש,2,Periphery / North,1,1,19,3,256,0.0742,32.974172,35.27714,North,Periphery
42493,צומת קצא''א,13,Periphery / South,1,1,19,5,608,0.0312,31.628041,34.585974,Center,Periphery
34735,עמוס/אל דוד,11,Jerusalem,1,1,19,7,534,0.0356,31.652781,35.227294,Center,Jerusalem
7692,דרך ירושלים/עמוס,11,Jerusalem,1,1,19,7,422,0.045,31.652577,35.226749,Center,Jerusalem
2699,עמוס/סיני,34,Haifa / North,1,1,18,3,778,0.0231,32.775451,35.03118,North,Haifa
9552,צומת פת/גולומב,9,Jerusalem,1,1,18,9,6246,0.0029,31.757465,35.197119,Jerusalem,Jerusalem
13423,גרינבוים/דרך בן צבי,31,Tel Aviv / Center,1,1,18,4,2234,0.0081,32.04452,34.767026,Center,Tel Aviv
44466,חוף בננה ביץ',24,Tel Aviv / Center,1,1,18,7,9534,0.0019,32.070602,34.763816,Center,Tel Aviv
14020,אצ''ל/הרב לנדרס,25,Tel Aviv / Center,1,1,18,3,2816,0.0064,32.069621,34.837687,Center,Tel Aviv
28327,צומת פלוגות לדרום,6,Periphery / Center,1,5,18,13,418,0.0431,31.625608,34.756787,Center,Periphery
41782,ת. מרכזית מודיעין מכבים רעות,36,Tel Aviv / Center,1,1,18,3,68,0.2647,31.899922,35.006593,Jerusalem,Tel Aviv
8494,מחלף לטרון,15,Jerusalem,1,1,18,7,402,0.0448,31.840045,34.990017,Jerusalem,Periphery
12884,אלוף שדה/כביש 4,25,Tel Aviv / Center,1,1,18,8,5744,0.0031,32.057419,34.832771,Center,Tel Aviv
1247,בר יהודה/גשר גדוד 21,34,Haifa / North,1,1,18,6,4752,0.0038,32.795426,35.021788,North,Haifa
36040,בית ספר תיכון אלקאסמי,56,Periphery / Center,1,1,18,5,943,0.0191,32.413792,35.035489,Center,Periphery
16248,וייצמן/סברדלוב,6,Periphery / Center,1,1,18,4,328,0.0549,31.817737,34.776491,Center,Tel Aviv
16249,בית המועצה/פינס,6,Periphery / Center,1,1,18,5,520,0.0346,31.815986,34.777464,Center,Tel Aviv
3960,צומת קישון,34,Haifa / North,1,1,18,2,36,0.5,32.790786,35.035743,North,Haifa
38159,בית הערבה/מגרש ספורט,42,Jerusalem / Center,1,2,18,4,46,0.3913,31.808996,35.478176,Center,Periphery
49246,חיים וייצמן/דרך הנפת הדגל,12,Tel Aviv / Center,1,1,18,2,36,0.5,31.920027,34.798321,Center,Tel Aviv
28561,צומת נבטים,53,Periphery / South,1,1,18,5,622,0.0289,31.261379,35.03626,South,Beer Sheva
35327,מחלף חורשים,35,Tel Aviv / Center,1,1,18,2,36,0.5,32.14899,34.947781,Center,Tel Aviv
54,מנחם בגין/יצחק רבין,6,Periphery / Center,1,1,18,4,316,0.057,31.799224,34.782985,Center,Periphery
41030,רבדים,6,Periphery / Center,1,1,18,3,158,0.1139,31.77329,34.816551,Center,Periphery
19877,צומת ערב אל היב,5,Periphery / North,1,1,18,4,1486,0.0121,32.767026,35.31151,North,Periphery
4313,צומת בית צידה,16,Periphery / North,1,1,18,3,44,0.4091,32.904255,35.632978,North,Periphery
22872,צומת אייל,10,Tel Aviv / Center,1,1,18,4,366,0.0492,32.209016,34.973128,Center,Tel Aviv
47999,ת. מרכזית ראשל''צ/רציפים,12,Tel Aviv / Center,1,1,18,2,36,0.5,31.96779,34.785633,Center,Tel Aviv
27795,צומת בית שיקמה,22,Periphery / Center,1,1,18,3,428,0.0421,31.65324,34.598341,Center,Periphery
39471,הפרדס/השזיף,13,Periphery / South,1,1,18,3,74,0.2432,31.644381,34.596247,Center,Periphery
42495,צומת קצא''א,22,Periphery / Center,1,1,18,5,578,0.0311,31.626743,34.585002,Center,Periphery
27057,צומת זיקים,13,Periphery / South,1,1,18,2,36,0.5,31.60271,34.570903,Center,Periphery
40446,צומת שומריה לדרום/כביש 358,6,Periphery / Center,1,2,18,4,36,0.5,31.423516,34.892323,South,Beer Sheva
4315,מסעף פארק הירדן,1,Periphery / North,1,1,18,3,62,0.2903,32.915985,35.632994,North,Periphery
51148,רבי מאיר מפרימישלן/הרב מירב,38,Periphery / Center,1,1,18,10,780,0.0231,32.163606,35.138632,Center,Periphery
27071,שביל האלון/שביל הדקל,13,Periphery / South,1,1,18,3,74,0.2432,31.648743,34.59694,Center,Periphery
51564,המלך ג'ורג'/קק''ל,15,Jerusalem,1,2,17,6,4404,0.0039,31.777615,35.215929,Jerusalem,Jerusalem
49330,ת. מרכזית חדרה,23,Periphery / Center,1,1,17,5,396,0.0429,32.436231,34.913683,Center,Periphery
22136,עמק בית שאן/שד. החשמונאים,36,Tel Aviv / Center,1,1,17,8,1196,0.0142,31.909284,35.005912,Center,Tel Aviv
47928,ת. מרכזית המפרץ/רציפים בינעירוני,34,Haifa / North,1,1,17,2,144,0.1181,32.793242,35.034178,North,Haifa
41738,שכונת מוקביל,33,Haifa / North,1,1,17,4,216,0.0787,32.792856,35.19087,North,Haifa
18890,חמדיה,16,Periphery / North,1,1,17,4,66,0.2576,32.519955,35.520837,North,Periphery
27660,צומת שער הנגב,13,Periphery / South,1,1,17,7,1410,0.0121,31.507919,34.587597,South,Periphery
41989,בית ספר בגין חט''ב/מיכאל גלפנשטיין,65,Periphery / North,1,1,17,4,1216,0.014,32.501942,34.919923,North,Periphery
5750,מחלף נחל צלמון/לדרום,1,Periphery / North,1,1,17,4,1014,0.0168,32.866411,35.456037,North,Periphery
4942,שאול המלך/דבורה הנביאה,54,Periphery / Center,1,1,17,4,884,0.0192,32.504338,35.493333,North,Periphery
48824, מסעף נווה מונסון/כביש 412,60,Tel Aviv / Center,1,1,17,5,342,0.0497,32.02445,34.876096,Center,Tel Aviv
27896,צומת זיקים,22,Periphery / Center,1,1,17,5,454,0.0374,31.601868,34.571096,Center,Periphery
16032,אודם/הרב שלום יצחק,7,Tel Aviv / Center,1,1,17,5,102,0.1667,32.019656,34.942278,Center,Tel Aviv
41740,מפעל קדמני,5,Periphery / North,1,1,17,3,125,0.136,32.790398,35.195384,North,Haifa
26997,האתרוג/התמר,22,Periphery / Center,1,1,17,2,34,0.5,31.637946,34.613008,Center,Periphery
1839,עמוס/סיני,34,Haifa / North,1,1,16,3,774,0.0207,32.775472,35.031297,North,Haifa
4311,צומת יהודיה,16,Periphery / North,1,2,16,4,32,0.5,32.903472,35.646644,North,Periphery
41819,מסעף נווה הרצוג,20,Periphery / Center,1,1,16,4,64,0.25,31.82989,34.694207,Center,Tel Aviv
1097,דוד שמעוני/קלז,23,Periphery / Center,1,1,16,9,3740,0.0043,32.438956,34.909169,Center,Periphery
11177,הרב בלוך/מעלות קדושי טלז,15,Jerusalem,1,1,16,4,1312,0.0122,31.803007,35.098829,Jerusalem,Jerusalem
42882,ת. רכבת תל אביב- סבידור/רציפים A,24,Tel Aviv / Center,1,1,16,3,321,0.0498,32.083157,34.796089,Center,Tel Aviv
40898,שלום עליכם/שדרות פנחס לבון,3,Tel Aviv / Center,1,1,16,6,2998,0.0053,32.287589,34.855718,Center,Tel Aviv
21513,כפר טרומן,7,Tel Aviv / Center,1,1,16,9,1360,0.0118,31.984289,34.917057,Center,Tel Aviv
36041,מרכז תרבות אלקאסמי,56,Periphery / Center,1,1,16,7,965,0.0166,32.415045,35.035405,Center,Periphery
37108,צומת בני דרור למזרח,55,Tel Aviv / Center,1,1,16,5,424,0.0377,32.257813,34.900012,Center,Tel Aviv
37112,מחלף דרור,55,Tel Aviv / Center,1,1,16,5,430,0.0372,32.255691,34.892981,Center,Tel Aviv
26415,בית יוסף/הגבעה,0,Beer Sheva / South,1,2,16,6,565,0.0283,31.323291,34.686189,South,Beer Sheva
16010,כביש 42/נטעים,52,Tel Aviv / Center,1,1,16,4,44,0.3636,31.943505,34.78053,Center,Tel Aviv
4317,מסעף חד נס,1,Periphery / North,1,1,16,4,76,0.2105,32.928019,35.63776,North,Periphery
37027,כליל/מרכז,2,Periphery / North,1,2,16,4,62,0.2581,32.984989,35.198771,North,Periphery
24393,טשרניחובסקי/ויצמן,10,Tel Aviv / Center,1,1,16,8,2952,0.0054,32.177761,34.894199,Center,Tel Aviv
866,בי''ח מאיר/טשרניחובסקי,10,Tel Aviv / Center,1,1,16,8,1872,0.0085,32.181056,34.897786,Center,Tel Aviv
18041,נשיאי ישראל/בית הכרם,18,Periphery / North,1,1,16,10,4466,0.0036,32.908896,35.285332,North,Periphery
7002,נשיאי ישראל/אורט בראודה,18,Periphery / North,1,1,16,6,1136,0.0141,32.911062,35.279593,North,Periphery
7714,צומת אלמוג,69,Jerusalem,1,1,16,3,50,0.32,31.802294,35.449641,Center,Periphery
14609,איקאה/מרק מושביץ,12,Tel Aviv / Center,1,1,16,3,294,0.0544,31.950982,34.770578,Center,Tel Aviv
25339,העצמאות/רימון,55,Tel Aviv / Center,1,1,16,4,372,0.043,32.280893,34.890865,Center,Tel Aviv
20159,שכונה דרומית א,33,Haifa / North,1,2,16,4,110,0.1455,32.77257,35.21809,North,Haifa
11178,מסעף קריית יערים,15,Jerusalem,1,1,16,6,1028,0.0156,31.803874,35.099083,Jerusalem,Jerusalem
884,שד' מנחם בגין/משה סנה,14,Tel Aviv / Center,1,1,16,5,662,0.0242,32.189361,34.898453,Center,Tel Aviv
5561,מסוף בית שאן/שדרות מנחם בגין,54,Periphery / Center,1,1,16,4,148,0.1081,32.49816,35.505008,Center,Periphery
43677,ביר הדאג' 1,62,Periphery / South,1,1,16,2,32,0.5,31.025706,34.736572,South,Periphery
44260,זכריה הנביא/אליהו הנביא,21,Periphery / Jerusalem,1,1,16,7,3050,0.0052,31.700647,34.977088,Jerusalem,Periphery
931,בורוכוב/וייצמן,14,Tel Aviv / Center,1,1,16,6,746,0.0214,32.192385,34.878513,Center,Tel Aviv
50037,בית עלמין בית שאן/כביש 90,16,Periphery / North,1,1,16,3,316,0.0506,32.500798,35.511915,North,Periphery
35,רשות שדות התעופה/העליה,7,Tel Aviv / Center,1,1,16,6,686,0.0233,31.990876,34.8976,Center,Tel Aviv
35015,נגוהות/מרכז,6,Periphery / Center,1,1,16,3,48,0.3333,31.492462,34.983536,South,Periphery
8001,סובה מרכז אדוריים,70,Periphery / South,1,1,16,4,220,0.0727,31.484802,35.044715,South,Periphery
10816,צומת ליאון שריגים,6,Periphery / Center,1,1,16,5,376,0.0426,31.672442,34.936043,Center,Periphery
21299,מבוא חמה,1,Periphery / North,1,1,16,5,110,0.1455,32.738476,35.656421,North,Periphery
15908,שדרות אהרון קציר/מנדס,25,Tel Aviv / Center,1,1,15,6,3308,0.0045,32.053397,34.848048,Center,Tel Aviv
43771,שדרות יחד שבטי ישראל/הרב אלישיב,7,Tel Aviv / Center,1,1,15,6,1328,0.0113,31.93504,34.896984,Center,Tel Aviv
16189,ויצמן/המאה ואחד,12,Tel Aviv / Center,1,2,15,6,2988,0.005,31.936025,34.799704,Center,Tel Aviv
3958,קריית הממשלה/העצמאות,28,Haifa / North,1,1,15,5,1264,0.0119,32.817235,35.002335,North,Haifa
1358,דרך אהרון/חווה חקלאית,19,Periphery / North,1,2,15,10,1556,0.0096,32.565948,34.956854,North,Periphery
42903,צומת כליל,2,Periphery / North,1,2,15,3,30,0.5,32.988776,35.146611,North,Periphery
15354,בן גוריון / הפרדס,25,Tel Aviv / Center,1,1,15,8,2312,0.0065,32.056036,34.85145,Center,Tel Aviv
46514,מחלף יפתחאל/784,5,Periphery / North,1,1,15,7,660,0.0227,32.768535,35.227262,North,Haifa
20158,ביר אל מכסור כניסה,33,Haifa / North,1,1,15,2,74,0.2027,32.773196,35.214813,North,Haifa
43772,שדרות יחד שבטי ישראל/שבט שמעון,7,Tel Aviv / Center,1,1,15,9,1116,0.0134,31.93397,34.89637,Center,Tel Aviv
11136,צומת צור הדסה,44,Jerusalem / Center,1,1,15,9,1112,0.0135,31.722695,35.093748,Jerusalem,Jerusalem
20374,מחלף נחל צלמון/לצפון,1,Periphery / North,1,1,15,4,1046,0.0143,32.863968,35.455499,North,Periphery
28685,בית ספר חופים,22,Periphery / Center,1,1,15,4,64,0.2344,31.588045,34.560417,Center,Periphery
9483,ארץ חפץ/חטיבת הראל,41,Jerusalem,1,1,14,3,3110,0.0045,31.796298,35.222988,Jerusalem,Jerusalem
13534,הרכבת/דרך מנחם בגין,24,Tel Aviv / Center,1,1,14,5,1298,0.0108,32.063377,34.778495,Center,Tel Aviv
8732,תחנת רקל''ה הרוזמרין/דב יוסף,9,Jerusalem,1,1,14,8,3044,0.0046,31.734036,35.194675,Jerusalem,Jerusalem
1501,צומת מנשה,23,Periphery / Center,1,1,14,3,428,0.0327,32.464459,34.994487,Center,Periphery
23461,רבי יהודה הנשיא/אבן גבירול,67,Tel Aviv / Center,1,1,14,8,1774,0.0079,32.052174,34.956266,Center,Tel Aviv
16205,בי''ח בלינסון/גשר מבצע ארנון,17,Tel Aviv / Center,1,1,14,17,10712,0.0013,32.091161,34.86787,Center,Tel Aviv
207,קניון עיר ימים/זלמן שז''ר,3,Tel Aviv / Center,1,1,14,6,2036,0.0069,32.277813,34.848946,Center,Tel Aviv
35170,שדרות בן צבי/שדרות אגם כנרת,3,Tel Aviv / Center,1,1,14,7,5464,0.0026,32.291134,34.853662,Center,Tel Aviv
34119,כביש 4311/כביש 412,12,Tel Aviv / Center,1,1,14,5,578,0.0242,31.95373,34.778514,Center,Tel Aviv
3512,אוניברסיטה/איי. בי. אם,32,Haifa / North,1,1,14,6,4412,0.0032,32.763805,35.01591,North,Haifa
42724,צומת בית רימון,8,Periphery / North,1,1,14,2,28,0.5,32.763327,35.344276,North,Periphery
48349,מסוף רעננה/רציפים,3,Tel Aviv / Center,1,2,14,5,151,0.0927,32.175565,34.890269,Center,Tel Aviv
27594,שדרות הרצל/כצנלסון,47,Beer Sheva / South,1,2,14,7,1988,0.007,31.313272,34.621376,South,Beer Sheva
44197,שדרות דוד טוביהו/לימונית,0,Beer Sheva / South,1,1,14,8,1504,0.0093,31.259409,34.756134,South,Beer Sheva
20123,בית ספר אורתודוקסי,33,Haifa / North,1,1,14,5,310,0.0452,32.800727,35.170118,North,Haifa
19707,מפעלי פלדה,29,Haifa / North,1,2,14,4,776,0.018,32.888638,35.09456,North,Haifa
15578,כביש 42/נטעים,52,Tel Aviv / Center,1,1,14,2,28,0.5,31.944577,34.781611,Center,Tel Aviv
27827,שדרות דוד טוביהו/מוטה גור,0,Beer Sheva / South,1,1,14,6,1350,0.0104,31.262809,34.749221,South,Beer Sheva
21917,צומת רחובות/מערב לצפון,52,Tel Aviv / Center,1,1,14,4,234,0.0598,31.902303,34.763962,Center,Tel Aviv
34843,אלמוג/בריכת שחייה,69,Jerusalem,1,1,14,6,112,0.125,31.78943,35.461242,Center,Periphery
1579,צומת מצר לצפון,56,Periphery / Center,1,1,14,4,502,0.0279,32.436761,35.025133,Center,Periphery
22322,הרדוף/דרך בן גוריון,26,Tel Aviv / Center,1,1,14,3,678,0.0206,31.891743,34.772597,Center,Tel Aviv
24748,צומת גן חיים,10,Tel Aviv / Center,1,1,14,3,396,0.0354,32.192226,34.908605,Center,Tel Aviv
42884,ת. רכבת תל אביב- סבידור/רציפים A,50,Tel Aviv / Center,1,1,14,3,67,0.209,32.083157,34.796089,Center,Tel Aviv
16771,הסיתוונית/הרקפת,35,Tel Aviv / Center,1,1,14,3,40,0.35,32.070487,34.955705,Center,Tel Aviv
36541,ת.מרכזית תל אביב קומה 7/רציפים,24,Tel Aviv / Center,1,1,14,2,138,0.1014,32.056413,34.779452,Center,Tel Aviv
2492,בית ספר קרית עמל/קק''ל,59,Haifa / North,1,1,14,6,627,0.0223,32.710766,35.121684,North,Haifa
40190,אל פולאת,59,Haifa / North,1,1,14,5,492,0.0285,32.733134,35.134059,North,Haifa
11068,בן איש חי ג,21,Periphery / Jerusalem,1,2,14,5,1938,0.0072,31.744753,34.998183,Jerusalem,Periphery
44261,זכריה הנביא/שדרות האמוראים,21,Periphery / Jerusalem,1,1,14,6,2348,0.006,31.703301,34.975458,Jerusalem,Periphery
15992,צומת ג'לג'וליה,35,Tel Aviv / Center,1,1,14,4,40,0.35,32.152639,34.947665,Center,Tel Aviv
10402,חיל ההנדסה/נעמי קיס,11,Jerusalem,1,1,13,7,5268,0.0025,31.785275,35.227493,Jerusalem,Jerusalem
4895,צומת מגידו,4,Periphery / North,1,1,13,10,400,0.0325,32.572085,35.19223,North,Periphery
44503,שד' גולדה מאיר/שד' הרצל,43,Periphery / South,1,2,13,9,773,0.0168,31.068233,35.03214,South,Periphery
2866,ערד/סובה,32,Haifa / North,1,1,13,3,879,0.0148,32.790416,35.022195,North,Haifa
15851,קניון סביונים/נווה מונסון,60,Tel Aviv / Center,1,1,13,3,1722,0.0075,32.030185,34.876495,Center,Tel Aviv
40559,זית/רימון,3,Tel Aviv / Center,1,1,13,6,224,0.058,32.350738,35.01517,Center,Periphery
20217,מסעף חוף גולן,1,Periphery / North,1,1,13,3,130,0.1,32.848119,35.652784,North,Periphery
18441,נוף הגליל/יציאה,8,Periphery / North,1,1,13,8,482,0.027,32.727396,35.324081,North,Periphery
21148,נוף הגליל/כניסה צפונית,8,Periphery / North,1,1,13,6,544,0.0239,32.726987,35.324986,North,Periphery
16462,שדרות ירושלים/הקישון,52,Tel Aviv / Center,1,1,13,4,1454,0.0089,31.886897,34.733563,Center,Tel Aviv
42454,מסוף בית שאן/שדרות מנחם בגין,16,Periphery / North,1,1,13,2,26,0.5,32.49816,35.505008,Center,Periphery
4001,צומת בת שלמה,58,Haifa / North,1,1,13,5,530,0.0245,32.598208,35.005515,North,Haifa
25107,דרך המכבים/אלי כהן,12,Tel Aviv / Center,1,1,13,6,3192,0.0041,31.984633,34.81074,Center,Tel Aviv
28555,מחלף מולדה,0,Beer Sheva / South,1,1,13,5,610,0.0213,31.267596,34.970924,South,Beer Sheva
168,הירדן/דן,7,Tel Aviv / Center,1,1,13,2,26,0.5,31.915489,34.852139,Center,Tel Aviv
166,חרוד/הירדן,26,Tel Aviv / Center,1,1,13,2,26,0.5,31.915977,34.848217,Center,Tel Aviv
28763,מועצה מקומית,0,Beer Sheva / South,1,2,13,5,356,0.0365,31.161487,35.019999,South,Beer Sheva
40818,ת. רכבת בית שאן/הורדה,54,Periphery / Center,1,1,13,2,530,0.0245,32.515538,35.48903,North,Periphery
33843,מחנה צבא/אהרון יריב,50,Tel Aviv / Center,1,1,13,2,54,0.2407,32.142046,34.817527,Center,Tel Aviv
49025,אלסייד/המסגד,0,Beer Sheva / South,1,1,13,2,26,0.5,31.285568,34.913028,South,Beer Sheva
50763,סעווה/יציאה,53,Periphery / South,1,1,13,2,26,0.5,31.264745,34.972546,South,Beer Sheva
15582,שד. הסנהדרין/שד. ירושלים,52,Tel Aviv / Center,1,1,12,7,456,0.0263,31.887865,34.734514,Center,Tel Aviv
15725,בית ספר אורמת/נחל חריף,52,Tel Aviv / Center,1,1,12,4,168,0.0714,31.894514,34.734783,Center,Tel Aviv
13333,דרך ז'בוטינסקי/קריניצי,37,Tel Aviv / Center,1,1,12,5,3462,0.0035,32.090278,34.820649,Center,Tel Aviv
48294,מסוף אלוף שדה,25,Tel Aviv / Center,1,2,12,6,1332,0.009,32.054928,34.833997,Center,Tel Aviv
36133,מרכזית המפרץ/שדרות ההסתדרות,34,Haifa / North,1,1,12,3,48,0.25,32.791771,35.034289,North,Haifa
1479,שער העמקים,34,Haifa / North,1,1,12,3,2116,0.0057,32.721487,35.112411,North,Haifa
43862,ישיבת תקוות יעקב,58,Haifa / North,1,1,12,2,24,0.5,32.703523,35.135124,North,Haifa
20018,צומת מעלה גמלא,1,Periphery / North,1,1,12,4,110,0.1091,32.882927,35.660673,North,Periphery
16011,כביש 42/בית חנן,52,Tel Aviv / Center,1,1,12,4,172,0.0698,31.935696,34.778269,Center,Tel Aviv
29459,משה סנה/צה''ל,14,Tel Aviv / Center,1,1,12,3,660,0.0182,32.121348,34.82524,Center,Tel Aviv
35320,אזור תעשייה לב הארץ,35,Tel Aviv / Center,1,1,12,7,420,0.0286,32.106362,34.955343,Center,Tel Aviv
22063,צומת מבוא מודיעים,45,Tel Aviv / Center,1,1,12,5,2142,0.0056,31.93737,34.986635,Center,Tel Aviv
22143,עמק האלה /הלוח העברי,36,Tel Aviv / Center,1,1,12,5,1772,0.0068,31.916035,35.004464,Center,Tel Aviv
35834,הגיבורים,28,Haifa / North,1,1,12,4,3460,0.0035,32.800713,35.012629,North,Haifa
22822,שדרות רחבעם זאבי/יוסף ספיר,12,Tel Aviv / Center,1,1,12,6,1842,0.0065,31.990268,34.750133,Center,Tel Aviv
2988,בית ספר בית יעקב/המיימוני,28,Haifa / North,1,2,12,7,1090,0.011,32.803703,34.995862,North,Haifa
1916,הצופים/שדרות יצחק,28,Haifa / North,1,1,12,3,452,0.0265,32.805083,34.980799,North,Haifa
2853,בית ספר אופקים/דרך הים,46,Haifa / North,1,1,12,3,1380,0.0087,32.806817,34.980077,North,Haifa
39927,יגאל ידין/יהודה איתין,27,Haifa / North,1,1,12,4,552,0.0217,32.815275,35.053019,North,Haifa
1359,דרך אהרון/דרך שרה,19,Periphery / North,1,1,12,9,1594,0.0075,32.566511,34.956423,North,Periphery
26559,מסעף מחנה עמנואל,6,Periphery / Center,1,1,12,3,1014,0.0118,31.690605,34.677882,Center,Periphery
16014,עיינות/כביש 42,52,Tel Aviv / Center,1,1,12,3,274,0.0438,31.914567,34.770944,Center,Tel Aviv
34016,הרדוף/דוד אלעזר,26,Tel Aviv / Center,1,1,12,5,690,0.0174,31.892169,34.773339,Center,Tel Aviv
27911,צומת גבעתי,6,Periphery / Center,1,1,12,7,522,0.023,31.652754,34.664513,Center,Periphery
161,ביאליק/חניתה,7,Tel Aviv / Center,1,1,12,4,298,0.0403,31.924484,34.870366,Center,Tel Aviv
15422,מסעף קדרון/כביש 40,26,Tel Aviv / Center,1,1,12,5,1074,0.0112,31.825447,34.776095,Center,Tel Aviv
27912,צומת נגבה,6,Periphery / Center,1,1,12,5,518,0.0232,31.64795,34.679027,Center,Periphery
26554,צומת הודיה,6,Periphery / Center,1,1,12,3,986,0.0122,31.683079,34.654005,Center,Periphery
39216,מרכז מסחרי/אפיקים בנגב,47,Beer Sheva / South,1,1,12,5,1076,0.0112,31.321418,34.623059,South,Beer Sheva
12405,שד.הרצל/משעול איריס,47,Beer Sheva / South,1,2,12,5,2310,0.0052,31.312614,34.621553,South,Beer Sheva
28226,קופת חולים כללית,0,Beer Sheva / South,1,1,12,6,446,0.0269,31.298715,34.938829,South,Beer Sheva
10685,שמואל מאיר/כביש 398,11,Jerusalem,1,2,12,10,3060,0.0039,31.73193,35.21971,Jerusalem,Jerusalem
21430,ביאליק/הרב עובדיה סומך,7,Tel Aviv / Center,1,1,12,4,296,0.0405,31.924009,34.870128,Center,Tel Aviv
15599,מושב גאליה,26,Tel Aviv / Center,1,1,12,4,540,0.0222,31.881911,34.768451,Center,Tel Aviv
25155,מחלף חורשים,35,Tel Aviv / Center,1,1,12,6,156,0.0769,32.140634,34.963437,Center,Tel Aviv
50577,מרכז תחבורתי הארזים/בינעירוני,41,Jerusalem,1,1,12,3,292,0.0411,31.808418,35.204844,Jerusalem,Jerusalem
43679,יציאה מערבית,18,Periphery / North,1,1,12,3,148,0.0811,32.963428,35.298289,North,Periphery
40306,מסגד,5,Periphery / North,1,1,12,4,455,0.0264,32.80778,35.373047,North,Periphery
37632,מצפה נטופה/מרכז,5,Periphery / North,1,1,12,3,48,0.25,32.802565,35.38399,North,Periphery
43403,מסוף קניון ג'י/הורדה,58,Haifa / North,1,1,12,2,605,0.0198,32.658918,35.104311,North,Haifa
3083,רכבת העמק/מנחם בגין,59,Haifa / North,1,1,12,4,118,0.1017,32.713942,35.10395,North,Haifa
11223,מסעף סטף,63,Jerusalem,1,1,12,3,132,0.0909,31.777327,35.129901,Jerusalem,Jerusalem
40445,צומת שומריה לצפון/כביש 358,6,Periphery / Center,1,1,12,3,64,0.1875,31.424739,34.893075,South,Beer Sheva
6900,כיכר תבור,58,Haifa / North,1,1,12,3,318,0.0377,32.662631,35.104223,North,Haifa
40022,עין יעל,9,Jerusalem,1,1,12,4,148,0.0811,31.744308,35.179714,Jerusalem,Jerusalem
43914,מסד/מרכז,5,Periphery / North,1,1,12,4,160,0.075,32.843974,35.424349,North,Periphery
41831,התמר/הגפן,52,Tel Aviv / Center,1,1,12,3,48,0.25,31.861634,34.757081,Center,Tel Aviv
9473,הטורים/רש''י,15,Jerusalem,1,1,11,4,425,0.0259,31.787832,35.210362,Jerusalem,Jerusalem
17457,יוסף לוי /חרושת,27,Haifa / North,1,1,11,2,185,0.0595,32.872262,35.097576,North,Haifa
17458,יוסף לוי/חרושת,27,Haifa / North,1,1,11,2,195,0.0564,32.872135,35.097667,North,Haifa
8464,צומת מודיעין,15,Jerusalem,1,1,11,6,480,0.0229,31.854821,35.004205,Jerusalem,Periphery
935,שדרות וייצמן/החרושת,14,Tel Aviv / Center,1,1,11,8,724,0.0152,32.192441,34.880435,Center,Tel Aviv
35306,אוניברסיטת רייכמן/מנחם בגין,14,Tel Aviv / Center,1,1,11,7,460,0.0239,32.177482,34.837112,Center,Tel Aviv
26781,פארק ערד,53,Periphery / South,1,1,11,4,590,0.0186,31.254804,35.16025,South,Periphery
37781,צומת תל ערד/כביש 80,0,Beer Sheva / South,1,1,11,2,22,0.5,31.254829,35.124633,South,Periphery
38715,אוניברסיטת אבו דיס,11,Jerusalem,1,1,11,2,75,0.1467,31.755772,35.259659,Jerusalem,Jerusalem
12549,הר עמשא מרכז,0,Beer Sheva / South,1,1,11,5,94,0.117,31.344064,35.100262,South,Periphery
34827,כביש 316/דרך בית יתיר,0,Beer Sheva / South,1,1,11,2,22,0.5,31.366331,35.114079,South,Periphery
12271,צומת הערבה/כביש 25 למזרח,30,Periphery / South,1,1,11,4,126,0.0873,30.989712,35.311157,South,Periphery
5926,צומת רמת גבריאל,40,Periphery / North,1,1,11,4,80,0.1375,32.692539,35.25137,North,Periphery
40878,ת. רכבת בית שאן/איסוף,54,Periphery / Center,1,1,11,3,162,0.0679,32.515272,35.488908,North,Periphery
43935,צים סנטר/אזור התעשייה,16,Periphery / North,1,1,11,2,22,0.5,32.511806,35.501297,North,Periphery
11222,מסעף סטף,63,Jerusalem,1,1,11,3,128,0.0859,31.777759,35.129224,Jerusalem,Jerusalem
11556,כביש 395/כביש 386,9,Jerusalem,1,1,11,4,436,0.0252,31.772833,35.153612,Jerusalem,Jerusalem
22002,צומת גבעת כ''ח,45,Tel Aviv / Center,1,1,11,3,70,0.1571,32.034423,34.95686,Center,Tel Aviv
23438,רבי יהודה הנשיא/חוני המעגל,67,Tel Aviv / Center,1,1,11,8,1712,0.0064,32.051703,34.950288,Center,Tel Aviv
15977,קיבוץ גלויות/מגדל המים,10,Tel Aviv / Center,1,1,11,2,22,0.5,32.209893,34.882565,Center,Tel Aviv
10935,מסעף ישעי,6,Periphery / Center,1,1,11,2,22,0.5,31.747558,34.974393,Jerusalem,Periphery
10932,מסעף ישעי,6,Periphery / Center,1,1,11,3,70,0.1571,31.747428,34.974089,Jerusalem,Periphery
37779,נח''ל טוב/כביש 80,0,Beer Sheva / South,1,1,11,2,22,0.5,31.285341,35.130043,South,Periphery
12974,שד' קק''ל/אופנהיימר,50,Tel Aviv / Center,1,1,10,7,926,0.0108,32.121636,34.80015,Center,Tel Aviv
27809,צומת פלוגות לצפון,6,Periphery / Center,1,3,10,13,1304,0.0077,31.626417,34.758679,Center,Periphery
15990,צומת נמל אשדוד,20,Periphery / Center,1,1,10,7,2830,0.0035,31.827606,34.670755,Center,Periphery
29467,צומת כפר שמריהו,50,Tel Aviv / Center,1,1,10,5,762,0.0131,32.18075,34.81606,Center,Tel Aviv
15355,צומת נמל אשדוד,20,Periphery / Center,1,1,10,6,2700,0.0037,31.828025,34.671823,Center,Periphery
17115,מרכז מסחרי,61,Haifa / North,1,1,10,3,1541,0.0065,32.733092,35.047226,North,Haifa
39238,י.ל. פרץ/פרישמן,57,Haifa / North,1,2,10,4,20,0.5,32.814089,35.102692,North,Haifa
26886,צומת מחנה נתן,0,Beer Sheva / South,1,1,10,9,980,0.0102,31.219722,34.804661,South,Beer Sheva
43742,דוד אלעזר/ישראל שמיד,12,Tel Aviv / Center,1,2,10,8,44,0.2273,31.931214,34.812312,Center,Tel Aviv
9479,חנה,15,Jerusalem,1,1,10,3,414,0.0242,31.794401,35.213278,Jerusalem,Jerusalem
17771,צומת כליל,29,Haifa / North,1,1,10,4,238,0.042,32.98913,35.145755,North,Periphery
16565,הרב שלום שבזי/יהודה הלוי,35,Tel Aviv / Center,1,1,10,8,2142,0.0047,32.087758,34.953017,Center,Tel Aviv
47948,ת. מרכזית המפרץ/רציפים בינעירוני,27,Haifa / North,1,1,10,2,293,0.0341,32.793242,35.034178,North,Haifa
28282,גדוד אריה,62,Periphery / South,1,2,10,4,20,0.5,30.941078,34.874771,South,Periphery
39214,דרך הרכבת/תוצרת הארץ,47,Beer Sheva / South,1,1,10,8,990,0.0101,31.32152,34.628201,South,Beer Sheva
5592,צומת ג'ת ינוח,2,Periphery / North,1,1,10,3,80,0.125,32.974634,35.180194,North,Periphery
17090,עוקף דאליה,61,Haifa / North,1,1,10,4,212,0.0472,32.695503,35.062657,North,Haifa
2751,מצפור איזן,61,Haifa / North,1,1,10,3,1512,0.0066,32.733384,35.046589,North,Haifa
14468,המעפילים/נורדאו,14,Tel Aviv / Center,1,1,10,4,382,0.0262,32.179859,34.817974,Center,Tel Aviv
12067,מסעף נאות הככר/כביש 90לדרום,30,Periphery / South,1,1,10,4,128,0.0781,30.994817,35.340756,South,Periphery
38142,בית אורן/מרכז,61,Haifa / North,1,1,10,2,24,0.4167,32.730743,35.007032,North,Haifa
23460,רבי יהודה הנשיא/רבי מאיר,67,Tel Aviv / Center,1,1,10,7,2050,0.0049,32.051983,34.956253,Center,Tel Aviv
948,החרושת/ויצמן,14,Tel Aviv / Center,1,1,10,4,1164,0.0086,32.193588,34.880767,Center,Tel Aviv
42820,כביש 3711/שדה עוזיהו,6,Periphery / Center,1,1,10,2,20,0.5,31.749558,34.68129,Center,Periphery
40884,כביש 241,0,Beer Sheva / South,1,1,10,2,20,0.5,31.324305,34.622669,South,Beer Sheva
27669,צומת מגן,47,Beer Sheva / South,1,3,10,8,276,0.0362,31.294683,34.433287,South,Periphery
39480,בטחה ב,0,Beer Sheva / South,1,1,10,3,40,0.25,31.33473,34.635296,South,Beer Sheva
28583,צומת להב לדרום,0,Beer Sheva / South,1,1,10,4,60,0.1667,31.38291,34.877782,South,Beer Sheva
42833,מרכז רינות /שדרות בגין,3,Tel Aviv / Center,1,1,10,4,304,0.0329,32.311828,34.936915,Center,Tel Aviv
48288,כביש 562/שדרות בגין,55,Tel Aviv / Center,1,1,10,2,20,0.5,32.306216,34.937833,Center,Tel Aviv
9828,הארי טרומן/גולדה מאיר,41,Jerusalem,1,2,9,5,1366,0.0066,31.812239,35.202848,Jerusalem,Jerusalem
11785,קניון רמות/גולדה מאיר,41,Jerusalem,1,2,9,10,8256,0.0011,31.81742,35.194919,Jerusalem,Jerusalem
22131,שדרות החשמונאים,36,Tel Aviv / Center,1,1,9,8,1062,0.0085,31.909344,35.007536,Center,Tel Aviv
48760,מרגולין/ישראל שמיד,7,Tel Aviv / Center,1,1,9,3,334,0.0269,31.933523,34.812227,Center,Tel Aviv
23193,הפקולטה לחקלאות,26,Tel Aviv / Center,1,1,9,9,3608,0.0025,31.905694,34.806199,Center,Tel Aviv
27220,שדרות ירושלים/יוסף סמלו,13,Periphery / South,1,1,9,9,2468,0.0036,31.423804,34.59781,South,Periphery
15313,רבי אליעזר בן הורקנוס/המסגר,7,Tel Aviv / Center,1,1,9,3,1640,0.0055,31.968992,34.894517,Center,Tel Aviv
17764,מסעף שייח' דנון,29,Haifa / North,1,1,9,4,224,0.0402,32.991714,35.144294,North,Periphery
27278,קיבוץ גלויות/קדש,47,Beer Sheva / South,1,1,9,5,1620,0.0056,31.317064,34.614454,South,Beer Sheva
42183,דרך החורש/רימון,7,Tel Aviv / Center,1,1,9,4,986,0.0091,32.006146,34.962182,Center,Tel Aviv
38164,צומת בית הערבה החדש,69,Jerusalem,1,1,9,4,576,0.0156,31.800901,35.474004,Center,Periphery
2813,כיכר רמת טבעון,59,Haifa / North,1,1,9,10,880,0.0102,32.731018,35.144911,North,Haifa
3054,יערה/מרווה,59,Haifa / North,1,1,9,8,876,0.0103,32.731906,35.143884,North,Haifa
18795,מזכירות אלוני אבא,34,Haifa / North,1,1,9,4,126,0.0714,32.729597,35.170693,North,Haifa
17148,צומת קרית טבעון,34,Haifa / North,1,2,9,4,1948,0.0046,32.712072,35.125761,North,Haifa
28470,מועצה מקומית,0,Beer Sheva / South,1,1,9,3,376,0.0239,31.298128,34.939826,South,Beer Sheva
8728,הפסגה/שד' הרצל,9,Jerusalem,1,2,8,8,3978,0.002,31.770974,35.182288,Jerusalem,Jerusalem
13207,ת.רק''ל בן גוריון/דרך ז'בוטינסקי,37,Tel Aviv / Center,1,1,8,8,12732,0.0006,32.090946,34.82339,Center,Tel Aviv
3322,החשמל/הגיבורים,32,Haifa / North,1,1,8,8,1944,0.0041,32.799185,35.014569,North,Haifa
2136,גאולה/רבי עקיבא,32,Haifa / North,1,1,8,5,1382,0.0058,32.802606,35.000393,North,Haifa
3077,היכל הספורט/פיקא,32,Haifa / North,1,1,8,7,3084,0.0026,32.787035,34.997471,North,Haifa
24185,מועצה אזורית,7,Tel Aviv / Center,1,1,8,8,338,0.0237,31.991736,34.848953,Center,Tel Aviv
50576,מסוף רעננה/היהלום,10,Tel Aviv / Center,1,1,8,3,35,0.2286,32.175064,34.890098,Center,Tel Aviv
8704,גבעת שאול/כתב סופר,15,Jerusalem,1,1,8,8,8152,0.001,31.791204,35.195787,Jerusalem,Jerusalem
10750,אוהל יהושע/קדושת אהרון,15,Jerusalem,1,1,8,8,674,0.0119,31.796043,35.208426,Jerusalem,Jerusalem
8643,עזרת תורה/דורש טוב,15,Jerusalem,1,1,8,3,4334,0.0018,31.796129,35.212698,Jerusalem,Jerusalem
49359,קרל נטר/ שרגאי,41,Jerusalem,1,1,8,4,1592,0.005,31.798108,35.225061,Jerusalem,Jerusalem
8681,מינץ/רובין,41,Jerusalem,1,1,8,4,5536,0.0014,31.824559,35.19023,Jerusalem,Jerusalem
13038,כהנמן/פוברסקי,37,Tel Aviv / Center,1,2,8,13,6956,0.0012,32.085001,34.840061,Center,Tel Aviv
50608,שדרות בן גוריון/בן יהודה,24,Tel Aviv / Center,1,1,8,3,1200,0.0067,32.0848,34.773271,Center,Tel Aviv
23320,ז'בוטינסקי /דרך בר אילן,25,Tel Aviv / Center,1,1,8,7,1726,0.0046,32.068414,34.850086,Center,Tel Aviv
13037,כהנמן/הרב זוננפלד,37,Tel Aviv / Center,1,1,8,9,9308,0.0009,32.080511,34.841412,Center,Tel Aviv
16523,מרכז תעסוקה לנכה/המלאכה,35,Tel Aviv / Center,1,1,8,7,1396,0.0057,32.10944,34.967144,Center,Tel Aviv
13641,ביה''ס בלוך/דרך משה דיין,25,Tel Aviv / Center,1,1,8,6,2848,0.0028,32.065827,34.798705,Center,Tel Aviv
25206,צומת סגולה לצפון/כביש 40,17,Tel Aviv / Center,1,1,8,8,2570,0.0031,32.102404,34.898214,Center,Tel Aviv
10356,שדרות גולדה מאיר/בנימין מינץ,41,Jerusalem,1,1,8,7,5232,0.0015,31.826368,35.188677,Jerusalem,Jerusalem
16217,דרך מנחם בגין/חנה רובינא,17,Tel Aviv / Center,1,1,8,3,3764,0.0021,32.07316,34.906864,Center,Tel Aviv
16372,דרך מנחם בגין/קופת חולים,17,Tel Aviv / Center,1,1,8,5,1991,0.004,32.06932,34.915226,Center,Tel Aviv
725,עובדיה בן שלום/האר''י,3,Tel Aviv / Center,1,1,8,5,1448,0.0055,32.31337,34.855963,Center,Tel Aviv
8815,האדמור מלובאויטש/דרוק,69,Jerusalem,1,1,8,5,4428,0.0018,31.810543,35.213754,Jerusalem,Jerusalem
2135,ארלוזורוב/פבזנר,28,Haifa / North,1,1,8,4,2000,0.004,32.804716,35.000398,North,Haifa
2157,החשמל/חטיבת כרמלי,32,Haifa / North,1,1,8,5,2049,0.0039,32.797615,35.017773,North,Haifa
2192,שדרות ורבורג/אח''י אילת,27,Haifa / North,1,1,8,4,756,0.0106,32.827375,35.062729,North,Haifa
25597,שדרות הפלמח/חטיבת כרמלי,20,Periphery / Center,1,1,8,11,4940,0.0016,31.804043,34.66108,Center,Periphery
26330,הפלמ''ח/גשר עד הלום,20,Periphery / Center,1,1,8,7,2762,0.0029,31.801664,34.662622,Center,Periphery
26890,בורנשטיין/הפארק,43,Periphery / South,1,1,8,8,872,0.0092,30.989081,34.915719,South,Periphery
25968,אלי כהן/יצחק בן צבי,22,Periphery / Center,1,1,8,12,846,0.0095,31.668214,34.572132,Center,Periphery
25859,מכללה אקדמית אשקלון,22,Periphery / Center,1,1,8,11,1056,0.0076,31.668689,34.573287,Center,Periphery
8470,מסילת ישרים/מסוף,45,Tel Aviv / Center,1,1,8,6,4298,0.0019,31.935116,35.037558,Center,Tel Aviv
15802,בי''ס ברנר/עין גנים,17,Tel Aviv / Center,1,1,8,6,2800,0.0029,32.082426,34.898098,Center,Tel Aviv
16788,מקס ואנה ווב/דרך ז'בוטינסקי,25,Tel Aviv / Center,1,1,8,4,1526,0.0052,32.070867,34.848213,Center,Tel Aviv
7546,שדרות יחזקאל ב,45,Tel Aviv / Center,1,1,8,4,3238,0.0025,31.937521,35.036854,Center,Tel Aviv
25962,'ביצרון ה,68,Periphery / Center,1,1,8,5,554,0.0144,31.794278,34.743581,Center,Periphery
305,עובדיה בן שלום/שלום שבזי,3,Tel Aviv / Center,1,1,8,6,1350,0.0059,32.313369,34.855772,Center,Tel Aviv
20465,נשיאי ישראל/אסיף,18,Periphery / North,1,1,8,6,936,0.0085,32.912139,35.276286,North,Periphery
5641,צומת שאן,16,Periphery / North,1,1,8,7,590,0.0136,32.507941,35.519682,North,Periphery
48574,עומר אלמוח'תאר/השלושה,49,Beer Sheva / South,1,1,8,3,356,0.0225,31.373617,34.781951,South,Beer Sheva
29159,צומת רהט דרום/כביש 310,0,Beer Sheva / South,1,1,8,2,16,0.5,31.37087,34.781877,South,Beer Sheva
33998,כביש 4311/מושביץ,12,Tel Aviv / Center,1,1,8,4,568,0.0141,31.948909,34.770685,Center,Tel Aviv
38586,גן שורק/הרחבה,52,Tel Aviv / Center,1,1,8,3,28,0.2857,31.946208,34.769133,Center,Tel Aviv
34029,צומת עין הקורא,12,Tel Aviv / Center,1,1,8,6,222,0.036,31.955792,34.787394,Center,Tel Aviv
28480,צומת רהט דרום,49,Beer Sheva / South,1,1,8,4,374,0.0214,31.371704,34.782864,South,Beer Sheva
37039,ת. רכבת שדרות,13,Periphery / South,1,1,8,11,1640,0.0049,31.516041,34.587355,South,Periphery
421,העצמאות/רימון,55,Tel Aviv / Center,1,1,8,6,148,0.0541,32.281889,34.891557,Center,Tel Aviv
40490,שוק פייסל,2,Periphery / North,1,2,8,4,224,0.0357,32.987164,35.097751,North,Haifa
43832,צומת אחיסמך,7,Tel Aviv / Center,1,1,8,4,40,0.2,31.932112,34.890798,Center,Tel Aviv
36491,ת.מרכזית תל אביב קומה 6/רציפים,24,Tel Aviv / Center,1,1,8,3,179,0.0447,32.055908,34.779085,Center,Tel Aviv
37597,ת.מרכזית תל אביב קומה 6/רציפים,24,Tel Aviv / Center,1,1,8,3,182,0.044,32.055908,34.779085,Center,Tel Aviv
14695,דרך הים/דרך הפרדסים,24,Tel Aviv / Center,1,1,8,3,28,0.2857,32.361016,34.864604,Center,Periphery
2713,מועצה מקומית/הרימונים,34,Haifa / North,1,1,8,7,1618,0.0049,32.749377,35.100111,North,Haifa
3225,ורדיה/שמשון,28,Haifa / North,1,1,8,4,888,0.009,32.794395,34.993645,North,Haifa
325,האר''י/הרב חרל''פ,3,Tel Aviv / Center,1,1,8,7,910,0.0088,32.312226,34.860947,Center,Tel Aviv
51208,תחנת התרעננות/נווה זוהר,30,Periphery / South,1,2,8,8,228,0.0351,31.147978,35.370028,South,Periphery
4761,צומת מחנה גדעון,54,Periphery / Center,1,1,8,7,1202,0.0067,32.513083,35.495006,North,Periphery
16649,בית ספר למשטרה/444,10,Tel Aviv / Center,1,1,8,6,352,0.0227,32.206597,34.972829,Center,Tel Aviv
43831,צומת אחיסמך,7,Tel Aviv / Center,1,1,8,2,16,0.5,31.933237,34.891738,Center,Tel Aviv
42819,כביש 3711/שדה עוזיהו,6,Periphery / Center,1,1,8,2,16,0.5,31.749574,34.682438,Center,Periphery
42875,ת. רכבת תל אביב- סבידור/רציפים A,24,Tel Aviv / Center,1,1,8,2,192,0.0417,32.083157,34.796089,Center,Tel Aviv
50508,מסוף מועצה אזורית אשכול/רציפים,47,Beer Sheva / South,1,1,8,3,75,0.1067,31.302314,34.432016,South,Periphery
27674,צומת מעון,13,Periphery / South,1,1,8,10,298,0.0268,31.312821,34.438809,South,Periphery
40442,צומת שומריה לצפון/כביש 3257,6,Periphery / Center,1,1,8,3,60,0.1333,31.424528,34.892056,South,Beer Sheva
44890,צומת להב למערב,0,Beer Sheva / South,1,1,8,2,16,0.5,31.383257,34.877027,South,Beer Sheva
326,האר''י/דן שומרון,3,Tel Aviv / Center,1,1,8,5,882,0.0091,32.312051,34.860675,Center,Tel Aviv
29157,מסעף גבעות בר/כביש 310,0,Beer Sheva / South,1,1,8,2,16,0.5,31.359961,34.753511,South,Beer Sheva
34653,צומת תפוח לצפון,38,Periphery / Center,1,1,8,6,198,0.0404,32.116208,35.257349,Center,Periphery
11691,ששת הימים,41,Jerusalem,1,1,7,4,1878,0.0037,31.804272,35.229801,Jerusalem,Jerusalem
9741,גולומב/קוליץ,9,Jerusalem,1,1,7,6,2234,0.0031,31.756703,35.182907,Jerusalem,Jerusalem
13640,דרך משה דיין/יצחק שדה,25,Tel Aviv / Center,1,1,7,6,3024,0.0023,32.064669,34.799124,Center,Tel Aviv
18916,מושב מירון,48,Periphery / North,1,1,7,6,526,0.0133,32.98482,35.443179,North,Periphery
26179,הכלנית/מבוא האתרוג,20,Periphery / Center,1,1,7,6,2568,0.0027,31.786499,34.650186,Center,Periphery
26409,תפרח כניסה,0,Beer Sheva / South,1,1,7,5,356,0.0197,31.331496,34.675071,South,Beer Sheva
19818,ראמה ה/יציאה,18,Periphery / North,1,1,7,5,906,0.0077,32.934359,35.367388,North,Periphery
15661,בית חולים הרצפלד,6,Periphery / Center,1,1,7,4,266,0.0263,31.809014,34.77816,Center,Periphery
43819,צומת לכיש למזרח,6,Periphery / Center,1,1,7,6,364,0.0192,31.584783,34.83863,Center,Periphery
97,לייב יוספזון/יעקב ברמן,26,Tel Aviv / Center,1,1,7,5,330,0.0212,31.905052,34.818909,Center,Tel Aviv
9559,אוסישקין/בצלאל,11,Jerusalem,1,1,7,3,1486,0.0047,31.781115,35.21203,Jerusalem,Jerusalem
20637,טעם הצבי/שלב א,1,Periphery / North,1,1,7,6,599,0.0117,32.984815,35.549164,North,Periphery
28834,צומת ירוחם,62,Periphery / South,1,1,7,2,14,0.5,30.988844,34.910921,South,Periphery
34690,כיכר אל חרדוב,11,Jerusalem,1,1,7,2,16,0.4375,31.780919,35.259297,Jerusalem,Jerusalem
23337,444/שדרות עמק איילון,7,Tel Aviv / Center,1,1,7,8,1250,0.0056,32.007139,34.952728,Center,Tel Aviv
1030,שד. עמק איילון/כיכר אגמית,7,Tel Aviv / Center,1,1,7,5,1330,0.0053,32.006593,34.950234,Center,Tel Aviv
9831,הארי טרומן/גולדה מאיר,41,Jerusalem,1,1,7,6,1663,0.0042,31.813075,35.202066,Jerusalem,Jerusalem
38368,שדרות מנחם בגין/חיים הרצוג,6,Periphery / Center,1,1,7,4,134,0.0522,31.801414,34.783558,Center,Periphery
8880,אלמוקדסי/ואדי אל ג'וז,11,Jerusalem,1,1,7,3,84,0.0833,31.787039,35.237521,Jerusalem,Jerusalem
8876,ואדי אל ג'וז/עתמאן בן עפאן,42,Jerusalem / Center,1,1,7,2,14,0.5,31.789179,35.236415,Jerusalem,Jerusalem
16262,העצמאות/דיקר,17,Tel Aviv / Center,1,1,7,4,1837,0.0038,32.074666,34.878091,Center,Tel Aviv
9645,שדרות לוי אשכול/קרל נטר,41,Jerusalem,1,1,6,5,7438,0.0008,31.800174,35.226734,Jerusalem,Jerusalem
2765,פרץ/הברוש,34,Haifa / North,1,1,6,9,896,0.0067,32.771799,35.044224,North,Haifa
2061,חנקין/ככר אליזבט,32,Haifa / North,1,1,6,5,2132,0.0028,32.787181,34.999909,North,Haifa
3868,פרץ/דרך השלום,34,Haifa / North,1,1,6,11,1368,0.0044,32.771762,35.044487,North,Haifa
3898,בר יהודה/דרך משה,34,Haifa / North,1,1,6,8,986,0.0061,32.767889,35.051045,North,Haifa
35609,צומת מחנה נבטים,53,Periphery / South,1,1,6,4,130,0.0462,31.168306,35.04186,South,Periphery
37420,ת. מרכזית אשדוד,20,Periphery / Center,1,1,6,9,4077,0.0015,31.790236,34.639344,Center,Periphery
8642,עזרת תורה/דורש טוב,15,Jerusalem,1,1,6,6,4288,0.0014,31.796818,35.212936,Jerusalem,Jerusalem
11650,רבי דרוק/האדמו''ר מליובאוויטש,69,Jerusalem,1,1,6,2,12,0.5,31.811554,35.2137,Jerusalem,Jerusalem
3860,אבא חושי/שינדלר,32,Haifa / North,1,1,6,6,4520,0.0013,32.766833,35.011845,North,Haifa
13187,דבורה הנביאה/ראול ולנברג,37,Tel Aviv / Center,1,1,6,7,821,0.0073,32.115126,34.840063,Center,Tel Aviv
13295,הרכבת/סלומון,24,Tel Aviv / Center,1,1,6,9,2010,0.003,32.062007,34.780752,Center,Tel Aviv
14018,התפוצות/קוממיות,25,Tel Aviv / Center,1,1,6,3,2756,0.0022,32.067572,34.838128,Center,Tel Aviv
29339,סמינר הקיבוצים/דרך נמיר,50,Tel Aviv / Center,1,1,6,11,6946,0.0009,32.103962,34.792661,Center,Tel Aviv
8965,שדרות הרצל/הר הרצל,9,Jerusalem,1,1,6,9,4556,0.0013,31.773916,35.182803,Jerusalem,Jerusalem
49414,מסוף קסטינה-מלאכי לצפון,6,Periphery / Center,1,1,6,11,859,0.007,31.731264,34.756176,Center,Periphery
15505,יהדות קנדה/החרושת,60,Tel Aviv / Center,1,1,6,5,686,0.0087,32.021445,34.86045,Center,Tel Aviv
25265,צומת גנים/כביש 40,17,Tel Aviv / Center,1,1,6,8,1258,0.0048,32.096031,34.901577,Center,Tel Aviv
4108,אל מדינה/אל ח'נדק,64,Periphery / North,1,1,6,5,1902,0.0032,32.529327,35.154223,North,Periphery
21648,שער ירושלים/4313,7,Tel Aviv / Center,1,1,6,5,344,0.0174,31.951196,34.84951,Center,Tel Aviv
23875,שד. משה דיין/שאול המלך,12,Tel Aviv / Center,1,1,6,5,1324,0.0045,31.977659,34.788426,Center,Tel Aviv
49413,מסוף קסטינה-מלאכי לדרום,6,Periphery / Center,1,1,6,7,838,0.0072,31.731338,34.756212,Center,Periphery
50472,מחלף לקיה למזרח,0,Beer Sheva / South,1,1,6,7,88,0.0682,31.342952,34.866075,South,Beer Sheva
3970,פלים/קיבוץ גלויות,28,Haifa / North,1,1,6,6,5160,0.0012,32.813492,35.00326,North,Haifa
3981,החשמל/דב גרונר,32,Haifa / North,1,1,6,3,1898,0.0032,32.798476,35.015701,North,Haifa
35851,האצ''ל,46,Haifa / North,1,1,6,5,2938,0.002,32.812449,34.956622,North,Haifa
20674,מסעף נופית,59,Haifa / North,1,1,6,3,318,0.0189,32.739003,35.137764,North,Haifa
2501,דרך עכו/צומת עין אפק,27,Haifa / North,1,1,6,11,4102,0.0015,32.849634,35.093082,North,Haifa
6511,חשון/ירח אב,36,Tel Aviv / Center,1,1,6,3,794,0.0076,31.913744,35.01365,Center,Tel Aviv
40789,לאה אמנו/דרך מנחם בגין,36,Tel Aviv / Center,1,1,6,8,80,0.075,31.881192,35.001169,Jerusalem,Periphery
41768,דרך מנחם בגין/לאה אמנו,36,Tel Aviv / Center,1,1,6,6,380,0.0158,31.880715,35.001451,Jerusalem,Periphery
22257,צומת ישרש,7,Tel Aviv / Center,1,1,6,4,38,0.1579,31.915574,34.861409,Center,Tel Aviv
42504,שדרות חשמונאים/נוף איילון,15,Jerusalem,1,1,6,5,408,0.0147,31.870273,34.99912,Jerusalem,Periphery
14750,גבעת שפירא,3,Tel Aviv / Center,1,1,6,3,52,0.1154,32.357652,34.875291,Center,Periphery
358,הרצל/מינץ,3,Tel Aviv / Center,1,1,6,7,6714,0.0009,32.326819,34.862473,Center,Tel Aviv
27859,מסעף נתיבות/מרכז העיר,13,Periphery / South,1,1,6,11,866,0.0069,31.425716,34.601437,South,Periphery
27871,צומת שער הנגב,13,Periphery / South,1,1,6,9,1540,0.0039,31.509108,34.586234,South,Periphery
15834,צומת סירקין/כביש 40,17,Tel Aviv / Center,1,1,6,8,1472,0.0041,32.081557,34.902558,Center,Tel Aviv
19588,צומת כברי,2,Periphery / North,1,1,6,4,224,0.0268,33.015852,35.143069,North,Periphery
17770,צומת כליל,29,Haifa / North,1,1,6,3,218,0.0275,32.988096,35.146042,North,Periphery
34181,ההגנה/דרך מנחם בגין,26,Tel Aviv / Center,1,1,6,4,725,0.0083,31.894209,34.826413,Center,Tel Aviv
22264,עזרא/וייס יום טוב,26,Tel Aviv / Center,1,1,6,10,818,0.0073,31.89211,34.816343,Center,Tel Aviv
9364,בית השנהב/בית הדפוס,15,Jerusalem,1,1,6,3,2952,0.002,31.786213,35.188579,Jerusalem,Jerusalem
48053,ת. מרכזית אשדוד/רציפים,20,Periphery / Center,1,1,6,2,133,0.0451,31.790926,34.639056,Center,Periphery
50574,ת. מרכזית אשקלון רציפים/בינעירוני,22,Periphery / Center,1,1,6,2,12,0.5,31.66403,34.566656,Center,Periphery
51497,כביש 412/יהדות קנדה,60,Tel Aviv / Center,1,1,6,4,142,0.0423,32.020083,34.861967,Center,Tel Aviv
15837,צומת צפריה,60,Tel Aviv / Center,1,1,6,8,658,0.0091,32.014062,34.847567,Center,Tel Aviv
21304,מחלף המוביל/לצפון,5,Periphery / North,1,1,6,10,1704,0.0035,32.758551,35.233642,North,Haifa
22987,גלי הדר/קאונטרי,12,Tel Aviv / Center,1,1,6,5,56,0.1071,31.949244,34.787507,Center,Tel Aviv
25677,העולים/3922,68,Periphery / Center,1,1,6,5,498,0.012,31.794175,34.743969,Center,Periphery
37077,חממות דרום,49,Beer Sheva / South,1,1,6,3,192,0.0312,31.378507,34.73199,South,Beer Sheva
17777,מחלף טורען,5,Periphery / North,1,1,6,4,1932,0.0031,32.764086,35.376803,North,Periphery
34121,כביש 4311/מושביץ,12,Tel Aviv / Center,1,1,6,6,594,0.0101,31.949267,34.7722,Center,Tel Aviv
22293,מושב גן שורק,52,Tel Aviv / Center,1,1,6,3,28,0.2143,31.944353,34.75942,Center,Tel Aviv
18692,אזור התעשיה/דרך הבנים,1,Periphery / North,1,1,6,8,648,0.0093,32.982323,35.551869,North,Periphery
25140,הזית/הגפן,60,Tel Aviv / Center,1,1,6,3,60,0.1,32.000748,34.856098,Center,Tel Aviv
18690,דרך הבנים/אזור התעשייה,1,Periphery / North,1,1,6,7,628,0.0096,32.982257,35.551135,North,Periphery
40526,אום אלשתוייה,33,Haifa / North,1,1,6,2,178,0.0337,32.826258,35.179107,North,Haifa
14771,העצמאות/חן,55,Tel Aviv / Center,1,1,6,8,184,0.0326,32.279269,34.890038,Center,Tel Aviv
1727,צומת נחשולים/דור,19,Periphery / North,1,1,6,6,812,0.0074,32.606595,34.952366,North,Haifa
1183,מרכז מבנה תעשיה/הזית,19,Periphery / North,1,1,6,3,72,0.0833,32.516313,34.92106,North,Periphery
4011,החרמון/הכרמל,65,Periphery / North,1,1,6,3,724,0.0083,32.517514,34.917157,North,Periphery
17228,דרך למרחב/שבי ציון,19,Periphery / North,1,1,6,4,1102,0.0054,32.471326,34.962103,Center,Periphery
16666,שיטה/שיקמה,35,Tel Aviv / Center,1,1,6,4,108,0.0556,32.159456,34.944188,Center,Tel Aviv
19583,צומת עמקה לצפון,29,Haifa / North,1,1,6,3,230,0.0261,32.986547,35.14796,North,Periphery
19580,צומת אזור תעשייה טמרה,27,Haifa / North,1,1,6,4,366,0.0164,32.848568,35.165998,North,Haifa
22803,גולדה מאיר/ישראל גלילי,12,Tel Aviv / Center,1,1,6,11,2922,0.0021,31.968169,34.78457,Center,Tel Aviv
3886,צומת השומרים,34,Haifa / North,1,1,6,4,2346,0.0026,32.709901,35.136006,North,Haifa
1876,ד'ישראלי/מרכז חורב,28,Haifa / North,1,1,6,3,206,0.0291,32.785275,34.986517,North,Haifa
3631,בן צבי/השיירה,27,Haifa / North,1,1,6,5,1448,0.0041,32.817745,35.06966,North,Haifa
40527,אום אלשתוייה,33,Haifa / North,1,1,6,2,181,0.0331,32.826383,35.178194,North,Haifa
43659,שרה טולדנו,26,Tel Aviv / Center,1,1,6,4,68,0.0882,31.842004,34.850306,Center,Tel Aviv
43213,ת.רכבת מזכרת בתיה/הורדה,15,Jerusalem,1,1,6,2,26,0.2308,31.841549,34.855725,Center,Tel Aviv
19760,צומת ברוך,4,Periphery / North,1,1,6,5,716,0.0084,32.661743,35.235825,North,Periphery
6853,מסעף שריד,4,Periphery / North,1,1,6,4,722,0.0083,32.664864,35.228099,North,Periphery
4541,שד' צבי אלדרוטי/א.ת מפעלי העמק,40,Periphery / North,1,1,6,3,870,0.0069,32.662839,35.236362,North,Periphery
1478,שער העמקים,34,Haifa / North,1,1,6,3,1948,0.0031,32.721431,35.111618,North,Haifa
1797,כיכר הציונות,59,Haifa / North,1,2,6,8,901,0.0067,32.711688,35.125015,North,Haifa
3310,רותם/דבורה הנביאה,59,Haifa / North,1,1,6,4,236,0.0254,32.699849,35.107742,North,Haifa
4562,שד' צבי אלדרוטי/האריזה,40,Periphery / North,1,1,6,4,1210,0.005,32.666162,35.240266,North,Periphery
22305,זכריה מדאר/ההגנה,26,Tel Aviv / Center,1,1,6,5,932,0.0064,31.89183,34.818453,Center,Tel Aviv
15680,כצנלסון/ששת הימים,60,Tel Aviv / Center,1,2,6,4,454,0.0132,32.031348,34.896976,Center,Tel Aviv
23352,מסעף ברקת,7,Tel Aviv / Center,1,1,6,5,84,0.0714,32.020671,34.941187,Center,Tel Aviv
586,הצורן/הארי טרומן,55,Tel Aviv / Center,1,1,6,2,12,0.5,32.286776,34.865363,Center,Tel Aviv
34412,ערבי הנחל/הדס,38,Periphery / Center,1,1,6,6,96,0.0625,32.196116,35.00851,Center,Tel Aviv
20367,חמת גדר,1,Periphery / North,1,1,6,3,22,0.2727,32.684344,35.665403,North,Periphery
10789,ת. מרכזית ירושלים/יפו,15,Jerusalem,1,1,5,6,9300,0.0005,31.788746,35.20243,Jerusalem,Jerusalem
13223,ת. רק''ל אלנבי/רוטשילד,24,Tel Aviv / Center,1,1,5,6,1308,0.0038,32.064045,34.775308,Center,Tel Aviv
11903,ככר צרפת/אגרון,11,Jerusalem,1,1,5,4,1204,0.0042,31.775531,35.218196,Jerusalem,Jerusalem
50578,מסוף רעננה/היהלום,14,Tel Aviv / Center,1,1,5,2,10,0.5,32.175064,34.890098,Center,Tel Aviv
9971,ימין אבות,15,Jerusalem,1,1,5,8,1604,0.0031,31.78751,35.193736,Jerusalem,Jerusalem
14477,ת.רק''ל בן גוריון/דרך ז'בוטינסקי,37,Tel Aviv / Center,1,1,5,6,3884,0.0013,32.090742,34.821915,Center,Tel Aviv
12940,דרך בן גוריון/דרך ז'בוטינסקי,37,Tel Aviv / Center,1,1,5,4,1536,0.0033,32.090189,34.822531,Center,Tel Aviv
45038,אבן גבירול/ארלוזורוב,50,Tel Aviv / Center,1,1,5,6,6814,0.0007,32.084898,34.781789,Center,Tel Aviv
24674,מסעף צפריה,60,Tel Aviv / Center,1,1,5,7,118,0.0424,32.013205,34.847052,Center,Tel Aviv
47831,ת. מרכזית ראשל''צ/רציפים,12,Tel Aviv / Center,1,1,5,4,532,0.0094,31.96779,34.785633,Center,Tel Aviv
2432,אלנבי/הברון הירש,46,Haifa / North,1,1,5,3,899,0.0056,32.819799,34.984388,North,Haifa
1725,צומת נחשולים/דור,19,Periphery / North,1,1,5,5,816,0.0061,32.605658,34.952011,North,Haifa
1124,תיכון חדרה/רמב''ם,23,Periphery / Center,1,1,5,12,5635,0.0009,32.439226,34.914206,Center,Periphery
38533,אבן ח'לדון/עמרו בן אל עאס,4,Periphery / North,1,1,5,4,262,0.0191,32.511161,35.062461,North,Periphery
51498,כביש 412/יהדות קנדה,60,Tel Aviv / Center,1,1,5,2,10,0.5,32.019984,34.859753,Center,Tel Aviv
28472,מכללת קיי/יהודה הלוי,0,Beer Sheva / South,1,1,5,6,612,0.0082,31.27041,34.782122,South,Beer Sheva
26617,מועצה אזורית רמת הנגב,62,Periphery / South,1,1,5,4,426,0.0117,31.002677,34.771992,South,Periphery
21551,צומת שוהם/כביש 453,7,Tel Aviv / Center,1,1,5,5,74,0.0676,31.983157,34.939791,Center,Tel Aviv
50266,דרך הרבנית חנה/הגאולה,7,Tel Aviv / Center,1,1,5,6,110,0.0455,31.990832,34.854022,Center,Tel Aviv
16938,צומת פוריידיס,19,Periphery / North,1,1,5,3,976,0.0051,32.591639,34.946468,North,Haifa
29435,סוקולוב/זרובבל,14,Tel Aviv / Center,1,2,5,7,1856,0.0027,32.141002,34.836339,Center,Tel Aviv
21801,צומת בן שמן,45,Tel Aviv / Center,1,1,5,2,10,0.5,31.963144,34.940038,Center,Tel Aviv
4356,בני יהודה מרכז,1,Periphery / North,1,1,5,5,258,0.0194,32.797592,35.687805,North,Periphery
28745,ערערה בנגב/יציאה,0,Beer Sheva / South,1,2,5,5,310,0.0161,31.164866,35.006009,South,Beer Sheva
36004,שכונת אבני חן א,65,Periphery / North,1,1,5,3,84,0.0595,32.486067,34.906401,Center,Periphery
21998,מסעף ברקת,7,Tel Aviv / Center,1,1,5,4,80,0.0625,32.020317,34.940874,Center,Tel Aviv
36833,יוסף בורג/ההתיישבות,12,Tel Aviv / Center,1,1,5,4,362,0.0138,31.970626,34.822298,Center,Tel Aviv
8745,שמואל הנביא/תדהר,41,Jerusalem,1,1,5,5,3800,0.0013,31.792975,35.222797,Jerusalem,Jerusalem
27789,צומת מבקיעים,13,Periphery / South,1,1,5,4,430,0.0116,31.619758,34.580897,Center,Periphery
49607,גלובוס סנטר/שדרות חיים בר לב,22,Periphery / Center,1,1,5,2,10,0.5,31.628281,34.582178,Center,Periphery
34564,צומת תפוח לדרום,38,Periphery / Center,1,1,5,5,84,0.0595,32.114671,35.257139,Center,Periphery
15351,עמק האלה/דרך שיבא,25,Tel Aviv / Center,1,1,4,8,2760,0.0014,32.050546,34.843001,Center,Tel Aviv
3934,דרך משה/השלום,34,Haifa / North,1,1,4,7,1070,0.0037,32.768124,35.0503,North,Haifa
2700,צה''ל/ציון,34,Haifa / North,1,1,4,8,1860,0.0022,32.772392,35.035677,North,Haifa
3108,טרומפלדור/מימון,32,Haifa / North,1,1,4,6,4828,0.0008,32.785926,35.019063,North,Haifa
18881,מסעף פרוד,48,Periphery / North,1,1,4,6,540,0.0074,32.937349,35.428001,North,Periphery
2027,תחנת כרמלית/הנביאים,28,Haifa / North,1,1,4,7,4962,0.0008,32.812434,34.995015,North,Haifa
2701,צהל/ציון,34,Haifa / North,1,1,4,8,1900,0.0021,32.772296,35.035921,North,Haifa
28865,שדרות דוד חכם/תחנה מרכזית,0,Beer Sheva / South,1,1,4,14,1554,0.0026,31.241665,34.796479,South,Beer Sheva
49379,ערערה בנגב/כניסה,0,Beer Sheva / South,1,1,4,3,200,0.02,31.164382,35.006164,South,Beer Sheva
44660,מסוף רדינג/הורדה,50,Tel Aviv / Center,1,1,4,3,990,0.004,32.098973,34.778771,Center,Tel Aviv
9352,רבי ישראל נג'ארה/יונתן בן עוזיאל,15,Jerusalem,1,1,4,8,9831,0.0004,31.790195,35.191514,Jerusalem,Jerusalem
48447,ים סוף/מעגלי הרי''ם לוין,41,Jerusalem,1,1,4,4,626,0.0064,31.80046,35.218263,Jerusalem,Jerusalem
8755,אנג'ל/כנפי נשרים,15,Jerusalem,1,1,4,8,5496,0.0007,31.787712,35.192306,Jerusalem,Jerusalem
14086,עולי הגרדום/ניסן כהן,37,Tel Aviv / Center,1,1,4,6,1248,0.0032,32.111191,34.835061,Center,Tel Aviv
5276,בית ספר אזורי בית ירח,16,Periphery / North,1,1,4,10,910,0.0044,32.712392,35.57295,North,Periphery
34917,האתרוג/קרלין,41,Jerusalem,1,1,4,8,774,0.0052,31.858649,35.168479,Jerusalem,Jerusalem
25274,קפלן/ארלוזורוב,17,Tel Aviv / Center,1,1,4,7,4216,0.0009,32.086123,34.868377,Center,Tel Aviv
39146,כביש 8510/שדרות מנוף,29,Haifa / North,1,1,4,6,608,0.0066,32.943451,35.086608,North,Haifa
47973,ת. מרכזית חדרה/רציפים,23,Periphery / Center,1,2,4,7,484,0.0083,32.435961,34.914024,Center,Periphery
22252,קניון עזריאלי,36,Tel Aviv / Center,1,1,4,11,2822,0.0014,31.899117,35.007414,Jerusalem,Tel Aviv
3959,חסן שוקרי/הנביאים,28,Haifa / North,1,1,4,6,2696,0.0015,32.814442,34.997827,North,Haifa
2603,יציאת אירופה/זורס,46,Haifa / North,1,1,4,3,1545,0.0026,32.822868,34.959365,North,Haifa
3522,ת. מרכזית חוף הכרמל/הורדה,46,Haifa / North,1,1,4,4,5501,0.0007,32.793368,34.959587,North,Haifa
13195,עולי הגרדום/ניסן כהן,37,Tel Aviv / Center,1,1,4,7,1238,0.0032,32.111576,34.835119,Center,Tel Aviv
2072,אבא חושי/שבדיה,32,Haifa / North,1,1,4,6,4882,0.0008,32.766624,35.011775,North,Haifa
2532,רבי עקיבא/ליאון בלום,28,Haifa / North,1,1,4,4,316,0.0127,32.80361,34.99699,North,Haifa
3155,השילוח/בית''ר,32,Haifa / North,1,1,4,3,300,0.0133,32.803812,35.000724,North,Haifa
2229,העצמאות/המגינים,57,Haifa / North,1,1,4,5,2648,0.0015,32.809498,35.104629,North,Haifa
3580,המגינים/פינסקר,57,Haifa / North,1,1,4,4,494,0.0081,32.808899,35.106349,North,Haifa
3725,אחי אילת/צומת קרית חיים,27,Haifa / North,1,1,4,5,1696,0.0024,32.81785,35.076978,North,Haifa
17268,הכובשים/הדס,19,Periphery / North,1,1,4,9,880,0.0045,32.567037,34.947671,North,Periphery
2574,צומת בנימינה,23,Periphery / Center,1,1,4,4,698,0.0057,32.516826,34.929888,North,Periphery
14838,צומת הרוא''ה,3,Tel Aviv / Center,1,1,4,8,1096,0.0036,32.394661,34.903398,Center,Periphery
752,פארק תעשיות,55,Tel Aviv / Center,1,1,4,3,192,0.0208,32.284876,34.872539,Center,Tel Aviv
17224,הכובשים/העצמאות,19,Periphery / North,1,1,4,5,736,0.0054,32.567218,34.948904,North,Periphery
48499,שדרות יצחק רבין/שושן צחור,55,Tel Aviv / Center,1,1,4,5,852,0.0047,32.290775,34.935686,Center,Tel Aviv
598,דרך לב השרון/האילן,55,Tel Aviv / Center,1,1,4,5,798,0.005,32.287606,34.939667,Center,Tel Aviv
48281,כביש 562/דרך לב השרון,3,Tel Aviv / Center,1,1,4,2,8,0.5,32.288116,34.931399,Center,Tel Aviv
48285,כביש 562/כביש 5613,3,Tel Aviv / Center,1,1,4,2,8,0.5,32.299152,34.932924,Center,Tel Aviv
15823,צומת הטייסים,7,Tel Aviv / Center,1,1,4,6,1206,0.0033,32.025435,34.907995,Center,Tel Aviv
15622,העצמאות/צומת סביון,60,Tel Aviv / Center,1,1,4,4,1636,0.0024,32.03186,34.866324,Center,Tel Aviv
26895,פסל הזהות/צבי בורנשטיין,43,Periphery / South,1,2,4,6,696,0.0057,30.988848,34.924154,South,Periphery
7952,קרית יערים/הלולב,41,Jerusalem,1,1,4,5,698,0.0057,31.857529,35.171971,Jerusalem,Jerusalem
662,הרצוג/עובדיה מברטנורא,3,Tel Aviv / Center,1,1,4,15,809,0.0049,32.342204,34.859563,Center,Tel Aviv
24826,עזרא/סמטת נחמני,26,Tel Aviv / Center,1,1,4,7,334,0.012,31.89129,34.813192,Center,Tel Aviv
19553,בי''ס אל מכתב/איברהים נמר חוסיין,33,Haifa / North,1,1,4,7,1118,0.0036,32.808408,35.169137,North,Haifa
39147,כביש 8510/שדרות מנוף,29,Haifa / North,1,1,4,6,726,0.0055,32.942272,35.086006,North,Haifa
20624,חניון יהודיה/87,1,Periphery / North,1,1,4,3,94,0.0426,32.940954,35.702672,North,Periphery
17761,צומת כברי,2,Periphery / North,1,1,4,5,726,0.0055,33.01641,35.143791,North,Periphery
3224,ורדיה/נורית,28,Haifa / North,1,1,4,4,888,0.0045,32.794269,34.993713,North,Haifa
22259,מכון ויצמן,26,Tel Aviv / Center,1,1,4,6,3532,0.0011,31.904187,34.807378,Center,Tel Aviv
15612,קניותר/ויצמן,12,Tel Aviv / Center,1,1,4,4,2898,0.0014,31.929677,34.798887,Center,Tel Aviv
14707,מחלף ינאי לדרום,24,Tel Aviv / Center,1,1,4,4,2056,0.0019,32.385727,34.866537,Center,Periphery
23249,הרימון/הגפן,60,Tel Aviv / Center,1,1,4,4,100,0.04,32.004974,34.853627,Center,Tel Aviv
5996,כאבול כניסה,33,Haifa / North,1,1,4,3,315,0.0127,32.873631,35.198182,North,Haifa
5714,אלחדיף/קונטיננטל,16,Periphery / North,1,1,4,10,4634,0.0009,32.792686,35.534658,North,Periphery
5258,נוף הארבל/הצאלון,5,Periphery / North,1,1,4,3,96,0.0417,32.837929,35.498285,North,Periphery
20372,בית ספר מאר אליאס,33,Haifa / North,1,1,4,7,451,0.0089,32.818811,35.192301,North,Haifa
19861,ח'לת אלפיס,33,Haifa / North,1,1,4,5,258,0.0155,32.826829,35.184367,North,Haifa
7675,צומת כפר אדומים,42,Jerusalem / Center,1,1,4,6,194,0.0206,31.815082,35.34922,Center,Jerusalem
15684,דרך לוי אשכול/מיכאל וולך,25,Tel Aviv / Center,1,1,4,5,2108,0.0019,32.061571,34.86272,Center,Tel Aviv
26557,צומת הנשיא,0,Beer Sheva / South,1,1,4,9,1514,0.0026,31.331054,34.698256,South,Beer Sheva
28213,בית ספר תל אל-מלח ,53,Periphery / South,1,1,4,5,534,0.0075,31.247269,35.088617,South,Periphery
28223,אזור תעשיה חורה,0,Beer Sheva / South,1,1,4,5,254,0.0157,31.293568,34.925297,South,Beer Sheva
7779,צומת מישור אדומים,69,Jerusalem,1,1,4,4,854,0.0047,31.804042,35.324179,Center,Jerusalem
42302,מחלף השומרוני הטוב,69,Jerusalem,1,1,4,3,248,0.0161,31.816643,35.36095,Center,Jerusalem
39226,צומת כסיפה/כביש 80,53,Periphery / South,1,1,4,6,138,0.029,31.234898,35.108479,South,Periphery
27657,צומת דורות למזרח,13,Periphery / South,1,1,4,5,56,0.0714,31.529039,34.611013,South,Periphery
39564,בגין/הרצל,13,Periphery / South,1,1,4,9,2040,0.002,31.520915,34.593524,South,Periphery
27579,דרך מנחם בגין/שוק,13,Periphery / South,1,1,4,8,2348,0.0017,31.522641,34.59476,South,Periphery
21337,מרגולין/רמבם,12,Tel Aviv / Center,1,1,4,4,684,0.0058,31.934179,34.810152,Center,Tel Aviv
21340,מרכז בריאות/שדרות יצחק רבין,7,Tel Aviv / Center,1,1,4,5,990,0.004,31.936306,34.83191,Center,Tel Aviv
22516,ההגנה/מרגולין,26,Tel Aviv / Center,1,1,4,6,738,0.0054,31.8938,34.825235,Center,Tel Aviv
3275,צומת כפר חסידים,34,Haifa / North,1,1,4,9,1416,0.0028,32.761957,35.088049,North,Haifa
15793,כביש 40/צומת נחלים,7,Tel Aviv / Center,1,1,4,4,684,0.0058,32.056351,34.904025,Center,Tel Aviv
40725,צומת אולגה/יציאה לכביש 2,23,Periphery / Center,1,1,4,2,8,0.5,32.437426,34.890009,Center,Periphery
3086,רבי עקיבא/גאולה,28,Haifa / North,1,1,4,3,312,0.0128,32.802119,34.999966,North,Haifa
3364,קניאל/רופין,32,Haifa / North,1,1,4,4,310,0.0129,32.798046,35.000718,North,Haifa
21048,היכל התרבות נצרת,8,Periphery / North,1,1,4,6,1380,0.0029,32.695339,35.298299,North,Periphery
14575,דרך אם המושבות/המכבים,17,Tel Aviv / Center,1,1,4,4,1058,0.0038,32.100345,34.834262,Center,Tel Aviv
20951,אום קוביי/כפר החורש,8,Periphery / North,1,1,4,2,66,0.0606,32.707207,35.281139,North,Periphery
51204,דרך כפר החורש/אום קוביי,40,Periphery / North,1,1,4,3,66,0.0606,32.70682,35.280798,North,Periphery
19369,יפיע/אל-אלמאניה,40,Periphery / North,1,1,4,5,1956,0.002,32.680886,35.269732,North,Periphery
11037,ת. רכבת בית שמש/החרש,21,Periphery / Jerusalem,1,1,4,3,342,0.0117,31.756769,34.988527,Jerusalem,Periphery
49801,מסוף מודיעין עילית,13,Periphery / South,1,1,4,2,8,0.5,31.935834,35.03744,Center,Tel Aviv
49795,מסוף מודיעין עילית,32,Haifa / North,1,2,4,3,8,0.5,31.935834,35.03744,Center,Tel Aviv
49790,מסוף מודיעין עילית,5,Periphery / North,1,1,4,2,10,0.4,31.935834,35.03744,Center,Tel Aviv
49794,מסוף מודיעין עילית,45,Tel Aviv / Center,1,1,4,2,38,0.1053,31.935834,35.03744,Center,Tel Aviv
16570,יהודה הלוי/מלכי ישראל,35,Tel Aviv / Center,1,1,4,4,1872,0.0021,32.091845,34.953967,Center,Tel Aviv
27670,מועצה אזורית אשכול/232,47,Beer Sheva / South,1,1,4,8,400,0.01,31.301175,34.435176,South,Periphery
50850,מסוף מועצה אזורית אשכול/רציפים,13,Periphery / South,1,1,4,3,54,0.0741,31.302314,34.432016,South,Periphery
44944,מסוף מועצה אזורית אשכול/רציפים,13,Periphery / South,1,1,4,2,8,0.5,31.302314,34.432016,South,Periphery
50849,מסוף מועצה אזורית אשכול/רציפים,13,Periphery / South,1,1,4,4,65,0.0615,31.302314,34.432016,South,Periphery
43454,השיטה/הרדוף הנחלים,19,Periphery / North,1,1,4,3,48,0.0833,32.475137,34.942667,Center,Periphery
23330,שבזי/הלולב,12,Tel Aviv / Center,1,1,4,2,10,0.4,32.002107,34.828105,Center,Tel Aviv
7747,צומת שילה,39,Jerusalem,1,1,4,8,668,0.006,32.048149,35.290424,Center,Periphery
49793,מסוף מודיעין עילית,4,Periphery / North,1,1,4,2,10,0.4,31.935834,35.03744,Center,Tel Aviv
13290,מכון מור/דרך זאב ז'בוטינסקי,37,Tel Aviv / Center,1,1,3,13,10380,0.0003,32.091435,34.825758,Center,Tel Aviv
24400,קניון ערים/וייצמן,10,Tel Aviv / Center,1,1,3,9,4066,0.0007,32.176398,34.903889,Center,Tel Aviv
24391,מסוף רעננה/היהלום,14,Tel Aviv / Center,1,1,3,2,6,0.5,32.175064,34.890098,Center,Tel Aviv
9547,הרב הרצוג/שח''ל,9,Jerusalem,1,1,3,6,3072,0.001,31.762081,35.200164,Jerusalem,Jerusalem
9418,ז'בוטינסקי/שלום עליכם,11,Jerusalem,1,1,3,3,1039,0.0029,31.770911,35.220542,Jerusalem,Jerusalem
7179,מעלה הרדוף/היקינטון,59,Haifa / North,1,1,3,3,96,0.0312,32.704935,35.160275,North,Haifa
29348,ירושלים/הרא''ה,37,Tel Aviv / Center,1,1,3,7,1602,0.0019,32.082796,34.826186,Center,Tel Aviv
13360,מוזאון ארץ ישראל/חיים לבנון,24,Tel Aviv / Center,1,1,3,4,2676,0.0011,32.104164,34.797712,Center,Tel Aviv
13612,לה גווארדייה/המעפילים,25,Tel Aviv / Center,1,1,3,3,2006,0.0015,32.059237,34.788815,Center,Tel Aviv
19673,המכללה האקדמית כנרת,16,Periphery / North,1,1,3,4,420,0.0071,32.704691,35.59169,North,Periphery
29418,ירושלים/דניאל,37,Tel Aviv / Center,1,1,3,7,1807,0.0017,32.0827,34.826164,Center,Tel Aviv
29354,הרב שך/דרך ז'בוטינסקי,37,Tel Aviv / Center,1,1,3,7,3314,0.0009,32.091777,34.835285,Center,Tel Aviv
18028,צומת תפן,2,Periphery / North,1,2,3,13,492,0.0061,33.005087,35.284039,North,Periphery
22254,כביש 431/חשמונאים,36,Tel Aviv / Center,1,1,3,10,618,0.0049,31.894236,35.00059,Jerusalem,Tel Aviv
22256,בית ספר על''ה/שפירא,7,Tel Aviv / Center,1,1,3,7,1331,0.0023,31.949341,34.903355,Center,Tel Aviv
23127,צומת בן שמן,36,Tel Aviv / Center,1,1,3,3,558,0.0054,31.95782,34.917363,Center,Tel Aviv
26849,יצחק רגר/וייצמן,0,Beer Sheva / South,1,1,3,14,4598,0.0007,31.246043,34.796465,South,Beer Sheva
43373,המשנה,20,Periphery / Center,1,1,3,7,2676,0.0011,31.779244,34.660972,Center,Periphery
23106,בית ספר על''ה/שפירא,7,Tel Aviv / Center,1,1,3,6,1293,0.0023,31.949336,34.903682,Center,Tel Aviv
3802,אריה לוין /חבד,27,Haifa / North,1,2,3,6,43,0.0698,32.841402,35.071687,North,Haifa
4298,צומת אלמגור,16,Periphery / North,1,1,3,4,54,0.0556,32.893786,35.598754,North,Periphery
4312,צומת בית צידה,1,Periphery / North,1,1,3,4,32,0.0938,32.90413,35.634488,North,Periphery
24243,מוסד חינוכי כפר בתיה/דרך ירושלים,14,Tel Aviv / Center,1,1,3,8,1061,0.0028,32.188751,34.854732,Center,Tel Aviv
35743,בי''ס רחל המשוררת/נעמי שמר,10,Tel Aviv / Center,1,1,3,3,860,0.0035,32.190315,34.890639,Center,Tel Aviv
28271,מסוף תפוז/אלסאלם,49,Beer Sheva / South,1,1,3,4,155,0.0194,31.382468,34.722986,South,Beer Sheva
51257,עובדיה בן שלום/שדרות בן אב''י,3,Tel Aviv / Center,1,1,3,5,1688,0.0018,32.317041,34.85748,Center,Tel Aviv
47362,גשר האחדות/יציאה לכביש 2,21,Periphery / Jerusalem,1,1,3,2,6,0.5,32.311553,34.86465,Center,Tel Aviv
5545,רחוב 270/רחוב 259,33,Haifa / North,1,1,3,4,194,0.0155,32.816593,35.163137,North,Haifa
27782,צומת קיבוץ משמר הנגב,6,Periphery / Center,1,1,3,3,86,0.0349,31.370011,34.713264,South,Beer Sheva
22556,'מרג'ה ב,56,Periphery / Center,1,1,3,6,376,0.008,32.357045,35.037519,Center,Periphery
22914,צומת טייבה,10,Tel Aviv / Center,1,1,3,4,57,0.0526,32.271203,35.003142,Center,Tel Aviv
4791,דרך גולני/קפלן,4,Periphery / North,1,1,3,10,2524,0.0012,32.629604,35.326367,North,Periphery
37279,ת.מרכזית תל אביב קומה 6/רציפים,31,Tel Aviv / Center,1,1,3,2,175,0.0171,32.055908,34.779085,Center,Tel Aviv
21718,בית ספר כפר גנים/י''ד הבנים,17,Tel Aviv / Center,1,1,3,2,13,0.2308,32.073542,34.882126,Center,Tel Aviv
896,תיכון גלילי/אשר ברש,10,Tel Aviv / Center,1,1,3,6,520,0.0058,32.185055,34.90764,Center,Tel Aviv
47017,האר''י/גשר האחדות,3,Tel Aviv / Center,1,1,3,4,814,0.0037,32.31207,34.864008,Center,Tel Aviv
42807,מחלף העמקים/אלרואי,34,Haifa / North,1,1,3,6,2754,0.0011,32.7235,35.101536,North,Haifa
2407,מכללת אורנים,59,Haifa / North,1,1,3,4,462,0.0065,32.710787,35.110211,North,Haifa
42451,בי''ס שקד/מעלה השיזף,59,Haifa / North,1,1,3,5,265,0.0113,32.701655,35.110125,North,Haifa
35744,נעמי שמר/יאיר רוזנבלום,10,Tel Aviv / Center,1,1,3,3,790,0.0038,32.187839,34.891134,Center,Tel Aviv
932,בורוכוב/וייצמן,14,Tel Aviv / Center,1,1,3,7,500,0.006,32.192594,34.877273,Center,Tel Aviv
39763,יהודה לייב יוספזון/יעקב ברמן,26,Tel Aviv / Center,1,1,3,5,400,0.0075,31.905049,34.819767,Center,Tel Aviv
3877,טכניון/בנין הספורט,32,Haifa / North,1,1,2,10,3371,0.0006,32.77895,35.019648,North,Haifa
42830,טכניון/מעונות נווה אמריקה,32,Haifa / North,1,1,2,5,3274,0.0006,32.778214,35.016199,North,Haifa
23897,צומת חב''ד,7,Tel Aviv / Center,1,1,2,8,296,0.0068,31.979243,34.837288,Center,Tel Aviv
49655,מסוף רעננה/היהלום,10,Tel Aviv / Center,1,1,2,3,55,0.0364,32.175064,34.890098,Center,Tel Aviv
29521,אפקה/שד' קק''ל,50,Tel Aviv / Center,1,1,2,6,1972,0.001,32.120097,34.807805,Center,Tel Aviv
8818,הקונגרס הציוני/רקאנטי,41,Jerusalem,1,1,2,6,4751,0.0004,31.818045,35.193628,Jerusalem,Jerusalem
10414,ברנדייס,15,Jerusalem,1,1,2,7,1793,0.0011,31.791409,35.210254,Jerusalem,Jerusalem
9368,בן יועזר/קנאי הגליל,11,Jerusalem,1,1,2,4,1738,0.0012,31.752188,35.205442,Jerusalem,Jerusalem
8782,דרך שכם/לואי ונסן,42,Jerusalem / Center,1,1,2,4,1640,0.0012,31.789166,35.228845,Jerusalem,Jerusalem
9782,בי''ס בויאר/תורה ועבודה,9,Jerusalem,1,1,2,5,630,0.0032,31.76698,35.180278,Jerusalem,Jerusalem
8131,דרך הר הבית/האשל,42,Jerusalem / Center,1,1,2,8,3794,0.0005,31.768002,35.293379,Jerusalem,Jerusalem
14137,ביה''ס עמל/בני אפרים,50,Tel Aviv / Center,1,1,2,6,1622,0.0012,32.116186,34.817501,Center,Tel Aviv
13895,ביה''ס חורב/עוזיאל,25,Tel Aviv / Center,1,1,2,8,2598,0.0008,32.071997,34.823049,Center,Tel Aviv
8074,צומת הר שמואל,41,Jerusalem,1,1,2,5,4692,0.0004,31.832023,35.173268,Jerusalem,Jerusalem
27520,שד. לכיש/שד. מלכי ישראל,6,Periphery / Center,1,1,2,13,2974,0.0007,31.618159,34.767113,Center,Periphery
15621,העצמאות/הכלנית,60,Tel Aviv / Center,1,1,2,7,1900,0.0011,32.030103,34.866259,Center,Tel Aviv
14347,ת.רק''ל אהרונוביץ'/דרך ז'בוטינסקי,37,Tel Aviv / Center,1,1,2,7,12110,0.0002,32.092819,34.83772,Center,Tel Aviv
4109,אל מדינה/א שאפעי,64,Periphery / North,1,1,2,7,1902,0.0011,32.530937,35.153019,North,Periphery
1109,צומת חדרה,23,Periphery / Center,1,1,2,14,4992,0.0004,32.438467,34.911828,Center,Periphery
14837,צומת הרוא''ה,3,Tel Aviv / Center,1,1,2,5,1040,0.0019,32.392873,34.903167,Center,Periphery
22071,אבא הלל סילבר/העמלים,7,Tel Aviv / Center,1,1,2,7,2200,0.0009,31.962943,34.89942,Center,Tel Aviv
20397,מחלף המוביל/למערב,5,Periphery / North,1,1,2,11,1350,0.0015,32.759074,35.232538,North,Haifa
23664,ארליך/משה דיין,51,Tel Aviv / Center,1,1,2,3,1066,0.0019,31.999531,34.773188,Center,Tel Aviv
8415,תלמוד תורה/דרך קדם,42,Jerusalem / Center,1,1,2,5,1773,0.0011,31.777369,35.305508,Center,Jerusalem
35493,אלקנה/מכללת אורות,38,Periphery / Center,1,1,2,7,198,0.0101,32.113555,35.033877,Center,Tel Aviv
8326,האלמוג/חלוקי נחל,42,Jerusalem / Center,1,1,2,3,968,0.0021,31.789164,35.310064,Center,Jerusalem
41604,צומת הגדי למזרח,13,Periphery / South,1,1,2,4,124,0.0161,31.415864,34.608129,South,Periphery
10243,תחנת רקל''ה פסגת זאב מרכז/משה דיין,39,Jerusalem,1,1,2,7,4158,0.0005,31.824384,35.2376,Jerusalem,Jerusalem
16097,צומת בילו/כביש 40,26,Tel Aviv / Center,1,1,2,17,2714,0.0007,31.870021,34.818466,Center,Tel Aviv
9737,צומת חולדה/טל שחר,15,Jerusalem,1,1,2,5,878,0.0023,31.810874,34.89939,Center,Periphery
9597,מדרשת נשמת/ברל לוקר,9,Jerusalem,1,1,2,3,506,0.004,31.749484,35.202733,Jerusalem,Jerusalem
9118,בית ספר יסודי א טור/שיח' ענבר,11,Jerusalem,1,1,2,3,118,0.0169,31.784806,35.254495,Jerusalem,Jerusalem
36363,ת.מרכזית תל אביב קומה 6/רציפים,24,Tel Aviv / Center,1,1,2,4,78,0.0256,32.055908,34.779085,Center,Tel Aviv
25098,יהדות קנדה/העבודה,60,Tel Aviv / Center,1,1,2,6,1436,0.0014,32.022658,34.859988,Center,Tel Aviv
46377,מחלף יפתחאל/יציאה לכביש 784,5,Periphery / North,1,1,2,5,398,0.005,32.767802,35.228595,North,Haifa
8783,דרך שכם/לואי ונסן,42,Jerusalem / Center,1,1,2,3,1782,0.0011,31.789365,35.229001,Jerusalem,Jerusalem
10116,תחנת רקל''ה פסגת זאב מרכז/משה דיין,39,Jerusalem,1,1,2,6,4327,0.0005,31.823881,35.237535,Jerusalem,Jerusalem
20363,גבעת יואב 2,1,Periphery / North,1,1,2,7,140,0.0143,32.7987,35.684086,North,Periphery
7673,צומת מצפה יריחו,42,Jerusalem / Center,1,1,2,6,618,0.0032,31.818344,35.389166,Center,Jerusalem
39085,בית ספר ניסויי תפן,2,Periphery / North,1,1,2,9,31,0.0645,32.996235,35.264492,North,Periphery
18022,צומת תפן,2,Periphery / North,1,1,2,11,564,0.0035,33.00611,35.283395,North,Periphery
28300,גדוד אריה,62,Periphery / South,1,1,2,4,18,0.1111,30.939562,34.872806,South,Periphery
17989,צומת כרמיאל מערב,18,Periphery / North,1,1,2,7,1546,0.0013,32.923165,35.278923,North,Periphery
48190,ת.מרכזית באר שבע/רציפים בינעירוני,0,Beer Sheva / South,1,1,2,3,227,0.0088,31.243017,34.796743,South,Beer Sheva
26631,כלא נפחא,62,Periphery / South,1,1,2,4,318,0.0063,30.725752,34.774853,South,Periphery
26622,כלא נפחא,62,Periphery / South,1,1,2,5,352,0.0057,30.727456,34.774609,South,Periphery
36858,מחוז ש''י,42,Jerusalem / Center,1,1,2,2,4,0.5,31.797281,35.290829,Jerusalem,Jerusalem
36815,מעלה אריאל,69,Jerusalem,1,1,2,3,194,0.0103,31.816684,35.391434,Center,Jerusalem
51421,מחלף קריית המודיעין/כביש 60,0,Beer Sheva / South,1,2,2,7,1116,0.0018,31.286565,34.87009,South,Beer Sheva
40267,אל ג'רביה/כניסה,18,Periphery / North,1,1,2,5,214,0.0093,32.992907,35.309824,North,Periphery
20853,מועצה אזורית מטה אשר,29,Haifa / North,1,1,2,3,588,0.0034,32.969839,35.092907,North,Haifa
17621,יפה נוף/משה סנה,2,Periphery / North,1,1,2,5,680,0.0029,33.001181,35.100529,North,Periphery
20171,צומת עמיעד,1,Periphery / North,1,1,2,5,1214,0.0016,32.913386,35.542509,North,Periphery
879,דוד רמז/האחווה,10,Tel Aviv / Center,1,1,2,4,532,0.0038,32.189835,34.902716,Center,Tel Aviv
10075,נזר דוד/מרץ,9,Jerusalem,1,1,2,3,1012,0.002,31.761147,35.190371,Jerusalem,Jerusalem
24810,מרגולין/השומרים,26,Tel Aviv / Center,1,1,2,3,514,0.0039,31.896913,34.824441,Center,Tel Aviv
6351,אזור תעשייה בני יהודה,1,Periphery / North,1,1,2,8,156,0.0128,32.806581,35.712292,North,Periphery
20953,אום קוביי/כפר החורש,8,Periphery / North,1,1,2,2,61,0.0328,32.706794,35.281834,North,Periphery
5560,צומת שאן,54,Periphery / Center,1,1,2,4,48,0.0417,32.507867,35.518727,North,Periphery
17116,גבעת ההגנה 2,61,Haifa / North,1,1,2,2,4,0.5,32.745519,35.032606,North,Haifa
886,ד''ר משה סנה/אהוד מנור,10,Tel Aviv / Center,1,1,2,6,544,0.0037,32.18737,34.896917,Center,Tel Aviv
50847,מסוף מועצה אזורית אשכול/רציפים,13,Periphery / South,1,1,2,3,96,0.0208,31.302314,34.432016,South,Periphery
51205,עין אל-מוקביי/חרבג'י,40,Periphery / North,1,1,2,4,62,0.0323,32.704739,35.281868,North,Periphery
23333,הבנים/קפלן,12,Tel Aviv / Center,1,1,2,3,12,0.1667,32.001036,34.83163,Center,Tel Aviv
12464,צומת שזפון/כביש 12,30,Periphery / South,1,1,2,3,112,0.0179,30.048901,35.014207,South,Periphery
21298,צומת בית שערים/נווה יער,34,Haifa / North,1,1,1,5,2318,0.0004,32.703718,35.181847,North,Haifa
17004,כיכר אלשהיד,64,Periphery / North,1,1,1,6,1504,0.0007,32.53082,35.152875,North,Periphery
51430,מחלף קריית המודיעין/כביש 60 ,0,Beer Sheva / South,1,1,1,6,1112,0.0009,31.287038,34.871137,South,Beer Sheva
17613,צומת נהריה,2,Periphery / North,1,1,1,5,54,0.0185,33.004903,35.099141,North,Periphery
44547,הרב פנחס מילר,8,Periphery / North,1,1,1,9,556,0.0018,32.729129,35.343026,North,Periphery
24830,צומת ביל''ו,26,Tel Aviv / Center,1,1,1,9,596,0.0017,31.871477,34.820257,Center,Tel Aviv
42283,מחלף לקיה,0,Beer Sheva / South,1,1,1,2,2,0.5,31.344677,34.867025,South,Beer Sheva
39134,מחלף כסייפה,53,Periphery / South,1,1,1,5,32,0.0312,31.259346,35.061391,South,Periphery
18149,בוקיעה אל ג'רביה/864,18,Periphery / North,1,1,1,7,282,0.0035,32.992812,35.314568,North,Periphery
16678,צומת שוהם/שדרות עמק איילון,7,Tel Aviv / Center,1,1,1,8,1184,0.0008,31.984346,34.937633,Center,Tel Aviv
23255,שד. עמק איילון/בשמת,7,Tel Aviv / Center,1,1,1,5,958,0.001,32.005453,34.947988,Center,Tel Aviv
21695,שבעת המינים/החיטה,15,Jerusalem,1,1,1,9,460,0.0022,31.790312,34.81327,Center,Periphery
20656,השיקמה/מעלה שיקמה,58,Haifa / North,1,1,1,3,104,0.0096,32.702065,35.159569,North,Haifa
6919,מעלה השקמה/סמטת הפרדס,59,Haifa / North,1,1,1,3,98,0.0102,32.700534,35.161479,North,Haifa
14144,בני אפרים/מנורה,14,Tel Aviv / Center,1,1,1,6,1906,0.0005,32.121512,34.821577,Center,Tel Aviv
49553,יצחק שמיר,4,Periphery / North,1,1,1,4,605,0.0017,32.634398,35.314117,North,Periphery
44541,בית ספר הר יונה/האדמו''ר מבעלזא ,8,Periphery / North,1,1,1,5,459,0.0022,32.73016,35.347419,North,Periphery
44546,הרב פנחס מילר/הרב אהרן לייב שטיינמן,8,Periphery / North,1,1,1,5,458,0.0022,32.729085,35.343439,North,Periphery
49476,ת. רכבת אוניברסיטה/איסוף,24,Tel Aviv / Center,1,1,1,2,105,0.0095,32.104859,34.803889,Center,Tel Aviv
