socio_unit_id,socio_cluster,population,stops,total_stop_use,community,city,region,metro,stop_use_per_1000,stops_per_1000
70001.0,7.0,880.167844538042,7,266.0,56,שחר,מרכז,פריפריה,302.215085055295,7.95302855408671
100001.0,4.0,453.946611360776,2,181.0,1,תירוש,מרכז,פריפריה,398.72530264610674,4.405804449128251
110001.0,8.0,577.835020693844,9,381.0,56,"ניר ח""ן",מרכז,פריפריה,659.3577515300277,15.57537995740223
150001.0,5.0,360.247492325833,12,288.0,1,נועם,מרכז,פריפריה,799.4503948954979,33.31043312064574
160001.0,7.0,616.587080348915,2,60.0,1,בית ניר,מרכז,פריפריה,97.30985599965399,3.243661866655133
180001.0,7.0,779.722855680161,12,1547.0,1,שדה משה,מרכז,פריפריה,1984.0382883871403,15.390083684968122
210001.0,7.0,1220.19502963532,4,324.0,66,באר אורה,דרום,פריפריה,265.53132255983206,3.2781644760473094
230001.0,6.0,218.637193905019,5,237.0,1,אמציה,דרום,פריפריה,1083.9875675634505,22.86893602454537
240001.0,9.0,800.152931634151,4,510.0,1,לכיש,מרכז,פריפריה,637.3781558963083,4.9990443599710455
260001.0,7.0,3236.96429296127,44,11203.0,52,ראש פינה,צפון,פריפריה,3460.9587830056557,13.592982812840209
270001.0,5.0,390.324677046335,3,270.0,1,שדות מיכה,מרכז,פריפריה,691.7318219364045,7.685909132626716
280001.0,8.0,15397.9678703347,39,10805.0,55,מזכרת בתיה,מרכז,תל אביב,701.7159725873058,2.5328017520504327
290001.0,7.0,1803.50498710932,17,2521.0,52,יסוד המעלה,צפון,פריפריה,1397.833672775527,9.426089820382371
310001.0,3.0,5223.91350576286,15,6974.0,59,אופקים,דרום,באר שבע,1335.0144469862487,2.8714104824768754
310002.0,3.0,2618.83261355146,21,10667.0,59,אופקים,דרום,באר שבע,4073.1889257840858,8.018840108884016
310003.0,2.0,2972.96619741897,11,6393.0,59,אופקים,דרום,באר שבע,2150.3776280908237,3.7000084325041547
310004.0,3.0,2917.76033094383,34,17525.0,59,אופקים,דרום,באר שבע,6006.319235388006,11.652773409597273
310006.0,2.0,6704.06189888167,51,23251.0,59,אופקים,דרום,באר שבע,3468.1959013353667,7.607328328592477
310007.0,5.0,13523.8133777345,42,21734.0,59,אופקים,דרום,באר שבע,1607.0910913176817,3.1056329177943605
320001.0,3.0,753.115391422572,8,1274.0,56,עוצם,מרכז,פריפריה,1691.6398396712098,10.622542164340405
330001.0,8.0,647.547713428945,3,704.0,40,בת שלמה,צפון,חיפה,1087.1785744900935,4.632863243565739
350001.0,7.0,446.985863329535,8,553.0,52,גדות,צפון,פריפריה,1237.1755918202437,17.897657747851625
360001.0,6.0,632.485095654592,2,179.0,56,שדה דוד,מרכז,פריפריה,283.01062148309364,3.1621298489731133
370001.0,5.0,520.378178780545,3,120.0,1,איתן,מרכז,פריפריה,230.60152191855582,5.765038047963895
390001.0,6.0,422.408185684351,5,285.0,1,גפן,מרכז,פריפריה,674.7028340330726,11.836891825141626
410001.0,7.0,3460.94857206843,19,1694.0,41,אליכין,מרכז,פריפריה,489.46118808913235,5.4898244236679545
430001.0,7.0,1692.50109904666,13,494.0,52,מטולה,צפון,פריפריה,291.87573365728196,7.6809403594021575
440001.0,6.0,342.782822204463,3,200.0,56,זוהר,מרכז,פריפריה,583.459809081985,8.751897136229775
460001.0,2.0,4446.61962797757,26,2481.0,54,יבנאל,צפון,פריפריה,557.9519292340323,5.847138315229681
470001.0,8.0,4424.29839738504,11,4256.0,42,כפר תבור,צפון,פריפריה,961.9604325321927,2.486269914909333
480001.0,6.0,1064.14862917766,14,1280.0,54,מנחמיה,צפון,פריפריה,1202.8394952584235,13.156056979389009
490001.0,7.0,485.583221729745,15,7618.0,63,אילנייה,צפון,פריפריה,15688.35095426723,30.8906884108701
520001.0,7.0,860.060728233197,4,172.0,1,לוזית,מרכז,פריפריה,199.9858781522738,4.6508343756342745
530001.0,8.0,10454.426267749,31,5391.0,62,עתלית,צפון,חיפה,515.6667484117008,2.9652511965799895
550001.0,6.0,578.429556407826,2,136.0,56,נוגה,מרכז,פריפריה,235.11938228846697,3.4576379748303965
570001.0,5.0,700.693194123214,1,33.0,54,כנרת (קבוצה),צפון,פריפריה,47.09621882554933,1.4271581462287677
580001.0,8.0,127.991946700813,2,1478.0,54,מצפה,צפון,פריפריה,11547.60153351595,15.625983130603451
590001.0,7.0,1505.19835007314,2,43.0,1,נחושה,מרכז,פריפריה,28.567663522824457,1.3287285359453234
620001.0,6.0,523.185986167817,14,4941.0,54,דגניה א',צפון,פריפריה,9444.060297163858,26.759126525054445
630001.0,9.0,687.008824413642,12,2360.0,54,כנרת (מושבה),צפון,פריפריה,3435.181494232256,17.467024546943673
640001.0,7.0,1139.47194445417,7,686.0,28,"יד רמב""ם",מרכז,תל אביב,602.0332517520718,6.1431964464497115
650001.0,5.0,1878.41454091871,27,3441.0,63,מגדל,צפון,פריפריה,1831.8640135297549,14.373823994566516
660001.0,7.0,1274.17342752164,4,576.0,42,מרחביה (קיבוץ),צפון,פריפריה,452.0577713823164,3.139290079043864
670001.0,8.0,808.75311422757,1,43.0,56,אור הנר,מרכז,פריפריה,53.168265127570805,1.2364712820365305
690001.0,6.0,392.694609740997,1,75.0,56,ניר עוז,דרום,פריפריה,190.98810663448242,2.546508088459766
700122.0,4.0,3012.37224156028,12,6976.0,36,אשדוד,מרכז,פריפריה,2315.782858358411,3.983571430662405
700123.0,4.0,3776.22971722928,16,4371.0,36,אשדוד,מרכז,פריפריה,1157.5037344939701,4.23703037106006
700125.0,3.0,2358.19580893805,6,5304.0,36,אשדוד,מרכז,פריפריה,2249.1770954289473,2.544317981254465
700126.0,3.0,3706.28194407367,8,6298.0,36,אשדוד,מרכז,פריפריה,1699.277090905207,2.1584974162022315
700131.0,3.0,2085.36494209294,3,3475.0,36,אשדוד,מרכז,פריפריה,1666.3749974200568,1.4385971200748693
700132.0,3.0,1727.72069247391,4,3201.0,36,אשדוד,מרכז,פריפריה,1852.7300239811984,2.3151890334035596
700133.0,2.0,3964.75207737573,32,27397.0,36,אשדוד,מרכז,פריפריה,6910.142037969264,8.071122576012574
700141.0,2.0,6005.62559676729,14,8633.0,36,אשדוד,מרכז,פריפריה,1437.4855476583446,2.3311476505521633
700142.0,2.0,3356.27382747588,6,9873.0,36,אשדוד,מרכז,פריפריה,2941.65509356699,1.787696805570945
700143.0,2.0,4649.63590482025,6,6776.0,36,אשדוד,מרכז,פריפריה,1457.3184091630403,1.2904236208645574
700144.0,2.0,7234.94180657168,6,10679.0,36,אשדוד,מרכז,פריפריה,1476.0312225732064,0.8293086745424889
700211.0,2.0,7622.49969669276,5,6558.0,36,אשדוד,מרכז,פריפריה,860.3476892029757,0.6559527975015064
700212.0,2.0,7242.26394731146,7,9572.0,36,אשדוד,מרכז,פריפריה,1321.686156378408,0.9665485890773982
700213.0,2.0,4715.02606034391,9,11353.0,36,אשדוד,מרכז,פריפריה,2407.833987490606,1.908791146605783
700221.0,2.0,4031.83710893587,8,3181.0,36,אשדוד,מרכז,פריפריה,788.9703661266134,1.9842071452414043
700222.0,2.0,4113.1074749286,9,7268.0,36,אשדוד,מרכז,פריפריה,1767.033816719357,2.188126630500029
700223.0,2.0,4016.79046229254,12,3830.0,36,אשדוד,מרכז,פריפריה,953.4975836937406,2.9874597922519284
700231.0,5.0,3226.10589957179,5,2531.0,36,אשדוד,מרכז,פריפריה,784.5371723029758,1.549856128611173
700232.0,5.0,3123.89847459313,5,2375.0,36,אשדוד,מרכז,פריפריה,760.2679854406377,1.6005641798750267
700233.0,6.0,3722.05533137687,8,3245.0,36,אשדוד,מרכז,פריפריה,871.8301344541278,2.1493501003491593
700234.0,3.0,3896.55297841861,6,2021.0,36,אשדוד,מרכז,פריפריה,518.6635498589344,1.5398225131883259
700241.0,5.0,5790.40163559109,5,3880.0,36,אשדוד,מרכז,פריפריה,670.074416971583,0.8634979600149265
700242.0,4.0,2433.34074102985,4,3522.0,36,אשדוד,מרכז,פריפריה,1447.3928540354782,1.6438306121924795
700243.0,6.0,3111.37991979909,5,4765.0,36,אשדוד,מרכז,פריפריה,1531.4748191560252,1.6070040075089458
700244.0,7.0,2268.98092267534,4,3814.0,36,אשדוד,מרכז,פריפריה,1680.9308363434534,1.7629059636533335
700311.0,7.0,2379.99388079937,6,2042.0,36,אשדוד,מרכז,פריפריה,857.9853992373091,2.5210148851243166
700312.0,7.0,1616.02175126651,20,8355.0,36,אשדוד,מרכז,פריפריה,5170.103678030331,12.376071042562133
700313.0,7.0,2523.10635693843,9,2045.0,36,אשדוד,מרכז,פריפריה,810.5088374005087,3.567031558241848
700314.0,7.0,6189.38740722558,8,3780.0,36,אשדוד,מרכז,פריפריה,610.7227987679642,1.2925350238475433
700315.0,7.0,4029.16300171147,2,282.0,36,אשדוד,מרכז,פריפריה,69.98972240145527,0.4963810099393991
700316.0,7.0,6040.7482344706,8,7047.0,36,אשדוד,מרכז,פריפריה,1166.5773388447774,1.324339252271636
700317.0,7.0,5051.44259219048,5,2883.0,36,אשדוד,מרכז,פריפריה,570.728053894369,0.9898162571875981
700321.0,4.0,4762.61982206263,9,11074.0,36,אשדוד,מרכז,פריפריה,2325.1908432204004,1.8897162352342065
700322.0,2.0,4354.76298674581,7,10763.0,36,אשדוד,מרכז,פריפריה,2471.546679522709,1.6074353578610947
700323.0,3.0,5471.90642034031,11,9143.0,36,אשדוד,מרכז,פריפריה,1670.8984579877695,2.010268296824397
700331.0,6.0,2656.33716356598,4,1262.0,36,אשדוד,מרכז,פריפריה,475.09029249353176,1.5058329397576284
700332.0,5.0,1731.82888847227,4,1723.0,36,אשדוד,מרכז,פריפריה,994.9019856805493,2.3096970068033644
700333.0,5.0,4903.58716711774,39,25782.0,36,אשדוד,מרכז,פריפריה,5257.783561570559,7.9533612171767825
700342.0,6.0,4111.39522081265,13,9868.0,36,אשדוד,מרכז,פריפריה,2400.1584547372972,3.1619436473028846
700343.0,6.0,3108.7041678809,7,3563.0,36,אשדוד,מרכז,פריפריה,1146.1367205065314,2.2517420835098845
700411.0,6.0,4198.88595186371,6,3145.0,36,אשדוד,מרכז,פריפריה,749.008197901652,1.4289504570460767
700412.0,6.0,3437.5396410278,5,3955.0,36,אשדוד,מרכז,פריפריה,1150.5321866826482,1.4545286810147258
700413.0,6.0,2444.09644257929,4,3242.0,36,אשדוד,מרכז,פריפריה,1326.4615681771834,1.636596629459819
700415.0,7.0,7019.75240301595,6,2162.0,36,אשדוד,מרכז,פריפריה,307.9880707859615,0.8547310012561374
700421.0,7.0,6798.33683511225,10,4986.0,36,אשדוד,מרכז,פריפריה,733.4146749316922,1.4709480042753553
700422.0,7.0,9317.62075301198,10,3233.0,36,אשדוד,מרכז,פריפריה,346.9769896950262,1.0732353532169077
700423.0,6.0,4457.46617181046,7,3308.0,36,אשדוד,מרכז,פריפריה,742.1256544626589,1.5703989060576216
700424.0,6.0,2475.64838670128,2,881.0,36,אשדוד,מרכז,פריפריה,355.8663680725289,0.8078691670204969
700425.0,7.0,5285.9986043051,7,3904.0,36,אשדוד,מרכז,פריפריה,738.5548677255509,1.3242530927456087
700426.0,7.0,3770.81159510389,8,3300.0,36,אשדוד,מרכז,פריפריה,875.1431666023298,2.1215591917632235
700432.0,7.0,4428.36405577634,20,6029.0,36,אשדוד,מרכז,פריפריה,1361.4508482282067,4.516340514938487
700433.0,7.0,5514.01455989707,13,9386.0,36,אשדוד,מרכז,פריפריה,1702.2080551370918,2.3576288852314295
700434.0,7.0,5826.74718723674,4,6405.0,36,אשדוד,מרכז,פריפריה,1099.2411021418436,0.686489369019106
710001.0,7.0,630.121128848987,6,200.0,56,אשבול,דרום,באר שבע,317.39929172876765,9.52197875186303
720001.0,3.0,947.520571268306,2,3635.0,41,גן שמואל,מרכז,פריפריה,3836.3283185866476,2.1107721147656933
740001.0,7.0,665.453627205347,6,1023.0,62,עין הוד,צפון,חיפה,1537.2972032569908,9.016405884205225
760001.0,5.0,688.886845054532,7,820.0,52,כפר גלעדי,צפון,פריפריה,1190.3261121717153,10.161320469758547
770001.0,7.0,1110.62981758702,1,31.0,52,איילת השחר,צפון,פריפריה,27.912090517568956,0.9003900166957729
780001.0,7.0,454.918483794894,5,491.0,69,קריית ענבים,ירושלים,ירושלים,1079.3142452777845,10.990980094478457
790001.0,7.0,688.374488728943,3,697.0,54,דגניה ב',צפון,פריפריה,1012.5302599272435,4.358092940863315
800001.0,7.0,1248.03341477487,15,7118.0,42,נהלל,צפון,חיפה,5703.3729351581505,12.018908967037406
820001.0,6.0,779.756636218355,3,634.0,42,עין חרוד (מאוחד),צפון,פריפריה,813.0741959116347,3.8473542393295013
840001.0,6.0,564.324068466433,4,1130.0,42,תל יוסף,צפון,פריפריה,2002.3955438774883,7.088125819035357
850001.0,8.0,1157.88558828032,5,804.0,42,כפר יחזקאל,צפון,פריפריה,694.3691225953445,4.318215936538212
860001.0,3.0,605.47168704407,1,65.0,42,גבע,צפון,פריפריה,107.35431794892318,1.651604891521895
890001.0,4.0,539.983768624679,3,186.0,42,עין חרוד (איחוד),צפון,פריפריה,344.4547981020539,5.555722550033128
900001.0,7.0,757.297297873177,4,347.0,23,חפצי-בה,צפון,פריפריה,458.2084222068773,5.281941466361698
920001.0,7.0,645.397399723561,5,1872.0,42,גיניגר,צפון,פריפריה,2900.5384911712104,7.747164773427378
940001.0,8.0,530.830283709579,2,1851.0,42,בלפוריה,צפון,פריפריה,3486.9902053528945,3.7676825557567737
950001.0,2.0,1332.71109005006,2,303.0,23,בית אלפא,צפון,פריפריה,227.3561031060517,1.5007003505349947
960001.0,4.0,1630.16902589258,30,18599.0,72,יגור,צפון,חיפה,11409.246344756388,18.402999642060948
970001.0,8.0,663.132402791421,6,969.0,42,מרחביה (מושב),צפון,פריפריה,1461.2466468552063,9.047966853592609
980001.0,9.0,323.941315138328,4,1037.0,32,"כפר מל""ל",מרכז,תל אביב,3201.197104349548,12.347915542331913
990001.0,3.0,5174.85337920963,41,5995.0,16,מצפה רמון,דרום,פריפריה,1158.4869291341417,7.922929790575448
1030001.0,8.0,1527.74835520825,3,2839.0,42,תל עדשים,צפון,פריפריה,1858.290333170093,1.9636741808771674
1040001.0,7.0,791.793091581084,3,2975.0,42,מזרע,צפון,פריפריה,3757.294717057207,3.7888686222425614
1060001.0,4.0,351.078555750308,2,1934.0,42,כפר גדעון,צפון,פריפריה,5508.738623658598,5.696730738013028
1070001.0,2.0,405.880397367287,3,2164.0,71,כפר סילבר,מרכז,פריפריה,5331.6198910729,7.391339959897735
1120001.0,8.0,546.094914063718,12,7675.0,60,כפר חסידים א',צפון,חיפה,14054.333417770096,21.974202086415787
1130001.0,4.0,278.144467860533,2,98.0,42,אדירים,צפון,פריפריה,352.33488824641694,7.1905079233962645
1150001.0,9.0,824.340077503432,7,1290.0,35,חופית,מרכז,פריפריה,1564.888127126913,8.491640999913482
1220001.0,8.0,8070.61366800022,25,7691.0,60,רמת ישי,צפון,חיפה,952.9634692457925,3.0976578768878964
1260001.0,7.0,849.327173482101,19,5653.0,45,שריד,צפון,פריפריה,6655.856749317974,22.3706489009449
1270001.0,3.0,536.340612974504,3,2420.0,6,רמת רחל,ירושלים,ירושלים,4512.058086705135,5.593460438064217
1280001.0,9.0,317.217050653291,9,1494.0,12,גת רימון,מרכז,תל אביב,4709.709004995758,28.371740993950347
1300001.0,2.0,1266.26486112336,2,259.0,42,משמר העמק,צפון,חיפה,204.53856689210306,1.579448392989213
1320001.0,7.0,667.005944114233,1,55.0,45,כפר ברוך,צפון,פריפריה,82.45803577213783,1.49923701403887
1330001.0,8.0,944.996197620719,4,1158.0,42,גבת,צפון,חיפה,1225.401756023543,4.232821264330027
1340001.0,7.0,1193.73783943704,2,436.0,42,יפעת,צפון,פריפריה,365.23932273573155,1.6754097373198695
1350001.0,7.0,541.539030015654,4,895.0,42,רמת דוד,צפון,חיפה,1652.697128726121,7.386355882574842
1390001.0,6.0,618.254163450982,4,612.0,41,עין שמר,מרכז,פריפריה,989.8841547365045,6.46983107670918
1400001.0,8.0,1244.18491338744,11,1594.0,40,כפר יהושע,צפון,חיפה,1281.1600453023877,8.841129547256125
1410001.0,7.0,395.730066445942,2,98.0,42,ברק,צפון,פריפריה,247.64355379953705,5.053950077541572
1420001.0,7.0,1094.45454992278,8,1114.0,40,שדה יעקב,צפון,חיפה,1017.8586219762155,7.3095771775670775
1430001.0,6.0,626.035312161652,1,66.0,54,בית זרע,צפון,פריפריה,105.42536294335707,1.5973539839902586
1440001.0,8.0,590.633471559862,1,21.0,55,גן שלמה,מרכז,תל אביב,35.555045575962765,1.6930974083791794
1450001.0,5.0,413.990324598606,1,45.0,42,גדיש,צפון,פריפריה,108.6981925088003,2.4155153890844514
1460001.0,8.0,218.275256896473,2,98.0,42,דבורה,צפון,פריפריה,448.9743885468474,9.16274262340505
1470001.0,8.0,2693.73665254372,12,3126.0,55,גבעת ברנר,מרכז,תל אביב,1160.4697872184684,4.454778453813698
1540001.0,9.0,14174.6711402476,20,4903.0,67,תל מונד,מרכז,תל אביב,345.898677400593,1.4109674786889375
1550001.0,8.0,1293.86266036872,4,92.0,1,באר טוביה,מרכז,פריפריה,71.10491926073684,3.0915182287276886
1560001.0,2.0,403.623611333699,2,258.0,0,עיינות,מרכז,תל אביב,639.2093840781195,4.955111504481546
1570001.0,9.0,1529.09897935969,7,191.0,67,עין ורד,מרכז,תל אביב,124.91016119831643,4.5778593109330625
1580001.0,7.0,1770.93816038352,2,173.0,28,נען,מרכז,תל אביב,97.68833484424695,1.1293449114941845
1590001.0,9.0,522.524182508026,4,114.0,0,בית חנן,מרכז,תל אביב,218.17172069016914,7.655148094391898
1600001.0,9.0,1169.00650660094,3,266.0,55,חולדה,מרכז,תל אביב,227.543643682048,2.566281695662196
1620001.0,9.0,1260.03659315067,3,151.0,67,חירות,מרכז,תל אביב,119.83778949024861,2.3808832349056015
1630001.0,9.0,742.988841203967,3,520.0,1,תימורים,מרכז,פריפריה,699.8759216321102,4.037745701723713
1640001.0,6.0,374.856891731818,2,90.0,42,מלאה,צפון,פריפריה,240.0916242574733,5.335369427943852
1650001.0,7.0,729.943301440508,6,236.0,42,ניר יפה,צפון,פריפריה,323.3127826973209,8.219816509253924
1660001.0,7.0,5860.80190505092,20,3076.0,47,גן יבנה,מרכז,פריפריה,524.8428542430449,3.412502303270773
1660002.0,7.0,5811.29922312259,15,2431.0,47,גן יבנה,מרכז,פריפריה,418.3229785049253,2.5811783947239317
1660003.0,7.0,6934.00079445067,33,6947.0,47,גן יבנה,מרכז,פריפריה,1001.8747049408668,4.759157228019088
1660004.0,7.0,5638.0940196395,11,2232.0,47,גן יבנה,מרכז,פריפריה,395.878463932163,1.9510139351495488
1670001.0,7.0,854.084845934483,3,268.0,34,עין החורש,מרכז,פריפריה,313.7861551761548,3.512531587792778
1680001.0,7.0,11432.9546471194,33,13055.0,34,כפר יונה,מרכז,תל אביב,1141.8745549987188,2.8863929770170604
1680002.0,7.0,7266.67109560355,27,12303.0,34,כפר יונה,מרכז,תל אביב,1693.0723625902797,3.715594065669963
1680003.0,7.0,9095.07167050237,20,6653.0,34,כפר יונה,מרכז,תל אביב,731.4950602948376,2.198993116773899
1700001.0,6.0,676.083003178505,11,492.0,32,כפר יעבץ,מרכז,תל אביב,727.721297069937,16.270191601157126
1710001.0,9.0,7249.85786333333,11,2982.0,34,פרדסייה,מרכז,תל אביב,411.3184087486289,1.5172711254979605
1730001.0,7.0,1057.17996306857,6,431.0,34,גבעת חיים (מאוחד),מרכז,פריפריה,407.6883927585797,5.675476465316655
1740001.0,9.0,636.454604857368,2,30.0,0,נטעים,מרכז,תל אביב,47.136119011540686,3.142407934102712
1750001.0,9.0,1401.69123221309,6,1057.0,34,אביחיל,מרכז,פריפריה,754.0890430848548,4.280543290926327
1760001.0,7.0,1489.19061014205,8,2124.0,54,אפיקים,צפון,פריפריה,1426.2781309085726,5.372045690804417
1770001.0,9.0,1252.79811800361,1,298.0,55,"כפר ביל""ו",מרכז,תל אביב,237.86753485459923,0.7982132042100645
1780001.0,3.0,1017.33109444185,2,76.0,22,רמת יוחנן,צפון,חיפה,74.70527580963869,1.9659283107799657
1820001.0,9.0,14159.0799628718,71,10831.0,67,אבן יהודה,מרכז,תל אביב,764.9508321445495,5.014450104539103
1840001.0,7.0,1183.23736190789,28,3547.0,32,רמת הכובש,מרכז,תל אביב,2997.707910677113,23.66389103438375
1860001.0,3.0,404.103881295855,1,1012.0,10,נעורים,מרכז,פריפריה,2504.3065578949204,2.474611223216324
1870001.0,9.0,1582.61437344418,29,2557.0,32,כפר הס,מרכז,תל אביב,1615.6810167440246,18.32411008430845
1880001.0,7.0,644.849605507127,4,761.0,54,אשדות יעקב (מאוחד),צפון,פריפריה,1180.1201295634341,6.202996738835395
1890001.0,3.0,1105.58720976317,3,48.0,62,כפר פינס,מרכז,פריפריה,43.41584234705662,2.7134901466910386
1900001.0,9.0,1982.45395762445,8,330.0,35,כפר ויתקין,מרכז,פריפריה,166.4603602675519,4.035402673152774
1910001.0,9.0,695.555116086499,4,306.0,34,הדר עם,מרכז,פריפריה,439.936380199015,5.75080235554268
1920001.0,9.0,715.799835438624,1,55.0,45,כפר החורש,צפון,פריפריה,76.83712300142874,1.397038600025977
1930001.0,9.0,639.57381091248,4,158.0,34,כפר חיים,מרכז,פריפריה,247.03950866058977,6.254164776217462
1940001.0,7.0,613.210153079183,6,1590.0,34,משמר השרון,מרכז,פריפריה,2592.9120579885202,9.784573803730266
1950001.0,8.0,5833.39676597826,10,4750.0,67,קדימה-צורן,מרכז,תל אביב,814.2768597025862,1.7142670730580762
1950002.0,9.0,3847.2009305343,6,1895.0,67,קדימה-צורן,מרכז,תל אביב,492.5659029035487,1.5595754181642703
1950003.0,9.0,3984.93330363832,11,3587.0,67,קדימה-צורן,מרכז,תל אביב,900.1405360348191,2.7603975178095927
1950004.0,7.0,5887.19467843136,30,5940.0,67,קדימה-צורן,מרכז,תל אביב,1008.9695218950548,5.0958056661366395
1950005.0,7.0,3113.56943354877,10,2318.0,67,קדימה-צורן,מרכז,תל אביב,744.4831565416547,3.2117478711891914
1970001.0,5.0,972.438058401686,3,1030.0,34,מעברות,מרכז,פריפריה,1059.1934273869574,3.0850294001561864
1980001.0,9.0,1326.57934659718,5,319.0,32,צופית,מרכז,תל אביב,240.4680887112178,3.7690922995488685
1990001.0,7.0,1018.79845486666,3,746.0,54,אשדות יעקב (איחוד),צפון,פריפריה,732.2351113082874,2.944645219738421
2000001.0,9.0,363.243061169964,3,2110.0,35,בית ינאי,מרכז,פריפריה,5808.782673518755,8.258932711164107
2020001.0,9.0,252.540179685189,4,305.0,0,בית עובד,מרכז,תל אביב,1207.7286092858817,15.839063728339434
2040001.0,7.0,715.809198044706,5,2130.0,34,אלישיב,מרכז,פריפריה,2975.6532967420326,6.985101635544678
2050001.0,8.0,867.97541034222,1,31.0,34,חגלה,מרכז,פריפריה,35.71529749647805,1.1521063708541308
2080001.0,9.0,1524.4034308075,6,673.0,7,מוצא עילית,ירושלים,ירושלים,441.48418089265357,3.935965951494682
2120001.0,2.0,308.662591801076,9,3565.0,62,בית צבי,צפון,חיפה,11549.828501075823,29.158052316881456
2130001.0,9.0,1233.64514031167,1,32.0,62,משמרות,מרכז,פריפריה,25.939388041455317,0.8106058762954786
2170001.0,6.0,1482.99192264041,1,52.0,34,"כפר הרא""ה",מרכז,פריפריה,35.06425032134768,0.674312506179763
2190001.0,9.0,844.091649899969,4,166.0,34,חיבת ציון,מרכז,פריפריה,196.6611090391336,4.738821904557437
2230001.0,8.0,587.352184837366,4,279.0,42,עין עירון,מרכז,פריפריה,475.0131304563943,6.810224092564794
2240001.0,6.0,491.384391629173,1,14.0,10,שושנת העמקים,מרכז,פריפריה,28.49093344943933,2.035066674959952
2250001.0,9.0,839.581911239605,6,2389.0,41,גן השומרון,מרכז,פריפריה,2845.4638767440197,7.146414089771502
2290001.0,9.0,14611.8053520292,23,5313.0,12,גני תקווה,מרכז,תל אביב,363.6100996419421,1.574069695419663
2290002.0,8.0,2904.66845255434,4,1533.0,12,גני תקווה,מרכז,תל אביב,527.7710778494851,1.3770934842778477
2290003.0,9.0,5116.4696184436,24,5923.0,12,גני תקווה,מרכז,תל אביב,1157.6341582580808,4.690734391050809
2300001.0,9.0,835.503478962129,7,700.0,12,מעש,מרכז,תל אביב,837.8181750596027,8.378181750596026
2320001.0,7.0,1346.12364762464,6,771.0,10,שפיים,מרכז,תל אביב,572.7557058822205,4.457242847332454
2330001.0,9.0,750.719649717782,3,118.0,34,כפר ידידיה,מרכז,פריפריה,157.18251153324644,3.9961655474554183
2340001.0,9.0,1248.1863201292,15,2594.0,47,ביצרון,מרכז,פריפריה,2078.215373912682,12.017436626326225
2350001.0,8.0,461.764636982269,7,355.0,10,חבצלת השרון,מרכז,פריפריה,768.7899236286287,15.159237930705354
2370001.0,6.0,714.880707830825,2,2032.0,60,שער העמקים,צפון,חיפה,2842.432279597715,2.797669566533184
2390001.0,9.0,811.11079488616,1,198.0,32,גן חיים,מרכז,תל אביב,244.10968421125435,1.232877192986133
2400001.0,5.0,2079.35576366407,21,10763.0,40,יקנעם עילית,צפון,חיפה,5176.122426031766,10.099281886710683
2400003.0,3.0,1837.32817847012,14,9139.0,40,יקנעם עילית,צפון,חיפה,4974.070559136436,7.619760129982504
2400004.0,6.0,4628.03197764478,37,13343.0,40,יקנעם עילית,צפון,חיפה,2883.082931244199,7.994758933975519
2400005.0,8.0,7576.51145304555,38,17250.0,40,יקנעם עילית,צפון,חיפה,2276.773434172791,5.0155008984675975
2400006.0,8.0,4837.71613154517,13,7006.0,40,יקנעם עילית,צפון,חיפה,1448.2040304754878,2.6872184407909416
2400007.0,8.0,3189.21175882665,10,4257.0,40,יקנעם עילית,צפון,חיפה,1334.8125875361134,3.135571030152956
2410001.0,9.0,1375.82086642201,18,2496.0,40,יקנעם (מושבה),צפון,חיפה,1814.1896673592053,13.083098562686576
2420001.0,7.0,1258.39124782955,4,713.0,23,בית השיטה,צפון,פריפריה,566.5964390882162,3.178661649863766
2460001.0,2.0,1993.6641416584,8,3522.0,56,נתיבות,דרום,פריפריה,1766.5964524346998,4.012711987358772
2460002.0,2.0,6009.51779616297,22,15260.0,56,נתיבות,דרום,פריפריה,2539.3052350628514,3.660859447665972
2460004.0,3.0,3479.8257751113,8,5132.0,56,נתיבות,דרום,פריפריה,1474.7864783074824,2.2989656715627165
2460005.0,2.0,5503.71524825424,12,4885.0,56,נתיבות,דרום,פריפריה,887.58225664918,2.180345359220094
2460006.0,5.0,10366.134953576,44,15094.0,56,נתיבות,דרום,פריפריה,1456.0875454156644,4.244590698177371
2460007.0,3.0,11376.1840262814,27,13542.0,56,נתיבות,דרום,פריפריה,1190.3815874211514,2.373379328043944
2460008.0,5.0,3202.36919801934,23,8820.0,56,נתיבות,דרום,פריפריה,2754.210852844561,7.182182496079921
2470001.0,9.0,1483.48505944534,8,3813.0,10,רשפון,מרכז,תל אביב,2570.29888890532,5.392706821726346
2480001.0,8.0,813.1609260669,4,2294.0,60,בית שערים,צפון,חיפה,2821.08980702704,4.919075513560663
2490001.0,9.0,1543.62150753118,9,570.0,49,כפר סירקין,מרכז,תל אביב,369.2615043383531,5.830444805342418
2500001.0,6.0,932.789320869314,5,558.0,42,הזורע,צפון,חיפה,598.2058193804913,5.360267198749922
2520001.0,9.0,141.77670534023,4,232.0,10,ביתן אהרן,מרכז,פריפריה,1636.3760142631033,28.213379556260403
2530001.0,7.0,718.643033223615,1,39.0,52,חולתה,צפון,פריפריה,54.26894605108438,1.3915114372072916
2540001.0,7.0,409.813776702401,1,24.0,22,כפר המכבי,צפון,חיפה,58.56318494980305,2.440132706241794
2550001.0,8.0,617.622648839954,1,43.0,54,כפר חיטים,צפון,פריפריה,69.6217991370046,1.6191116078373162
2560001.0,7.0,742.93782660425,8,1212.0,23,ניר דוד (תל עמל),צפון,פריפריה,1631.3612749261874,10.768061220634902
2570001.0,7.0,609.584894491867,1,80.0,28,נופך,מרכז,תל אביב,131.2368477678335,1.640460597097919
2620001.0,7.0,596.075820407368,9,1826.0,54,גינוסר,צפון,פריפריה,3063.368681440696,15.09875034664089
2630001.0,6.0,376.033709896519,1,66.0,54,מסדה,צפון,פריפריה,175.51617916958187,2.659336048023968
2640001.0,4.0,509.5316865635,1,66.0,54,שער הגולן,צפון,פריפריה,129.53070778606977,1.9625864816071177
2650001.0,6.0,488.008839779773,13,2357.0,54,בית יוסף,צפון,פריפריה,4829.830543773878,26.63886171788732
2670001.0,10.0,1933.46228086729,3,1213.0,35,כפר שמריהו,מרכז,תל אביב,627.371949276345,1.5516206494880753
2680001.0,4.0,954.341591006923,1,56.0,23,טירת צבי,מרכז,פריפריה,58.67919886098076,1.0478428368032278
2690001.0,7.0,1095.90185450011,2,105.0,42,מולדת,צפון,פריפריה,95.81149951415604,1.8249809431267818
2700001.0,4.0,881.506884588787,4,274.0,40,עין השופט,צפון,חיפה,310.83137839339497,4.537684356107956
2720001.0,7.0,502.289700573367,5,180.0,23,מעוז חיים,מרכז,פריפריה,358.3589307018018,9.954414741716718
2730001.0,6.0,661.756245024016,8,915.0,54,עין גב,צפון,פריפריה,1382.6843446967296,12.089043450900368
2740001.0,8.0,1365.95017873264,8,799.0,1,כפר מנחם,מרכז,פריפריה,584.9408070954173,5.856728982181901
2760001.0,9.0,3088.59364626596,12,1006.0,34,צור משה,מרכז,תל אביב,325.7145857358838,3.885263448141755
2780001.0,7.0,588.230490555352,2,50.0,22,אושה,צפון,חיפה,85.00069412041985,3.400027764816794
2800001.0,7.0,743.805365580388,1,47.0,27,חניתה,צפון,פריפריה,63.18857348296501,1.3444377336801066
2810001.0,5.0,515.53989249926,9,795.0,70,פקיעין חדשה,צפון,פריפריה,1542.0727116692356,17.457426924557385
2820001.0,9.0,1270.21651757495,3,368.0,27,שבי ציון,צפון,חיפה,289.71438719957115,2.3618020695617217
2840001.0,9.0,1436.06976315739,9,611.0,32,שדה ורבורג,מרכז,תל אביב,425.4667953293824,6.267105004851787
2850001.0,7.0,548.061169403043,10,7394.0,60,אלונים,צפון,חיפה,13491.19480231315,18.246138493796522
2860001.0,9.0,844.979928373509,6,568.0,69,מעלה החמישה,ירושלים,ירושלים,672.2053162769628,7.100760383207354
2870001.0,7.0,821.531724656148,2,80.0,67,תל יצחק,מרכז,תל אביב,97.37907569361852,2.434476892340463
2880001.0,9.0,1118.3438588864,9,2153.0,67,בית יהושע,מרכז,תל אביב,1925.1681697826525,8.047614272198734
2900001.0,8.0,762.171381787541,1,66.0,62,מעיין צבי,צפון,פריפריה,86.59469717323736,1.3120408662611724
2920001.0,8.0,572.80722939697,3,249.0,54,שרונה,צפון,פריפריה,434.70121747963594,5.237364066019711
2930001.0,8.0,594.216846529084,9,1664.0,1,שדה יואב,מרכז,פריפריה,2800.324510689475,15.145985935219516
2940001.0,7.0,1065.71679911183,2,82.0,27,אילון,צפון,פריפריה,76.9435182670846,1.8766711772459657
2950001.0,6.0,525.024468304153,1,60.0,23,כפר רופין,מרכז,פריפריה,114.28038810039094,1.9046731350065156
2960001.0,6.0,305.229576814987,7,269.0,23,נווה איתן,מרכז,פריפריה,881.3038461310473,22.93355733426517
2970001.0,6.0,831.890669068158,5,1885.0,20,כפר מסריק,צפון,חיפה,2265.922758950382,6.010405196154861
2980001.0,6.0,462.677585834136,3,451.0,23,מסילות,מרכז,פריפריה,974.7608568219636,6.48399683030131
3000001.0,6.0,843.986707066487,4,183.0,40,דלייה,צפון,חיפה,216.82805957462045,4.739411138243071
3010001.0,7.0,649.54533655247,6,372.0,28,בית עוזיאל,מרכז,תל אביב,572.7082915788897,9.23723050933693
3020001.0,7.0,995.340594944588,6,610.0,52,דפנה,צפון,פריפריה,612.8555422116181,6.028087300442145
3030001.0,7.0,781.489152015571,7,394.0,52,דן,צפון,פריפריה,504.1656675384659,8.95725805271386
3040001.0,3.0,689.591499069069,2,85.0,23,שדה אליהו,מרכז,פריפריה,123.26138027331811,2.900267771136897
3050001.0,7.0,441.064985200718,3,627.0,54,גשר,צפון,פריפריה,1421.5592283179483,6.801718795779657
3060001.0,8.0,686.645901874407,2,172.0,54,שדמות דבורה,צפון,פריפריה,250.4930117990571,2.9127094395239195
3070001.0,5.0,1108.0835051447,3,42.0,54,הזורעים,צפון,פריפריה,37.90328057858365,2.707377184184546
3080001.0,7.0,815.46328843719,5,300.0,52,מחניים,צפון,פריפריה,367.88903222723934,6.131483870453989
3090001.0,7.0,1195.2481970997,7,288.0,56,נהורה,מרכז,פריפריה,240.95413881304256,5.856524207261451
3100001.0,7.0,351.852609346511,1,84.0,62,כפר גליקסון,צפון,פריפריה,238.7363281347027,2.842099144460746
3110001.0,9.0,701.487979402529,2,28.0,0,גן שורק,מרכז,תל אביב,39.91515296363046,2.851082354545033
3120001.0,7.0,236.517309564393,2,154.0,62,נווה ים,צפון,חיפה,651.1151352246917,8.456040717203788
3130001.0,7.0,761.972218512046,4,986.0,21,אפק,צפון,חיפה,1294.0104324609472,5.249535222965303
3150001.0,8.0,967.159687963449,2,70.0,1,נגבה,מרכז,פריפריה,72.37687930045885,2.0679108371559676
3160001.0,9.0,1159.24137689666,19,9327.0,67,כפר נטר,מרכז,תל אביב,8045.7790636914515,16.39002918517611
3170001.0,7.0,559.508692215047,1,24.0,72,בית אורן,צפון,חיפה,42.89477595957635,1.7872823316490147
3180001.0,8.0,208.180899445307,2,154.0,59,עמיעוז,דרום,פריפריה,739.7412558516621,9.607029296774833
3190001.0,7.0,599.562841342501,4,289.0,52,עמיר,צפון,פריפריה,482.0178638037183,6.671527526695064
3200001.0,8.0,1161.48897895951,2,589.0,1,כפר ורבורג,מרכז,פריפריה,507.1076959573396,1.7219276602965692
3220001.0,8.0,796.189763636303,14,696.0,52,בית הלל,צפון,פריפריה,874.1634617622773,17.583747794068795
3240001.0,7.0,630.818602862291,8,548.0,52,שאר ישוב,צפון,פריפריה,868.7124912193333,12.681934178384427
3250001.0,8.0,1156.98735877495,2,92.0,27,מצובה,צפון,פריפריה,79.5168584187576,1.728627356929513
3260001.0,9.0,2143.9671819796,12,1559.0,34,בית יצחק-שער חפר,מרכז,תל אביב,727.1566529113196,5.597100599702268
3270001.0,5.0,1090.59897767365,6,527.0,8,שדות ים,מרכז,פריפריה,483.22069870644884,5.501563932141733
3290001.0,7.0,1271.00517188856,3,260.0,52,שדה נחמיה,צפון,פריפריה,204.56250356060426,2.360336579545434
3300001.0,7.0,436.43685261415,1,176.0,54,אלומות,צפון,פריפריה,403.26567049918685,2.2912822187453803
3310001.0,9.0,1272.37530850271,7,2036.0,28,ניר צבי,מרכז,תל אביב,1600.156798386711,5.501521408991639
3340001.0,2.0,950.871714784021,2,260.0,1,קבוצת יבנה,מרכז,פריפריה,273.4333096226927,2.10333315094379
3350001.0,7.0,1165.92094984881,9,541.0,40,רמת השופט,צפון,חיפה,464.0108748969248,7.719219730263075
3360001.0,8.0,869.743069519676,3,62.0,56,דורות,דרום,פריפריה,71.28541999678146,3.449294515973296
3380001.0,1.0,721.031642717055,3,434.0,56,איבים,דרום,פריפריה,601.9153311560127,4.160705054073821
3390001.0,8.0,764.711112461457,3,129.0,42,רמת צבי,צפון,פריפריה,168.69115395063895,3.923050091875324
3400001.0,7.0,942.726805109997,3,80.0,1,גת (קיבוץ),מרכז,פריפריה,84.86021567050449,3.1822580876439184
3420001.0,7.0,667.909939088213,1,32.0,56,גברעם,מרכז,פריפריה,47.910651013345166,1.4972078441670365
3430001.0,7.0,420.640110080175,3,618.0,54,חמדיה,צפון,פריפריה,1469.189421527604,7.131987483143709
3440001.0,7.0,873.777645601127,12,2394.0,41,מענית,מרכז,פריפריה,2739.8274744749456,13.733471049999729
3450001.0,7.0,717.061163014089,3,178.0,52,כפר סאלד,צפון,פריפריה,248.23544933293596,4.18374352808319
3470001.0,7.0,266.202294189658,1,48.0,52,מנרה,צפון,פריפריה,180.31399821746842,3.756541629530592
3480001.0,7.0,683.409874393335,2,80.0,56,ניר עם,דרום,פריפריה,117.0600586814995,2.9265014670374874
3510001.0,5.0,2660.42136476551,9,1026.0,36,ניצן,מרכז,פריפריה,385.6531952375265,3.3829227652414606
3520001.0,7.0,399.443713933212,1,73.0,59,גבולות,דרום,פריפריה,182.75415898072134,2.503481629872895
3540001.0,5.0,1094.96826302798,5,192.0,16,רביבים,דרום,באר שבע,175.34754794540908,4.566342394411694
3550001.0,8.0,351.08405739337,4,281.0,50,חורשים,מרכז,תל אביב,800.3781262136755,11.393282935425987
3560001.0,7.0,996.201114538782,9,967.0,52,הגושרים,צפון,פריפריה,970.687530747944,9.03432034822285
3570001.0,7.0,765.35056893689,6,326.0,52,כפר בלום,צפון,פריפריה,425.9485956257016,7.839544704767514
3580001.0,8.0,791.577223821685,7,1294.0,71,יד מרדכי,מרכז,פריפריה,1634.7110061513006,8.843104360942121
3590001.0,8.0,613.414927916407,6,1186.0,36,ניצנים,מרכז,פריפריה,1933.438437875157,9.781307442876004
3600001.0,7.0,714.975606003276,2,168.0,62,"גבעת ניל""י",צפון,פריפריה,234.97305165294023,2.797298233963574
3620001.0,7.0,738.480500694724,4,78.0,56,רוחמה,דרום,פריפריה,105.62228782834707,5.416527580940875
3630001.0,7.0,586.410050715933,1,150.0,4,חפץ חיים,מרכז,פריפריה,255.7937058153571,1.7052913721023804
3640001.0,8.0,913.940499037911,1,46.0,4,כפר אוריה,מרכז,פריפריה,50.331504127920134,1.0941631332156552
3650001.0,7.0,713.109218549727,1,45.0,42,בית קשת,צפון,פריפריה,63.10393811977069,1.4023097359949042
3660001.0,7.0,911.371197686106,3,265.0,52,שמיר,צפון,פריפריה,290.7706548910175,3.291743262917179
3670001.0,7.0,829.494868560916,14,909.0,40,עין העמק,צפון,חיפה,1095.8476471072292,16.87774153960529
3680001.0,5.0,849.061804891944,8,969.0,17,בירייה,צפון,פריפריה,1141.2596755819443,9.422164504288496
3690001.0,2.0,497.243093889336,1,61.0,40,גלעד (אבן יצחק),צפון,פריפריה,122.67641471472274,2.011088765815127
3700001.0,7.0,310.648671604766,1,70.0,28,גזר,מרכז,תל אביב,225.3349407174032,3.2190705816771885
3710001.0,3.0,213.08637913839,1,433.0,42,כדורי,צפון,פריפריה,2032.0397847615875,4.692932528317754
3720001.0,7.0,544.650031106987,13,1811.0,17,רמות נפתלי,צפון,פריפריה,3325.070956700746,23.868538065770124
3730001.0,9.0,840.176600403941,11,435.0,34,בית הלוי,מרכז,פריפריה,517.7482921934034,13.092485549718248
3740001.0,6.0,627.331549389818,1,37.0,54,חוקוק,צפון,פריפריה,58.979976435090066,1.5940534171645964
3750001.0,7.0,1177.5066167358,71,10556.0,39,מגל,מרכז,פריפריה,8964.705463195265,60.29690108818339
3770001.0,8.0,870.541537549156,1,103.0,34,המעפיל,מרכז,פריפריה,118.31715726049889,1.1487102646650378
3780001.0,7.0,358.027787544056,1,48.0,52,משגב עם,צפון,פריפריה,134.0678061031604,2.793079293815841
3790001.0,7.0,984.548214590053,14,798.0,34,גאולים,מרכז,תל אביב,810.5240435911734,14.21972006300304
3800001.0,7.0,895.864708223125,4,335.0,52,להבות הבשן,צפון,פריפריה,373.9403918080949,4.464959902186208
3820001.0,9.0,1504.39465269645,5,256.0,35,מכמורת,מרכז,פריפריה,170.16811349412217,3.323595966682073
3830001.0,5.0,620.826155423934,4,141.0,23,"עין הנצי""ב",מרכז,פריפריה,227.11671982266517,6.443027512699722
3850001.0,7.0,483.059951017587,4,1760.0,52,עמיעד,צפון,פריפריה,3643.4401077805824,8.280545699501323
3860001.0,9.0,1201.09554507197,2,308.0,67,בני דרור,מרכז,תל אביב,256.4325554812915,1.6651464641642304
3870001.0,9.0,925.583875793437,4,316.0,34,כפר מונש,מרכז,פריפריה,341.40612024935695,4.3215964588526194
3880001.0,8.0,655.494090796542,3,279.0,42,כפר קיש,צפון,פריפריה,425.63312761670414,4.576700296953808
3890001.0,9.0,1205.02260199124,13,1771.0,32,בצרה,מרכז,תל אביב,1469.6819769799424,10.788179390592463
3900001.0,8.0,1101.87402554929,3,873.0,27,רגבה,צפון,חיפה,792.2865770112013,2.72263428526186
3930001.0,7.0,602.120176788608,3,80.0,1,גלאון,מרכז,פריפריה,132.86384194377587,4.982394072891596
3940001.0,8.0,869.065804900598,2,92.0,25,שובל,דרום,באר שבע,105.86079843576722,2.3013217051253743
3950001.0,8.0,1084.47733711114,4,270.0,1,משמר הנגב,דרום,באר שבע,248.96785830419773,3.688412715617744
3960001.0,7.0,1067.6890420381,15,1412.0,25,נבטים,דרום,באר שבע,1322.4824311249354,14.04903432498161
3970001.0,5.0,857.162018052776,7,422.0,25,חצרים,דרום,באר שבע,492.3223277655978,8.166484109855887
3980001.0,6.0,345.363675914819,9,1303.0,56,שרשרת,דרום,באר שבע,3772.8345245009896,26.05948635495695
3990001.0,3.0,1046.61885535979,3,125.0,56,בארי,דרום,פריפריה,119.43220720692013,2.866372972966083
4000001.0,5.0,2278.94393659981,10,1556.0,1,אבן שמואל,מרכז,פריפריה,682.7723907598867,4.387997369922151
4020001.0,7.0,648.86221570211,3,265.0,59,ניר יצחק,דרום,פריפריה,408.40719892011776,4.623477723623975
4030001.0,6.0,504.257706532262,9,696.0,59,אורים,דרום,פריפריה,1380.246629816198,17.848016764864628
4050001.0,9.0,996.254687038971,5,1041.0,4,נווה אילן,ירושלים,ירושלים,1044.913528180248,5.018796965322997
4060001.0,7.0,653.922100738321,1,82.0,47,חצור-אשדוד,מרכז,פריפריה,125.39719931076901,1.5292341379362073
4070001.0,7.0,545.244639535491,8,3243.0,42,דברת,צפון,פריפריה,5947.7888728311045,14.672312976456624
4080001.0,7.0,675.094693338463,6,1807.0,52,נאות מרדכי,צפון,פריפריה,2676.6615377526737,8.887642073334833
4090001.0,7.0,716.370753727876,2,52.0,27,יחיעם,צפון,פריפריה,72.5881112948854,2.7918504344186688
4130001.0,4.0,469.984426387597,8,663.0,59,צאלים,דרום,באר שבע,1410.6850414086332,17.021840620315334
4140001.0,7.0,678.820649045772,5,211.0,56,קלחים,דרום,באר שבע,310.83320800067844,7.365715829399963
4150001.0,6.0,634.727453396362,1,41.0,56,שוקדה,דרום,פריפריה,64.59465362749505,1.5754793567681717
4160001.0,7.0,722.4251572671,1,64.0,52,מעיין ברוך,צפון,פריפריה,88.59049184016371,1.384226435002558
4170001.0,7.0,790.224488247952,2,1650.0,10,יקום,מרכז,תל אביב,2088.0142599203696,2.530926375661054
4180001.0,9.0,1334.42779112994,5,59.0,32,בני ציון,מרכז,תל אביב,44.21370747235499,3.7469243620639827
4190001.0,5.0,846.293656877085,10,1509.0,56,סעד,דרום,פריפריה,1783.0690183456804,11.816229412496224
4210001.0,6.0,473.649301343234,6,1230.0,16,משאבי שדה,דרום,פריפריה,2596.8580477408327,12.66760023288211
4220001.0,7.0,932.365658646848,10,1594.0,34,חרב לאת,מרכז,פריפריה,1709.6296771734264,10.725405753911083
4230001.0,8.0,951.974340552621,2,158.0,34,העוגן,מרכז,פריפריה,165.9708600005763,2.1008969620326114
4240001.0,8.0,617.242958066347,13,4828.0,56,גבים,דרום,פריפריה,7821.879434841672,21.061398643939878
4250001.0,9.0,1048.82363177141,3,228.0,67,משמרת,מרכז,תל אביב,217.386406153835,2.860347449392566
4260001.0,8.0,929.726536895904,3,827.0,62,עין כרמל,צפון,חיפה,889.5088686627371,3.2267552672167
4270001.0,3.0,377.899527023957,1,9.0,15,כפר גלים,צפון,חיפה,23.81585409983708,2.646206011093009
4280001.0,9.0,995.935127868536,6,547.0,56,ברור חיל,מרכז,פריפריה,549.2325601273543,6.02448877653405
4290001.0,9.0,1000.07664754734,4,216.0,60,אלוני אבא,צפון,חיפה,215.98344539864414,3.9996934333082246
4300001.0,9.0,822.984738506981,6,342.0,60,בית לחם הגלילית,צפון,חיפה,415.56056145152803,7.290536165816281
4310001.0,6.0,870.201538046162,10,336.0,17,דלתון,צפון,פריפריה,386.11745131410703,11.491590812919853
4320001.0,7.0,611.897008203657,3,96.0,20,שמרת,צפון,חיפה,156.8891475410653,4.902785860658291
4330001.0,8.0,699.696607370024,1,66.0,62,נחשולים,צפון,חיפה,94.3265971348306,1.4291908656792516
4340001.0,8.0,914.716386896477,1,66.0,62,החותרים,צפון,חיפה,72.15351222025232,1.0932350336401864
4350001.0,8.0,945.275897373604,2,46.0,28,נצר סרני,מרכז,תל אביב,48.663041264257785,2.115784402793817
4360001.0,7.0,1042.54878263165,4,279.0,42,עין דור,צפון,פריפריה,267.6133766093278,3.836750919130148
4370001.0,7.0,1199.63814881125,1,61.0,23,רשפים,מרכז,פריפריה,50.848666375311886,0.8335846946772439
4390001.0,7.0,457.169979282399,1,61.0,23,שלוחות,מרכז,פריפריה,133.42958366546554,2.187370224024025
4400001.0,2.0,1016.22239964882,6,4219.0,4,יסודות,מרכז,פריפריה,4151.650270116046,5.9042193933861755
4420001.0,6.0,505.496093664511,1,65.0,42,גדעונה,צפון,פריפריה,128.5865525266341,1.9782546542559094
4430001.0,7.0,955.045101357225,1,97.0,52,כפר הנשיא,צפון,פריפריה,101.56588402176216,1.0470709692965172
4440001.0,7.0,527.539337734875,61,8125.0,42,רגבים,צפון,פריפריה,15401.695037353546,115.63118735736201
4450001.0,8.0,1231.64712545241,1,60.0,40,רמות מנשה,צפון,חיפה,48.71525192571755,0.8119208654286258
4460001.0,9.0,1404.78859915614,9,6403.0,67,אודים,מרכז,תל אביב,4557.9811822549655,6.4066579166476165
4470001.0,9.0,1854.97540948132,5,396.0,34,נורדייה,מרכז,תל אביב,213.4799189120937,2.695453521617345
4480001.0,9.0,960.206693344937,8,4952.0,28,בני עטרות,מרכז,תל אביב,5157.222954517651,8.331539506490552
4490001.0,6.0,1848.21247650192,17,2058.0,28,נחלים,מרכז,תל אביב,1113.5083363873514,9.198076636824576
4500001.0,4.0,469.55197256217,1,23.0,28,בארות יצחק,מרכז,תל אביב,48.98286312055634,2.1296897008937536
4520001.0,4.0,535.11646581958,6,739.0,42,יזרעאל,צפון,פריפריה,1381.0077753226183,11.212512384216117
4530001.0,7.0,606.598919117528,10,1783.0,52,יפתח,צפון,פריפריה,2939.3392302674797,16.485357432795738
4540001.0,7.0,909.599853385999,3,657.0,27,סער,צפון,פריפריה,722.2956309351939,3.2981535659141272
4560001.0,9.0,1136.83417749646,3,198.0,4,שורש,ירושלים,ירושלים,174.16788122612243,2.6389072913048848
4570001.0,7.0,793.473724789145,2,139.0,42,גזית,צפון,פריפריה,175.17908363876498,2.520562354514604
4600001.0,8.0,661.714782383114,8,429.0,7,רמת רזיאל,ירושלים,ירושלים,648.3155755641277,12.089800942920794
4620001.0,8.0,1373.44172738619,10,3154.0,4,טל שחר,מרכז,פריפריה,2296.4206905249684,7.2809787270924815
4630001.0,7.0,698.717959016898,7,414.0,27,געתון,צפון,פריפריה,592.5137527343671,10.018348476184952
4640001.0,8.0,269.054616809786,4,898.0,4,הראל,ירושלים,פריפריה,3337.612305812468,14.866869959075583
4650001.0,5.0,623.312013593304,4,290.0,7,צובה,ירושלים,ירושלים,465.25655478416303,6.417331790126387
4660001.0,7.0,7636.06954064936,26,9277.0,43,בית דגן,מרכז,תל אביב,1214.8920266657367,3.4048930358207556
4690002.0,6.0,4614.18989259786,10,1967.0,55,קריית עקרון,מרכז,תל אביב,426.29368226814535,2.167227667860424
4690003.0,5.0,3562.43881328861,15,2380.0,55,קריית עקרון,מרכז,תל אביב,668.0816498860621,4.210598633735685
4690004.0,4.0,2867.42462086828,12,3522.0,55,קריית עקרון,מרכז,תל אביב,1228.2798907311849,4.184940002491261
4720001.0,3.0,7870.13040374858,27,2245.0,4,אבו גוש,ירושלים,ירושלים,285.2557562363511,3.430692836695536
4750001.0,3.0,710.593690021872,6,600.0,42,דחי,צפון,פריפריה,844.3643792861882,8.443643792861883
4820001.0,3.0,10133.2089662177,28,8223.0,63,בועיינה-נוג'ידאת,צפון,פריפריה,811.4902226347059,2.763191807585038
4830001.0,3.0,8528.60416247515,50,10715.0,70,בענה,צפון,פריפריה,1256.3603370343687,5.862624064556084
4850001.0,5.0,6630.71542029055,86,14267.0,20,ג'ולס,צפון,חיפה,2151.653192103792,12.969942841587308
4870001.0,7.0,3148.46183125748,14,596.0,17,ג'ש (גוש חלב),צפון,פריפריה,189.29878522998027,4.446615760435778
4890001.0,4.0,10770.1545837809,16,2355.0,42,דבורייה,צפון,פריפריה,218.65981418191205,1.48558684794505
4920001.0,4.0,10582.9571969424,64,15721.0,63,דייר חנא,צפון,פריפריה,1485.5016142881188,6.047459023881407
4960001.0,5.0,6581.07846775268,47,3452.0,27,חורפיש,צפון,פריפריה,524.5340891944716,7.141686614177336
4970001.0,3.0,1963.95140265658,5,210.0,42,טייבה (בעמק),צפון,פריפריה,106.9272894003075,2.5458878428644645
5040001.0,3.0,14465.1673518313,117,32376.0,19,כאבול,צפון,חיפה,2238.2043161015467,8.08839587916608
5050001.0,5.0,3722.65385202118,52,8291.0,63,כאוכב אבו אל-היג'א,צפון,פריפריה,2227.1745721129782,13.968529459639953
5070001.0,5.0,10198.1189169733,61,9693.0,20,כפר יאסיף,צפון,חיפה,950.4694031236876,5.981495263648503
5080001.0,6.0,3478.7600166742,16,1798.0,54,כפר כמא,צפון,פריפריה,516.8508294282808,4.599339972665457
5110001.0,2.0,8647.67681266057,47,10107.0,48,עילוט,צפון,פריפריה,1168.7532060868555,5.434985721389355
5120001.0,3.0,2801.24698694616,9,418.0,42,כפר מצר,צפון,פריפריה,149.219259118487,3.21285486140283
5140001.0,3.0,1215.6683160733,4,196.0,4,עין ראפה,ירושלים,ירושלים,161.22818815669615,3.2903711868713503
5170001.0,4.0,4072.62767874631,14,2792.0,27,מזרעה,צפון,חיפה,685.5524787032509,3.437584062265585
5180001.0,7.0,3156.10455007036,20,946.0,27,מעיליא,צפון,פריפריה,299.736585082047,6.3369256888382015
5200001.0,3.0,8648.73476072955,93,25322.0,48,משהד,צפון,פריפריה,2927.827098476541,10.753017935325737
5210001.0,2.0,3675.78381714826,4,302.0,4,עין נקובא,ירושלים,ירושלים,82.15934750871641,1.0882032782611446
5230001.0,3.0,1959.24545325878,14,716.0,42,ניין,צפון,פריפריה,365.44680954042246,7.145608007773623
5240001.0,3.0,2392.03821303964,17,783.0,42,נאעורה,צפון,פריפריה,327.33590781771693,7.1069098759913
5250001.0,4.0,4422.24932657468,44,16743.0,70,סאג'ור,צפון,פריפריה,3786.0823222666513,9.949687760839316
5260001.0,3.0,2659.0660364736,8,590.0,42,סולם,צפון,פריפריה,221.8824173251621,3.0085751501716893
5270001.0,7.0,315.496945576707,4,1758.0,70,שזור,צפון,פריפריה,5572.161710746503,12.67841117348465
5280001.0,2.0,3430.61806138697,16,2324.0,63,עוזייר,צפון,פריפריה,677.4289525720116,4.663882633886483
5300001.0,5.0,5763.00192342612,25,4519.0,63,עיילבון,צפון,פריפריה,784.1399430443782,4.338016945366111
5350001.0,7.0,3236.2965782633,17,1022.0,27,פסוטה,צפון,פריפריה,315.7930601491529,5.252917830269666
5360001.0,5.0,6022.58288488337,61,5971.0,70,פקיעין (בוקייעה),צפון,פריפריה,991.4350892516827,10.128544706808349
5380001.0,3.0,7373.21591933613,23,705.0,63,שעב,צפון,פריפריה,95.61635081798563,3.119398679168326
5390001.0,2.0,1262.18416035842,4,488.0,63,רומאנה,צפון,פריפריה,386.6313770420186,3.1691096478853984
5400001.0,6.0,1228.04609282098,5,192.0,17,ריחאנייה,צפון,פריפריה,156.34592310696684,4.071508414243928
5430001.0,5.0,7780.17907107789,55,11427.0,70,ראמה,צפון,פריפריה,1468.7322612507514,7.069246028598173
5460001.0,4.0,903.541328000751,15,1418.0,70,עין אל-אסד,צפון,פריפריה,1569.380343827307,16.601343552475036
5470001.0,2.0,1654.2657431443,6,268.0,42,טמרה (יזרעאל),צפון,פריפריה,162.00541001992002,3.6269867914907468
5490001.0,9.0,963.487727434882,4,2763.0,34,גנות הדר,מרכז,תל אביב,2867.7064806585604,4.151583757739502
5530001.0,9.0,725.997711714117,7,791.0,1,ניר בנים,מרכז,פריפריה,1089.535114556228,9.641903668639188
5590001.0,7.0,1305.11285557284,10,1380.0,20,בוסתן הגליל,צפון,חיפה,1057.3798228309463,7.662172629209755
5620001.0,8.0,1575.79357154865,10,1814.0,55,בית אלעזרי,מרכז,תל אביב,1151.1660110513376,6.346008881209137
5630001.0,9.0,1303.9324538112,2,148.0,55,משמר דוד,מרכז,פריפריה,113.50281187297553,1.533821782067237
5640001.0,8.0,825.15669502726,3,498.0,1,רבדים,מרכז,פריפריה,603.5217347216071,3.6356731007325727
5650001.0,7.0,4212.51295785728,21,21960.0,30,אזור,מרכז,תל אביב,5213.040344253347,4.985147870187627
5650002.0,6.0,3925.62702762533,20,15703.0,30,אזור,מרכז,תל אביב,4000.125302147968,5.094727507034283
5650003.0,7.0,5209.41523124083,17,12124.0,30,אזור,מרכז,תל אביב,2327.324557906701,3.2633221283746225
5670001.0,7.0,945.788712719755,1,53.0,4,צרעה,ירושלים,פריפריה,56.03788593288524,1.0573186025072687
5700001.0,7.0,974.468697517156,17,2442.0,27,מעונה,צפון,פריפריה,2505.980957851145,17.445403883484627
5710001.0,8.0,1026.25194844126,8,663.0,0,בית גמליאל,מרכז,תל אביב,646.0401863372913,7.795356697885869
5720001.0,6.0,729.974540262901,4,492.0,20,בית העמק,צפון,חיפה,673.9961092654078,5.479643164759413
5730001.0,8.0,508.563966163227,6,527.0,71,מבקיעים,מרכז,פריפריה,1036.2511602539607,11.797925923194999
5740001.0,7.0,1517.26713628042,19,2611.0,27,גשר הזיו,צפון,פריפריה,1720.8571500473317,12.522514688203488
5750001.0,8.0,869.090083140705,1,178.0,20,יסעור,צפון,חיפה,204.8119101264465,1.150628708575542
5760001.0,7.0,1097.79340084785,9,1915.0,27,כברי,צפון,פריפריה,1744.4083727603054,8.198263892868276
5770001.0,6.0,4252.07802583542,10,1899.0,4,יד בנימין,מרכז,פריפריה,446.60516304305054,2.3517912745816245
5780001.0,3.0,410.785571226232,12,1029.0,27,סאסא,צפון,פריפריה,2504.9565322568224,29.21232107588131
5790001.0,8.0,1405.81615200617,7,530.0,27,כפר ראש הנקרה,צפון,פריפריה,377.0052003198736,4.979313966488896
5800001.0,9.0,768.205378889857,1,66.0,62,"כרם מהר""ל",צפון,חיפה,85.91452470090408,1.3017352227409709
5820001.0,9.0,1223.15858857252,4,347.0,0,כפר הנגיד,מרכז,תל אביב,283.69174957514235,3.270221897119797
5840001.0,8.0,893.962010494978,2,74.0,56,זיקים,מרכז,פריפריה,82.77756675479635,2.237231533913415
5850001.0,3.0,616.216665834724,6,234.0,54,לביא,צפון,פריפריה,379.7365650327305,9.73683500083924
5860001.0,8.0,858.899210854439,12,2875.0,42,מגידו,צפון,פריפריה,3347.307767508518,13.971371551339901
5870001.0,10.0,4050.51236464084,15,4318.0,57,סביון*,מרכז,תל אביב,1066.0379752680692,3.703235208203112
5880001.0,7.0,1415.7067471904,19,6343.0,1,בני ראם,מרכז,פריפריה,4480.447672223267,13.420858548359147
5890001.0,8.0,368.138599644606,2,318.0,27,בצת,צפון,פריפריה,863.8051003263204,5.43273648003975
5900001.0,7.0,350.431867173129,5,1203.0,54,נווה אור,צפון,פריפריה,3432.9069719154973,14.268108777703645
5910001.0,9.0,968.583436540891,2,44.0,0,עשרת,מרכז,תל אביב,45.42716542535305,2.064871155697866
5920001.0,7.0,949.579038515463,7,407.0,36,בני דרום,מרכז,פריפריה,428.61097759306995,7.371687575310785
5930001.0,8.0,1143.93890277518,10,1236.0,1,ערוגות,מרכז,פריפריה,1080.4772851080431,8.74172560767025
5940001.0,7.0,1034.71750916914,19,2049.0,57,צפרייה,מרכז,תל אביב,1980.25063057579,18.36249974667643
5950001.0,7.0,789.428559920785,6,1483.0,20,לוחמי הגיטאות,צפון,חיפה,1878.5740411378215,7.600434421326318
5960001.0,7.0,435.826344831342,5,144.0,52,מלכייה,צפון,פריפריה,330.40682764536814,11.472459293241949
5970001.0,8.0,743.186271749415,5,113.0,43,פלמחים,מרכז,תל אביב,152.04801850551533,6.727788429447581
5980001.0,9.0,1420.00979125271,8,1825.0,1,בית קמה,דרום,באר שבע,1285.2024058158177,5.633763970699475
5990001.0,8.0,605.507512604993,5,1026.0,17,פרוד,צפון,פריפריה,1694.4463588667613,8.257535861923788
6020001.0,7.0,407.489839765846,1,75.0,56,נירים,דרום,פריפריה,184.0536687812803,2.4540489170837376
6030001.0,6.0,278.707221825826,4,256.0,27,אלקוש,צפון,פריפריה,918.526611269454,14.351978301085218
6040001.0,7.0,1201.68194989733,4,296.0,28,בית עריף,מרכז,תל אביב,246.3214164324344,3.3286677896274917
6050001.0,5.0,575.148004996802,6,640.0,17,כפר שמאי,צפון,פריפריה,1112.757054601204,10.432097386886289
6060001.0,9.0,1329.69590654275,9,634.0,28,מזור,מרכז,תל אביב,476.80074585505747,6.768464846522898
6070001.0,2.0,1090.91196836937,12,2022.0,17,מירון,צפון,פריפריה,1853.495111087987,10.999970985685382
6090001.0,6.0,804.861428565927,2,251.0,17,כפר חושן,צפון,פריפריה,311.85492445230324,2.484899796432695
6100001.0,9.0,1092.00982017864,2,617.0,55,סתרייה,מרכז,תל אביב,565.0132339460703,1.8314853612514432
6120001.0,7.0,1152.01154135486,10,3031.0,62,צרופה,צפון,חיפה,2631.05002961628,8.680468589958032
6130001.0,8.0,891.841229407705,6,154.0,48,ציפורי,צפון,פריפריה,172.67647527607065,6.7276548808858685
6140001.0,7.0,365.820260323398,11,442.0,27,שומרה,צפון,פריפריה,1208.2436320209724,30.069411656630535
6150001.0,9.0,1615.13729575747,5,220.0,1,קדרון,מרכז,פריפריה,136.21133050291184,3.09571205688436
6160001.0,8.0,1191.75923010439,3,288.0,28,רינתיה,מרכז,תל אביב,241.659550624813,2.517286985675135
6170001.0,7.0,545.775666086978,11,3600.0,41,ברקאי,מרכז,פריפריה,6596.116726512835,20.154801108789222
6180001.0,7.0,913.125826352058,9,832.0,64,חדיד,מרכז,תל אביב,911.1559173874689,9.856253914047139
6190001.0,8.0,446.935347808228,4,416.0,1,בית גוברין,מרכז,פריפריה,930.783394153237,8.94984032839651
6200001.0,6.0,685.057279832544,7,2102.0,1,משואות יצחק,מרכז,פריפריה,3068.3565621166954,10.218123660712116
6220001.0,6.0,860.960863364655,2,82.0,1,עין צורים,מרכז,פריפריה,95.24242446926345,2.322985962664962
6230001.0,6.0,406.232860372895,2,62.0,52,יראון,צפון,פריפריה,152.6218237074374,4.923284635723786
6270001.0,3.0,10350.0328346797,23,1443.0,50,ג'לג'וליה,מרכז,תל אביב,139.41984755497216,2.2222151723938737
6330001.0,4.0,3852.47932954552,53,8116.0,50,כפר ברא,מרכז,תל אביב,2106.6952748471854,13.757374268962645
6350001.0,3.0,4258.24417104012,8,562.0,42,מוקייבלה,צפון,פריפריה,131.97928005681405,1.878708612908385
6360001.0,5.0,1678.4152850395,16,1233.0,42,צנדלה,צפון,פריפריה,734.621527216956,9.5328016508283
6480001.0,7.0,390.076669480044,47,9089.0,39,מצר,מרכז,פריפריה,23300.54758751724,120.4891337455507
6490001.0,4.0,2083.28003996009,3,174.0,39,מייסר,מרכז,פריפריה,83.52213656467104,1.4400368373219146
6520001.0,2.0,2893.88974549769,21,2546.0,60,אבטין,צפון,חיפה,879.78472709994,7.256668998074918
6580001.0,3.0,2976.7478363949,13,1133.0,20,שייח' דנון,צפון,פריפריה,380.6167207539358,4.367182144572961
6610001.0,7.0,1955.98859834216,67,6659.0,32,שער אפרים,מרכז,תל אביב,3404.41657259351,34.25377839972446
6620001.0,7.0,1198.5047726322,7,604.0,27,חוסן,צפון,פריפריה,503.9612805825321,5.840610867678352
6630001.0,7.0,1210.52005509829,8,275.0,28,טירת יהודה,מרכז,תל אביב,227.17508796471031,6.608729831700664
6640001.0,7.0,529.322818884379,8,288.0,17,כרם בן זמרה,צפון,פריפריה,544.0914121310693,15.113650336974148
6650001.0,8.0,736.831189931752,6,606.0,56,תקומה,דרום,פריפריה,822.4407547896146,8.142977770194204
6660001.0,9.0,7653.67396577113,63,7586.0,25,עומר,דרום,באר שבע,991.1579764079601,8.231340958832256
6670001.0,2.0,637.775880607259,1,41.0,52,ברעם,צפון,פריפריה,64.2859055142722,1.5679489149822488
6680001.0,8.0,1037.24755271201,3,415.0,56,מפלסים,דרום,פריפריה,400.0973527630236,2.892270019973665
6700001.0,9.0,573.268618083865,4,525.0,28,משמר איילון,מרכז,תל אביב,915.8010458601386,6.977531777982009
6720001.0,8.0,757.789929713109,6,11415.0,4,בית נקופה,ירושלים,ירושלים,15063.541428059876,7.9177615916214865
6730001.0,9.0,906.50816473292,14,6484.0,28,כפר טרומן,מרכז,תל אביב,7152.721014829854,15.443876342939229
6740001.0,7.0,673.885813011988,13,1840.0,27,לימן,צפון,פריפריה,2730.4329078779215,19.291102066528797
6750001.0,9.0,386.018515684765,1,68.0,62,הבונים,צפון,חיפה,176.15735317611285,2.5905493114134237
6760001.0,7.0,296.355506119101,1,75.0,56,עין השלושה,דרום,פריפריה,253.07442733950282,3.374325697860037
6770001.0,9.0,987.910469272909,9,3664.0,63,הסוללים,צפון,חיפה,3708.838112320707,9.110137284630557
6780001.0,7.0,393.805309111522,8,1399.0,54,מעגן,צפון,פריפריה,3552.5168595525874,20.31460677371029
6790001.0,8.0,820.424653478882,7,284.0,62,אביאל,צפון,פריפריה,346.1621963647028,8.532166811806055
6800001.0,8.0,824.142160584905,4,248.0,34,אומץ,מרכז,פריפריה,300.9189577487347,4.853531576592497
6810001.0,8.0,3663.25124521004,8,4332.0,49,גבעת שמואל,מרכז,תל אביב,1182.5560711033393,2.1838523935426393
6810002.0,7.0,4884.40222061102,10,6563.0,49,גבעת שמואל,מרכז,תל אביב,1343.6649365823507,2.0473334398634018
6810003.0,7.0,4129.39084477111,8,9472.0,11,גבעת שמואל,מרכז,תל אביב,2293.800794369957,1.9373317520016529
6810004.0,8.0,8714.92032040765,7,5552.0,49,גבעת שמואל,מרכז,תל אביב,637.0683604529271,0.8032201950955494
6810005.0,9.0,3123.00785146862,1,2150.0,12,גבעת שמואל,מרכז,תל אביב,688.4388711955831,0.3202041261374805
6810006.0,8.0,3644.62285598704,9,10265.0,49,גבעת שמואל,מרכז,תל אביב,2816.477974706665,2.469391307584996
6820001.0,5.0,968.677859170949,11,2506.0,40,אליקים,צפון,חיפה,2587.031360606075,11.355684344240553
6830001.0,8.0,1176.8183536206,3,827.0,62,גבע כרמל,צפון,חיפה,702.742268979449,2.5492464412797426
6840001.0,8.0,789.708340396621,2,24.0,42,היוגב,צפון,פריפריה,30.390966857392318,2.53258057144936
6850001.0,9.0,763.815560237538,8,176.0,0,בניה,מרכז,תל אביב,230.4221191111451,10.473732686870232
6860001.0,7.0,1064.98738947456,15,4333.0,32,נווה ימין,מרכז,תל אביב,4068.592776612878,14.084673817030502
6870001.0,8.0,1159.29463545624,5,1520.0,62,עין איילה,צפון,חיפה,1311.1420975408935,4.312967426121361
6880001.0,5.0,704.960555941261,9,360.0,17,עלמה,צפון,פריפריה,510.66686918295625,12.766671729573906
6890001.0,8.0,1388.39465018028,5,2242.0,62,מגדים,צפון,חיפה,1614.81463480782,3.6012815227649866
6900001.0,8.0,891.715419889611,2,1142.0,1,כפר אחים,מרכז,פריפריה,1280.6776405653866,2.242868022005931
6920001.0,7.0,910.573572602867,13,2252.0,1,שפיר,מרכז,פריפריה,2473.1664389980883,14.27671567805291
6930001.0,7.0,670.450338345057,8,557.0,9,"נתיב הל""ה",מרכז,פריפריה,830.784874200976,11.932278265005042
6940001.0,2.0,2068.19128405374,6,1364.0,62,מעגן מיכאל,צפון,פריפריה,659.5134649859386,2.901085623105302
6950001.0,5.0,537.23762745226,21,1730.0,56,מגן,דרום,פריפריה,3220.1765319457845,39.088848075642474
6960001.0,4.0,6717.67634013831,15,2012.0,28,"כפר חב""ד",מרכז,תל אביב,299.50832670788884,2.232914960545891
6970001.0,9.0,1154.86456346287,14,1302.0,34,בארותיים,מרכז,פריפריה,1127.4049279821552,12.122633634216724
6980001.0,8.0,1147.12639105778,10,857.0,34,בורגתה,מרכז,פריפריה,747.0841981150388,8.717435217211655
6990001.0,8.0,892.258856095726,4,1534.0,1,ניר ישראל,מרכז,פריפריה,1719.2320250116127,4.483003976562224
7000001.0,7.0,1518.15121937541,2,741.0,1,חצב,מרכז,פריפריה,488.0936698156185,1.3173918213646925
7010001.0,7.0,766.273006405453,2,86.0,54,ארבל,צפון,פריפריה,112.23154056205314,2.6100358270244914
7020001.0,5.0,182.856529565393,4,508.0,54,האון,צפון,פריפריה,2778.1343176937494,21.87507336766732
7030001.0,6.0,474.650171865578,18,1342.0,42,גבעת עוז,צפון,פריפריה,2827.3454420660305,37.92266613799445
7050001.0,8.0,435.496919399427,4,573.0,50,נחשונים,מרכז,תל אביב,1315.7383542234854,9.1849099771273
7060001.0,8.0,980.430566621026,8,741.0,71,גיאה,מרכז,פריפריה,755.790389679298,8.159680320424268
7070001.0,9.0,683.754325842408,2,176.0,64,כפר דניאל,מרכז,תל אביב,257.40239344469546,2.925027198235176
7080001.0,6.0,822.446870557268,7,826.0,20,עמקה,צפון,פריפריה,1004.3201932792625,8.511188078637819
7090001.0,1.0,2231.46146941598,27,6848.0,25,תפרח,דרום,באר שבע,3068.8407995645402,12.099693573049443
7100001.0,8.0,1655.0591278851,1,82.0,7,בית זית,ירושלים,ירושלים,49.54505770726321,0.604208020820283
7110001.0,7.0,1237.40629242921,5,314.0,28,עזריה,מרכז,תל אביב,253.75658902103365,4.0407100162584975
7120001.0,8.0,785.50646115487,4,1393.0,27,בן עמי,צפון,פריפריה,1773.378156497884,5.0922560129156755
7130001.0,6.0,433.260911404918,6,412.0,56,רעים,דרום,פריפריה,950.9281570405784,13.848468306416192
7140001.0,7.0,608.163791615807,1,40.0,56,ארז,מרכז,פריפריה,65.7717551610982,1.6442938790274548
7150001.0,9.0,1054.11738012987,12,494.0,39,להבות חביבה,מרכז,פריפריה,468.6385115281354,11.383931454124747
7160001.0,8.0,549.377796908277,4,564.0,32,אייל,מרכז,תל אביב,1026.6159338328052,7.280964069736207
7170001.0,8.0,1152.44605085953,14,1365.0,50,חגור,מרכז,תל אביב,1184.437222880794,12.148074080828657
7180001.0,7.0,1088.2716515989,9,758.0,50,ירחיב,מרכז,תל אביב,696.5172701929142,8.269993973266791
7190001.0,7.0,499.935139774061,4,320.0,54,תל קציר,צפון,פריפריה,640.0830318601323,8.001037898251655
7200001.0,7.0,1387.142925069,37,14011.0,36,ניר גלים,מרכז,פריפריה,10100.61742505954,26.673531134623005
7220001.0,9.0,1089.57851493069,13,2868.0,28,מגשימים,מרכז,תל אביב,2632.2104930477985,11.931219110746646
7230001.0,6.0,886.317753961092,18,3003.0,56,בית הגדי,דרום,פריפריה,3388.1753880920537,20.308743584967353
7260001.0,6.0,616.610807730215,4,1007.0,1,הודייה,מרכז,פריפריה,1633.1209044272728,6.487074099015979
7270001.0,8.0,1021.58581092774,2,2055.0,1,תלמי יחיאל,מרכז,פריפריה,2011.578447956103,1.9577405819524116
7290001.0,8.0,1044.56601343468,4,5403.0,30,משמר השבעה,מרכז,תל אביב,5172.483050864517,3.829341514613746
7300001.0,6.0,694.57253557934,10,2236.0,52,אליפלט,צפון,פריפריה,3219.246206063938,14.39734439205697
7310001.0,9.0,810.916459546443,5,223.0,0,מישר,מרכז,תל אביב,274.99750112943457,6.165863254023195
7320001.0,7.0,877.106712221723,7,287.0,52,משמר הירדן,צפון,פריפריה,327.2121806855464,7.980784894769425
7340001.0,8.0,1018.98246743783,8,330.0,34,גן יאשיה,מרכז,פריפריה,323.8524808280216,7.850969232194463
7350001.0,9.0,755.478565629342,1,75.0,55,רמות מאיר,מרכז,תל אביב,99.27482183101009,1.3236642910801346
7360001.0,7.0,1557.16811211825,12,4690.0,25,גילת,דרום,באר שבע,3011.8777564871207,7.706297031523549
7370001.0,8.0,1184.18323604871,7,301.0,34,עולש,מרכז,פריפריה,254.18363546874156,5.9112473364823614
7380001.0,8.0,450.540406477561,1,66.0,62,דור,צפון,חיפה,146.4907454494586,2.219556749234221
7390001.0,5.0,1584.70974731534,13,5062.0,36,שדה עוזיהו,מרכז,פריפריה,3194.2758026039432,8.203394988907796
7400001.0,7.0,1230.58512938966,8,3141.0,4,אשתאול,ירושלים,ירושלים,2552.4443006700876,6.500972430869373
7410001.0,9.0,599.804486505123,3,2337.0,4,שואבה,ירושלים,ירושלים,3896.2696221513497,5.001629810207124
7420001.0,8.0,1214.09492553827,7,2047.0,4,מסילת ציון,ירושלים,ירושלים,1686.0296150998743,5.765611776110953
7430001.0,9.0,969.848797776898,5,557.0,28,כפר שמואל,מרכז,תל אביב,574.3163277376472,5.15544279836308
7440001.0,8.0,809.521686060429,1,37.0,71,תלמי יפה,מרכז,פריפריה,45.706002244438984,1.2352973579578104
7450001.0,7.0,1197.50041649987,3,264.0,64,גמזו,מרכז,תל אביב,220.45921351045197,2.5052183353460453
7460001.0,5.0,1251.64841599406,5,3978.0,1,ברכיה,מרכז,פריפריה,3178.20879183606,3.994732015882428
7470001.0,5.0,878.178054309849,3,54.0,71,בית שקמה,מרכז,פריפריה,61.49094677893999,3.4161637099411104
7480001.0,7.0,901.952243297664,8,508.0,59,מסלול,דרום,באר שבע,563.2227246785047,8.869649207535508
7490001.0,6.0,997.596436280527,9,636.0,59,פטיש,דרום,באר שבע,637.5323496255504,9.02168419281439
7500001.0,6.0,502.514259073887,10,2212.0,59,פדויים,דרום,באר שבע,4401.865141253154,19.89993282664175
7510001.0,5.0,817.946716278206,3,132.0,4,בית מאיר,ירושלים,ירושלים,161.37970527056092,3.6677205743309296
7520001.0,7.0,648.212911853225,3,597.0,4,תעוז,ירושלים,פריפריה,920.9936875419397,4.628108982622813
7530001.0,7.0,927.553223845474,9,600.0,34,ינוב,מרכז,תל אביב,646.8631498174353,9.70294724726153
7550001.0,2.0,686.279661642365,10,296.0,27,גורן,צפון,פריפריה,431.31104787752247,14.571319185051433
7560001.0,7.0,1104.03157073627,9,884.0,1,בית עזרא,מרכז,פריפריה,800.7017402685934,8.151940794589752
7570001.0,7.0,1342.975366677,13,939.0,28,מצליח,מרכז,תל אביב,699.1937628189122,9.679998846268221
7580001.0,8.0,985.577634514568,3,724.0,34,יד חנה,מרכז,פריפריה,734.5945916849014,3.0439002417882652
7590001.0,7.0,825.777268172155,7,281.0,55,יציץ,מרכז,תל אביב,340.28546295781314,8.476862066564742
7600001.0,6.0,1086.03355580362,2,120.0,0,בן זכאי,מרכז,תל אביב,110.49382347233734,1.8415637245389556
7610001.0,5.0,721.859663331864,6,301.0,56,שובה,דרום,פריפריה,416.9785559296722,8.311864902252603
7620001.0,7.0,790.906631963793,5,1619.0,25,בטחה,דרום,באר שבע,2047.0178584545192,6.321858735189991
7630001.0,7.0,2121.20515654446,5,254.0,1,שתולים,מרכז,פריפריה,119.74325030105885,2.3571505964775366
7640001.0,9.0,656.733139176407,1,20.0,0,כפר מרדכי,מרכז,תל אביב,30.453770042854106,1.5226885021427055
7650001.0,9.0,713.817592754446,1,44.0,0,משגב דב,מרכז,תל אביב,61.640397276025176,1.400918119909663
7660001.0,1.0,554.797648569003,5,748.0,1,קוממיות,מרכז,פריפריה,1348.239311989383,9.01229486623919
7670001.0,5.0,1284.43107902752,5,165.0,67,פורת,מרכז,תל אביב,128.4615443320838,3.8927740706692067
7680001.0,8.0,595.082936902649,1,37.0,56,כרמייה,מרכז,פריפריה,62.17620722345281,1.6804380330662922
7690001.0,4.0,967.533472296593,1,66.0,62,ניר עציון,צפון,חיפה,68.21469426100434,1.033555973651581
7710001.0,8.0,1011.48041852362,3,1082.0,9,מבוא ביתר,ירושלים,ירושלים,1069.7191761549986,2.965949656621993
7720001.0,7.0,1010.75814513484,8,179.0,1,אמונים,מרכז,פריפריה,177.09478856202594,7.914850885453673
7730001.0,8.0,738.917579097808,5,200.0,62,עמיקם,צפון,פריפריה,270.66618207160917,6.76665455179023
7740001.0,7.0,391.041356704046,9,1009.0,27,צוריאל,צפון,פריפריה,2580.2897384167145,23.015468429881494
7750001.0,8.0,636.945887527496,4,596.0,1,יד נתן,מרכז,פריפריה,935.7152807965521,6.279968327493639
7760001.0,6.0,492.030909403952,3,159.0,68,מחסיה,ירושלים,ירושלים,323.1504301073548,6.097177926553863
7770001.0,7.0,602.525927706512,6,826.0,4,נחשון,ירושלים,פריפריה,1370.8953623691052,9.958077692753792
7780001.0,7.0,970.398915358786,2,70.0,4,תרום,ירושלים,פריפריה,72.13528260603925,2.0610080744582646
7790001.0,7.0,1119.48260134474,9,950.0,29,עמינדב,ירושלים,ירושלים,848.6063105034818,8.039428204769827
7800001.0,7.0,1256.68415702128,15,5310.0,29,אורה,ירושלים,ירושלים,4225.405381560869,11.936173394239741
7830001.0,7.0,686.279717572745,18,1909.0,29,אבן ספיר,ירושלים,ירושלים,2781.6646057263783,26.228372395534212
7840001.0,8.0,893.25371429158,8,2605.0,28,בית נחמיה,מרכז,תל אביב,2916.304694087915,8.95602209316826
7850001.0,6.0,916.477729329011,23,7684.0,20,אחיהוד,צפון,חיפה,8384.273566173568,25.096081731128585
7860001.0,5.0,793.111963182319,7,1775.0,54,כפר זיתים,צפון,פריפריה,2238.0194504668775,8.825992199024308
7870001.0,7.0,1398.18560791717,14,1231.0,7,גבעת יערים,ירושלים,ירושלים,880.426742364899,10.01297676125799
7880001.0,6.0,1030.46530647132,12,1729.0,57,זיתן,מרכז,תל אביב,1677.8827866808165,11.64522466175234
7890001.0,7.0,717.368581459952,3,72.0,59,רנן,דרום,באר שבע,100.36681541512351,4.181950642296814
7910001.0,6.0,1069.31920176001,2,76.0,1,משען,מרכז,פריפריה,71.07325845725987,1.8703489067699965
7920001.0,7.0,507.308442189019,18,2076.0,20,נתיב השיירה,צפון,פריפריה,4092.1850049294057,35.48137287511046
7930001.0,7.0,1070.66794881026,2,46.0,1,גבעתי,מרכז,פריפריה,42.96383397963467,1.8679927817232465
7940001.0,5.0,552.475358489015,6,240.0,1,עגור,מרכז,פריפריה,434.40851489989484,10.860212872497371
7950001.0,6.0,806.4276450492,10,362.0,27,יערה,צפון,פריפריה,448.8933411724922,12.40036854067658
7960001.0,7.0,1080.35071778368,3,495.0,4,צלפון,מרכז,פריפריה,458.1845430856783,2.7768760187010804
7970001.0,4.0,1848.95173880979,3,126.0,57,אחיעזר,מרכז,תל אביב,68.14672192639755,1.6225409982475607
7980001.0,5.0,919.440205303319,11,1762.0,28,יגל,מרכז,תל אביב,1916.3834579310403,11.96380138322443
7990001.0,7.0,1146.18001001867,5,292.0,1,זכריה,מרכז,פריפריה,254.75928514513495,4.362316526457791
8000001.0,9.0,923.439284845698,5,1795.0,62,בית חנניה,צפון,פריפריה,1943.8202700028464,5.41454114206921
8010001.0,7.0,1355.8980049973,13,1465.0,57,"חמ""ד",מרכז,תל אביב,1080.4647507412753,9.587741815451588
8020001.0,7.0,887.493838901445,5,95.0,28,"גבעת כ""ח",מרכז,תל אביב,107.04299662248091,5.633841927498995
8030001.0,3.0,733.367427541786,5,743.0,56,יושיביה,דרום,פריפריה,1013.1347154188479,6.817864841311224
8040001.0,5.0,1418.28865672317,6,306.0,28,אחיסמך,מרכז,תל אביב,215.75297704698974,4.2304505303331315
8050001.0,5.0,857.208258027935,10,502.0,1,ישעי,ירושלים,פריפריה,585.6219831046478,11.66577655586948
8060001.0,7.0,801.573142208165,2,444.0,66,עין יהב,דרום,פריפריה,553.9107744763922,2.495093578722488
8070001.0,9.0,903.319274209257,9,549.0,34,חניאל,מרכז,פריפריה,607.7585364051718,9.96325469516675
8080001.0,7.0,564.007923177087,2,104.0,32,ניר אליהו,מרכז,תל אביב,184.3945727112527,3.546049475216398
8090001.0,5.0,561.082247721886,27,6815.0,4,נחם,ירושלים,פריפריה,12146.169349806305,48.1212872259384
8100001.0,7.0,660.325747046803,1,68.0,62,עופר,צפון,חיפה,102.97947687806916,1.5144040717363112
8110001.0,7.0,724.018524121266,8,705.0,56,יכיני,דרום,פריפריה,973.7319923625593,11.049441048085779
8120001.0,6.0,6979.8321069571,62,6471.0,27,שלומי,צפון,פריפריה,927.0996638371967,8.882735150348664
8130001.0,7.0,1213.53284878967,10,162.0,27,עין יעקב,צפון,פריפריה,133.49453223418917,8.240403224332663
8140001.0,5.0,915.622212178289,2,145.0,56,תלמים,מרכז,פריפריה,158.3622569127514,2.1843069919000198
8150001.0,5.0,615.005487773625,11,2987.0,1,זבדיאל,מרכז,פריפריה,4856.8672302636,17.886019261097957
8160001.0,5.0,538.583199648448,5,981.0,68,זנוח,ירושלים,פריפריה,1821.4456014230166,9.283616724887953
8170001.0,7.0,1529.55508529735,8,324.0,1,עזריקם,מרכז,פריפריה,211.82630368425956,5.230279103315051
8180001.0,5.0,755.189831775141,7,271.0,1,זרחיה,מרכז,פריפריה,358.850170642513,9.269192599622107
8190001.0,8.0,806.607686098348,5,893.0,1,אביגדור,מרכז,פריפריה,1107.1057409823868,6.198800341446734
8200001.0,5.0,483.705884749234,10,789.0,56,חלץ,מרכז,פריפריה,1631.1565041410208,20.673719951090252
8210001.0,6.0,550.900399641796,2,288.0,1,אחוזם,מרכז,פריפריה,522.7805247323511,3.630420310641327
8220001.0,7.0,960.563859563679,11,1489.0,9,מטע,ירושלים,ירושלים,1550.1311913570794,11.451607189340413
8230001.0,7.0,716.608259048295,7,819.0,9,בר גיורא,ירושלים,ירושלים,1142.8838415673415,9.76823796211403
8240001.0,8.0,1104.41005018397,9,454.0,56,כוכב מיכאל,מרכז,פריפריה,411.0792000891098,8.14914713833037
8250001.0,7.0,1472.55613582795,7,791.0,9,נס הרים,ירושלים,ירושלים,537.1611857467542,4.7536388119181785
8260001.0,5.0,405.904699647601,16,1544.0,1,עוזה,מרכז,פריפריה,3803.84854213433,39.41811960760964
8270001.0,8.0,690.797823409018,1,82.0,47,נווה מבטח,מרכז,פריפריה,118.70332711145241,1.4476015501396635
8280001.0,7.0,983.012862922486,5,527.0,55,ישרש,מרכז,תל אביב,536.106921768282,5.08640343233664
8290001.0,7.0,462.529571358713,2,154.0,59,מבטחים,דרום,פריפריה,332.95168468388783,4.324047853037505
8310001.0,4.0,11021.4235383247,100,23671.0,24,ירוחם,דרום,פריפריה,2147.7261914206492,9.073238103251443
8330001.0,8.0,243.696203035103,4,88.0,42,נורית,צפון,פריפריה,361.10533895895014,16.413879043588643
8360001.0,9.0,584.715813939563,2,2784.0,11,גנות,מרכז,תל אביב,4761.287335881355,3.4204650401446517
8370001.0,7.0,872.00950888214,11,292.0,67,עזריאל,מרכז,תל אביב,334.85873379331053,12.614541341528822
8380001.0,7.0,826.880511249792,3,246.0,28,פדיה,מרכז,תל אביב,297.5036860261494,3.628093732026212
8390001.0,7.0,885.693099579029,10,753.0,28,פתחיה,מרכז,תל אביב,850.1816265226655,11.290592649703393
8400001.0,7.0,291.787677174153,4,186.0,56,כיסופים,דרום,פריפריה,637.4498121419508,13.708598110579588
8410001.0,7.0,1166.23697744528,8,250.0,32,אלישמע,מרכז,תל אביב,214.36466587403334,6.8596693079690665
8420001.0,7.0,920.748907948976,1,127.0,35,געש,מרכז,תל אביב,137.93119807537997,1.0860724257903933
8430001.0,7.0,415.958693542288,5,168.0,52,מרגליות,צפון,פריפריה,403.88625747743976,12.020424329685708
8440001.0,7.0,470.585095872524,3,76.0,56,נחל עוז,דרום,פריפריה,161.5010774174359,6.375042529635628
8460001.0,5.0,434.846205939304,1,278.0,17,שפר,צפון,פריפריה,639.3064863001318,2.2996636197846474
8480001.0,3.0,902.313520665878,4,1732.0,1,בית רבן,מרכז,תל אביב,1919.510192778493,4.433048944061184
8490001.0,8.0,1044.8182984634,3,32.0,25,דבירה,דרום,באר שבע,30.62733496059742,2.8713126525560084
8500001.0,7.0,1090.8264750054,11,597.0,34,אחיטוב,מרכז,פריפריה,547.2914470626913,10.08409701455545
8510001.0,8.0,1114.31288881376,14,1847.0,34,ניצני עוז,מרכז,פריפריה,1657.523679876144,12.56379616581809
8520001.0,7.0,367.822613943761,3,190.0,52,גונן,צפון,פריפריה,516.5533406519982,8.156105378715763
8530001.0,9.0,942.239966422786,3,792.0,0,גאליה,מרכז,תל אביב,840.5502082519679,3.183902303984727
8540001.0,6.0,406.341012335876,5,832.0,23,רחוב,מרכז,פריפריה,2047.5412885772898,12.304935628469291
8560001.0,5.0,1886.31412510475,6,210.0,4,שעלבים,ירושלים,פריפריה,111.32822322917099,3.1808063779763143
8570001.0,9.0,822.644470355391,3,137.0,0,כפר אביב,מרכז,תל אביב,166.5360978367904,3.6467758650392055
8580001.0,9.0,1270.76093262637,2,76.0,32,נווה ירק,מרכז,תל אביב,59.80668593810601,1.5738601562659476
8590001.0,6.0,487.420083183368,13,963.0,7,כסלון,ירושלים,ירושלים,1975.7084970947296,26.671038901590325
8610001.0,7.0,841.651255777904,8,963.0,52,שדה אליעזר,צפון,פריפריה,1144.1793657278374,9.505124533564588
8620001.0,7.0,600.798528697155,3,77.0,55,גני יוחנן,מרכז,תל אביב,128.1627639251651,4.993354438642796
8630001.0,8.0,920.238768684667,2,571.0,37,גינתון,מרכז,תל אביב,620.4911371166774,2.1733489916521096
8640001.0,7.0,827.004788786152,8,560.0,4,בקוע,מרכז,פריפריה,677.1423909430415,9.673462727757737
8650001.0,6.0,291.020736386301,5,411.0,56,שיבולים,דרום,באר שבע,1412.2704969533115,17.180906288969727
8660001.0,3.0,735.296695663337,5,1218.0,66,יטבתה,דרום,פריפריה,1656.4741922322926,6.79997615858905
8680001.0,2.0,304.51312993937,1,84.0,62,אלוני יצחק,צפון,פריפריה,275.85017439715915,3.283930647585228
8700001.0,8.0,899.674504401898,6,4872.0,49,גבעת השלושה,מרכז,תל אביב,5415.291837395011,6.66907861748154
8710001.0,8.0,841.07918589677,2,148.0,49,עינת,מרכז,תל אביב,175.96440677841812,2.377897388897542
8720001.0,7.0,357.59401579187,4,1331.0,34,גאולי תימן,מרכז,פריפריה,3722.098081123036,11.185869515020393
8730001.0,5.0,583.66755619457,4,160.0,1,שלווה,מרכז,פריפריה,274.12865132195697,6.8532162830489245
8740001.0,3.0,3656.35435665527,36,15561.0,45,מגדל העמק,צפון,פריפריה,4255.878528752549,9.845872825338457
8740002.0,3.0,3211.00075293675,21,8862.0,45,מגדל העמק,צפון,פריפריה,2759.887238237145,6.540017152220723
8740003.0,3.0,4378.74189240344,27,9877.0,45,מגדל העמק,צפון,פריפריה,2255.6707480601535,6.166154722853514
8740005.0,4.0,2886.87232865681,21,13797.0,45,מגדל העמק,צפון,פריפריה,4779.220702988067,7.274308528140133
8740006.0,6.0,5276.13563780163,28,16361.0,45,מגדל העמק,צפון,פריפריה,3100.9437821839283,5.306914363495507
8740007.0,6.0,3115.49874487334,23,12163.0,45,מגדל העמק,צפון,פריפריה,3904.0298186653526,7.382445599712498
8740008.0,5.0,139.83569899052,7,1077.0,45,מגדל העמק,צפון,פריפריה,7701.8959233937385,50.058747877210926
8740009.0,7.0,3246.64295931746,9,4025.0,45,מגדל העמק,צפון,פריפריה,1239.7421122174069,2.772094163964388
8770001.0,9.0,903.783877504896,4,128.0,35,בית חירות,מרכז,פריפריה,141.62677957187455,4.42583686162108
8800001.0,8.0,1647.0428703213,3,89.0,67,עין שריד,מרכז,תל אביב,54.036237674031014,1.8214462137313825
8850001.0,6.0,468.852727695828,8,1104.0,16,שדה בוקר,דרום,פריפריה,2354.6839653159254,17.06292728489801
8880001.0,9.0,843.544131405902,5,517.0,1,"כפר הרי""ף",מרכז,פריפריה,612.8902813162085,5.927372159731223
8920001.0,6.0,684.674029427638,4,117.0,27,עבדון,צפון,פריפריה,170.88423829629943,5.842196181070065
8970001.0,5.0,226.346894710195,4,1275.0,34,מדרשת רופין,מרכז,פריפריה,5632.946728217571,17.671989735584535
9130001.0,3.0,6258.4014510423,23,2944.0,42,שבלי - אום אל-גנם,צפון,פריפריה,470.4076628880517,3.6750598663129037
9160001.0,8.0,428.776048920876,5,379.0,59,ישע,דרום,פריפריה,883.9113121030196,11.66109910426147
9170001.0,9.0,1203.12539940403,5,623.0,63,עצמון שגב,צפון,פריפריה,517.8180099170078,4.1558427762199655
9190001.0,8.0,807.132800936777,4,431.0,1,גבעת ישעיהו,מרכז,פריפריה,533.98895386208,4.955813956956659
9220001.0,2.0,13732.168616988,70,41085.0,60,רכסים,צפון,חיפה,2991.8799532634594,5.0975196964449845
9420001.0,2.0,197.553705939216,4,191.0,63,סואעד (חמרייה)*,צפון,חיפה,966.8256998366182,20.247658635321848
9440001.0,3.0,8061.29344894432,23,3800.0,13,בסמת טבעון,צפון,חיפה,471.3883726063384,2.8531401499857325
9620001.0,3.0,6990.83512143765,16,922.0,52,טובא-זנגרייה,צפון,פריפריה,131.8869611404013,2.288710822393081
9750001.0,3.0,8401.98833970232,83,10402.0,63,זרזיר,צפון,חיפה,1238.0402803996915,9.878614042797
9780001.0,3.0,5727.82529205782,37,4471.0,63,כעביה-טבאש-חג'אג'רה,צפון,חיפה,780.575484067133,6.459694231823735
9900001.0,2.0,654.784260093431,1,166.0,60,ראס עלי,צפון,חיפה,253.51861692019517,1.5272205838565975
9930001.0,3.0,1558.27409030442,4,220.0,63,חמאם,צפון,פריפריה,141.18183788644103,2.5669425070262006
9940001.0,3.0,1469.57087795344,9,2034.0,60,מנשית זבדה,צפון,חיפה,1384.0775089613899,6.124236765315884
9970001.0,2.0,2151.89682137707,15,1802.0,63,רומת הייב,צפון,פריפריה,837.4007443567116,6.970594431382172
9980001.0,2.0,9954.35742793886,46,5841.0,19,ביר אל-מכסור,צפון,חיפה,586.7782066581301,4.621091851784623
10150001.0,9.0,3146.42702463733,10,6569.0,7,מבשרת ציון,ירושלים,ירושלים,2087.764931003658,3.1782081458420732
10150002.0,7.0,5934.94882825851,32,11038.0,7,מבשרת ציון,ירושלים,ירושלים,1859.8306943176926,5.391790380337576
10150003.0,9.0,4289.94070088402,16,6353.0,7,מבשרת ציון,ירושלים,ירושלים,1480.9062509164403,3.729655283277671
10150004.0,8.0,2241.76650817124,16,11924.0,7,מבשרת ציון,ירושלים,ירושלים,5319.019601968812,7.137228583654896
10150005.0,7.0,4833.81111046865,28,15225.0,7,מבשרת ציון,ירושלים,ירושלים,3149.688651885261,5.79253085404186
10150006.0,7.0,4376.1082408117,15,6961.0,7,מבשרת ציון,ירושלים,ירושלים,1590.682774955503,3.427703149595252
10200001.0,7.0,5231.16548730016,31,8801.0,8,אור עקיבא,צפון,פריפריה,1682.4166662986333,5.926021662908491
10200002.0,3.0,2875.54282115997,10,3841.0,8,אור עקיבא,צפון,פריפריה,1335.7478009840843,3.477604272283479
10200003.0,4.0,4933.77761929385,22,9152.0,8,אור עקיבא,צפון,פריפריה,1854.968080484723,4.4590578857805845
10200004.0,7.0,2244.05825100647,8,3944.0,8,אור עקיבא,צפון,פריפריה,1757.5301346260055,3.564969847111573
10200005.0,7.0,4430.506946607,30,12391.0,8,אור עקיבא,מרכז,פריפריה,2796.745417471777,6.7712341638409566
10240001.0,7.0,905.728297773359,1,24.0,32,חרוצים,מרכז,תל אביב,26.498012769394045,1.1040838653914185
10310002.0,4.0,5132.49562987144,32,13071.0,56,שדרות,דרום,פריפריה,2546.714297022676,6.234783681793713
10310003.0,4.0,2991.44059579116,17,8653.0,56,שדרות,דרום,פריפריה,2892.5862717028153,5.6828806909682035
10310004.0,5.0,5281.96917156143,30,9817.0,56,שדרות,דרום,פריפריה,1858.587144517155,5.6796999424992
10310005.0,5.0,4773.36981183933,26,11101.0,56,שדרות,דרום,פריפריה,2325.6107189655254,5.4468857484103825
10310006.0,6.0,7374.26748795254,28,6780.0,56,שדרות,דרום,פריפריה,919.4133534044697,3.79698730019545
10310007.0,6.0,4852.33944611485,54,15861.0,56,שדרות,דרום,פריפריה,3268.7325724294737,11.128652601424347
10340001.0,6.0,764.831653688791,21,7262.0,1,קריית מלאכי,מרכז,פריפריה,9494.899910294374,27.45702259930899
10340002.0,5.0,4577.56250616483,6,800.0,1,קריית מלאכי,מרכז,פריפריה,174.76549996261122,1.310741249719584
10340003.0,2.0,2544.03924577606,10,4589.0,1,קריית מלאכי,מרכז,פריפריה,1803.824374022235,3.930756971066104
10340004.0,4.0,2263.5935325486,3,1020.0,1,קריית מלאכי,מרכז,פריפריה,450.6109358121257,1.3253262818003697
10340005.0,4.0,4147.23032525342,14,2760.0,1,קריית מלאכי,מרכז,פריפריה,665.5043929423784,3.375746920722209
10340006.0,2.0,4909.43872680983,9,1780.0,1,קריית מלאכי,מרכז,פריפריה,362.56690409020547,1.8332034476471062
10340007.0,2.0,2309.4783275567,8,1698.0,1,קריית מלאכי,מרכז,פריפריה,735.2309739127926,3.4639857428164547
10340008.0,4.0,3360.36261689681,10,3195.0,1,קריית מלאכי,מרכז,פריפריה,950.7902462474372,2.9758693153284415
10430001.0,8.0,206.981965715322,1,46.0,4,גיזו,מרכז,פריפריה,222.241584386474,4.831338791010304
10440001.0,9.0,315.145009071672,1,33.0,67,יעף,מרכז,תל אביב,104.71370020172192,3.17314243035521
10450001.0,6.0,320.361684440536,3,64.0,27,שתולה,צפון,פריפריה,199.7742024354956,9.364415739163857
10460001.0,7.0,412.751674285233,2,154.0,59,אוהד,דרום,פריפריה,373.10569428139485,4.845528497160972
10470001.0,6.0,289.679618999769,45,5584.0,63,חזון,צפון,פריפריה,19276.46832483735,155.34403198740705
10500001.0,9.0,2165.91168425735,7,936.0,28,בית חשמונאי,מרכז,תל אביב,432.1505843489351,3.2318953957719505
10510001.0,7.0,320.735958835403,3,117.0,59,תלמי אליהו,דרום,פריפריה,364.7860390360617,9.353488180411839
10520001.0,5.0,506.359237026838,3,668.0,66,קטורה,דרום,פריפריה,1319.2215153855182,5.924647524186459
10560001.0,3.0,163.844828047964,2,424.0,29,"עין כרם-בי""ס חקלאי",ירושלים,ירושלים,2587.8143671149514,12.206671542995053
10580001.0,9.0,386.814707624108,1,77.0,59,שדה ניצן,דרום,פריפריה,199.06171736061728,2.585217108579445
10590001.0,1.0,23136.1399585847,62,10203.0,26,כסיפה,דרום,פריפריה,440.99836957522217,2.6797901512950872
10600001.0,2.0,15273.575960816,18,1752.0,25,לקיה,דרום,באר שבע,114.70791152607056,1.1785059403363414
10610011.0,6.0,6765.63757673332,46,16455.0,48,נוף הגליל,צפון,פריפריה,2432.143284852842,6.799063573578288
10610012.0,4.0,4103.09449692081,110,36204.0,48,נוף הגליל,צפון,פריפריה,8823.58425504689,26.809034030912546
10610021.0,5.0,3619.95150643771,23,7377.0,48,נוף הגליל,צפון,פריפריה,2037.872603232603,6.353676274142589
10610022.0,3.0,3395.29857682099,24,31780.0,48,נוף הגליל,צפון,פריפריה,9360.001567153937,7.068597785138278
10610023.0,3.0,2276.88363519884,16,18013.0,48,נוף הגליל,צפון,פריפריה,7911.251906567868,7.027148753960246
10610024.0,5.0,2793.70983216451,12,10329.0,48,נוף הגליל,צפון,פריפריה,3697.234365960369,4.295363771083786
10610031.0,6.0,2632.54540030705,39,16709.0,48,נוף הגליל,צפון,פריפריה,6347.089018123344,14.814559321731428
10610032.0,7.0,2082.98177511308,11,4173.0,48,נוף הגליל,צפון,פריפריה,2003.37806593313,5.280891139531375
10610033.0,3.0,2597.7180833022,9,5425.0,48,נוף הגליל,צפון,פריפריה,2088.371342091048,3.46457918503584
10610034.0,3.0,2850.33629145611,14,9613.0,48,נוף הגליל,צפון,פריפריה,3372.584501279723,4.911701135744941
10610041.0,3.0,2977.57090834803,14,6552.0,48,נוף הגליל,צפון,פריפריה,2200.4513751899462,4.701819177756295
10610042.0,4.0,1685.89753814971,25,12239.0,45,נוף הגליל,צפון,פריפריה,7259.634540680586,14.82889643900765
10610043.0,5.0,4693.58017699854,19,16577.0,48,נוף הגליל,צפון,פריפריה,3531.8454942428816,4.0480825475426645
10630001.0,7.0,4200.54852549569,28,3287.0,27,מעלות-תרשיחא,צפון,פריפריה,782.51684989453,6.665796104973179
10630003.0,5.0,3814.10888893508,19,2931.0,27,מעלות-תרשיחא,צפון,פריפריה,768.4625912235954,4.9815043443358284
10630004.0,5.0,4699.30714666672,41,7435.0,27,מעלות-תרשיחא,צפון,פריפריה,1582.148126936913,8.724690410815526
10630005.0,3.0,5649.02417471711,34,10311.0,27,מעלות-תרשיחא,צפון,פריפריה,1825.270999219321,6.018738626074766
10630006.0,6.0,3874.32228097785,25,3871.0,27,מעלות-תרשיחא,צפון,פריפריה,999.1424871921054,6.452741456936873
10640001.0,6.0,870.176966035884,5,369.0,17,אמירים,צפון,פריפריה,424.0516750069702,5.745957655921005
10650001.0,6.0,682.653864129157,10,442.0,56,זמרת,דרום,פריפריה,647.4730800269436,14.648712217804157
10660001.0,5.0,6893.90791829419,14,3201.0,47,"בני עי""ש",מרכז,פריפריה,464.3229990794607,2.03077850269055
10670001.0,7.0,477.431939903965,5,164.0,52,"דוב""ב",צפון,פריפריה,343.5044585265671,10.472696906297777
10680001.0,7.0,265.188507803476,4,138.0,27,אדמית,צפון,פריפריה,520.3845413326435,15.08360989369981
10690001.0,8.0,983.90863978476,1,49.0,42,רם-און,צפון,פריפריה,49.801371813057,1.0163545267970815
10700001.0,7.0,888.490079237278,6,313.0,9,אביעזר,מרכז,פריפריה,352.2830556180144,6.75302982015363
10710001.0,6.0,766.022730647143,9,339.0,9,נווה מיכאל,מרכז,פריפריה,442.5456144279292,11.748998613130864
10720001.0,8.0,633.472255550131,3,444.0,1,גן הדרום,מרכז,פריפריה,700.898888798869,4.735803302695061
10760001.0,4.0,226.278689321912,7,1034.0,32,בית ברל,מרכז,תל אביב,4569.586305712578,30.93530381043331
10770001.0,9.0,393.69730591763,1,26.0,34,גבעת שפירא,מרכז,פריפריה,66.04058399485152,2.540022461340443
10790001.0,7.0,416.649819452994,5,407.0,1,צפרירים,מרכז,פריפריה,976.839496856946,12.0004852193728
10800001.0,7.0,1250.24338419576,5,48.0,56,מבועים,דרום,פריפריה,38.39252469300352,3.9992213221878665
10810001.0,7.0,277.852685232677,10,369.0,27,אבן מנחם,צפון,פריפריה,1328.0418711483576,35.9902946110666
10820001.0,6.0,2057.63605765403,3,82.0,56,מעגלים,דרום,באר שבע,39.85155669049198,1.4579837813594625
10830001.0,6.0,858.711321070631,1,41.0,56,תושייה,דרום,פריפריה,47.745964207018595,1.1645357123663072
10840001.0,3.0,666.44168841759,4,1481.0,64,בן שמן (כפר נוער),מרכז,תל אביב,2222.249936849705,6.002025487777731
10850001.0,5.0,194.255042187809,3,138.0,59,כרם שלום,דרום,פריפריה,710.4062702608218,15.443614570887432
10950001.0,7.0,427.346776698548,1,21.0,56,כפר מימון,דרום,פריפריה,49.14041978328405,2.3400199896801928
10980001.0,6.0,2589.10082719686,9,1339.0,1,מרכז שפירא,מרכז,פריפריה,517.1679626898479,3.476110279468731
11020001.0,8.0,300.108178897904,5,70.0,10,צוקי ים,מרכז,פריפריה,233.24922451984827,16.660658894274874
11030001.0,9.0,353.842788698458,1,75.0,55,גני הדר,מרכז,תל אביב,211.95853750721596,2.826113833429546
11040001.0,7.0,379.578363740864,4,1075.0,54,פורייה - כפר עבודה,צפון,פריפריה,2832.089767724212,10.53800843804358
11050001.0,6.0,1290.18360394019,15,2922.0,54,פורייה - נווה עובד,צפון,פריפריה,2264.7939340387534,11.626252228125017
11080001.0,7.0,559.367393541242,4,107.0,42,אומן,צפון,פריפריה,191.28751735528346,7.150935228234896
11100001.0,6.0,799.947233452085,2,98.0,42,חבר,צפון,פריפריה,122.5080804106187,2.500164906339157
11120001.0,7.0,909.589565618587,2,62.0,63,יודפת,צפון,פריפריה,68.16261129582713,2.1987939127686174
11130001.0,8.0,11929.5274983373,35,5793.0,9,צור הדסה,ירושלים,ירושלים,485.6017977918581,2.9338965860029402
11140001.0,9.0,1019.63615385734,4,249.0,1,שריגים (לי-און),מרכז,פריפריה,244.20475780308416,3.9229679968366944
11150001.0,6.0,469.607864250972,6,124.0,52,אביבים,צפון,פריפריה,264.05009251235793,12.776617379630224
11230001.0,6.0,922.040812055978,1,43.0,9,אדרת,מרכז,פריפריה,46.63567972020465,1.08455069116755
11240001.0,7.0,442.985128381616,1,8.0,66,נאות הכיכר,דרום,פריפריה,18.059296999939654,2.257412124992457
11250001.0,8.0,423.442861898447,7,151.0,54,אלמגור,צפון,פריפריה,356.60065049393575,16.531155983162584
11260001.0,5.0,362.148878991937,2,485.0,66,אילות,דרום,פריפריה,1339.2282239006963,5.52259061402349
11270001.0,6.0,829.793538256611,1,44.0,42,מעלה גלבוע,מרכז,פריפריה,53.02523817242975,1.2051190493734034
11280001.0,8.0,362.741733995185,95,23028.0,61,מי עמי,צפון,פריפריה,63483.18332818488,261.89432066082867
11290001.0,7.0,252.171859051512,3,670.0,66,גרופית,דרום,פריפריה,2656.918192696263,11.896648624013116
11300001.0,7.0,237.053834584542,5,160.0,27,כפר רוזנואלד (זרעית),צפון,פריפריה,674.952169748337,21.092255304635533
11320001.0,8.0,640.650341079247,5,182.0,52,שניר,צפון,פריפריה,284.08632342784784,7.804569324940874
11330001.0,7.0,263.610100605953,1,41.0,1,ורדון,מרכז,פריפריה,155.53273530018188,3.7934813487849235
11340001.0,5.0,293.850149348772,3,534.0,4,יד השמונה,ירושלים,ירושלים,1817.252777252099,10.209285265461231
11360001.0,7.0,474.739194839406,5,191.0,59,צוחר,דרום,פריפריה,402.32616576899903,10.532098580340287
11370001.0,2.0,6388.83429309721,18,7922.0,4,קריית יערים,ירושלים,ירושלים,1239.9758135156662,2.8174153803688458
11380001.0,9.0,727.608926662267,3,219.0,63,יעד,צפון,פריפריה,300.9858620132802,4.12309400018192
11390012.0,2.0,3987.02933490513,31,24693.0,70,כרמיאל,צפון,פריפריה,6193.332911754852,7.775212419082348
11390013.0,3.0,3725.61722290911,14,8562.0,70,כרמיאל,צפון,פריפריה,2298.142693605665,3.757766609493029
11390014.0,4.0,3478.12740242999,13,8619.0,70,כרמיאל,צפון,פריפריה,2478.0575875335517,3.737643420110938
11390021.0,5.0,2634.9918283608,8,1618.0,70,כרמיאל,צפון,פריפריה,614.0436499974045,3.03606254634069
11390022.0,7.0,2870.52495643578,42,18592.0,70,כרמיאל,צפון,פריפריה,6476.864086590269,14.63147007512862
11390023.0,5.0,4110.06068594226,10,9199.0,70,כרמיאל,צפון,פריפריה,2238.166465878123,2.433054099226136
11390024.0,6.0,4096.86722453609,15,10609.0,70,כרמיאל,צפון,פריפריה,2589.5396210213553,3.6613341799717536
11390031.0,5.0,1972.15767759312,6,6506.0,70,כרמיאל,צפון,פריפריה,3298.924864841495,3.0423530877726663
11390032.0,8.0,4498.99054264235,22,3308.0,70,כרמיאל,צפון,פריפריה,735.276051071035,4.889985829372058
11390033.0,6.0,4800.46902851797,7,4000.0,70,כרמיאל,צפון,פריפריה,833.2519127271412,1.458190847272497
11390034.0,7.0,5466.17549643494,8,3907.0,70,כרמיאל,צפון,פריפריה,714.7593418008917,1.4635461311510451
11390035.0,6.0,4620.51228930475,38,12225.0,70,כרמיאל,צפון,פריפריה,2645.810515058602,8.224196284026737
11400001.0,7.0,1954.91179417768,3,527.0,16,מדרשת בן גוריון,דרום,פריפריה,269.57738020179005,1.534596092230304
11410001.0,3.0,247.791183078868,2,2148.0,37,מבוא מודיעים,מרכז,תל אביב,8668.589306974356,8.071312203886738
11430001.0,8.0,466.676699597314,1,49.0,27,נס עמים,צפון,חיפה,104.99774263913567,2.142811074268075
11450001.0,4.0,1162.6827149494,2,247.0,1,אלומה,מרכז,פריפריה,212.43972824585205,1.7201597428813933
11460001.0,3.0,530.938866044882,3,180.0,56,עלומים,דרום,פריפריה,339.02208241199656,5.650368040199942
11470001.0,7.0,326.532868566072,8,227.0,27,נטועה,צפון,פריפריה,695.1826962989727,24.499830706571725
11480001.0,8.0,298.85197411272,8,1249.0,32,צור נתן,מרכז,תל אביב,4179.326583698278,26.76910542000498
11490001.0,7.0,810.776297008461,2,46.0,1,עזר,מרכז,פריפריה,56.735748405234844,2.466771669792819
11500001.0,8.0,463.484304942176,2,444.0,66,צופר,דרום,פריפריה,957.9612411155824,4.315140725745867
11510001.0,8.0,507.95051602522,2,444.0,66,פארן,דרום,פריפריה,874.1008936743657,3.937391412947593
11520001.0,6.0,679.667402230263,5,326.0,16,אשלים,דרום,פריפריה,479.6463666350078,7.3565393655676035
11550001.0,6.0,735.29108411165,2,203.0,42,מגן שאול,צפון,פריפריה,276.0811390025988,2.720011221700481
11560001.0,2.0,269.796383931431,3,686.0,66,סמר,דרום,פריפריה,2542.6582447240935,11.119496697044141
11580001.0,7.0,231.497032544875,3,566.0,66,יהל,דרום,פריפריה,2444.9557464209943,12.959129397991134
11600001.0,9.0,781.41623742723,1,34.0,63,שכניה,צפון,חיפה,43.510741614409156,1.2797276945414457
11610001.0,2.0,6770.64769267575,44,3691.0,65,רהט,דרום,באר שבע,545.147254374614,6.498639716196969
11610002.0,1.0,6656.92088040682,27,4432.0,65,רהט,דרום,באר שבע,665.7732726018444,4.055929232908348
11610003.0,2.0,10452.4723285858,35,3813.0,65,רהט,דרום,באר שבע,364.79407743296,3.3484900892089167
11610004.0,2.0,8526.03085896765,15,1371.0,65,רהט,דרום,באר שבע,160.80166993038583,1.7593180517547684
11610005.0,3.0,4139.81733562241,20,3306.0,65,רהט,דרום,באר שבע,798.5859597119041,4.831131032739892
11610006.0,2.0,4757.28902754235,14,1923.0,65,רהט,דרום,באר שבע,404.22181390846373,2.94285251935439
11610007.0,1.0,8246.93305911442,12,1950.0,65,רהט,דרום,באר שבע,236.45153731966835,1.4550863835056513
11610008.0,3.0,5003.48556000964,9,1203.0,65,רהט,דרום,באר שבע,240.43239169409782,1.7987460725244224
11610009.0,1.0,6398.45992658746,8,1562.0,65,רהט,דרום,באר שבע,244.12124447469554,1.2503008679881975
11610010.0,1.0,6604.45085165659,64,4880.0,65,רהט,דרום,באר שבע,738.8956492538593,9.690434744312908
11610011.0,2.0,8502.60701391342,47,4132.0,65,רהט,דרום,באר שבע,485.9685968360662,5.5277163725302785
11620001.0,6.0,908.468405256864,1,29.0,48,בית רימון,צפון,פריפריה,31.921858627323893,1.1007537457697893
11630001.0,7.0,497.223094925232,6,1673.0,70,מורן,צפון,פריפריה,3364.686831876888,12.067017926635582
11650001.0,9.0,787.885505571365,8,4839.0,37,שילת,מרכז,תל אביב,6141.755325846255,10.153759579824351
11660001.0,9.0,284.344649674875,5,4836.0,37,כפר רות,מרכז,תל אביב,17007.529438410653,17.584294291160724
11670001.0,9.0,5782.82845454897,48,6804.0,8,קיסריה,צפון,פריפריה,1176.5868646246531,8.30043643474182
11710001.0,7.0,782.702716669683,2,66.0,70,לוטם,צפון,פריפריה,84.32320291517958,2.55524857318726
11720001.0,8.0,343.575564981271,8,1813.0,70,תובל,צפון,פריפריה,5276.859546454738,23.284542951813517
11730001.0,6.0,129.073744375647,4,180.0,70,לפידות,צפון,פריפריה,1394.5516252797381,30.990036117327513
11740001.0,9.0,857.892968519542,1,34.0,63,מנוף,צפון,חיפה,39.631983531318,1.1656465744505295
11760001.0,6.0,502.965407078257,7,1583.0,66,ספיר,דרום,פריפריה,3147.3337484494223,13.917458142227387
11770001.0,7.0,590.522946514573,12,1601.0,16,טללים,דרום,פריפריה,2711.15628859054,20.320971557205798
11780001.0,7.0,1591.51975481415,4,972.0,63,מורשת,צפון,חיפה,610.7369996883924,2.513320986371985
11790001.0,9.0,915.124396152327,3,417.0,63,קורנית,צפון,פריפריה,455.6757548517899,3.2782428406603588
11800001.0,8.0,327.506589944433,1,33.0,70,צביה,צפון,פריפריה,100.76133126236941,3.053373674617255
11810001.0,9.0,1216.34191486709,6,362.0,20,טל-אל,צפון,חיפה,297.61368540814925,4.932823515052197
11820001.0,9.0,1131.12389884671,1,44.0,63,אלון הגליל,צפון,חיפה,38.89936376100111,0.8840764491136617
11830001.0,6.0,829.125189408309,9,464.0,27,כליל,צפון,פריפריה,559.6259840219371,10.854814345253093
11840001.0,6.0,222.016941526073,5,230.0,27,מתת,צפון,פריפריה,1035.9569788641084,22.520803888350184
11850001.0,7.0,196.214974074781,1,34.0,70,פלך,צפון,פריפריה,173.27933385472406,5.096450995727178
11860001.0,8.0,2091.70868235027,1,44.0,63,הושעיה,צפון,פריפריה,21.035434031167785,0.4780780461629042
11880001.0,7.0,984.504528418703,1,33.0,63,אשחר,צפון,פריפריה,33.51939889296815,1.0157393603929743
11900001.0,7.0,1053.58198479721,4,1585.0,63,מצפה נטופה,צפון,פריפריה,1504.391706455645,3.796572129856517
11910001.0,4.0,1084.57201915704,3,170.0,17,בר יוחאי,צפון,פריפריה,156.74385563821647,2.7660680406744085
11950001.0,3.0,407.639839906591,6,315.0,16,ניצנה (קהילת חינוך),דרום,פריפריה,772.7409569981702,14.718875371393716
11970001.0,2.0,227.115540277422,9,447.0,66,נאות סמדר,דרום,פריפריה,1968.1612251367244,39.62740721751794
11980001.0,7.0,526.122143956768,1,41.0,25,כרמים,דרום,באר שבע,77.92867202215501,1.900699317613537
11990001.0,9.0,1867.03262019917,117,26931.0,19,עדי,צפון,חיפה,14424.49355658664,62.66628592033853
12000011.0,8.0,3034.02073726488,16,7151.0,37,מודיעין-מכבים-רעות*,ירושלים,פריפריה,2356.9384059142944,5.273530204814532
12000012.0,8.0,4411.09925901108,20,8695.0,37,מודיעין-מכבים-רעות*,ירושלים,פריפריה,1971.1639864457104,4.5340172201166435
12000013.0,8.0,4663.77004553281,18,8118.0,37,מודיעין-מכבים-רעות*,ירושלים,פריפריה,1740.6518590632106,3.859538490162329
12000014.0,9.0,647.172845746924,19,14035.0,37,מודיעין-מכבים-רעות*,ירושלים,תל אביב,21686.633010384936,29.358462928201906
12000015.0,8.0,5999.63133016631,14,6825.0,37,מודיעין-מכבים-רעות*,מרכז,תל אביב,1137.569897950848,2.333476713745329
12000016.0,8.0,3370.55902689981,7,3837.0,37,מודיעין-מכבים-רעות*,מרכז,תל אביב,1138.3868282316407,2.0768068276313487
12000017.0,8.0,4305.45051984703,9,3274.0,37,מודיעין-מכבים-רעות*,מרכז,תל אביב,760.4314542479805,2.090373576124564
12000021.0,8.0,11918.322984634,21,12312.0,37,מודיעין-מכבים-רעות*,מרכז,תל אביב,1033.0312423881746,1.7619928598238848
12000022.0,8.0,7789.19233761769,16,6814.0,37,מודיעין-מכבים-רעות*,מרכז,תל אביב,874.8018670808749,2.0541282467411213
12000023.0,8.0,5288.31387909427,11,4778.0,37,מודיעין-מכבים-רעות*,מרכז,תל אביב,903.5015903440149,2.080058077393086
12000024.0,8.0,6504.77653962691,10,3782.0,37,מודיעין-מכבים-רעות*,מרכז,תל אביב,581.4188968614319,1.5373318267092329
12000025.0,8.0,4757.52924909036,20,8575.0,37,מודיעין-מכבים-רעות*,מרכז,תל אביב,1802.4061547576487,4.2038627516213385
12000026.0,8.0,4802.74760610877,10,3088.0,37,מודיעין-מכבים-רעות*,מרכז,תל אביב,642.9652884678497,2.082141478198995
12000031.0,8.0,5377.41875151826,22,5611.0,37,מודיעין-מכבים-רעות*,ירושלים,תל אביב,1043.4374296061267,4.091182222658133
12000032.0,9.0,1476.62209187026,63,13647.0,37,מודיעין-מכבים-רעות*,מרכז,תל אביב,9242.039703411849,42.664944772839924
12000033.0,9.0,5864.7607192538,22,6767.0,37,מודיעין-מכבים-רעות*,ירושלים,פריפריה,1153.84076587885,3.751218686173297
12000034.0,9.0,9091.244407377,34,8445.0,37,מודיעין-מכבים-רעות*,ירושלים,פריפריה,928.9157371181649,3.7398620558931444
12000041.0,9.0,2811.91673886752,10,1050.0,37,מודיעין-מכבים-רעות*,ירושלים,פריפריה,373.41077190744994,3.5562930657852374
12000042.0,10.0,2709.66986096895,5,415.0,37,מודיעין-מכבים-רעות*,ירושלים,פריפריה,153.15518911650744,1.8452432423675595
12000043.0,10.0,2257.83476396127,16,2033.0,37,מודיעין-מכבים-רעות*,ירושלים,פריפריה,900.4201868312067,7.086435312001626
12010001.0,8.0,1411.54601020612,2,74.0,70,כמון,צפון,פריפריה,52.42478776104097,1.41688615570381
12020001.0,7.0,596.947827841354,4,111.0,70,מכמנים,צפון,פריפריה,185.9458981556083,6.700753086688587
12030001.0,7.0,640.898211767691,2,62.0,63,הררית,צפון,פריפריה,96.73923075708845,3.1206203470028533
12040001.0,9.0,1126.35314089535,8,1846.0,20,גילון,צפון,פריפריה,1638.9176120489133,7.1025681995619205
12050001.0,7.0,498.042804722072,5,195.0,27,מנות,צפון,פריפריה,391.53261155698834,10.03929773223047
12060001.0,7.0,300.19409722249,1,60.0,27,גיתה,צפון,פריפריה,199.87068551694665,3.331178091949111
12070001.0,8.0,727.329479321035,7,798.0,70,לבון,צפון,פריפריה,1097.1643838015973,9.624248980715766
12080001.0,8.0,561.660552944882,5,73.0,27,הילה,צפון,פריפריה,129.97174114729714,8.902174051184737
12090001.0,7.0,376.893983126356,1,54.0,70,חרשים,צפון,פריפריה,143.27636528465402,2.653266023789889
12100001.0,8.0,472.512978370843,5,947.0,52,כחל,צפון,פריפריה,2004.1777545774937,10.581719929131435
12110001.0,7.0,292.376016260975,4,1245.0,52,קדרים,צפון,פריפריה,4258.215211772747,13.681012728587142
12130001.0,6.0,338.146389337747,2,184.0,27,צבעון,צפון,פריפריה,544.1430274040789,5.914598123957379
12140001.0,5.0,521.32392682745,57,12406.0,63,טפחות,צפון,פריפריה,23797.104567015565,109.33701114943474
12190001.0,7.0,244.619380264369,5,178.0,27,גורנות הגליל,צפון,פריפריה,727.6610700576094,20.439917698247456
12200001.0,7.0,296.156816157184,2,90.0,27,אבירים,צפון,פריפריה,303.8930562794573,6.753179028432385
12210001.0,9.0,942.973350263497,6,1072.0,20,צורית,צפון,פריפריה,1136.8295824059599,6.362852140331864
12220001.0,9.0,1076.10420937443,100,19979.0,19,"מצפה אבי""ב",צפון,חיפה,18566.045765785417,92.92780302210029
12230001.0,8.0,366.868803071885,5,381.0,59,שדי אברהם,דרום,פריפריה,1038.5183935232185,13.628850308703655
12240001.0,9.0,2208.8531611567,9,1211.0,32,כוכב יאיר,מרכז,תל אביב,548.2483042765239,4.074512583392828
12240002.0,9.0,1527.43255202911,14,2240.0,32,כוכב יאיר,מרכז,תל אביב,1466.5132002223493,9.165707501389681
12240003.0,9.0,2279.01617748032,3,405.0,32,כוכב יאיר,מרכז,תל אביב,177.70826025805923,1.3163574833930314
12240004.0,9.0,2933.27730391438,20,2613.0,32,כוכב יאיר,מרכז,תל אביב,890.8124698994608,6.818312054339539
12250001.0,5.0,142.720436277865,1,80.0,63,רביד,צפון,פריפריה,560.5364030995993,7.0067050387449905
12260001.0,9.0,1101.51700769289,37,9001.0,63,יובלים,צפון,פריפריה,8171.458032093805,33.59003968308752
12270001.0,7.0,562.914103840303,3,222.0,59,יתד,דרום,פריפריה,394.37633288182934,5.3294099038085045
12280001.0,8.0,1057.34114190342,14,4241.0,63,רקפת,צפון,פריפריה,4011.0044260316718,13.240759718095592
12290001.0,7.0,257.584844111942,15,3318.0,63,כלנית,צפון,פריפריה,12881.192647180957,58.233239815465446
12300001.0,7.0,473.472846505741,1,37.0,54,לבנים,צפון,פריפריה,78.1459808583793,2.112053536712954
12310001.0,7.0,252.37284055358,1,75.0,59,פרי גן,דרום,פריפריה,297.17936302292844,3.96239150697238
12320001.0,8.0,352.088317607317,2,144.0,59,יבול,דרום,פריפריה,408.9882929901774,5.680392958196908
12330001.0,8.0,601.98900583088,6,241.0,1,שקף,דרום,פריפריה,400.3395372102616,9.966959432620621
12350001.0,8.0,566.801436362232,2,392.0,63,שורשים,צפון,פריפריה,691.6002233796038,3.5285725682632854
12360001.0,9.0,952.237071292363,3,211.0,50,נירית,מרכז,תל אביב,221.58347575529032,3.1504759586060236
12370001.0,8.0,338.807995993115,1,75.0,59,תלמי יוסף,דרום,פריפריה,221.3643151489379,2.9515242019858388
12380001.0,7.0,226.991041276542,1,69.0,59,סופה,דרום,פריפריה,303.9767543774455,4.405460208368775
12390001.0,5.0,202.239405259578,6,490.0,59,חולית,דרום,פריפריה,2422.871049146312,29.667808765056886
12400001.0,8.0,1114.26538230435,6,823.0,59,עין הבשור,דרום,פריפריה,738.6032206241566,5.38471363760017
12410001.0,7.0,380.658991832668,8,393.0,59,דקל,דרום,פריפריה,1032.4201146751236,21.01618554046053
12420001.0,9.0,899.675763736405,1,32.0,71,נתיב העשרה,מרכז,פריפריה,35.56836950581192,1.1115115470566226
12430001.0,7.0,2933.21274692018,41,8096.0,42,קציר,מרכז,פריפריה,2760.1134655168303,13.977847342661814
12440001.0,9.0,1256.32568390909,1,40.0,45,תמרת,צפון,חיפה,31.838877858119528,0.7959719464529883
12450001.0,3.0,3476.16479367304,15,541.0,70,סלמה,צפון,פריפריה,155.6312868091504,4.315100373636333
12460001.0,3.0,1721.36873431116,22,853.0,27,עראמשה*,צפון,פריפריה,495.53589710187515,12.78052724061108
12470001.0,5.0,27000.7811978139,136,51058.0,41,חריש,מרכז,פריפריה,1890.9823247682136,5.036891303389813
12480001.0,3.0,165.653499454798,3,644.0,66,אליפז,דרום,פריפריה,3887.632933318917,18.11009130428067
12490001.0,7.0,945.681788059849,1,85.0,63,הרדוף,צפון,חיפה,89.88224270913065,1.057438149519184
12510001.0,9.0,197.214202760549,1,8.0,66,עין תמר,דרום,פריפריה,40.56502973933037,5.070628717416296
12520001.0,8.0,338.893718950676,14,3557.0,52,כורזים,צפון,פריפריה,10495.915979244517,41.31088662058567
12530001.0,7.0,455.454421454638,7,177.0,52,אמנון,צפון,פריפריה,388.62286029564586,15.369265661409724
12540001.0,9.0,477.712459307232,1,69.0,4,נטף,ירושלים,ירושלים,144.4383512627288,2.093309438590272
12550001.0,6.0,201.057301157215,6,1264.0,66,לוטן,דרום,פריפריה,6286.764980554604,29.84223883174654
12560001.0,7.0,584.603596735416,3,323.0,20,אשרת,צפון,פריפריה,552.511140546721,5.131682419938585
12570001.0,8.0,1005.92903375585,6,800.0,63,חנתון,צפון,חיפה,795.284729990375,5.964635474927813
12580001.0,8.0,386.91944512116,7,1269.0,63,מסד,צפון,פריפריה,3279.75245493962,18.091621106837938
12590001.0,9.0,356.114042821799,4,2998.0,4,נווה שלום,ירושלים,פריפריה,8418.651441668118,11.23235682677534
12600001.0,7.0,607.698741240615,3,96.0,16,רתמים,דרום,באר שבע,157.97301110747128,4.9366565971084775
12610001.0,7.0,239.345256058202,3,94.0,25,הר עמשא,דרום,פריפריה,392.7380953694016,12.53419453306601
12620001.0,7.0,345.807902144381,2,444.0,66,צוקים,דרום,פריפריה,1283.9498381810317,5.783557829644287
12630001.0,9.0,5492.41236393591,56,2316.0,27,כפר ורדים,צפון,פריפריה,421.6726360910626,10.195884119645727
12640001.0,9.0,1756.91152213776,3,291.0,4,כרמי יוסף,מרכז,תל אביב,165.63156216649972,1.7075418780051517
12650001.0,3.0,827.880815798885,7,218.0,1,שומרייה,דרום,באר שבע,263.3229274550048,8.455323358646943
12660001.0,7.0,179.143186806349,3,140.0,66,שחרות,דרום,פריפריה,781.4977644186815,16.746380666114607
12680001.0,9.0,10565.2807812356,45,9237.0,25,מיתר,דרום,באר שבע,874.2787050586782,4.259233704410579
12710001.0,9.0,6975.64882676503,44,5162.0,25,להבים,דרום,באר שבע,740.0028482216309,6.307656978254893
12720001.0,8.0,537.176582048104,5,439.0,70,חלוץ,צפון,פריפריה,817.2359232902816,9.307926233374506
12740001.0,7.0,2670.16438176477,4,477.0,42,גן נר,צפון,פריפריה,178.64068716426374,1.498035112488585
12750001.0,8.0,474.801340390154,19,1758.0,63,אבטליון,צפון,פריפריה,3702.601173272627,40.016736229908936
12760001.0,6.0,140.636170448968,86,20077.0,63,אשבל,צפון,פריפריה,142758.43786065868,611.5069809242739
12780001.0,7.0,196.977737604063,1,39.0,16,באר מילכה,דרום,פריפריה,197.99191763686676,5.076715836842738
12800001.0,8.0,297.224449510292,1,58.0,16,ניצני סיני,דרום,פריפריה,195.1387246088301,3.3644607691177604
12820001.0,5.0,744.434487808299,2,88.0,42,מירב,מרכז,פריפריה,118.21053624084794,2.6866030963829077
12830001.0,7.0,603.318530072839,2,116.0,23,תל תאומים,מרכז,פריפריה,192.26991086449016,3.3149984631808653
12840001.0,9.0,2551.10512481507,13,2405.0,13,נופית,צפון,חיפה,942.7286929911752,5.095830772925272
12850001.0,8.0,516.723104786666,4,128.0,52,כרכום,צפון,פריפריה,247.7148763317754,7.741089885367981
12860001.0,1.0,11819.0418456596,16,2835.0,25,שגב-שלום,דרום,באר שבע,239.86715987820278,1.3537476395242485
12880001.0,9.0,1886.72673836028,1,66.0,63,גבעת אלה,צפון,פריפריה,34.98121834927691,0.5300184598375289
12900001.0,4.0,7350.6803058051,28,4639.0,39,זמר,מרכז,פריפריה,631.0980490249879,3.8091712379175817
12910001.0,6.0,250.020355371675,7,361.0,16,כמהין,דרום,פריפריה,1443.8824369453637,27.997720383982124
12930001.0,8.0,2098.53201311399,5,2023.0,54,גבעת אבני,צפון,פריפריה,964.0072142612164,2.3826179294642027
12940001.0,3.0,598.845936747665,1,57.0,17,אור הגנוז,צפון,פריפריה,95.18307882252198,1.669878575833719
12950001.0,4.0,6849.85570560238,63,7646.0,27,יאנוח-ג'ת,צפון,פריפריה,1116.2278927637071,9.197274031403811
12960001.0,3.0,9100.07715235873,42,3894.0,70,כסרא-סמיע,צפון,פריפריה,427.90845998384526,4.615345485187853
12970001.0,7.0,762.402924767657,47,8242.0,63,כפר חנניה,צפון,פריפריה,10810.55663907868,61.6471926761342
13030001.0,1.0,23918.7402367947,30,5617.0,25,חורה,דרום,באר שבע,234.8367825559329,1.2542466577671332
13040001.0,9.0,6053.59042470709,26,7682.0,28,שוהם,מרכז,תל אביב,1268.998967727768,4.2949717730958055
13040002.0,9.0,6341.42226531829,16,6267.0,28,שוהם,מרכז,תל אביב,988.2641050848623,2.5230932952541565
13040003.0,9.0,5038.60085649663,31,4555.0,28,שוהם,מרכז,תל אביב,904.0208045308673,6.152501633470227
13040004.0,9.0,4006.0337701161,28,7247.0,28,שוהם,מרכז,תל אביב,1809.0211954928109,6.989456806098897
13090001.0,2.0,8314.28587913365,28,12787.0,51,אלעד,מרכז,תל אביב,1537.955295967332,3.3676975277301393
13090002.0,2.0,7042.21187089761,16,7021.0,51,אלעד,מרכז,תל אביב,996.9878965179577,2.2720134374430025
13090003.0,2.0,5312.9123259244,17,4588.0,51,אלעד,מרכז,תל אביב,863.5565050853212,3.199751653541949
13090004.0,2.0,6780.45641871614,12,5173.0,51,אלעד,מרכז,תל אביב,762.9279919447506,1.7697923648438056
13090005.0,2.0,6362.22634028378,10,5718.0,51,אלעד,מרכז,תל אביב,898.7419959889316,1.571776838035907
13090006.0,2.0,7374.91902236287,14,7322.0,51,אלעד,מרכז,תל אביב,992.8244605530712,1.8983259283997538
13090007.0,2.0,8398.55463280008,15,4397.0,51,אלעד,מרכז,תל אביב,523.5424656080423,1.7860216020288002
13100001.0,9.0,2321.92401783064,11,2244.0,37,לפיד,מרכז,תל אביב,966.439893281502,4.737450457262264
13110001.0,6.0,345.435802703829,1,63.0,59,אבשלום,דרום,פריפריה,182.37831604853992,2.8948939055323795
13130001.0,7.0,1233.26236316263,9,1478.0,54,פורייה עילית,צפון,פריפריה,1198.4473410911157,7.297717232625198
13140001.0,7.0,1011.75001957731,6,1424.0,27,נווה זיו,צפון,פריפריה,1407.4622905319243,5.930318639881704
13150001.0,9.0,3630.45590772459,9,980.0,50,מתן,מרכז,תל אביב,269.93854901662223,2.47902749096898
13160001.0,4.0,190.998305073106,3,594.0,61,אל -עריאן,צפון,פריפריה,3109.975241783649,15.706945665573985
13170001.0,1.0,548.027022301425,4,646.0,63,דמיידה,צפון,חיפה,1178.7739905363428,7.298910158119769
13180001.0,1.0,364.476072315975,2,64.0,35,מבואות ים,מרכז,פריפריה,175.59451733916987,5.487328666849058
13190001.0,8.0,5239.9947343654,10,1803.0,34,בת חפר,מרכז,פריפריה,344.0843152332587,1.9083988642998264
13200001.0,3.0,318.32162027065,2,132.0,62,עין חוד,צפון,חיפה,414.6749438123877,6.2829536941270865
13210001.0,2.0,727.886617905582,8,1162.0,60,ח'ואלד,צפון,חיפה,1596.402477275285,10.990722735113838
13230001.0,7.0,771.432530456116,2,74.0,56,בת הדר,מרכז,פריפריה,95.92543362962265,2.5925792872870983
13250001.0,2.0,149.225571322113,2,71.0,44,כפר זוהרים,מרכז,פריפריה,475.78976827464726,13.40252868379288
13260001.0,3.0,10475.9343853906,34,7705.0,42,"בסמ""ה",צפון,פריפריה,735.4952519314311,3.2455338826305846
13300001.0,8.0,2426.8093438065,5,405.0,42,אחוזת ברק,צפון,פריפריה,166.88579225789087,2.0603184229369242
13310001.0,3.0,1618.10572455975,7,226.0,70,כמאנה,צפון,פריפריה,139.66948918711074,4.326046125264493
13330001.0,8.0,2080.67765637006,3,158.0,4,נוף איילון,ירושלים,פריפריה,75.93679853113144,1.441837946793635
13340001.0,3.0,410.370227368869,5,191.0,70,ראס אל-עין,צפון,פריפריה,465.4333751856615,12.184119769258153
13350001.0,1.0,847.542567676112,2,66.0,63,ערב אל נעים,צפון,פריפריה,77.87219488097956,2.359763481241805
13370001.0,9.0,2481.1264521573,2,88.0,48,שמשית,צפון,פריפריה,35.467760993594425,0.806085477127146
13390001.0,2.0,196.903160505888,2,78.0,1,אל -עזי,מרכז,פריפריה,396.1338142038993,10.15727728727947
13400001.0,5.0,520.924243063686,3,34.0,16,מרחב עם,דרום,פריפריה,65.26860758108987,5.758994786566753
13420001.0,1.0,2077.58693840063,14,2075.0,25,אבו קורינאת (יישוב),דרום,באר שבע,998.7548350671566,6.738586839007321
13430001.0,1.0,1123.00231369396,14,1560.0,26,מכחול,דרום,פריפריה,1389.1333802052434,12.466581617226543
13440001.0,8.0,1307.51413415616,2,32.0,25,גבעות בר,דרום,באר שבע,24.47392281587233,1.5296201759920207
13450001.0,8.0,6855.32085192461,33,5355.0,32,צור יצחק,מרכז,תל אביב,781.145057345726,4.8137790648756225
13460001.0,1.0,1233.60609282299,2,16.0,25,תרבין א-צאנע (יישוב)*,דרום,באר שבע,12.970104552082363,1.6212630690102954
13470001.0,1.0,2727.21491380577,8,1308.0,25,קצר א-סר,דרום,פריפריה,479.61016690639684,2.9333955162470757
13480001.0,1.0,6157.63664307813,23,544.0,16,ביר הדאג',דרום,פריפריה,88.34558314049217,3.735199287189926
13490001.0,3.0,1307.33476853604,1,185.0,26,דריג'את,דרום,פריפריה,141.50927861206043,0.7649150195246509
13580001.0,1.0,4697.28934801628,7,1244.0,25,אום בטין,דרום,באר שבע,264.83358972241206,1.4902211640328653
13590001.0,1.0,6280.86539008565,18,591.0,25,אל סייד,דרום,באר שבע,94.09531382934809,2.8658471217060333
13600001.0,1.0,2145.03914296298,13,1570.0,26,סעוה,דרום,באר שבע,731.921375491233,6.060495465850975
13610001.0,9.0,429.572323296591,5,1114.0,10,בת חן,מרכז,פריפריה,2593.276939843393,11.639483572008047
13630001.0,4.0,902.361018305014,1,81.0,59,בני נצרים,דרום,פריפריה,89.76451592750493,1.1082039003395672
13640001.0,5.0,442.651577306122,1,59.0,59,שלומית,דרום,פריפריה,133.28767596189476,2.2591131518965213
13650001.0,8.0,690.040667213885,1,64.0,1,אליאב,דרום,פריפריה,92.74815679836239,1.4491899499744123
13660001.0,2.0,1324.86372273811,3,152.0,59,נווה,דרום,פריפריה,114.7287810748263,2.264383837003151
13680001.0,6.0,1569.08922543212,6,306.0,1,בני דקלים,דרום,פריפריה,195.01759048516124,3.8238743232384556
13690001.0,7.0,736.35796102688,4,148.0,1,נטע,דרום,פריפריה,200.98920339451237,5.432140632284118
13700001.0,7.0,752.089813916228,1,70.0,41,מצפה אילן,מרכז,פריפריה,93.0739902399436,1.3296284319991942
13710001.0,7.0,909.105216836148,4,301.0,4,גני טל,מרכז,פריפריה,331.0947890581191,4.399930751602911
13720001.0,6.0,543.558436146094,4,304.0,4,נצר חזני,מרכז,פריפריה,559.2774939809652,7.358914394486385
13740001.0,6.0,648.574445149313,4,206.0,1,כרמי קטיף,דרום,פריפריה,317.6196680900298,6.167372195922908
13750001.0,1.0,2327.07801867085,9,2348.0,25,אבו תלול,דרום,באר שבע,1008.9906660461261,3.86751107087527
13760001.0,7.0,1965.73403437738,9,1308.0,36,באר גנים,מרכז,פריפריה,665.4002917613885,4.5784423745049665
14190001.0,5.0,374.778120770765,3,342.0,36,ניצן ב',מרכז,פריפריה,912.5399297500243,8.004736225877405
20020001.0,7.0,846.754057075765,6,912.0,34,תנובות,מרכז,פריפריה,1077.054184008943,7.08588278953252
20030001.0,9.0,950.529501921018,3,252.0,41,תלמי אלעזר,מרכז,פריפריה,265.1153904120899,3.156135600143927
20060001.0,2.0,440.721773395031,2,175.0,47,כנות,מרכז,פריפריה,397.07591175247586,4.538010420028296
20080001.0,7.0,649.438478967369,4,256.0,39,שדה יצחק,מרכז,פריפריה,394.18668325142886,6.159166925803576
20090001.0,7.0,644.219774730269,5,288.0,52,יובל,צפון,פריפריה,447.05240555613784,7.761326485349615
20100001.0,9.0,741.555851399536,6,904.0,28,כפר בן נון,ירושלים,תל אביב,1219.0585487173807,8.0910965622835
20110001.0,7.0,1214.90918343797,3,58.0,1,ינון,מרכז,פריפריה,47.740193909696735,2.4693203746394863
20120001.0,8.0,471.72352484327,1,46.0,1,אורות,מרכז,פריפריה,97.51474662045631,2.119885796096876
20130001.0,9.0,876.235816367841,2,744.0,37,בן שמן (מושב),מרכז,תל אביב,849.0864971532632,2.282490583745331
20140001.0,7.0,421.523597720886,3,123.0,56,גבעולים,דרום,באר שבע,291.798610243987,7.117039274243586
20150001.0,8.0,952.992387473626,1,102.0,50,שדי חמד,מרכז,תל אביב,107.03128518203704,1.0493263253140885
20160001.0,4.0,444.598358586972,1,58.0,23,רוויה,מרכז,פריפריה,130.45482260514032,2.2492210793989713
20180001.0,7.0,1207.07332244043,2,187.0,34,גבעת חיים (איחוד),מרכז,פריפריה,154.9201664252907,1.6569001756715582
20210001.0,8.0,140.794151225086,9,2377.0,25,אשל הנשיא,דרום,באר שבע,16882.803577542913,63.92310988552217
20230001.0,8.0,656.867928385441,4,95.0,25,להב,דרום,באר שבע,144.62572443368754,6.089504186681581
20240001.0,5.0,1168.71097930894,7,245.0,41,אום אל-קוטוף,מרכז,פריפריה,209.63266738956173,5.989504782558907
20260001.0,6.0,369.516769666389,7,116.0,54,ירדנה,צפון,פריפריה,313.92350638031485,18.943659867777622
20290001.0,7.0,827.218486061642,4,385.0,42,מדרך עוז,צפון,פריפריה,465.4151309323023,4.835481879816128
20300001.0,6.0,668.176266446479,4,164.0,1,מנוחה,מרכז,פריפריה,245.44421619790717,5.98644429750993
20330001.0,2.0,1446.20526344923,7,2196.0,4,בית חלקיה,מרכז,פריפריה,1518.4566503115152,4.840253439062207
20340001.0,4.0,9758.97527502002,49,10307.0,52,חצור הגלילית,צפון,פריפריה,1056.1559702259678,5.0210189716767655
20350001.0,9.0,509.069857211581,5,268.0,32,עדנים,מרכז,תל אביב,526.4503411534993,9.821834723013048
20380001.0,4.0,2190.62411867944,14,680.0,28,ברקת,מרכז,תל אביב,310.4138196058574,6.390872756591182
20420001.0,6.0,588.288962610223,8,1013.0,66,עין גדי,דרום,פריפריה,1721.9428960647926,13.598759297648906
20430001.0,8.0,1052.54050716585,6,486.0,34,בחן,מרכז,פריפריה,461.73994890575784,5.700493196367381
20440001.0,6.0,381.364838910583,3,123.0,56,מלילות,דרום,באר שבע,322.5258006253673,7.866482942082128
20450001.0,7.0,705.15367710438,7,287.0,1,נחלה,מרכז,פריפריה,407.00347926784895,9.926914128484121
20460001.0,8.0,737.508272828468,4,144.0,1,סגולה,מרכז,פריפריה,195.25204706889028,5.4236679741358405
20470001.0,8.0,606.790356570528,3,48.0,56,ניר משה,דרום,פריפריה,79.10475089170423,4.944046930731514
20480001.0,7.0,709.175401730939,5,80.0,56,ניר עקיבא,דרום,פריפריה,112.80707114874238,7.050441946796399
20490001.0,7.0,687.440998758764,8,268.0,56,שדה צבי,דרום,באר שבע,389.85163888086095,11.637362354652565
20500001.0,7.0,534.279763302637,9,452.0,56,"תלמי ביל""ו",דרום,פריפריה,845.9987277189264,16.845107410332602
20510001.0,5.0,566.612407574837,11,1303.0,1,רווחה,מרכז,פריפריה,2299.6319575439275,19.413623586326327
20520001.0,7.0,489.084717869323,7,305.0,42,אביטל,צפון,פריפריה,623.6138420532125,14.312448834008157
20530001.0,6.0,361.034320597936,4,188.0,42,פרזון,צפון,פריפריה,520.7261173636874,11.079279092844414
20540001.0,7.0,460.086041710667,3,116.0,42,מיטב,צפון,פריפריה,252.12675344093267,6.520519485541362
20550001.0,8.0,1441.08252269177,32,4860.0,39,מאור,מרכז,פריפריה,3372.4647433251084,22.205529174157093
20570001.0,6.0,478.402349583857,5,701.0,23,שדי תרומות,מרכז,פריפריה,1465.2938067920688,10.451453686106055
20590001.0,7.0,586.144189019513,4,154.0,56,"פעמי תש""ז",דרום,באר שבע,262.7339874470261,6.82425941420847
20600001.0,7.0,594.632893222308,11,1779.0,56,ברוש,דרום,באר שבע,2991.7618420999584,18.498808467172314
20610001.0,7.0,701.39239485605,5,802.0,56,תדהר,דרום,באר שבע,1143.4398289485277,7.128677237833713
20620001.0,7.0,459.582669546206,1,32.0,56,תאשור,דרום,באר שבע,69.62838705732081,2.1758870955412752
20630001.0,7.0,335.315814934605,8,336.0,17,דישון,צפון,פריפריה,1002.0404199113855,23.858105235985366
20640001.0,5.0,503.904809417899,6,167.0,56,זרועה,דרום,פריפריה,331.411800163041,11.907010784300873
21000001.0,6.0,1816.40849288559,14,14200.0,15,טירת כרמל,צפון,חיפה,7817.624755454396,7.707517364532504
21000002.0,7.0,5232.87139778625,17,9329.0,15,טירת כרמל,צפון,חיפה,1782.7688262980446,3.248694398870914
21000003.0,3.0,4170.59359669941,13,4877.0,15,טירת כרמל,צפון,חיפה,1169.3779043490683,3.1170622834812156
21000004.0,4.0,1763.19288890825,8,4863.0,15,טירת כרמל,צפון,חיפה,2758.064662460791,4.53722338056474
21000005.0,6.0,4871.98249442409,14,4934.0,15,טירת כרמל,צפון,חיפה,1012.7294188037185,2.873573543423604
21000006.0,6.0,3541.96965393659,12,8609.0,15,טירת כרמל,צפון,חיפה,2430.5685370375345,3.3879454575967496
21000007.0,5.0,5305.26269793546,29,19984.0,15,טירת כרמל,צפון,חיפה,3766.8257234041894,5.466270315188225
22000002.0,3.0,3212.29398981723,19,12719.0,24,דימונה,דרום,פריפריה,3959.4757018873215,5.914776188054022
22000003.0,2.0,2124.2616545183,23,10011.0,24,דימונה,דרום,פריפריה,4712.696281414592,10.827291426684209
22000004.0,2.0,2475.71418328984,5,2974.0,24,דימונה,דרום,פריפריה,1201.2695245975508,2.019619241085324
22000005.0,5.0,6053.16311029906,40,9852.0,24,דימונה,דרום,פריפריה,1627.5788080511936,6.60811533922531
22000006.0,5.0,6937.00371694554,39,10832.0,24,דימונה,דרום,פריפריה,1561.4810719417462,5.622023800381103
22000007.0,4.0,1539.32991947893,14,6802.0,24,דימונה,דרום,פריפריה,4418.805815391744,9.094866423917143
22000008.0,3.0,1595.4301102921,3,1566.0,24,דימונה,דרום,פריפריה,981.5534945076901,1.8803706791335058
22000009.0,7.0,6121.24561952979,87,11307.0,25,דימונה,דרום,פריפריה,1847.1730596669897,14.212793507652615
22000010.0,2.0,1784.912516314,15,7033.0,24,דימונה,דרום,פריפריה,3940.2491358645175,8.403773217399085
22000011.0,3.0,1427.09852983085,7,2768.0,24,דימונה,דרום,פריפריה,1939.5997838552066,4.905057256859266
22000012.0,4.0,2372.81879319238,20,7074.0,24,דימונה,דרום,פריפריה,2981.264317484047,8.42879365983615
23000001.0,7.0,6040.16519695477,31,7562.0,13,קריית טבעון,צפון,חיפה,1251.9525134531889,5.132309959937696
23000002.0,8.0,3693.79101542882,13,6496.0,13,קריית טבעון,צפון,חיפה,1758.6268342920494,3.5194194651780544
23000003.0,8.0,5012.11734502911,41,11473.0,13,קריית טבעון,צפון,חיפה,2289.052552087319,8.180175597976124
23000004.0,8.0,3465.75800725003,80,15668.0,13,קריית טבעון,צפון,חיפה,4520.800346482375,23.08297343110735
24000001.0,6.0,6005.16300735682,15,7051.0,57,אור יהודה,מרכז,תל אביב,1174.1563037276328,2.4978505964990063
24000002.0,5.0,2291.38228970039,6,5327.0,57,אור יהודה,מרכז,תל אביב,2324.797579148843,2.6185067533120066
24000003.0,4.0,2297.96451636125,2,1728.0,57,אור יהודה,מרכז,תל אביב,751.9698357815508,0.8703354580804986
24000004.0,4.0,3471.08441930406,6,6266.0,57,אור יהודה,מרכז,תל אביב,1805.19954085597,1.7285664291630738
24000005.0,3.0,1928.13888101818,6,2561.0,57,אור יהודה,מרכז,תל אביב,1328.223825167422,3.111809039829962
24000007.0,3.0,3226.93587372144,3,1562.0,57,אור יהודה,מרכז,תל אביב,484.05052381739307,0.929674501569897
24000008.0,3.0,1768.42155127964,6,3082.0,57,אור יהודה,מרכז,תל אביב,1742.7971276248286,3.3928561861612496
24000009.0,7.0,7161.38273409595,4,1459.0,57,אור יהודה,מרכז,תל אביב,203.73160521830198,0.5585513508383879
24000010.0,7.0,3654.55998664908,8,2141.0,57,אור יהודה,מרכז,תל אביב,585.8434415693131,2.1890460217442804
24000011.0,3.0,214.91325923079,3,1474.0,10,אור יהודה,מרכז,תל אביב,6858.5810167119935,13.959120115424682
24000012.0,5.0,4097.85706578228,7,3809.0,57,אור יהודה,מרכז,תל אביב,929.5102144498206,1.7082098979125084
24000013.0,6.0,460.903647900205,3,3539.0,10,אור יהודה,מרכז,תל אביב,7678.394423917134,6.508952605750608
25000001.0,6.0,218.32116310165,32,32067.0,60,נשר,צפון,חיפה,146879.94303634987,146.57305570097594
25000002.0,3.0,3458.58123822985,28,13396.0,60,נשר,צפון,חיפה,3873.2645201233613,8.095805207782481
25000003.0,5.0,2430.66103045514,21,8844.0,60,נשר,צפון,חיפה,3638.51639088646,8.639625080123889
25000004.0,7.0,3702.73343523319,22,11049.0,60,נשר,צפון,חיפה,2984.011728973992,5.941556524339562
25000005.0,7.0,3527.28108218348,14,4394.0,60,נשר,צפון,חיפה,1245.7186988001529,3.9690627635871967
25000006.0,6.0,3310.31236667712,45,23677.0,60,נשר,צפון,חיפה,7152.497220003105,13.59388330025509
25000007.0,8.0,7103.49046522249,40,20280.0,60,נשר,צפון,חיפה,2854.934500058459,5.63103451688059
25300001.0,7.0,29695.0809147587,81,32037.0,28,באר יעקב,מרכז,תל אביב,1078.8655566207717,2.727724508733106
25500001.0,6.0,3037.46720760926,19,6878.0,55,גדרה,מרכז,תל אביב,2264.386585892909,6.2552115632400795
25500002.0,7.0,5510.38795157551,25,8813.0,1,גדרה,מרכז,פריפריה,1599.3429278387232,4.536885645746973
25500003.0,6.0,4336.25944078675,8,1212.0,1,גדרה,מרכז,פריפריה,279.50357134998836,1.844908061716095
25500004.0,7.0,8771.281617037,18,3621.0,1,גדרה,מרכז,פריפריה,412.8245059384148,2.0521516450956825
25500005.0,7.0,8332.42247920847,15,2391.0,1,גדרה,מרכז,פריפריה,286.9513645000788,1.8001967659979852
25600001.0,2.0,4788.45516647836,10,7653.0,26,ערד,דרום,פריפריה,1598.218994212355,2.0883561926203513
25600002.0,2.0,4449.71521401678,15,5530.0,26,ערד,דרום,פריפריה,1242.7761629733695,3.371002250379845
25600003.0,3.0,6756.24352486827,49,15156.0,26,ערד,דרום,פריפריה,2243.2583941378143,7.252550891577784
25600005.0,3.0,5810.64473454755,34,16512.0,26,ערד,דרום,פריפריה,2841.6812168582387,5.851330025023021
25600006.0,5.0,5665.07374708371,55,19780.0,26,ערד,דרום,פריפריה,3491.5697276107708,9.708611477178586
26000011.0,7.0,167.463367279487,51,7328.0,66,אילת,דרום,פריפריה,43758.82390905217,304.54421661594716
26000012.0,4.0,764.312843024014,23,3459.0,66,אילת,דרום,פריפריה,4525.6337526848565,30.09238979813579
26000013.0,7.0,1033.23619756092,37,6169.0,66,אילת,דרום,פריפריה,5970.561246850118,35.809817820303834
26000014.0,5.0,3630.88073502479,16,1727.0,66,אילת,דרום,פריפריה,475.6421722533414,4.406644328924993
26000015.0,5.0,3732.60111121359,13,1279.0,66,אילת,דרום,פריפריה,342.65649124884806,3.4828259470172203
26000016.0,7.0,315.427545728037,7,1063.0,66,אילת,דרום,פריפריה,3370.029074494728,22.192101149071586
26000021.0,4.0,3871.24820418024,9,603.0,66,אילת,דרום,פריפריה,155.76371449107043,2.3248315595682154
26000022.0,4.0,3125.93135804882,9,571.0,66,אילת,דרום,פריפריה,182.66555934753904,2.8791419161608602
26000023.0,5.0,5851.12380546153,9,1108.0,66,אילת,דרום,פריפריה,189.36533165915506,1.5381660513830284
26000024.0,7.0,3721.77291082232,11,2138.0,66,אילת,דרום,פריפריה,574.4574027563687,2.9555806502900164
26000025.0,5.0,2140.29024372586,6,489.0,66,אילת,דרום,פריפריה,228.47368548890785,2.803358104158378
26000031.0,6.0,3560.65799000451,8,586.0,66,אילת,דרום,פריפריה,164.57632315291752,2.2467757427019457
26000032.0,7.0,1577.78606821873,10,1606.0,66,אילת,דרום,פריפריה,1017.8819754779067,6.337994865989456
26000033.0,7.0,3423.06889680517,12,2389.0,66,אילת,דרום,פריפריה,697.9117487905983,3.5056261973575467
26000034.0,7.0,2136.74873791354,12,1619.0,66,אילת,דרום,פריפריה,757.693205229594,5.616008933140907
26000035.0,6.0,2803.500877232,7,1680.0,66,אילת,דרום,פריפריה,599.2507488204269,2.4968781200851122
26000036.0,7.0,10818.321689383,31,3232.0,66,אילת,דרום,פריפריה,298.7524398698418,2.865509169543656
26100012.0,1.0,12591.5441225666,31,28327.0,68,בית שמש,ירושלים,פריפריה,2249.6843694676236,2.4619696915838714
26100013.0,5.0,5343.38523869194,14,13976.0,68,בית שמש,ירושלים,פריפריה,2615.5703501964463,2.6200618848562
26100014.0,3.0,5302.17951717567,22,18105.0,68,בית שמש,ירושלים,פריפריה,3414.633537274885,4.149237106879175
26100015.0,4.0,3589.26618041476,21,14908.0,68,בית שמש,ירושלים,פריפריה,4153.49524126887,5.850778110185556
26100016.0,3.0,4451.36835832472,29,15083.0,68,בית שמש,ירושלים,פריפריה,3388.3962830873224,6.514850640425138
26100021.0,7.0,2685.74290387277,12,5382.0,68,בית שמש,ירושלים,פריפריה,2003.9148171030438,4.468037496327857
26100022.0,5.0,4734.20512580515,11,9292.0,68,בית שמש,ירושלים,פריפריה,1962.7370916716886,2.323515713343583
26100023.0,3.0,1144.27048271371,3,2322.0,68,בית שמש,ירושלים,פריפריה,2029.2404943394415,2.621757744624601
26100024.0,4.0,4146.20783173132,9,7104.0,68,בית שמש,ירושלים,פריפריה,1713.372867040677,2.1706581930413984
26100025.0,7.0,3238.82123688192,8,8512.0,68,בית שמש,ירושלים,פריפריה,2628.116644126577,2.470034439968587
26100026.0,1.0,7981.21213510021,20,13459.0,68,בית שמש,ירושלים,פריפריה,1686.3353300445776,2.505885028671636
26100027.0,1.0,5716.6374591623,10,7210.0,68,בית שמש,ירושלים,פריפריה,1261.2309336573767,1.7492800744207717
26100031.0,1.0,7344.76761969058,8,16774.0,68,בית שמש,ירושלים,פריפריה,2283.8026835635483,1.0892107707468932
26100032.0,1.0,11131.4761061177,7,16702.0,68,בית שמש,ירושלים,פריפריה,1500.4299376630581,0.6288474172938214
26100033.0,1.0,7971.09097910629,26,20537.0,68,בית שמש,ירושלים,פריפריה,2576.4352776591422,3.2617868831444565
26100034.0,2.0,7271.76994016985,18,23816.0,68,בית שמש,ירושלים,פריפריה,3275.1311160764963,2.475325835126677
26100035.0,5.0,6179.16125127724,33,19601.0,68,בית שמש,ירושלים,פריפריה,3172.113366672289,5.340530641303277
26100036.0,3.0,5814.31155970118,16,21673.0,68,בית שמש,ירושלים,פריפריה,3727.5264281011214,2.751830519522814
26100037.0,2.0,9215.06410454448,33,24945.0,68,בית שמש,ירושלים,פריפריה,2706.9806261790604,3.5810928307840846
26100038.0,2.0,25674.8566964227,206,150142.0,68,בית שמש,ירושלים,פריפריה,5847.822317969137,8.023413818262991
26200001.0,9.0,5660.07249901288,20,13129.0,12,קריית אונו,מרכז,תל אביב,2319.5815958699654,3.533523643643789
26200002.0,9.0,4771.98641287811,15,9064.0,12,קריית אונו,מרכז,תל אביב,1899.4186520605083,3.1433450773287315
26200003.0,9.0,9112.99956022056,14,7343.0,12,קריית אונו,מרכז,תל אביב,805.7720129882546,1.5362669456401423
26200004.0,7.0,4759.50188091628,7,4247.0,12,קריית אונו,מרכז,תל אביב,892.3202692762429,1.4707421438506476
26200005.0,8.0,3999.44731234111,8,6242.0,12,קריית אונו,מרכז,תל אביב,1560.7156470692928,2.0002763820176774
26200006.0,8.0,4887.83842504518,5,6708.0,12,קריית אונו,מרכז,תל אביב,1372.3857903379849,1.0229470709138229
26200007.0,6.0,1159.54843763305,2,2258.0,12,קריית אונו,מרכז,תל אביב,1947.309768800331,1.7248093612048991
26200008.0,9.0,7417.26192357697,30,13806.0,12,קריית אונו,מרכז,תל אביב,1861.333756613797,4.044619201681437
26300012.0,5.0,3798.23286371441,10,3475.0,1,קריית גת,מרכז,פריפריה,914.8991451255281,2.6328032953252603
26300013.0,2.0,622.189851559178,14,10103.0,1,קריית גת,מרכז,פריפריה,16237.809046036937,22.50117060719758
26300014.0,4.0,3610.08211014432,24,7717.0,1,קריית גת,מרכז,פריפריה,2137.624509513302,6.648048234847643
26300015.0,3.0,3413.95616219174,13,5815.0,1,קריית גת,מרכז,פריפריה,1703.3024806817682,3.807898924997934
26300021.0,5.0,3543.99658984004,9,4761.0,1,קריית גת,מרכז,פריפריה,1343.3985838611911,2.539505829605276
26300022.0,2.0,3117.9158977842,6,3333.0,1,קריית גת,מרכז,פריפריה,1068.9832918099726,1.9243623614941001
26300023.0,3.0,2306.15473227979,6,2419.0,1,קריית גת,מרכז,פריפריה,1048.9322187018454,2.6017334899591034
26300024.0,4.0,5185.48064991304,5,2483.0,1,קריית גת,מרכז,פריפריה,478.8370003929413,0.9642307700220325
26300025.0,3.0,2805.65592989945,3,2237.0,1,קריית גת,מרכז,פריפריה,797.3180090119498,1.0692686754742287
26300026.0,6.0,9539.30740237101,63,26774.0,1,קריית גת,מרכז,פריפריה,2806.702716524816,6.604253049266579
26300031.0,6.0,1177.00171147057,9,2319.0,1,קריית גת,מרכז,פריפריה,1970.2605165311052,7.646547929616191
26300032.0,3.0,6094.12105870252,6,3131.0,1,קריית גת,מרכז,פריפריה,513.7738436503281,0.9845554333765469
26300033.0,2.0,3247.08084475681,14,8389.0,1,קריית גת,מרכז,פריפריה,2583.5513191936843,4.311564962297244
26300034.0,4.0,3785.86343237735,5,1458.0,1,קריית גת,מרכז,פריפריה,385.11690293182136,1.3207026849513763
26300035.0,4.0,2230.73241868585,7,2922.0,1,קריית גת,מרכז,פריפריה,1309.8836846247043,3.137982817376088
26300036.0,5.0,3363.96454453164,10,6111.0,1,קריית גת,מרכז,פריפריה,1816.60654240065,2.972682936345361
26300037.0,6.0,2427.72716823862,6,2802.0,1,קריית גת,מרכז,פריפריה,1154.1659362130567,2.47144740088449
26400001.0,7.0,2772.28472567574,33,12803.0,50,ראש העין,מרכז,תל אביב,4618.212509495859,11.903539234036037
26400002.0,5.0,6952.77486426307,21,11713.0,50,ראש העין,מרכז,תל אביב,1684.6511254383136,3.020376815009356
26400003.0,5.0,4203.32782776834,27,14433.0,50,ראש העין,מרכז,תל אביב,3433.7079074945404,6.423481847318825
26400004.0,5.0,5117.65618935589,15,6631.0,50,ראש העין,מרכז,תל אביב,1295.7103319663565,2.9310292534301534
26400005.0,6.0,4189.72939698022,15,9457.0,50,ראש העין,מרכז,תל אביב,2257.186348792885,3.580183486506638
26400006.0,5.0,3701.77267823596,20,8323.0,50,ראש העין,מרכז,תל אביב,2248.3822545165676,5.402816903800475
26400007.0,7.0,4483.43731956805,10,7274.0,50,ראש העין,מרכז,תל אביב,1622.4159013559718,2.230431538845163
26400008.0,8.0,23837.0926383116,71,40338.0,50,ראש העין,מרכז,תל אביב,1692.2365748232112,2.978551162983985
26400009.0,8.0,2697.32469659939,33,16437.0,50,ראש העין,מרכז,תל אביב,6093.815854176804,12.234344660694441
26400011.0,8.0,3117.02203191385,15,8757.0,50,ראש העין,מרכז,תל אביב,2809.4122885051306,4.812285523304436
26400012.0,9.0,1821.67080340049,15,7544.0,50,ראש העין,מרכז,תל אביב,4141.253175885407,8.23419905067353
26400013.0,8.0,8273.07183649161,15,8959.0,50,ראש העין,מרכז,תל אביב,1082.9109401036308,1.813111296077069
26500011.0,7.0,7588.67472793634,23,6333.0,33,רמת השרון,מרכז,תל אביב,834.533067636461,3.030832236797506
26500013.0,7.0,5006.4277403796,23,8780.0,33,רמת השרון,מרכז,תל אביב,1753.7454758778317,4.594094071206165
26500014.0,9.0,4968.50947511402,12,4586.0,33,רמת השרון,מרכז,תל אביב,923.013234244614,2.4152112540199226
26500021.0,9.0,3789.12530856589,5,2868.0,33,רמת השרון,מרכז,תל אביב,756.9029172818467,1.3195657553728153
26500022.0,9.0,4180.70050265233,3,1010.0,33,רמת השרון,מרכז,תל אביב,241.58630816994264,0.7175830935740871
26500023.0,9.0,4009.00886362151,2,553.0,33,רמת השרון,מרכז,תל אביב,137.93933084509354,0.49887642258623344
26500024.0,9.0,3794.93268744253,9,3015.0,33,רמת השרון,מרכז,תל אביב,794.4804949970958,2.3715835671555094
26500031.0,9.0,4672.57440422646,11,1567.0,33,רמת השרון,מרכז,תל אביב,335.3611659094416,2.3541626196578544
26500032.0,9.0,3252.94919605912,6,3051.0,33,רמת השרון,מרכז,תל אביב,937.9181217143579,1.8444800820341352
26500033.0,10.0,2062.87286284704,4,231.0,33,רמת השרון,מרכז,תל אביב,111.97975607725488,1.939043395277141
26500036.0,9.0,3857.10548069515,1,244.0,33,רמת השרון,מרכז,תל אביב,63.259872259450084,0.25926177155512325
26500037.0,3.0,614.610375517333,10,4371.0,35,רמת השרון,מרכז,תל אביב,7111.822667036527,16.270470526278945
26600001.0,7.0,612.604220123663,34,8610.0,0,יבנה,מרכז,תל אביב,14054.751366652268,55.50076033288933
26600002.0,8.0,4095.19275364694,19,6134.0,0,יבנה,מרכז,תל אביב,1497.853793215818,4.639586252217239
26600003.0,9.0,2406.85701911417,13,2124.0,0,יבנה,מרכז,תל אביב,882.4786778492252,5.401234845593186
26600004.0,5.0,4625.97078037337,19,4076.0,0,יבנה,מרכז,תל אביב,881.1123531720664,4.1072460035008
26600005.0,4.0,4317.90625449583,8,3991.0,0,יבנה,מרכז,תל אביב,924.2905623169904,1.852749811710329
26600006.0,4.0,4828.07429373724,21,6361.0,0,יבנה,מרכז,תל אביב,1317.5025099036282,4.349560243354219
26600007.0,5.0,4338.18210596309,33,10792.0,0,יבנה,מרכז,תל אביב,2487.6779573558592,7.606872923716026
26600008.0,7.0,6468.14123234587,17,5139.0,0,יבנה,מרכז,תל אביב,794.5095531156459,2.6282666672438175
26600009.0,7.0,21879.4072043076,53,13527.0,0,יבנה,מרכז,תל אביב,618.252582151166,2.422369102832247
28000001.0,7.0,448.779381042544,30,5762.0,52,קריית שמונה,צפון,פריפריה,12839.270794069227,66.84799094447706
28000002.0,6.0,4246.08692050591,22,6648.0,52,קריית שמונה,צפון,פריפריה,1565.676851289683,5.1812410842919725
28000003.0,5.0,3171.23543328095,24,5565.0,52,קריית שמונה,צפון,פריפריה,1754.8365982535925,7.568028456080183
28000004.0,5.0,3967.92908934975,27,5136.0,52,קריית שמונה,צפון,פריפריה,1294.377970056332,6.804557085576512
28000005.0,5.0,2256.8784985692,8,2325.0,52,קריית שמונה,צפון,פריפריה,1030.1839471969745,3.544718958097117
28000006.0,5.0,2574.72350060681,11,1940.0,52,קריית שמונה,צפון,פריפריה,753.4789656220489,4.272303413320896
28000007.0,6.0,379.260474879302,16,6755.0,52,קריית שמונה,צפון,פריפריה,17810.978067645327,42.18736477902668
28000008.0,5.0,3289.7247131252,22,3984.0,52,קריית שמונה,צפון,פריפריה,1211.0435818853812,6.687489659005618
28000010.0,4.0,1956.63073684056,15,7395.0,52,קריית שמונה,צפון,פריפריה,3779.4561133905954,7.666239580913986
30000111.0,2.0,2946.1571439689,5,12990.0,38,ירושלים,ירושלים,ירושלים,4409.133445781033,1.6971260376370407
30000112.0,2.0,2766.91078766698,8,21927.0,38,ירושלים,ירושלים,ירושלים,7924.722436927045,2.891311145866574
30000113.0,2.0,3964.54968729314,15,30923.0,38,ירושלים,ירושלים,ירושלים,7799.877019857247,3.7835318467761447
30000114.0,1.0,4118.83898430718,5,12785.0,38,ירושלים,ירושלים,ירושלים,3104.030055243962,1.2139343196104662
30000115.0,1.0,5025.13655830938,4,8174.0,38,ירושלים,ירושלים,ירושלים,1626.6224619276813,0.7959982686213269
30000116.0,2.0,7639.32803993733,14,29570.0,38,ירושלים,ירושלים,ירושלים,3870.759292625243,1.8326219173741425
30000121.0,5.0,5528.25760331817,11,21620.0,38,ירושלים,ירושלים,ירושלים,3910.816309830288,1.9897770309034768
30000122.0,5.0,3257.24325572052,6,12150.0,38,ירושלים,ירושלים,ירושלים,3730.1481793420285,1.8420484836256932
30000123.0,4.0,4877.53012305919,8,4914.0,38,ירושלים,ירושלים,ירושלים,1007.4771197759278,1.6401743911696016
30000124.0,4.0,2321.81808108987,7,10843.0,38,ירושלים,ירושלים,ירושלים,4670.047187723793,3.014878752565392
30000125.0,4.0,4465.97500329841,12,18272.0,38,ירושלים,ירושלים,ירושלים,4091.379818853655,2.6869832435553778
30000131.0,7.0,2520.34740442311,15,8775.0,38,ירושלים,ירושלים,ירושלים,3481.662878934952,5.951560476811884
30000132.0,6.0,4430.90996189246,13,11105.0,38,ירושלים,ירושלים,ירושלים,2506.257201231191,2.9339345894646987
30000133.0,6.0,5697.44437932068,15,10849.0,38,ירושלים,ירושלים,ירושלים,1904.1870841911673,2.632759356887041
30000134.0,6.0,2734.93538054735,13,7195.0,38,ירושלים,ירושלים,ירושלים,2630.7751368370705,4.753311574549259
30000135.0,6.0,4406.33621423699,17,14115.0,38,ירושלים,ירושלים,ירושלים,3203.3415776113634,3.8580805398082303
30000136.0,6.0,4043.99318493027,5,10011.0,38,ירושלים,ירושלים,ירושלים,2475.523459659989,1.236401687973224
30000411.0,2.0,6519.86288843488,24,46419.0,5,ירושלים,ירושלים,ירושלים,7119.62824898348,3.681059005484899
30000412.0,2.0,4718.25775850815,13,32771.0,5,ירושלים,ירושלים,ירושלים,6945.5722169705605,2.7552543047394735
30000413.0,3.0,4440.51454243683,26,46081.0,5,ירושלים,ירושלים,ירושלים,10377.400988019745,5.855177311441013
30000421.0,3.0,7272.53566842444,31,33782.0,2,ירושלים,ירושלים,ירושלים,4645.147379155957,4.262612301043001
30000422.0,2.0,3904.24508527527,7,9746.0,2,ירושלים,ירושלים,ירושלים,2496.257224413681,1.7929202309558552
30000423.0,2.0,5598.93064865957,8,12400.0,2,ירושלים,ירושלים,ירושלים,2214.7086252923427,1.4288442743821566
30000424.0,2.0,3190.93787338676,5,11322.0,2,ירושלים,ירושלים,ירושלים,3548.173123152407,1.5669374329413561
30000425.0,2.0,6301.58411998958,13,30433.0,2,ירושלים,ירושלים,ירושלים,4829.420574338111,2.062973333762542
30000426.0,2.0,5617.96899893864,13,32678.0,2,ירושלים,ירושלים,ירושלים,5816.692830838619,2.3140035130944994
30000431.0,5.0,5303.15718269867,7,17181.0,2,ירושלים,ירושלים,ירושלים,3239.768199979495,1.3199684185935896
30000432.0,2.0,5305.66058583847,10,24811.0,2,ירושלים,ירושלים,ירושלים,4676.326274285983,1.8847794422981676
30000433.0,3.0,2640.29781161877,9,11039.0,2,ירושלים,ירושלים,ירושלים,4180.967749706982,3.4087063816797576
30000434.0,3.0,3775.34323274107,2,2761.0,2,ירושלים,ירושלים,ירושלים,731.3242345902916,0.5297531579792043
30000435.0,6.0,2142.85082939039,5,15715.0,2,ירושלים,ירושלים,ירושלים,7333.6882737986425,2.3333402080173857
30000512.0,1.0,2863.53124490315,15,34660.0,4,ירושלים,ירושלים,ירושלים,12103.936376350686,5.238287525829784
30000513.0,1.0,3951.80985464006,7,8623.0,2,ירושלים,ירושלים,ירושלים,2182.03818432084,1.7713402864717478
30000514.0,1.0,4203.16274531345,7,20759.0,2,ירושלים,ירושלים,ירושלים,4938.899885127314,1.6654125533932846
30000515.0,1.0,4600.87131281237,11,13940.0,2,ירושלים,ירושלים,ירושלים,3029.860878999224,2.3908514827110086
30000521.0,1.0,4269.40803210005,18,26515.0,2,ירושלים,ירושלים,ירושלים,6210.462855890988,4.21604116183435
30000522.0,2.0,4187.38165940119,7,11934.0,2,ירושלים,ירושלים,ירושלים,2849.9909897648554,1.6716890337149313
30000523.0,3.0,3071.3439160734,15,20290.0,2,ירושלים,ירושלים,ירושלים,6606.22859387887,4.883855540078021
30000531.0,2.0,3272.60708807162,17,27717.0,2,ירושלים,ירושלים,ירושלים,8469.394355657956,5.194635207496672
30000532.0,1.0,4915.68307444301,7,16086.0,2,ירושלים,ירושלים,ירושלים,3272.383462561342,1.4240136912799572
30000533.0,1.0,2675.90179624941,7,9069.0,2,ירושלים,ירושלים,ירושלים,3389.137827371418,2.6159405437865173
30000541.0,6.0,4150.67771041798,21,8679.0,3,ירושלים,ירושלים,ירושלים,2090.9838357760646,5.059414742631334
30000542.0,5.0,3025.23796510797,10,15850.0,3,ירושלים,ירושלים,ירושלים,5239.25726928206,3.305525091029691
30000543.0,3.0,678.418750280523,20,35913.0,3,ירושלים,ירושלים,ירושלים,52936.331705381286,29.48031726972477
30000811.0,4.0,184.925672835647,2,2431.0,6,ירושלים,ירושלים,ירושלים,13145.822117194919,10.815155999337655
30000812.0,1.0,3484.59620032895,6,13310.0,6,ירושלים,ירושלים,ירושלים,3819.667828009317,1.7218637842265891
30000821.0,1.0,8731.29243981465,2,3607.0,2,ירושלים,ירושלים,ירושלים,413.1118073141266,0.2290611629132945
30000822.0,1.0,7042.88231920016,2,2096.0,2,ירושלים,ירושלים,ירושלים,297.60542701188234,0.28397464409530765
30000824.0,1.0,10006.5263726942,6,17277.0,2,ירושלים,ירושלים,ירושלים,1726.5731739982682,0.5996086730329112
30000825.0,1.0,2797.48731181984,2,10872.0,2,ירושלים,ירושלים,ירושלים,3886.344704429588,0.7149272819038978
30000826.0,1.0,6131.72534825437,6,11642.0,2,ירושלים,ירושלים,ירושלים,1898.6499457798352,0.9785174089227805
30000831.0,2.0,286.515862907427,4,8909.0,4,ירושלים,ירושלים,ירושלים,31094.264413829293,13.960832602460115
30000832.0,2.0,4173.18344178006,4,8821.0,4,ירושלים,ירושלים,ירושלים,2113.734064907874,0.9585008796770771
30000833.0,2.0,1529.98388807359,1,967.0,4,ירושלים,ירושלים,ירושלים,632.0327995202318,0.6536016541057205
30000834.0,1.0,4168.15446332772,1,2368.0,4,ירושלים,ירושלים,ירושלים,568.1171417312269,0.23991433350136268
30000835.0,1.0,2669.21512870126,2,4624.0,4,ירושלים,ירושלים,ירושלים,1732.344444731911,0.7492839293823144
30000836.0,1.0,4302.45537432408,4,10519.0,2,ירושלים,ירושלים,ירושלים,2444.882999315837,0.9297016824092925
30000841.0,2.0,1972.63758032495,5,13101.0,2,ירושלים,ירושלים,ירושלים,6641.361865285913,2.534677454120263
30000842.0,2.0,788.635868007698,4,9537.0,6,ירושלים,ירושלים,ירושלים,12093.03353662188,5.072049297104701
30000843.0,4.0,884.465208843809,2,1713.0,4,ירושלים,ירושלים,ירושלים,1936.7635751769917,2.261253444456499
30000846.0,5.0,1225.87934178654,2,2752.0,4,ירושלים,ירושלים,ירושלים,2244.9191418703267,1.6314819344987839
30000847.0,7.0,871.907352509928,3,3688.0,6,ירושלים,ירושלים,ירושלים,4229.807203005558,3.440732540405823
30000848.0,5.0,1383.78282258171,5,13518.0,6,ירושלים,ירושלים,ירושלים,9768.873973142405,3.6132837598544176
30000851.0,2.0,912.594707806266,1,2897.0,4,ירושלים,ירושלים,ירושלים,3174.465044799495,1.09577668098015
30000852.0,6.0,724.493914503075,1,1983.0,4,ירושלים,ירושלים,ירושלים,2737.0830317603495,1.3802738435503528
30000853.0,4.0,1848.95133947437,5,9097.0,4,ירושלים,ירושלים,ירושלים,4920.086216323111,2.7042355811383483
30000854.0,5.0,1768.63876629793,2,4173.0,4,ירושלים,ירושלים,ירושלים,2359.4416675231078,1.1308131644012018
30000855.0,5.0,1652.3822600714,1,1200.0,4,ירושלים,ירושלים,ירושלים,726.2242091295193,0.6051868409412661
30000856.0,6.0,1088.5406442331,2,1135.0,6,ירושלים,ירושלים,ירושלים,1042.6804051948209,1.8373222999027679
30000857.0,6.0,1148.40098487957,2,1680.0,4,ירושלים,ירושלים,ירושלים,1462.9036565796553,1.741551972118637
30000858.0,4.0,737.112743524236,1,937.0,4,ירושלים,ירושלים,ירושלים,1271.175960844302,1.3566445686705462
30000861.0,3.0,945.16739390607,2,1368.0,4,ירושלים,ירושלים,ירושלים,1447.362666994362,2.1160272909274296
30000862.0,5.0,1551.36046596741,2,1695.0,4,ירושלים,ירושלים,ירושלים,1092.589399551972,1.289191031919731
30000863.0,7.0,3181.56464677307,10,8196.0,4,ירושלים,ירושלים,ירושלים,2576.090983508025,3.1431075933480055
30000864.0,8.0,2734.51919570398,9,10836.0,6,ירושלים,ירושלים,ירושלים,3962.671030806335,3.291255008975361
30000911.0,2.0,2956.05352448793,18,37235.0,2,ירושלים,ירושלים,ירושלים,12596.185993097039,6.089199620672665
30000912.0,2.0,5225.2795970839,18,34901.0,4,ירושלים,ירושלים,ירושלים,6679.259808312916,3.4447917409137987
30000913.0,1.0,2316.62571057922,8,19631.0,4,ירושלים,ירושלים,ירושלים,8473.962759867545,3.4532984605440555
30000914.0,2.0,9288.18400609994,47,75759.0,4,ירושלים,ירושלים,ירושלים,8156.492157158588,5.060192602680258
30000915.0,2.0,6678.48037753992,12,27880.0,4,ירושלים,ירושלים,ירושלים,4174.602368191709,1.7968159403981525
30000921.0,2.0,3480.3153727933,6,17534.0,4,ירושלים,ירושלים,ירושלים,5038.049177114434,1.7239816962864494
30000922.0,2.0,3212.33914347827,3,9145.0,4,ירושלים,ירושלים,ירושלים,2846.83515393021,0.933898902328117
30000923.0,2.0,6601.94684301913,19,53362.0,4,ירושלים,ירושלים,ירושלים,8082.767291049116,2.877938955247802
30000925.0,8.0,717.303401223747,5,750.0,4,ירושלים,ירושלים,ירושלים,1045.5826623998594,6.970551082665731
30000931.0,4.0,2962.39967243221,6,18350.0,4,ירושלים,ירושלים,ירושלים,6194.302602300167,2.0253850470736237
30000932.0,3.0,6325.76928768153,23,51741.0,4,ירושלים,ירושלים,ירושלים,8179.400424981939,3.6359214119283467
30000933.0,3.0,4580.24114633433,11,21090.0,4,ירושלים,ירושלים,ירושלים,4604.561053925906,2.4016202746887134
30000934.0,3.0,2238.46252501152,4,11924.0,4,ירושלים,ירושלים,ירושלים,5326.870504539108,1.7869407932033234
30001011.0,8.0,4787.0576112898,7,9754.0,29,ירושלים,ירושלים,ירושלים,2037.5773161777206,1.4622761137219649
30001012.0,8.0,5229.28741011083,22,30174.0,29,ירושלים,ירושלים,ירושלים,5770.193457268872,4.207074171800729
30001013.0,9.0,4718.24420133317,13,4600.0,29,ירושלים,ירושלים,ירושלים,974.9389399345292,2.755262221554104
30001014.0,8.0,3476.54242239648,6,3562.0,29,ירושלים,ירושלים,ירושלים,1024.5811979894127,1.7258526636542604
30001015.0,4.0,5569.88838587704,13,9607.0,4,ירושלים,ירושלים,ירושלים,1724.8101459913319,2.3339785466729794
30001016.0,2.0,3851.53948283241,4,12677.0,4,ירושלים,ירושלים,ירושלים,3291.4111503998847,1.0385457601640402
30001021.0,6.0,1399.7634997866,48,99254.0,4,ירושלים,ירושלים,ירושלים,70907.69263174222,34.291507106248886
30001022.0,9.0,1845.5172480413,5,4397.0,4,ירושלים,ירושלים,ירושלים,2382.5298867657084,2.7092675537476785
30001024.0,2.0,341.693043911066,7,7172.0,4,ירושלים,ירושלים,ירושלים,20989.599079654337,20.486223306968817
30001031.0,3.0,7150.46548160917,15,11668.0,29,ירושלים,ירושלים,ירושלים,1631.7818790972174,2.097765528493166
30001032.0,3.0,4095.58218875271,16,12150.0,29,ירושלים,ירושלים,ירושלים,2966.6112020328483,3.906648496504162
30001034.0,2.0,4989.34438918055,5,9664.0,29,ירושלים,ירושלים,ירושלים,1936.9278298280017,1.0021356735451168
30001035.0,2.0,5922.4965677312,13,16362.0,29,ירושלים,ירושלים,ירושלים,2762.686278139623,2.195020267437666
30001041.0,8.0,2254.32407034372,9,2450.0,29,ירושלים,ירושלים,ירושלים,1086.800266310622,3.9923275088961616
30001042.0,7.0,2633.55943382772,9,9148.0,29,ירושלים,ירושלים,ירושלים,3473.6258018312246,3.4174280953739635
30001043.0,6.0,4957.62480973286,12,10432.0,29,ירושלים,ירושלים,ירושלים,2104.23345863523,2.420513947816599
30001044.0,7.0,2606.73437563671,2,1038.0,29,ירושלים,ירושלים,ירושלים,398.19937531857744,0.7672434977236561
30001115.0,7.0,1838.81824912526,18,8373.0,29,ירושלים,ירושלים,ירושלים,4553.467969976424,9.788895671751538
30001121.0,6.0,3046.12271028812,12,9954.0,29,ירושלים,ירושלים,ירושלים,3267.760673718392,3.9394342058087903
30001122.0,3.0,5192.65150275863,25,19198.0,29,ירושלים,ירושלים,ירושלים,3697.1477846724238,4.8144960212944365
30001123.0,5.0,1956.06585688842,7,7205.0,29,ירושלים,ירושלים,ירושלים,3683.4138148401794,3.578611617471375
30001124.0,5.0,4166.10627828453,6,7106.0,29,ירושלים,ירושלים,ירושלים,1705.6694009558548,1.4401936962757005
30001131.0,5.0,2869.48286181285,8,7844.0,29,ירושלים,ירושלים,ירושלים,2733.59360475302,2.787958801379929
30001132.0,3.0,4622.31009388409,12,10009.0,29,ירושלים,ירושלים,ירושלים,2165.367488702931,2.596104492400357
30001133.0,6.0,1896.25018765172,8,7029.0,29,ירושלים,ירושלים,ירושלים,3706.789349724247,4.218852581845779
30001134.0,6.0,1591.72937822323,11,5760.0,29,ירושלים,ירושלים,ירושלים,3618.705590789313,6.910722482410147
30001141.0,4.0,4758.3008825017,11,10961.0,29,ירושלים,ירושלים,ירושלים,2303.5533629889337,2.3117495659956453
30001142.0,5.0,1949.61890075473,17,14844.0,29,ירושלים,ירושלים,ירושלים,7613.7956983560425,8.719652847753485
30001143.0,4.0,4337.10193711079,13,15637.0,29,ירושלים,ירושלים,ירושלים,3605.4029226753123,2.9973932336624074
30001144.0,8.0,3984.26667350886,16,15745.0,29,ירושלים,ירושלים,ירושלים,3951.7937151866668,4.015795455254789
30001147.0,8.0,3667.96014442684,30,39315.0,29,ירושלים,ירושלים,ירושלים,10718.491600770489,8.17893292695192
30001211.0,3.0,2238.30194370006,4,5935.0,29,ירושלים,ירושלים,ירושלים,2651.563617993851,1.7870689927507
30001212.0,4.0,3107.90594192391,8,12225.0,29,ירושלים,ירושלים,ירושלים,3933.5167242649136,2.5740804739565895
30001213.0,5.0,2547.29103923485,7,4353.0,29,ירושלים,ירושלים,ירושלים,1708.874224795116,2.748017361260237
30001214.0,6.0,2627.44159430609,15,12626.0,6,ירושלים,ירושלים,ירושלים,4805.435076982002,5.708975618147477
30001215.0,6.0,5312.49461372327,9,12297.0,6,ירושלים,ירושלים,ירושלים,2314.731758642034,1.6941193647050752
30001216.0,7.0,4192.67054874091,7,9679.0,6,ירושלים,ירושלים,ירושלים,2308.552481641248,1.6695802636107797
30001217.0,7.0,4220.64883025717,8,12004.0,29,ירושלים,ירושלים,ירושלים,2844.1124771966824,1.8954431704076524
30001221.0,5.0,6972.75181654301,16,17278.0,29,ירושלים,ירושלים,ירושלים,2477.931303822912,2.2946464209495656
30001222.0,8.0,4983.25633486563,13,8877.0,6,ירושלים,ירושלים,ירושלים,1781.3653168695287,2.608735960268545
30001223.0,8.0,3601.66537503523,7,10783.0,6,ירושלים,ירושלים,ירושלים,2993.892790469055,1.9435453522473694
30001311.0,7.0,2459.31487163421,4,3416.0,6,ירושלים,ירושלים,ירושלים,1389.004734367371,1.6264692439898956
30001312.0,8.0,3361.37504936388,7,9172.0,6,ירושלים,ירושלים,ירושלים,2728.6452315803754,2.0824810969322534
30001313.0,7.0,1924.73044483883,3,1993.0,6,ירושלים,ירושלים,ירושלים,1035.4696707501225,1.5586598154793616
30001314.0,7.0,2005.75778076137,9,8851.0,6,ירושלים,ירושלים,ירושלים,4412.796043917241,4.487082182268125
30001321.0,7.0,2273.48928088222,14,11468.0,6,ירושלים,ירושלים,ירושלים,5044.228752884148,6.157935345341652
30001322.0,7.0,1204.88271629632,8,13757.0,6,ירושלים,ירושלים,ירושלים,11417.708805955437,6.639650392356145
30001333.0,7.0,1950.28420341319,3,996.0,6,ירושלים,ירושלים,ירושלים,510.6947993820089,1.5382373475361713
30001334.0,7.0,2507.51301228249,7,10510.0,6,ירושלים,ירושלים,ירושלים,4191.403972190423,2.791610637995524
30001335.0,7.0,3197.51270854329,5,5635.0,6,ירושלים,ירושלים,ירושלים,1762.3073037189492,1.5637154425190323
30001336.0,7.0,1395.90570579188,8,11963.0,6,ירושלים,ירושלים,ירושלים,8570.06311412241,5.731046134997849
30001337.0,5.0,3336.48122906433,24,27493.0,6,ירושלים,ירושלים,ירושלים,8240.11829004356,7.193206960355197
30001341.0,7.0,3145.68508632602,3,3841.0,6,ירושלים,ירושלים,ירושלים,1221.0376736999021,0.9536873265034383
30001342.0,7.0,4317.48556205424,5,2597.0,6,ירושלים,ירושלים,ירושלים,601.5075123411319,1.1580814638835808
30001343.0,8.0,4091.82836479092,24,13592.0,6,ירושלים,ירושלים,ירושלים,3321.742455513407,5.865348655997775
30001344.0,5.0,3157.361439988,6,10577.0,6,ירושלים,ירושלים,ירושלים,3349.9490638107623,1.9003209211368604
30001345.0,5.0,1824.85706775897,31,46211.0,6,ירושלים,ירושלים,ירושלים,25323.07916956465,16.987631824814528
30001346.0,7.0,2069.98477061184,1,2336.0,6,ירושלים,ירושלים,ירושלים,1128.5107181293572,0.4830953416649645
30001351.0,7.0,4314.67079058048,15,13043.0,6,ירושלים,ירושלים,ירושלים,3022.942104522705,3.4765108922671613
30001352.0,6.0,2688.77286954313,11,13925.0,6,ירושלים,ירושלים,ירושלים,5178.942467671545,4.091085611805171
30001353.0,5.0,2432.1275015837,7,9591.0,6,ירושלים,ירושלים,ירושלים,3943.4610207543565,2.8781385825545294
30001354.0,4.0,2470.4332687562,5,7975.0,6,ירושלים,ירושלים,ירושלים,3228.1786765344236,2.023936474316253
30001355.0,5.0,2881.22660486413,9,8361.0,6,ירושלים,ירושלים,ירושלים,2901.8890724821276,3.1236696151583723
30001622.0,5.0,6720.86056548199,13,15414.0,6,ירושלים,ירושלים,ירושלים,2293.456299207507,1.9342761054688982
30001623.0,6.0,7732.99594870532,27,24767.0,6,ירושלים,ירושלים,ירושלים,3202.769038582848,3.49153163652186
30001624.0,5.0,4487.74544376357,14,13908.0,6,ירושלים,ירושלים,ירושלים,3099.1062604335903,3.1196065319291244
30001625.0,5.0,6438.23465915923,15,18724.0,6,ירושלים,ירושלים,ירושלים,2908.250629442756,2.329831202822118
30001631.0,3.0,3715.00421583233,12,11167.0,29,ירושלים,ירושלים,ירושלים,3005.9185269317613,3.2301443828406136
30001632.0,5.0,5969.36744479399,14,15673.0,29,ירושלים,ירושלים,ירושלים,2625.571326434051,2.3453071249969195
30001633.0,5.0,5635.85730392659,14,13121.0,29,ירושלים,ירושלים,ירושלים,2328.1284980118985,2.4840941218021935
30001634.0,6.0,4699.07542608633,15,16633.0,29,ירושלים,ירושלים,ירושלים,3539.632479117909,3.192117308168619
30001641.0,4.0,3621.80476172489,8,3616.0,29,ירושלים,ירושלים,ירושלים,998.3972737055751,2.20884352589729
30001642.0,5.0,2848.80048075256,7,5895.0,29,ירושלים,ירושלים,ירושלים,2069.291984408376,2.457174536193152
30001643.0,6.0,2569.40600935327,8,9791.0,29,ירושלים,ירושלים,ירושלים,3810.6083524201126,3.1135600877704936
30001644.0,7.0,2608.68597484444,9,2448.0,29,ירושלים,ירושלים,ירושלים,938.4034811418719,3.450012798315705
30002111.0,1.0,42382.9214958473,32,9911.0,53,ירושלים,ירושלים,ירושלים,233.84419124979587,0.755021099787455
30002112.0,2.0,45229.2646040817,81,18478.0,53,ירושלים,ירושלים,ירושלים,408.540801221262,1.7908759010132167
30002211.0,2.0,24252.570760843,24,9246.0,53,ירושלים,ירושלים,ירושלים,381.23793519358094,0.9895858149087111
30002212.0,1.0,23339.0368810555,2,130.0,3,ירושלים,ירושלים,ירושלים,5.57006703672173,0.08569333902648817
30002311.0,1.0,20526.5863336928,24,2899.0,3,ירושלים,ירושלים,ירושלים,141.23147185177672,1.1692153585521359
30002312.0,1.0,30621.5952676084,46,6897.0,6,ירושלים,ירושלים,ירושלים,225.233203552124,1.502207824184095
30002411.0,2.0,13690.2388175746,34,17849.0,3,ירושלים,ירושלים,ירושלים,1303.775649047602,2.483521321509243
30002412.0,2.0,6360.66415529662,32,17620.0,6,ירושלים,ירושלים,ירושלים,2770.150973201055,5.030921177209635
30002511.0,1.0,21145.9238963089,2,2297.0,6,ירושלים,ירושלים,ירושלים,108.62613576325931,0.09458087571898938
30002512.0,2.0,3210.05359985169,6,6974.0,6,ירושלים,ירושלים,ירושלים,2172.5493930450916,1.8691276682349514
30002513.0,2.0,2219.88006763907,2,1494.0,6,ירושלים,ירושלים,ירושלים,673.0093313504669,0.9009495734276667
30002514.0,2.0,3801.164863689,1,1216.0,6,ירושלים,ירושלים,ירושלים,319.90193627641867,0.2630772502273179
30002611.0,1.0,19866.4054950366,12,4291.0,6,ירושלים,ירושלים,ירושלים,215.99277237505586,0.6040347864135797
30002612.0,1.0,12444.3876747705,10,768.0,6,ירושלים,ירושלים,ירושלים,61.7145672468102,0.8035750943595078
30002613.0,1.0,21515.5177664034,32,5169.0,6,ירושלים,ירושלים,ירושלים,240.24520609359544,1.4872986254585132
30002711.0,1.0,26763.0232595833,55,6706.0,6,ירושלים,ירושלים,ירושלים,250.5695987690298,2.055074251759117
30002811.0,1.0,20334.2333549328,40,1542.0,6,ירושלים,ירושלים,ירושלים,75.83270896347476,1.9671260431510964
30002812.0,2.0,5108.99838042063,18,844.0,6,ירושלים,ירושלים,ירושלים,165.19872138431023,3.523195479760171
30002911.0,3.0,15309.4177716872,72,30487.0,46,ירושלים,ירושלים,ירושלים,1991.3885984862068,4.702987473054315
34880001.0,4.0,1278.18013691303,5,1244.0,29,כפר עציון,מרכז,ירושלים,973.2587481795958,3.9118116888247414
35550001.0,7.0,220.293450222473,2,191.0,23,נתיב הגדוד,מרכז,פריפריה,867.025323753885,9.07879920161136
35560001.0,7.0,255.292312381943,4,709.0,5,אלמוג,מרכז,פריפריה,2777.2085786087623,15.668313560557191
35570001.0,5.0,4590.04319424443,18,4129.0,58,קדומים,מרכז,פריפריה,899.5558048729163,3.9215317238344616
35580001.0,9.0,301.467778627486,3,367.0,23,תומר,מרכז,פריפריה,1217.377199217997,9.951312255187986
35600001.0,8.0,4070.9451331644,9,962.0,58,אלקנה,מרכז,תל אביב,236.30876087298788,2.2107888231360615
35610001.0,3.0,565.600595367915,9,1840.0,29,מגדל עוז,מרכז,ירושלים,3253.1790367071776,15.9122887665025
35630001.0,6.0,4312.12517922192,9,1848.0,6,תקוע,מרכז,ירושלים,428.5589873189751,2.087137925254749
35640001.0,4.0,2515.22764068752,2,186.0,23,כוכב השחר,מרכז,פריפריה,73.94956901362542,0.7951566560604885
35650001.0,6.0,714.87907363809,2,186.0,23,רימונים,מרכז,פריפריה,260.18386445896044,2.797675961924306
35660001.0,5.0,221.030603187466,6,1105.0,23,יפית,מרכז,פריפריה,4999.307716057761,27.145562259137165
35670001.0,9.0,1426.12172538807,4,56.0,32,סלעית,מרכז,פריפריה,39.26733532143725,2.804809665816947
35680001.0,7.0,384.28950057139,3,226.0,42,ריחן,מרכז,פריפריה,588.0982948115067,7.8066145328961065
35690001.0,5.0,508.670512376598,1,76.0,41,מבוא דותן,מרכז,פריפריה,149.40909321618557,1.9659091212655992
35700001.0,6.0,2008.47557602458,36,19837.0,58,אריאל,מרכז,פריפריה,9876.644872756586,17.92404171090574
35700002.0,6.0,2676.89766062189,9,6883.0,58,אריאל,מרכז,פריפריה,2571.2600452573743,3.3621008873044267
35700003.0,7.0,5254.30655641057,24,9242.0,58,אריאל,מרכז,פריפריה,1758.9381016842658,4.567681718288507
35700004.0,5.0,5534.50543717374,19,10600.0,58,אריאל,מרכז,פריפריה,1915.256949392937,3.433007739477906
35700005.0,6.0,4167.98082199135,32,15520.0,58,אריאל,מרכז,פריפריה,3723.625578628492,7.6775785126360665
35710001.0,4.0,1049.44204183492,3,270.0,58,שבי שומרון,מרכז,פריפריה,257.27957260785223,2.8586619178650245
35720001.0,4.0,1522.03383212293,8,653.0,58,כפר תפוח,מרכז,פריפריה,429.03119905632894,5.256124950154106
35730001.0,5.0,1542.98301168151,12,771.0,64,נווה צוף,מרכז,פריפריה,499.68145738674116,7.777143305630212
35740001.0,4.0,5680.31362690836,25,4310.0,38,בית אל,מרכז,ירושלים,758.7609211545976,4.40116543593154
35750001.0,7.0,1467.94237860902,7,4216.0,2,בית חורון,ירושלים,ירושלים,2872.047337440425,4.768579545086094
35760001.0,4.0,2636.80096714859,5,969.0,5,מצפה יריחו,מרכז,ירושלים,367.4907632667728,1.896237168559199
35780001.0,6.0,677.088028414464,4,558.0,23,שדמות מחולה,מרכז,פריפריה,824.1173622677508,5.907651342421153
35790001.0,4.0,2008.94396712183,15,1352.0,58,אלון מורה,מרכז,פריפריה,672.9903980034749,7.466609445304824
35980001.0,7.0,132.576260692714,2,279.0,23,ארגמן,מרכז,פריפריה,2104.449156600274,15.085657036561104
35990001.0,6.0,621.054429770695,3,292.0,23,מחולה,מרכז,פריפריה,470.16813020367937,4.830494488393966
36010001.0,7.0,488.636735001533,3,382.0,66,קליה,מרכז,פריפריה,781.7668477152082,6.139530217658703
36020001.0,7.0,948.036817871739,2,288.0,29,ראש צורים,מרכז,ירושלים,303.7856701035464,2.1096227090524056
36030001.0,7.0,1647.76478355904,14,1758.0,29,הר גילה,ירושלים,ירושלים,1066.8998497484943,8.496358302889032
36040001.0,7.0,3003.25949997171,12,3229.0,29,אלון שבות,מרכז,ירושלים,1075.1651663901894,3.9956587168418305
36050001.0,7.0,263.301644670645,4,747.0,23,משואה,מרכז,פריפריה,2837.050262008035,15.191701536856952
36060001.0,5.0,222.449263220204,3,367.0,23,גלגל,מרכז,פריפריה,1649.8144102042013,13.486221336819085
36070001.0,3.0,296.072400073809,1,24.0,23,"ייט""ב",מרכז,פריפריה,81.06125391632908,3.377552246513712
36080001.0,3.0,1316.84629413279,12,1499.0,23,מעלה אפרים,מרכז,פריפריה,1138.325715521087,9.11268084473185
36090001.0,2.0,273.017500871808,1,54.0,23,חמרה,מרכז,פריפריה,197.78951835529045,3.662768858431305
36100001.0,7.0,238.309801648106,5,546.0,66,מצפה שלם,מרכז,פריפריה,2291.13530464952,20.98109253342051
36110001.0,3.0,7495.9537497384,32,13575.0,44,קריית ארבע,דרום,פריפריה,1810.9770221666256,4.268969776009725
36120001.0,8.0,186.043889334496,1,54.0,23,בקעות,מרכז,פריפריה,290.25409108122426,5.375075760763411
36130001.0,6.0,497.886375472614,3,107.0,23,גיתית,מרכז,פריפריה,214.90847163357552,6.02547116729651
36140001.0,7.0,185.622491193747,3,52.0,23,מכורה,מרכז,פריפריה,280.1384663333928,16.161834596157277
36150001.0,8.0,360.285961056695,3,111.0,23,פצאל,מרכז,פריפריה,308.08860737855093,8.326719118339215
36160001.0,3.0,266.539262221842,53,5937.0,3,מעלה אדומים,מרכז,ירושלים,22274.391962031485,198.8450015138401
36160002.0,6.0,4092.69223328187,11,4328.0,3,מעלה אדומים,מרכז,ירושלים,1057.4946155991406,2.6877173686669473
36160003.0,7.0,7450.60603865138,34,12556.0,3,מעלה אדומים,מרכז,ירושלים,1685.2320381541388,4.563387169260968
36160004.0,7.0,3369.10829167451,22,9231.0,3,מעלה אדומים,מרכז,ירושלים,2739.8941205929655,6.529917739469748
36160005.0,4.0,3798.59391531685,12,5970.0,3,מעלה אדומים,ירושלים,ירושלים,1571.634171246238,3.159063660796458
36160006.0,4.0,2224.16544359919,3,1470.0,3,מעלה אדומים,ירושלים,ירושלים,660.9220569586838,1.3488205244054772
36160007.0,6.0,3745.27463101496,20,14811.0,3,מעלה אדומים,מרכז,ירושלים,3954.5831639017233,5.3400623373191864
36160008.0,7.0,4486.70581386666,15,14414.0,3,מעלה אדומים,ירושלים,ירושלים,3212.6019841666334,3.343210057062543
36160009.0,6.0,4582.50762579835,10,6579.0,3,מעלה אדומים,מרכז,ירושלים,1435.6768252739846,2.1822113167259225
36160010.0,7.0,3403.58279413535,9,7909.0,3,מעלה אדומים,ירושלים,ירושלים,2323.727812241809,2.644272387176164
36170001.0,6.0,3015.69571396849,4,650.0,38,עפרה,מרכז,פריפריה,215.53898723576316,1.3263937676046964
36180001.0,7.0,2561.44934328121,19,5065.0,29,אלעזר,מרכז,ירושלים,1977.3961227403186,7.417675485106821
36190001.0,8.0,169.559033368937,3,108.0,23,רועי,מרכז,פריפריה,636.9463062755668,17.692952952099077
36380001.0,7.0,4926.84150866097,17,2273.0,3,כפר אדומים,מרכז,ירושלים,461.3503389553446,3.4504864770087367
36390001.0,7.0,363.910209709459,2,108.0,5,ורד יריחו,מרכז,פריפריה,296.77650452903134,5.495861194982061
36400001.0,6.0,9655.8406837671,35,5758.0,58,קרני שומרון,מרכז,פריפריה,596.323012006614,3.6247491177894218
36410001.0,4.0,4782.52333247159,13,2170.0,38,שילה,מרכז,פריפריה,453.73537129792777,2.7182303349645447
36430001.0,6.0,1512.62422328658,3,306.0,42,חיננית,מרכז,פריפריה,202.29743467622995,1.9833081831002937
36440001.0,8.0,1019.53540091694,3,372.0,2,גבעון החדשה,ירושלים,ירושלים,364.8720776791411,2.942516755476944
36450001.0,7.0,451.495414471795,8,1550.0,3,בית הערבה,מרכז,פריפריה,3433.0359740493636,17.7188953499322
36460001.0,5.0,342.142497341745,1,54.0,23,חמדת,מרכז,פריפריה,157.8289759955272,2.922758814731985
36470001.0,7.0,2484.28949591291,2,327.0,58,יקיר,מרכז,פריפריה,131.62717168750748,0.8050591540520335
36490001.0,7.0,1080.63020279996,4,226.0,42,שקד,מרכז,פריפריה,209.13722327436727,3.701543774767562
36500001.0,7.0,11803.4058020448,48,10647.0,29,אפרת,מרכז,ירושלים,902.02778575617,4.0666228718226884
36510001.0,5.0,1691.35214564297,3,254.0,38,מעלה מכמש,מרכז,ירושלים,150.1757044825467,1.7737287931009456
36520001.0,7.0,5406.71567105664,17,1337.0,64,בית אריה-עופרים,מרכז,תל אביב,247.2850583131753,3.1442378394345405
36530001.0,2.0,821.726194171615,2,268.0,29,מעלה עמוס,מרכז,ירושלים,326.14270045288225,2.4339007496483753
36540001.0,8.0,2005.35660227313,2,880.0,58,ברקן,מרכז,פריפריה,438.8246953197723,0.9973288529994825
36550001.0,7.0,1877.82598075742,4,508.0,64,"ניל""י",מרכז,תל אביב,270.5255999254513,2.1301228340586715
36560001.0,5.0,467.4834605716,3,339.0,44,כרמל,דרום,פריפריה,725.1593448578884,6.417339335025562
36570001.0,4.0,591.657416724426,3,400.0,44,מעון,דרום,פריפריה,676.0669074588927,5.070501805941695
36580001.0,4.0,953.928117346682,2,162.0,64,עטרת,מרכז,פריפריה,169.82411677999113,2.0965940343208778
36590001.0,6.0,2077.09933789427,7,552.0,38,פסגות,מרכז,ירושלים,265.7552240903455,3.3700843634645263
36600001.0,2.0,4361.6810503309,28,7745.0,58,עמנואל,מרכז,פריפריה,1775.6915076154924,6.419543216686092
37090001.0,5.0,2693.38326721546,3,174.0,4,מבוא חורון,ירושלים,ירושלים,64.60276267324144,1.1138407357455422
37100001.0,3.0,3061.96300473084,9,830.0,58,ברכה,מרכז,פריפריה,271.0679386777766,2.9392909013252884
37120001.0,5.0,983.298863675211,3,270.0,58,ענב,מרכז,פריפריה,274.5858964901463,3.05095440544607
37130001.0,8.0,196.548325090683,3,352.0,23,"נעמ""ה",מרכז,פריפריה,1790.908163870616,15.263421851170023
37150001.0,7.0,1441.6515181251,10,670.0,38,עלמון,ירושלים,ירושלים,464.7447677725544,6.936489071232154
37170001.0,5.0,235.419234643768,1,76.0,41,חרמש,מרכז,פריפריה,322.8283369241336,4.247741275317548
37190001.0,5.0,519.500470079545,1,79.0,44,תלם,מרכז,פריפריה,152.06915979864976,1.9249260734006297
37200001.0,7.0,6122.06309340485,18,2668.0,58,שערי תקווה,מרכז,תל אביב,435.8008010198672,2.9401853142269903
37220001.0,7.0,609.041438913266,3,81.0,25,אשכולות,דרום,באר שבע,132.99587651134402,4.9257732041238524
37230001.0,2.0,729.220611625077,2,180.0,44,פני חבר,דרום,פריפריה,246.83888130763034,2.7426542367514486
37240001.0,5.0,467.682245518673,1,32.0,1,נגוהות,דרום,פריפריה,68.42252470908123,2.1382038971587884
37250001.0,7.0,2360.36802784074,10,2772.0,29,נווה דניאל,מרכז,ירושלים,1174.3931316235546,4.236627458959432
37260001.0,5.0,2762.46748578864,13,2396.0,6,נוקדים,מרכז,ירושלים,867.3405252101929,4.705937741123751
37270001.0,7.0,4279.94082551225,6,407.0,58,עלי זהב,מרכז,תל אביב,95.09477270665015,1.4018885411299777
37300001.0,6.0,2005.87479568717,10,4916.0,2,גבעת זאב,ירושלים,ירושלים,2450.8010223618585,4.985356025959842
37300002.0,5.0,4494.68621517373,22,14929.0,2,גבעת זאב,ירושלים,ירושלים,3321.4776928366646,4.894668714743561
37300003.0,5.0,8130.24789943203,40,23281.0,2,גבעת זאב,ירושלים,ירושלים,2863.5043221285277,4.9198991832456125
37300004.0,2.0,5400.01692113664,24,11810.0,2,גבעת זאב,ירושלים,ירושלים,2187.030183882115,4.444430517626652
37430001.0,7.0,963.981486711698,6,329.0,25,טנא,דרום,באר שבע,341.2928614659126,6.224185923390503
37440001.0,6.0,2128.82943452172,2,148.0,58,ברוכין,מרכז,תל אביב,69.52177454895576,0.9394834398507536
37450001.0,6.0,633.545077758085,5,744.0,44,מצדות יהודה,דרום,פריפריה,1174.344219724317,7.892098250835463
37460001.0,6.0,991.12071264772,5,956.0,58,קריית נטפים,מרכז,פריפריה,964.5646466676122,5.044794177131863
37470001.0,6.0,1568.57974716571,12,990.0,64,דולב,מרכז,ירושלים,631.1441938408587,7.650232652616469
37480001.0,5.0,992.911997922433,1,98.0,44,עתניאל,דרום,פריפריה,98.69958284828363,1.00713860049269
37490001.0,3.0,2019.86928208625,4,173.0,58,יצהר,מרכז,פריפריה,85.6491068676061,1.9803261703492734
37500001.0,8.0,7966.04215976166,39,4172.0,32,אלפי מנשה,מרכז,תל אביב,523.7230630128656,4.89578126977511
37510001.0,6.0,542.570268404,1,55.0,23,מגדלים,מרכז,פריפריה,101.36935840916145,1.8430792438029353
37520001.0,3.0,976.112773876758,5,517.0,38,מעלה לבונה,מרכז,פריפריה,529.6519150616867,5.122358946437976
37540001.0,3.0,1113.82192922077,3,346.0,29,אספר,מרכז,פריפריה,310.64211515575175,2.693428744125015
37560001.0,6.0,1376.15457167873,5,686.0,44,סוסיה,דרום,פריפריה,498.49051416017096,3.633312785423987
37590001.0,5.0,473.923102197009,1,79.0,44,אדורה,מרכז,פריפריה,166.69370966254317,2.1100469577537115
37600001.0,8.0,9113.06389084329,16,1757.0,58,אורנית,מרכז,תל אביב,192.80014066020266,1.7557212581464101
37620001.0,3.0,1354.29601657035,1,151.0,58,איתמר,מרכז,פריפריה,111.49704211815953,0.73839100740503
37630001.0,4.0,5854.09842223021,38,9209.0,38,גבע בנימין,ירושלים,ירושלים,1573.0859537704334,6.491178873197575
37640001.0,5.0,701.486342560931,2,228.0,44,חגי,דרום,פריפריה,325.02414682463467,2.8510890072336372
37650001.0,4.0,4612.52486569317,12,2018.0,38,עלי,מרכז,פריפריה,437.5044165093591,2.601611991135931
37660001.0,5.0,964.755179773688,4,631.0,29,כרמי צור,מרכז,פריפריה,654.0519431551742,4.146129592108869
37670001.0,3.0,721.974368919163,4,268.0,64,נחליאל,מרכז,פריפריה,371.2043135287633,5.540362888489005
37680001.0,7.0,2097.69552149047,1,74.0,58,פדואל,מרכז,תל אביב,35.27680697312114,0.47671360774488025
37690001.0,9.0,4107.66885774707,17,3271.0,69,הר אדר,ירושלים,ירושלים,796.3154074191956,4.138600405419237
37700001.0,7.0,2646.33854595241,5,3866.0,37,חשמונאים,מרכז,תל אביב,1460.8864031826422,1.889403004633526
37770001.0,7.0,664.95262498469,3,123.0,25,סנסנה,דרום,באר שבע,184.97558379114898,4.51159960466217
37780001.0,7.0,2518.57369367661,6,642.0,58,עץ אפרים,מרכז,תל אביב,254.90618027650774,2.382300750247736
37790001.0,2.0,9521.03680965028,29,13976.0,38,כוכב יעקב,ירושלים,ירושלים,1467.9073591895246,3.0458867642026486
37800001.0,2.0,3776.83687556702,11,20986.0,9,ביתר עילית,מרכז,ירושלים,5556.501562395213,2.9124900975101182
37800002.0,2.0,5883.63183651904,22,32565.0,9,ביתר עילית,מרכז,ירושלים,5534.8466567661,3.7391870550853437
37800003.0,2.0,7114.06894837625,21,31376.0,9,ביתר עילית,מרכז,ירושלים,4410.415505905577,2.9518971705767827
37800004.0,2.0,4076.85595052202,18,27791.0,9,ביתר עילית,מרכז,ירושלים,6816.772615289856,4.4151670351990715
37800005.0,2.0,4577.95001712268,17,21196.0,9,ביתר עילית,מרכז,ירושלים,4630.0199697947,3.713452513988956
37800006.0,1.0,16619.3453646402,43,62240.0,9,ביתר עילית,ירושלים,ירושלים,3745.033190803268,2.587346195445703
37800007.0,1.0,7847.82091429971,44,58640.0,9,ביתר עילית,ירושלים,ירושלים,7472.137889022237,5.606651894900724
37800008.0,1.0,13308.8956965241,50,67089.0,9,ביתר עילית,מרכז,ירושלים,5040.914102101027,3.7568857056306
37810001.0,7.0,1616.79377745692,9,1028.0,3,קדר,מרכז,ירושלים,635.8262966702885,5.566572636218479
37820001.0,4.0,262.260735142412,1,28.0,23,רותם,מרכז,פריפריה,106.7639804517269,3.8129993018473893
37840001.0,6.0,886.0301293167,6,680.0,25,שמעה,דרום,פריפריה,767.4682581329497,6.77177874823191
37850001.0,2.0,341.496108512037,1,28.0,23,משכיות,מרכז,פריפריה,81.9921495504042,2.9282910553715786
37860001.0,6.0,233.21697016568,3,410.0,66,אבנת,מרכז,פריפריה,1758.019580259238,12.863557904335888
37870001.0,7.0,2608.00976905075,11,1170.0,64,נעלה,מרכז,תל אביב,448.61795146796965,4.217775612092022
37880001.0,5.0,5141.52831900273,13,584.0,64,טלמון,מרכז,פריפריה,113.58490389746113,2.5284310799092373
37900001.0,6.0,1042.43013015349,2,184.0,58,נופים,מרכז,פריפריה,176.51063095510048,1.9185938147293529
37910001.0,7.0,2488.00577534232,4,269.0,58,צופים,מרכז,תל אביב,108.11872008737151,1.6077133098493905
37930001.0,5.0,2222.79469959382,8,720.0,58,אבני חפץ,מרכז,פריפריה,323.9165542960708,3.599072825511898
37940001.0,3.0,1672.35394351728,2,332.0,29,בת עין,מרכז,ירושלים,198.52256831573618,1.1959190862393745
37950001.0,6.0,2907.91070635038,5,1077.0,58,רבבה,מרכז,פריפריה,370.36900674013685,1.7194475707527244
37960001.0,9.0,2605.85853194831,1,53.0,37,כפר האורנים,מרכז,פריפריה,20.338786373170358,0.38375068628623316
37970002.0,1.0,14114.480351872,19,19559.0,64,מודיעין עילית,מרכז,פריפריה,1385.739999801402,1.3461352827970061
37970003.0,1.0,4577.51263898297,24,38186.0,64,מודיעין עילית,מרכז,פריפריה,8342.085104211563,5.2430221154631935
37970004.0,1.0,8098.3858122721,23,18601.0,64,מודיעין עילית,מרכז,פריפריה,2296.8774804248633,2.840072149334544
37970005.0,2.0,4640.50486104583,19,22290.0,64,מודיעין עילית,מרכז,תל אביב,4803.3566750701575,4.094382091804979
37970006.0,2.0,4063.0475173334,44,45741.0,64,מודיעין עילית,מרכז,תל אביב,11257.805823058665,10.829309726822352
37970007.0,1.0,13333.7556874188,24,39254.0,64,מודיעין עילית,מרכז,תל אביב,2943.9567455880797,1.7999429840045325
37970008.0,1.0,9507.22483414873,16,24949.0,64,מודיעין עילית,מרכז,תל אביב,2624.214787725057,1.6829306426550528
37970009.0,1.0,14470.0371445472,24,27250.0,64,מודיעין עילית,מרכז,פריפריה,1883.2018002295679,1.6585997506609036
37970010.0,1.0,8183.72245789731,20,30295.0,64,מודיעין עילית,מרכז,פריפריה,3701.8606332091895,2.4438756449639807
38220001.0,6.0,974.668306510334,3,252.0,58,רחלים,מרכז,פריפריה,258.5494965997729,3.077970197616344
38230001.0,3.0,2685.97012845682,1,131.0,37,גני מודיעין,מרכז,תל אביב,48.771949699702695,0.3723049595397152
38240001.0,5.0,237.873337303302,2,32.0,38,עמיחי,מרכז,פריפריה,134.52537540682076,8.407835962926297
38250001.0,3.0,228.239182305467,1,24.0,23,מבואות יריחו,מרכז,פריפריה,105.15284780454249,4.381368658522604
40000111.0,3.0,2452.93547695585,6,2223.0,21,חיפה,צפון,חיפה,906.261098542549,2.4460488489677434
40000112.0,5.0,5900.40281695704,11,4353.0,21,חיפה,צפון,חיפה,737.7462412379723,1.8642794977297716
40000121.0,4.0,4840.27402083774,21,16120.0,21,חיפה,צפון,חיפה,3330.3899594531636,4.338597341719382
40000122.0,4.0,4634.04361589304,22,12423.0,21,חיפה,צפון,חיפה,2680.812057399233,4.747473658760615
40000131.0,7.0,3159.20960408358,33,25372.0,21,חיפה,צפון,חיפה,8031.122710947786,10.44565069609321
40000132.0,7.0,3191.46217455554,7,4988.0,21,חיפה,צפון,חיפה,1562.9199806181803,2.1933520177079515
40000133.0,7.0,3250.84205957082,1,710.0,21,חיפה,צפון,חיפה,218.40495077565689,0.3076126067262773
40000134.0,7.0,4774.92326749857,6,6631.0,21,חיפה,צפון,חיפה,1388.7134155924919,1.2565646951523075
40000135.0,5.0,4621.35923437784,31,41101.0,21,חיפה,צפון,חיפה,8893.703760195414,6.707983177199043
40000311.0,2.0,748.857068354395,27,20789.0,14,חיפה,צפון,חיפה,27760.97185766517,36.054944449322214
40000314.0,2.0,1452.64290717743,20,13582.0,18,חיפה,צפון,חיפה,9349.854622145658,13.768008573325957
40000324.0,3.0,1288.33972412974,12,12221.0,18,חיפה,צפון,חיפה,9485.852039729007,9.314313433986422
40000331.0,4.0,1291.04862308095,3,4082.0,18,חיפה,צפון,חיפה,3161.7709256052203,2.323692497995017
40000332.0,4.0,2086.09095882705,4,5621.0,18,חיפה,צפון,חיפה,2694.5133797811623,1.9174619318848334
40000333.0,5.0,996.740182975023,7,7042.0,18,חיפה,צפון,חיפה,7065.0307073819085,7.022893347298121
40000334.0,4.0,3530.8999025393,18,22674.0,18,חיפה,צפון,חיפה,6421.592405860514,5.097850547123986
40000411.0,4.0,3450.20937825836,10,10966.0,18,חיפה,צפון,חיפה,3178.3578321659875,2.898374824152824
40000412.0,4.0,2800.51101920825,14,11308.0,15,חיפה,צפון,חיפה,4037.834496075989,4.999087632212933
40000413.0,6.0,3709.61256177482,10,7037.0,15,חיפה,צפון,חיפה,1896.9636000567216,2.6956993037611507
40000414.0,5.0,4487.54032416738,13,15286.0,15,חיפה,צפון,חיפה,3406.3203661208704,2.8969099018429487
40000417.0,6.0,3429.99972718009,7,9737.0,18,חיפה,צפון,חיפה,2838.7757359984084,2.0408164888557936
40000418.0,4.0,1326.32556387172,11,19554.0,18,חיפה,צפון,חיפה,14742.986588390322,8.293589673329935
40000421.0,6.0,1998.51911008018,11,14651.0,15,חיפה,צפון,חיפה,7330.92814879924,5.504075464936976
40000422.0,6.0,3892.17065087211,11,10735.0,15,חיפה,צפון,חיפה,2758.1010605469296,2.8261864616689545
40000423.0,5.0,4548.65932228534,19,23224.0,15,חיפה,צפון,חיפה,5105.6802355406535,4.177054963626954
40000424.0,5.0,3418.93926121028,13,9271.0,15,חיפה,צפון,חיפה,2711.6597551715886,3.802348917833098
40000425.0,8.0,2639.60591504354,4,2906.0,15,חיפה,צפון,חיפה,1100.9219154413306,1.5153777225620517
40000426.0,3.0,3654.20773279474,25,24825.0,15,חיפה,צפון,חיפה,6793.538248306926,6.841428246029129
40000431.0,3.0,365.091615264954,26,29033.0,15,חיפה,צפון,חיפה,79522.50554680692,71.21500169520822
40000433.0,9.0,4536.66524081589,20,31062.0,15,חיפה,צפון,חיפה,6846.879448044463,4.408524530322879
40000511.0,9.0,5704.10862812346,22,12519.0,18,חיפה,צפון,חיפה,2194.7337991209515,3.8568690455037085
40000512.0,9.0,3607.63571928929,9,10768.0,18,חיפה,צפון,חיפה,2984.7802932057984,2.494708640309453
40000513.0,9.0,3159.65500038727,8,1632.0,18,חיפה,צפון,חיפה,516.5120874905554,2.531921997502722
40000514.0,9.0,2774.6191594444,7,3101.0,18,חיפה,צפון,חיפה,1117.6308609578534,2.5228687606272087
40000521.0,7.0,1728.48626248041,4,3650.0,18,חיפה,צפון,חיפה,2111.6742893647197,2.3141636047832543
40000522.0,8.0,1852.55464352539,9,13633.0,18,חיפה,צפון,חיפה,7359.027193959882,4.858156293232519
40000523.0,7.0,1670.73353461044,16,17873.0,18,חיפה,צפון,חיפה,10697.696329036331,9.576631861723342
40000524.0,8.0,2533.85904764674,10,12106.0,18,חיפה,צפון,חיפה,4777.69274942233,3.9465494378178843
40000525.0,9.0,3795.07336218126,19,5152.0,18,חיפה,צפון,חיפה,1357.5495144154029,5.006490833441897
40000526.0,8.0,3664.35201717238,9,6082.0,15,חיפה,צפון,חיפה,1659.7750356673466,2.456095909405807
40000527.0,7.0,2549.53143840051,14,6461.0,18,חיפה,צפון,חיפה,2534.1911469243983,5.491205085426649
40000528.0,8.0,3468.5476856203,11,7238.0,15,חיפה,צפון,חיפה,2086.7523401817057,3.1713561400937773
40000531.0,8.0,4256.10519153657,20,13312.0,18,חיפה,צפון,חיפה,3127.7422434180967,4.699131976289208
40000532.0,8.0,3749.84646956978,24,16663.0,18,חיפה,צפון,חיפה,4443.648596074854,6.400262035995708
40000533.0,8.0,4218.53649899827,24,13345.0,18,חיפה,צפון,חיפה,3163.4193524623747,5.689176804728137
40000611.0,7.0,3065.81566722804,8,1754.0,18,חיפה,צפון,חיפה,572.115283625607,2.609419765681218
40000612.0,5.0,1786.0093970596,10,11108.0,18,חיפה,צפון,חיפה,6219.452158699544,5.599074683741038
40000613.0,4.0,2787.77113637365,9,2391.0,18,חיפה,צפון,חיפה,857.6744226967741,3.228385530853604
40000621.0,5.0,3476.58155161905,14,17990.0,18,חיפה,צפון,חיפה,5174.623328373248,4.026944224414979
40000622.0,3.0,3083.46090001955,9,6387.0,18,חיפה,צפון,חיפה,2071.3737605557135,2.918798159543044
40000623.0,5.0,3518.60268087561,10,2885.0,18,חיפה,צפון,חיפה,819.9277558903192,2.842037282115491
40000631.0,3.0,4376.8358587561,5,6749.0,18,חיפה,צפון,חיפה,1541.9815176523598,1.1423777727458584
40000632.0,3.0,2522.00233264273,6,8905.0,18,חיפה,צפון,חיפה,3530.9245692365084,2.379062034297479
40000633.0,2.0,1480.52763266973,12,20168.0,18,חיפה,צפון,חיפה,13622.170606591435,8.105218528316998
40000634.0,2.0,1435.68393020003,13,24022.0,18,חיפה,צפון,חיפה,16732.09506263198,9.054917817592862
40000641.0,1.0,4058.90725284101,8,8988.0,18,חיפה,צפון,חיפה,2214.3891052718436,1.9709738364680403
40000642.0,2.0,4468.84946528257,12,7069.0,14,חיפה,צפון,חיפה,1581.8389173583448,2.6852549170038396
40000643.0,2.0,2560.07185170772,3,1877.0,14,חיפה,צפון,חיפה,733.1825467116986,1.1718421098215748
40000644.0,5.0,815.796679732308,4,1504.0,14,חיפה,צפון,חיפה,1843.5966183308271,4.903182495560711
40000711.0,2.0,1626.48097183154,3,834.0,14,חיפה,צפון,חיפה,512.7634533964779,1.8444728539441653
40000712.0,3.0,3758.78062744671,14,13515.0,14,חיפה,צפון,חיפה,3595.580944871625,3.724612151550333
40000713.0,2.0,4854.64159011354,64,62156.0,14,חיפה,צפון,חיפה,12803.416863271734,13.18325952843476
40000714.0,5.0,4886.0179079275,12,8774.0,14,חיפה,צפון,חיפה,1795.7363573646137,2.4559877237719814
40000715.0,7.0,814.292081420284,1,210.0,14,חיפה,צפון,חיפה,257.89272030463457,1.228060572879212
40000721.0,6.0,3653.66431633024,20,17530.0,14,חיפה,צפון,חיפה,4797.922984234968,5.473956627763797
40000722.0,5.0,3751.03035001843,10,13401.0,14,חיפה,צפון,חיפה,3572.6183873543323,2.665934174579757
40000723.0,7.0,4924.3466039459,12,11049.0,14,חיפה,צפון,חיפה,2243.749453205912,2.436871521266263
40000731.0,6.0,2524.64984455405,5,10004.0,14,חיפה,צפון,חיפה,3962.5297035070976,1.9804726626884732
40000732.0,5.0,3877.72150649556,9,7377.0,14,חיפה,צפון,חיפה,1902.405829723153,2.3209505852661483
40000733.0,5.0,2472.95352270407,15,12107.0,14,חיפה,צפון,חיפה,4895.765281816339,6.065621477430006
40000811.0,6.0,3828.16856660025,19,26704.0,14,חיפה,צפון,חיפה,6975.659387882049,4.963208821515837
40000812.0,5.0,3451.93726727433,12,24147.0,14,חיפה,צפון,חיפה,6995.202441516735,3.4763088291796422
40000813.0,9.0,2630.55930055409,10,3988.0,14,חיפה,צפון,חיפה,1516.0274087567554,3.8014729407140306
40000821.0,7.0,5101.09443326734,23,10654.0,14,חיפה,צפון,חיפה,2088.571411365919,4.508836348922108
40000822.0,8.0,1797.61345909743,9,11065.0,14,חיפה,צפון,חיפה,6155.383374552427,5.006638081425381
40000823.0,9.0,2169.92393836546,11,6775.0,14,חיפה,צפון,חיפה,3122.229254313591,5.069302110324649
40000824.0,8.0,2452.41607318142,10,7511.0,14,חיפה,צפון,חיפה,3062.6940029210805,4.0776115070178145
40000911.0,7.0,3658.14960686582,15,11840.0,14,חיפה,צפון,חיפה,3236.6090161479524,4.100433719782034
40000912.0,8.0,3767.65743849738,17,10814.0,14,חיפה,צפון,חיפה,2870.218478331949,4.512087491367037
40000921.0,9.0,2546.47058698389,10,5886.0,18,חיפה,צפון,חיפה,2311.4345125704126,3.9270039289337624
40000922.0,9.0,3730.62835524602,17,12161.0,18,חיפה,צפון,חיפה,3259.7725750138493,4.556873100504517
40000931.0,9.0,3075.85801515767,16,10849.0,15,חיפה,צפון,חיפה,3527.145904179155,5.20180057764462
40000932.0,9.0,4805.25315806538,19,10235.0,14,חיפה,צפון,חיפה,2129.9606208719842,3.9540060377691937
40000933.0,8.0,3651.58270158898,16,8854.0,14,חיפה,צפון,חיפה,2424.702032942372,4.381661681395748
40000934.0,9.0,3287.56979842331,17,8293.0,14,חיפה,צפון,חיפה,2522.5319942947676,5.170992873870861
40000941.0,9.0,2148.36623220615,4,4983.0,14,חיפה,צפון,חיפה,2319.436940173359,1.8618799439481106
40000942.0,9.0,1923.41389507393,7,7102.0,14,חיפה,צפון,חיפה,3692.3929988178757,3.6393622911468784
40000943.0,9.0,3696.64302661729,13,8827.0,14,חיפה,צפון,חיפה,2387.842141218969,3.5167041844167435
40000944.0,10.0,4977.76295593874,38,11628.0,14,חיפה,צפון,חיפה,2335.9890985020024,7.633951302294126
40000945.0,5.0,656.680125380691,7,10140.0,14,חיפה,צפון,חיפה,15441.307888100973,10.659680001647613
40010001.0,3.0,6746.71330094772,30,816.0,52,בוקעאתא,צפון,פריפריה,120.94778058604852,4.446609580369431
40020001.0,7.0,457.453749342887,10,881.0,52,אלי-עד,צפון,פריפריה,1925.8777554354276,21.86013343286524
40030001.0,7.0,441.976692435909,3,198.0,52,אל -רום,צפון,פריפריה,447.98742419819337,6.787688245427172
40040001.0,7.0,478.087540884385,4,144.0,52,כפר חרוב,צפון,פריפריה,301.20006836744415,8.366668565762337
40050001.0,3.0,2070.16295788937,3,353.0,52,חספין,צפון,פריפריה,170.51797717407734,1.4491612790998076
40060001.0,3.0,862.388478256667,6,244.0,52,קשת,צפון,פריפריה,282.93513439934884,6.957421337688905
40070001.0,5.0,802.31347204789,4,348.0,52,יונתן,צפון,פריפריה,433.7456768758184,4.985582492825499
40080001.0,8.0,573.538699619234,7,251.0,52,מעלה גמלא,צפון,פריפריה,437.63393850604353,12.204930555945436
40090001.0,8.0,316.290176711229,8,310.0,52,שעל,צפון,פריפריה,980.1126396759016,25.29322941099101
40100001.0,8.0,175.216136294382,4,93.0,52,אודם,צפון,פריפריה,530.7730324777277,22.82894763345066
40110001.0,6.0,811.077470984836,4,337.0,52,אבני איתן,צפון,פריפריה,415.49668441758575,4.931711387745825
40120001.0,7.0,502.312922220753,4,329.0,52,אניעם,צפון,פריפריה,654.9702096961252,7.963163643721885
40130001.0,7.0,368.538310602491,8,432.0,52,אורטל,צפון,פריפריה,1172.1983510852945,21.707376871949894
40140001.0,4.0,910.085505278735,1,145.0,52,נטור,צפון,פריפריה,159.32568880502095,1.0987978538277308
40150001.0,5.0,1129.47671247172,5,656.0,52,בני יהודה,צפון,פריפריה,580.7999339485497,4.42682876485175
40170001.0,4.0,471.577507451164,3,110.0,52,אלוני הבשן,צפון,פריפריה,233.25964080547556,6.361626567422062
40190001.0,5.0,322.019352950023,1,66.0,52,מיצר,צפון,פריפריה,204.9566257287745,3.1054034201329466
40210001.0,7.0,728.070235423076,4,271.0,52,גבעת יואב,צפון,פריפריה,372.21683680355915,5.493975450975043
40220001.0,7.0,309.604820002269,1,114.0,52,גשור,צפון,פריפריה,368.2113217719432,3.2299238751924837
40240001.0,6.0,390.103768904387,6,318.0,52,קלע,צפון,פריפריה,815.167720355813,15.380523025581375
40250001.0,8.0,537.462205958719,15,864.0,52,קדמת צבי,צפון,פריפריה,1607.5548948763878,27.90893914715951
40260001.0,7.0,876.829705382469,14,462.0,52,חד-נס,צפון,פריפריה,526.8982074443724,15.96661234679916
40280001.0,8.0,465.90119136686,6,142.0,52,כנף,צפון,פריפריה,304.7856554807269,12.878267132988459
41000001.0,5.0,7600.01724145539,48,9113.0,52,קצרין,צפון,פריפריה,1199.0762271290423,6.315775145637444
41010001.0,7.0,754.17781053572,9,431.0,52,מרום גולן,צפון,פריפריה,571.4832682412718,11.93352532290359
42010001.0,3.0,11401.5911852937,17,590.0,52,מג'דל שמס,צפון,פריפריה,51.747163217096336,1.4910199571027758
42030001.0,3.0,3810.54821518747,14,685.0,52,מסעדה,צפון,פריפריה,179.76416025123032,3.6740120343317146
42040001.0,7.0,459.049202751515,2,100.0,52,מבוא חמה,צפון,פריפריה,217.84157210295902,4.35683144205918
43010001.0,7.0,356.557362372064,9,738.0,52,אפיק,צפון,פריפריה,2069.7931886480146,25.241380349366032
43030001.0,7.0,141.401654255102,4,214.0,52,"נווה אטי""ב",צפון,פריפריה,1513.4193523218883,28.288212192932487
43040001.0,5.0,1025.5454861074,3,309.0,52,נוב,צפון,פריפריה,301.3030666956103,2.925272492190391
45010001.0,3.0,2742.22796491483,1,39.0,52,ע'ג'ר,צפון,פריפריה,14.222012356004578,0.36466698348729687
45020001.0,3.0,2171.95485875961,17,829.0,52,עין קנייא,צפון,פריפריה,381.68380740354644,7.827050332762713
45030001.0,7.0,426.670298103456,3,191.0,52,עין זיוון,צפון,פריפריה,447.6524399495174,7.031190156275142
45510001.0,7.0,670.043381093642,3,311.0,52,נאות גולן,צפון,פריפריה,464.1490518007761,4.477322043094303
47010001.0,5.0,784.098550681987,9,1148.0,52,רמת מגשימים,צפון,פריפריה,1464.1016731908273,11.478149005851433
47020001.0,8.0,543.916735253984,14,931.0,52,רמות,צפון,פריפריה,1711.659045690635,25.739233769783983
50000113.0,9.0,12518.8202741211,8,10844.0,35,תל אביב -יפו,מרכז,תל אביב,866.2158064859124,0.6390378505982386
50000114.0,9.0,7371.56496692985,14,18993.0,35,תל אביב -יפו,מרכז,תל אביב,2576.5220933690434,1.8991896649906075
50000115.0,9.0,5875.98038287419,5,12556.0,35,תל אביב -יפו,מרכז,תל אביב,2136.834907855552,0.8509218333289074
50000117.0,9.0,6193.26521393217,34,38783.0,35,תל אביב -יפו,מרכז,תל אביב,6262.124850192918,5.48983433222183
50000121.0,9.0,3815.14840961168,1,88.0,35,תל אביב -יפו,מרכז,תל אביב,23.065944113287316,0.2621130012873559
50000122.0,9.0,3632.92646669793,2,1404.0,35,תל אביב -יפו,מרכז,תל אביב,386.46529536727326,0.5505203637710445
50000123.0,9.0,4861.7090643647,8,7034.0,35,תל אביב -יפו,מרכז,תל אביב,1446.8163164179718,1.6455118753687483
50000124.0,9.0,4666.70592563795,9,3051.0,35,תל אביב -יפו,מרכז,תל אביב,653.7802142702876,1.928555204337132
50000125.0,9.0,4789.98876375809,6,4031.0,35,תל אביב -יפו,מרכז,תל אביב,841.5468592534634,1.2526125416821583
50000131.0,10.0,2498.99096398859,7,7808.0,35,תל אביב -יפו,מרכז,תל אביב,3124.4610774973776,2.8011305766498005
50000132.0,9.0,3002.50499615973,6,11800.0,35,תל אביב -יפו,מרכז,תל אביב,3930.051745156947,1.9983313958425153
50000133.0,9.0,5178.73634243638,14,19251.0,35,תל אביב -יפו,מרכז,תל אביב,3717.316103206599,2.7033621861146115
50000134.0,8.0,4004.75981118549,10,13070.0,35,תל אביב -יפו,מרכז,תל אביב,3263.616450478466,2.497028653770823
50000135.0,5.0,1708.79143720968,31,48251.0,35,תל אביב -יפו,מרכז,תל אביב,28236.915839647485,18.141476674661085
50000211.0,9.0,5803.93107711603,5,3461.0,33,תל אביב -יפו,מרכז,תל אביב,596.3199690027623,0.8614850751267875
50000212.0,9.0,5654.95214966101,6,5743.0,11,תל אביב -יפו,מרכז,תל אביב,1015.5700433900698,1.0610169354588923
50000213.0,9.0,3436.97773740578,9,11052.0,11,תל אביב -יפו,מרכז,תל אביב,3215.6158242508764,2.618579661442082
50000214.0,9.0,2948.40717676247,6,5187.0,35,תל אביב -יפו,מרכז,תל אביב,1759.2549770197074,2.0349970815728256
50000215.0,8.0,5590.45486464453,11,8280.0,35,תל אביב -יפו,מרכז,תל אביב,1481.0959395030345,1.967639533156205
50000216.0,8.0,2686.25861364814,15,30708.0,11,תל אביב -יפו,מרכז,תל אביב,11431.51290198982,5.583974649272089
50000221.0,9.0,207.7673180811,3,3068.0,33,תל אביב -יפו,מרכז,תל אביב,14766.518759232553,14.439229555964035
50000222.0,9.0,3948.42974594142,5,2772.0,33,תל אביב -יפו,מרכז,תל אביב,702.0512402048766,1.266326190845737
50000223.0,9.0,5365.2661262292,8,3148.0,33,תל אביב -יפו,מרכז,תל אביב,586.7369718363752,1.4910723553656295
50000224.0,10.0,2160.21823088564,5,1300.0,33,תל אביב -יפו,מרכז,תל אביב,601.7910512064467,2.3145809661786414
50000225.0,8.0,4077.24806106891,3,2807.0,11,תל אביב -יפו,מרכז,תל אביב,688.4545551207163,0.7357904044752936
50000226.0,7.0,5012.09032207383,6,6382.0,11,תל אביב -יפו,מרכז,תל אביב,1273.3210277342625,1.1971053222196137
50000231.0,9.0,4152.52839102263,8,4729.0,11,תל אביב -יפו,מרכז,תל אביב,1138.8242426526563,1.9265370990106259
50000232.0,9.0,2722.31076646511,10,4639.0,11,תל אביב -יפו,מרכז,תל אביב,1704.0670217176157,3.6733499066988915
50000233.0,9.0,3992.65776851538,25,30278.0,11,תל אביב -יפו,מרכז,תל אביב,7583.419805915019,6.261493333373258
50000234.0,2.0,213.403600497886,15,29907.0,11,תל אביב -יפו,מרכז,תל אביב,140142.90260438347,70.28934828186551
50000312.0,9.0,2364.05116121049,8,10074.0,10,תל אביב -יפו,מרכז,תל אביב,4261.3290969733935,3.3840215183429767
50000313.0,9.0,2129.46109614253,2,5110.0,35,תל אביב -יפו,מרכז,תל אביב,2399.6681645213657,0.9392047610651136
50000314.0,9.0,4451.49882154766,3,2940.0,10,תל אביב -יפו,מרכז,תל אביב,660.4517080334407,0.6739303143198374
50000315.0,9.0,3872.43720927208,3,6987.0,10,תל אביב -יפו,מרכז,תל אביב,1804.2900691250663,0.7747059120330899
50000316.0,9.0,1833.619076266,2,3046.0,35,תל אביב -יפו,מרכז,תל אביב,1661.1956318664095,1.090739088553125
50000317.0,9.0,2156.70038807956,4,5126.0,10,תל אביב -יפו,מרכז,תל אביב,2376.7789111237935,1.8546850652546185
50000321.0,9.0,1828.05702630202,6,7790.0,10,תל אביב -יפו,מרכז,תל אביב,4261.3550277249315,3.2821733204556596
50000322.0,9.0,1672.97689283949,2,2938.0,35,תל אביב -יפו,מרכז,תל אביב,1756.1509740958986,1.1954737740611971
50000323.0,9.0,4275.37533997575,2,3102.0,35,תל אביב -יפו,מרכז,תל אביב,725.5503326212278,0.46779518544244214
50000324.0,9.0,2267.19016997073,3,11831.0,10,תל אביב -יפו,מרכז,תל אביב,5218.353606461138,1.3232238035147843
50000325.0,9.0,3911.82208770624,3,3876.0,35,תל אביב -יפו,מרכז,תל אביב,990.8426081495836,0.76690604345943
50000326.0,9.0,2774.73363988108,2,3034.0,10,תל אביב -יפו,מרכז,תל אביב,1093.4382876945376,0.7207899061928397
50000333.0,9.0,1567.64190583269,1,3326.0,10,תל אביב -יפו,מרכז,תל אביב,2121.658005967451,0.637900783513966
50000334.0,9.0,2304.46623536609,1,679.0,35,תל אביב -יפו,מרכז,תל אביב,294.645236966179,0.4339399660768468
50000335.0,8.0,1739.53049801894,4,7747.0,35,תל אביב -יפו,מרכז,תל אביב,4453.500532944177,2.299471038050434
50000337.0,9.0,1911.51402078264,2,6522.0,10,תל אביב -יפו,מרכז,תל אביב,3411.955093758437,1.046291043777503
50000338.0,9.0,1933.50834722519,4,6239.0,10,תל אביב -יפו,מרכז,תל אביב,3226.776863391199,2.0687782422767746
50000341.0,9.0,2099.5589502958,3,4814.0,35,תל אביב -יפו,מרכז,תל אביב,2292.8625077765837,1.4288715254112487
50000342.0,9.0,2189.52393226986,1,1427.0,10,תל אביב -יפו,מרכז,תל אביב,651.7398503704145,0.45672028757562333
50000343.0,9.0,2262.49916927396,1,4918.0,35,תל אביב -יפו,מרכז,תל אביב,2173.7024555806556,0.44198911256215034
50000344.0,9.0,2077.79116692985,5,12215.0,10,תל אביב -יפו,מרכז,תל אביב,5878.839122243896,2.4064016055030275
50000345.0,9.0,2279.89160125177,5,8165.0,10,תל אביב -יפו,מרכז,תל אביב,3581.310618240368,2.193086722743643
50000346.0,9.0,2586.62233423634,4,4915.0,10,תל אביב -יפו,מרכז,תל אביב,1900.1614325158441,1.5464182563709818
50000347.0,9.0,3043.09167890923,7,10243.0,10,תל אביב -יפו,מרכז,תל אביב,3365.9846895153405,2.3002921826229996
50000348.0,9.0,1273.79619013755,3,2958.0,10,תל אביב -יפו,מרכז,תל אביב,2322.192531978434,2.35516483973472
50000349.0,9.0,1698.37275654103,1,4630.0,10,תל אביב -יפו,מרכז,תל אביב,2726.138877445039,0.5887988936166391
50000411.0,9.0,5132.23889169932,10,10615.0,10,תל אביב -יפו,מרכז,תל אביב,2068.298110044776,1.9484673669757664
50000412.0,9.0,4954.91435934103,4,6513.0,35,תל אביב -יפו,מרכז,תל אביב,1314.4525874037881,0.8072793412582762
50000413.0,9.0,3779.95063365862,6,16420.0,10,תל אביב -יפו,מרכז,תל אביב,4343.972075663606,1.5873223175384676
50000414.0,9.0,3128.88777358988,4,7977.0,10,תל אביב -יפו,מרכז,תל אביב,2549.468238308757,1.2784095466008558
50000415.0,9.0,3912.67767983534,3,3903.0,35,תל אביב -יפו,מרכז,תל אביב,997.5265839337558,0.7667383427623027
50000421.0,9.0,2548.34929192314,4,6330.0,35,תל אביב -יפו,מרכז,תל אביב,2483.960899733253,1.5696435385360206
50000422.0,9.0,3412.07328844474,2,3575.0,10,תל אביב -יפו,מרכז,תל אביב,1047.7500621416968,0.5861538809184318
50000423.0,9.0,3318.55578322865,6,10600.0,10,תל אביב -יפו,מרכז,תל אביב,3194.160560316745,1.8080154115000446
50000424.0,9.0,3077.52468592586,4,6873.0,10,תל אביב -יפו,מרכז,תל אביב,2233.288340929193,1.2997458698845878
50000427.0,9.0,2389.53690143882,5,7228.0,10,תל אביב -יפו,מרכז,תל אביב,3024.8538935087295,2.0924556540597186
50000431.0,9.0,2741.11622147617,6,8451.0,35,תל אביב -יפו,מרכז,תל אביב,3083.0505958805693,2.188889311949286
50000432.0,9.0,3931.40821673904,6,7316.0,10,תל אביב -יפו,מרכז,תל אביב,1860.910797522918,1.526170692337002
50000433.0,9.0,3268.41293603896,8,8254.0,10,תל אביב -יפו,מרכז,תל אביב,2525.3846932827128,2.447671134754265
50000435.0,9.0,1164.56685221765,3,5258.0,10,תל אביב -יפו,מרכז,תל אביב,4514.983394888278,2.5760650788636044
50000436.0,8.0,2066.47378415635,4,8863.0,10,תל אביב -יפו,מרכז,תל אביב,4288.94867573574,1.9356645270160169
50000437.0,9.0,2685.13943515176,30,42205.0,10,תל אביב -יפו,מרכז,תל אביב,15717.99194018937,11.17260415130153
50000511.0,8.0,1440.46336656853,4,10458.0,10,תל אביב -יפו,מרכז,תל אביב,7260.163807506632,2.7768842254758583
50000512.0,8.0,2368.6842190058,2,4703.0,10,תל אביב -יפו,מרכז,תל אביב,1985.4904939477221,0.8443506246854016
50000513.0,9.0,2688.80358291937,1,1252.0,35,תל אביב -יפו,מרכז,תל אביב,465.6346071365467,0.37191262550842386
50000514.0,9.0,2870.8603854647,1,1252.0,35,תל אביב -יפו,מרכז,תל אביב,436.10619532002823,0.34832763204475103
50000515.0,9.0,3700.5374377489,4,6900.0,10,תל אביב -יפו,מרכז,תל אביב,1864.5940261578296,1.0809240731349736
50000516.0,9.0,4363.00770108683,2,1566.0,10,תל אביב -יפו,מרכז,תל אביב,358.9267100330599,0.45839937424401017
50000517.0,9.0,3389.7420939199,9,22001.0,10,תל אביב -יפו,מרכז,תל אביב,6490.464286195304,2.6550692502957927
50000521.0,8.0,1890.53155598846,3,7726.0,35,תל אביב -יפו,מרכז,תל אביב,4086.68132278833,1.586855289718482
50000522.0,7.0,2019.6822887007,2,8447.0,10,תל אביב -יפו,מרכז,תל אביב,4182.340978706168,0.9902547599635771
50000523.0,7.0,1594.63823144291,3,11543.0,10,תל אביב -יפו,מרכז,תל אביב,7238.632419815563,1.881304449401948
50000532.0,9.0,539.41959910382,3,4731.0,31,תל אביב -יפו,מרכז,תל אביב,8770.537829659843,5.561533183043655
50000533.0,9.0,4030.67494610143,14,19756.0,10,תל אביב -יפו,מרכז,תל אביב,4901.41236000896,3.4733636890122215
50000542.0,8.0,1229.24918876136,1,2933.0,10,תל אביב -יפו,מרכז,תל אביב,2386.0093029269406,0.8135047060780568
50000543.0,9.0,1626.92085619388,2,1265.0,10,תל אביב -יפו,מרכז,תל אביב,777.5424324938706,1.2293160988045384
50000544.0,9.0,2111.68130698306,3,1852.0,10,תל אביב -יפו,מרכז,תל אביב,877.026279427522,1.420668919159053
50000552.0,9.0,1112.59960377312,7,16228.0,10,תל אביב -יפו,מרכז,תל אביב,14585.66041634974,6.291571537740213
50000554.0,9.0,1156.75635767119,2,983.0,10,תל אביב -יפו,מרכז,תל אביב,849.7900128070179,1.72897255911906
50000555.0,9.0,2232.36928279785,6,9994.0,10,תל אביב -יפו,מרכז,תל אביב,4476.857873386622,2.687727360448242
50000557.0,9.0,2037.79736242754,10,16558.0,10,תל אביב -יפו,מרכז,תל אביב,8125.439901578423,4.907259271396558
50000611.0,9.0,2998.11612434611,4,8742.0,10,תל אביב -יפו,מרכז,תל אביב,2915.831021023788,1.3341711375080245
50000612.0,9.0,1490.07538893907,8,14487.0,10,תל אביב -יפו,מרכז,תל אביב,9722.326875229252,5.368855870907296
50000613.0,10.0,3483.04270170502,20,75075.0,10,תל אביב -יפו,מרכז,תל אביב,21554.429971027705,5.742105886387667
50000621.0,9.0,649.0730421446,6,18183.0,10,תל אביב -יפו,מרכז,תל אביב,28013.796320860303,9.243951929008514
50000626.0,9.0,2157.88527724858,22,58828.0,10,תל אביב -יפו,מרכז,תל אביב,27261.875605828714,10.195166643915002
50000711.0,7.0,2173.80675897667,5,7430.0,31,תל אביב -יפו,מרכז,תל אביב,3417.9671073880127,2.3001124545006815
50000712.0,9.0,2821.8903259167,7,6450.0,31,תל אביב -יפו,מרכז,תל אביב,2285.701871813426,2.4806066825882143
50000713.0,7.0,825.51509921092,5,7430.0,31,תל אביב -יפו,מרכז,תל אביב,9000.441066555983,6.056824405488548
50000715.0,8.0,1540.74935196901,7,9166.0,31,תל אביב -יפו,מרכז,תל אביב,5949.053289093554,4.543243838496059
50000721.0,6.0,1211.97791487569,5,4766.0,31,תל אביב -יפו,מרכז,תל אביב,3932.4148909832556,4.1254877160965755
50000722.0,8.0,516.985137739835,5,763.0,31,תל אביב -יפו,מרכז,תל אביב,1475.8644771408658,9.6714579104906
50000723.0,5.0,2218.06856484579,4,6387.0,31,תל אביב -יפו,מרכז,תל אביב,2879.532265696237,1.8033707629223343
50000724.0,3.0,1316.89997301793,2,2237.0,31,תל אביב -יפו,מרכז,תל אביב,1698.6863435599316,1.518718232954789
50000725.0,5.0,2536.36867364508,8,7093.0,31,תל אביב -יפו,מרכז,תל אביב,2796.51774353705,3.1541155996470325
50000731.0,8.0,2847.46028255503,4,5200.0,31,תל אביב -יפו,מרכז,תל אביב,1826.188773152626,1.4047605947327892
50000732.0,6.0,3653.59485098502,7,7306.0,31,תל אביב -יפו,מרכז,תל אביב,1999.674374959851,1.915921246197503
50000733.0,6.0,1730.54118315528,8,5401.0,31,תל אביב -יפו,מרכז,תל אביב,3120.9890019215877,4.622831330378207
50000734.0,4.0,3340.78725471847,3,4488.0,31,תל אביב -יפו,מרכז,תל אביב,1343.3959297052593,0.8979919316211626
50000735.0,3.0,2568.07159723427,4,9058.0,31,תל אביב -יפו,מרכז,תל אביב,3527.1602278360047,1.5575889723276681
50000736.0,4.0,3575.18959710198,6,10201.0,31,תל אביב -יפו,מרכז,תל אביב,2853.275252386293,1.6782326746708907
50000743.0,5.0,3630.96604347876,9,12562.0,31,תל אביב -יפו,מרכז,תל אביב,3459.6853425719682,2.4786791978305778
50000744.0,4.0,3928.72017509535,22,34692.0,31,תל אביב -יפו,מרכז,תל אביב,8830.356567494153,5.599787976619144
50000745.0,5.0,3804.22098292694,7,9517.0,31,תל אביב -יפו,מרכז,תל אביב,2501.694839156712,1.8400613506458952
50000746.0,3.0,3607.17047669521,9,9881.0,31,תל אביב -יפו,מרכז,תל אביב,2739.2661544105063,2.4950304007382407
50000747.0,4.0,2553.89075270044,4,4902.0,31,תל אביב -יפו,מרכז,תל אביב,1919.4243116377277,1.5662377083947185
50000748.0,5.0,2811.01200889482,14,17847.0,31,תל אביב -יפו,מרכז,תל אביב,6348.959002497019,4.98041273238966
50000811.0,8.0,2209.21456125592,6,9227.0,31,תל אביב -יפו,מרכז,תל אביב,4176.597493886934,2.7158973624495077
50000812.0,8.0,5580.234600266,1,2876.0,31,תל אביב -יפו,מרכז,תל אביב,515.3905177862785,0.17920393525253073
50000813.0,9.0,2274.44437681009,3,7026.0,10,תל אביב -יפו,מרכז,תל אביב,3089.1061006530176,1.3190034588612372
50000814.0,7.0,3660.49406777712,4,9634.0,10,תל אביב -יפו,מרכז,תל אביב,2631.885155833722,1.0927486634144579
50000815.0,5.0,722.834204438088,8,12954.0,10,תל אביב -יפו,מרכז,תל אביב,17921.122050484722,11.067544882189113
50000816.0,5.0,620.369968409256,4,8828.0,10,תל אביב -יפו,מרכז,תל אביב,14230.21817551329,6.447765371777658
50000821.0,2.0,449.514365631271,48,24934.0,10,תל אביב -יפו,מרכז,תל אביב,55468.75006983188,106.78190436159183
50000822.0,5.0,3175.34794025366,6,5690.0,10,תל אביב -יפו,מרכז,תל אביב,1791.9296111989097,1.8895567077668642
50000823.0,5.0,1509.21367468053,6,12421.0,10,תל אביב -יפו,מרכז,תל אביב,8230.113607093625,3.9755801982579295
50000824.0,5.0,2269.19489946053,12,10000.0,31,תל אביב -יפו,מרכז,תל אביב,4406.8493201608035,5.288219184192964
50000826.0,7.0,1043.05378384596,10,12440.0,10,תל אביב -יפו,מרכז,תל אביב,11926.518260766083,9.587233328590099
50000832.0,6.0,3802.47567655818,7,10255.0,31,תל אביב -יפו,מרכז,תל אביב,2696.927179106202,1.840905924304575
50000833.0,5.0,4888.87333662667,13,23531.0,31,תל אביב -יפו,מרכז,תל אביב,4813.174402312584,2.659099368070358
50000911.0,8.0,4449.3326375222,5,5787.0,10,תל אביב -יפו,מרכז,תל אביב,1300.6444946815075,1.1237640354946494
50000912.0,9.0,4062.26571098503,9,8582.0,10,תל אביב -יפו,מרכז,תל אביב,2112.614144562939,2.2155123865143853
50000914.0,10.0,1214.95226472917,9,14460.0,10,תל אביב -יפו,מרכז,תל אביב,11901.702165412513,7.407698443202809
50000915.0,8.0,3130.68980520901,4,5362.0,12,תל אביב -יפו,מרכז,תל אביב,1712.721583300401,1.2776736913841111
50000916.0,7.0,1840.80898136979,3,4062.0,12,תל אביב -יפו,מרכז,תל אביב,2206.6385166033733,1.6297182545076614
50000921.0,7.0,4696.72448162596,9,15553.0,12,תל אביב -יפו,מרכז,תל אביב,3311.456752646411,1.9162290730931462
50000922.0,7.0,1987.64290967991,9,9163.0,12,תל אביב -יפו,מרכז,תל אביב,4609.982988078885,4.527976306090795
50000923.0,2.0,266.922007741115,5,7581.0,12,תל אביב -יפו,מרכז,תל אביב,28401.5546869134,18.7320635054171
50000924.0,5.0,1242.40413405467,5,3580.0,10,תל אביב -יפו,מרכז,תל אביב,2881.5100512555664,4.024455378848557
50000925.0,5.0,3058.49214075722,4,4946.0,10,תל אביב -יפו,מרכז,תל אביב,1617.1367367893486,1.3078339965947017
50000926.0,7.0,3639.62233868095,5,7948.0,12,תל אביב -יפו,מרכז,תל אביב,2183.7430536489305,1.3737689064223269
50000927.0,7.0,4993.61128560074,8,14047.0,12,תל אביב -יפו,מרכז,תל אביב,2812.9942834167,1.6020470041527441
50000928.0,6.0,404.739521986392,5,8214.0,10,תל אביב -יפו,מרכז,תל אביב,20294.534024468627,12.353624314870117
50000929.0,6.0,3745.93995757654,6,9583.0,10,תל אביב -יפו,מרכז,תל אביב,2558.2364128974946,1.6017341623066852
50000931.0,3.0,1376.73825930062,3,6652.0,10,תל אביב -יפו,מרכז,תל אביב,4831.709989216978,2.179063434703989
50000932.0,3.0,730.318529514447,3,2806.0,10,תל אביב -יפו,מרכז,תל אביב,3842.1591218089065,4.107796637714441
50000933.0,4.0,3362.94016561238,7,9445.0,10,תל אביב -יפו,מרכז,תל אביב,2808.5542813337856,2.0815119078175224
50000934.0,3.0,1587.15209493473,3,4598.0,10,תל אביב -יפו,מרכז,תל אביב,2897.012841223064,1.890178017326923
50000936.0,5.0,3703.05371840936,4,4191.0,10,תל אביב -יפו,מרכז,תל אביב,1131.7686208992498,1.080189568980434
50000937.0,5.0,5120.91613454341,3,6824.0,10,תל אביב -יפו,מרכז,תל אביב,1332.5740591548351,0.5858326754783859
50000941.0,5.0,4308.54681063877,8,10614.0,10,תל אביב -יפו,מרכז,תל אביב,2463.475614049649,1.8567745348028257
50000942.0,6.0,4996.7892067215,6,4469.0,10,תל אביב -יפו,מרכז,תל אביב,894.3743302175851,1.2007710855460978
50000943.0,5.0,2974.89125285759,2,1398.0,10,תל אביב -יפו,מרכז,תל אביב,469.93314416354673,0.6722934823512828
50000944.0,5.0,3421.70682064315,3,4352.0,10,תל אביב -יפו,מרכז,תל אביב,1271.8798623378232,0.8767554198100802
50000945.0,5.0,2492.19596507079,1,389.0,12,תל אביב -יפו,מרכז,תל אביב,156.08724412205305,0.40125255558368395
50000946.0,6.0,3286.95122794413,4,3668.0,12,תל אביב -יפו,מרכז,תל אביב,1115.927723178966,1.2169331768581964
50000947.0,6.0,4660.12128407745,7,18083.0,10,תל אביב -יפו,מרכז,תל אביב,3880.3711100364285,1.5021068279740641
61000112.0,2.0,2567.55913811464,14,7732.0,49,בני ברק,מרכז,תל אביב,3011.4204129598397,5.452649480268722
61000113.0,2.0,3320.73911367948,6,4973.0,11,בני ברק,מרכז,תל אביב,1497.5581729724515,1.8068266715935468
61000114.0,2.0,4653.83763760661,5,6469.0,11,בני ברק,מרכז,תל אביב,1390.0356015271082,1.074382131339549
61000115.0,2.0,6838.15481793526,9,9151.0,11,בני ברק,מרכז,תל אביב,1338.2265016870574,1.3161445213838394
61000117.0,3.0,348.673228354021,5,16341.0,11,בני ברק,מרכז,תל אביב,46866.23081772247,14.340074297081717
61000121.0,3.0,3923.85009913715,5,17771.0,11,בני ברק,מרכז,תל אביב,4528.970157118852,1.2742586678067782
61000122.0,2.0,6416.39055946217,14,28068.0,11,בני ברק,מרכז,תל אביב,4374.421996274599,2.1819120688272906
61000123.0,2.0,9875.06611636938,5,14188.0,11,בני ברק,מרכז,תל אביב,1436.7498741584418,0.5063257239069784
61000211.0,2.0,6583.91228285469,7,12606.0,11,בני ברק,מרכז,תל אביב,1914.6670639624954,1.063197639833212
61000212.0,2.0,5124.48908629819,3,5718.0,11,בני ברק,מרכז,תל אביב,1115.8185535585847,0.5854242148785859
61000213.0,2.0,5223.54951277956,2,5234.0,11,בני ברק,מרכז,תל אביב,1002.0006486384159,0.38288140949117916
61000214.0,2.0,4207.75666486269,3,8171.0,11,בני ברק,מרכז,תל אביב,1941.8898597993525,0.7129689853626309
61000221.0,2.0,4474.66655435785,2,6783.0,11,בני ברק,מרכז,תל אביב,1515.8671417413389,0.4469606786794454
61000222.0,2.0,8147.99353858308,8,11126.0,11,בני ברק,מרכז,תל אביב,1365.4895462686864,0.9818368119853939
61000223.0,2.0,10145.6339253837,6,19014.0,11,בני ברק,מרכז,תל אביב,1874.106649208803,0.591387393249859
61000231.0,3.0,3703.94035649622,2,7171.0,11,בני ברק,מרכז,תל אביב,1936.0462938942894,0.5399654982273852
61000232.0,3.0,7944.82435098858,3,5271.0,11,בני ברק,מרכז,תל אביב,663.4507909975538,0.3776043204311632
61000233.0,2.0,8422.29808437693,5,10392.0,11,בני ברק,מרכז,תל אביב,1233.8675140549585,0.593662198833217
61000311.0,2.0,7025.99509606432,7,8601.0,11,בני ברק,מרכז,תל אביב,1224.1682327415706,0.9963001545391227
61000312.0,1.0,5095.72731678028,2,5883.0,11,בני ברק,מרכז,תל אביב,1154.4966271305811,0.3924856797996197
61000313.0,1.0,4930.05068442748,3,6285.0,11,בני ברק,מרכז,תל אביב,1274.834763839729,0.6085130137659804
61000314.0,3.0,5748.83782606098,8,3953.0,11,בני ברק,מרכז,תל אביב,687.6172401454814,1.391585611222831
61000315.0,2.0,11053.5993566602,3,4228.0,11,בני ברק,מרכז,תל אביב,382.4998413256651,0.271404806995505
61000321.0,1.0,5536.87112784244,7,9019.0,11,בני ברק,מרכז,תל אביב,1628.8983058766703,1.264251928277713
61000322.0,1.0,7220.66081252621,5,10256.0,11,בני ברק,מרכז,תל אביב,1420.3686153223211,0.6924573982655622
61000323.0,2.0,6960.48432763553,6,15935.0,11,בני ברק,מרכז,תל אביב,2289.3521844065563,0.8620089806362936
61000411.0,2.0,10351.9129429048,11,17333.0,11,בני ברק,מרכז,תל אביב,1674.376523025151,1.0626055358724202
61000412.0,2.0,2194.66053178127,2,3498.0,11,בני ברק,מרכז,תל אביב,1593.8683679525097,0.911302668926535
61000413.0,2.0,5155.21683707108,7,6800.0,11,בני ברק,מרכז,תל אביב,1319.0521785817643,1.3578478308929929
61000414.0,2.0,2934.95213824831,3,1885.0,11,בני ברק,מרכז,תל אביב,642.2591957922145,1.022163176327132
61000415.0,2.0,4278.48655637711,5,12062.0,11,בני ברק,מרכז,תל אביב,2819.221199146113,1.1686375390259132
61000421.0,1.0,1864.7620974118,5,9562.0,11,בני ברק,מרכז,תל אביב,5127.731850229901,2.68130717958058
61000422.0,2.0,3696.02274272499,2,2694.0,11,בני ברק,מרכז,תל אביב,728.8916187820256,0.5411222114194696
61000423.0,2.0,4478.97369927188,2,4534.0,11,בני ברק,מרכז,תל אביב,1012.2854708294146,0.44653086494460287
61000424.0,2.0,4879.85844346034,6,9748.0,11,בני ברק,מרכז,תל אביב,1997.5989289327886,1.2295438626997057
61000425.0,2.0,4843.53923415295,3,4912.0,11,בני ברק,מרכז,תל אביב,1014.1344505613409,0.6193817898379526
61000426.0,2.0,6627.35249830533,2,6160.0,11,בני ברק,מרכז,תל אביב,929.4812674556188,0.30177963229078536
61000427.0,2.0,4278.65810128662,4,7190.0,11,בני ברק,מרכז,תל אביב,1680.433404538194,0.9348725477263945
62000111.0,5.0,3924.74630787738,3,2702.0,31,בת ים,מרכז,תל אביב,688.4521413719916,0.7643806158830403
62000112.0,4.0,3009.1388468851,2,1534.0,31,בת ים,מרכז,תל אביב,509.7803983315409,0.6646419795717613
62000113.0,4.0,4355.7431349297,9,10879.0,31,בת ים,מרכז,תל אביב,2497.6220275155374,2.066237544594157
62000114.0,5.0,3306.85022956582,4,5817.0,31,בת ים,מרכז,תל אביב,1759.0757355720207,1.2096102702919171
62000115.0,5.0,2997.83182586438,7,3001.0,31,בת ים,מרכז,תל אביב,1001.056821836464,2.3350209106481996
62000212.0,5.0,4113.61267033089,7,9734.0,31,בת ים,מרכז,תל אביב,2366.289872210312,1.701667259654015
62000213.0,5.0,2764.79953360566,2,1822.0,31,בת ים,מרכז,תל אביב,658.9989537591804,0.7233797516566196
62000214.0,5.0,2812.87999108392,2,2794.0,31,בת ים,מרכז,תל אביב,993.2880211229187,0.7110150473320821
62000215.0,5.0,4254.6146351637,3,4408.0,31,בת ים,מרכז,תל אביב,1036.0515294543,0.7051167396467559
62000217.0,5.0,4237.66731179603,6,3192.0,31,בת ים,מרכז,תל אביב,753.2445954675829,1.4158732997510957
62000221.0,5.0,2472.91740293713,1,1971.0,31,בת ים,מרכז,תל אביב,797.0343035553902,0.4043806715146577
62000222.0,5.0,3938.63942750082,1,1721.0,31,בת ים,מרכז,תל אביב,436.9529203367631,0.25389478229910695
62000223.0,5.0,2140.53587558274,2,1707.0,31,בת ים,מרכז,תל אביב,797.4638591540943,0.9343454705964783
62000224.0,5.0,2532.59989752523,2,1707.0,31,בת ים,מרכז,תל אביב,674.0109251635135,0.7897023141927516
62000225.0,5.0,1994.27383206494,2,4230.0,31,בת ים,מרכז,תל אביב,2121.0728095550007,1.0028713047541375
62000226.0,7.0,3096.5545991933,10,13408.0,31,בת ים,מרכז,תל אביב,4329.973708034403,3.2293956653001223
62000227.0,5.0,1890.5061189768,3,1823.0,31,בת ים,מרכז,תל אביב,964.2920388888577,1.5868766410677857
62000228.0,5.0,1751.84338795459,27,32089.0,31,בת ים,מרכז,תל אביב,18317.27665876933,15.412336619613324
62000311.0,5.0,3497.0317840562,3,2190.0,31,בת ים,מרכז,תל אביב,626.2453804351253,0.8578703841577059
62000312.0,5.0,2484.23913645862,2,2852.0,31,בת ים,מרכז,תל אביב,1148.0376257438875,0.805075473873694
62000313.0,5.0,3163.91038542589,3,2595.0,31,בת ים,מרכז,תל אביב,820.1875792543,0.9481937332419652
62000314.0,5.0,3651.54971903331,1,1795.0,31,בת ים,מרכז,תל אביב,491.5721099575218,0.27385632866714305
62000315.0,5.0,3557.12814663657,1,3638.0,31,בת ים,מרכז,תל אביב,1022.7351531993296,0.2811256605825535
62000316.0,5.0,2308.75841714256,2,2948.0,31,בת ים,מרכז,תל אביב,1276.876774161845,0.8662664682237756
62000321.0,5.0,3053.76255922559,2,4048.0,31,בת ים,מרכז,תל אביב,1325.577847488752,0.6549297665458261
62000322.0,5.0,4969.35327370872,4,5117.0,31,בת ים,מרכז,תל אביב,1029.7114570365588,0.8049337166594168
62000411.0,4.0,3395.2392326239,5,3375.0,31,בת ים,מרכז,תל אביב,994.0389376897431,1.4726502780588784
62000412.0,3.0,4320.51365592491,8,8641.0,31,בת ים,מרכז,תל אביב,1999.993678564172,1.8516316894472138
62000413.0,3.0,3693.80893515562,8,2930.0,31,בת ים,מרכז,תל אביב,793.2191543839447,2.165786087055139
62000421.0,4.0,4430.03285316296,8,10803.0,31,בת ים,מרכז,תל אביב,2438.5823667846753,1.8058556821510139
62000422.0,5.0,2021.42237171166,4,5659.0,31,בת ים,מרכז,תל אביב,2799.513886456191,1.978804655561895
62000423.0,4.0,2252.18252036389,4,4439.0,31,בת ים,מרכז,תל אביב,1970.9770233376914,1.7760549883646692
62000511.0,5.0,2692.21637174811,9,5134.0,31,בת ים,מרכז,תל אביב,1906.978968657854,3.342970533291914
62000512.0,6.0,3037.37736196853,5,8454.0,31,בת ים,מרכז,תל אביב,2783.3222522343904,1.6461569980094575
62000513.0,5.0,2808.43884534483,2,3979.0,31,בת ים,מרכז,תל אביב,1416.8013687018506,0.7121394162864291
62000514.0,5.0,3076.11522557352,1,1532.0,31,בת ים,מרכז,תל אביב,498.03075881670503,0.32508535170803204
62000521.0,6.0,3716.72977259226,5,9675.0,31,בת ים,מרכז,תל אביב,2603.0948150562213,1.345268638271949
62000522.0,4.0,5099.01914239666,7,6633.0,31,בת ים,מרכז,תל אביב,1300.8384190694237,1.3728130459047136
62000523.0,6.0,3185.3972675887,7,6906.0,31,בת ים,מרכז,תל אביב,2168.018435335616,2.1975280983708823
63000011.0,8.0,3363.09029505189,5,5471.0,12,גבעתיים,מרכז,תל אביב,1626.7776122602104,1.4867278488943616
63000012.0,9.0,7852.41138983855,6,7553.0,12,גבעתיים,מרכז,תל אביב,961.8701345390532,0.7640964924181542
63000013.0,9.0,4988.29008097159,5,2887.0,12,גבעתיים,מרכז,תל אביב,578.7554358582304,1.002347481569502
63000021.0,8.0,4749.70650208375,5,6968.0,12,גבעתיים,מרכז,תל אביב,1467.0380152843254,1.0526966240559166
63000022.0,9.0,3491.36875847454,5,4373.0,12,גבעתיים,מרכז,תל אביב,1252.5173656851605,1.432103093625841
63000023.0,9.0,4535.50935304595,5,3569.0,12,גבעתיים,מרכז,תל אביב,786.9016955291112,1.1024120139102147
63000031.0,9.0,3606.92091316845,3,2098.0,12,גבעתיים,מרכז,תל אביב,581.6595513199209,0.8317343441180947
63000032.0,8.0,3243.19422248603,5,4157.0,12,גבעתיים,מרכז,תל אביב,1281.761040143166,1.5416899688996462
63000033.0,8.0,4928.30478383256,4,3637.0,12,גבעתיים,מרכז,תל אביב,737.9819551605815,0.8116381140066886
63000034.0,9.0,4565.93825193599,6,2793.0,12,גבעתיים,מרכז,תל אביב,611.703410315667,1.3140782176491235
63000041.0,9.0,5485.55346501705,3,3093.0,12,גבעתיים,מרכז,תל אביב,563.844654823793,0.5468910328067826
63000042.0,9.0,3478.73063145917,7,3899.0,12,גבעתיים,מרכז,תל אביב,1120.811127122121,2.0122282354077576
63000043.0,7.0,3651.32050457299,10,7129.0,12,גבעתיים,מרכז,תל אביב,1952.4443255724857,2.7387352020935416
63000044.0,8.0,3330.95602831732,8,4542.0,12,גבעתיים,מרכז,תל אביב,1363.5724883148505,2.401712881223867
64000011.0,5.0,3204.91927469104,10,4499.0,33,הרצלייה,מרכז,תל אביב,1403.7795071870296,3.1202033945032888
64000012.0,7.0,4680.4819952898,16,4598.0,33,הרצלייה,מרכז,תל אביב,982.3774569856682,3.4184513509723122
64000013.0,7.0,4465.1552832255,9,2451.0,33,הרצלייה,מרכז,תל אביב,548.9170800414959,2.0156073930532283
64000021.0,9.0,4799.05288117875,7,1012.0,33,הרצלייה,מרכז,תל אביב,210.87494242227046,1.4586211432370486
64000022.0,9.0,5392.4778284631,7,2130.0,33,הרצלייה,מרכז,תל אביב,394.99466993767265,1.2981045490909429
64000023.0,8.0,3542.72328038301,6,2776.0,33,הרצלייה,מרכז,תל אביב,783.5779936218676,1.6936123781452468
64000024.0,8.0,3310.39488359105,8,2172.0,33,הרצלייה,מרכז,תל אביב,656.1150788282569,2.4166301245976314
64000031.0,7.0,1872.27530948701,4,1778.0,33,הרצלייה,מרכז,תל אביב,949.6466630685629,2.1364379371621216
64000032.0,9.0,2293.34084725925,1,687.0,33,הרצלייה,מרכז,תל אביב,299.5629719939045,0.4360450829605597
64000033.0,8.0,3314.99228423092,4,2593.0,33,הרצלייה,מרכז,תל אביב,782.203932218677,1.2066393092459344
64000034.0,7.0,4286.61600171785,6,3507.0,33,הרצלייה,מרכז,תל אביב,818.1278655691527,1.3997055014014588
64000035.0,7.0,4038.89051880657,2,1758.0,33,הרצלייה,מרכז,תל אביב,435.2680499295787,0.4951854948004308
64000041.0,7.0,3038.58945540788,4,1853.0,33,הרצלייה,מרכז,תל אביב,609.8224282000826,1.3164002767405993
64000042.0,8.0,3413.02439331084,7,2988.0,33,הרצלייה,מרכז,תל אביב,875.4698635779334,2.0509668825453593
64000043.0,9.0,3316.86836743034,2,299.0,33,הרצלייה,מרכז,תל אביב,90.14527164719614,0.6029784056668638
64000044.0,9.0,2918.73928808498,4,1851.0,33,הרצלייה,מרכז,תל אביב,634.1779163203245,1.3704547084177732
64000051.0,8.0,3277.19859063208,14,2817.0,33,הרצלייה,מרכז,תל אביב,859.5756168248197,4.271941297673935
64000052.0,9.0,4009.40911383046,9,3116.0,33,הרצלייה,מרכז,תל אביב,777.171875339774,2.2447197939852264
64000053.0,9.0,5295.81155323167,39,13582.0,33,הרצלייה,מרכז,תל אביב,2564.6682974797013,7.364310381512912
64000054.0,9.0,5850.59382145219,6,1901.0,33,הרצלייה,מרכז,תל אביב,324.9242825625089,1.025536925499765
64000055.0,9.0,2653.22211122302,10,2010.0,33,הרצלייה,מרכז,תל אביב,757.5694441478469,3.7690022096907803
64000056.0,8.0,3902.84741827459,2,1402.0,33,הרצלייה,מרכז,תל אביב,359.2249067783978,0.5124463720091267
64000057.0,8.0,3379.84371602011,10,3453.0,33,הרצלייה,מרכז,תל אביב,1021.6448718126039,2.9587166863961882
64000061.0,9.0,1283.2660224529,21,17916.0,33,הרצלייה,מרכז,תל אביב,13961.251748686096,16.364494681983032
64000063.0,9.0,4055.23563396534,14,6305.0,33,הרצלייה,מרכז,תל אביב,1554.7801827325056,3.452327130571781
64000064.0,9.0,2852.65293378033,9,4374.0,33,הרצלייה,מרכז,תל אביב,1533.3095548372876,3.1549579317639664
64000065.0,8.0,3647.91254037403,20,6961.0,33,הרצלייה,מרכז,תל אביב,1908.2146084802434,5.482587583623742
64000066.0,9.0,4824.75659905272,18,4209.0,33,הרצלייה,מרכז,תל אביב,872.3756138965401,3.7307581492368076
65000011.0,6.0,3703.83748242747,6,5044.0,41,חדרה,מרכז,פריפריה,1361.8308103232966,1.6199414872997184
65000012.0,6.0,3868.05286141497,10,5348.0,41,חדרה,מרכז,פריפריה,1382.6077852626997,2.5852800771553848
65000013.0,7.0,6105.98530442325,33,15185.0,41,חדרה,מרכז,פריפריה,2486.9041183246545,5.404533151446401
65000021.0,7.0,3363.37506303122,12,7420.0,41,חדרה,מרכז,פריפריה,2206.1173258841886,3.567844731888176
65000023.0,7.0,7335.60295271129,46,25199.0,41,חדרה,מרכז,פריפריה,3435.164111586257,6.2707865047409745
65000024.0,3.0,3628.68261243785,9,6119.0,41,חדרה,מרכז,פריפריה,1686.286912783779,2.4802389630746875
65000031.0,6.0,4878.23453197538,17,6396.0,41,חדרה,מרכז,פריפריה,1311.130073405884,3.484867299546597
65000032.0,5.0,6182.73256329194,19,8221.0,41,חדרה,מרכז,פריפריה,1329.670969242571,3.0730748589720047
65000041.0,7.0,15579.4756075176,36,10064.0,41,חדרה,מרכז,פריפריה,645.9780966660903,2.3107324602523103
65000042.0,7.0,2519.59789009043,15,3510.0,41,חדרה,מרכז,פריפריה,1393.0794329542894,5.953330910061065
65000043.0,3.0,2540.42349386088,5,883.0,41,חדרה,מרכז,פריפריה,347.57984333471734,1.9681757833222955
65000044.0,4.0,4813.11655767072,10,1529.0,41,חדרה,מרכז,פריפריה,317.67358668329257,2.077655897209238
65000045.0,5.0,4086.80942784375,26,12371.0,41,חדרה,מרכז,פריפריה,3027.0557554544666,6.36193110030039
65000051.0,5.0,4874.05982591436,10,12857.0,41,חדרה,מרכז,פריפריה,2637.8420575886266,2.0516777300992666
65000052.0,5.0,4299.90867109815,8,18023.0,41,חדרה,מרכז,פריפריה,4191.484372945326,1.8605046320569611
65000053.0,5.0,4295.7007168974,5,9316.0,41,חדרה,מרכז,פריפריה,2168.6799462902404,1.1639544580776302
65000061.0,5.0,3563.46998673371,26,18745.0,41,חדרה,מרכז,פריפריה,5260.322121355016,7.296259010681804
65000062.0,4.0,2733.12334492619,7,6373.0,41,חדרה,מרכז,פריפריה,2331.7645037246234,2.5611723718927295
65000063.0,6.0,4496.69420768054,14,7082.0,41,חדרה,מרכז,פריפריה,1574.9347571608607,3.1133982773583804
65000064.0,5.0,6140.62597365327,17,10133.0,41,חדרה,מרכז,פריפריה,1650.157499166413,2.768447398187015
66000211.0,6.0,4045.95347728082,23,22977.0,30,חולון,מרכז,תל אביב,5679.007464871357,5.684692157028385
66000212.0,5.0,3703.42167125753,7,7835.0,30,חולון,מרכז,תל אביב,2115.6111011629837,1.8901439321175348
66000213.0,7.0,4340.94055347788,2,2638.0,30,חולון,מרכז,תל אביב,607.7024017033553,0.46072964496084556
66000214.0,7.0,4272.29266119703,4,4740.0,30,חולון,מרכז,תל אביב,1109.4745552080053,0.936265447432916
66000215.0,5.0,2431.71896936167,8,5762.0,30,חולון,מרכז,תל אביב,2369.517231472078,3.289853844459671
66000216.0,5.0,3219.66298909728,4,4172.0,30,חולון,מרכז,תל אביב,1295.7877933583768,1.2423660530761043
66000221.0,7.0,1673.22153278703,2,2002.0,30,חולון,מרכז,תל אביב,1196.4942840923966,1.1952989851072895
66000222.0,7.0,1831.53233602002,5,5284.0,30,חולון,מרכז,תל אביב,2885.015948712271,2.7299545313325804
66000223.0,5.0,2863.2493807963,9,7183.0,30,חולון,מרכז,תל אביב,2508.6882226103307,3.14328191612042
66000224.0,7.0,2208.88402730147,3,1514.0,30,חולון,מרכז,תל אביב,685.4139833903414,1.3581518825436092
66000225.0,6.0,4544.34115873066,35,22602.0,30,חולון,מרכז,תל אביב,4973.658273119896,7.7018865392087585
66000311.0,7.0,2443.81468807643,10,3010.0,30,חולון,מרכז,תל אביב,1231.6809513773833,4.091963293612569
66000312.0,7.0,2481.53966794489,3,1495.0,30,חולון,מרכז,תל אביב,602.448560186869,1.2089268766291688
66000313.0,6.0,3553.30162122854,4,6485.0,30,חולון,מרכז,תל אביב,1825.063192287582,1.1257136112799273
66000321.0,7.0,4053.76084140747,2,1418.0,30,חולון,מרכז,תל אביב,349.79863279444703,0.49336901663532723
66000322.0,7.0,3104.53144347241,5,2718.0,30,חולון,מרכז,תל אביב,875.4944343420547,1.6105489962142285
66000323.0,6.0,3759.68073616885,2,1709.0,30,חולון,מרכז,תל אביב,454.55987354433904,0.5319600626616021
66000324.0,6.0,3424.05484454158,6,7220.0,30,חולון,מרכז,תל אביב,2108.6110847522446,1.7523083806805357
66000331.0,6.0,2585.99595250548,5,6157.0,30,חולון,מרכז,תל אביב,2380.900864920032,1.9334910385902486
66000333.0,6.0,2489.01747149855,3,1698.0,30,חולון,מרכז,תל אביב,682.1968987536652,1.2052948741230833
66000334.0,6.0,2039.68467973475,5,6516.0,30,חולון,מרכז,תל אביב,3194.6114341788216,2.4513592957173276
66000335.0,6.0,4299.87791750967,6,3847.0,30,חולון,מרכז,תל אביב,894.6765638006858,1.3953884540691746
66000411.0,8.0,5474.89798608523,4,2717.0,30,חולון,מרכז,תל אביב,496.2649545079037,0.7306072204753827
66000412.0,6.0,3111.49139248956,3,4216.0,30,חולון,מרכז,תל אביב,1354.9772338038522,0.9641678608661187
66000413.0,7.0,5987.57688693757,3,2066.0,30,חולון,מרכז,תל אביב,345.0477612249393,0.501037407393426
66000414.0,7.0,6683.23095274257,5,4734.0,30,חולון,מרכז,תל אביב,708.3400279706522,0.7481411364286567
66000415.0,7.0,4729.69890465779,3,1505.0,30,חולון,מרכז,תל אביב,318.2020738186698,0.634289848143528
66000416.0,8.0,13664.367573529,9,3949.0,30,חולון,מרכז,תל אביב,288.99983689330156,0.6586473871966864
66000421.0,7.0,864.316804254477,2,845.0,30,חולון,מרכז,תל אביב,977.650782491567,2.3139663490924667
66000422.0,7.0,4367.15985301585,4,2405.0,30,חולון,מרכז,תל אביב,550.7011606958165,0.9159270863963684
66000423.0,7.0,2858.06262274504,6,2965.0,30,חולון,מרכז,תל אביב,1037.4160371448586,2.099324189837825
66000424.0,7.0,2134.93015715286,1,533.0,30,חולון,מרכז,תל אביב,249.65687903852,0.468399397820863
66000425.0,7.0,3098.89602789615,4,2788.0,43,חולון,מרכז,תל אביב,899.6752310831099,1.29078225406472
66000426.0,7.0,2635.03314407158,8,7616.0,43,חולון,מרכז,תל אביב,2890.2862254825263,3.036014942733746
66000427.0,7.0,4063.63485529068,6,7121.0,31,חולון,מרכז,תל אביב,1752.372015100904,1.476510615167171
66000512.0,3.0,4090.05783095006,14,13773.0,31,חולון,מרכז,תל אביב,3367.4340484326926,3.4229344861727804
66000514.0,4.0,4029.79642572048,6,5991.0,31,חולון,מרכז,תל אביב,1486.6755952638177,1.4889089587018707
66000521.0,5.0,4446.47309981183,6,5095.0,30,חולון,מרכז,תל אביב,1145.8519787774303,1.3493840770686127
66000522.0,7.0,2999.24130728511,1,531.0,30,חולון,מרכז,תל אביב,177.04477419346333,0.33341765384833016
66000523.0,6.0,4394.30961715061,7,5988.0,30,חולון,מרכז,תל אביב,1362.6713913442406,1.5929692283583308
66000611.0,6.0,4103.98521030717,4,4120.0,31,חולון,מרכז,תל אביב,1003.9022532665589,0.974662381812193
66000612.0,6.0,2476.01781413257,3,4468.0,31,חולון,מרכז,תל אביב,1804.5104419272066,1.2116229466834423
66000613.0,6.0,2362.61267989699,1,1476.0,31,חולון,מרכז,תל אביב,624.7321080425056,0.42326023580115557
66000614.0,5.0,4712.13869355063,3,2610.0,31,חולון,מרכז,תל אביב,553.8886203778833,0.6366535866412453
66000615.0,4.0,2548.8966777371,2,1048.0,30,חולון,מרכז,תל אביב,411.158290233408,0.7846532256362748
66000621.0,3.0,5495.81195100664,5,4168.0,31,חולון,מרכז,תל אביב,758.3956724058888,0.9097836761107111
66000622.0,5.0,4239.71165945393,3,4024.0,31,חולון,מרכז,תל אביב,949.1211486109144,0.7075952897198666
66000623.0,5.0,3820.99709216624,2,1198.0,30,חולון,מרכז,תל אביב,313.5307280018937,0.5234235859797891
66000624.0,5.0,3391.53576737213,6,6938.0,30,חולון,מרכז,תל אביב,2045.680917402143,1.7691100467588436
66000625.0,6.0,4714.43506160922,5,4374.0,31,חולון,מרכז,תל אביב,927.7887897149195,1.0605724619512111
66000626.0,5.0,3855.0028653554,19,34736.0,31,חולון,מרכז,תל אביב,9010.628840816082,4.928660409244172
67000011.0,5.0,6630.7946402561,18,8417.0,54,טבריה,צפון,פריפריה,1269.3802864742183,2.714606766845186
67000012.0,2.0,5362.80355965132,13,12983.0,54,טבריה,צפון,פריפריה,2420.9352171094874,2.4241052008336545
67000013.0,2.0,3078.532458832,8,3985.0,54,טבריה,צפון,פריפריה,1294.4479401435042,2.598640783224099
67000014.0,3.0,1253.29684597062,36,29795.0,54,טבריה,צפון,פריפריה,23773.298477365242,28.724240482804113
67000015.0,2.0,785.522366150789,14,3925.0,54,טבריה,צפון,פריפריה,4996.675039608684,17.822535173126514
67000021.0,5.0,5058.54814240523,30,19568.0,54,טבריה,צפון,פריפריה,3868.3036019690508,5.930555399584604
67000022.0,4.0,1703.11026813812,14,4892.0,54,טבריה,צפון,פריפריה,2872.3918183806436,8.220254590623263
67000023.0,2.0,2349.8527192477,9,1182.0,54,טבריה,צפון,פריפריה,503.0102483948078,3.8300272720416833
67000024.0,6.0,2705.48611801296,19,3874.0,54,טבריה,צפון,פריפריה,1431.9053327263987,7.02276750691832
67000025.0,5.0,2995.60398658041,40,19516.0,54,טבריה,צפון,פריפריה,6514.879833057712,13.352899842299061
67000031.0,5.0,3126.87049184924,32,18393.0,54,טבריה,צפון,פריפריה,5882.239142281307,10.233874438808341
67000032.0,2.0,2945.40204541911,10,6256.0,54,טבריה,צפון,פריפריה,2123.988475437422,3.395122243346263
67000033.0,2.0,1700.62404888613,10,9767.0,54,טבריה,צפון,פריפריה,5743.185865445783,5.880194394845687
67000034.0,2.0,2079.28868662252,17,6880.0,54,טבריה,צפון,פריפריה,3308.8238512832418,8.17587288834522
67000036.0,2.0,4457.28558114702,40,22920.0,54,טבריה,צפון,פריפריה,5142.143033631212,8.974071611921838
68000011.0,8.0,6439.80368448684,30,17754.0,22,קריית אתא,צפון,חיפה,2756.9163393549534,4.658527102661293
68000012.0,5.0,5592.46931463391,103,44095.0,19,קריית אתא,צפון,חיפה,7884.7102271291615,18.4176245241933
68000013.0,4.0,4004.73978640335,15,8476.0,22,קריית אתא,צפון,חיפה,2116.4920699160534,3.745561709384238
68000014.0,3.0,3821.19993087445,18,13693.0,22,קריית אתא,צפון,חיפה,3583.4293540527915,4.7105622122946205
68000021.0,5.0,6560.66046565289,19,17750.0,22,קריית אתא,צפון,חיפה,2705.5202891426566,2.896049886969604
68000022.0,5.0,5589.47453902526,11,6536.0,22,קריית אתא,צפון,חיפה,1169.3406874592906,1.9679846331169215
68000023.0,5.0,4918.3516274092,7,4901.0,22,קריית אתא,צפון,חיפה,996.4720644793874,1.4232410633249768
68000024.0,5.0,6200.4501345084,7,5905.0,22,קריית אתא,צפון,חיפה,952.3502119847586,1.128950293631382
68000025.0,7.0,8903.16621349917,13,6717.0,22,קריית אתא,צפון,חיפה,754.4507020227863,1.4601547009522438
68000031.0,6.0,4238.30439871742,15,8561.0,22,קריית אתא,צפון,חיפה,2019.9115482575291,3.5391511767156802
68000032.0,5.0,3428.05209676915,42,29445.0,22,קריית אתא,צפון,חיפה,8589.426055616585,12.25185581035478
69000011.0,7.0,3301.41574498559,12,6489.0,32,כפר סבא,מרכז,תל אביב,1965.520401317503,3.634804255788262
69000012.0,6.0,4710.58564148428,11,4364.0,32,כפר סבא,מרכז,תל אביב,926.4240865441367,2.3351661209865955
69000013.0,8.0,5251.51092067963,10,4091.0,32,כפר סבא,מרכז,תל אביב,779.0138993885133,1.904213882641196
69000015.0,8.0,4240.79574730917,13,3436.0,32,כפר סבא,מרכז,תל אביב,810.2252984431467,3.065462421350672
69000016.0,8.0,1674.46911765434,5,1050.0,32,כפר סבא,מרכז,תל אביב,627.0644163750717,2.9860210303574846
69000021.0,9.0,12013.487345345,28,11511.0,32,כפר סבא,מרכז,תל אביב,958.1730657468329,2.330713738242665
69000022.0,9.0,13140.3878981761,20,11904.0,32,כפר סבא,מרכז,תל אביב,905.9093302452881,1.5220250844174867
69000031.0,9.0,2719.50296282095,2,1677.0,32,כפר סבא,מרכז,תל אביב,616.6568019695931,0.7354285056286142
69000032.0,8.0,2543.32459611929,4,1429.0,32,כפר סבא,מרכז,תל אביב,561.8630048954142,1.5727445903300608
69000033.0,8.0,2573.17424428391,7,6010.0,32,כפר סבא,מרכז,תל אביב,2335.636622102335,2.7203754333970624
69000034.0,8.0,3646.95306484339,6,5025.0,32,כפר סבא,מרכז,תל אביב,1377.862536384407,1.6452089986679486
69000035.0,7.0,2076.73569298756,1,1505.0,32,כפר סבא,מרכז,תל אביב,724.6950129869103,0.4815249255726979
69000036.0,8.0,3449.90838943223,2,2598.0,32,כפר סבא,מרכז,תל אביב,753.0634749485528,0.5797255388364532
69000037.0,8.0,3155.7909527472,1,373.0,32,כפר סבא,מרכז,תל אביב,118.19540824632048,0.31687777009737395
69000041.0,8.0,3578.90594274782,1,2002.0,32,כפר סבא,מרכז,תל אביב,559.3888277664263,0.27941499888432886
69000042.0,8.0,2354.6897490284,1,2053.0,32,כפר סבא,מרכז,תל אביב,871.8770703644145,0.42468439861880886
69000043.0,8.0,2676.87165767282,2,270.0,32,כפר סבא,מרכז,תל אביב,100.86400639570769,0.7471407881163533
69000044.0,7.0,4558.18386241588,8,5402.0,32,כפר סבא,מרכז,תל אביב,1185.121127855709,1.7550849727592879
69000045.0,8.0,2759.44342774475,9,6316.0,32,כפר סבא,מרכז,תל אביב,2288.8673623441405,3.2615272737646084
69000051.0,7.0,4509.18680118394,13,4274.0,32,כפר סבא,מרכז,תל אביב,947.8427460307945,2.8830032050538907
69000052.0,7.0,2997.81395120652,2,3964.0,32,כפר סבא,מרכז,תל אביב,1322.2968684913292,0.6671528095314477
69000053.0,8.0,3205.22981382049,6,704.0,32,כפר סבא,מרכז,תל אביב,219.6410369591763,1.8719406559020706
69000054.0,7.0,3334.23337895944,4,802.0,32,כפר סבא,מרכז,תל אביב,240.53505224349087,1.1996760710398549
69000055.0,7.0,3344.22189841719,4,481.0,32,כפר סבא,מרכז,תל אביב,143.83016875395015,1.196092879450729
69000056.0,7.0,3479.60291286388,9,6283.0,32,כפר סבא,מרכז,תל אביב,1805.6658065126144,2.586502030656299
70000012.0,2.0,6393.3185792647,12,10435.0,28,לוד,מרכז,תל אביב,1632.1726925737112,1.8769594931369942
70000013.0,4.0,7159.50943952298,3,3960.0,28,לוד,מרכז,תל אביב,553.110521530906,0.4190231223718985
70000014.0,2.0,3942.92969371834,14,9730.0,28,לוד,מרכז,תל אביב,2467.70821592414,3.550659303487971
70000015.0,2.0,4276.51915398422,5,3901.0,28,לוד,מרכז,תל אביב,912.1904660161833,1.169175167926408
70000021.0,5.0,4203.27574525563,15,8669.0,28,לוד,מרכז,תל אביב,2062.439041689086,3.5686452445883368
70000022.0,4.0,3489.25480743028,7,5592.0,28,לוד,מרכז,תל אביב,1602.6344616884894,2.006159018565705
70000023.0,3.0,10973.1088354823,22,14796.0,28,לוד,מרכז,תל אביב,1348.387245750823,2.004901284571378
70000024.0,5.0,3063.72049056207,7,3986.0,28,לוד,מרכז,תל אביב,1301.032523129657,2.284803728526743
70000025.0,5.0,3055.19926302094,9,2439.0,28,לוד,מרכז,תל אביב,798.3112687675728,2.945798039732741
70000031.0,3.0,2159.01020807671,5,4828.0,28,לוד,מרכז,תל אביב,2236.2098993042187,2.315876034904949
70000032.0,4.0,4881.55454339252,12,4844.0,28,לוד,מרכז,תל אביב,992.306847530086,2.458233313451906
70000041.0,3.0,2828.45302475178,3,3605.0,28,לוד,מרכז,תל אביב,1274.5483020056054,1.060650459366662
70000042.0,3.0,7436.87820691335,9,9154.0,28,לוד,מרכז,תל אביב,1230.8928215995802,1.2101852080397881
70000043.0,3.0,1662.75243738603,12,14238.0,28,לוד,מרכז,תל אביב,8562.91031657316,7.216949276504979
70000044.0,1.0,5044.50938187076,7,2026.0,28,לוד,מרכז,תל אביב,401.62478580794243,1.3876473349731475
70000051.0,6.0,3374.53748641252,7,5418.0,28,לוד,מרכז,תל אביב,1605.5533600724318,2.074358346346811
70000052.0,5.0,2654.98248606329,8,6755.0,28,לוד,מרכז,תל אביב,2544.2729040431695,3.013202551050386
70000053.0,5.0,3174.12290941137,4,3042.0,28,לוד,מרכז,תל אביב,958.3749863561926,1.2601906460962427
70000054.0,5.0,2275.42374176508,4,3109.0,28,לוד,מרכז,תל אביב,1366.3389121484258,1.7579143289140247
71000111.0,7.0,14091.1248638767,38,13299.0,71,אשקלון,מרכז,פריפריה,943.785547887142,2.696732898692488
71000112.0,7.0,8892.41119121646,9,2842.0,71,אשקלון,מרכז,פריפריה,319.5983562711545,1.0120989466714956
71000113.0,7.0,10254.423927859,16,8296.0,71,אשקלון,מרכז,פריפריה,809.0166798606409,1.5603021790947753
71000114.0,6.0,5662.10585016267,29,11505.0,71,אשקלון,מרכז,פריפריה,2031.9295160597298,5.121769314709445
71000121.0,5.0,2451.73440314784,15,6497.0,71,אשקלון,מרכז,פריפריה,2649.9607753834784,6.118117843735905
71000122.0,7.0,4733.64458706251,11,3348.0,71,אשקלון,מרכז,פריפריה,707.2774346325862,2.323790854527613
71000123.0,7.0,5374.72249988848,13,7052.0,71,אשקלון,מרכז,פריפריה,1312.0677393384165,2.4187295251559005
71000124.0,6.0,4068.5845114401,14,5563.0,71,אשקלון,מרכז,פריפריה,1367.3059965592167,3.4410001710999523
71000125.0,6.0,5305.379867044,10,3775.0,71,אשקלון,מרכז,פריפריה,711.5418866516184,1.8848791699380618
71000126.0,5.0,4660.81452976887,7,1570.0,71,אשקלון,מרכז,פריפריה,336.85099245471514,1.5018834058490482
71000127.0,5.0,859.333573643685,25,11935.0,71,אשקלון,מרכז,פריפריה,13888.669506294353,29.09231149202839
71000211.0,5.0,4422.50484388935,2,2836.0,71,אשקלון,מרכז,פריפריה,641.2655497525456,0.4522324046209772
71000212.0,5.0,6524.04375524635,13,4289.0,71,אשקלון,מרכז,פריפריה,657.4143523410575,1.992629186391641
71000213.0,5.0,8857.02458067846,20,4964.0,71,אשקלון,מרכז,פריפריה,560.4590971587606,2.258094670260921
71000214.0,5.0,3608.71400662937,7,2585.0,71,אשקלון,מרכז,פריפריה,716.3216578679383,1.939749170241999
71000215.0,6.0,3642.81667213463,53,15910.0,71,אשקלון,מרכז,פריפריה,4367.499501608738,14.549181243574049
71000221.0,5.0,3753.81067068564,13,3059.0,71,אשקלון,מרכז,פריפריה,814.9052438601727,3.4631474894351895
71000222.0,2.0,478.622821993364,11,12231.0,71,אשקלון,מרכז,פריפריה,25554.569147080034,22.982606542218985
71000223.0,2.0,1654.73313630067,16,2465.0,71,אשקלון,מרכז,פריפריה,1489.6661859994942,9.669232850300975
71000225.0,4.0,4086.36662531475,37,8979.0,71,אשקלון,מרכז,פריפריה,2197.306512924155,9.054498382692252
71000226.0,3.0,5297.75365949511,13,6756.0,71,אשקלון,מרכז,פריפריה,1275.2574834979898,2.4538702317160848
71000311.0,4.0,3470.27872770558,10,3006.0,71,אשקלון,מרכז,פריפריה,866.2128422138172,2.8816129148829583
71000312.0,5.0,8208.63685281572,44,12158.0,71,אשקלון,מרכז,פריפריה,1481.1228975039348,5.360207887002232
71000313.0,2.0,3741.41132950713,6,3061.0,71,אשקלון,מרכז,פריפריה,818.1404636958847,1.6036729115241124
71000314.0,2.0,4320.45845905737,8,4736.0,71,אשקלון,מרכז,פריפריה,1096.1799644367582,1.851655345332362
71000315.0,2.0,1851.97672383387,4,1923.0,71,אשקלון,מרכז,פריפריה,1038.3499831569702,2.159854359140864
71000316.0,3.0,3737.08974087727,6,3904.0,71,אשקלון,מרכז,פריפריה,1044.6631659114369,1.6055274066261838
71000321.0,3.0,6107.64511621636,18,8012.0,71,אשקלון,מרכז,פריפריה,1311.7985487937735,2.947126045717414
71000322.0,2.0,3592.19577586792,8,4874.0,71,אשקלון,מרכז,פריפריה,1356.830279892632,2.2270501106157274
71000323.0,3.0,4915.38704307684,13,8060.0,71,אשקלון,מרכז,פריפריה,1639.748798897178,2.6447561272535127
72000001.0,6.0,4219.599203799,16,5459.0,43,נס ציונה,מרכז,תל אביב,1293.7247677658909,3.791829324831335
72000002.0,9.0,6435.55894834724,14,2820.0,43,נס ציונה,מרכז,תל אביב,438.1903767231008,2.1754132177742598
72000003.0,7.0,3310.85580433689,9,3216.0,43,נס ציונה,מרכז,תל אביב,971.3500647739965,2.7183304051511095
72000004.0,7.0,4235.7967556275,10,4977.0,43,נס ציונה,מרכז,תל אביב,1174.9855545802025,2.360830931445052
72000005.0,9.0,3794.06041830643,8,2008.0,43,נס ציונה,מרכז,תל אביב,529.2482930190971,2.108558936331064
72000006.0,9.0,8735.24638691499,18,3802.0,43,נס ציונה,מרכז,תל אביב,435.24816949585147,2.0606173200750466
72000007.0,8.0,6095.43953821007,10,5841.0,43,נס ציונה,מרכז,תל אביב,958.2573928237525,1.6405707803864964
72000008.0,8.0,6557.49408210384,19,5806.0,43,נס ציונה,מרכז,תל אביב,885.3991978193692,2.897448287731315
72000011.0,9.0,6520.58010684721,47,16610.0,43,נס ציונה,מרכז,תל אביב,2547.3193684957523,7.20794764113789
73000011.0,6.0,2287.38957582325,19,18166.0,48,נצרת,צפון,פריפריה,7941.804138659637,8.306411903255153
73000012.0,3.0,6449.86678767796,9,10280.0,48,נצרת,צפון,פריפריה,1593.8313671282722,1.3953776560461526
73000013.0,3.0,5678.21002085121,4,2887.0,48,נצרת,צפון,פריפריה,508.4348746169158,0.7044473496597379
73000014.0,3.0,1287.7608464334,11,11389.0,48,נצרת,צפון,פריפריה,8844.033448868344,8.541958726626724
73000015.0,4.0,6058.34669519899,24,9181.0,48,נצרת,צפון,פריפריה,1515.42994514916,3.9614768199084884
73000021.0,3.0,2122.48602693368,6,9414.0,48,נצרת,צפון,פריפריה,4435.364888408829,2.826873733848839
73000022.0,3.0,3423.22541508703,13,2636.0,48,נצרת,צפון,פריפריה,770.0340118948855,3.797588070801787
73000023.0,5.0,3087.32695991412,2,639.0,48,נצרת,צפון,פריפריה,206.97516275301632,0.6478095860814281
73000031.0,3.0,3603.58346588587,21,4785.0,48,נצרת,צפון,פריפריה,1327.8449202851202,5.827532565514634
73000032.0,3.0,8647.89507806987,37,6176.0,48,נצרת,צפון,פריפריה,714.1622260961133,4.27849779235042
73000033.0,3.0,3798.97139947877,39,9629.0,48,נצרת,צפון,פריפריה,2534.6334540241937,10.265936723122188
73000034.0,3.0,5611.60177579853,27,5484.0,48,נצרת,צפון,פריפריה,977.2610778710555,4.811460449036925
73000035.0,5.0,8361.32537666816,50,13209.0,48,נצרת,צפון,פריפריה,1579.7734695098727,5.979913201263807
73000041.0,4.0,4858.10692050937,26,6725.0,45,נצרת,צפון,פריפריה,1384.2840657971535,5.351878916093084
73000042.0,2.0,4901.13986924149,7,3739.0,45,נצרת,צפון,פריפריה,762.8837576060965,1.4282391824666156
73000043.0,2.0,3132.67958305641,57,16168.0,45,נצרת,צפון,פריפריה,5161.076826192876,18.195285693530053
73000044.0,2.0,2133.4098113958,18,4881.0,45,נצרת,צפון,פריפריה,2287.8867313385836,8.437197534131222
73000045.0,5.0,2346.71520611676,16,7264.0,45,נצרת,צפון,פריפריה,3095.3905190822643,6.818040790930097
74000111.0,8.0,872.978923714781,1,2331.0,34,נתניה,מרכז,תל אביב,2670.1675569450317,1.145503027432446
74000112.0,5.0,2976.05844207212,10,8220.0,34,נתניה,מרכז,תל אביב,2762.042533773872,3.360149067851425
74000113.0,3.0,4781.03770593573,9,6221.0,34,נתניה,מרכז,תל אביב,1301.1819572718566,1.8824365239425669
74000114.0,6.0,9033.73917564565,23,13679.0,34,נתניה,מרכז,תל אביב,1514.2124134907124,2.54601107612299
74000115.0,8.0,11603.089383193,21,19564.0,34,נתניה,מרכז,תל אביב,1686.1026709264452,1.809862813813911
74000116.0,8.0,5017.56934639304,3,2559.0,34,נתניה,מרכז,תל אביב,510.00789891216516,0.5978990608583413
74000117.0,7.0,7157.80303440856,4,1710.0,34,נתניה,מרכז,תל אביב,238.9001194612077,0.5588306887981467
74000122.0,8.0,759.15443029236,15,4702.0,34,נתניה,מרכז,תל אביב,6193.73320154267,19.758825611046372
74000123.0,2.0,127.377874447519,28,20505.0,34,נתניה,מרכז,תל אביב,160977.721515115,219.8183956314665
74000211.0,3.0,3803.3217363543,8,10318.0,34,נתניה,מרכז,תל אביב,2712.8917076288135,2.1034244680200143
74000212.0,4.0,3351.46799004361,3,1305.0,34,נתניה,מרכז,תל אביב,389.38160945497174,0.8951301366780959
74000213.0,5.0,3977.06298759635,12,11187.0,34,נתניה,מרכז,תל אביב,2812.879764512148,3.0173019731961896
74000221.0,5.0,4597.55500511116,7,7035.0,34,נתניה,מרכז,תל אביב,1530.161138296138,1.5225483963145652
74000222.0,5.0,2400.88764661932,20,16169.0,34,נתניה,מרכז,פריפריה,6734.592525713355,8.330252366520323
74000223.0,2.0,3978.79135618125,5,5692.0,34,נתניה,מרכז,תל אביב,1430.5851929524265,1.2566630296490042
74000231.0,5.0,4978.94452084669,8,5300.0,34,נתניה,מרכז,תל אביב,1064.48263840038,1.606766246642083
74000232.0,5.0,3463.62103780662,5,2900.0,34,נתניה,מרכז,תל אביב,837.2740459610039,1.4435759413120757
74000233.0,5.0,3046.18840730715,4,2705.0,34,נתניה,מרכז,תל אביב,887.9949754622162,1.3131164147315582
74000241.0,5.0,4729.55993231113,7,6531.0,34,נתניה,מרכז,תל אביב,1380.8895739711209,1.4800531339454672
74000242.0,6.0,3256.93597196362,3,3616.0,34,נתניה,מרכז,תל אביב,1110.2459585104766,0.9211111381447539
74000243.0,5.0,3885.89484607394,3,4274.0,34,נתניה,מרכז,תל אביב,1099.875361866309,0.7720229493680223
74000311.0,3.0,2727.54859281574,25,18396.0,34,נתניה,מרכז,תל אביב,6744.5177873106895,9.165739545703808
74000312.0,3.0,2063.3747268282,2,1876.0,34,נתניה,מרכז,תל אביב,909.1901609572244,0.9692858858819023
74000313.0,4.0,2599.29339096912,3,4510.0,34,נתניה,מרכז,תל אביב,1735.0869338834013,1.154159822982307
74000321.0,5.0,3348.77463310139,3,785.0,34,נתניה,מרכז,תל אביב,234.4141024721602,0.8958500731420136
74000322.0,4.0,6073.38698378543,7,1775.0,34,נתניה,מרכז,תל אביב,292.2586696251776,1.1525694013387286
74000323.0,5.0,3451.32591460578,7,2507.0,34,נתניה,מרכז,תל אביב,726.3874991899618,2.0282060208734474
74000324.0,4.0,2064.90992581035,4,854.0,34,נתניה,מרכז,תל אביב,413.57736205605073,1.9371305014334927
74000331.0,5.0,2427.76742707143,1,1607.0,34,נתניה,מרכז,תל אביב,661.9250188797919,0.41190106962028117
74000332.0,4.0,2299.07063138476,3,3396.0,34,נתניה,מרכז,תל אביב,1477.1186033351855,1.3048750912854996
74000333.0,4.0,3451.48521596064,2,2308.0,34,נתניה,מרכז,תל אביב,668.6976346667104,0.5794606886193331
74000334.0,5.0,2956.00542107962,1,386.0,34,נתניה,מרכז,תל אביב,130.5816279115691,0.33829437282789915
74000341.0,6.0,4280.80953247993,3,1138.0,34,נתניה,מרכז,תל אביב,265.83756912462803,0.7008020275693183
74000342.0,6.0,2800.27233021674,2,2202.0,34,נתניה,מרכז,תל אביב,786.352090201729,0.7142162490478919
74000343.0,5.0,2755.59291944787,2,1609.0,34,נתניה,מרכז,תל אביב,583.9033728981967,0.7257966101904246
74000351.0,5.0,6246.00375692177,12,12126.0,34,נתניה,מרכז,תל אביב,1941.4013298602433,1.9212284313312649
74000352.0,5.0,10915.1364016161,17,12811.0,34,נתניה,מרכז,תל אביב,1173.6912420172043,1.5574702298253436
74000353.0,5.0,1017.41103336211,4,3942.0,34,נתניה,מרכז,תל אביב,3874.540250436807,3.931547691970377
74000354.0,7.0,2744.13365980084,9,5879.0,34,נתניה,מרכז,תל אביב,2142.3883559763185,3.2797236271112205
74000355.0,4.0,2309.63692053057,8,5692.0,34,נתניה,מרכז,תל אביב,2464.4566206070317,3.463747885603699
74000411.0,6.0,1854.68575235179,6,4968.0,34,נתניה,מרכז,תל אביב,2678.620889657693,3.2350493836445575
74000412.0,7.0,2089.36175073291,6,1857.0,34,נתניה,מרכז,תל אביב,888.7881666966471,2.8716903608938518
74000413.0,7.0,4245.39409823293,6,2320.0,34,נתניה,מרכז,תל אביב,546.4745901836671,1.4132963539232772
74000414.0,8.0,5968.08941670194,7,4303.0,34,נתניה,מרכז,תל אביב,721.0012618037994,1.1729046787419466
74000421.0,4.0,3621.272715687,7,6634.0,34,נתניה,מרכז,תל אביב,1831.9526091647722,1.9330220476565279
74000422.0,3.0,4913.33037933878,6,5528.0,34,נתניה,מרכז,תל אביב,1125.1024403418887,1.2211676269991558
74000431.0,3.0,4842.55668173407,11,9053.0,34,נתניה,מרכז,תל אביב,1869.4670181450956,2.2715273610511493
74000432.0,4.0,1777.27603243988,12,12936.0,34,נתניה,מרכז,תל אביב,7278.554239119064,6.751905602151266
74000511.0,5.0,3417.35665695999,11,22731.0,34,נתניה,מרכז,תל אביב,6651.6323233937865,3.2188621511298074
74000512.0,3.0,1528.30747283255,8,10028.0,34,נתניה,מרכז,תל אביב,6561.50688147471,5.234548768627611
74000513.0,5.0,2976.16117083656,7,4864.0,34,נתניה,מרכז,תל אביב,1634.320092494451,2.3520231594286916
74000521.0,5.0,4459.49022363253,8,6420.0,34,נתניה,מרכז,תל אביב,1439.6264321823123,1.793927018295716
74000522.0,3.0,3017.28607383017,6,5823.0,34,נתניה,מרכז,תל אביב,1929.87998403752,1.9885419722179494
74000523.0,7.0,3950.10032656436,7,2785.0,34,נתניה,מרכז,תל אביב,705.0453835997331,1.7721068887605498
74000531.0,8.0,9371.0627590601,18,10357.0,34,נתניה,מרכז,תל אביב,1105.2108246726532,1.9208066857302069
74000532.0,8.0,4036.75740344091,2,1620.0,34,נתניה,מרכז,תל אביב,401.312201377056,0.49544716219389623
74000533.0,8.0,4125.14900055043,1,436.0,34,נתניה,מרכז,תל אביב,105.69315191810607,0.24241548605070196
74000534.0,8.0,2690.74980056394,10,10164.0,10,נתניה,מרכז,תל אביב,3777.3857672942245,3.716436213394554
76000011.0,5.0,2079.34702664501,13,4449.0,20,עכו,צפון,חיפה,2139.613995638998,6.25196267550168
76000012.0,4.0,4192.59320035673,14,4111.0,20,עכו,צפון,חיפה,980.5387271176731,3.339222130782638
76000013.0,4.0,5492.02524645206,14,3283.0,20,עכו,צפון,חיפה,597.7758390897553,2.549150699743093
76000014.0,5.0,3085.2149242497,9,4600.0,20,עכו,צפון,חיפה,1490.9820265175476,2.9171387475343327
76000015.0,6.0,3686.39089545275,14,7909.0,20,עכו,צפון,חיפה,2145.458857810206,3.79775243511732
76000021.0,3.0,2808.73038544831,8,3985.0,20,עכו,צפון,חיפה,1418.7905042953926,2.84826199105725
76000022.0,7.0,2509.39098739731,13,3984.0,20,עכו,צפון,חיפה,1587.6362113391208,5.180539846237091
76000023.0,4.0,3254.12680108847,2,1182.0,20,עכו,צפון,חיפה,363.2310823304838,0.6146042002207848
76000024.0,2.0,2749.81327272274,7,1008.0,20,עכו,צפון,חיפה,366.5703449754333,2.545627395662731
76000025.0,3.0,1446.21684847709,5,884.0,20,עכו,צפון,חיפה,611.2499663732161,3.4572961898937566
76000026.0,2.0,2433.58669182154,2,2369.0,20,עכו,צפון,חיפה,973.4602872219042,0.8218322391067152
76000031.0,5.0,2869.30354515386,8,4410.0,20,עכו,צפון,חיפה,1536.9583352198185,2.788133034412369
76000032.0,4.0,5992.98472650171,15,5604.0,20,עכו,צפון,חיפה,935.0933225673725,2.502926452268128
76000033.0,2.0,3321.01324091872,2,575.0,20,עכו,צפון,חיפה,173.1399299814092,0.6022258434135972
76000034.0,5.0,1398.71638599901,24,8061.0,20,עכו,צפון,חיפה,5763.141177646649,17.1585892896067
76000035.0,5.0,1917.40271956753,10,4764.0,20,עכו,צפון,חיפה,2484.611058168583,5.215388451235481
77000011.0,3.0,3573.71293957338,25,18087.0,42,עפולה,צפון,פריפריה,5061.122789050643,6.995525500429374
77000012.0,5.0,2022.40935140224,15,7026.0,42,עפולה,צפון,פריפריה,3474.0741260558916,7.416896084662451
77000013.0,2.0,3659.74726241602,34,26031.0,42,עפולה,צפון,פריפריה,7112.786248199928,9.290259015742675
77000014.0,1.0,193.133222615305,7,3469.0,42,עפולה,צפון,פריפריה,17961.69479815378,36.24441152697506
77000015.0,2.0,4856.40939419376,25,17086.0,42,עפולה,צפון,פריפריה,3518.2371610654836,5.147836183228204
77000016.0,3.0,4562.98138093965,27,15944.0,42,עפולה,צפון,פריפריה,3494.2066751796974,5.917183908043893
77000018.0,6.0,8581.42337050491,15,10999.0,42,עפולה,צפון,פריפריה,1281.7221019306085,1.7479617718846374
77000021.0,6.0,10287.656257102,52,36720.0,42,עפולה,צפון,פריפריה,3569.326101331452,5.054601232822318
77000023.0,5.0,5904.18510581037,33,21471.0,42,עפולה,צפון,פריפריה,3636.5729758150987,5.589255656555272
77000024.0,4.0,4745.43631938715,14,5710.0,42,עפולה,צפון,פריפריה,1203.2613263973624,2.9502029018499254
77000025.0,5.0,5430.44623644437,9,5052.0,42,עפולה,צפון,פריפריה,930.3102875957832,1.6573223650756232
77000026.0,6.0,4991.33836449153,26,9822.0,42,עפולה,צפון,פריפריה,1967.8088886687951,5.209023732986019
78000001.0,8.0,4955.60378099057,6,1821.0,62,פרדס חנה-כרכור,מרכז,פריפריה,367.4627917157659,1.2107505493105961
78000002.0,8.0,4146.85254644665,25,8056.0,62,פרדס חנה-כרכור,מרכז,פריפריה,1942.6781902103114,6.028668663760897
78000003.0,8.0,5842.4370939678,21,5347.0,62,פרדס חנה-כרכור,מרכז,פריפריה,915.2002689974481,3.5943904336911183
78000004.0,8.0,1546.35248800883,15,8387.0,41,פרדס חנה-כרכור,מרכז,פריפריה,5423.731047763612,9.700246299803766
78000005.0,7.0,3423.43380333471,12,4165.0,62,פרדס חנה-כרכור,מרכז,פריפריה,1216.614732244258,3.5052525298754134
78000006.0,7.0,3448.03906684129,10,7081.0,62,פרדס חנה-כרכור,מרכז,פריפריה,2053.6310241075153,2.9001991584628093
78000007.0,7.0,3550.5714146308,20,15630.0,62,פרדס חנה-כרכור,מרכז,פריפריה,4402.108329829287,5.632896135418154
78000008.0,6.0,4952.85127547976,58,23643.0,62,פרדס חנה-כרכור,מרכז,פריפריה,4773.613961931414,11.710426333038196
78000009.0,5.0,6210.25871212589,31,18515.0,62,פרדס חנה-כרכור,מרכז,פריפריה,2981.357276444601,4.991740511465441
78000010.0,7.0,5808.17947228621,10,1069.0,62,פרדס חנה-כרכור,מרכז,פריפריה,184.05078649872044,1.7217098830563184
79000111.0,8.0,2002.06889619128,15,9548.0,49,פתח תקווה,מרכז,תל אביב,4769.066648087905,7.49224965661066
79000112.0,6.0,4642.49842084477,5,5315.0,49,פתח תקווה,מרכז,תל אביב,1144.8576861406575,1.077006289878323
79000113.0,7.0,6325.5976795388,2,1260.0,49,פתח תקווה,מרכז,תל אביב,199.1906636863233,0.31617565664495756
79000114.0,6.0,3581.87921206576,12,11939.0,49,פתח תקווה,מרכז,תל אביב,3333.1665567568034,3.3501967234342604
79000115.0,8.0,15520.6630148479,23,23164.0,49,פתח תקווה,מרכז,תל אביב,1492.4620151755164,1.4818954562699393
79000121.0,8.0,9952.7989891161,8,6240.0,49,פתח תקווה,מרכז,תל אביב,626.9593113277745,0.8037939888817622
79000122.0,8.0,4856.03847511423,10,8245.0,49,פתח תקווה,מרכז,תל אביב,1697.886053056046,2.059291756283864
79000123.0,9.0,3478.96397542887,13,18029.0,49,פתח תקווה,מרכז,תל אביב,5182.289936698028,3.736744643467434
79000127.0,7.0,2251.23094900224,20,21889.0,49,פתח תקווה,מרכז,תל אביב,9723.125035084182,8.884028539525955
79000128.0,8.0,1293.51539357549,35,39353.0,49,פתח תקווה,מרכז,תל אביב,30423.29468629037,27.058046756795235
79000129.0,9.0,10857.8851494786,25,11436.0,49,פתח תקווה,מרכז,תל אביב,1053.2437802171044,2.302474161020253
79000131.0,9.0,5582.93163204289,18,9981.0,49,פתח תקווה,מרכז,תל אביב,1787.7704148685377,3.2241125606285626
79000132.0,5.0,532.039052937834,13,19938.0,49,פתח תקווה,מרכז,תל אביב,37474.69267510641,24.434296558149434
79000133.0,7.0,2003.54158241052,4,5314.0,49,פתח תקווה,מרכז,תל אביב,2652.3033245991182,1.9964646779067505
79000134.0,6.0,1697.71087823594,6,6871.0,49,פתח תקווה,מרכז,תל אביב,4047.2144509903414,3.5341706747114023
79000141.0,5.0,1621.16607757579,1,378.0,49,פתח תקווה,מרכז,תל אביב,233.16550057921404,0.6168399486222593
79000142.0,5.0,1417.9765487438,2,1784.0,49,פתח תקווה,מרכז,תל אביב,1258.1308214021337,1.4104605621100155
79000143.0,7.0,2644.65107592216,2,4425.0,49,פתח תקווה,מרכז,תל אביב,1673.1885881985593,0.7562434296942641
79000144.0,5.0,2130.14085932576,1,2917.0,49,פתח תקווה,מרכז,תל אביב,1369.393008555922,0.46945252264515674
79000145.0,5.0,3202.0549793391,4,3609.0,49,פתח תקווה,מרכז,תל אביב,1127.0887049993416,1.2491977888604509
79000146.0,5.0,1429.6897886647,5,5633.0,49,פתח תקווה,מרכז,תל אביב,3940.0155506888686,3.497262161094327
79000211.0,9.0,6916.37592718342,3,2801.0,49,פתח תקווה,מרכז,תל אביב,404.98087864068157,0.43375317241058364
79000212.0,9.0,8525.13881041205,7,5711.0,49,פתח תקווה,מרכז,תל אביב,669.9011156305111,0.8211009997222162
79000213.0,9.0,1406.43236456321,4,1642.0,49,פתח תקווה,מרכז,תל אביב,1167.493042233815,2.844075620545225
79000214.0,9.0,6552.79877276071,4,4601.0,49,פתח תקווה,מרכז,תל אביב,702.1427270322827,0.6104261917255229
79000221.0,8.0,3138.89674619591,5,2880.0,49,פתח תקווה,מרכז,תל אביב,917.519827146378,1.592916366573573
79000222.0,7.0,3709.4708455121,4,1439.0,49,פתח תקווה,מרכז,תל אביב,387.92594953023365,1.0783209159978697
79000223.0,8.0,3690.69129007089,3,3065.0,49,פתח תקווה,מרכז,תל אביב,830.4677251781545,0.8128558484614888
79000224.0,7.0,3226.58151755352,6,5996.0,49,פתח תקווה,מרכז,תל אביב,1858.313502194213,1.8595532043304333
79000231.0,6.0,6299.88880317962,5,5297.0,49,פתח תקווה,מרכז,תל אביב,840.8084913064733,0.793664802063879
79000232.0,6.0,3216.94565298172,3,4415.0,49,פתח תקווה,מרכז,תל אביב,1372.419828077552,0.9325616045827081
79000233.0,7.0,3003.53483999942,7,3030.0,49,פתח תקווה,מרכז,תל אביב,1008.8113377771191,2.3305872489900437
79000234.0,5.0,3179.96699448523,4,1531.0,49,פתח תקווה,מרכז,תל אביב,481.45153791064325,1.2578746908181404
79000235.0,5.0,2665.55039253743,1,1528.0,49,פתח תקווה,מרכז,תל אביב,573.239959851385,0.37515704178755566
79000236.0,5.0,4030.88571273399,6,10951.0,49,פתח תקווה,מרכז,תל אביב,2716.772635206363,1.488506603163015
79000311.0,4.0,4486.22114256151,12,14135.0,49,פתח תקווה,מרכז,תל אביב,3150.758634232039,2.6748569940420563
79000312.0,5.0,5031.38758566423,8,14347.0,49,פתח תקווה,מרכז,תל אביב,2851.4996620173815,1.5900186308035862
79000313.0,5.0,3409.5651283871,8,9423.0,49,פתח תקווה,מרכז,תל אביב,2763.695557989697,2.3463402805812987
79000321.0,6.0,4446.09998956741,3,3017.0,49,פתח תקווה,מרכז,תל אביב,678.5722334358799,0.674748657708863
79000322.0,5.0,2299.60243564512,1,1551.0,49,פתח תקווה,מרכז,תל אביב,674.4644100035013,0.434857775630884
79000323.0,6.0,2819.76121145595,2,1734.0,49,פתח תקווה,מרכז,תל אביב,614.9456886473979,0.7092799177017276
79000324.0,7.0,3238.08099451977,5,5735.0,49,פתח תקווה,מרכז,תל אביב,1771.110731852012,1.544124439278127
79000411.0,7.0,1534.0815974156,5,3713.0,49,פתח תקווה,מרכז,תל אביב,2420.3406169887758,3.259279042538077
79000412.0,5.0,2366.29564572188,7,4230.0,49,פתח תקווה,מרכז,תל אביב,1787.6041853212996,2.9582102357562876
79000413.0,6.0,1993.3064939376,4,1844.0,49,פתח תקווה,מרכז,תל אביב,925.0960680699644,2.0067159827981875
79000414.0,5.0,3603.06184412919,7,6857.0,49,פתח תקווה,מרכז,תל אביב,1903.1036092740844,1.9427920759688773
79000415.0,5.0,2509.75205079797,10,5243.0,49,פתח תקווה,מרכז,תל אביב,2089.0509874602953,3.9844573478166994
79000421.0,5.0,3164.819008749,22,8306.0,49,פתח תקווה,מרכז,תל אביב,2624.478675411907,6.951424375037557
79000422.0,7.0,2779.41714852279,6,3416.0,49,פתח תקווה,מרכז,תל אביב,1229.034656354316,2.1587259772031313
79000423.0,6.0,5781.81417165975,7,4266.0,49,פתח תקווה,מרכז,תל אביב,737.8307004244976,1.210692663612631
79000424.0,7.0,4355.29027849056,6,2197.0,49,פתח תקווה,מרכז,תל אביב,504.44398869354535,1.3776349258813254
79000431.0,6.0,2494.54124055733,9,6087.0,49,פתח תקווה,מרכז,תל אביב,2440.1280287673426,3.6078778148358936
79000432.0,5.0,2833.57403490855,1,859.0,49,פתח תקווה,מרכז,תל אביב,303.1507168746777,0.3529111954303582
79000433.0,6.0,4094.58323995648,3,3457.0,49,פתח תקווה,מרכז,תל אביב,844.2861696558753,0.7326752990939038
79000434.0,6.0,1443.72971702571,4,3691.0,49,פתח תקווה,מרכז,תל אביב,2556.5727133496903,2.770601694228871
79000511.0,6.0,2115.49896833624,12,12195.0,49,פתח תקווה,מרכז,תל אביב,5764.5974696886315,5.672420634379957
79000512.0,4.0,3474.10860352449,4,4287.0,49,פתח תקווה,מרכז,תל אביב,1233.9856029977964,1.1513744837861408
79000513.0,3.0,3393.08889076292,8,4158.0,49,פתח תקווה,מרכז,תל אביב,1225.4320867689066,2.357733692677069
79000514.0,7.0,758.615339528531,5,2449.0,49,פתח תקווה,מרכז,תל אביב,3228.250039765898,6.590955573225597
79000515.0,4.0,1665.84412597892,5,4140.0,49,פתח תקווה,מרכז,תל אביב,2485.2265199585595,3.0014813042977777
79000516.0,7.0,1293.35183029641,9,4783.0,49,פתח תקווה,מרכז,תל אביב,3698.1429862776263,6.958663365356187
79000521.0,7.0,5673.98657136277,9,12858.0,49,פתח תקווה,מרכז,תל אביב,2266.13155288307,1.586186341262065
79000522.0,6.0,6987.9462234033,4,5918.0,28,פתח תקווה,מרכז,תל אביב,846.8868836139654,0.5724142504994697
79000523.0,4.0,9107.28534765193,3,4905.0,49,פתח תקווה,מרכז,תל אביב,538.5798086654464,0.32940661080455436
79000524.0,3.0,5167.11183132442,28,23668.0,49,פתח תקווה,מרכז,תל אביב,4580.508565059155,5.418887942439426
80000001.0,3.0,4732.53405760846,30,6022.0,17,צפת,צפון,פריפריה,1272.4683914991538,6.339098595977186
80000002.0,2.0,5236.9800321306,26,10519.0,17,צפת,צפון,פריפריה,2008.6003642294727,4.9646933615330635
80000003.0,2.0,541.143315985601,14,6360.0,17,צפת,צפון,פריפריה,11752.893941628636,25.87115018597498
80000004.0,2.0,4264.74882351198,14,13544.0,17,צפת,צפון,פריפריה,3175.802505725682,3.2827255670525357
80000005.0,2.0,4015.6449384399,20,11653.0,17,צפת,צפון,פריפריה,2901.899988330954,4.980520017730977
80000006.0,1.0,6395.37259024519,21,13363.0,17,צפת,צפון,פריפריה,2089.479512168294,3.2836241678915052
80000007.0,2.0,5242.47492181461,12,12018.0,17,צפת,צפון,פריפריה,2292.4287057610068,2.2889952129415945
80000008.0,5.0,4737.51096313649,24,5556.0,17,צפת,צפון,פריפריה,1172.7677346252779,5.0659513374742025
80000010.0,6.0,1779.96181138763,16,4095.0,17,צפת,צפון,פריפריה,2300.611155700921,8.988956896511535
80000011.0,5.0,502.322894041566,2,71.0,17,צפת,צפון,פריפריה,141.34334875472535,3.981502781823249
82000011.0,8.0,7465.08120944347,30,26961.0,21,קריית מוצקין,צפון,חיפה,3611.6150974879984,4.018710467884721
82000012.0,7.0,8605.03166378689,32,19121.0,21,קריית מוצקין,צפון,חיפה,2222.0720093881982,3.7187544741604692
82000013.0,5.0,3598.37129958274,8,6986.0,21,קריית מוצקין,צפון,חיפה,1941.4338928309267,2.2232280479025786
82000014.0,7.0,3086.48105684701,16,10534.0,21,קריית מוצקין,צפון,חיפה,3412.9482105945567,5.183897035267981
82000021.0,6.0,4174.6517231465,4,2483.0,21,קריית מוצקין,צפון,חיפה,594.7801552481423,0.9581637619784812
82000022.0,4.0,5059.33426744056,8,5596.0,21,קריית מוצקין,צפון,חיפה,1106.0743774162468,1.581235707528587
82000023.0,5.0,2059.48474450482,5,4429.0,21,קריית מוצקין,צפון,חיפה,2150.537901199605,2.427791715059387
82000031.0,7.0,2239.17526571501,1,1131.0,21,קריית מוצקין,צפון,חיפה,505.096683282115,0.4465930002494385
82000032.0,6.0,2378.55361562291,2,2212.0,21,קריית מוצקין,צפון,חיפה,929.9769344996278,0.8408471378839312
82000033.0,6.0,3405.2872889319,1,890.0,21,קריית מוצקין,צפון,חיפה,261.35827155985913,0.2936609792807406
82000034.0,7.0,4456.66069036753,12,15363.0,21,קריית מוצקין,צפון,חיפה,3447.199835788497,2.692598973472757
83000113.0,8.0,3081.37565943967,8,2273.0,43,ראשון לציון,מרכז,תל אביב,737.6575436483234,2.5962430044815608
83000114.0,7.0,4642.61197642671,10,4111.0,43,ראשון לציון,מרכז,תל אביב,885.4929123678613,2.153959893864902
83000115.0,6.0,4557.41446677707,7,3945.0,43,ראשון לציון,מרכז,תל אביב,865.622389352233,1.535958612285331
83000116.0,6.0,4154.92407793636,5,2549.0,43,ראשון לציון,מרכז,תל אביב,613.4889476165881,1.2033914233357947
83000117.0,5.0,4293.95828687724,3,2688.0,43,ראשון לציון,מרכז,תל אביב,625.9958342433816,0.6986560650037742
83000121.0,6.0,3933.2122189494,6,5896.0,43,ראשון לציון,מרכז,תל אביב,1499.0292086438396,1.5254707007908819
83000122.0,6.0,3357.50361442413,3,2470.0,43,ראשון לציון,מרכז,תל אביב,735.6656265055572,0.8935210038529035
83000123.0,6.0,2937.36696351282,3,1453.0,43,ראשון לציון,מרכז,תל אביב,494.66070056917437,1.021322850452528
83000125.0,7.0,6194.36129738948,8,4378.0,43,ראשון לציון,מרכז,תל אביב,706.771818725692,1.2914971561913058
83000126.0,7.0,9070.42515399294,32,13858.0,28,ראשון לציון,מרכז,תל אביב,1527.8225402587107,3.5279492919814364
83000211.0,6.0,4444.94383403956,8,5812.0,43,ראשון לציון,מרכז,תל אביב,1307.553079859293,1.7997977699370857
83000212.0,7.0,10033.1233007466,18,6582.0,43,ראשון לציון,מרכז,תל אביב,656.0270219653546,1.7940574894221182
83000213.0,6.0,5259.48907072184,22,9608.0,43,ראשון לציון,מרכז,תל אביב,1826.7934148746785,4.182915812577324
83000214.0,8.0,5236.41876753292,9,3014.0,43,ראשון לציון,מרכז,תל אביב,575.5842177267293,1.718731904293485
83000215.0,8.0,4677.22805853095,6,1951.0,43,ראשון לציון,מרכז,תל אביב,417.12740443380926,1.2828110848810126
83000221.0,7.0,5079.32340627017,4,3738.0,43,ראשון לציון,מרכז,תל אביב,735.9247878143822,0.7875064610105749
83000222.0,7.0,2861.23789963236,1,1190.0,43,ראשון לציון,מרכז,תל אביב,415.90389955092616,0.34949907525287915
83000223.0,8.0,6613.06573952833,7,9502.0,43,ראשון לציון,מרכז,תל אביב,1436.852493874909,1.0585105722084154
83000224.0,7.0,2566.0919593839,4,4886.0,43,ראשון לציון,מרכז,תל אביב,1904.0627059885621,1.558790590248516
83000225.0,7.0,3266.13267035566,2,2009.0,43,ראשון לציון,מרכז,תל אביב,615.1005494155978,0.6123449969294154
83000311.0,7.0,12379.4751814079,46,30080.0,43,ראשון לציון,מרכז,תל אביב,2429.8283698791697,3.715827959256709
83000312.0,7.0,3503.37112160362,2,1795.0,43,ראשון לציון,מרכז,תל אביב,512.3636456700492,0.570878713838495
83000313.0,7.0,5081.65553352753,2,3242.0,43,ראשון לציון,מרכז,תל אביב,637.9810631810974,0.393572525096297
83000314.0,7.0,4250.6013588762,1,1145.0,43,ראשון לציון,מרכז,תל אביב,269.3736493564577,0.23526082913227744
83000315.0,6.0,3264.46352370025,9,12257.0,43,ראשון לציון,מרכז,תל אביב,3754.6751283980543,2.756961422499999
83000411.0,9.0,1885.096077401,3,1383.0,43,ראשון לציון,מרכז,תל אביב,733.6496089402273,1.5914308219961546
83000412.0,8.0,5471.32896294648,15,8027.0,43,ראשון לציון,מרכז,תל אביב,1467.1024269169902,2.7415642710545476
83000413.0,7.0,4567.75047167053,5,5179.0,43,ראשון לציון,מרכז,תל אביב,1133.8185025912596,1.0946307227179568
83000421.0,7.0,4075.53526521286,4,6418.0,43,ראשון לציון,מרכז,תל אביב,1574.7624747064472,0.9814661730797427
83000422.0,7.0,3712.62694579689,3,1238.0,43,ראשון לציון,מרכז,תל אביב,333.4566112012829,0.8080531773859845
83000423.0,7.0,3875.11341365514,3,2233.0,43,ראשון לציון,מרכז,תל אביב,576.2411990656443,0.7741708899224957
83000424.0,8.0,3410.47953712798,3,320.0,43,ראשון לציון,מרכז,תל אביב,93.82844744158095,0.8796416947648213
83000425.0,7.0,3047.37576115349,3,2922.0,43,ראשון לציון,מרכז,תל אביב,958.8577940562102,0.9844535873267045
83000426.0,7.0,4337.28246627271,6,3123.0,43,ראשון לציון,מרכז,תל אביב,720.0361111559754,1.3833546804149384
83000511.0,3.0,4916.42590319084,6,4729.0,43,ראשון לציון,מרכז,תל אביב,961.8776105078291,1.2203987445648075
83000512.0,4.0,3655.13939363301,10,6603.0,43,ראשון לציון,מרכז,תל אביב,1806.4974516435545,2.7358737719878157
83000513.0,4.0,2665.18837295521,4,1985.0,43,ראשון לציון,מרכז,תל אביב,744.7878807151614,1.5008320014411312
83000514.0,7.0,3763.55276861094,12,4840.0,43,ראשון לציון,מרכז,תל אביב,1286.0189022369832,3.1884766171164873
83000515.0,8.0,2486.5283125125,6,4397.0,43,ראשון לציון,מרכז,תל אביב,1768.3289499957766,2.4130028883271915
83000516.0,8.0,5995.04149717038,9,12941.0,43,ראשון לציון,מרכז,תל אביב,2158.6172516250413,1.5012406510026561
83000521.0,7.0,4605.50614944251,36,24711.0,43,ראשון לציון,מרכז,תל אביב,5365.534036468767,7.816730416125435
83000522.0,7.0,4608.71090518851,4,4929.0,43,ראשון לציון,מרכז,תל אביב,1069.4964603770018,0.8679216558141627
83000523.0,8.0,4351.81193196883,5,4335.0,43,ראשון לציון,מרכז,תל אביב,996.1367972165046,1.1489467095922776
83000524.0,7.0,3060.80757652909,5,4436.0,43,ראשון לציון,מרכז,תל אביב,1449.290714651967,1.6335558100225056
83000531.0,8.0,4939.81878224072,6,4521.0,43,ראשון לציון,מרכז,תל אביב,915.2157597872969,1.2146194555903078
83000532.0,7.0,2052.74375279303,6,4192.0,43,ראשון לציון,מרכז,תל אביב,2042.144809500079,2.9229171891699606
83000533.0,7.0,4488.52390107155,11,5818.0,43,ראשון לציון,מרכז,תל אביב,1296.1945014063672,2.450694313418707
83000534.0,7.0,6062.06823180074,6,1734.0,43,ראשון לציון,מרכז,תל אביב,286.04099025208666,0.9897612119449367
83000611.0,8.0,2736.69106506596,25,6757.0,43,ראשון לציון,מרכז,תל אביב,2469.040106957466,9.135119531439491
83000612.0,8.0,3042.53495016664,8,4199.0,43,ראשון לציון,מרכז,תל אביב,1380.0991833372432,2.6293863935932236
83000614.0,8.0,5852.82762709344,38,36191.0,43,ראשון לציון,מרכז,תל אביב,6183.506897156432,6.492588270341919
83000615.0,7.0,5040.00545406042,9,5746.0,43,ראשון לציון,מרכז,תל אביב,1140.0781313382913,1.7857123532970105
83000616.0,7.0,3781.06906255658,6,6481.0,43,ראשון לציון,מרכז,תל אביב,1714.065491207361,1.5868527923536748
83000617.0,8.0,5482.35981234179,8,10666.0,43,ראשון לציון,מרכז,תל אביב,1945.5125831013304,1.4592256389284308
83000623.0,7.0,2518.49072586279,4,3914.0,43,ראשון לציון,מרכז,תל אביב,1554.1053853430942,1.5882528209944753
83000624.0,7.0,6430.42066764907,8,5837.0,43,ראשון לציון,מרכז,תל אביב,907.7166645357244,1.24408657123279
83000625.0,8.0,1739.33706101759,2,1440.0,43,ראשון לציון,מרכז,תל אביב,827.9016369360494,1.1498633846334019
84000112.0,9.0,3035.87678343978,2,656.0,55,רחובות,מרכז,תל אביב,216.08255103710883,0.658788265357039
84000113.0,7.0,517.805425112868,24,15394.0,55,רחובות,מרכז,תל אביב,29729.313856927074,46.34945644837273
84000114.0,8.0,3769.19804641262,4,1038.0,55,רחובות,מרכז,תל אביב,275.3901459192172,1.0612337029642283
84000115.0,8.0,3938.41715757242,2,2690.0,55,רחובות,מרכז,תל אביב,683.015509118408,0.5078182223928684
84000116.0,7.0,3662.58294588091,2,2305.0,55,רחובות,מרכז,תל אביב,629.3372830210704,0.5460627184564603
84000117.0,3.0,5626.96670625961,6,3544.0,55,רחובות,מרכז,תל אביב,629.824234797328,1.0662938512370113
84000121.0,5.0,4353.78435968827,7,2756.0,55,רחובות,מרכז,תל אביב,633.0125179183951,1.6077966710554306
84000122.0,8.0,4051.66986102316,9,2090.0,55,רחובות,מרכז,תל אביב,515.8366973838823,2.2213063523707848
84000123.0,9.0,9566.52116088081,10,1974.0,55,רחובות,מרכז,תל אביב,206.344601846702,1.0453120660927153
84000124.0,5.0,3756.3984541587,9,3634.0,55,רחובות,מרכז,תל אביב,967.4160088040732,2.3959119645670497
84000211.0,5.0,4051.59781829235,5,957.0,55,רחובות,מרכז,תל אביב,236.20310872892912,1.234081027841845
84000212.0,3.0,2382.52601593183,3,1106.0,55,רחובות,מרכז,תל אביב,464.21318911283,1.2591677824036982
84000213.0,7.0,4550.24305158845,8,3492.0,55,רחובות,מרכז,תל אביב,767.4315328674528,1.7581478416207394
84000214.0,7.0,3243.23268333197,13,4527.0,55,רחובות,מרכז,תל אביב,1395.8295447828116,4.008346384399503
84000221.0,9.0,1480.76158330584,6,1389.0,55,רחובות,מרכז,תל אביב,938.0308185055829,4.051968978425844
84000222.0,4.0,6930.11737244983,14,5038.0,55,רחובות,מרכז,תל אביב,726.971814363231,2.020167804899808
84000231.0,6.0,3876.29151460447,4,5570.0,55,רחובות,מרכז,תל אביב,1436.9404310832263,1.0319141336324786
84000232.0,4.0,5658.20640595595,5,3155.0,55,רחובות,מרכז,תל אביב,557.5971913429986,0.8836722525245619
84000311.0,8.0,2505.34135233009,19,10032.0,55,רחובות,מרכז,תל אביב,4004.244767153086,7.5837969074869065
84000312.0,8.0,7362.61741093632,13,5468.0,55,רחובות,מרכז,תל אביב,742.6706692484001,1.765676426523263
84000313.0,6.0,3409.10690866786,6,3483.0,55,רחובות,מרכז,תל אביב,1021.6752050644884,1.7599917399905056
84000321.0,6.0,5967.9064063957,8,5654.0,55,רחובות,מרכז,תל אביב,947.4009166666401,1.3405035962739866
84000322.0,6.0,5012.23984689762,14,3581.0,55,רחובות,מרכז,תל אביב,714.451045716916,2.793162423914221
84000411.0,7.0,3627.97114047309,7,5362.0,55,רחובות,מרכז,תל אביב,1477.9610400375982,1.9294530548793714
84000412.0,7.0,2456.19310971153,12,4184.0,55,רחובות,מרכז,תל אביב,1703.4491235468836,4.885609340956645
84000413.0,7.0,5045.71068332182,6,7472.0,55,רחובות,מרכז,תל אביב,1480.861759414403,1.1891288217995741
84000414.0,8.0,4161.09541261177,4,3873.0,55,רחובות,מרכז,תל אביב,930.7645261537169,0.9612853355576731
84000421.0,8.0,3633.66244480011,3,1380.0,55,רחובות,מרכז,תל אביב,379.78211266564546,0.8256132884035771
84000422.0,9.0,1121.95061945052,6,2757.0,55,רחובות,מרכז,תל אביב,2457.327401227562,5.347828947176414
84000424.0,8.0,7570.71310813398,10,3510.0,55,רחובות,מרכז,תל אביב,463.62871632645187,1.320879533693595
84000425.0,7.0,5400.66558088683,15,4229.0,55,רחובות,מרכז,תל אביב,783.05163255555,2.7774354429731027
84000431.0,7.0,9804.88249333242,28,12173.0,55,רחובות,מרכז,תל אביב,1241.5243128388292,2.8557200985366977
84000432.0,3.0,5295.89809193236,26,10665.0,55,רחובות,מרכז,תל אביב,2013.8227388187086,4.909460029000134
84000433.0,7.0,757.315591970885,4,397.0,55,רחובות,מרכז,תל אביב,524.2200269069102,5.281813873117485
85000011.0,2.0,1880.62365982157,19,5118.0,28,רמלה,מרכז,תל אביב,2721.4376322828916,10.10303146021394
85000012.0,6.0,2322.48282261812,3,2613.0,28,רמלה,מרכז,תל אביב,1125.0890532117617,1.2917210714256733
85000013.0,6.0,5526.59363889213,7,5528.0,28,רמלה,מרכז,תל אביב,1000.2544715967488,1.2666029850175906
85000014.0,3.0,4299.77256619938,15,9822.0,28,רמלה,מרכז,תל אביב,2284.306867114551,3.488556608299559
85000017.0,2.0,4183.29767972368,6,983.0,28,רמלה,מרכז,תל אביב,234.9820823807428,1.434275172212062
85000018.0,2.0,2447.19475927003,9,6205.0,28,רמלה,מרכז,תל אביב,2535.55626355251,3.677680317803801
85000021.0,3.0,2313.28202499003,4,2170.0,28,רמלה,מרכז,תל אביב,938.0611514540051,1.7291449796387188
85000022.0,4.0,3698.48001993627,16,12695.0,28,רמלה,מרכז,תל אביב,3432.4911670656406,4.326101510283595
85000023.0,4.0,2137.23036125712,6,5901.0,28,רמלה,מרכז,תל אביב,2761.0500519602524,2.807371684758772
85000024.0,6.0,4586.88121569002,9,1723.0,28,רמלה,מרכז,תל אביב,375.6364987404199,1.9621175209888442
85000031.0,6.0,5628.4324486364,14,3895.0,28,רמלה,מרכז,תל אביב,692.0221634610969,2.4873710625045837
85000032.0,4.0,3263.34856561582,11,3683.0,28,רמלה,מרכז,תל אביב,1128.5953449183532,3.3707707830849545
85000033.0,4.0,2550.83111365031,7,4372.0,28,רמלה,מרכז,תל אביב,1713.951181089189,2.7442036293742733
85000034.0,3.0,2812.86006534665,2,1743.0,28,רמלה,מרכז,תל אביב,619.6540032236537,0.7110200840202567
85000035.0,3.0,3141.40975789542,12,6398.0,28,רמלה,מרכז,תל אביב,2036.6652213770178,3.8199410216511747
85000041.0,6.0,9281.46332149164,16,4931.0,28,רמלה,מרכז,תל אביב,531.2739844138641,1.7238661023366102
85000042.0,4.0,5029.06044914061,15,5580.0,28,רמלה,מרכז,תל אביב,1109.551188821669,2.982664486079755
85000043.0,5.0,4201.78241422817,11,3420.0,28,רמלה,מרכז,תל אביב,813.9402907725824,2.617936607748072
85000044.0,5.0,2913.56197730467,2,1365.0,28,רמלה,מרכז,תל אביב,468.49870043360414,0.6864449823202992
86000112.0,9.0,4829.20241404449,10,5814.0,11,רמת גן,מרכז,תל אביב,1203.9255143026269,2.0707353187179685
86000113.0,7.0,3671.37067089739,5,11957.0,11,רמת גן,מרכז,תל אביב,3256.8217899603583,1.361889182052504
86000114.0,7.0,4738.81934627638,3,5813.0,11,רמת גן,מרכז,תל אביב,1226.67685244589,0.6330690791910666
86000115.0,8.0,3294.61780306456,2,5333.0,11,רמת גן,מרכז,תל אביב,1618.7006562762438,0.6070506867715147
86000116.0,8.0,3954.44913815751,2,4421.0,11,רמת גן,מרכז,תל אביב,1117.981252392557,0.5057594446471644
86000121.0,8.0,3702.2767659072,6,8810.0,11,רמת גן,מרכז,תל אביב,2379.61680259234,1.6206243831502882
86000122.0,9.0,2443.98714197565,5,1896.0,11,רמת גן,מרכז,תל אביב,775.7814955062846,2.0458372771790208
86000123.0,9.0,3196.31445928577,2,1585.0,11,רמת גן,מרכז,תל אביב,495.88362477769937,0.6257206621800624
86000124.0,8.0,777.635255307739,9,12083.0,10,רמת גן,מרכז,תל אביב,15538.132971116785,11.573549345365478
86000125.0,9.0,2845.39502169831,6,16246.0,11,רמת גן,מרכז,תל אביב,5709.576307019533,2.1086703091294594
86000131.0,9.0,2641.40072043339,1,1307.0,12,רמת גן,מרכז,תל אביב,494.8132215946216,0.3785870096362828
86000132.0,8.0,3844.73563070741,2,2581.0,12,רמת גן,מרכז,תל אביב,671.3075352661141,0.520191813456888
86000133.0,7.0,5698.4712372565,5,6279.0,12,רמת גן,מרכז,תל אביב,1101.8744744990577,0.8774283122304966
86000134.0,7.0,3943.52291518996,7,10898.0,12,רמת גן,מרכז,תל אביב,2763.5188724331383,1.77506259011121
86000135.0,7.0,2658.37204960801,2,3786.0,11,רמת גן,מרכז,תל אביב,1424.1798850383882,0.7523401400097138
86000136.0,7.0,4381.92146433974,4,9265.0,11,רמת גן,מרכז,תל אביב,2114.3692499737745,0.9128415542250511
86000137.0,7.0,2228.90080583843,3,4823.0,12,רמת גן,מרכז,תל אביב,2163.8468555292056,1.3459549173932444
86000138.0,7.0,4483.54480020929,5,5055.0,11,רמת גן,מרכז,תל אביב,1127.4561145823802,1.1151890351952327
86000211.0,7.0,2933.57203152241,3,2680.0,11,רמת גן,מרכז,תל אביב,913.5620230907315,1.02264405569858
86000212.0,8.0,3592.99332436947,6,4734.0,12,רמת גן,מרכז,תל אביב,1317.5643739418201,1.6699168237538913
86000213.0,8.0,3547.08190321814,4,4810.0,12,רמת גן,מרכז,תל אביב,1356.044244604575,1.127687521500686
86000214.0,7.0,2581.93166183738,3,2365.0,12,רמת גן,מרכז,תל אביב,915.9808661693993,1.1619207604685828
86000215.0,7.0,6430.04299110748,8,7661.0,12,רמת גן,מרכז,תל אביב,1191.4383792759845,1.2441596441989136
86000216.0,7.0,5638.69687118963,6,5405.0,12,רמת גן,מרכז,תל אביב,958.5548085793224,1.0640756431962877
86000221.0,7.0,4118.87064203114,4,4068.0,12,רמת גן,מרכז,תל אביב,987.6493712834705,0.9711399914291745
86000222.0,8.0,6705.96877339459,4,3770.0,12,רמת גן,מרכז,תל אביב,562.1857374220384,0.5964835410313405
86000223.0,8.0,4599.24663415493,5,3650.0,12,רמת גן,מרכז,תל אביב,793.6082342039165,1.0871345674026254
86000224.0,8.0,4374.64229170332,6,8095.0,12,רמת גן,מרכז,תל אביב,1850.4370095247523,1.371540711198087
86000225.0,7.0,3396.29375571303,4,5310.0,12,רמת גן,מרכז,תל אביב,1563.4689994255812,1.1777544251793455
86000311.0,7.0,3442.74331374967,2,1323.0,12,רמת גן,מרכז,תל אביב,384.28656435586896,0.5809320700768993
86000312.0,9.0,4653.89779079444,4,4225.0,12,רמת גן,מרכז,תל אביב,907.8411666790762,0.8594945956724982
86000313.0,7.0,4022.2496732218,2,2138.0,12,רמת גן,מרכז,תל אביב,531.5433336308716,0.49723417551999227
86000314.0,7.0,2481.15598766325,4,5542.0,12,רמת גן,מרכז,תל אביב,2233.6362677541483,1.612151763084914
86000321.0,7.0,5192.88700101049,4,3660.0,12,רמת גן,מרכז,תל אביב,704.8102528107768,0.7702844293013954
86000322.0,5.0,3137.28832385391,6,11370.0,12,רמת גן,מרכז,תל אביב,3624.148891113985,1.9124796259176702
86000323.0,4.0,887.540283609968,14,13019.0,11,רמת גן,מרכז,תל אביב,14668.62996578219,15.773931908821773
86000324.0,8.0,5840.52176110205,3,1691.0,12,רמת גן,מרכז,תל אביב,289.5289272376454,0.5136527390378097
86000325.0,7.0,6153.75116425898,6,5866.0,12,רמת גן,מרכז,תל אביב,953.2397140251235,0.9750150501450291
86000412.0,7.0,6467.67595335147,11,13122.0,12,רמת גן,מרכז,תל אביב,2028.8586030968884,1.7007654804195835
86000414.0,9.0,4556.64936784575,31,29300.0,12,רמת גן,מרכז,תל אביב,6430.16340180947,6.803244554815481
86000416.0,9.0,3202.78099967193,28,16426.0,12,רמת גן,מרכז,תל אביב,5128.667867607108,8.742402306891455
86000417.0,9.0,500.503586021327,2,2849.0,12,רמת גן,מרכז,תל אביב,5692.266907911027,3.9959753653289067
86000418.0,9.0,7362.72162399856,18,22955.0,12,רמת גן,מרכז,תל אביב,3117.7329759662375,2.4447481405964835
87000011.0,9.0,337.273413632939,27,12425.0,33,רעננה,מרכז,תל אביב,36839.547671914515,80.05374544399935
87000012.0,8.0,2507.94418567434,13,2213.0,33,רעננה,מרכז,תל אביב,882.3960328307566,5.183528435065447
87000013.0,9.0,3786.74839368541,13,2609.0,33,רעננה,מרכז,תל אביב,688.9816086937902,3.4330244971327226
87000014.0,8.0,2566.39667931657,7,2686.0,33,רעננה,מרכז,תל אביב,1046.6035985969559,2.7275596389347325
87000015.0,7.0,2071.4943589637,7,2638.0,33,רעננה,מרכז,תל אביב,1273.4767963933552,3.3792030230301315
87000016.0,8.0,3027.74879498175,4,24.0,33,רעננה,מרכז,תל אביב,7.926681381156214,1.3211135635260356
87000017.0,7.0,3348.32617440623,3,1692.0,33,רעננה,מרכז,תל אביב,505.3271132702739,0.8959700589898474
87000018.0,7.0,2798.89214811143,2,1336.0,33,רעננה,מרכז,תל אביב,477.3317188736531,0.7145684414276243
87000019.0,8.0,2354.40820452018,4,2015.0,33,רעננה,מרכז,תל אביב,855.8413940842727,1.698940732673494
87000021.0,7.0,2705.4991286577,5,1819.0,33,רעננה,מרכז,תל אביב,672.3343507053629,1.8480878249185346
87000022.0,7.0,3584.81300595572,6,797.0,33,רעננה,מרכז,תל אביב,222.3267988248993,1.6737274691962307
87000023.0,7.0,3043.75732725861,11,2117.0,33,רעננה,מרכז,תל אביב,695.5219396241082,3.6139543390955082
87000024.0,9.0,2886.51806392244,7,2168.0,33,רעננה,מרכז,תל אביב,751.077925718553,2.4250671033348117
87000025.0,9.0,3275.73406395904,6,4072.0,33,רעננה,מרכז,תל אביב,1243.080152568489,1.8316505195017028
87000026.0,8.0,8957.44482724741,22,7410.0,33,רעננה,מרכז,תל אביב,827.2448385570539,2.45605755037182
87000027.0,9.0,4286.26637541151,8,3244.0,33,רעננה,מרכז,תל אביב,756.835837037439,1.866426231904905
87000028.0,9.0,2515.5168678023,20,8379.0,33,רעננה,מרכז,תל אביב,3330.925785967945,7.9506523116551975
87000031.0,9.0,6743.01710224915,22,7421.0,33,רעננה,מרכז,תל אביב,1100.5459258771132,3.2626344656106308
87000032.0,8.0,3666.98996055082,5,2897.0,33,רעננה,מרכז,תל אביב,790.0212520802322,1.3635161409738215
87000033.0,8.0,3791.53877787335,6,876.0,33,רעננה,מרכז,תל אביב,231.04075978654313,1.5824709574420763
87000034.0,7.0,3666.32424881395,4,3292.0,33,רעננה,מרכז,תל אביב,897.9020339144736,1.0910109768098097
87000035.0,8.0,3436.0589554344,3,1694.0,33,רעננה,מרכז,תל אביב,493.0066747896757,0.8730932847514917
87000036.0,8.0,2413.5452761872,27,6683.0,33,רעננה,מרכז,תל אביב,2768.955720837967,11.186862855398044
90000111.0,2.0,2115.26007699366,9,5700.0,25,באר שבע,דרום,באר שבע,2694.7040990350447,4.254795945844808
90000112.0,2.0,2271.69112613199,8,5137.0,25,באר שבע,דרום,באר שבע,2261.310941838635,3.521605515808659
90000113.0,2.0,1680.37706262666,7,4670.0,25,באר שבע,דרום,באר שבע,2779.138149327121,4.165731701346862
90000121.0,2.0,2997.90144694267,8,3445.0,25,באר שבע,דרום,באר שבע,1149.1371751107067,2.6685333529421347
90000122.0,2.0,1014.61596285088,7,2818.0,25,באר שבע,דרום,באר שבע,2777.4055437507113,6.899162103000347
90000123.0,3.0,1225.87659297814,3,1233.0,25,באר שבע,דרום,באר שבע,1005.8108679639233,2.4472283892066256
90000131.0,3.0,2259.27994218572,9,7061.0,25,באר שבע,דרום,באר שבע,3125.3320441418605,3.983570088836814
90000132.0,2.0,2492.08458071891,4,992.0,25,באר שבע,דרום,באר שבע,398.0603257509946,1.6050819586733653
90000133.0,2.0,1013.54754756979,4,2174.0,25,באר שבע,דרום,באר שבע,2144.9413056276026,3.946534140989149
90000211.0,5.0,3316.75270468559,9,2766.0,25,באר שבע,דרום,באר שבע,833.948215702805,2.7134974480568492
90000212.0,3.0,4458.52928271873,9,4250.0,25,באר שבע,דרום,באר שבע,953.2291324121184,2.0186028686374273
90000213.0,4.0,3887.46250781921,14,5954.0,25,באר שבע,דרום,באר שבע,1531.5903338036505,3.601320905819803
90000214.0,5.0,5032.97384089575,10,3042.0,25,באר שבע,דרום,באר שבע,604.414029590624,1.9868968757088228
90000215.0,3.0,1630.13773038624,9,5797.0,25,באר שבע,דרום,באר שבע,3556.1412339229005,5.52100588326826
90000216.0,2.0,3175.06452680812,8,4797.0,25,באר שבע,דרום,באר שבע,1510.835436413132,2.519633831833449
90000221.0,3.0,2749.14998237242,5,2309.0,25,באר שבע,דרום,באר שבע,839.8959732300287,1.818743987072388
90000222.0,2.0,2902.21280058517,6,6356.0,25,באר שבע,דרום,באר שבע,2190.0530514917605,2.0673880284692516
90000223.0,5.0,2246.68214318975,8,5166.0,25,באר שבע,דרום,באר שבע,2299.390688468961,3.560806331349533
90000224.0,5.0,2004.54970914201,5,2141.0,25,באר שבע,דרום,באר שבע,1068.0702954063402,2.494325771616862
90000225.0,4.0,3246.63101052056,8,4405.0,25,באר שבע,דרום,באר שבע,1356.7910815013468,2.464092770036498
90000226.0,5.0,1288.30930714298,10,6404.0,25,באר שבע,דרום,באר שבע,4970.8559617579995,7.762111120796376
90000234.0,7.0,2965.84999040706,20,7204.0,25,באר שבע,דרום,באר שבע,2428.9832672930497,6.743429392818016
90000311.0,6.0,3434.96288789559,11,4899.0,25,באר שבע,דרום,באר שבע,1426.2162823544636,3.2023635651967948
90000312.0,6.0,4734.64267042318,14,4961.0,25,באר שבע,דרום,באר שבע,1047.8087461575192,2.9569285317890075
90000313.0,6.0,3044.22629211575,9,2300.0,25,באר שבע,דרום,באר שבע,755.5285906165309,2.9564162241516425
90000314.0,7.0,2122.47110013518,27,5399.0,25,באר שבע,דרום,באר שבע,2543.733104142684,12.721021265392197
90000411.0,7.0,9278.39163431944,44,14759.0,25,באר שבע,דרום,באר שבע,1590.6851727845349,4.742201206214482
90000412.0,5.0,2501.51597539239,3,1106.0,25,באר שבע,דרום,באר שבע,442.1318955704498,1.1992727727950718
90000413.0,5.0,6616.44363136689,11,6049.0,25,באר שבע,דרום,באר שבע,914.2373663282215,1.662524554407412
90000414.0,6.0,6610.76004266655,11,4655.0,25,באר שבע,דרום,באר שבע,704.1550396559751,1.66395390681326
90000415.0,6.0,7558.55642261242,12,5706.0,25,באר שבע,דרום,באר שבע,754.9060536122674,1.5876047394579758
90000421.0,8.0,5134.48561068834,26,10593.0,25,באר שבע,דרום,באר שבע,2063.108323441164,5.06379839606063
90000422.0,6.0,5717.07079904249,7,4636.0,25,באר שבע,דרום,באר שבע,810.9047732584403,1.2244032383108459
90000423.0,5.0,4714.63764481673,13,6606.0,25,באר שבע,דרום,באר שבע,1401.1681273666136,2.7573699145876445
90000431.0,4.0,3305.69025808685,4,3260.0,25,באר שבע,דרום,באר שבע,986.1783002883964,1.210034724280241
90000432.0,3.0,3150.37813697777,8,4639.0,25,באר שבע,דרום,באר שבע,1472.5216460682716,2.539377703933212
90000433.0,2.0,1486.42674572142,4,1090.0,25,באר שבע,דרום,באר שבע,733.3021981321932,2.6910172408520854
90000434.0,3.0,3391.22738401815,10,3035.0,25,באר שבע,דרום,באר שבע,894.9562079803483,2.9487848697869796
90000511.0,3.0,2164.57881398487,8,2640.0,25,באר שבע,דרום,באר שבע,1219.636810146869,3.695869121657179
90000512.0,5.0,3416.37924058316,10,4862.0,25,באר שבע,דרום,באר שבע,1423.1441118258522,2.9270755076632087
90000513.0,7.0,3403.98738953466,8,4102.0,25,באר שבע,דרום,באר שבע,1205.057343223813,2.350184969719772
90000521.0,4.0,2113.14207429813,8,8098.0,25,באר שבע,דרום,באר שבע,3832.208017858767,3.7858315809916196
90000522.0,4.0,2863.91510225315,10,6976.0,25,באר שבע,דרום,באר שבע,2435.82639531169,3.4917236171325827
90000523.0,4.0,2895.41912464653,8,4338.0,25,באר שבע,דרום,באר שבע,1498.2286892677685,2.762985134657019
90000611.0,7.0,4508.46807690073,14,11312.0,25,באר שבע,דרום,באר שבע,2509.056248608561,3.105267634416536
90000612.0,5.0,4673.75019605419,12,2972.0,25,באר שבע,דרום,באר שבע,635.8919230448192,2.5675313178121906
90000613.0,7.0,5351.08151051037,19,4052.0,25,באר שבע,דרום,באר שבע,757.2301023711246,3.5506840930531514
90000614.0,4.0,2207.68815715396,14,6745.0,25,באר שבע,דרום,באר שבע,3055.2322247791158,6.341475336828409
90000621.0,6.0,328.748544415714,113,52533.0,25,באר שבע,דרום,באר שבע,159796.90524065163,343.727757641742
90000624.0,6.0,1593.79505879285,83,47136.0,25,באר שבע,דרום,באר שבע,29574.693270602234,52.07695904319386
90000631.0,2.0,4041.97048301533,12,3767.0,25,באר שבע,דרום,באר שבע,931.9711798562663,2.968848993436474
90000632.0,2.0,3845.99297231388,9,3496.0,25,באר שבע,דרום,באר שבע,908.9980208405549,2.3400978797382708
90000633.0,2.0,2981.70507643238,11,11389.0,25,באר שבע,דרום,באר שבע,3819.62659218697,3.6891643264603275
90000634.0,8.0,568.782056458463,14,22765.0,25,באר שבע,דרום,באר שבע,40024.11774686933,24.613997296559216
90000641.0,7.0,2745.21088529506,12,2752.0,25,באר שבע,דרום,באר שבע,1002.4730758359244,4.3712488771915305
90000642.0,7.0,5026.14048151815,23,6405.0,25,באר שבע,דרום,באר שבע,1274.3376400942466,4.576075834842728
90000643.0,8.0,4950.32035688899,28,10172.0,25,באר שבע,דרום,באר שבע,2054.816510176839,5.656199595453352
90000644.0,8.0,1129.08120432161,17,5023.0,25,באר שבע,דרום,באר שבע,4448.749993157479,15.05649012217343
90000645.0,7.0,11275.8048550344,21,6136.0,25,באר שבע,דרום,באר שבע,544.1740149715708,1.8623947709261712
90000646.0,7.0,7894.32564507019,19,4543.0,25,באר שבע,דרום,באר שבע,575.47664034318,2.4067920243276295
91000013.0,5.0,5988.27973664634,19,5412.0,27,נהרייה,צפון,פריפריה,903.7653947393783,3.172864467858128
91000014.0,3.0,3054.05991683356,23,5679.0,27,נהרייה,צפון,פריפריה,1859.492005608053,7.530958994362603
91000021.0,3.0,5138.56866342638,27,6937.0,27,נהרייה,צפון,פריפריה,1349.98682597625,5.2543814763382946
91000022.0,3.0,1723.86107343616,5,2632.0,27,נהרייה,צפון,פריפריה,1526.8051704153008,2.900465749269189
91000023.0,6.0,7071.32991469862,15,4941.0,27,נהרייה,צפון,פריפריה,698.7370211266102,2.121241715624196
91000024.0,5.0,4330.2347244247,14,4187.0,27,נהרייה,צפון,חיפה,966.9221800802658,3.233081089353647
91000031.0,7.0,4370.89533269201,5,1105.0,27,נהרייה,צפון,פריפריה,252.80861605977572,1.1439303894107498
91000032.0,7.0,4491.5481620668,6,1630.0,27,נהרייה,צפון,פריפריה,362.9038231775189,1.3358422939049777
91000033.0,7.0,4278.80749433704,8,2828.0,27,נהרייה,צפון,פריפריה,660.9318142362866,1.8696798139640358
91000034.0,6.0,3401.31485459584,17,5176.0,27,נהרייה,צפון,פריפריה,1521.7644414795102,4.998067137780462
91000041.0,7.0,6181.28650463474,6,1482.0,27,נהרייה,צפון,פריפריה,239.75591470946924,0.9706717194715355
91000042.0,7.0,7110.42035152633,20,7477.0,27,נהרייה,צפון,חיפה,1051.5552710459629,2.812773227353117
91000043.0,6.0,3474.22021660946,11,2557.0,27,נהרייה,צפון,חיפה,735.9924934451657,3.1661781102451396
92000001.0,6.0,4340.00369490498,62,17146.0,23,בית שאן,מרכז,פריפריה,3950.687880779649,14.285702123430433
92000002.0,3.0,2048.12308348437,11,3185.0,23,בית שאן,צפון,פריפריה,1555.0823218014407,5.370770970114865
92000003.0,3.0,4959.25362722006,16,4021.0,23,בית שאן,מרכז,פריפריה,810.8074928714619,3.22629193880711
92000004.0,4.0,7471.29397637048,20,6477.0,23,בית שאן,מרכז,פריפריה,866.9181028727901,2.6769124683427203
93000001.0,9.0,2456.10160464879,63,13503.0,62,זכרון יעקב,צפון,חיפה,5497.736728172066,25.650404641549297
93000002.0,7.0,6777.87385286576,40,12333.0,62,זכרון יעקב,צפון,פריפריה,1819.597158006337,5.901555689633786
93000003.0,9.0,5823.18462842118,12,3957.0,62,זכרון יעקב,צפון,פריפריה,679.525079917112,2.0607280664658436
93000004.0,7.0,8724.39292429094,35,7958.0,62,זכרון יעקב,צפון,פריפריה,912.1551572766621,4.01174045045026
94000001.0,7.0,3556.85904158067,8,1616.0,57,יהוד,מרכז,תל אביב,454.3334388876566,2.249175440037904
94000003.0,5.0,2427.27943303512,9,2220.0,57,יהוד,מרכז,תל אביב,914.6042148200739,3.7078549249462456
94000004.0,7.0,8793.27788755028,13,6044.0,57,יהוד,מרכז,תל אביב,687.343227098194,1.478402043725434
94000005.0,7.0,3396.97668470696,5,2757.0,57,יהוד,מרכז,תל אביב,811.6040396779563,1.4718970614398919
94000006.0,8.0,3393.05667938905,9,4619.0,57,יהוד,מרכז,תל אביב,1361.30941403304,2.6524755848229833
94000007.0,9.0,5495.30654458288,10,4006.0,57,יהוד,מרכז,תל אביב,728.9857203596773,1.8197346988509169
94000008.0,9.0,3545.14392345541,11,3696.0,57,יהוד,מרכז,תל אביב,1042.5528779089884,3.1028359461577035
95000002.0,3.0,4906.1993587632,15,11515.0,21,קריית ביאליק,צפון,חיפה,2347.030594961964,3.0573563981267444
95000003.0,7.0,6258.64024018816,22,9406.0,21,קריית ביאליק,צפון,חיפה,1502.8823576728255,3.515140534637695
95000004.0,8.0,2547.53920797858,10,12291.0,21,קריית ביאליק,צפון,חיפה,4824.655872422334,3.9253566613150555
95000005.0,5.0,4616.76191855309,6,8342.0,21,קריית ביאליק,צפון,חיפה,1806.8941277817535,1.2996121753405083
95000006.0,6.0,2033.67383867103,2,2304.0,21,קריית ביאליק,צפון,חיפה,1132.925032612714,0.9834418685874253
95000007.0,7.0,3245.19826634369,2,449.0,21,קריית ביאליק,צפון,חיפה,138.35826447235246,0.6162951646875388
95000008.0,8.0,4726.22503828044,4,3360.0,21,קריית ביאליק,צפון,חיפה,710.9267909981878,0.8463414178549854
95000009.0,7.0,4618.87101183494,1,1152.0,21,קריית ביאליק,צפון,חיפה,249.41159799618322,0.21650312326057572
95000010.0,7.0,4341.76999504156,7,7871.0,21,קריית ביאליק,צפון,חיפה,1812.8551279752114,1.6122456988726312
95000011.0,5.0,5897.32925096029,17,9824.0,21,קריית ביאליק,צפון,חיפה,1665.8388199031472,2.882660824343801
96000011.0,7.0,4733.45001501946,9,7101.0,21,קריית ים,צפון,חיפה,1500.1742867186074,1.901361580124978
96000012.0,5.0,3943.10705927594,19,14068.0,21,קריית ים,צפון,חיפה,3567.7448744146604,4.81853515879148
96000013.0,3.0,3120.34531165726,4,3931.0,21,קריית ים,צפון,חיפה,1259.796467177599,1.2819094044035602
96000014.0,6.0,4368.65677497879,6,3972.0,21,קריית ים,צפון,חיפה,909.2039509144739,1.3734198654297192
96000021.0,3.0,1273.34245518124,10,6541.0,21,קריית ים,צפון,חיפה,5136.874195456707,7.853346881909046
96000022.0,3.0,2036.37096775238,4,3220.0,21,קריית ים,צפון,חיפה,1581.244307148042,1.964278642419928
96000023.0,5.0,1783.17708717599,4,4115.0,21,קריית ים,צפון,חיפה,2307.678822027098,2.243187190305806
96000024.0,3.0,1630.03303798608,5,4239.0,21,קריית ים,צפון,חיפה,2600.5607869379883,3.067422489900906
96000025.0,2.0,1989.09196602844,10,9471.0,21,קריית ים,צפון,חיפה,4761.469133531548,5.027419632067942
96000031.0,3.0,3468.36446670588,15,12416.0,21,קריית ים,צפון,חיפה,3579.7852616660675,4.324805003623632
96000032.0,3.0,3095.37896321049,4,2136.0,21,קריית ים,צפון,חיפה,690.06090219873,1.2922488805219663
96000033.0,5.0,2765.24919722717,6,2085.0,21,קריית ים,צפון,חיפה,754.0007613385137,2.169786363564068
96000034.0,6.0,4988.36605965156,10,4757.0,21,קריית ים,צפון,חיפה,953.6188690074358,2.0046644292777716
97000011.0,7.0,3856.91841770876,12,1566.0,32,הוד השרון,מרכז,תל אביב,406.02362570331405,3.1112921509832496
97000012.0,9.0,6756.74604790508,10,2663.0,32,הוד השרון,מרכז,תל אביב,394.1246246520779,1.4800023456705889
97000013.0,9.0,13192.2864206418,11,6275.0,32,הוד השרון,מרכז,תל אביב,475.6567436393428,0.8338205864594057
97000014.0,8.0,3601.98768242413,3,955.0,32,הוד השרון,מרכז,תל אביב,265.1313897212683,0.8328734755641937
97000015.0,8.0,3048.18997859496,7,3032.0,32,הוד השרון,מרכז,תל אביב,994.6886582828992,2.296444791550229
97000021.0,8.0,7333.76055852025,11,1801.0,32,הוד השרון,מרכז,תל אביב,245.5766022941158,1.4999126181206406
97000022.0,9.0,5351.80003386574,12,1406.0,32,הוד השרון,מרכז,תל אביב,262.71534644473826,2.2422362427715927
97000023.0,8.0,6512.16530474674,6,3588.0,32,הוד השרון,מרכז,תל אביב,550.9688148402337,0.9213525331776482
97000024.0,9.0,5059.30804301055,19,2769.0,32,הוד השרון,מרכז,תל אביב,547.3080461715277,3.755454271310591
97000031.0,9.0,4875.10941203114,18,6597.0,32,הוד השרון,מרכז,תל אביב,1353.200398686326,3.6922248258835637
97000032.0,9.0,3568.14232520538,15,3464.0,32,הוד השרון,מרכז,תל אביב,970.8132928247513,4.203868184864685
97000033.0,7.0,2121.36722779167,10,6161.0,32,הוד השרון,מרכז,תל אביב,2904.2590642891955,4.713941023030669
98000001.0,8.0,4573.74371852715,27,3041.0,62,בנימינה-גבעת עדה*,צפון,פריפריה,664.8820281909611,5.903260362103239
98000002.0,8.0,4164.15473024849,17,7101.0,62,בנימינה-גבעת עדה*,צפון,פריפריה,1705.2680459777869,4.082461171894434
98000003.0,8.0,5136.42750470311,18,2769.0,62,בנימינה-גבעת עדה*,צפון,פריפריה,539.0906417864552,3.504381203378907
98000004.0,9.0,1973.33481355797,14,5759.0,62,בנימינה-גבעת עדה*,צפון,פריפריה,2918.4099730224616,7.0945892728450195
